pool_id,ticker,survives_to_285,sigma_ada_228,declared_pledge_ada_228,effective_pledge_ada_228,fixed_cost_ada_228,margin_228,z0_k150_ada,z0_k500_ada,f_ada_k150,member_return_per_ada_epoch_k150,member_apr_simple_k150,fixed_cost_ada_285,margin_285,f_ada_k500_feeadjusted,member_return_per_ada_epoch_k500_feeadjusted,member_apr_simple_k500_feeadjusted,delta_member_return_epoch,delta_member_apr_simple,cost_changed,margin_changed,cohort_status
pool103gv6hc8ux9tvu7597f4806fayzeyvrn2pp338ndztgl6jg29mf,KIBC2,False,1024684.657505,17000.0,17000.0,500.0,0.03,213580000.0,64070000.0,730.669572440307,0.0002183593592704,0.015940233226746,,,,,,,,,,Exited by epoch 285
pool106p2jjwuwagq2as7cdzx4y6cyc2pdj7a3h3vv5cvkvnskegff3w,VOLT,True,22133533.507169,1000.0,1000.0,340.0,0.0,213580000.0,64070000.0,15782.360234292672,0.0006976906886237,0.0509314202695307,340.0,0.01,15782.411963607035,0.0006907160955126,0.050422274972426,-6.974593111023488e-06,-0.0005091452971047,False,True,Survives to epoch 285
pool108zdflss3ayqlm5c7vr6mtqj2uwl99vk28ur8dv4zswdzt6yauc,AZUR,True,17645327.936427,500000.0,500000.0,340.0,0.02,213580000.0,64070000.0,12590.625432453837,0.0006803848002745,0.0496680904200418,340.0,0.02,12610.87069813482,0.0006815091976469,0.0497501714282291,1.1243973724289324e-06,8.208100818731206e-05,False,False,Survives to epoch 285
pool10akpqvczl93ep4rc59c0aqyn3dm0env2ydysuwmdm670wl24pd8,,True,11077384.870745,1000000.0,1000000.0,340.0,0.05,213580000.0,64070000.0,7908.885444452752,0.000649109989057,0.0473850292011652,340.0,0.025,7932.963668170974,0.0006683111278383,0.0487867123321971,1.9201138781258236e-05,0.0014016831310318,False,True,Survives to epoch 285
pool10capak8jppvj8h46e35xdth6h22pahtr3lcgscrpa06jzv0xn8w,SWAG,True,36642001.490819,100000.0,100000.0,340.0,0.025,213580000.0,64070000.0,26131.2772385044,0.0006862751564988,0.0500980864244138,340.0,0.025,26139.835229172422,0.0006865028744334,0.050114709833644,2.2771793466061074e-07,1.6623409230224584e-05,False,False,Survives to epoch 285
pool10cz0gm5zu74clhrxp9mm7ulslves04wyfxaqzr4sjr2zv7qjpnv,,True,342279.771204,100000.0,100000.0,340.0,0.0,213580000.0,64070000.0,244.0872131294415,0.0,0.0,340.0,0.01,244.14400119082077,0.0,0.0,0.0,0.0,False,True,Survives to epoch 285
pool10efuydxjnasr0309lqklmj9xahupdnzqd59r5dqjeh4twz06tr0,F4ADA,True,19818306.088752,300000.0,300000.0,340.0,0.03,213580000.0,64070000.0,14137.335903623956,0.0006753057383703,0.0492973189010391,340.0,0.01,14151.1059715397,0.0006899174354555,0.0503639727882529,1.4611697085121708e-05,0.0010666538872138,False,True,Survives to epoch 285
pool10eltx2wej46e62ulmwzm35xfu0azu47yvpjper7gwhncqe74vg6,CHIL,True,135339.694205,35000.0,35000.0,340.0,0.029,213580000.0,64070000.0,96.50762165380856,0.0,0.0,340.0,0.029,96.51583752065515,0.0,0.0,0.0,0.0,False,False,Survives to epoch 285
pool10j307gzqx5cuqxzgnycg9rwyyutjy2eqyhnkmu2umj6cctcvrqq,,False,521761.404149,108146.0,108146.0,340.0,0.0,213580000.0,64070000.0,372.0873175236687,6.149806648884565e-05,0.0044893588536857,,,,,,,,,,Exited by epoch 285
pool10jd7mphm0mmrnfvyytzs3tfrmjmtkvalfx8nql7tae06v0rkjk3,DOS,False,5503.59544,1000.0,1000.0,340.0,0.0,213580000.0,64070000.0,3.9243487094813942,0.0,0.0,,,,,,,,,,Exited by epoch 285
pool10jn0wjlh9y3w2ygq84u2llvlnxfz3lc4g0ssqlmpp3w3y2d2lw5,EARN,True,8071148.443623,100000.0,100000.0,340.0,0.05,213580000.0,64070000.0,5755.939164764739,0.0006374733710407,0.0465355560859733,340.0,0.05,5757.806012942058,0.0006376931050452,0.046551596668302,2.1973400450288165e-07,1.604058232871036e-05,False,False,Survives to epoch 285
pool10ljdn3zwsh7vjkxf6t250423l5qy487x83st7m8a53jxznrkw5g,,True,4919741.218816,1200000.0,1200000.0,340.0,0.005,213580000.0,64070000.0,3512.5302850132625,0.0006416328609958,0.0468391988526981,340.0,0.005,3523.298798853876,0.0006438107542619,0.0469981850611234,2.1778932660993433e-06,0.0001589862084252,False,False,Survives to epoch 285
pool10mf43thtl3keag50mrlvqa78xkwg7harmu4w5yzr3k7jvw0ap43,JORGE,True,1030494.919572,200000.0,200000.0,340.0,0.0,213580000.0,64070000.0,734.9619797006222,0.0003832740678281,0.0279790069514563,340.0,0.0,735.3521417740911,0.0003836526840309,0.0280066459342618,3.7861620281537866e-07,2.763898280552264e-05,False,False,Survives to epoch 285
pool10mrxnxzfz5rwgnv4cza7a6fmz49qrxauzyffw490hr2jghzmtsp,,True,272093.587525,500.0,500.0,340.0,0.0199,213580000.0,64070000.0,194.01673904238672,0.0,0.0,340.0,0.0199,194.01705643053813,0.0,0.0,0.0,0.0,False,False,Survives to epoch 285
pool10p3g22454ly7eaurlur5wc9d9ual2fnfwy7a6e7k09z3yf929k9,OUROS,True,2333969.45978,2500.0,2500.0,340.0,0.029,213580000.0,64070000.0,1664.2450810372327,0.0005509249353281,0.0402175202789543,340.0,0.029,1664.258704533338,0.0005509306031035,0.0402179340265594,5.667775412735755e-09,4.137476051297102e-07,False,False,Survives to epoch 285
pool10qmnswfc22zm0fscg80gkwqz65ujwjkqmctv8g9l9l58wqtelgg,WAAUS,True,2803264.796837,30000.0,30000.0,340.0,0.008,213580000.0,64070000.0,1998.954090076409,0.0005870592243774,0.0428553233795553,340.0,0.008,1999.1486603573485,0.0005871280775656,0.0428603496622955,6.885318822155619e-08,5.026282740173602e-06,False,False,Survives to epoch 285
pool10r8gk6z4epj36rluw3klk5k0uzfcdc0rw9cu0zuyxw56quaksrv,SIMPL,True,2506609.846492,0.0,0.0,340.0,0.04,213580000.0,64070000.0,1787.3406424856526,0.0005543132365536,0.0404648662684163,340.0,1.0,1787.3406424856526,0.0,0.0,-0.0005543132365536,-0.0404648662684163,False,True,Survives to epoch 285
pool10s3paykwusv3zpfn9wkrzfvw6pch5tlcklwftj00a79yc3h0tgx,GOD,False,185195.927683,100000.0,100000.0,340.0,0.025,213580000.0,64070000.0,132.0626819621121,0.0,0.0,,,,,,,,,,Exited by epoch 285
pool10tqeu6d03p6rnalqlvdshmpsljxaq2c0ww6draq6xm8lgyl2a3p,CASP,True,5847087.284221,100000.0,100000.0,340.0,0.03,213580000.0,64070000.0,4169.847284881701,0.0006353508483378,0.0463806119286628,340.0,0.02,4171.193269712691,0.0006421264506262,0.0468752308957128,6.775602288356438e-06,0.00049461896705,False,True,Survives to epoch 285
pool10v6uh7yan2dg8utwpgurj6th3u3s3q3m2lcg8z9mxtncvx72dhc,,False,618275.240075,100025.042945,100025.042945,340.0,0.03,213580000.0,64070000.0,440.9137228566642,0.00015832157723,0.0115574751377939,,,,,,,,,,Exited by epoch 285
pool10y2jjrllhxhsmjvyznls8r7wyztjawz3gre3qqr938tvw5tg0vu,,False,82158.66126,1.0,1.0,340.0,0.01,213580000.0,64070000.0,58.58331515532034,0.0,0.0,,,,,,,,,,Exited by epoch 285
pool10zfvfwgsmqu8l53y2p48hjrw5etpxzd5c0jrz727g784y89xkpr,ORCA,False,155969.506533,125000.0,125000.0,340.0,0.03,213580000.0,64070000.0,111.21810035317014,0.0,0.0,,,,,,,,,,Exited by epoch 285
pool10zyf32q3w3n9x940j6yqgkwuegzn77p94wcmpku6gvmrqw8a97d,XSP,True,15115542.914917,20000.0,20000.0,340.0,0.0,213580000.0,64070000.0,10778.4553127535,0.0006905775976099,0.0504121646255264,340.0,0.037,10779.161227000292,0.0006650711997701,0.0485501975832221,-2.5506397839785217e-05,-0.0018619670423043,False,True,Survives to epoch 285
pool122j50n88wmlsz4jgh9cgpan0lzckm4ppdmtr732ljez4cpmaf9e,,False,24964.382521,50.0,50.0,340.0,0.0049,213580000.0,64070000.0,17.800879017618886,0.0,0.0,,,,,,,,,,Exited by epoch 285
pool122y8c6dqkf864l0uxxnz8uz60dcrxvdm5w6j302z7ft0265f3xu,,True,1000996.418357,1000000.0,1000000.0,340.0,0.015,213580000.0,64070000.0,713.767183141711,0.0003677941985035,0.0268489764907626,340.0,0.015,713.8169811495421,0.0003678432007146,0.0268525536521664,4.9002211011063477e-08,3.5771614038076333e-06,False,False,Survives to epoch 285
pool124lm97s6f4satl7xz0ulzgg6tv30tskry3zcntwrz68n60v5yne,SHARP,True,529129.196595,100000.0,100000.0,340.0,0.04,213580000.0,64070000.0,377.3391046615796,6.774440100033433e-05,0.0049453412730244,340.0,0.025,377.4396518689506,6.898818059394867e-05,0.0050361371833582,1.2437795936143429e-06,9.0795910333847e-05,False,True,Survives to epoch 285
pool12584mjtgz3fhgpx823qht56gycnfnezg6aqqthazv4qdxkd5c46,DOLCA,True,1107444.528489,50000.0,50000.0,340.0,0.02,213580000.0,64070000.0,789.7173899969256,0.000397963989039,0.0290513711998529,340.0,0.02,789.8410945140474,0.0003980734576613,0.029059362409279,1.0946862227475577e-07,7.99120942605717e-06,False,False,Survives to epoch 285
pool126mkma8nv5axltmz7mmg8qz9e70nmhnf58hwx5772fhwgkhk6ag,NAP,True,58135217.738303,20000.0,20000.0,340.0,0.03,213580000.0,64070000.0,41454.53902988828,0.0006860059084756,0.0500784313187191,340.0,0.03,41457.2566760218,0.0006860512530507,0.0500817414727049,4.5344575148745583e-08,3.3101539858584276e-06,False,False,Survives to epoch 285
pool12cc8t9yr58xureweksj73v87xkm6svcs8j3xnt93zd5zw5q6ugr,,False,972517.853621,900000.0,900000.0,340.0,0.0,213580000.0,64070000.0,693.5238847419427,0.00036351403054,0.0265365242294247,,,,,,,,,,Exited by epoch 285
pool12crd62rxj8yryvshmgwkxza7um3uhaypwdjeel98lnkf529qdw5,0PCT1,True,673230.841156,1.0,1.0,340.0,0.0,213580000.0,64070000.0,480.0479211182798,0.000208023626603,0.0151857247420212,340.0,0.0,480.047922691756,0.0002080236289402,0.0151857249126369,2.337201504380715e-12,1.7061570981979218e-10,False,False,Survives to epoch 285
pool12ehtdu5hfffpeqg968gtpqcnjv7hwfj3tshxcw8lg37tqcquhaq,,True,974915.730964,10000.0,10000.0,340.0,0.03,213580000.0,64070000.0,695.174295743899,0.0003533834319515,0.0257969905324608,340.0,0.03,695.19685242444,0.0003534058748965,0.0257986288674455,2.2442944994831643e-08,1.6383349846227095e-06,False,False,Survives to epoch 285
pool12f2r9xf4wvht030xwjhpjvy5yptr275qr2qcydnx57jkxyfzz2w,FREE1,True,528950.144002,300000.0,300000.0,340.0,0.0,213580000.0,64070000.0,377.2374420451037,7.039877475666763e-05,0.0051391105572367,340.0,0.0,377.400230606403,7.070653261087227e-05,0.0051615768805936,3.077578542046394e-07,2.2466323356938676e-05,False,False,Survives to epoch 285
pool12f3wfgks8s7ga6kltjl98ayljysu3gtgcdx7wsrw4702sfkl3v5,SIMON,False,107708.212328,400.0,400.0,340.0,0.02,213580000.0,64070000.0,76.80149084779487,0.0,0.0,,,,,,,,,,Exited by epoch 285
pool12jz7ey8jtd9ek3x2ysxaxsgfyu62ppaljrc3rzs4z6ydvx9rcs8,,False,1401066.96107,0.0,0.0,340.0,0.02,213580000.0,64070000.0,999.0321891812878,0.000460971219323,0.0336508990105818,,,,,,,,,,Exited by epoch 285
pool12mmcc4rc2fzfv7gyv8h06nvnsrm3m7erzdv8x6gzvjxlu2lf09n,1PCT3,True,35727092.164433,50000.0,50000.0,340.0,0.01,213580000.0,64070000.0,25477.025652710163,0.0006965485822816,0.0508480465065633,340.0,0.01,25481.199121978138,0.0006966642293809,0.0508564887448123,1.1564709930151925e-07,8.442238249010904e-06,False,False,Survives to epoch 285
pool12n6lycv28kjtkzecfz2a3uujyxy6ewuwjcmjq84my67psqmgagv,MANT,True,57761329.141937,100000.0,100000.0,340.0,0.01,213580000.0,64070000.0,41192.55105034249,0.0007001920859621,0.0511140222752367,340.0,0.01,41206.05507571196,0.0007004235381346,0.0511309182838285,2.314521724893978e-07,1.689600859172604e-05,False,False,Survives to epoch 285
pool12rkpcc250wh03m74lvaqhnj8t89umae2v22gqg5rf470yhg6l4v,GOSLO,True,71074.591972,26000.0,26000.0,340.0,0.0,213580000.0,64070000.0,50.68098245473986,0.0,0.0,340.0,0.01,50.68372379562776,0.0,0.0,0.0,0.0,False,True,Survives to epoch 285
pool12t3zmafwjqms7cuun86uwc8se4na07r3e5xswe86u37djr5f0lx,NORTH,True,15300372.422605,10000.0,10000.0,340.0,0.0,213580000.0,64070000.0,10910.09891468372,0.0006908393222551,0.0504312705246254,340.0,0.0,10910.456354567514,0.0006908626837704,0.0504329759152392,2.3361515257328512e-08,1.7053906137849814e-06,False,False,Survives to epoch 285
pool130f7tnlumxe5yuzsqqphy00cal8yugh5x66zgnz48zqyypns0k3,2PCT,False,2671481.874977,400000.0,400000.0,340.0,0.02,213580000.0,64070000.0,1905.8148298558983,0.0005743997545452,0.0419311820818007,,,,,,,,,,Exited by epoch 285
pool130sxcuaxh2yc4chs68c4jsep4v7zfhgdqutm60ngdvt9sa2ga06,,True,3207538.805907,600.0,600.0,340.0,0.02,213580000.0,64070000.0,2287.1406608741995,0.0005949102920103,0.0434284513167567,340.0,0.02,2287.1451580927246,0.0005949116660464,0.043428551621393,1.3740361134041007e-09,1.0030463627849936e-07,False,False,Survives to epoch 285
pool136ahugdvaenv8ed0d3m9af4dxxtzu7u3vpfq4mxk7qq6xuvd0ca,BLOXB,True,402384.878643,50000.0,50000.0,340.0,0.035,213580000.0,64070000.0,286.9385892884811,0.0,0.0,340.0,0.035,286.9798167755876,0.0,0.0,0.0,0.0,False,False,Survives to epoch 285
pool136wr0g23dw9daekuyqtgk366vywms6meespgpm3hdguxqczaaug,DDLT,True,18163097.793791,100.0,100.0,340.0,0.05,213580000.0,64070000.0,12951.2167542234,0.0006596152293254,0.0481519117407586,340.0,0.05,12951.220999296676,0.0006596154513591,0.0481519279492179,2.2203368939439916e-10,1.6208459325791142e-08,False,False,Survives to epoch 285
pool1378u3xd5h393n0dwqszfw4dmen5vlmnm2fsdczd3v92n6dlw6qm,FIRE,False,322596.236241,10000.0,10000.0,340.0,0.0145,213580000.0,64070000.0,230.03069791720696,0.0,0.0,,,,,,,,,,Exited by epoch 285
pool137x32lrkprphrd0aa8x4jqz98z6lc0wawlc88hdjeps4qe408ad,KUBE,True,153854.936037,5000.0,5000.0,340.0,0.03,213580000.0,64070000.0,109.70716052642724,0.0,0.0,340.0,0.03,109.70890023122504,0.0,0.0,0.0,0.0,False,False,Survives to epoch 285
pool13846y7q7tng3endxhet9qdcz5w0fjs09ytcye4dm5g54wmyqeqr,BSP,True,22058261.099579,40000.0,40000.0,340.0,0.01,213580000.0,64070000.0,15729.547280464223,0.0006907004926127,0.0504211359607297,340.0,0.01,15731.607401605366,0.000690792953207,0.0504278855841111,9.246059426545796e-08,6.749623381378431e-06,False,False,Survives to epoch 285
pool13hc7e9axpm0c4us03rwcw996t8zyz5452p0hpa6ehpy2z6gnqae,AZER,False,30469.536878,7000.0,7000.0,340.0,0.025,213580000.0,64070000.0,21.726498107722605,0.0,0.0,,,,,,,,,,Exited by epoch 285
pool13l0j202yexqh6l0awtee9g354244gmfze09utxz0sn7p7r3ev3m,DUCK,False,1316830.736973,1000.0,1000.0,1000.0,0.02999,213580000.0,64070000.0,938.9687837649664,0.0,0.0,,,,,,,,,,Exited by epoch 285
pool13lfrlz8hw64t2zr7hfvd8juxjcpdrspvslrtu0y76yxcs8ufvpd,,False,1158550.76739,1000000.0,1000000.0,340.0,0.01,213580000.0,64070000.0,826.2700088547923,0.0004155254325632,0.0303333565771191,,,,,,,,,,Exited by epoch 285
pool13lvqv30e0zuk9kjextyhdemzpyefhjgd077xhmqy4gw4xuvcm5f,,False,131697.046108,100000.0,100000.0,340.0,0.01,213580000.0,64070000.0,93.90989048413536,0.0,0.0,,,,,,,,,,Exited by epoch 285
pool13n4jzw847sspllczxgnza7vkq80m8px7mpvwnsqthyy2790vmyc,,False,1151156.978693,50000.0,50000.0,340.0,0.01,213580000.0,64070000.0,820.8887856290471,0.0004135664436602,0.0301903503871991,,,,,,,,,,Exited by epoch 285
pool13pclvkwxee4znt7qc55k8ny89zvdkvfrt04dtd99zjm5vs2tws5,CCJ2,True,44283060.20542,100000.0,100000.0,340.0,0.048,213580000.0,64070000.0,31580.507413540065,0.0006716103837387,0.0490275580129317,340.0,0.048,31590.85489969689,0.0006718328346438,0.0490437969290008,2.224509050549649e-07,1.6238916069012438e-05,False,False,Survives to epoch 285
pool13q0r47yq43jljm9lnwza8uz57u420wuuwllrvkalxm6vwn2dq5n,,False,5872960.920544,100000.0,100000.0,340.0,0.03,213580000.0,64070000.0,4188.299099617763,0.0006355993470978,0.0463987523381464,,,,,,,,,,Exited by epoch 285
pool13qzk5az6sx77lk2nt8zruu0t2tsyepu9q73yaz8l8j3uqxqh9wh,,False,106934.472911,75000.0,75000.0,340.0,0.01,213580000.0,64070000.0,76.25213386292144,0.0,0.0,,,,,,,,,,Exited by epoch 285
pool13rx88l4d5gpw69e586tfcdeuzmx6f2ys95pqjnlnmlzrs739h0y,btcs,True,21466851.310907,3000.0,3000.0,340.0,1.0,213580000.0,64070000.0,15307.024157764234,0.0,0.0,340.0,1.0,15307.174663178648,0.0,0.0,0.0,0.0,False,False,Survives to epoch 285
pool13wwxqu7sj9cunca3gc8lunqtz8e5un9phrhq52870ful6jw6usm,,True,2562259.670952,50000.0,50000.0,340.0,0.0279,213580000.0,64070000.0,1827.1476453516264,0.0005642114429054,0.0411874353320991,340.0,0.0,1827.4415323947208,0.000580519433396,0.0423779186379149,1.6307990490627903e-05,0.0011904833058158,False,True,Survives to epoch 285
pool13wzpwavanfpkr4r4j30plrlc6dn6p822lkt22zdllmy7q8y7s90,CARBO,True,664029.722354,50.0,50.0,340.0,0.025,213580000.0,64070000.0,473.4870867878889,0.0001960001265557,0.0143080092385728,340.0,0.0,473.48716438079913,0.000201025887678,0.0146748898004951,5.025761122223217e-06,0.0003668805619222,False,True,Survives to epoch 285
pool13xh3tgwzhr3hn25v5m2dnvqnfcmnzghcfah5t7kzufkywuy7w7v,,True,13395605.481592,100000.0,100000.0,340.0,0.02,213580000.0,64070000.0,9553.082079206632,0.0006740136121528,0.0492029936871589,340.0,0.01,9556.195887027328,0.000681121427523,0.04972186420918,7.1078153701520505e-06,0.000518870522021,False,True,Survives to epoch 285
pool13zh79cqv3y36cgknzagwegp8y0kuzel2j046jmup97hhjwk5myw,,True,1051583.677294,100.0,100.0,340.0,0.025,213580000.0,64070000.0,749.8328916294354,0.0003799859944259,0.0277389775930972,340.0,0.025,749.8331373832095,0.0003799862222822,0.0277389942266046,2.2785626570221915e-10,1.6633507396261998e-08,False,False,Survives to epoch 285
pool140x77a7cz2j689lmxf836qpjtc3y83rka28v6gpswxdw2mag62e,UNDR,True,22174503.279126,250000.0,250000.0,340.0,0.0299,213580000.0,64070000.0,15817.047833258155,0.0006770967499947,0.0494280627496154,340.0,0.0299,15829.924069478386,0.0006776600652852,0.0494691847658247,5.633152905392021e-07,4.112201620936175e-05,False,False,Survives to epoch 285
pool144cfav5vd6vwaej6cspzea3pjfvdcjg86uzv9phxegz87ynw2zz,,False,247531.286546,114509.625174,114509.625174,340.0,0.03,213580000.0,64070000.0,176.51770129965456,0.0,0.0,,,,,,,,,,Exited by epoch 285
pool144m894gswuy3se407ma5870nkaw5ylykrak73gf4kpepj50ulfa,CLUB,True,3579246.256395,0.0,0.0,369.0,0.03,213580000.0,64070000.0,2552.185100713807,0.0005916579625972,0.043191031269597,340.0,0.03,2552.185100713807,0.0005995171591947,0.0437647526212171,7.85919659753516e-06,0.00057372135162,True,False,Survives to epoch 285
pool1479z5kd9adf44nzf6mwjqql5fvfm6d8n7ntgwr32lmtkssvlc08,At5,False,109677.185916,100.0,100.0,345.0,0.01,213580000.0,64070000.0,78.20543740595473,0.0,0.0,,,,,,,,,,Exited by epoch 285
pool14arklydxklrqthvwghvguelawj44vk5cv5ukk97mgfzyxj7l2v2,,False,11202.422242,1.0,1.0,340.0,0.00777,213580000.0,64070000.0,7.987898325523243,0.0,0.0,,,,,,,,,,Exited by epoch 285
pool14cautfm2e8jxv79tv59grnryjxs8f2wewz66wup695xgu7wjnvr,,True,301778.263104,2020.0,2020.0,340.0,0.022,213580000.0,64070000.0,215.1838969268284,0.0,0.0,340.0,0.005,215.1853121900872,0.0,0.0,0.0,0.0,False,True,Survives to epoch 285
pool14g73qj0qz05ymqg7dp9kxdu8jr7uuzm6z6n3jwxpvqskghhmhng,TWIN1,True,1339564.526208,100000.0,100000.0,340.0,0.005,213580000.0,64070000.0,955.3020307418748,0.0004570332437222,0.0333634267917277,340.0,0.005,955.592377611894,0.0004572489071935,0.0333791702251281,2.156634712379888e-07,1.574343340037318e-05,False,False,Survives to epoch 285
pool14ga7m2hv6y89u4jv9yf8mf28tjs078j43l5h4zgpxqp7q6ey4d6,,False,105711.863995,5000.0,5000.0,340.0,0.02,213580000.0,64070000.0,75.37845405617675,0.0,0.0,,,,,,,,,,Exited by epoch 285
pool14h9dm54ajt2nfr2znllm6cqan2q24f3s4t0m6mr8k633gz47mp2,,False,1021.455684,1000.0,1000.0,340.0,0.0,213580000.0,64070000.0,0.7283500122461019,0.0,0.0,,,,,,,,,,Exited by epoch 285
pool14kg79f3v5lqfvp5etqvmy6m9kuzpnd80w5cl44qrl8tpuk00quc,HEX,True,1350895.633772,109000.0,109000.0,340.0,0.042,213580000.0,64070000.0,963.3931287845562,0.0004420849416087,0.0322722007374384,340.0,0.042,963.7102694368778,0.0004423098448043,0.0322886186707154,2.249031955753539e-07,1.6417933277000835e-05,False,False,Survives to epoch 285
pool14ku0z9rx9yx34zl00jtxtpyv6ehytfl8fewztavx7qvju7nrtr8,BOT,True,4383416.192347,0.0,0.0,340.0,0.0,213580000.0,64070000.0,3125.5992728489846,0.0006354859202537,0.0463904721785264,340.0,0.019949,3125.5992728489846,0.0006228086116306,0.045465028649037,-1.2677308623142776e-05,-0.0009254435294894,False,True,Survives to epoch 285
pool14nl3h9l6mz3tutjl76849v33x409nl63md3d8ay7wrmnvujzrsk,,False,155531.41585,51000.0,51000.0,340.0,0.0314,213580000.0,64070000.0,110.90717203080408,0.0,0.0,,,,,,,,,,Exited by epoch 285
pool14pxhk34wlpu2azrnwy9ah8hrzxgffhqthcxcp620209eupfjfcn,1337,False,533927.270154,100.0,100.0,340.0,0.01,213580000.0,64070000.0,380.717424146808,7.54976420172607e-05,0.00551132786726,,,,,,,,,,Exited by epoch 285
pool14qugk4juy7ds52glqhuveyntrmzr6ymaswyjhj9k53k3qdnfwpf,SABAI,False,569727.233686,26000.0,26000.0,340.0,0.02,213580000.0,64070000.0,406.2587311677193,0.0001139730606245,0.0083200334255938,,,,,,,,,,Exited by epoch 285
pool14rpgdxcawg7zjqv0xl793nhmle76n6r5kqe3j2mvvkdg5llxzg3,YASP,False,325596.885719,52000.0,52000.0,340.0,0.0,213580000.0,64070000.0,232.18143649057495,0.0,0.0,,,,,,,,,,Exited by epoch 285
pool14skj6e4rpjanzclx3fc880xnl8xafgg63tmw93t9xspvwx985qu,EVRST,True,210018.841426,1000.0,1000.0,400.0,0.03,213580000.0,64070000.0,149.75435297497344,0.0,0.0,400.0,0.03,149.75484150478374,0.0,0.0,0.0,0.0,False,False,Survives to epoch 285
pool14wk2m2af7y4gk5uzlsmsunn7d9ppldvcxxa5an9r5ywek8330fg,SMAUG,True,6245461.377991,1000000.0,1000000.0,340.0,0.0199,213580000.0,64070000.0,4458.615427149788,0.0006463341514487,0.0471823930557558,340.0,0.0,4471.171316726911,0.000661467755014,0.0482871461160285,1.513360356537939e-05,0.0011047530602726,False,True,Survives to epoch 285
pool14yct4lltf2md86fm8xns78ttta0ey2a2m8j0vxx69pds2mzmhvq,,False,1193489.715349,1.0,1.0,340.0,0.0,213580000.0,64070000.0,851.0190289939145,0.0004281721261791,0.031256565211077,,,,,,,,,,Exited by epoch 285
pool150hft90uw7tzr9uvj7tqkjp4u98a9hl20llj3n9ew76kkfm768r,MONKY,True,2191346.151266,3333.0,3333.0,340.0,0.01,213580000.0,64070000.0,1562.548855459126,0.0005523195713307,0.040319328707145,340.0,0.01,1562.5659010254535,0.0005523272721272,0.0403198908652859,7.70079645092802e-09,5.621581409177455e-07,False,False,Survives to epoch 285
pool154sjkrwdu80wp6mnjvkwk55aj53l4v37z4zwulfak74vcxg60x0,ANZ,True,740902.511067,64000.0,64000.0,340.0,0.0,213580000.0,64070000.0,528.3446759388108,0.0002542097956552,0.0185573150828339,340.0,0.0,528.4460716812772,0.0002543466500199,0.018567305451458,1.3685436471300985e-07,9.99036862404972e-06,False,False,Survives to epoch 285
pool158ag8p06qm4apd750ekep6een9cdldqsq434ll2mp0ykgunmguy,ALPHA,True,1172074.969046,10000.0,10000.0,340.0,0.03,213580000.0,64070000.0,835.7608612046988,0.000410287778571,0.029951007835683,340.0,0.03,835.7880268354897,0.0004103102606327,0.0299526490261931,2.2482061781952268e-08,1.6411905100825156e-06,False,False,Survives to epoch 285
pool15f9qklmaajysmwx9n3rkgc5s2g3rfffz4x8spnedtzdgq43tpe2,WEQNT,True,4387181.843498,0.0,0.0,340.0,0.03,213580000.0,64070000.0,3128.2843741450733,0.0006164859218062,0.0450034722918598,340.0,0.03,3128.2843741450733,0.0006164859218062,0.0450034722918598,0.0,0.0,False,False,Survives to epoch 285
pool15m78a3nfcepn8ekyzx6sa8yexg7cqseer2ktu26f7l9jjq0e502,NOBI,True,29877036.454154,3.0,3.0,340.0,0.05,213580000.0,64070000.0,21303.85062968283,0.0006665874685649,0.0486608852052448,340.0,0.05,21303.85083916909,0.000666587475226,0.0486608856915003,6.661033703780905e-12,4.862554603760061e-10,False,False,Survives to epoch 285
pool15mfkj8sl7estcmmd5a07afrx5f4hlz3pcr6p6ay5pfmrjfl2hlf,DOXA,True,5059585.551103,320000.0,320000.0,340.0,0.05,213580000.0,64070000.0,3609.26398417784,0.0006138448996661,0.0448106776756264,340.0,0.01,3612.833315903824,0.0006403894054204,0.0467484265956933,2.6544505754341817e-05,0.0019377489200669,False,True,Survives to epoch 285
pool15mv5w2vvfv2kplkrt40ylylyvdudv5axq5nyw6ln3v0gkd2auew,NLD,True,14087571.215947,10.0,10.0,340.0,0.04,213580000.0,64070000.0,10045.156798967371,0.0006613596044477,0.0482792511246881,340.0,0.04,10045.1571282226,0.0006613596268849,0.0482792527626004,2.2437155215368487e-11,1.6379123307218994e-09,False,False,Survives to epoch 285
pool15pmdr6nw3g6mmt7regefp2lrx3njah0gpwsnqm794c4wsr23062,METAX,True,2749161.363156,100000.0,100000.0,340.0,0.01,213580000.0,64070000.0,1960.5577034739956,0.0005835787407536,0.0426012480750188,340.0,0.01,1961.1781704589057,0.0005838021770071,0.0426175589215192,2.234362534309911e-07,1.6310846500462348e-05,False,False,Survives to epoch 285
pool15q9qez3zsy8ccj258satrfj7scc5lnmas444u355jq82vylamvt,,False,33808.296274,20000.0,20000.0,340.0,0.02,213580000.0,64070000.0,24.107315924821144,0.0,0.0,,,,,,,,,,Exited by epoch 285
pool15txd36fltfgc63qq0yxtpqt88eu76s0yhugn9a6q7f4zspq6k5f,ARM1,True,639234.819543,100000.0,100000.0,340.0,0.009,213580000.0,64070000.0,455.86106155517626,0.0001796183632225,0.0131121405152465,340.0,0.01,455.9873949163927,0.000179632769456,0.0131131921702895,1.4406233464703743e-08,1.0516550429233733e-06,False,True,Survives to epoch 285
pool15w4gpc2zyg634j5yag0xq790h326fzcg4cvq67nmck3kxq4m5m5,,False,37850.066299,500.0,500.0,340.0,0.02,213580000.0,64070000.0,26.9890460999658,0.0,0.0,,,,,,,,,,Exited by epoch 285
pool15xmrnqsq2yvpvfm7cjky49qkpdktp7lk4z7qqtzsdeq66xr0sqm,,False,537347.988975,350002.0,350002.0,340.0,0.03,213580000.0,64070000.0,383.22250073305185,7.802360215590364e-05,0.0056957229573809,,,,,,,,,,Exited by epoch 285
pool15zrkyr0f80hxlt4scv72tej8l8zwrcphmrega9wutqchjekceal,ZETE,True,12163660.050348,10000.0,10000.0,340.0,0.0,213580000.0,64070000.0,8673.431622073254,0.0006851088889018,0.0500129488898321,340.0,0.01,8673.715735688329,0.0006782809240131,0.0495145074529573,-6.8279648886959005e-06,-0.0004984414368748,False,True,Survives to epoch 285
pool162g6067hj0z3tyxrn7e0wmcz36yqp6nxu3e4x5ahkwvnygsuwqk,BIZAR,True,336355.248833,100.0,100.0,340.0,0.01,213580000.0,64070000.0,239.83847817895585,0.0,0.0,340.0,0.0,239.8385567688553,0.0,0.0,0.0,0.0,False,True,Survives to epoch 285
pool167n02n48l5hfgfu6e46xq8n3yefccm9dcnmefkmxuymhc8ncrjm,,False,137114.352874,0.0,0.0,340.0,0.01,213580000.0,64070000.0,97.76952560159896,0.0,0.0,,,,,,,,,,Exited by epoch 285
pool167v4tdkd4nx3pgrem6elzdqwelha5uq7r7qhv68he53d6zlsl7m,,False,70975.86893,100.0,100.0,340.0,0.01,213580000.0,64070000.0,50.60942098570921,0.0,0.0,,,,,,,,,,Exited by epoch 285
pool1692dxqqcsavymwz28w44t2jhyjnakvj4l3gwz2dqrarmc2k6dkh,BLUE,True,532521.948306,10000.0,10000.0,340.0,0.005,213580000.0,64070000.0,379.72053821196687,7.421653820397422e-05,0.0054178072888901,340.0,0.0,379.7327531456283,7.461242352924944e-05,0.0054467069176352,3.958853252752204e-07,2.889962874509109e-05,False,True,Survives to epoch 285
pool16agnvfan65ypnswgg6rml52lqtcqe5guxltexkn82sqgj2crqtx,SPIRE,True,1628115.118554,500000.0,500000.0,340.0,0.0,213580000.0,64070000.0,1161.4959553558945,0.000504568716299,0.0368335162898318,340.0,0.0,1162.833575508503,0.0005053902922044,0.0368934913309254,8.215759053919764e-07,5.997504109361428e-05,False,False,Survives to epoch 285
pool16cy45uggzv3ah3s5m960v9vuxlx47sfnezpszuhcwl99z7nq8kq,NIXE,False,41794.078482,1000.0,1000.0,340.0,0.0,213580000.0,64070000.0,29.80135006112588,0.0,0.0,,,,,,,,,,Exited by epoch 285
pool16dxn8c697qrqtzl3xe695trtde2hvgw0qtd65208ruaq70hv4ud,CENT,True,228057.875946,30.0,30.0,340.0,0.02,213580000.0,64070000.0,162.61690197296815,0.0,0.0,340.0,0.02,162.61691796141366,0.0,0.0,0.0,0.0,False,False,Survives to epoch 285
pool16j6m34wg86tm9nvs5r7crreunk888z9ucacxxfaf95sfys7vdz0,,True,1008030.730999,100000.0,100000.0,340.0,0.03,213580000.0,64070000.0,718.8683075662095,0.0003645744589304,0.0266139355019226,340.0,0.02,719.0810109769819,0.0003685397471853,0.026903401544531,3.965288254910372e-06,0.0002894660426084,False,True,Survives to epoch 285
pool16kus5xvdysgmtjp0hhlwt72tsm0yn2zcn0a8wg9emc6c75lxvmc,EDEN,True,38174506.373121,1000.0,1000.0,340.0,0.02,213580000.0,64070000.0,27220.40794651338,0.000690062617447,0.0503745710736311,340.0,0.05,27220.497167628084,0.0006689404719382,0.0488326544514948,-2.112214550871515e-05,-0.0015419166221362,False,True,Survives to epoch 285
pool16pk3nc2g7580vwurn7t6qfjge70cc8ylvqkt0cnzsnktc5j38qp,,True,2454369.945938,0.0,0.0,340.0,0.0049,213580000.0,64070000.0,1750.0909294717803,0.0005717074095694,0.0417346408985711,340.0,0.0,1750.0909294717803,0.0005745225701632,0.0419401476219185,2.8151605938000644e-06,0.0002055067233474,False,True,Survives to epoch 285
pool16qnvy60w5gwkr87qypaw2jrgndtr0cmwauv60m2p5lxzq5akftk,2PCT2,False,32086.603651,2000.0,2000.0,340.0,0.02,213580000.0,64070000.0,22.879444894095883,0.0,0.0,,,,,,,,,,Exited by epoch 285
pool170028ak8q37qf4e5lf7z8eyuscgcrqgzn9lh58a4g9ngzd83a0h,AQUA,True,1691591.89426,1000000.0,1000000.0,340.0,0.025,213580000.0,64070000.0,1206.8918917937362,0.0004996592838774,0.0364751277230556,340.0,0.0325,1208.5885022648897,0.0004967861212818,0.0362653868535766,-2.87316259560248e-06,-0.0002097408694789,False,True,Survives to epoch 285
pool170x8y09ql7hanj6kndg9esljxsxe29vjcl0y6trw88vvvuw9aul,MELON,False,348349.389523,20000.0,20000.0,340.0,0.0,213580000.0,64070000.0,248.39745639190275,0.0,0.0,,,,,,,,,,Exited by epoch 285
pool173mzegwuu0pjcrt60ekelzj5haqr8r5e4e0n45qh9jdz7xm5kh8,ROCKY,True,976696.206474,80000.0,80000.0,340.0,0.0099,213580000.0,64070000.0,696.5060784403787,0.0003613986272539,0.0263820997895364,340.0,0.0099,696.6740358860924,0.0003615688896813,0.0263945289467407,1.702624274557631e-07,1.2429157204270705e-05,False,False,Survives to epoch 285
pool17499z7lt392dd3pf3vn30e69cver0gqqaja5rdnyerpv6zdzgkd,,False,219875.15676,1.0,1.0,340.0,0.029,213580000.0,64070000.0,156.7821992928209,0.0,0.0,,,,,,,,,,Exited by epoch 285
pool178j8pevk04pay4lgz29c9y52k30xql7uaj5zdsqzpa9jwkuhqn5,CASTE,True,364130.014429,180000.0,180000.0,340.0,0.018,213580000.0,64070000.0,259.676519474935,0.0,0.0,340.0,0.018,259.75454187131203,0.0,0.0,0.0,0.0,False,False,Survives to epoch 285
pool17jdt8kg9sv5rt5g24fy76rc3e2jjy8sh2nty7557uf3uj694hy6,,False,10004.445329,10000.0,10000.0,340.0,0.0499,213580000.0,64070000.0,7.133679734975186,0.0,0.0,,,,,,,,,,Exited by epoch 285
pool17k0rf90x8qcre7nrw5x4mgsfgy49njyqdq884qunm4fkslu6nye,IRON,True,551164.55725,5000.0,5000.0,340.0,0.009,213580000.0,64070000.0,393.0111705515604,9.531467385840572e-05,0.0069579711916636,340.0,0.009,393.0175536972645,9.532615082532884e-05,0.006958809010249,1.1476966923121387e-08,8.378185853878613e-07,False,False,Survives to epoch 285
pool17pv7m8h5dxsyt55upay8n8ake2cgcz4mcr737um2tl8d2wthzqr,MEDIA,True,11737413.143224,5000.0,5000.0,340.0,0.02,213580000.0,64070000.0,8369.432863711194,0.0006704070232868,0.0489397126999414,340.0,0.02,8369.569982891213,0.0006704184718739,0.0489405484467979,1.1448587076078565e-08,8.357468565537351e-07,False,False,Survives to epoch 285
pool17rns3wjyql9jg9xkzw9h88f0kstd693pm6urwxmvejqgsyjw7ta,0PCT,True,43981488.280316,10.0,10.0,340.0,0.0,213580000.0,64070000.0,31361.044374179164,0.0007053204788447,0.0514883949556699,840.0,0.0,31361.04540211662,0.0006939520829215,0.0506585020532757,-1.1368395923207512e-05,-0.0008298929023941,True,False,Survives to epoch 285
pool17xextu09ghdfcmsq83whq0a45geg83jxe4qt94sevu087tzdzkl,ONYX,True,34630903.251244,250000.0,250000.0,340.0,0.01,213580000.0,64070000.0,24702.21885406095,0.000696447230687,0.0508406478401552,340.0,0.01,24722.410299053063,0.0006970244472383,0.0508827846483983,5.77216551274286e-07,4.2136808243022875e-05,False,False,Survives to epoch 285
pool17ym7vuptkzd6h7yvey7f8hlavsme6h2rhklre6rslaw9gfvekag,VRITS,True,313816.154897,100.0,100.0,340.0,0.0075,213580000.0,64070000.0,223.76695258771267,0.0,0.0,340.0,0.0075,223.7670259097535,0.0,0.0,0.0,0.0,False,False,Survives to epoch 285
pool17ynruzy9lvq0x55ks22vtf4lrrdrw2ucydh4tfzhg9kkyeaw8nf,ASN,True,561421.077095,1000.0,1000.0,340.0,0.025,213580000.0,64070000.0,400.32241835050866,0.000104759796686,0.007647465158083,340.0,0.0099,400.3237281959941,0.000106384540452,0.0077660714530005,1.624743765994116e-06,0.0001186062949175,False,True,Survives to epoch 285
pool180pfdeg9shtdu47hcjdw2kcxhz7r6pz3juzej8mkdjvtjt7mkm0,SOLO,True,3742626.228902,0.0,0.0,340.0,0.03,213580000.0,64070000.0,2668.683352501426,0.0006035395237929,0.0440583852368827,340.0,0.015,2668.683352501426,0.0006128726092123,0.0447397004725046,9.333085419477955e-06,0.0006813152356218,False,True,Survives to epoch 285
pool1829u4wxz0hdatsc0sczd0r3362wxk82qlqncjw5ksx7ngne07w0,LEAVE,False,326164.456702,0.0,0.0,340.0,0.0,213580000.0,64070000.0,232.57189004248053,0.0,0.0,,,,,,,,,,Exited by epoch 285
pool183j8g5lmry5jsnua6mw5jhwdacwhkrnqfpga49v0qg6wjmwndfv,2PCT1,False,49358.681023,2000.0,2000.0,340.0,0.02,213580000.0,64070000.0,35.19535143048897,0.0,0.0,,,,,,,,,,Exited by epoch 285
pool18746ufc05k938yq3l0dyn8s6wvmjkcnlz6mlf20x7w25s6363fe,,False,92534.11619,50000.0,50000.0,340.0,0.02,213580000.0,64070000.0,65.98367465289893,0.0,0.0,,,,,,,,,,Exited by epoch 285
pool18872nzahx0h2f7j58pxrn5rjektn8na8p4amv08x2xj8qkht30g,MNKY,True,224511.309962,20000.0,20000.0,360.0,0.03,213580000.0,64070000.0,160.09210978994926,0.0,0.0,340.0,0.01,160.10167374518005,0.0,0.0,0.0,0.0,True,True,Survives to epoch 285
pool189j5mz6wa0gfrakwvn2tar7qt309qxrmsgde5v6qwm892n6re3v,CCJ,True,33685455.958905,100000.0,100000.0,340.0,0.048,213580000.0,64070000.0,24022.81325096993,0.0006693107625566,0.0488596856666359,340.0,0.048,24030.678834330352,0.0006695330553873,0.0488759130432783,2.2229283071770797e-07,1.622737664239268e-05,False,False,Survives to epoch 285
pool18hkq2t8ss45h4fkr92f52flhc4mpzedx5mcz4xhnpj0dzp76028,XYZ,True,918925.095403,22.0,22.0,340.0,0.0001,213580000.0,64070000.0,655.2404728901955,0.00034301919756,0.0250404014218818,340.0,0.02,655.2405201388417,0.000336192483241,0.0245420512765975,-6.826714318962574e-06,-0.0004983501452842,False,True,Survives to epoch 285
pool18hzjrr0xhadznttzq0va5vdhz2xyzjrju5ac7ztkwajdg80uvw4,,True,5968717.544612,100000.0,100000.0,340.0,0.035,213580000.0,64070000.0,4256.588050772372,0.0006332193541989,0.0462250128565256,340.0,0.0239,4257.96252076627,0.0006407277925175,0.0467731288537804,7.508438318558461e-06,0.0005481159972547,False,True,Survives to epoch 285
pool18q92uyx3973u3qt64nxf8p7us58gwkytrn0c3ed2a99s5uc9usc,FREE,False,200744.522413,100000.0,100000.0,340.0,0.03,213580000.0,64070000.0,143.15118091844303,0.0,0.0,,,,,,,,,,Exited by epoch 285
pool18sqt4qwprlt6ytg8pu2qpz262j9vhlzmtwn2fwvhpcnzc0u5ynw,1WJG,False,122776.350229,5000.0,5000.0,340.0,0.03,213580000.0,64070000.0,87.54638838495333,0.0,0.0,,,,,,,,,,Exited by epoch 285
pool18v9r8afalh50l4lstct2awdc3zspnvurcs7t45nv29uc2mnxc6c,LONDN,True,36948324.809042,0.0,0.0,340.0,0.0,213580000.0,64070000.0,26346.03972987005,0.0007038489529437,0.0513809735648942,340.0,0.01,26346.03972987005,0.0006968104634143,0.0508671638292453,-7.038489529437504e-06,-0.0005138097356489,False,True,Survives to epoch 285
pool18xykgvvvxej2e5ap04ks72d8fdke4qsqeh30satznyrtj88634d,TQWS,True,7371614.535053,1015000.0,1015000.0,340.0,0.03,213580000.0,64070000.0,5262.834777453355,0.0006477752887679,0.0472875960800581,340.0,0.0,5278.274480523749,0.0006699040565728,0.0489029961298216,2.2128767804978832e-05,0.0016154000497634,False,True,Survives to epoch 285
pool190a9js7lk9lvmrngre7w268z9tz9xs9yz77audvw8ag4jerfdhx,307,True,13619663.455855,100000.0,100000.0,340.0,0.0,213580000.0,64070000.0,9712.869291936497,0.000688186556321,0.0502376186114366,340.0,0.03,9716.035572948294,0.0006677664639246,0.0487469518664982,-2.0420092396415982e-05,-0.0014906667449383,False,True,Survives to epoch 285
pool194aee3y0gg2xza88p9ern5z0uls9wgkk8xutt73vvtedvyhegmq,,False,23546.835945,10000.0,10000.0,340.0,0.01,213580000.0,64070000.0,16.79023046702948,0.0,0.0,,,,,,,,,,Exited by epoch 285
pool194usk2h8vcq6yw89xs5asrvw22g08kcfy72xyfrnnkg6qrhtlfw,AUTO,True,760582.431752,100.0,100.0,340.0,0.0,213580000.0,64070000.0,542.3341351092397,0.0002660252546764,0.0194198435913789,340.0,0.0,542.3343128499234,0.0002660254883666,0.0194198606507657,2.3369023041544876e-10,1.7059386820327763e-08,False,False,Survives to epoch 285
pool195gdnmj6smzuakm4etxsxw3fgh8asqc4awtcskpyfnkpcvh2v8t,SUNNY,True,33549816.951041,1000.0,1000.0,340.0,0.01,213580000.0,64070000.0,23922.7639254184,0.0006958886339151,0.050799870275808,340.0,0.01,23922.842337467224,0.0006958909477259,0.0508000391839954,2.313810786307331e-09,1.689081874004352e-07,False,False,Survives to epoch 285
pool1980svf2cxnfy66s5jgjv7y22xud75z9kfe6n0c3y54s62w56435,HYPE,True,503534.801418,25000.0,25000.0,340.0,0.03,213580000.0,64070000.0,359.0579742665355,3.671292428344675e-05,0.0026800434726916,340.0,0.0,359.0859500371725,3.790393431283144e-05,0.0027669872048366,1.1910100293846876e-06,8.694373214508219e-05,False,True,Survives to epoch 285
pool19ae6xhzsscypyha0sszv90xwjsh20hxecxjpcqynshfawvwxqnn,GENE,True,6446348.40089,1000000.0,1000000.0,340.0,0.018,213580000.0,64070000.0,4602.060262940975,0.0006492579857505,0.0473958329597892,340.0,0.018,4615.095193091883,0.0006512436527688,0.0475407866521259,1.985667018311382e-06,0.0001449536923367,False,False,Survives to epoch 285
pool19ejln2jcpg5dphc8m5nh8sya49sycsqj0v2cjxw6nku966cc8nu,POP,True,54964406.105711,50000.0,50000.0,340.0,0.05,213580000.0,64070000.0,39195.17508071981,0.000671569456344,0.0490245703131128,340.0,0.05,39201.59890784006,0.0006716804852115,0.0490326754204423,1.1102886752741363e-07,8.105107329501194e-06,False,False,Survives to epoch 285
pool19ek42ve9hfzkcue5q3rsnudpwwujpc67t6lyq09tjvwg62htfj6,HYPT,False,11307.517675,10500.0,10500.0,340.0,0.01,213580000.0,64070000.0,8.062845215357207,0.0,0.0,,,,,,,,,,Exited by epoch 285
pool19f6guwy97mmnxg9dz65rxyj8hq07qxud886hamyu4fgfz7dj9gl,BERRY,True,272387.774547,45000.0,45000.0,340.0,0.009,213580000.0,64070000.0,194.23662448088265,0.0,0.0,340.0,0.015,194.26056596958568,0.0,0.0,0.0,0.0,False,True,Survives to epoch 285
pool19frt3kaxxk4vr4x3wnaapntu0ul0dsesu77wfqaawc5h5ffgfgt,,True,2919556.857002,750000.0,750000.0,340.0,0.05,213580000.0,64070000.0,2083.4303421345057,0.0005672980202648,0.041412755479331,340.0,0.0499,2087.3112449337696,0.000568620682906,0.041509309852143,1.3226626412609797e-06,9.655437281205152e-05,False,True,Survives to epoch 285
pool19lz8nyz0jjpdrdtnjaar4untk4th23gpg5s7aegn7480zff4vgq,MS5,True,101496.148116,100000.0,100000.0,340.0,0.025,213580000.0,64070000.0,72.37208390548585,0.0,0.0,340.0,0.025,72.37248171737392,0.0,0.0,0.0,0.0,False,False,Survives to epoch 285
pool19r33az023gn3n8p2x35hq00j2dxc8vwln0nanpcfuvc8759cvkz,,True,5695831.00233,25000.0,25000.0,340.0,0.0499,213580000.0,64070000.0,4061.559967616088,0.0006207793250511,0.0453168907287366,340.0,0.0499,4061.891483776773,0.0006208346240065,0.045320927552477,5.529895534778056e-08,4.03682374038798e-06,False,False,Survives to epoch 285
pool19vpp0udh6qtu5dv9dwssamqsttx7z7n9ml2wed67j0pdkck9vnj,,True,734065.125143,11886.0,11886.0,340.0,0.023,213580000.0,64070000.0,523.434464890257,0.0002441411069118,0.0178223008045633,340.0,0.023,523.4545319565185,0.0002441678150649,0.0178242504997386,2.670815308611395e-08,1.9496951752863184e-06,False,False,Survives to epoch 285
pool19wpsykyg3gy7s34kx36vvs4dfcv2anggmta372jdv5lgqx0gs2t,IOHK,False,1974772.476477,100.0,100.0,340.0,1.0,213580000.0,64070000.0,1408.113674954115,0.0,0.0,,,,,,,,,,Exited by epoch 285
pool19xhza3f7nye6j5p6stsnkpvadejztnqvck0ge3l2uy9gvsvy05f,ARUBA,False,24220.847217,0.0,0.0,340.0,0.02,213580000.0,64070000.0,17.2706991823898,0.0,0.0,,,,,,,,,,Exited by epoch 285
pool19ygh8apuc2qz0u9kr4wj9qj33xhw70n7z286xll0g6ltgccuq42,GHISX,True,215138.903438,10000.0,10000.0,340.0,0.025,213580000.0,64070000.0,153.407063644139,0.0,0.0,340.0,0.015,153.41185918077804,0.0,0.0,0.0,0.0,False,True,Survives to epoch 285
pool1a205rushcdw9qrtduady7l62cv2n4twvfuhfzx2ywrjlvsuuur5,EUROP,False,72063.818251,0.0,0.0,340.0,0.0,213580000.0,64070000.0,51.38517723169836,0.0,0.0,,,,,,,,,,Exited by epoch 285
pool1a2gt2mvuf5zvtqlvw2xgks2efze3p4r985ft62q64lua7gx7lal,,True,1568617.044949,10000.0,10000.0,340.0,0.0,213580000.0,64070000.0,1118.5195544022872,0.0004963095083718,0.0362305941111424,340.0,0.0,1118.5559899142038,0.0004963327361647,0.0362322897400268,2.3227792936460212e-08,1.6956288843615957e-06,False,False,Survives to epoch 285
pool1a3kdettzvvlqvkl9m9hwe63ggeq5fgvz0twqew5c62dzx99vsed,LEAD,True,6930243.350042,25000.0,25000.0,340.0,0.01,213580000.0,64070000.0,4941.789831470199,0.0006573754633201,0.0479884088223735,340.0,0.01,4942.193511080541,0.0006574331298109,0.0479926184762004,5.766649077850426e-08,4.209653826830811e-06,False,False,Survives to epoch 285
pool1a3u8zuz7fqavxgl48s8k37w8w6njk7zevlzyfjdlzxfexjcue6a,AAA2,True,16944381.475144,0.0,0.0,340.0,0.025,213580000.0,64070000.0,12082.208052717198,0.0006756607119707,0.0493232319738625,340.0,0.0275,12082.208052717198,0.0006739282486066,0.0491967621482885,-1.7324633640275434e-06,-0.000126469825574,False,True,Survives to epoch 285
pool1a44zldps27avv82mamm2lj33mrrkqdzt39nyrgn5dkk3jtm0wrp,,True,478981.32573,3000.0,3000.0,340.0,0.01,213580000.0,64070000.0,341.53954060111784,3.1820555692515913e-06,0.0002322900565553,340.0,0.01,341.5428782031408,3.188954013565025e-06,0.0002327936429902,6.898444313433275e-09,5.035864348806291e-07,False,False,Survives to epoch 285
pool1a734a2f7kex3t9vh6f7rv7j554w4s0tgw324hkngeufsv92gzct,,False,1239137.542607,1000.0,1000.0,340.0,0.0,213580000.0,64070000.0,883.5694964836207,0.0004386676037108,0.0320227350708953,,,,,,,,,,Exited by epoch 285
pool1a8h59e07dezuget96cqu7ehfqpkcf0ahl29vu6d06zk4uqltt5l,,False,206217.397814,25000.0,25000.0,340.0,0.0199,213580000.0,64070000.0,147.04805863268342,0.0,0.0,,,,,,,,,,Exited by epoch 285
pool1a9xyvnnfjnujzy0n2mpf4rztdwrssraw5p5f06mqlgn4s06z0nw,LAGO,True,928050.748474,15000.0,15000.0,340.0,0.02,213580000.0,64070000.0,661.7612268766496,0.0003397723700536,0.0248033830139197,340.0,0.02,661.7932465785105,0.0003398061821139,0.024805851294318,3.3812060251322846e-08,2.468280398346568e-06,False,False,Survives to epoch 285
pool1afv4cmmjdkujtd5r9t63090a3frwwqy8f3e46gz003vyzjcj63r,,True,5368660.612194,150000.0,150000.0,340.0,0.02,213580000.0,64070000.0,3828.9133801685703,0.0006368692974927,0.0464914587169735,340.0,0.02,3830.748670330462,0.0006372043129628,0.0465159148462888,3.3501547007266756e-07,2.4456129315304732e-05,False,False,Survives to epoch 285
pool1agk62kg0s9606v78exurl53mqsdu44d6qeuzypur5e7ku6gpgzp,,True,1845414.274484,1000.0,1000.0,345.0,0.0499,213580000.0,64070000.0,1315.8763299885602,0.0004998496076877,0.0364890213612029,500.0,0.0,1315.8806408500689,0.0004421124579618,0.0322742094312175,-5.773714972582758e-05,-0.0042148119299854,True,True,Survives to epoch 285
pool1ahl705cca5twdfmml0ksux606t8vmuemu9vsnf3g94mm7lhnhtv,,False,508230.854504,0.0,0.0,340.0,0.0,213580000.0,64070000.0,362.3945159600691,4.406366862933711e-05,0.0032166478099416,,,,,,,,,,Exited by epoch 285
pool1ahw4989fry5qhxemm5dy55syj8xy7sl0cvhycpcsxlmpsz9x853,SITG,True,421869.389848,5000.0,5000.0,340.0,0.0,213580000.0,64070000.0,300.81647541675517,0.0,0.0,340.0,0.0,300.82134746270924,0.0,0.0,0.0,0.0,False,False,Survives to epoch 285
pool1arsqn9w87wpqlm0sre66gs79dcs0jmwulytgke3vut7u62lttu7,LATIN,True,2656511.540051,50000.0,50000.0,340.0,0.038,213580000.0,64070000.0,1894.3587553910045,0.0005628784592659,0.0410901275264149,340.0,0.0,1894.6636679044093,0.0005852275228115,0.0427216091652449,2.2349063545616427e-05,0.0016314816388299,False,True,Survives to epoch 285
pool1c24g8qlmmhxrutsaus20dzy84vnaws2839ssqltcaqnwsa4ssy5,,True,167962.411036,100000.0,100000.0,340.0,0.025,213580000.0,64070000.0,119.77257892241632,0.0,0.0,340.0,0.025,119.78854278111746,0.0,0.0,0.0,0.0,False,False,Survives to epoch 285
pool1c25428845rm7sp2cja9jgahpr5kll29srjdzzh84pu84uzanqfc,,True,1166509.392787,1.0,1.0,340.0,0.0,213580000.0,64070000.0,831.7806831469697,0.0004215831318529,0.0307755686252618,340.0,0.0,831.7806858733388,0.0004215831341901,0.0307755687958776,2.337202805423322e-12,1.706158047959025e-10,False,False,Survives to epoch 285
pool1c4y0lwrzus07c34py4x03juzqwa38zmvd0tc7ld5hp77qwpp5qe,,False,272645.652424,10.0,10.0,340.0,0.0,213580000.0,64070000.0,194.4102561876809,0.0,0.0,,,,,,,,,,Exited by epoch 285
pool1c89d4drtwn0048mekkdkzllz559ahnntxelyw2mppxnmc36hjlx,CLIO1,True,13955695.559321,1135000.0,1135000.0,340.0,0.025,213580000.0,64070000.0,9965.781230656114,0.0006724950870414,0.0490921413540266,340.0,0.01,10000.64359737004,0.0006853142590236,0.0500279409087297,1.2819171982233427e-05,0.000935799554703,False,True,Survives to epoch 285
pool1c8k78ny3xvsfgenhf4yzvpzwgzxmz0t0um0h2xnn2q83vjdr5dj,,True,1036231.134618,50100.0,50100.0,400.0,0.0,213580000.0,64070000.0,738.9351354289356,0.0003270844931269,0.0238771679982703,340.0,0.0,739.0507287737909,0.0003850981846061,0.0281121674762509,5.801369147918575e-05,0.0042349994779805,True,False,Survives to epoch 285
pool1cc76kmtcpf6vht32ya5ke9er74dnpy4jh5qpy4klqwp87ygdsu6,,True,9478806.007799,500000.0,500000.0,340.0,0.019,213580000.0,64070000.0,6763.379608779778,0.0006647815548739,0.0485290535057968,340.0,0.019,6773.984639072623,0.0006658791123836,0.0486091752040082,1.0975575097455423e-06,8.01216982114246e-05,False,False,Survives to epoch 285
pool1cd7u9yenr0vkzh9kj7nhhy28ye289muhcdgnhyvz7r3z7jwcxl9,WAAC,False,878489.626526,25000.0,25000.0,340.0,0.03,213580000.0,64070000.0,626.4292746816698,0.0003162659956952,0.0230874176857554,,,,,,,,,,Exited by epoch 285
pool1cew2q6pge250exctkq26lyl0w95923xxa54thd79nv8xy9j3xe6,ARRA,True,2866732.116546,50000.0,50000.0,340.0,0.025,213580000.0,64070000.0,2044.2672764040556,0.0005796358107209,0.04231341418263,340.0,0.015,2044.596780267712,0.0005856940098702,0.0427556627205292,6.058199149304227e-06,0.0004422485378992,False,True,Survives to epoch 285
pool1cn0dqtplwf67fds40hgkf0u5rm4q4azev5qutmgkw5hdyvue2ue,NEDS2,True,13594736.784167,250000.0,250000.0,340.0,0.01,213580000.0,64070000.0,9697.08598257086,0.0006814045221922,0.0497425301200365,340.0,0.015,9704.923621502538,0.0006785309575043,0.0495327598978151,-2.8735646879644904e-06,-0.0002097702222214,False,True,Survives to epoch 285
pool1cpzz6aqljgk97ks728xa76wqg96kj79ndc3gasx7kdnr74wrk70,7CS,False,284401.985057,1.0,1.0,340.0,0.0,213580000.0,64070000.0,202.79311841105743,0.0,0.0,,,,,,,,,,Exited by epoch 285
pool1crprz3rdcwvfxmc0s4gxquh3qeqmscww2qfvpl93q52yyn7agsc,WOW,True,10637700.386509,50000.0,50000.0,340.0,0.01,213580000.0,64070000.0,7585.753174751467,0.0006743276631574,0.0492259194104954,340.0,0.01,7586.991717138872,0.0006744429283857,0.0492343337721606,1.1526522828992757e-07,8.414361665164713e-06,False,False,Survives to epoch 285
pool1cuccvs6vdlrxw67kwvzdx3gcl3ha0402mkhhseqmre7u7vdkwev,ADAGO,True,15877850.606273,400.0,400.0,340.0,0.01,213580000.0,64070000.0,11321.72351755304,0.0006847215376924,0.0499846722515454,340.0,0.0,11321.738361215366,0.0006916388517269,0.0504896361760703,6.917314034587561e-06,0.0005049639245248,False,True,Survives to epoch 285
pool1cuxntl7ppq6g9992cphc7t7xt6hghmevgu3u2d0tczps5hu6070,,False,25211.045332,25100.0,25100.0,340.0,0.0,213580000.0,64070000.0,17.976763798594654,0.0,0.0,,,,,,,,,,Exited by epoch 285
pool1cxd9pkptpkd6supm4dh0tlu9jfx63l4xjnn2fkvxk50y2j67665,CARL⭐,True,81413.438238,1000.0,1000.0,340.0,0.03,213580000.0,64070000.0,58.05201359654297,0.0,0.0,340.0,0.0081,58.052201543081935,0.0,0.0,0.0,0.0,False,True,Survives to epoch 285
pool1cyetkjtz5ly62hrukr2acyw0t8x9fczn0lkw0ech5x6wjt6xd9z,LUX,False,419983.072916,0.0,0.0,340.0,0.02,213580000.0,64070000.0,299.46934758487464,0.0,0.0,,,,,,,,,,Exited by epoch 285
pool1cyha5jsy6g06w699tw4awy2jw7gxj0azm38yzetr7zls7rkl0t0,PLUTS,False,127032.033086,5000.0,5000.0,340.0,0.01,213580000.0,64070000.0,90.58092858839068,0.0,0.0,,,,,,,,,,Exited by epoch 285
pool1d0ze7l6t8gjng564zsfyd7uw7snenpsjh9dacawdpr9g27djq8f,DEVIL,True,2244711.658518,1000.0,1000.0,340.0,0.03,213580000.0,64070000.0,1600.5961264816988,0.0005447373332103,0.0397658253243545,340.0,0.01,1600.6013706019269,0.0005559713436512,0.0405859080865422,1.1234010440926169e-05,0.0008200827621876,False,True,Survives to epoch 285
pool1d6x9pl4uz5daucpaql34ma2aewrxnlkcrkuahf9ut6ruxzakrw7,VapE,True,1386437.098307,20000.0,20000.0,340.0,0.01,213580000.0,64070000.0,988.627725242647,0.0004631594529418,0.0338106400647584,340.0,0.02,988.6916244100344,0.0004585262416146,0.0334724156378696,-4.633211327243663e-06,-0.0003382244268887,False,True,Survives to epoch 285
pool1d70vllztcsgx3ku8h5vnukzz2a7lpzjxfjmuqqvxtj9kq27hygs,LIV,True,2387078.292597,230000.0,230000.0,340.0,0.015,213580000.0,64070000.0,1702.6060482140338,0.0005622634840479,0.0410452343355004,340.0,0.015,1703.7715892725566,0.0005627444309637,0.0410803434603552,4.809469158198118e-07,3.510912485484626e-05,False,False,Survives to epoch 285
pool1dcjycc5mvj9svh9ys482078mnqutu48k3zj7uqzswj7m54a7hzr,JUST,True,520178.809975,25000.0,25000.0,340.0,0.02,213580000.0,64070000.0,370.9264179136439,5.826436789462381e-05,0.0042532988563075,340.0,0.02,370.9553666890276,5.831890644815964e-05,0.0042572801707156,5.4538553535829286e-08,3.981314408115538e-06,False,False,Survives to epoch 285
pool1ddskftmsscw92d7vnj89pldwx5feegkgcmamgt5t0e4lkd7mdp8,,False,66894.269558,7149.0,7149.0,340.0,0.05,213580000.0,64070000.0,47.69945320337888,0.0,0.0,,,,,,,,,,Exited by epoch 285
pool1denmfptpdhy2vp8q92ttrmalf3kynyv7aguudqzeq83d7zpcaeq,ACP1,True,775727.071129,10000.0,10000.0,340.0,0.03,213580000.0,64070000.0,553.1406287579503,0.0002665195241856,0.0194559252655508,340.0,0.03,553.1585290468735,0.0002665419074192,0.0194575592416048,2.2383233616249127e-08,1.6339760539861865e-06,False,False,Survives to epoch 285
pool1df9rj4n0t3zlpak7xnh4ue6t3yh9zlw7a02w4l8askp77up25rt,VEGAS,False,2321685.826032,100002.0,100002.0,340.0,0.03,213580000.0,64070000.0,1655.703016383777,0.0005497005286341,0.0401281385902948,,,,,,,,,,Exited by epoch 285
pool1djg8jsygtculv3q2qdrxtnpxfq003pdxcvlw2pvfupq7jm5xpgp,ADAAP,True,14674222.223836,10000.0,10000.0,340.0,0.02,213580000.0,64070000.0,10463.615621464058,0.0006760932986907,0.0493548108044266,340.0,0.02,10463.958423965689,0.0006761161923369,0.0493564820405979,2.2893646182465567e-08,1.6712361713199864e-06,False,False,Survives to epoch 285
pool1dkww2vlysa8lsnuf5rca979zdsyr3zvt59hu7e420yxfunkka2z,TRUE,True,7652396.01365,40000.0,40000.0,340.0,0.025,213580000.0,64070000.0,5456.8536149149,0.0006519438180725,0.047591898719295,340.0,0.022,5457.565864697633,0.0006540408267876,0.0477449803554996,2.097008715130889e-06,0.0001530816362045,False,True,Survives to epoch 285
pool1dlctawr8q0c7mpt58s92el8dl4s987utu4z9tunlfldxjzzudxk,,False,317358.186519,5750.0,5750.0,345.0,0.04,213580000.0,64070000.0,226.2943649446333,0.0,0.0,,,,,,,,,,Exited by epoch 285
pool1dlwh6hr0ne4es2xzprdhm3l3lw5xqwnlr8qc33uegya5ulv86wt,,False,2635463.753414,128000.0,128000.0,340.0,0.0288,213580000.0,64070000.0,1879.54171060462,0.0005673395839355,0.0414157896272975,,,,,,,,,,Exited by epoch 285
pool1dmqzwuql5mylffvn7ln3pr9j7kh4gdsssrmma5wgx56f6rtyf42,BNTY1,True,9748399.46849,1000000.0,1000000.0,340.0,0.03,213580000.0,64070000.0,6959.913778467148,0.0006587046813037,0.0480854417351721,340.0,0.03,6980.822868010049,0.0006607852091813,0.0482373202702402,2.0805278776450317e-06,0.000151878535068,False,False,Survives to epoch 285
pool1dqlgn7smehsnj5ztz8almy2036lfhrdjv79nmg9tmje0zzt620h,POA,True,3262855.804746,10000.0,10000.0,340.0,0.05895,213580000.0,64070000.0,2326.615155843805,0.0005729656179373,0.0418264901094277,340.0,0.03,2326.691197220663,0.0005906146567988,0.0431148699463126,1.7649038861437946e-05,0.0012883798368849,False,True,Survives to epoch 285
pool1druxd2syfrvqvepxh60fz0qhralcesruphh5atujuh0jktjy0ma,BSSP,True,3429071.685202,10000.0,10000.0,340.0,0.0,213580000.0,64070000.0,2445.1372194593737,0.0006139087813602,0.0448153410392998,340.0,0.0199,2445.217146430086,0.0006017148414016,0.0439251834223186,-1.2193939958646152e-05,-0.0008901576169811,False,True,Survives to epoch 285
pool1duzuav0k4r8jx9hx7c3avpyr2c9hc4muf0nv6f2n6ea47e9x5zf,SHARK,False,154447.220998,0.0,0.0,340.0,0.00999,213580000.0,64070000.0,110.1287444454192,0.0,0.0,,,,,,,,,,Exited by epoch 285
pool1dy7tz7eyf2qal2jcns4qwm4xqn34gc4rj9dz34kfs6zuju477k7,CSP,True,2179912.365335,10000.0,10000.0,340.0,0.0,213580000.0,64070000.0,1554.4104130369913,0.0005570913915387,0.0406676715823283,340.0,0.01,1554.461138671689,0.0005515435145027,0.0402626765587042,-5.547877035947074e-06,-0.0004049950236241,False,True,Survives to epoch 285
pool1dzz5se25fp696axykcw6wwp3yl4fk44jc62yeflrquvfxlktldq,ACP2,True,4265029.566129,10000.0,10000.0,340.0,0.03,213580000.0,64070000.0,3041.2261904490865,0.0006143426121928,0.0448470106900812,340.0,0.03,3041.3256594322434,0.0006143652345246,0.0448486621202971,2.2622331724911352e-08,1.6514302159185285e-06,False,False,Survives to epoch 285
pool1e0v3puyl9385sp8wa5gqq0dxmj97f9cf2r4weyah6ahuvxenhhy,RAUSI,False,69881.40981,5000.0,5000.0,340.0,0.019,213580000.0,64070000.0,49.8293336481654,0.0,0.0,,,,,,,,,,Exited by epoch 285
pool1e489239duee8dykj7ejx7dmazstwn6y6wfxc0kjaxw5hke5j4nv,MINT,True,1029905.725383,10000.0,10000.0,340.0,0.035,213580000.0,64070000.0,734.3855167106815,0.0003695309330223,0.0269757581106292,340.0,0.035,734.4093588808144,0.0003695532726341,0.0269773889022964,2.2339611880143034e-08,1.6307916672504417e-06,False,False,Survives to epoch 285
pool1e7lwdma6ke4vtt5mtgn72uxc26az7z7kep8uxcckjv7lseltjve,KING2,False,101882.239998,100000.0,100000.0,340.0,0.02,213580000.0,64070000.0,72.64742579360804,0.0,0.0,,,,,,,,,,Exited by epoch 285
pool1e8hyjnlqpm5r7we5r9yk6n0kuh0l7f9w2dpylph6u4jtsstntgx,,False,1138759.366902,0.0,0.0,340.0,0.0,213580000.0,64070000.0,811.9934984391962,0.0004144804531647,0.03025707308103,,,,,,,,,,Exited by epoch 285
pool1e8vr85ank99g6fx2r7tjel2mh2jyfppnqy6nmp8vr0arys65n05,RELY,True,2238690.281407,75000.0,75000.0,340.0,0.015,213580000.0,64070000.0,1596.4629208841363,0.0005528303702167,0.0403566170258228,340.0,0.02,1596.8427921081409,0.0005501904155727,0.0401639003368102,-2.6399546440081852e-06,-0.0001927166890125,False,True,Survives to epoch 285
pool1efcy26vzdpn42c042ylynmx568m0csfle5yvkumh3v5xjhdraxk,,True,4697532.995129,1900000.0,1900000.0,340.0,0.02,213580000.0,64070000.0,3354.9837523721408,0.0006289863382308,0.0459160026908506,340.0,0.02,3368.210912409774,0.0006317457902347,0.0461174426871366,2.7594520039183083e-06,0.000201439996286,False,False,Survives to epoch 285
pool1ek2m5zuydqcgqv3s5mlh55tr8gp76yuxe4hj4s7xtxajyc94rx3,,False,847475.403064,0.0,0.0,340.0,0.01,213580000.0,64070000.0,604.2931785028521,0.0003087408150983,0.0225380795021831,,,,,,,,,,Exited by epoch 285
pool1ekhy5xsgjaq38em75vevk8df0k0rljju77tljw288ys5kumqce5,SOBIT,True,37093147.946992,1000.0,1000.0,340.0,0.008,213580000.0,64070000.0,26449.34316288491,0.0006982547950525,0.0509726000388381,340.0,0.01,26449.42985659217,0.0006968493371057,0.0508700016087185,-1.4054579468446209e-06,-0.0001025984301196,False,True,Survives to epoch 285
pool1esgq3g4ll90ylfqg4rvdft06cdppyqc8urancufle6yrgpp5grw,,False,282524.160442,25000.0,25000.0,340.0,0.015,213580000.0,64070000.0,201.46058245722892,0.0,0.0,,,,,,,,,,Exited by epoch 285
pool1etfar35l4tf6vam3gvqf5dnaq7levz32vgw4p00jzk7q7twg2te,POP2,True,56646183.012818,50000.0,50000.0,340.0,0.05,213580000.0,64070000.0,40394.45201650689,0.0006717439268074,0.0490373066569408,340.0,0.05,40401.072575867416,0.0006718549586732,0.049045411983147,1.1103186583788938e-07,8.105326206165925e-06,False,False,Survives to epoch 285
pool1evg78egp8gfqae273kvmmdee2dnt6vty60dpwdespg4hujznh3a,SQUID,True,7383486.145399,50000.0,50000.0,340.0,0.008,213580000.0,64070000.0,5265.169471300282,0.0006617156204152,0.048305240290311,340.0,0.008,5266.027339618905,0.000661830878351,0.0483136541196239,1.1525793579280925e-07,8.413829312875075e-06,False,False,Survives to epoch 285
pool1ews5ryrhl5az8egrvun68x2wdhgvthxjtx7m380ksc6rzxkqz2f,,True,773186.635318,10000.0,10000.0,340.0,0.03,213580000.0,64070000.0,551.3291430324192,0.0002651226228931,0.0193539514712008,340.0,0.03,551.3469839341061,0.0002651450051665,0.0193555853771566,2.2382273368092096e-08,1.633905955870723e-06,False,False,Survives to epoch 285
pool1ey3d522fefeuxvqrymw9l8wyevuu7my9t2uz2m0lmwfgjg060qr,LATAM,False,164429.221721,60000.0,60000.0,340.0,0.015,213580000.0,64070000.0,117.25269834833058,0.0,0.0,,,,,,,,,,Exited by epoch 285
pool1f22470gz0h9zvr5asy86p8gx397qq8sdz5yxn6998hc82h8ds04,,False,895850.617994,45518.0,45518.0,340.0,0.005,213580000.0,64070000.0,638.825948498887,0.000331898882229,0.024228618402719,,,,,,,,,,Exited by epoch 285
pool1f43e2a7y72g8k8dszlr7d683u8y55dnrk4vt8k6dfsp32vx0nfu,,False,846921.649713,649100.0,649100.0,340.0,0.009,213580000.0,64070000.0,604.028605093672,0.0003089451636246,0.0225529969445983,,,,,,,,,,Exited by epoch 285
pool1favrzvccjq5ctetwurtrcxe734c7zlh60f4d62av6art527tssd,,False,191658.633129,0.0,0.0,340.0,0.0,213580000.0,64070000.0,136.662378851707,0.0,0.0,,,,,,,,,,Exited by epoch 285
pool1fftlhn68f3lejs2u39pcd5q33zgwnlumrp20dr6cqqkxwyuft2r,ARKA,False,185258.958114,1000.0,1000.0,340.0,0.025,213580000.0,64070000.0,132.0992687703992,0.0,0.0,,,,,,,,,,Exited by epoch 285
pool1fh4sh2telea0tfdy39h0drx6uq566yt9gf24edpz7335sclx39z,CANUK,True,16179647.145842,25000.0,25000.0,340.0,0.01,213580000.0,64070000.0,11537.318026727877,0.0006851413227085,0.0500153165577277,340.0,0.02,11538.262424264783,0.0006782779053744,0.0495142870923352,-6.863417334144095e-06,-0.0005010294653925,False,True,Survives to epoch 285
pool1fmykj5jqxtpxu0285209ar37taw52p68q87nmg6vpckhwrtje5w,,True,1454025.949826,100000.0,100000.0,340.0,0.02,213580000.0,64070000.0,1036.9303321008067,0.0004697245778457,0.0342898941827401,340.0,0.02,1037.2474852301232,0.0004699383361124,0.0343054985362071,2.1375826667150441e-07,1.5604353467019822e-05,False,False,Survives to epoch 285
pool1fp2ds5467a63k60r4sla6h8pju4q0z92h82hvqqv782vqqe4z38,,False,791616.172178,770000.0,770000.0,340.0,0.02,213580000.0,64070000.0,564.4815699644428,0.0002779022792824,0.0202868663876224,,,,,,,,,,Exited by epoch 285
pool1fs2m5rmlx66crcwwrrsf2pcxjhvk7kzdurcqusd3v5gm65cufnj,BIRD,True,42790396.395768,125000.0,125000.0,340.0,0.0,213580000.0,64070000.0,30517.07936394225,0.0007052301896162,0.0514818038419867,340.0,0.01,30529.575791681946,0.0006984670054779,0.0509880913998879,-6.763184138339684e-06,-0.0004937124420987,False,True,Survives to epoch 285
pool1fu567g42mlv9f7enek7zeh94c0aht98w44du7s29t0elzd9yazz,,True,1207860.271065,1000.0,1000.0,340.0,0.01,213580000.0,64070000.0,861.2671755960373,0.0004272468564472,0.0311890205206512,340.0,0.01,861.2699963330001,0.0004272491684113,0.031189189294031,2.3119641071934513e-09,1.68773379825122e-07,False,False,Survives to epoch 285
pool1fuzqy5r9x98826zv6wp40tr27uplemmstkd57cuw8jh5v5m90vn,247,True,2223103.726185,5000.0,5000.0,340.0,0.005,213580000.0,64070000.0,1585.1974298000837,0.0005573160748451,0.0406840734636969,340.0,0.005,1585.2233532496598,0.0005573276774672,0.0406849204551071,1.1602622057137885e-08,8.469914101710656e-07,False,False,Survives to epoch 285
pool1fyp482ntshhm9zfz4nv7pmsaeakscf5mnuzcxuvtqf6t56fc7l0,KYSN,True,52660171.786614,100.0,100.0,340.0,0.019,213580000.0,64070000.0,37549.39310829276,0.0006931693042542,0.0506013592105584,340.0,0.019,37549.40541605528,0.000693169533534,0.0506013759479857,2.292798261362486e-10,1.6737427307946147e-08,False,False,Survives to epoch 285
pool1g0hsnjnt0du3kp33gjua3npncngr3yg4ak2zfdhd4zvmy6r8hyd,EGGS,True,7734871.135629,225000.0,225000.0,340.0,0.04,213580000.0,64070000.0,5517.051761304137,0.0006425407228775,0.0469054727700632,340.0,0.02,5521.019554814779,0.0006564297031828,0.0479193683323475,1.38889803052649e-05,0.0010138955622843,False,True,Survives to epoch 285
pool1g2htk67ngtrw5mz6npgu3tugmcuqfgu0lxm8m26d7x79w75xupn,,True,750553.039824,100000.0,100000.0,340.0,0.025,213580000.0,64070000.0,535.2477836892917,0.0002536350917207,0.0185153616956158,340.0,0.0,535.400187188228,0.0002603416105463,0.0190049375698824,6.7065188255700575e-06,0.0004895758742666,False,True,Survives to epoch 285
pool1g535x9v4m6hp8j6emdr287xrfjyvezt4d3tnzr4fdkxlq429pqm,,False,50007.643786,50000.0,50000.0,340.0,0.01,213580000.0,64070000.0,35.65800107575686,0.0,0.0,,,,,,,,,,Exited by epoch 285
pool1g5gmej3cj67td4pmvmacnls8nuq0gjld2pwfeg3jwpxujdx6lmu,,True,22497813.548202,5.0,5.0,340.0,0.041618,213580000.0,64070000.0,16042.088424909936,0.0006688916181388,0.0488290881241329,340.0,0.0216,16042.0886878199,0.0006828629608494,0.0498489961420062,1.3971342710593078e-05,0.0010199080178732,False,True,Survives to epoch 285
pool1g5k0fks847av9zdayg05htnj8wx0ah7jmnwwqlt63rjdzyjr93n,ADAMS,False,312724.326661,5000.0,5000.0,340.0,0.01,213580000.0,64070000.0,222.98993303170033,0.0,0.0,,,,,,,,,,Exited by epoch 285
pool1g6g2d09le8hd6nv9jhyavewdnw8tu0ndst4lqysd00ru24cav0a,ONYX,True,2504682.74458,0.0,0.0,340.0,0.01,213580000.0,64070000.0,1785.9665205518584,0.0005715322064018,0.0417218510673318,340.0,0.01,1785.9665205518584,0.0005715322064018,0.0417218510673318,0.0,0.0,False,False,Survives to epoch 285
pool1gglca5t7h2tky6jrhp08sxsf3mecvh0xk6sc4v3mcpfzc8jwu2w,,False,72917.818903,10000.0,10000.0,340.0,0.009,213580000.0,64070000.0,51.9947534455679,0.0,0.0,,,,,,,,,,Exited by epoch 285
pool1gh4cj5h5glk5992d0wtela324htr0cn8ujvg53pmuds9guxgz2u,LAMBO,False,492.210058,0.0,0.0,340.0,0.01001,213580000.0,64070000.0,0.3509708710890233,0.0,0.0,,,,,,,,,,Exited by epoch 285
pool1glw78uuh552fkhu9v236qla6q4xef7qtx3z9h6e2mahhj5c392j,BWS,False,332646.786288,10000.0,10000.0,340.0,0.03,213580000.0,64070000.0,237.1973532859599,0.0,0.0,,,,,,,,,,Exited by epoch 285
pool1gm4mcrf8mytfetsj6ykulrmv4j70y7fhceawgdg2h09t5rtt7cf,ALTZ,True,1922714.463334,500000.0,500000.0,340.0,0.02,213580000.0,64070000.0,1371.7081872619171,0.0005258576053791,0.0383876051926781,340.0,0.02,1373.3935695406412,0.000526716638098,0.0384503145811594,8.59032718922596e-07,6.27093884813495e-05,False,False,Survives to epoch 285
pool1gpz25s2aasmqnh9tg8a2rxmyxuvmj5s779htxk295e9ajnzjflc,MUGGY,True,3729461.327321,10000.0,10000.0,340.0,0.0,213580000.0,64070000.0,2659.3333610976615,0.000621895002398,0.0453983351750563,340.0,0.005,2659.4203102141764,0.0006188087249374,0.0451730369204351,-3.0862774605640905e-06,-0.0002252982546211,False,True,Survives to epoch 285
pool1gqf605yxhmyfasdjhf8yxcesztgzuek9gfuvy2dnyj5cyp8zga3,OLEUM,True,2042553.6981,1.0,1.0,340.0,0.0,213580000.0,64070000.0,1456.4449466719475,0.0005465927029044,0.0399012673120244,340.0,0.01,1456.4449514458115,0.0005411267781892,0.0395022548078139,-5.465924715212784e-06,-0.0003990125042105,False,True,Survives to epoch 285
pool1gqvrgg7zycvf65ydkjeph72t0yx0f5ykzd9f477zh4f3smwk997,SAND,True,3981759.760843,100000.0,100000.0,340.0,0.02,213580000.0,64070000.0,2839.5867272324317,0.0006152041157222,0.0449099004477229,340.0,0.02,2840.4958622350277,0.0006154278741496,0.0449262348129262,2.2375842744350258e-07,1.633436520337569e-05,False,False,Survives to epoch 285
pool1grgycym8cf0xmgjjr7gx7udmkpu93hqaygysy5myx6ghx8dvl5r,THOR,True,1123693.524264,100000.0,100000.0,340.0,0.025,213580000.0,64070000.0,801.3533671279408,0.0004003044631269,0.029222225808268,340.0,0.03,801.5931581524197,0.0003984586132603,0.0290874787680041,-1.8458498666295384e-06,-0.0001347470402639,False,True,Survives to epoch 285
pool1gtphgrdj8sluxm9e7ca2spcwcq2p0dxj9zf5v0yv3gsagzq704n,ADAFR,True,44018723.080632,3030000.0,3030000.0,340.0,0.0185,213580000.0,64070000.0,31513.880199475225,0.0006950942979363,0.0507418837493509,340.0,0.0185,31823.315990602525,0.000701993889922,0.0512455539643129,6.899591985781131e-06,0.000503670214962,False,False,Survives to epoch 285
pool1gx2pz27mgupdqynr54s57jrepc3n28yx0wlx0j5ypka55aan9qx,LUCKY,True,2902600.53533,1000.0,1000.0,340.0,0.005,213580000.0,64070000.0,2069.7051029258373,0.0005929360779972,0.0432843336937972,340.0,0.005,2069.7118846983403,0.000592938402762,0.0432845034016298,2.3247648301858923e-09,1.6970783260357013e-07,False,False,Survives to epoch 285
pool1gyvjd6n3t88lyyhzd8juqg0fnzq2kwlmnrggd4wghf8r7wndz4v,,False,350806.346575,30000.0,30000.0,340.0,0.05,213580000.0,64070000.0,250.1524548891683,0.0,0.0,,,,,,,,,,Exited by epoch 285
pool1h0anq89dytn6vtm0afhreyawcnn0w99w7e4s4q5w0yh3ymzh94s,GIVE,False,4427646.871585,1.0,1.0,340.0,0.04,213580000.0,64070000.0,3157.1380070773153,0.0006108103390427,0.0445891547501177,,,,,,,,,,Exited by epoch 285
pool1h0jfkyfqt729vxhq8ndxffcqn2afjhzzlwqecrvsufgu5sag0sj,RAID3,True,403518.847905,50000.0,50000.0,340.0,0.01,213580000.0,64070000.0,287.74722399862674,0.0,0.0,340.0,0.01,287.7885841360939,0.0,0.0,0.0,0.0,False,False,Survives to epoch 285
pool1h0prd5vcdv6uk7hglztdcqfp5czjqxdydxkxkdhg8rrk22mr4ym,SIGN,True,482951.199475,1000.0,1000.0,340.0,0.002,213580000.0,64070000.0,344.3693155250079,9.02902177010454e-06,0.0006591185892176,340.0,0.01,344.37044196659326,8.958953930812844e-06,0.0006540036369493,-7.006783929169729e-08,-5.114952268293901e-06,False,True,Survives to epoch 285
pool1h290edu6y50y09ulac7t6krculahk9fjwzvx4hqeqc7l2ruttku,LION,True,872260.991764,200000.0,200000.0,340.0,0.0,213580000.0,64070000.0,622.1013940517225,0.0003234139743899,0.023609220130467,340.0,0.0,622.4172909540779,0.0003237761330848,0.0236356577151918,3.6215869486091665e-07,2.6437584724846915e-05,False,False,Survives to epoch 285
pool1h5jtxde8j86qrnqzj32ugn480u7gw5xw8wqy5d227rl3vfg58qz,PEACE,True,84415.42837,51000.0,51000.0,340.0,0.024,213580000.0,64070000.0,60.19421299580791,0.0,0.0,340.0,0.024,60.198206441750855,0.0,0.0,0.0,0.0,False,False,Survives to epoch 285
pool1h7eevnu53zdfujqfzldw4jgdjh475u0glvtruwrnmdmycn6jdzs,,True,113590.728665,100.0,100.0,340.0,0.01,213580000.0,64070000.0,80.99599334496332,0.0,0.0,340.0,0.01,80.9960198701254,0.0,0.0,0.0,0.0,False,False,Survives to epoch 285
pool1hcg8sa642l0xeygkzvpgn3sfj5s2yeuzpws7a0gypyy7grrjcje,,True,1939140.95197,10000.0,10000.0,340.0,0.02,213580000.0,64070000.0,1382.7257058154623,0.0005269710748262,0.0384688884623134,340.0,0.02,1382.7708029872151,0.0005269938659638,0.0384705522153603,2.2791137628736836e-08,1.663753046897789e-06,False,False,Survives to epoch 285
pool1hdglvd3xn5m0glqx3l8cy73ajdlxzn7ztlvzwuythj95kwnmvwe,,False,4847781.606699,1618033.988749,1618033.988749,345.0,0.0777,213580000.0,64070000.0,3462.0090552746024,0.0005930171127567,0.0432902492312404,,,,,,,,,,Exited by epoch 285
pool1heks0vmxkfka2amg9c8yn8qdsxvgmzelfx6jhpfkj8ht5mn0r2m,ADA,False,2517415.347862,25000.0,25000.0,340.0,0.03,213580000.0,64070000.0,1795.107931560405,0.000560676129512,0.0409293574543824,,,,,,,,,,Exited by epoch 285
pool1hht4pctn70tqdsd0zwuxv8d8cz6l5scjzaquty7vamyzy78eqvc,ACL,True,25406439.449496,750000.0,750000.0,340.0,0.01,213580000.0,64070000.0,18134.675280107334,0.000693396198327,0.0506179224778727,340.0,0.01,18178.573355064855,0.0006951067526254,0.0507427929416576,1.7105542984224105e-06,0.0001248704637848,False,False,Survives to epoch 285
pool1hjjj584gq0ynqf06g036a4a0stpm90asrdfskpasqjxf5948ygv,,True,5790454.843324,1000000.0,1000000.0,340.0,0.03,213580000.0,64070000.0,4133.714710780271,0.0006355119535556,0.0463923726095656,340.0,0.01999,4145.185579591507,0.0006440115708966,0.0470128446754588,8.499617341002782e-06,0.0006204720658932,False,True,Survives to epoch 285
pool1hkpgddlnya3pgktj3sxdraa8x8400vhaphcudvym9ye22esak43,ISP,True,43774077.732708,50000.0,50000.0,350.0,0.1,213580000.0,64070000.0,31215.33978573304,0.0006345948845977,0.046325426575634,350.0,0.1,31220.454581696413,0.0006347000453824,0.0463331033129223,1.0516078477180829e-07,7.676737288342004e-06,False,False,Survives to epoch 285
pool1hn7hlwrschqykupwwrtdfkvt2u4uaxvsgxyh6z63703p2knj288,,True,341226.352398,100000.0,100000.0,340.0,0.03,213580000.0,64070000.0,243.335966246122,0.0,0.0,340.0,0.02,243.3925076023951,0.0,0.0,0.0,0.0,False,True,Survives to epoch 285
pool1hnp560z9e5acwux8tjguxq36j9r255zuf02u7z2d46dvcf5zhns,LCP,True,4855096.676455,333333.333333,333333.333333,340.0,0.0,213580000.0,64070000.0,3463.443661288914,0.0006433329487415,0.0469633052581304,340.0,0.0,3466.992005702349,0.0006440637981251,0.0470166572631351,7.308493836266942e-07,5.335200500474868e-05,False,False,Survives to epoch 285
pool1hqemm6x7d4w89yjswycn3tckze7a7mcw9g458pmuggy7jm26m38,NIHON,False,421793.477487,0.0,0.0,340.0,0.0,213580000.0,64070000.0,300.7602583636776,0.0,0.0,,,,,,,,,,Exited by epoch 285
pool1htf4qwm5t82mefqkns5p7d5w30rk8xdduty434vchq2hcvwt6ka,,True,234720.461095,210000.0,210000.0,340.0,0.02,213580000.0,64070000.0,167.37290607195044,0.0,0.0,340.0,0.02,167.38553006858743,0.0,0.0,0.0,0.0,False,False,Survives to epoch 285
pool1hup05mr0g5uq3ng2xd4qpp83dhfyssxruunapthyumv5x63krug,,False,4133991.710274,300.0,300.0,340.0,0.03,213580000.0,64070000.0,2947.7481400474967,0.0006118821403438,0.0446673962450989,,,,,,,,,,Exited by epoch 285
pool1hv3yae6keeeu2y7eusejx4swd2myfkurldt7lasn2qu4xk20j8m,BLESS,True,1349114.444598,40.0,40.0,340.0,0.01,213580000.0,64070000.0,961.9874497204352,0.0004564235285515,0.0333189175842602,340.0,0.01,961.9875758430712,0.0004564236211021,0.0333189243404572,9.255064331017623e-11,6.756196961642865e-09,False,False,Survives to epoch 285
pool1hvcgam7eyh898u5q6afqqwkvh5tyek2fwctwrhvtgusgqkgkpz8,JESUS,False,1637.373368,777.0,777.0,347.77,0.00777,213580000.0,64070000.0,1.1675313770836802,0.0,0.0,,,,,,,,,,Exited by epoch 285
pool1hw3cgyx7tvxh2fpd46k9sqgruu5pfnzt4nxuyv2w7nlmusutda2,THREE,True,3130117.989888,33333.0,33333.0,343.0,0.03333,213580000.0,64070000.0,2232.037147365811,0.0005833887237296,0.0425873768322674,343.0,0.03333,2232.2785705760552,0.000583463282125,0.0425928195951295,7.455839537071334e-08,5.442762862062074e-06,False,False,Survives to epoch 285
pool1hwlghkwnjsjk8370qt3dvp23d7urwm36f95fmxcz3np2kghknj9,PEGA,True,53889630.594372,500.0,500.0,340.0,0.03,213580000.0,64070000.0,38426.08164583691,0.0006855400341215,0.0500444224908708,340.0,0.03,38426.14462144461,0.0006855411676668,0.0500445052396804,1.1335453368056107e-09,8.27488095868096e-08,False,False,Survives to epoch 285
pool1j6dh3ynys827j38976q0q3s3c9hpzgx40kjcq4472h6m7d3t0hm,KIND,True,2738141.62688,100000.0,100000.0,340.0,0.03,213580000.0,64070000.0,1952.6989653489543,0.0005713064587425,0.041705371488209,340.0,0.03,1953.3168515699824,0.0005715253479441,0.041721350399921,2.1888920153484946e-07,1.597891171204401e-05,False,False,Survives to epoch 285
pool1j6zqawj6f58lp4p00t26eqe58gxx4pa3cudlzpkv23y92nlxjzd,GURU,True,25900081.496442,0.0,0.0,340.0,0.008,213580000.0,64070000.0,18468.078854420615,0.0006943242331517,0.0506856690200786,420.0,0.024,18468.078854420615,0.0006801107928689,0.0496480878794303,-1.4213440282854128e-05,-0.0010375811406483,True,True,Survives to epoch 285
pool1j8nnq9j3ngh665tyxsfkjfxlqprj0ftq5aj38mlx7svhj0wm5s7,,False,20040.000383,17000.0,17000.0,340.0,0.005,213580000.0,64070000.0,14.289593980151782,0.0,0.0,,,,,,,,,,Exited by epoch 285
pool1jezf7dcx26edfpxmpuh05yen64a9cj44xm2ggsapcxrtqewfek2,CURRY,True,1463539.094772,1000000.0,1000000.0,340.0,0.03,213580000.0,64070000.0,1044.049136188146,0.0004666275499862,0.0340638111489937,340.0,0.0274,1045.2019258472656,0.0004686443946247,0.0342110408076053,2.01684463851568e-06,0.0001472296586116,False,True,Survives to epoch 285
pool1jgwu8lq3dqddnnx7prymcgcyrqy0fdlghg33he2hmw9t2gma3zd,KIWI,True,2394406.350667,175369.0,175369.0,340.0,0.02,213580000.0,64070000.0,1707.7239348713126,0.0005597919734052,0.0408648140585815,340.0,0.02,1708.636951052134,0.0005601656592906,0.0408920931282172,3.736858854202011e-07,2.7279069635674676e-05,False,False,Survives to epoch 285
pool1jhh5u4q6r6ym8rl7lcf9qc8lgsds8sxh0kl6lajkh5wkgkq6efy,,False,483344.879398,70000.0,70000.0,345.0,0.01,213580000.0,64070000.0,344.67853734686224,0.0,0.0,,,,,,,,,,Exited by epoch 285
pool1jhzf2mm6zdlhl6w89uhgx8nq8p6ykcc86qq58vjy0ejyxrrksfj,LOVE,True,39149150.451987,10.0,10.0,340.0,0.03,213580000.0,64070000.0,27915.341034188365,0.000683235280826,0.049876175500298,340.0,0.03,27915.341949184163,0.0006832353034968,0.0498761771552727,2.2670886001829868e-11,1.6549746781335804e-09,False,False,Survives to epoch 285
pool1jjry6f6q0swaq457ft9eclaxaskvrxnpj0v3w8edsyfryml3vj6,STACK,True,54386233.827517,50000.0,50000.0,340.0,0.02,213580000.0,64070000.0,38782.879802303665,0.0006927124670139,0.0505680100920193,340.0,0.02,38789.23599552606,0.0006928270009487,0.050576371069258,1.1453393477666061e-07,8.360977238696223e-06,False,False,Survives to epoch 285
pool1jk25l2pejpdzq8vdjlxrr05th49v9tgd78fqrtxvuw3rumpfc6t,GROW,True,2011399.4982,555.0,555.0,340.0,0.0,213580000.0,64070000.0,1434.2315291954146,0.0005440150155027,0.0397130961316977,340.0,0.04,1434.2341375891103,0.0005222556598157,0.038124663166551,-2.1759355686941156e-05,-0.0015884329651467,False,True,Survives to epoch 285
pool1jm220zs5txnxe6nt89hajtm6hwsf902e2dwjrtfuq33uw835g65,CHAMP,True,1879033.586084,25000.0,25000.0,340.0,0.025,213580000.0,64070000.0,1339.8931953352471,0.0005188283342415,0.0378744683996323,340.0,0.02,1340.0015824347936,0.0005215455210827,0.038072823039038,2.717186841174105e-06,0.0001983546394057,False,True,Survives to epoch 285
pool1jpz5m45ff4r6tnq7n5tw63fkhpmw3cyv8sn569w24x8lj3kl68c,ADP,True,2778787.230649,10000.0,10000.0,340.0,0.01,213580000.0,64070000.0,1981.444729431932,0.0005847983840627,0.0426902820365774,340.0,0.01,1981.5094548390323,0.0005848214438178,0.0426919653987001,2.3059755105739842e-08,1.6833621227190084e-06,False,False,Survives to epoch 285
pool1jq3s8emkm332n7vd3n57amjzspvt3hygh4wqsyp33psugvw7zc0,,False,106377.807013,500.0,500.0,340.0,0.01,213580000.0,64070000.0,75.85285404696388,0.0,0.0,,,,,,,,,,Exited by epoch 285
pool1jr90qgglajrga8pftpt6eevtrpxnznjkg7gvrqnehm64qmg8m7s,,True,206695.287369,20000.0,20000.0,340.0,0.02,213580000.0,64070000.0,147.38802025852084,0.0,0.0,340.0,0.02,147.3967510819139,0.0,0.0,0.0,0.0,False,False,Survives to epoch 285
pool1jre4hpk3hwzlzh64nfsjkhe6gp4006sy2v8ktqre2qth7uswrtf,,True,1797410.783131,1000.0,1000.0,340.0,0.032,213580000.0,64070000.0,1281.6473446871628,0.0005071264945174,0.0370202340997773,340.0,0.032,1281.651543352402,0.0005071287557189,0.0370203991674865,2.261201495793938e-09,1.650677091929575e-07,False,False,Survives to epoch 285
pool1jt7d6ak3m8gnjyxtuxfswe258xzwda80ndl0a57vv5m2zv8h6at,CARDs,True,3729431.950196,1000.0,1000.0,340.0,0.02,213580000.0,64070000.0,2659.278893258347,0.0006094475903424,0.0444896740950004,340.0,0.02,2659.2876075444565,0.0006094498802355,0.0444898412571947,2.2898930725776326e-09,1.671621942981672e-07,False,False,Survives to epoch 285
pool1jyutduy73e5u9877uns3k9rm0tf4r24j8lrn4xtkjpl3q5sn5mw,KOALA,True,3730453.000534,500.0,500.0,340.0,0.0,213580000.0,64070000.0,2660.0050878227357,0.0006219097486258,0.0453994116496887,340.0,0.01902160583104,2660.009446699092,0.0006100811727567,0.0445359256112422,-1.1828575869130889e-05,-0.0008634860384465,False,True,Survives to epoch 285
pool1k0ucs0fau2vhr3p7qh7mnpfgrllwwda7petxjz2gzzaxkyp8f88,POLY,True,1840239.438518,1000000.0,1000000.0,340.0,0.0,213580000.0,64070000.0,1313.0347489536653,0.0005287544265094,0.0385990731351901,340.0,0.0,1315.0858283390642,0.0005298689985278,0.0386804368925361,1.1145720184383432e-06,8.136375734599905e-05,False,False,Survives to epoch 285
pool1k0xa8wlsntmjhtw2shj3tspqd4kjyquw9tuyx5s7zz5jsyw4y2p,WMOPS,True,10263214.463365,150000.0,150000.0,340.0,0.0,213580000.0,64070000.0,7319.715720791035,0.0006800711166764,0.0496451915173844,340.0,0.0,7323.272169661837,0.0006804176405539,0.0496704877604372,3.465238774360332e-07,2.5296243052830425e-05,False,False,Survives to epoch 285
pool1k0xrqp03mn9u3q3sadndd6vu9udl5v38xpzyw0shm8sskuxw2av,JP2,True,57751509.363975,50000.0,50000.0,340.0,0.05,213580000.0,64070000.0,41182.66143587664,0.0006718530613554,0.0490452734789456,340.0,0.05,41189.41129498459,0.0006719640950967,0.0490533789420632,1.110337413372112e-07,8.105463117616418e-06,False,False,Survives to epoch 285
pool1k3sjc2sypvtrgne7gc7mlgv5pfu2pn4zdlyky9tkxzmckcp9mxr,,True,2695355.87579,100000.0,100000.0,340.0,0.03,213580000.0,64070000.0,1922.1862557089048,0.000569394446879,0.0415657946221704,340.0,0.03,1922.794121733593,0.0005696132046502,0.0415817639394672,2.1875777118853402e-07,1.5969317296762983e-05,False,False,Survives to epoch 285
pool1k53pf4wzn263c08e3wr3gttndfecm9f4uzekgctcx947vt7fh2p,VAULT,True,668811.141587,10000.0,10000.0,340.0,0.0,213580000.0,64070000.0,476.90304804105193,0.0002046961235068,0.0149428170160002,340.0,0.0,476.9184489786642,0.0002047191508409,0.0149444980113901,2.302733410764336e-08,1.6809953898579654e-06,False,False,Survives to epoch 285
pool1k6knum588fm9fe5tmljeytyx65rv6h5jn8au824t86zt62nyd9e,ZONE,True,1906915.480145,0.0,0.0,340.0,0.01,213580000.0,64070000.0,1359.7279784957864,0.0005294050571313,0.0386465691705888,340.0,0.01,1359.7279784957864,0.0005294050571313,0.0386465691705888,0.0,0.0,False,False,Survives to epoch 285
pool1kchver88u3kygsak8wgll7htr8uxn5v35lfrsyy842nkscrzyvj,STKH1,True,36335962.16331,50000.0,50000.0,340.0,0.019,213580000.0,64070000.0,25911.21150902685,0.0006903727601215,0.0503972114888707,340.0,0.018,25915.456203175137,0.000691191219284,0.0504569590077369,8.184591625504068e-07,5.97475188661797e-05,False,True,Survives to epoch 285
pool1kjd9ff9u5ytq4atavv2dfsg3pvxqw8d50642pzmpn386zel0ka8,HASH,True,18298385.356306,101000.0,101000.0,340.0,0.04,213580000.0,64070000.0,13049.523562618077,0.000666787936888,0.0486755193928259,340.0,0.04,13053.828047237012,0.0006670137658425,0.0486920049065049,2.2582895450689019e-07,1.6485513679002982e-05,False,False,Survives to epoch 285
pool1kkfkdces5mdcyc9dn2hgg3463jggjvw3h89nejjarkz25uavaqu,1PCT9,True,61303699.465481,50000.0,50000.0,340.0,0.01,213580000.0,64070000.0,43715.73204843217,0.0007004793365223,0.0511349915661341,340.0,0.01,43722.89743846673,0.0007005950511724,0.0511434387355923,1.1571465011184225e-07,8.447169458164483e-06,False,False,Survives to epoch 285
pool1kkmk9dnzrrjtnsejttydecmq63x4dpkln70yfledaednj7mf7rk,LUM,True,1870546.952281,2000.0,2000.0,400.0,0.0238,213580000.0,64070000.0,1333.799106549705,0.0004873305568204,0.0355751306478899,400.0,0.0238,1333.807841258539,0.0004873351152853,0.035575463415833,4.558464973926975e-09,3.327679430966692e-07,False,False,Survives to epoch 285
pool1kkwd6say8twq3z9e36v57adw02j2x52ascd6eumxy5zd66qm4fa,NDE,True,10090331.724679,10.0,10.0,340.0,0.03,213580000.0,64070000.0,7194.9211666279,0.0006589747208574,0.0481051546225912,340.0,0.03,7194.921402459437,0.0006589747435282,0.0481051562775647,2.267086908827598e-11,1.6549734434441463e-09,False,False,Survives to epoch 285
pool1krznhwu3h5pu2stuslr53z5rme50t6384macsmylcnljwc7yjky,LEAF,True,34223399.491433,150000.0,150000.0,340.0,0.02,213580000.0,64070000.0,24408.151668373182,0.0006892006342301,0.0503116462987973,340.0,0.02,24420.133661712815,0.0006895437431452,0.0503366932496045,3.431089151672293e-07,2.5046950807207737e-05,False,False,Survives to epoch 285
pool1ksh2u6kktx74ugv8jadrdqttwyjz9074ke82xt6j0qgfvdn43a5,,True,1657343.674465,1000.0,1000.0,340.0,0.0,213580000.0,64070000.0,1181.7722133455309,0.0005079044414956,0.037077024229184,340.0,0.01,1181.776084638601,0.0005028277095643,0.0367064227981982,-5.076731931312668e-06,-0.0003706014309858,False,True,Survives to epoch 285
pool1ksh2zpeeqe0rpcug63up5l66g3kr5vf58jraeun82rur6m4g6xz,TRUST,True,863536.571504,200.0,200.0,340.0,0.005,213580000.0,64070000.0,615.7457835615363,0.0003177248812587,0.0231939163318914,340.0,0.005,615.7461871220595,0.0003177253462567,0.0231939502767405,4.64997932682603e-10,3.3944849085830026e-08,False,False,Survives to epoch 285
pool1ksrg8a964464las0ymw88slrwxkychjz9lh09lqltu5m7nw3pq0,QUEEN,True,26339551.9067,10000.0,10000.0,340.0,0.01,213580000.0,64070000.0,18781.707388483803,0.0006931511355724,0.0506000328967898,340.0,0.011,18782.32288895627,0.0006924740937805,0.0505506088459799,-6.770417919172919e-07,-4.942405080996231e-05,False,True,Survives to epoch 285
pool1ktgug7wwf9k4hcsuk68ftkh8xs5n0333fzxyw9sagz8njhlskgm,TREE,True,1456530.09402,122000.0,122000.0,340.0,0.0,213580000.0,64070000.0,1038.743401191407,0.0004797315236123,0.0350204012236992,340.0,0.0,1039.1249558170512,0.0004799934849869,0.0350395244040484,2.6196137464698076e-07,1.9123180349229596e-05,False,False,Survives to epoch 285
pool1ku2ppcx5zgas98hfrl23xtak8u2wj3hsy3hglxhg9xp4qck5awm,,False,1177856.964672,300000.0,300000.0,340.0,0.0,213580000.0,64070000.0,840.1363470362529,0.0004246155195724,0.0309969329287902,,,,,,,,,,Exited by epoch 285
pool1kvd03hq8kp0hnxq9lq598a5amrvauj9m386rwx7ydawvjdskwnh,CAKE,True,1909709.371976,500.0,500.0,340.0,0.022,213580000.0,64070000.0,1361.7211219484236,0.0005232436264538,0.0381967847311284,340.0,0.0,1361.72335307777,0.0005350151012876,0.0390561023940005,1.1771474833865091e-05,0.0008593176628721,False,True,Survives to epoch 285
pool1l0pmgdsymmdntuyan4snj88q8nm9axemwefu5ymkuq2s6gr90cn,SWIM2,True,57058155.797831,0.0,0.0,340.0,0.0,213580000.0,64070000.0,40685.37470458995,0.0007070921613299,0.0516177277770871,340.0,0.015,40685.37470458995,0.00069648577891,0.0508434618604308,-1.0606382419949469e-05,-0.0007742659166563,False,True,Survives to epoch 285
pool1l0qnutsvgcljl9nrkf2gn9hwffg0uss22fuwtluv6lmqqx33alt,,False,16481.254535,10000.0,10000.0,340.0,0.01,213580000.0,64070000.0,11.752039849745582,0.0,0.0,,,,,,,,,,Exited by epoch 285
pool1l5kwfudnqrhw3k4lwzcppu36nun9puvvr7xnanuz8a2zx4jaek5,ADOPT,True,3507498.649926,250.0,250.0,340.0,0.042,213580000.0,64070000.0,2501.026276797256,0.0005902391931684,0.0430874611012972,340.0,0.042,2501.028326097294,0.0005902397528919,0.0430875019611131,5.597235045243232e-10,4.085981583027559e-08,False,False,Survives to epoch 285
pool1l6hkustv67tynh66w46mys94wsxhwddgp28k3r5twwlsv80uw0k,CASCH,True,614959.478297,50000.0,50000.0,340.0,0.025,213580000.0,64070000.0,438.5257667683728,0.0001562096788315,0.0114033065546997,340.0,0.025,438.591860976529,0.0001563144692367,0.0114109562542841,1.0479040526506717e-07,7.649699584349903e-06,False,False,Survives to epoch 285
pool1l8myd66tqjk75kh7uk9k8nyl20sd4qs33s4tzzn927ujyl7ahyk,KURD,True,3343925.766061,500.0,500.0,340.0,0.03,213580000.0,64070000.0,2384.3912655255945,0.0005930333584814,0.0432914351691462,340.0,0.03,2384.395172700704,0.0005930344918678,0.0432915179063505,1.133386361108421e-09,8.273720436091475e-08,False,False,Survives to epoch 285
pool1ld9hkah2dkzh73pvh9tf6xr0x28us34msv3zcv2sase5vhvq962,KOPI,True,7480655.877579,1000.0,1000.0,340.0,0.008,213580000.0,64070000.0,5334.096600337878,0.0006622606237487,0.0483450255336582,340.0,0.008,5334.11408218065,0.000662262941993,0.0483451947654939,2.318244324370916e-09,1.692318356790769e-07,False,False,Survives to epoch 285
pool1lhwzsyhh7dmw9wuz7qxnml2z5ef5303lp7jxgss2qnat22sprgx,UNION,True,1186873.725787,50000.0,50000.0,340.0,0.019,213580000.0,64070000.0,846.3584367047404,0.000418526095586,0.0305524049777846,340.0,0.01,846.4914327538498,0.0004224767197486,0.030840800541649,3.950624162525715e-06,0.0002883955638643,False,True,Survives to epoch 285
pool1ljlmfg7p37ysmea9ra5xqwccue203dpj40w6zlzn5r2cvjrf6tw,AAA,True,62628917.193837,300000.0,300000.0,340.0,0.0275,213580000.0,64070000.0,44676.36611767631,0.0006884538002787,0.0502571274203487,340.0,0.0275,44720.33605054918,0.0006891365641142,0.050306969180343,6.82763835538119e-07,4.984175999428269e-05,False,False,Survives to epoch 285
pool1ljywsch33t7gaf02aeeqkqpuku0ngpwl9fm04t7u5sl5xyunmgp,AUTO,True,16979605.975077,100.0,100.0,340.0,0.0,213580000.0,64070000.0,12107.32661802281,0.0006930270723181,0.0505909762792224,340.0,0.0,12107.33058648924,0.0006930273060376,0.050590993340752,2.3371958318349484e-10,1.7061529572395123e-08,False,False,Survives to epoch 285
pool1lk0hu3njxgra3emgfa73268el89qzytecff0fzz982avvjsw3l6,IMPI,True,520076.74089,10000.0,10000.0,340.0,0.025,213580000.0,64070000.0,370.8463460407888,5.782836459539003e-05,0.0042214706154634,340.0,0.025,370.8582700454409,5.785071880510894e-05,0.0042231024727729,2.2354209718909268e-08,1.6318573094803766e-06,False,False,Survives to epoch 285
pool1lllmq2jgcqrag5c77lpc5m34fsqn63leadyx9tzx842n66ly3ql,,True,1571216.192964,100000.0,100000.0,340.0,0.0,213580000.0,64070000.0,1120.5046943690988,0.0004967519414987,0.0362628917294067,340.0,0.001,1120.849292832794,0.0004964742898101,0.0362426231561387,-2.7765168860349656e-07,-2.026857326805525e-05,False,True,Survives to epoch 285
pool1llxh8l0h8g9ghz3nrzh7ndvev4x43vnk72nsemzm795vxqs6dp8,JP4,True,48265154.981123,50000.0,50000.0,340.0,0.05,213580000.0,64070000.0,34417.93184066098,0.0006707537821289,0.0489650260954129,340.0,0.05,34423.57199744042,0.0006708647969789,0.0489731301794629,1.1101485000025725e-07,8.104084050018778e-06,False,False,Survives to epoch 285
pool1lv7v8r8ge22agkuv2astu503d42v749p6rp3sg8l6twuwqm525c,,False,507152.915478,100.0,100.0,345.0,0.15,213580000.0,64070000.0,361.6259412510798,2.7865461544469525e-05,0.0020341786927462,,,,,,,,,,Exited by epoch 285
pool1lzrg40g7vwgrxf52h40mjv77wywajekkfr5p63gcaa6gxrnqy2t,,True,2380394.205279,6000.0,6000.0,340.0,0.0199,213580000.0,64070000.0,1697.3567231990903,0.0005588760556789,0.0407979520645655,340.0,0.0199,1697.390023936848,0.0005588897668756,0.0407989529819217,1.3711196659711536e-08,1.0009173561589422e-06,False,False,Survives to epoch 285
pool1m62sl6rauje9cknrkhwl39tc4hujudkd7gp478dpz7tagmjr8wm,,True,54099522.253634,35000.0,35000.0,340.0,0.0,213580000.0,64070000.0,38577.61365487059,0.000706801318422,0.0515964962448083,340.0,0.0089,38582.03939284696,0.0007005918659421,0.0511432062137746,-6.209452479913531e-06,-0.0004532900310336,False,True,Survives to epoch 285
pool1m83drqwlugdt9jn7jkz8hx3pne53acfkd539d9cj8yr92dr4k9y,BKIND,True,20619463.0445,5000.0,5000.0,340.0,0.04,213580000.0,64070000.0,14702.831855138626,0.0006687040565108,0.0488153961252933,400.0,0.04,14703.072780699464,0.0006659217963066,0.0486122911303835,-2.7822602042442204e-06,-0.0002031049949098,True,False,Survives to epoch 285
pool1maknvmsdvk240a7w8rclvq2lu5pzk906cuh9cw7j30z76ff257u,,True,15223263.152027,750000.0,750000.0,340.0,0.025,213580000.0,64070000.0,10865.875066253157,0.0006741477229361,0.049212783774339,340.0,0.0225,10891.651379897718,0.0006775314281075,0.0494597942518517,3.3837051714062172e-06,0.0002470104775126,False,True,Survives to epoch 285
pool1mc4h5pk0juqfd5lj08d09d9tfeyd86v7se4kq2jyu9j0jy8ey4y,,True,375803.680611,10000.0,10000.0,340.0,0.02,213580000.0,64070000.0,267.9708519454639,0.0,0.0,340.0,0.02,267.9794033089773,0.0,0.0,0.0,0.0,False,False,Survives to epoch 285
pool1mc6f3tvzp59yfn2przflkq9q6k00g0hfpyck5t5whjs8qdcjuj3,,True,7960965.846396,0.0,0.0,340.0,0.005,213580000.0,64070000.0,5676.574609573639,0.0006669908951976,0.0486903353494301,340.0,0.009,5676.574609573639,0.0006643095247647,0.0484945953078244,-2.681370432955398e-06,-0.0001957400416057,False,True,Survives to epoch 285
pool1mcvq2z34f9cfdmkd97famsh20ekqtndw246ny5e8ug3mxfdf4zq,HIVE,True,365124.008018,10000.0,10000.0,340.0,0.02,213580000.0,64070000.0,260.35559381857234,0.0,0.0,340.0,0.01,260.3638955256144,0.0,0.0,0.0,0.0,False,True,Survives to epoch 285
pool1mfm9nf0fc2wknc94dxyedny3vxtmv4t05arq7czyxsmg7qcy76n,BYADA,True,1998016.823757,1.0,1.0,340.0,0.0,213580000.0,64070000.0,1424.6878841096443,0.0005428822576528,0.0396304048086605,340.0,0.02,1424.6878887794169,0.0005320246147902,0.0388377968796908,-1.0857642862598085e-05,-0.0007926079289696,False,True,Survives to epoch 285
pool1mn6relcs7dn2fqzfq5yjlwxa49d900p5sdpw62jlx45k2djgwe4,RED,True,4410518.124999,12059.0,12059.0,340.0,0.0,213580000.0,64070000.0,3144.9774601595645,0.00063597459089,0.0464261451349765,340.0,0.01,3145.1014583009287,0.0006296426780285,0.0459639154960856,-6.331912861519385e-06,-0.0004622296388909,False,True,Survives to epoch 285
pool1mnalcegg8lv2rkf3hqnwva2fxg75j3hs9mdzqc3tvxpjzcpmvcc,ETR,True,22373478.476748,50000.0,50000.0,340.0,0.02,213580000.0,64070000.0,15954.54925445848,0.000683946319982,0.0499280813586893,340.0,0.02,15957.160634054786,0.0006840607032688,0.0499364313386226,1.1438328675796983e-07,8.349979933331797e-06,False,False,Survives to epoch 285
pool1ms47yxn0gnjly5txqrm0zv95vdp7863zwdawf2ccmlvlg5pmldp,,False,166062.606111,10000.0,10000.0,340.0,0.001,213580000.0,64070000.0,118.41266949930862,0.0,0.0,,,,,,,,,,Exited by epoch 285
pool1mugxe86p0p6fzeesthdzkuk3h9xtndf4my9cznmxtmpvujzlw4f,Kings,False,914246.194127,5000.0,5000.0,340.0,0.03,213580000.0,64070000.0,651.9087109124022,0.0003309299524882,0.0241578865316437,,,,,,,,,,Exited by epoch 285
pool1mut4phum9hegtl8m2r68gpjh5x8w8t6zwf75zrphhp3qwwrrpgt,,True,38897491.944769,30000.0,30000.0,340.0,0.025,213580000.0,64070000.0,27737.06331283605,0.0006867315961641,0.0501314065199862,340.0,0.025,27739.790211695818,0.0006867999482932,0.0501363962254053,6.835212902807105e-08,4.989705419049186e-06,False,False,Survives to epoch 285
pool1mwp8ewtzmun0426v9z0h9um2amswgfzn78rckfl2fc3t5sy0m5g,AACC,True,9164180.188621,10000.0,10000.0,340.0,0.01,213580000.0,64070000.0,6534.619482042306,0.0006692004261152,0.0488516311064114,340.0,0.01,6534.833477444341,0.0006692235438893,0.0488533187039255,2.3117774165673857e-08,1.6875975140941916e-06,False,False,Survives to epoch 285
pool1n500map6vvxwkxnrw5m9vgmjqrmtaxuuxkgqvzz7699c7qc550v,TEXAN,True,2112962.982253,190000.0,190000.0,340.0,0.005,213580000.0,64070000.0,1507.016648923609,0.000549551305646,0.0401172453121645,340.0,0.005,1507.8741942703978,0.000549955126076,0.040146724203554,4.038204299940725e-07,2.9478891389567293e-05,False,False,Survives to epoch 285
pool1n5kljtvdhg29vrhr6uefqk76dpepzfwuvsw8zd0z5yqfuqj7x8a,,True,495595.339813,25000.0,25000.0,340.0,0.01,213580000.0,64070000.0,353.3965344562505,2.676088341890437e-05,0.00195354448958,340.0,0.01,353.4240460878671,2.6815840584786378e-05,0.0019575563626894,5.4957165882008476e-08,4.011873109386618e-06,False,False,Survives to epoch 285
pool1n5shd9xdt4s2gm27fxcnuejaqhhmpepn6chw2c82kqnuzdtpsem,ZOE,True,978745.457473,5000.0,5000.0,340.0,0.01,213580000.0,64070000.0,697.9002977604656,0.0003620157744564,0.0264271515353238,340.0,0.03,697.9116781338652,0.0003547136031529,0.0258940930301667,-7.30217130352187e-06,-0.000533058505157,False,True,Survives to epoch 285
pool1ndc7kgyvsd3258juepzz6v7fn5ke2pyvn8s2qr9y44agwjhpyht,BB242,False,124780.277761,0.0,0.0,340.0,0.02,213580000.0,64070000.0,88.97470108282195,0.0,0.0,,,,,,,,,,Exited by epoch 285
pool1nhd907krga9dh69kf0jg4tl0764rravepy337gptvsknxyyx94k,TOPO⚡,True,228573.188573,65000.0,65000.0,340.0,0.01,213580000.0,64070000.0,162.994992779745,0.0,0.0,340.0,0.005,163.0198883393979,0.0,0.0,0.0,0.0,False,True,Survives to epoch 285
pool1nhls8e9swnyshldgjknku4npreax075nw0ltrkmrarh4w3skxt9,DAN,True,42383639.47235,100000.0,100000.0,340.0,0.02,213580000.0,64070000.0,30225.933242560943,0.0006910264182672,0.0504449285335114,340.0,0.025,30235.83589444021,0.0006877285754588,0.0502041860084933,-3.2978428084665503e-06,-0.000240742525018,False,True,Survives to epoch 285
pool1nhlv5z2lsptzgcp9ype0mppc7zyndm66ypm4sw5hy27ewdchqx0,PPCX2,True,14403589.506544,1000.0,1000.0,340.0,0.0,213580000.0,64070000.0,10270.508239354724,0.0006894467684491,0.0503296140967873,340.0,0.0,10270.54190183988,0.0006894491055391,0.0503297847043581,2.337090010883988e-09,1.7060757079453116e-07,False,False,Survives to epoch 285
pool1ntr0gyvdenpqm9uwwguaw028ayuuck2vx580l2r3radvg6m38pl,FAY,True,1385288.857684,324900.0,324900.0,340.0,0.05,213580000.0,64070000.0,988.1273438214114,0.0004444711824649,0.032446396319942,340.0,0.049,988.9394929921866,0.0004454965868038,0.032521250836678,1.0254043388491709e-06,7.485451673598946e-05,False,True,Survives to epoch 285
pool1ntwurms3f0j4kqe5wfpg9chlasylp0lmuw72m4fn66vnuyrvs8v,MANGO,True,1567282.127678,180000.0,180000.0,340.0,0.005,213580000.0,64070000.0,1117.8024198726896,0.0004937932961182,0.0360469106166314,340.0,0.0,1118.388453209218,0.000496648586405,0.0362553468075705,2.855290286836844e-06,0.000208436190939,False,True,Survives to epoch 285
pool1nudasuv0lljpe0tswcverqvlh0v4226vgnpsuxn0e9nkvnvcvne,STI,True,58178999.633563,50000.0,50000.0,340.0,0.015,213580000.0,64070000.0,41487.5052105912,0.0006966481529024,0.0508553151618767,340.0,0.015,41494.30507699683,0.0006967632780928,0.0508637193007753,1.1512519039057376e-07,8.404138898511883e-06,False,False,Survives to epoch 285
pool1num5a9mvz02pncerh6d8xdcvd7474l9p44jkrwk8srzz7563yrj,,False,268028.143771,225000.0,225000.0,340.0,0.01,213580000.0,64070000.0,191.12749448408863,0.0,0.0,,,,,,,,,,Exited by epoch 285
pool1nwcu3al5vfm7t3dtvyuu4hlmlvezd05c5v386q90hlptks4mqw3,AARD,True,883562.455147,450000.0,450000.0,340.0,0.0075,213580000.0,64070000.0,630.2213352961411,0.0003260037517478,0.0237982738775894,340.0,0.0075,630.6858160163176,0.0003265254999412,0.0238363614957114,5.217481934523065e-07,3.8087618122018376e-05,False,False,Survives to epoch 285
pool1nydxffhrmpn0ft6wpg4l6cwp2jr2glxvx5hxr69xknl0s5p603w,,True,1359633.006727,1000.0,1000.0,340.0,0.0175,213580000.0,64070000.0,969.489027626032,0.0004548822855745,0.0332064068469422,340.0,0.0175,969.4922030941668,0.0004548845802359,0.0332065743572278,2.29466144696655e-09,1.675102856285582e-07,False,False,Survives to epoch 285
pool1nzws82fwk9wcvjgqf2wvq4v2ay929tpspy677xa9z82lquhhazn,,False,172655.502675,500.0,500.0,340.0,0.04,213580000.0,64070000.0,123.11226400641002,0.0,0.0,,,,,,,,,,Exited by epoch 285
pool1p5drk57zaggfs5yk5vm4shmhh86czj6g0j3aa09rdq97jdzgk3m,,False,327445.045713,100000.0,100000.0,340.0,0.03,213580000.0,64070000.0,233.5078108760001,0.0,0.0,,,,,,,,,,Exited by epoch 285
pool1p627hhec2ha6wu6ql377c3hv4mjd26w7ll0xyw2ezgnu6nyl0a4,PMW,True,1078962.310317,100000.0,100000.0,340.0,0.039,213580000.0,64070000.0,769.4532483210803,0.0003825013790475,0.0279226006704694,340.0,0.01,769.6825635321206,0.0003942544923295,0.0287805779400606,1.1753113282071477e-05,0.0008579772695912,False,True,Survives to epoch 285
pool1p9sjhjx0v3k76wvgdqu7jcks2ra48wqlhc6g0mkewd25k3zcymy,WA2,True,26934275.933837,50000.0,50000.0,340.0,0.048935,213580000.0,64070000.0,19206.85886578028,0.0006661997958014,0.0486325850935091,340.0,0.048935,19210.003761978827,0.0006663108439213,0.0486406916062611,1.1104811989089745e-07,8.106512752035513e-06,False,False,Survives to epoch 285
pool1pf6yhzdr9vpct5rc3dtwersl4lyuglp80l4jc67kf2qj29xjg2u,TAVN,True,1414396.391238,1000.0,1000.0,340.0,0.02,213580000.0,64070000.0,1008.5381682332736,0.0004632134307802,0.0338145804469608,340.0,0.01,1008.5414716972537,0.0004679424106851,0.0341597959800156,4.728979904861368e-06,0.0003452155330548,False,True,Survives to epoch 285
pool1pk7cjkcdsawxf25dwml0ely8vhjx7wp7nqans3jwatanceyqae0,RIOT,True,1579978.64086,0.0,0.0,340.0,0.01,213580000.0,64070000.0,1126.605340284788,0.0004928796293461,0.0359802129422703,340.0,0.025,1126.605340284788,0.0004854117561742,0.0354350582007207,-7.467873171911662e-06,-0.0005451547415495,False,True,Survives to epoch 285
pool1pmrgd8snhv0nnj97xcg70nqqhg0v9g3d0e93jl8vn23wxtsxz53,CALM,True,37180280.615549,50000.0,50000.0,400.0,0.015,213580000.0,64070000.0,26513.29591270171,0.0006918074863387,0.0505019465027265,400.0,0.015,26517.639374207258,0.000691922555658,0.0505103465630377,1.1506931933095033e-07,8.400060311159374e-06,False,False,Survives to epoch 285
pool1pnzwgsgzd6t4788sfr7dxjyusepyq9xaxnpyfcngewqf29t9ayd,PHRCK,True,3479474.274792,3000.0,3000.0,340.0,0.0095,213580000.0,64070000.0,2481.0530360062144,0.0006094923728932,0.0444929432212105,340.0,0.0095,2481.077413188897,0.0006094993123322,0.0444934498002568,6.939438989910472e-09,5.065790462634645e-07,False,False,Survives to epoch 285
pool1pp7tn2w6ken4rpfcjwcdup3g4m5gcdhc9lgvrm3mnxz5stmrhq2,CROW,True,32410339.230211,100000.0,100000.0,340.0,0.0199,213580000.0,64070000.0,23113.462228523964,0.0006886774671389,0.0502734551011444,340.0,0.0399,23121.029186298725,0.0006748484169328,0.0492639344361,-1.3829050206088018e-05,-0.0010095206650444,False,True,Survives to epoch 285
pool1ppznyu6qrvlw9uuqa3tslryjd40nh56jyvmaqw6kdf4kzq3y8kh,DIGI3,True,3031161.269511,215000.0,215000.0,340.0,0.025,213580000.0,64070000.0,2161.979638314248,0.0005860559664788,0.0427820855529527,340.0,0.025,2163.4014012019225,0.0005865132891654,0.0428154701090792,4.573226866633456e-07,3.3384556126424226e-05,False,False,Survives to epoch 285
pool1pu5jlj4q9w9jlxeu370a3c9myx47md5j5m2str0naunn2q3lkdy,NUTS,True,14307337.623055,250000.0,250000.0,340.0,0.049,213580000.0,64070000.0,10205.38535777235,0.0006557461438614,0.0478694685018825,340.0,0.049,10213.6414822953,0.0006562949234197,0.0479095294096389,5.487795583068592e-07,4.006090775640072e-05,False,False,Survives to epoch 285
pool1pxz5lmxujqt0vz5l8xdgaw85vlde6pd9tmv45yny2au5g60lqx8,,False,2939.026635,1250000.0,2939.026635,340.0,0.025,213580000.0,64070000.0,2.095675863450943,0.0,0.0,,,,,,,,,,Exited by epoch 285
pool1py2uxkvuj926h42s40wxl26dh0ggaq882v4m0hkd99m86vzmwnz,EARTH,True,2503939.068048,100098.0,100098.0,340.0,0.05,213580000.0,64070000.0,1785.677356343313,0.0005484931746349,0.0400400017483519,340.0,0.05,1786.2409235794808,0.0005487069932862,0.0400556105098937,2.13818651256803e-07,1.560876154174662e-05,False,False,Survives to epoch 285
pool1pzkgztz8y8tgd9tpfu7umep97x7m0c5ck0dpn2vqtf202fyhfv5,,True,33199215.052057,10000.0,10000.0,340.0,0.0325,213580000.0,64070000.0,23673.065719979662,0.0006799781575763,0.049638405503077,340.0,0.0325,23673.841577361996,0.0006800007678102,0.0496400560501512,2.2610233893385727e-08,1.650547074217158e-06,False,False,Survives to epoch 285
pool1q0memmdw4ktr88fkma53tqgkaqeq3wfc476le59rped4cu8tn4h,JOEY,True,6377015.302872,25000.0,25000.0,340.0,0.0,213580000.0,64070000.0,4547.2961685193,0.0006597594593546,0.048162440532891,340.0,0.0,4547.667506550749,0.0006598176900494,0.048166691373607,5.823069473918224e-08,4.250840715960304e-06,False,False,Survives to epoch 285
pool1q7wrwstqkzhrffdzpw8ftfd4epmxywdjnp8384atjcnezchv242,SPEC,True,124207.085449,8601.0,8601.0,350.0,0.02,213580000.0,64070000.0,88.56698166704625,0.0,0.0,340.0,0.02,88.56930605087247,0.0,0.0,0.0,0.0,True,False,Survives to epoch 285
pool1q80jjs53w0fx836n8g38gtdwr8ck5zre3da90peuxn84sj3cu0r,000,True,1229312.056035,2000.0,2000.0,340.0,0.0,213580000.0,64070000.0,876.5646419309888,0.0004364755387347,0.0318627143276361,340.0,0.02,876.5703791235642,0.0004277506016146,0.0312257939178682,-8.72493712010796e-06,-0.0006369204097678,False,True,Survives to epoch 285
pool1qa6lqyu67ghpa0evxfu9nzqkj3h82qpfku82ec79zdwru4pd25m,CNODE,True,1917672.47415,500000.0,500000.0,345.0,0.0,213580000.0,64070000.0,1368.11046099947,0.0005335167891237,0.0389467256060324,345.0,0.0,1369.789891422192,0.0005343925541176,0.0390106564505907,8.757649939501386e-07,6.393084455836012e-05,False,False,Survives to epoch 285
pool1qcdw8uk5d9ehldhccy926u886qhr07xa354yrkamdde0qku53nx,ARMY,True,672724.053639,5000.0,5000.0,340.0,0.02,213580000.0,64070000.0,479.68989904169393,0.0002034951780307,0.0148551479962473,340.0,0.02,479.69770287873774,0.0002035065463775,0.0148559778855594,1.1368346741248442e-08,8.298893121111363e-07,False,False,Survives to epoch 285
pool1qcfzjvw0em6g02pwjqpnfh6260epge5ll3z37ckhcylsjuktkvp,,True,1453849.980029,10000.0,10000.0,340.0,0.03,213580000.0,64070000.0,1036.683635162181,0.000464823149149,0.0339320898878782,340.0,0.0199,1036.7173877884377,0.0004696858143216,0.034287064445481,4.86266517264126e-06,0.0003549745576028,False,True,Survives to epoch 285
pool1qf0wftuxq20v4c0es83qgfunte4uxepx7jesy8nczxz2wv8yld2,,False,662399.719903,300.0,300.0,345.0,1.0,213580000.0,64070000.0,472.3249776109736,0.0,0.0,,,,,,,,,,Exited by epoch 285
pool1qfxukshs4fkcrflzdnxa2fdza5lfvew3y6echg8ckaa4q8m5hyf,NEDS1,True,28200647.135553,250000.0,250000.0,340.0,0.01,213580000.0,64070000.0,20115.506367037066,0.0006942305688682,0.0506788315273795,340.0,0.025,20131.921547133363,0.0006842794569819,0.0499524003596803,-9.951111886289743e-06,-0.0007264311676991,False,True,Survives to epoch 285
pool1qkaunkpckny74vcphlg4rh5eqaufnjvheu2x40uyxmklydefjeg,COCO,True,417255.634165,200000.0,200000.0,500.0,0.0,213580000.0,64070000.0,297.5681422808344,0.0,0.0,350.0,0.02,297.67048794795375,0.0,0.0,0.0,0.0,True,True,Survives to epoch 285
pool1qn2ttstgt94fuqp5wev9ja6cr7k3q29r9v65fgdtp5jtk0uxs37,PANDA,False,1353831.250384,10000.0,10000.0,340.0,0.01,213580000.0,64070000.0,965.3641787708216,0.0004573025898224,0.0333830890570358,,,,,,,,,,Exited by epoch 285
pool1qpuzf5kcxrmuf6qg2nnu9cs7hj2d6ke3fwz58l7rlefcy50caaa,ANFRA,False,310590.876576,107000.000119,107000.000119,340.0,0.03,213580000.0,64070000.0,221.48896835245432,0.0,0.0,,,,,,,,,,Exited by epoch 285
pool1qq2vm2xpcj9kf42z4cnw3djancv48sx42chwvgxkjq85ceu8k0x,CROWN,True,8761898.326048,10000.0,10000.0,340.0,0.02,213580000.0,64070000.0,6247.767970763947,0.0006607714899106,0.0482363187634799,340.0,0.02,6247.972562107065,0.0006607943730244,0.0482379892307853,2.2883113772126724e-08,1.6704673053652506e-06,False,False,Survives to epoch 285
pool1qqlf3epa7m8780p2jx5689u2ql06tw026l5377tptk2zswrc645,CPS,True,18954160.349869,1.0,1.0,340.0,0.03,213580000.0,64070000.0,13515.282895943228,0.0006742595912012,0.0492209501576886,340.0,0.03,13515.282940242983,0.0006742595934683,0.049220950323186,2.267088643551074e-12,1.6549747097922837e-10,False,False,Survives to epoch 285
pool1qqq6qqa0hpzvumv5p87ynczfmdj557xuwlc3289ke42g72z7f74,AHL,True,11680615.010021,400000.0,400000.0,340.0,0.036,213580000.0,64070000.0,8333.402236678721,0.0006596946949751,0.0481577127331879,340.0,0.018,8344.036906696774,0.0006729067121579,0.0491221899875316,1.3212017182789449e-05,0.0009644772543436,False,True,Survives to epoch 285
pool1qqq9tqyj69j9kygpxza3h82ynh8d0xlueucnu2yqum8nse8hj7y,SION,True,259108.384222,22222.0,22222.0,340.0,0.0177,213580000.0,64070000.0,184.76276386356355,0.0,0.0,340.0,0.0,184.77507318620448,0.0,0.0,0.0,0.0,False,True,Survives to epoch 285
pool1qqqq02jxq3q9j93devp9pts90ctm8w3r0rgek97ngujpjgpw46j,ZENY,False,857902.322574,500.0,500.0,340.0,0.035,213580000.0,64070000.0,611.7285331984759,0.0003056502210528,0.0223124661368608,,,,,,,,,,Exited by epoch 285
pool1qqqq4md2rfdt75qvh3x9cgmkrgkl74ctcj3fnxpu3ylcudl22ex,MASTR,True,26245584.673522,10000.0,10000.0,340.0,0.02,213580000.0,64070000.0,18714.703018275926,0.0006861043174274,0.0500856151722017,340.0,0.02,18715.316322096052,0.0006861272179553,0.0500872869107375,2.2900527886873283e-08,1.6717385357417494e-06,False,False,Survives to epoch 285
pool1qqqq58jy30weq2an3px3maljdmawcwh6ml4hr8m9euq9z2n7wyz,COAST,True,360617.863495,500.0,500.0,340.0,0.035,213580000.0,64070000.0,257.13910634321655,0.0,0.0,340.0,0.035,257.1395271821012,0.0,0.0,0.0,0.0,False,False,Survives to epoch 285
pool1qqqqrmhdc59mxjygmnhrlz6x08l4w4qgs3jqd5fhps8gcghjh4t,,False,100036.192379,0.0,0.0,340.0,0.02,213580000.0,64070000.0,71.33090640680639,0.0,0.0,,,,,,,,,,Exited by epoch 285
pool1qqqqrwzy7njvjq9wph7usj5gghm3py9c97688ek8pgc7uem9cfz,FROG2,True,13717855.898229,150000.0,150000.0,340.0,0.04,213580000.0,64070000.0,9783.570603897377,0.0006608778986307,0.0482440866000471,340.0,0.04,9788.341869556913,0.0006612118003036,0.0482684614221696,3.339016729099866e-07,2.437482212242902e-05,False,False,Survives to epoch 285
pool1qqqqvmpm9v2l0tkwx4dpzth3g85lapxjug2j6sucnphyqlt4fuu,SALUD,True,1078578.180246,500.0,500.0,350.0,0.015,213580000.0,64070000.0,769.0817833636421,0.0003827219613501,0.0279387031785584,340.0,0.0175,769.0830432212072,0.000390860947946,0.0285328492000588,8.138986595896487e-06,0.0005941460215004,True,True,Survives to epoch 285
pool1qqqqwg5y9jj6uet4amx3mkmzneaxrlhczmpz5admlvddgyhtnug,HEAL,True,955937.762598,25000.0,25000.0,350.0,0.015,213580000.0,64070000.0,681.6556845574047,0.0003417386173773,0.0249469190685469,340.0,0.0275,681.7101076966011,0.0003476304553884,0.0253770232433557,5.891838011079205e-06,0.0004301041748087,True,True,Survives to epoch 285
pool1qqqqx69ztfvd83rtafs3mk4lwanehrglmp2vwkjpaguecs2t4c2,WOLF,True,239316.637092,5000.0,5000.0,340.0,0.02,213580000.0,64070000.0,170.6461393976956,0.0,0.0,340.0,0.03,170.64887791132514,0.0,0.0,0.0,0.0,False,True,Survives to epoch 285
pool1qqqqz3pw0vzm8ks7ljnsfvp72pgra55q7rz378uvjjaajzrgj7m,,False,74211.998985,0.0,0.0,340.0,0.02,213580000.0,64070000.0,52.91693963926102,0.0,0.0,,,,,,,,,,Exited by epoch 285
pool1qqqqzyqf8mlm70883zht60n4q6uqxg4a8x266sewv8ad2grkztl,FROG,True,10482278.134847,100000.0,100000.0,340.0,0.04,213580000.0,64070000.0,7475.439192193638,0.0006534859632977,0.0477044753207389,340.0,0.04,7477.870714176842,0.0006537086497285,0.0477207314301829,2.2268643074029127e-07,1.625610944404126e-05,False,False,Survives to epoch 285
pool1qqqrutr85x04emqsnlacgz6drtzpvp8v3kmlkw8gpnzry67qeuz,,False,231853.775393,200000.0,200000.0,340.0,0.0258,213580000.0,64070000.0,165.32998924204844,0.0,0.0,,,,,,,,,,Exited by epoch 285
pool1qqqz9vlskay2gv3ec5pyck8c2tq9ty7dpfm60x8shvapguhcemt,,True,19610303.146169,10000.0,10000.0,340.0,0.0258,213580000.0,64070000.0,13983.342469965852,0.000677773522172,0.0494774671185601,340.0,0.0258,13983.800662198251,0.0006777962842308,0.0494791287488507,2.2762058774828713e-08,1.6616302905624958e-06,False,False,Survives to epoch 285
pool1qu48wpwwarmkewhlwge9xs87sgt8gdnqq26nnre2v6c8up4fxwr,OBS,True,4620928.500849,95000.0,95000.0,340.0,0.02,213580000.0,64070000.0,3295.388494274061,0.0006267746241597,0.0457545475636597,340.0,0.02,3296.3953840480776,0.000626988163923,0.0457701359663843,2.135397633516289e-07,1.5588402724668908e-05,False,False,Survives to epoch 285
pool1qvhss6kxmtl27nr4ugvypayhvt4a4vzll8p9csdg2v8q7d22llu,ASTRA,True,15300084.073878,50000.0,50000.0,340.0,0.0,213580000.0,64070000.0,10910.5040370225,0.0006908788204026,0.0504341538893948,340.0,0.01,10912.287979447206,0.000684085463133,0.0499382388087093,-6.793357269664971e-06,-0.0004959150806855,False,True,Survives to epoch 285
pool1qwa8x4u4a2pff0xdv0haxpgk3tyrvl5adl2lpf3ztcftqruhea0,ELITE,True,34226967.812487,200000.0,200000.0,340.0,0.007,213580000.0,64070000.0,24412.39591610823,0.0006983934211073,0.0509827197408398,340.0,0.007,24428.36643932112,0.0006988567612909,0.0510165435742428,4.633401836026674e-07,3.382383340299472e-05,False,False,Survives to epoch 285
pool1qy23q2qe64n6awyhrz0a97lk34zzcvgpk2e4vqmhjs86swwp9gn,WATER,True,163434.153942,130000.0,130000.0,345.0,0.0,213580000.0,64070000.0,116.54125212956504,0.0,0.0,340.0,0.0,116.55154163137324,0.0,0.0,0.0,0.0,True,False,Survives to epoch 285
pool1qzlw72zfwhhc0ptvzdpld06szu39x9mlm6782efy6sluz932fx6,BCSH2,True,49555542.651637,10000.0,10000.0,500.0,0.02,213580000.0,64070000.0,35336.125199953254,0.0006889118929833,0.0502905681877813,400.0,0.025,35337.28341578306,0.0006873873134605,0.0501792738826201,-1.524579522755123e-06,-0.0001112943051611,True,True,Survives to epoch 285
pool1qzlw7z5mutmd39ldyjnp8n650weqe55z5p8dl3fagac3ge0nx8l,BCSH,True,29054267.481077,10000.0,10000.0,340.0,0.02,213580000.0,64070000.0,20717.465218131492,0.0006873315917111,0.0501752061949106,340.0,0.02,20718.14417994185,0.0006873544930826,0.0501768779950324,2.2901371531146644e-08,1.671800121773705e-06,False,False,Survives to epoch 285
pool1qzlwlpcsgflr9z3f24fg836tyq45p0kf5cnrp20s8v0psp6tdkx,BCSH0,True,34299658.694176,10000.0,10000.0,340.0,0.02,213580000.0,64070000.0,24457.749175006717,0.0006890854046754,0.0503032345413088,340.0,0.02,24458.55075722978,0.0006891083072525,0.050304906429439,2.2902577124931173e-08,1.6718881301199754e-06,False,False,Survives to epoch 285
pool1r4hj35clvexkq0j0cagcxrt9945cp7agzslvjxpfa9fg62qpemv,P00L,False,2981556.764357,1.0,1.0,345.0,0.019,213580000.0,64070000.0,2126.002017328955,0.0005859901779788,0.0427772829924585,,,,,,,,,,Exited by epoch 285
pool1r88vs06qv3vjrndvhewwhz08zc6ka7eqwxvf4stsj53n50nr8n7,LEAVE,True,5410591.32919,0.0,0.0,340.0,0.00777,213580000.0,64070000.0,3858.02752513548,0.0006451591404497,0.0470966172528329,340.0,1.0,3858.02752513548,0.0,0.0,-0.0006451591404497,-0.0470966172528329,False,True,Survives to epoch 285
pool1r8938r4ts8f4t8nsp9xl9dktzapt7f67jgpsp4wrju39xrdnaye,VENUS,True,4849899.407025,70000.0,70000.0,340.0,0.0085,213580000.0,64070000.0,3458.5608224125367,0.0006375499357663,0.0465411453109432,340.0,0.0085,3459.343961657907,0.0006377100385842,0.0465528328166528,1.6010281793886735e-07,1.1687505709537314e-05,False,False,Survives to epoch 285
pool1r9qyjstrc050njg8lm7wxy5874mgu322vyljntdsm5qgxvjcewv,SHEIN,True,68210.47856,0.0,0.0,340.0,0.0001,213580000.0,64070000.0,48.637549535004325,0.0,0.0,340.0,0.01,48.637549535004325,0.0,0.0,0.0,0.0,False,True,Survives to epoch 285
pool1rcd7qslz3xnpnk9u6tcwegy5r2574uf8suqu24ptg637jha3sr5,NINI,True,23332147.45962,100.0,100.0,340.0,0.02,213580000.0,64070000.0,16637.01327393571,0.0006845093464327,0.0499691822895906,340.0,0.02,16637.018727124232,0.0006845095754783,0.0499691990099164,2.2904555877813204e-10,1.6720325790803642e-08,False,False,Survives to epoch 285
pool1rcq8vnrl52890nvt0300w7rgqkuk4az98kd9zcvu43agk3u84ms,ALIVE,True,96638.219966,5000.0,5000.0,340.0,0.007,213580000.0,64070000.0,68.90843772204376,0.0,0.0,340.0,0.001,68.90950872307567,0.0,0.0,0.0,0.0,False,True,Survives to epoch 285
pool1rd0cadxrmef8fl99e2ms3tytzq874m2ahraaexfrhpnr67d7s8a,PROM,True,1522562.697114,800000.0,800000.0,340.0,0.025,213580000.0,64070000.0,1086.248371739217,0.000477873366939,0.0348847557865539,340.0,0.025,1087.6456031973426,0.0004787681088595,0.0349500719467492,8.947419204835268e-07,6.531616019529745e-05,False,False,Survives to epoch 285
pool1rdhe7a6mxczczmxt82x44r2x4tvv6tm8tsr39nvl5z72v6nqgp8,,False,778.936092,50.0,50.0,340.0,0.005,213580000.0,64070000.0,0.5554211911280591,0.0,0.0,,,,,,,,,,Exited by epoch 285
pool1rj6apcqxcvavaxp22f75zs9upphena7ntsnut2efvq98g4404up,APP,True,20875612.568437,10000.0,10000.0,340.0,0.02,213580000.0,64070000.0,14885.585284719798,0.000682838576942,0.0498472161167707,340.0,0.02,14886.073055825773,0.000682861475225,0.0498488876914278,2.2898282974284125e-08,1.671574657122741e-06,False,False,Survives to epoch 285
pool1rj8zkzk3dm0lmnjtafczqfp8sshmang8gg85eypjeh2e6cve0vl,STKD,True,12896350.618058,0.0,0.0,340.0,0.1,213580000.0,64070000.0,9195.755626532282,0.0006180182518238,0.0451153323831377,340.0,0.1,9195.755626532282,0.0006180182518238,0.0451153323831377,0.0,0.0,False,False,Survives to epoch 285
pool1rmwclmeutcdd7f0sktcevwa6ewaphxezgeqk5hcfswvpkaq2hmg,,True,967485.110233,1000.0,1000.0,340.0,0.02,213580000.0,64070000.0,689.867187490268,0.0003543928894759,0.0258706809317467,340.0,0.02,689.869446409839,0.0003543951776157,0.0258708479659516,2.288139792764633e-09,1.6703420487181825e-07,False,False,Survives to epoch 285
pool1rpjjz68kmmetyxztmrstrwgz8lxf6v0d7vqgw98r5x8rc50jrdf,DEW,True,1271739.953159,105000.0,105000.0,340.0,0.02,213580000.0,64070000.0,906.9382034153704,0.0004368813277957,0.0318923369290928,340.0,0.02,907.2251938945824,0.0004371024820254,0.0319084811878556,2.211542296279398e-07,1.6144258762839606e-05,False,False,Survives to epoch 285
pool1rs8xygd8rdqjjr5ums0w9upw9uwrrkvuvyjvq8wvr3kekhjkpl3,,True,3154697.329618,1.0,1.0,340.0,0.0,213580000.0,64070000.0,2249.4600696547654,0.000605275203972,0.0441850898899631,340.0,0.0,2249.460077027937,0.0006052752063093,0.044185090060579,2.337204106465929e-12,1.7061589977201278e-10,False,False,Survives to epoch 285
pool1rshru8pm6y0jy7jncmt6qzfs8u4f5qa5gvyh38kgec767t20z3d,FANCY,True,210800.464279,100000.0,100000.0,340.0,0.01618,213580000.0,64070000.0,150.32258790552743,0.0,0.0,340.0,0.0,150.34858420945517,0.0,0.0,0.0,0.0,False,True,Survives to epoch 285
pool1rvjj8cp3urh7de07pm0ceqha2x4lxws69lhd4429dm6djfjsy4l,DINO,False,1081093.651602,10000.0,10000.0,340.0,0.0,213580000.0,64070000.0,770.8856310862353,0.0003985645743527,0.0290952139277523,,,,,,,,,,Exited by epoch 285
pool1rzhyuwfwdzksm9v2ze8playmvdv3u04x9a0tmhg2krx7kt2635t,BTS,False,21353.206181,500.0,500.0,340.0,0.05,213580000.0,64070000.0,15.22593533437536,0.0,0.0,,,,,,,,,,Exited by epoch 285
pool1s0kkragd8r2xyyms680l9eed443v3eufmarykpjfh2r6cpksm2j,SABAI,True,8197579.804689,50000.0,50000.0,340.0,0.01,213580000.0,64070000.0,5845.70054235445,0.0006649088714956,0.0485383476191789,340.0,0.01,5846.653642370402,0.00066502397486,0.0485467501647831,1.1510336444099745e-07,8.402545604192812e-06,False,False,Survives to epoch 285
pool1s2qefm0h0449tdwsh7w6gw7mn9n8d3w48zunslxdazlfghtn4wh,,False,1294115.09585,1000000.0,1000000.0,340.0,0.01337,213580000.0,64070000.0,923.0707008779102,0.0004445315934046,0.0324508063185372,,,,,,,,,,Exited by epoch 285
pool1s6x6kltycpxq82hyqhlqllqj3q5l2m8w499gvtu4xrfv29c0q2q,LOOT,True,2474477.386563,10000.0,10000.0,340.0,0.0,213580000.0,64070000.0,1764.453244619189,0.0005756582187229,0.0420230499667786,340.0,0.0199,1764.510856238746,0.0005642254391901,0.0411884570608807,-1.1432779532848558e-05,-0.0008345929058979,False,True,Survives to epoch 285
pool1s79cqtwk5s24lcske704ckx7k2pagn8hc95rxvy3xfda6r62pg9,UK007,True,724239.009259,10000.0,10000.0,340.0,0.02,213580000.0,64070000.0,516.426499351922,0.0002387305394413,0.0174273293792199,340.0,0.02,516.4431960151976,0.0002387531324387,0.0174289786680257,2.2592997340570258e-08,1.6492888058616286e-06,False,False,Survives to epoch 285
pool1s9gnju7cja28xzdxskms2w4dwtk6w2gegm5k4gcx895f7lmzupq,,False,180222.903684,25000.0,25000.0,340.0,0.04,213580000.0,64070000.0,128.5120077973067,0.0,0.0,,,,,,,,,,Exited by epoch 285
pool1sffl322qgsrsmkcedzzwk05396dkmj56pcepqvj6px3n2re3qu4,MOON1,True,267701.827517,1.0,1.0,340.0,0.01,213580000.0,64070000.0,190.8850544613147,0.0,0.0,340.0,0.0175,190.8850550869864,0.0,0.0,0.0,0.0,False,True,Survives to epoch 285
pool1sj0plznq9nnduxp82aa8crchfety7kzcryqdmn6860xvwwzzc4w,,True,6838722.135626,1.0,1.0,340.0,0.01,213580000.0,64070000.0,4876.357623004556,0.0006567007633456,0.0479391557242337,340.0,0.01,4876.357638988049,0.0006567007656595,0.0479391558931435,2.3138326107549627e-12,1.6890978058511222e-10,False,False,Survives to epoch 285
pool1sks9qwpygf9vmgeuh4n4a3s36k35c3qnz7pd4qqvw5825x62y3y,STEAK,True,1196040.477611,100000.0,100000.0,340.0,0.005,213580000.0,64070000.0,852.9476835669758,0.0004267271507136,0.0311510820020968,340.0,0.005,853.2044178648254,0.0004269407309654,0.0311666733604775,2.1358025179089033e-07,1.5591358380734994e-05,False,False,Survives to epoch 285
pool1snyaulmp94axe7ltmqzlkztqn9axt5ykprjtxh3qgn35cred9pf,,False,1336.06788,1.0,1.0,450.0,0.095,213580000.0,64070000.0,0.95268453115566,0.0,0.0,,,,,,,,,,Exited by epoch 285
pool1sr953s548fudyhmfm082xp0mensv2gxzt4qpe466ykw0z3jjzvv,AIR,True,2252567.298642,500.0,500.0,340.0,0.01,213580000.0,64070000.0,1606.1964790396976,0.0005564914819659,0.0406238781835136,340.0,0.029,1606.1991108377138,0.0005458124768856,0.0398443108126528,-1.0679005080284484e-05,-0.0007795673708607,False,True,Survives to epoch 285
pool1swe9nsv8lzugakjkfv04dn38scmq48wzynmn0lxasupuzmqcgjm,ADAGE,False,14966616.29445,110000.0,110000.0,380.0,0.0084,213580000.0,64070000.0,10673.59826742091,0.0006819933003667,0.0497855109267719,,,,,,,,,,Exited by epoch 285
pool1sx4e8rvx2xdxgkww2fpjtmvrnaftfrtfge29xcn72hh7kch5snf,UK1,True,191040.115364,0.0,0.0,340.0,0.0,213580000.0,64070000.0,136.2213441445981,0.0,0.0,340.0,0.0,136.2213441445981,0.0,0.0,0.0,0.0,False,False,Survives to epoch 285
pool1sxzhjdhcc8724zfkut4jxs5l8x7udngfqncat4jvl0s5ka9l2xa,ZAZA,False,12709068.635363,30000.0,30000.0,340.0,0.0,213580000.0,64070000.0,9062.59504546452,0.0006863284238778,0.0501019749430854,,,,,,,,,,Exited by epoch 285
pool1t3gfawqtskanc2uqhe3dd6ecznwdeamzc8fv5fzx5mjvj07rzl8,,False,36007.568352,5334.0,5334.0,340.0,0.0,213580000.0,64070000.0,25.675396277584227,0.0,0.0,,,,,,,,,,Exited by epoch 285
pool1t50sl2erwfaey5du4e7gnp52fylplh5q4j24zkkxk9t5vsxfcvm,MONEY,True,437960.452103,1.0,1.0,340.0,0.0,213580000.0,64070000.0,312.28813612142574,0.0,0.0,340.0,0.0,312.2881371450267,0.0,0.0,0.0,0.0,False,False,Survives to epoch 285
pool1t74ckqauwmn9ef5ye0h7c5wsgfd36zx24ue9wvj4vj95cl54aff,ORACL,False,11058.220181,2000.0,2000.0,340.0,0.01,213580000.0,64070000.0,7.885093036467265,0.0,0.0,,,,,,,,,,Exited by epoch 285
pool1t93hrmha847r5gqazttyg29c9fxfv778w3kc5vf4q7vu5g4ec0r,STKPL,True,105224.706882,10000.0,10000.0,340.0,0.01,213580000.0,64070000.0,75.0315356216351,0.0,0.0,340.0,0.01,75.03376171710254,0.0,0.0,0.0,0.0,False,False,Survives to epoch 285
pool1t9m69j5thv2ke9jt9hhsgxlag44z7erp2s2ukcpruwhwqarc9np,CEMA1,True,4410433.910119,100000.0,100000.0,500.0,0.04,213580000.0,64070000.0,3145.2962102689717,0.0005757901407459,0.0420326802744557,340.0,0.0187,3146.305738487345,0.0006243893179896,0.0455804202132445,4.859917724368183e-05,0.0035477399387887,True,True,Survives to epoch 285
pool1tamft50mh0vjm346d9lusczc8fxxyh5z6fk2eel38srwvz38d78,DGITX,False,14130.836212,5500.0,5500.0,340.0,0.03,213580000.0,64070000.0,10.076054352435412,0.0,0.0,,,,,,,,,,Exited by epoch 285
pool1tc0g4htxvzvg2z5c25ffq5ycukn9hjh3el5dzy767za2gukckee,AMSC1,True,2369596.276012,2500.0,2500.0,340.0,0.02,213580000.0,64070000.0,1689.6489069706402,0.0005581777546752,0.0407469760912937,340.0,0.02,1689.6627386452246,0.0005581834750763,0.0407473936805724,5.72040107838824e-09,4.1758927872234154e-07,False,False,Survives to epoch 285
pool1tdsrw0n33gmy0mzh7cgtn9p0jy5xwjxaa2s26gn2ewf8kg4nrzx,CAFE,True,1177411.50354,100000.0,100000.0,340.0,0.0,213580000.0,64070000.0,839.6624083938283,0.0004243736424279,0.0309792758972396,340.0,0.025,839.9147798845977,0.000413973287098,0.0302200499581558,-1.040035532991505e-05,-0.0007592259390837,False,True,Survives to epoch 285
pool1tnfd2sdstmjehxw0fd3x9wc07975x60su4xpv9jnhsam2cf64np,,True,57984.545741,25000.0,25000.0,340.0,0.01,213580000.0,64070000.0,41.34676405249896,0.0,0.0,340.0,0.049,41.348693062096075,0.0,0.0,0.0,0.0,False,True,Survives to epoch 285
pool1tpr44v3pxth9j0ff246dvsryxpanxwx52f024ws3ecvn72sgv55,,True,453585.571339,1000.0,1000.0,340.0,0.02,213580000.0,64070000.0,323.430095782804,0.0,0.0,340.0,0.02,323.4311535895082,0.0,0.0,0.0,0.0,False,False,Survives to epoch 285
pool1tre4d457z9wpw2sckg98yrc3ppu3ydd07a6h53yvqd77z4h3yh5,BUDHA,False,91287.986778,1.0,1.0,340.0,0.02,213580000.0,64070000.0,65.09298979916582,0.0,0.0,,,,,,,,,,Exited by epoch 285
pool1twu4rn366744tqq9g66ruy3rete6842z7nnm4vy0q5jaqd48867,HRBR,True,5412705.634159,10000.0,10000.0,340.0,0.01,213580000.0,64070000.0,3859.589246806542,0.0006437433678914,0.0469932658560749,340.0,0.01,3859.715544772973,0.000643766468166,0.0469949521761246,2.310027465320108e-08,1.6863200496836789e-06,False,False,Survives to epoch 285
pool1ty3e5szg374hkvtew3ja87nh79dqeam9eqg5tmwzjlyj2kx2qr6,,False,1427815.922367,1.0,1.0,340.0,0.0,213580000.0,64070000.0,1018.1055640512968,0.000474925061017,0.0346695294542463,,,,,,,,,,Exited by epoch 285
pool1u3v7s93f2d968a8kce6zgfmckfx56ly626jkml6jv7tgweplrn8,,True,1853307.600911,321000.0,321000.0,340.0,0.02,213580000.0,64070000.0,1321.996365375879,0.0005192642805734,0.037906292481862,340.0,0.02,1323.1550240632444,0.0005198769611198,0.0379510181617509,6.126805464243225e-07,4.472567988897554e-05,False,False,Survives to epoch 285
pool1u6kpt8hgqcm596kukj97ghefmxn8ks2cgwg8qqe0gtgscnufk5p,ATLAS,True,884407.852536,500000.0,500000.0,340.0,0.018,213580000.0,64070000.0,630.821440817791,0.0003229128439601,0.0235726376090894,340.0,0.008,631.2811458472979,0.0003267167923169,0.0238503258391402,3.8039483568604662e-06,0.0002776882300508,False,True,Survives to epoch 285
pool1u9gudcfadehlarkh4xdtgrf3zeze978mrnhtrvjdkjwj7wxvcje,,True,3727854.172799,100.0,100.0,340.0,0.02,213580000.0,64070000.0,2658.150496575309,0.0006094088935185,0.0444868492268513,340.0,0.02,2658.151367829592,0.0006094091225589,0.0444868659468002,2.2904039645790794e-10,1.6719948941427282e-08,False,False,Survives to epoch 285
pool1uc47wsdvhgke7fazldhp294gm0n4ap5x6e8y9cd3trshyddry7k,,False,140382.538824,10000.0,10000.0,340.0,0.01,213580000.0,64070000.0,100.10121477974822,0.0,0.0,,,,,,,,,,Exited by epoch 285
pool1ucpygt4ds2ggf5lt8z5kzyvnwwr0ggrtqnl0pgawud5ls2cnnkl,NINJA,True,3536633.22799,10000.0,10000.0,340.0,0.039,213580000.0,64070000.0,2521.8351618096103,0.0005928643021008,0.0432790940533634,340.0,0.039,2521.9176032239993,0.0005928867036885,0.0432807293692615,2.2401587645754124e-08,1.635315898140051e-06,False,False,Survives to epoch 285
pool1ugnx5vy7c749eq2c6d0dm35qcyd7v66wd96at3ngumjdsqdhwhj,,True,220658.845115,30000.0,30000.0,340.0,0.04,213580000.0,64070000.0,157.34673850915513,0.0,0.0,340.0,0.04,157.360116190164,0.0,0.0,0.0,0.0,False,False,Survives to epoch 285
pool1uhvc06cphtxc0c9f2jjvjd065ws45aaxqtw53ldkzk7avzwtrpc,SHARP,False,156093.508801,25000.0,25000.0,340.0,0.01,213580000.0,64070000.0,111.30591453996632,0.0,0.0,,,,,,,,,,Exited by epoch 285
pool1ukeqarukv9gxwy9pt8jkr4qvad2yf87758g3xzemmvmtk8lrynp,CRDN1,True,18218063.230465,100000.0,100000.0,340.0,0.02,213580000.0,64070000.0,12992.223599318026,0.000680598094895,0.0496836609273371,340.0,0.02,12996.466801206858,0.0006808263484584,0.0497003234374671,2.2825356342504307e-07,1.6662510130028142e-05,False,False,Survives to epoch 285
pool1ul0t4hjnnhz4wgaghaa7hur77l7gp0akagmjx40r0kn8ct00vl5,THNKS,False,104237.456495,10000.0,10000.0,340.0,0.019,213580000.0,64070000.0,74.32756586344173,0.0,0.0,,,,,,,,,,Exited by epoch 285
pool1umslg2gmre4znj8hsx9x2u4ah4gfw8guv4mjthnjge3k2j5f8cl,SPRTA,True,1053961.939479,705000.0,705000.0,340.0,0.015,213580000.0,64070000.0,751.77746946088,0.0003848343969797,0.0280929109795188,340.0,0.015,752.3773060730223,0.0003853949855938,0.0281338339483476,5.60588614093862e-07,4.092296882885193e-05,False,False,Survives to epoch 285
pool1uqgn8wt3qwaextmmurmcjmk3egwsac6sunyqtrssrdeavlgpyr4,,True,617501.372022,70000.0,70000.0,340.0,0.03,213580000.0,64070000.0,440.3483665372106,0.0001576319016464,0.0115071288201878,340.0,0.03,440.4380836249159,0.0001577728334386,0.0115174168410218,1.409317922471836e-07,1.0288020834044404e-05,False,False,Survives to epoch 285
pool1uqrecfnsa6pqd2tz60r0lcj4kunhc4rrw8lldrpdvfx9qfjd6n0,AMS,True,807069.516904,10000.0,10000.0,340.0,0.001,213580000.0,64070000.0,575.4897048018329,0.0002914918853576,0.0212789076311081,340.0,0.001,575.5083377765523,0.0002915149494696,0.0212805913112854,2.3064112018573828e-08,1.6836801773558894e-06,False,False,Survives to epoch 285
pool1uthdnav2zc2hxpg2hyeyy545lnxtl8lqdcdqxjm0j8t5srmyvzj,ADAST,True,45920721.447655,1000000.0,1000000.0,340.0,0.05,213580000.0,64070000.0,32789.02265572891,0.0006712998086948,0.0490048860347275,340.0,0.05,32896.18923281864,0.0006735168524395,0.0491667302280867,2.2170437446477655e-06,0.0001618441933592,False,False,Survives to epoch 285
pool1v2rhtaxs55lspa2zm5ggeuhsave7nxtu800yng36nefs5jhzl80,CENT1,False,112950.59201,50000.0,50000.0,340.0,0.01,213580000.0,64070000.0,80.54268569503506,0.0,0.0,,,,,,,,,,Exited by epoch 285
pool1v3k049f5aypn325f3rvn79765cuvqrvlhmqyzj835frn6ya03qp,ASP1,True,289149.210695,10000.0,10000.0,340.0,0.0,213580000.0,64070000.0,206.1809280959415,0.0,0.0,340.0,0.0,206.1874537560455,0.0,0.0,0.0,0.0,False,False,Survives to epoch 285
pool1v4wgyctxyxlcf90qtgflznv5f4fcm6cy0z80mchctekt20d3cww,CPX,True,1697989.181794,305000.0,305000.0,340.0,0.01,213580000.0,64070000.0,1211.1791432051248,0.0005079345387005,0.0370792213251407,340.0,0.01,1212.179622584494,0.000508517860783,0.0371218038371627,5.83322082493452e-07,4.2582512022022e-05,False,False,Survives to epoch 285
pool1v6mdg9xm9a80js00zx53c6nagcw5m0m970nm4my4pkrlyxq707e,,True,14924162.717073,10.0,10.0,340.0,0.02,213580000.0,64070000.0,10641.689208754327,0.0006764637732762,0.0493818554491628,340.0,0.0,10641.68955756242,0.0006902691797763,0.0503896501236718,1.3805406500123365e-05,0.001007794674509,False,True,Survives to epoch 285
pool1vafsg5t78rnx3qr3fv7ys9h50pnvxqhd4l8tj629l5zk7tc39ch,,True,17631992.446542,10.0,10.0,340.0,0.021618,213580000.0,64070000.0,12572.509915920014,0.0006787700002052,0.0495502100149806,340.0,0.0216,12572.510328015647,0.0006787825108941,0.0495511232952731,1.2510688937941716e-08,9.132802924697452e-07,False,True,Survives to epoch 285
pool1vayu3mf4qgudxeelywy5jxjxaz56ycyr03trp4m4q7925mwv5ct,,True,2169438.304367,1000.0,1000.0,340.0,0.049,213580000.0,64070000.0,1546.922311094509,0.0005290692597897,0.0386220559646483,340.0,0.03,1546.9273792819188,0.0005396417844871,0.0393938502675645,1.0572524697481786e-05,0.0007717943029161,False,True,Survives to epoch 285
pool1vc8jhqtwjrjwsfk6a0enx47hd2ufg98c34ta6lvl0zv0uhpech9,MDS,True,2840221.745706,50000.0,50000.0,340.0,0.02,213580000.0,64070000.0,2025.36270221635,0.0005815234147365,0.0424512092757698,340.0,0.0,2025.689104928704,0.0005935061610866,0.0433259497593232,1.1982746350046444e-05,0.0008747404835533,False,True,Survives to epoch 285
pool1vemm9tq77upd9m6wtu7edw8wtju3ymnuq9wz43cfn35qk26ddqq,CNT,False,535846.041192,65000.0,65000.0,340.0,0.001,213580000.0,64070000.0,382.1162159320109,7.851900822572874e-05,0.0057318876004781,,,,,,,,,,Exited by epoch 285
pool1vh4y864hcq2r66ak37w4dsnkhnsfxaaacs0p5s4vj5676m6txwm,HOPE,True,54004979.614773,50000.0,50000.0,340.0,0.02,213580000.0,64070000.0,38511.00700985222,0.0006926692156258,0.0505648527406875,340.0,0.02,38517.31860441525,0.0006927837488173,0.0505732136636664,1.145331914925371e-07,8.360922978955208e-06,False,False,Survives to epoch 285
pool1vkc0dvuf8rxrch87umfayacgglrh8f88ef0f64xrdue5u2xjwfm,IFS1,True,30334576.65384,0.0,0.0,340.0,0.1,213580000.0,64070000.0,21630.100034069143,0.0006316583959392,0.0461110629035687,340.0,0.1,21630.100034069143,0.0006316583959392,0.0461110629035687,0.0,0.0,False,False,Survives to epoch 285
pool1vq0zje42hmm83pczyf5w467m76x779glymsk2c7zcm2wgnct4pc,APPLE,False,26999.368732,0.0,0.0,340.0,0.01,213580000.0,64070000.0,19.25192671037165,0.0,0.0,,,,,,,,,,Exited by epoch 285
pool1vr8yc6ds47hzfgqxu9tzxdwze6x82fetqdps7vvmcdav6rlzd3x,UNO,False,549406.173039,200.0,200.0,340.0,0.0,213580000.0,64070000.0,391.7547277814303,9.4201212729651e-05,0.0068766885292645,,,,,,,,,,Exited by epoch 285
pool1vsuq3gtdvvsyma3gvz58chk8u4gu5yd03w8ptfks3ttxwpfvf0e,KING1,True,12251695.899462,100000.0,100000.0,340.0,0.03,213580000.0,64070000.0,8737.301590497127,0.0006648371465977,0.0485331117016389,340.0,0.03,8740.1475007511,0.0006650624650328,0.0485495599473951,2.253184350156255e-07,1.644824575614066e-05,False,False,Survives to epoch 285
pool1vvh72z8dktfy2x965w0yp5psmnyv3845pmm37nerhl6jk6m2njw,,False,1500692.58146,50000.0,50000.0,340.0,0.02,213580000.0,64070000.0,1070.1430029175851,0.0004768066102939,0.034806882551459,,,,,,,,,,Exited by epoch 285
pool1wc2kuqz7w36j4xc7x8aqekgjhmy4ggknddqqfuw4mr3pu9f8wxn,,False,51903.388975,30.0,30.0,340.0,0.0,213580000.0,64070000.0,37.009764656635454,0.0,0.0,,,,,,,,,,Exited by epoch 285
pool1we0xjccr3vc4ypnmhzsgwp7sxpsytu8dtv0syeqmtrllvcex68q,JUNO,True,4234053.57986,1000.0,1000.0,340.0,0.025,213580000.0,64070000.0,3019.1003532750647,0.000616931929456,0.0450360308502892,340.0,0.0145,3019.1102469892267,0.0006235781145913,0.045521202365169,6.646185135339043e-06,0.0004851715148797,False,True,Survives to epoch 285
pool1whk6lawmfz4zq5fw8zghglp23452gnm9zgs59nqafhpexwcvute,WA1,True,50386949.761754,50000.0,50000.0,340.0,0.048935,213580000.0,64070000.0,35930.985999111406,0.0006717878589455,0.0490405137030239,340.0,0.048935,35936.874360892856,0.0006718990030974,0.049048627226112,1.1114415189160833e-07,8.113523088087407e-06,False,False,Survives to epoch 285
pool1whmm0hkxunyhxsr6dfjpx2tpvd05qhev820lx9vcmvqa5wjc6nh,1COMM,True,434981.737508,402000.0,402000.0,340.0,0.01,213580000.0,64070000.0,310.1777693962651,0.0,0.0,340.0,0.0,310.2120911112033,0.0,0.0,0.0,0.0,False,True,Survives to epoch 285
pool1wjsshqjpl3n6zlscnfvyy9gxklkav2dvfyprfye6l0kewyvv6yj,SAFE,True,1671807.797484,180000.0,180000.0,340.0,0.028,213580000.0,64070000.0,1192.3534126600737,0.0004955638550989,0.0361761614222205,340.0,0.028,1192.9835802197013,0.0004959302386442,0.0362029074210298,3.663835453332053e-07,2.6745998809323988e-05,False,False,Survives to epoch 285
pool1wll3vr4v605eap9hpjfpda5cjegqfkjt8hrz3kkxpnffqejhav3,,True,18408081.10816,6500.0,6500.0,340.0,0.01,213580000.0,64070000.0,13126.020332583274,0.0006876414795698,0.050197828008601,340.0,0.02,13126.299923185758,0.0006807104907402,0.0496918658240387,-6.930988829620117e-06,-0.0005059621845622,False,True,Survives to epoch 285
pool1wm5quxelvgk8q50jyfznf9asvelp9zf0tk2wu4jazlw9yj4uctw,EU01,True,771907.403484,250000.0,250000.0,340.0,0.025,213580000.0,64070000.0,550.5402492155459,0.0002659344139706,0.0194132122198606,340.0,0.01,550.8474881780527,0.0002704197580618,0.0197406423385129,4.485344091127968e-06,0.0003274301186523,False,True,Survives to epoch 285
pool1wm89xjqp96t3mlun3pa5suxa3t4s5lluq239en0nxl7pcm5tprc,SHOP,True,3465435.978702,1.0,1.0,345.0,0.0174,213580000.0,64070000.0,2471.0325725539783,0.0006028215839595,0.0440059756290468,340.0,0.0,2471.0325806534097,0.0006149392439365,0.0448905648073656,1.2117659976970392e-05,0.0008845891783188,True,True,Survives to epoch 285
pool1wrjg8fts9cus0eq8jyf5wqsfe64e8tvrquxgff3tyze4qal4hwq,TPOOL,True,100453.581941,1000.0,1000.0,340.0,0.01,213580000.0,64070000.0,71.62862605903949,0.0,0.0,340.0,0.018,71.62885850719768,0.0,0.0,0.0,0.0,False,True,Survives to epoch 285
pool1wvyk75cr7d3xqgdlzlcnjqmk8m4f5ppkgtxnqh4336v5sfqw4u5,,False,353448.170402,0.0,0.0,340.0,0.0,213580000.0,64070000.0,252.02656921490924,0.0,0.0,,,,,,,,,,Exited by epoch 285
pool1ww8szkqd5mxajl5yf7csff30su5k23g9dk24npwkvp8rvdsn3l9,,False,1078120.836535,300.0,300.0,340.0,0.01,213580000.0,64070000.0,768.755457943673,0.0003937108800609,0.0287408942444489,,,,,,,,,,Exited by epoch 285
pool1wwzctexlp70mj00vv65mlhwhwresn58s9x7jl4tswvkg77eu7n7,UKADA,True,9435580.67558,1000.0,1000.0,340.0,0.01,213580000.0,64070000.0,6728.0596286527325,0.0006702479953071,0.0489281036574206,340.0,0.01,6728.0816796479385,0.0006702503089416,0.0489282725527412,2.3136345291864535e-09,1.688953206306111e-07,False,False,Survives to epoch 285
pool1wxn9nsl8rvxa6r8e5eaak0ml6etfxnz2n9vqrmsw5nzgyexgkrn,,True,57563591.391482,250000.0,250000.0,340.0,0.01,213580000.0,64070000.0,41060.143820250385,0.0007003201399976,0.0511233702198255,340.0,0.01,41093.80283226203,0.0007008990201731,0.0511656284726426,5.788801755767306e-07,4.2258252817101334e-05,False,False,Survives to epoch 285
pool1wydmv34dnmz4ek9s3p9jwaslwuutfyt8wlxt0mkunjkcufznl97,JUP,False,163526.896615,100000.0,100000.0,345.0,0.02,213580000.0,64070000.0,116.60938650007134,0.0,0.0,,,,,,,,,,Exited by epoch 285
pool1wym4qkxsvqejxqn4l55y9z708mkxc36qge28qevrvp056fe7dxg,ACORN,False,549006.697131,5000.0,5000.0,340.0,0.004,213580000.0,64070000.0,391.47249544241106,9.33806558800658e-05,0.0068167878792448,,,,,,,,,,Exited by epoch 285
pool1wz27a9pvd2jat98s375lxaaj7qxy405km4vzp83wn5vtwp59kvh,BRADA,True,10794835.133343,0.0,0.0,340.0,0.0,213580000.0,64070000.0,7697.267921355207,0.0006815544499267,0.0497534748446504,340.0,0.005,7697.267921355207,0.000678146677677,0.0495047074704272,-3.407772249633574e-06,-0.0002487673742232,False,True,Survives to epoch 285
pool1x3ekgffp0azuc8mwtx5gh5jnu59epar75grwclex4l0u2w8qlzx,AGIO,True,500228.333148,100000.0,100000.0,340.0,0.03,213580000.0,64070000.0,356.72841927592214,3.243831990788815e-05,0.0023679973532758,340.0,0.0125,356.8221980541143,3.320867587386941e-05,0.0024242333387924,7.703559659812611e-07,5.623598551663206e-05,False,True,Survives to epoch 285
pool1x3xwc9azttgda9e9pvd0fn4xlt2eqlsvuctv37gggz4q6e6fjkk,LIFE,False,153083.00928,25000.0,25000.0,340.0,0.042,213580000.0,64070000.0,109.15919947476596,0.0,0.0,,,,,,,,,,Exited by epoch 285
pool1xfds46yce4s70xyh85xhe3y9prhtgxyajt34dlhpw4akq345ad5,OMNRA,False,1025961.116201,0.0,0.0,340.0,0.025,213580000.0,64070000.0,731.5625936610415,0.0003721130584687,0.0271642532682151,,,,,,,,,,Exited by epoch 285
pool1xgwvxpas3r8nvg9z0f5cdcyr56whynkl9dpa0ukpq4ztjfspk9r,,True,78322.805925,10000.0,10000.0,340.0,0.0,213580000.0,64070000.0,55.84883895114862,0.0,0.0,340.0,0.009,55.85043616650703,0.0,0.0,0.0,0.0,False,True,Survives to epoch 285
pool1xh0kehvrn64azddplff6gfycc86cjcrjs6zlznfcdk3f6wj86ed,,False,104697.526589,100000.0,100000.0,340.0,0.0,213580000.0,64070000.0,74.65515079822497,0.0,0.0,,,,,,,,,,Exited by epoch 285
pool1xlphlhnjvfeh40vcqf9fdewztsj6kyxq6604kaccpv00umjfu0d,FISH,True,11715022.661668,500000.0,500000.0,340.0,0.01,213580000.0,64070000.0,8359.03860179711,0.0006776639230716,0.0494694663842299,340.0,0.01,8372.283391722094,0.0006787831989283,0.049551173521768,1.1192758566859649e-06,8.170713753807542e-05,False,False,Survives to epoch 285
pool1xmftxwzqqkug8uzl2n2yvxhm6k0tx4rjtel92wjgvrlfk0uqy8c,,True,24461606.212176,110800.0,110800.0,340.0,0.1,213580000.0,64070000.0,17445.076336483962,0.0006293359712075,0.0459415258981486,340.0,0.1,17451.39651831857,0.0006295685055554,0.0459585009055513,2.325343479821695e-07,1.6975007402698374e-05,False,False,Survives to epoch 285
pool1xrrrr8gldqz8pjxj6j8c638a9py04xuv66kfgn2dlsx9g52te0t,JP3,True,58169536.725817,50000.0,50000.0,340.0,0.05,213580000.0,64070000.0,41480.757200818145,0.0006718932544537,0.0490482075751251,340.0,0.05,41487.55596026422,0.0006720042888858,0.0490563130886658,1.1103443206387545e-07,8.105513540662907e-06,False,False,Survives to epoch 285
pool1xru6f3fflzwkptgm68pncrsncg9ngllv0jk8jnz40m7wusfhazk,,True,18175411.416395,0.0,0.0,340.0,0.01,213580000.0,64070000.0,12959.995175908276,0.0006874009582462,0.0501802699519739,340.0,0.01,12959.995175908276,0.0006874009582462,0.0501802699519739,0.0,0.0,False,False,Survives to epoch 285
pool1xt0z35f0ms6xt5r8swhtd2xcymqxvk42m8fk5q8fnw8hjhr6yax,,False,62821.899998,50.0,50.0,340.0,0.01,213580000.0,64070000.0,44.79522137891626,0.0,0.0,,,,,,,,,,Exited by epoch 285
pool1xt8ap3qu32mxan6kahesqx5kek4lw52u5hqp2zpsdgskca56ahe,,True,694813.064403,10000.0,10000.0,340.0,0.03,213580000.0,64070000.0,495.44400538923304,0.000217008995588,0.0158416566779282,340.0,0.03,495.46001416835367,0.0002170313447874,0.015843288169487,2.2349199435908613e-08,1.6314915588213283e-06,False,False,Survives to epoch 285
pool1xwqye6mlftwjg706acz5fjqz7gmf4qdye99zsjl03a4ru68ghee,ANET,True,1858597.681271,100000.0,100000.0,340.0,0.05,213580000.0,64070000.0,1325.4511469904796,0.0005037015805382,0.0367702153792932,340.0,0.015,1325.8630486769478,0.0005224773025019,0.03814084308264,1.877572196365494e-05,0.0013706277033468,False,True,Survives to epoch 285
pool1xxvcz8dem4xufzn74v2y7fs709mfw3tpq963thzg5en5jrkv67a,DUBAI,True,10261249.733995,100000.0,100000.0,340.0,0.03,213580000.0,64070000.0,7317.812523370757,0.0006596153804975,0.0481519227763221,340.0,0.03,7320.192281672906,0.000659840339992,0.0481683448194205,2.2495949449866803e-07,1.6422043098402762e-05,False,False,Survives to epoch 285
pool1xytvsd9qnvqxpthh9p8k85e823trvn3npxeur8kr9zhkqz5uls9,ADV,True,8587442.327243,250000.0,250000.0,340.0,0.0099,213580000.0,64070000.0,6125.374436628694,0.0006670320464958,0.0486933393941977,340.0,0.0,6130.27146636215,0.000674271948004,0.049221852204292,7.239901508141063e-06,0.0005285128100942,False,True,Survives to epoch 285
pool1y53awxsm6cmksp8qht8qfq5f5c69t6mrgrdcresk5y0ecv2yj93,RAMEN,True,1115752.369759,175369.0,175369.0,340.0,0.02,213580000.0,64070000.0,795.7536701616829,0.0004003026198859,0.029222091251672,340.0,0.02,796.1407354198758,0.0004006425913377,0.0292469091676555,3.399714518294316e-07,2.4817915983548508e-05,False,False,Survives to epoch 285
pool1y86v7u4544ts98g6d34nwz75d9llejardpmqz40rnufwkmmpjef,,True,19337568.908558,1000.0,1000.0,345.0,0.1,213580000.0,64070000.0,13788.692097837367,0.0006256899688512,0.0456753677261377,345.0,0.2,13788.737292277108,0.0005561707309061,0.0406004633561525,-6.951923794500342e-05,-0.0050749043699852,False,True,Survives to epoch 285
pool1yam2wu7nw384zjtset09u4ef75uy840mjru39nuhm0xaqj8lw78,NECTR,True,981166.998183,10000.0,10000.0,340.0,0.04,213580000.0,64070000.0,699.6318306615954,0.0003518733896212,0.0256867574423492,340.0,0.039,699.6545334767018,0.0003522621605814,0.0257151377224422,3.887709601782768e-07,2.8380280093014208e-05,False,True,Survives to epoch 285
pool1ycn0kca2jx6tw3dy2u4ya8qjjplnp53jt68upg3c2ls5zqst96x,,False,280458.345759,20000.0,20000.0,340.0,0.0,213580000.0,64070000.0,199.98632007582856,0.0,0.0,,,,,,,,,,Exited by epoch 285
pool1yechqtexl9r7esg5scwynqalmjrpd5l69wkwrrw54y0x26eljpq,ICRYP,True,321388.934803,100.0,100.0,340.0,0.03,213580000.0,64070000.0,229.1667315851168,0.0,0.0,340.0,0.03,229.16680667707496,0.0,0.0,0.0,0.0,False,False,Survives to epoch 285
pool1yet04d4ykpp7me8uc2jx2glxrx88kt9uhmv6jeh7xkmtu5zucna,AUTO,True,3599674.497152,100.0,100.0,340.0,0.0,213580000.0,64070000.0,2566.7518386129473,0.0006185981094609,0.0451576619906478,340.0,0.0,2566.7526799089533,0.0006185983431753,0.0451576790518038,2.337144669418631e-10,1.7061156086756006e-08,False,False,Survives to epoch 285
pool1yla5xge99yeddrcts0ya9n66k3x2vrcachnnmzu2vqqjzm6fw3k,,True,2094597.329553,7300.0,7300.0,340.0,0.01,213580000.0,64070000.0,1493.569969477372,0.0005452285523663,0.0398016843227433,340.0,0.0,1493.6055873932496,0.0005507529161413,0.0402049628783203,5.5243637750271605e-06,0.0004032785555769,False,True,Survives to epoch 285
pool1yp3f9645g70ncfrjfw4gw77gpnf80q7xpzwlce987g48k9lxsh9,IDIV,True,1086663.578609,100000.0,100000.0,340.0,0.01,213580000.0,64070000.0,774.9454170283592,0.0003962550796165,0.0289266208120055,340.0,0.01,775.1765358356525,0.0003964656393736,0.0289419916742778,2.1055975715436473e-07,1.5370862272268626e-05,False,False,Survives to epoch 285
pool1ysm66fawxhayjqfhgr54fzspp3yktdmepxvqm86xshhksj0qezh,,True,540781.855036,10000.0,10000.0,340.0,0.012,213580000.0,64070000.0,385.6103556483392,8.332940715542175e-05,0.0060830467223457,340.0,0.012,385.6227636721118,8.335207642099189e-05,0.0060847015787324,2.266926557013577e-08,1.6548563866199112e-06,False,False,Survives to epoch 285
pool1yufvmm7p27tewl4uumqkt3zzlnf39jhp6w2lt673kpyjck0h9q3,AGRO,False,457394.26527,25000.0,25000.0,340.0,0.0175,213580000.0,64070000.0,326.1562636452922,0.0,0.0,,,,,,,,,,Exited by epoch 285
pool1ywt7jqfsmxg0yplku4mtdwtm476rp72z6fns9mhevf7u72pkupj,UNIQ,True,1118199.164913,1000000.0,1000000.0,340.0,0.03,213580000.0,64070000.0,797.456654424553,0.0003968281936843,0.0289684581389602,340.0,0.03,797.7859372400592,0.0003971138354028,0.0289893099844075,2.8564171845527194e-07,2.0851845447234852e-05,False,False,Survives to epoch 285
pool1yydna77k2j8yq4fw08d202z664g3fvavfvqjg5g4lxmwzsa9k9u,,False,315757.752835,100000.0,100000.0,340.0,0.02,213580000.0,64070000.0,225.17300396062055,0.0,0.0,,,,,,,,,,Exited by epoch 285
pool1yyv7vx5zhhsd60jp4tl72vpznwvpvjp35m4z7jr42ugkxmndyv5,AZTEC,True,1479555.215593,5000.0,5000.0,340.0,0.0,213580000.0,64070000.0,1055.0057016063229,0.0004832571938315,0.0352777751497039,340.0,0.02,1055.022935048445,0.0004736034647187,0.0345730529244655,-9.653729112854982e-06,-0.0007047222252384,False,True,Survives to epoch 285
pool1yz3fnqnsqhqpkc2tjqn4dkws8nnr8a5kcs50g780nh0wk8tgnp2,ADAES,True,1039406.508519,100.0,100.0,340.0,0.02,213580000.0,64070000.0,741.1499481112971,0.0003782225201853,0.0276102439735277,340.0,0.001,741.1501910190117,0.0003855556392455,0.0281455616649226,7.333119060204667e-06,0.0005353176913949,False,True,Survives to epoch 285
pool1yzvc2la3nugzjtq2rr389hppdh90elc62wrlhm9x5teggg0eymw,,False,104758.921991,100.0,100.0,340.0,0.018,213580000.0,64070000.0,74.69846393312694,0.0,0.0,,,,,,,,,,Exited by epoch 285
pool1z033qtxzsn7c9az4fzz8z0ewnynzcuq2dy54v6tfyqz5vfjkmv0,TILIA,False,1611.834017,100.0,100.0,340.0,0.02,213580000.0,64070000.0,1.1493199993248815,0.0,0.0,,,,,,,,,,Exited by epoch 285
pool1z5uqdk7dzdxaae5633fqfcu2eqzy3a3rgtuvy087fdld7yws0xt,OCTAS,True,27445345.487701,50000.0,50000.0,340.0,0.009,213580000.0,64070000.0,19571.303118726064,0.0006944063210717,0.0506916614382375,340.0,0.009,19574.507799226467,0.0006945220360798,0.0507001086338301,1.15715008117568e-07,8.447195592582463e-06,False,False,Survives to epoch 285
pool1zecj6wqrzkcjmldvrr992pt3c64sgrhkhexxst32sdlsjwkpmfh,,True,7239639.096322,50000.0,50000.0,340.0,0.02,213580000.0,64070000.0,5162.591984649074,0.0006528143298409,0.0476554460783924,340.0,0.01,5163.433025912871,0.0006595907105479,0.0481501218700003,6.776380706957283e-06,0.0004946757916078,False,True,Survives to epoch 285
pool1zkjspf9w0gm4x37747re5ew4ffypm6g8xqzhxjeush7lx9tcptt,,False,546356.914413,50.0,50.0,340.0,0.005,213580000.0,64070000.0,389.5803682318082,9.02934786569901e-05,0.0065914239419602,,,,,,,,,,Exited by epoch 285
pool1zrsq44yvyy0pc360lccc2pc9cxyn4pht5hqhhazs2xdw58r057q,KING,False,1007.469661,1000.0,1000.0,340.0,0.01,213580000.0,64070000.0,0.7183772506365009,0.0,0.0,,,,,,,,,,Exited by epoch 285
pool1ztjyjfsh432eqetadf82uwuxklh28xc85zcphpwq6mmezavzad2,,False,326277.374081,25000.0,25000.0,340.0,0.03,213580000.0,64070000.0,232.6599506067949,0.0,0.0,,,,,,,,,,Exited by epoch 285
pool1zz7x8ergn02chznayj9fjds2gk5q6prmpdr49faspd65kzqsrjs,AUTO,True,2140316.471959,100.0,100.0,340.0,0.0,213580000.0,64070000.0,1526.1550020553836,0.0005541960815587,0.0404563139537907,340.0,0.0,1526.1555022688317,0.0005541963152688,0.0404563310146236,2.337100398191322e-10,1.7060832906796653e-08,False,False,Survives to epoch 285
