pool_id,ticker,survives_to_285,sigma_ada_228,declared_pledge_ada_228,effective_pledge_ada_228,fixed_cost_ada_228,margin_228,z0_k150_ada,z0_k500_ada,f_ada_k150,member_return_per_ada_epoch_k150,member_apr_simple_k150,fixed_cost_ada_285,margin_285,f_ada_k500_feeadjusted,member_return_per_ada_epoch_k500_feeadjusted,member_apr_simple_k500_feeadjusted,delta_member_return_epoch,delta_member_apr_simple,cost_changed,margin_changed
pool103gv6hc8ux9tvu7597f4806fayzeyvrn2pp338ndztgl6jg29mf,KIBC2,False,1024684.657505,17000.0,17000.0,500.0,0.03,213580000.0,64070000.0,730.669572440307,0.00021835935927049435,0.01594023322674609,,,,,,,,,
pool106p2jjwuwagq2as7cdzx4y6cyc2pdj7a3h3vv5cvkvnskegff3w,VOLT,True,22133533.507169,1000.0,1000.0,340.0,0.0,213580000.0,64070000.0,15782.360234292672,0.0006976906886237088,0.05093142026953074,340.0,0.01,15782.411963607035,0.0006907160955126853,0.050422274972426025,-6.9745931110234884e-06,-0.0005091452971047147,False,True
pool108zdflss3ayqlm5c7vr6mtqj2uwl99vk28ur8dv4zswdzt6yauc,AZUR,True,17645327.936427,500000.0,500000.0,340.0,0.02,213580000.0,64070000.0,12590.625432453835,0.0006803848002745463,0.04966809042004188,340.0,0.02,12610.870698134819,0.0006815091976469752,0.04975017142822919,1.1243973724289324e-06,8.208100818731206e-05,False,False
pool10akpqvczl93ep4rc59c0aqyn3dm0env2ydysuwmdm670wl24pd8,,True,11077384.870745,1000000.0,1000000.0,340.0,0.05,213580000.0,64070000.0,7908.885444452752,0.0006491099890570587,0.04738502920116529,340.0,0.025,7932.963668170974,0.000668311127838317,0.04878671233219714,1.9201138781258236e-05,0.001401683131031851,False,True
pool10capak8jppvj8h46e35xdth6h22pahtr3lcgscrpa06jzv0xn8w,SWAG,True,36642001.490819,100000.0,100000.0,340.0,0.025,213580000.0,64070000.0,26131.2772385044,0.0006862751564988196,0.05009808642441383,340.0,0.025,26139.835229172422,0.0006865028744334802,0.05011470983364406,2.2771793466061074e-07,1.6623409230224584e-05,False,False
pool10cz0gm5zu74clhrxp9mm7ulslves04wyfxaqzr4sjr2zv7qjpnv,,True,342279.771204,100000.0,100000.0,340.0,0.0,213580000.0,64070000.0,244.08721312944147,0.0,0.0,340.0,0.01,244.14400119082077,0.0,0.0,0.0,0.0,False,True
pool10dwjth7esfw5gc036vu6l6csnvn6elqax0d3kh8t65rxyewk2g3,IOG2,False,113741616.917436,3300000.0,3300000.0,340.0,0.07,213580000.0,64070000.0,81474.41104505268,0.0006633895694191783,0.04842743856760001,,,,,,,,,
pool10efuydxjnasr0309lqklmj9xahupdnzqd59r5dqjeh4twz06tr0,F4ADA,True,19818306.088752,300000.0,300000.0,340.0,0.03,213580000.0,64070000.0,14137.335903623956,0.0006753057383703986,0.0492973189010391,340.0,0.01,14151.1059715397,0.0006899174354555203,0.050363972788252984,1.4611697085121708e-05,0.0010666538872138847,False,True
pool10eltx2wej46e62ulmwzm35xfu0azu47yvpjper7gwhncqe74vg6,CHIL,True,135339.694205,35000.0,35000.0,340.0,0.029,213580000.0,64070000.0,96.50762165380856,0.0,0.0,340.0,0.029,96.51583752065517,0.0,0.0,0.0,0.0,False,False
pool10j307gzqx5cuqxzgnycg9rwyyutjy2eqyhnkmu2umj6cctcvrqq,,False,521761.404149,108146.0,108146.0,340.0,0.0,213580000.0,64070000.0,372.0873175236687,6.149806648884565e-05,0.004489358853685733,,,,,,,,,
pool10jd7mphm0mmrnfvyytzs3tfrmjmtkvalfx8nql7tae06v0rkjk3,DOS,False,5503.59544,1000.0,1000.0,340.0,0.0,213580000.0,64070000.0,3.9243487094813947,0.0,0.0,,,,,,,,,
pool10jn0wjlh9y3w2ygq84u2llvlnxfz3lc4g0ssqlmpp3w3y2d2lw5,EARN,True,8071148.443623,100000.0,100000.0,340.0,0.05,213580000.0,64070000.0,5755.939164764739,0.0006374733710407307,0.046535556085973345,340.0,0.05,5757.806012942058,0.0006376931050452336,0.04655159666830205,2.1973400450288165e-07,1.604058232871036e-05,False,False
pool10ljdn3zwsh7vjkxf6t250423l5qy487x83st7m8a53jxznrkw5g,,True,4919741.218816,1200000.0,1200000.0,340.0,0.005,213580000.0,64070000.0,3512.5302850132625,0.0006416328609958655,0.04683919885269818,340.0,0.005,3523.298798853876,0.0006438107542619648,0.04699818506112343,2.1778932660993433e-06,0.00015898620842525206,False,False
pool10mf43thtl3keag50mrlvqa78xkwg7harmu4w5yzr3k7jvw0ap43,JORGE,True,1030494.919572,200000.0,200000.0,340.0,0.0,213580000.0,64070000.0,734.9619797006222,0.00038327406782816893,0.02797900695145633,340.0,0.0,735.3521417740911,0.0003836526840309843,0.028006645934261856,3.7861620281537866e-07,2.7638982805522642e-05,False,False
pool10mrxnxzfz5rwgnv4cza7a6fmz49qrxauzyffw490hr2jghzmtsp,,True,272093.587525,500.0,500.0,340.0,0.0199,213580000.0,64070000.0,194.01673904238672,0.0,0.0,340.0,0.0199,194.01705643053813,0.0,0.0,0.0,0.0,False,False
pool10p3g22454ly7eaurlur5wc9d9ual2fnfwy7a6e7k09z3yf929k9,OUROS,True,2333969.45978,2500.0,2500.0,340.0,0.029,213580000.0,64070000.0,1664.2450810372327,0.0005509249353281411,0.0402175202789543,340.0,0.029,1664.258704533338,0.0005509306031035538,0.040217934026559425,5.667775412735755e-09,4.1374760512971013e-07,False,False
pool10qmnswfc22zm0fscg80gkwqz65ujwjkqmctv8g9l9l58wqtelgg,WAAUS,True,2803264.796837,30000.0,30000.0,340.0,0.008,213580000.0,64070000.0,1998.9540900764093,0.0005870592243774709,0.04285532337955538,340.0,0.008,1999.1486603573483,0.0005871280775656925,0.04286034966229555,6.885318822155619e-08,5.026282740173602e-06,False,False
pool10quq4wlghwrvmhdzc7geq22pyhzegccwj56ax2g8hx0cjfahufs,SPS2,True,78481917.798721,10000.0,10000.0,340.0,0.05,213580000.0,64070000.0,55962.39548137837,0.0006732923607043989,0.04915034233142112,340.0,0.05,45687.31633535004,0.000548915619379584,0.040070840214709635,-0.00012437674132481484,-0.009079502116711484,False,False
pool10r8gk6z4epj36rluw3klk5k0uzfcdc0rw9cu0zuyxw56quaksrv,SIMPL,True,2506609.846492,0.0,0.0,340.0,0.04,213580000.0,64070000.0,1787.3406424856526,0.0005543132365536492,0.040464866268416395,340.0,1.0,1787.3406424856526,0.0,0.0,-0.0005543132365536492,-0.040464866268416395,False,True
pool10s3paykwusv3zpfn9wkrzfvw6pch5tlcklwftj00a79yc3h0tgx,GOD,False,185195.927683,100000.0,100000.0,340.0,0.025,213580000.0,64070000.0,132.0626819621121,0.0,0.0,,,,,,,,,
pool10tqeu6d03p6rnalqlvdshmpsljxaq2c0ww6draq6xm8lgyl2a3p,CASP,True,5847087.284221,100000.0,100000.0,340.0,0.03,213580000.0,64070000.0,4169.847284881701,0.0006353508483378469,0.04638061192866283,340.0,0.02,4171.193269712691,0.0006421264506262034,0.04687523089571285,6.775602288356438e-06,0.00049461896705002,False,True
pool10v6uh7yan2dg8utwpgurj6th3u3s3q3m2lcg8z9mxtncvx72dhc,,False,618275.240075,100025.042945,100025.042945,340.0,0.03,213580000.0,64070000.0,440.9137228566642,0.000158321577230054,0.01155747513779394,,,,,,,,,
pool10y2jjrllhxhsmjvyznls8r7wyztjawz3gre3qqr938tvw5tg0vu,,False,82158.66126,1.0,1.0,340.0,0.01,213580000.0,64070000.0,58.58331515532034,0.0,0.0,,,,,,,,,
pool10zfvfwgsmqu8l53y2p48hjrw5etpxzd5c0jrz727g784y89xkpr,ORCA,False,155969.506533,125000.0,125000.0,340.0,0.03,213580000.0,64070000.0,111.21810035317014,0.0,0.0,,,,,,,,,
pool10zyf32q3w3n9x940j6yqgkwuegzn77p94wcmpku6gvmrqw8a97d,XSP,True,15115542.914917,20000.0,20000.0,340.0,0.0,213580000.0,64070000.0,10778.4553127535,0.0006905775976099512,0.05041216462552643,340.0,0.037,10779.161227000292,0.000665071199770166,0.04855019758322211,-2.5506397839785214e-05,-0.0018619670423043206,False,True
pool122j50n88wmlsz4jgh9cgpan0lzckm4ppdmtr732ljez4cpmaf9e,,False,24964.382521,50.0,50.0,340.0,0.0049,213580000.0,64070000.0,17.800879017618886,0.0,0.0,,,,,,,,,
pool122y8c6dqkf864l0uxxnz8uz60dcrxvdm5w6j302z7ft0265f3xu,,True,1000996.418357,1000000.0,1000000.0,340.0,0.015,213580000.0,64070000.0,713.767183141711,0.0003677941985035983,0.026848976490762674,340.0,0.015,713.8169811495421,0.00036784320071460934,0.026852553652166482,4.900221101106347e-08,3.5771614038076333e-06,False,False
pool124lm97s6f4satl7xz0ulzgg6tv30tskry3zcntwrz68n60v5yne,SHARP,True,529129.196595,100000.0,100000.0,340.0,0.04,213580000.0,64070000.0,377.3391046615796,6.774440100033433e-05,0.004945341273024406,340.0,0.025,377.4396518689506,6.898818059394867e-05,0.0050361371833582535,1.2437795936143427e-06,9.079591033384701e-05,False,True
pool12584mjtgz3fhgpx823qht56gycnfnezg6aqqthazv4qdxkd5c46,DOLCA,True,1107444.528489,50000.0,50000.0,340.0,0.02,213580000.0,64070000.0,789.7173899969256,0.0003979639890390814,0.029051371199852943,340.0,0.02,789.8410945140474,0.00039807345766135617,0.029059362409279,1.0946862227475575e-07,7.99120942605717e-06,False,False
pool126mkma8nv5axltmz7mmg8qz9e70nmhnf58hwx5772fhwgkhk6ag,NAP,True,58135217.738303,20000.0,20000.0,340.0,0.03,213580000.0,64070000.0,41454.53902988828,0.0006860059084756046,0.050078431318719134,340.0,0.03,41457.2566760218,0.0006860512530507533,0.05008174147270499,4.5344575148745583e-08,3.3101539858584276e-06,False,False
pool12cc8t9yr58xureweksj73v87xkm6svcs8j3xnt93zd5zw5q6ugr,,False,972517.853621,900000.0,900000.0,340.0,0.0,213580000.0,64070000.0,693.5238847419427,0.000363514030540065,0.026536524229424745,,,,,,,,,
pool12crd62rxj8yryvshmgwkxza7um3uhaypwdjeel98lnkf529qdw5,0PCT1,True,673230.841156,1.0,1.0,340.0,0.0,213580000.0,64070000.0,480.0479211182798,0.0002080236266030304,0.015185724742021218,340.0,0.0,480.04792269175596,0.0002080236289402319,0.015185724912636929,2.337201504380715e-12,1.7061570981979218e-10,False,False
pool12ehtdu5hfffpeqg968gtpqcnjv7hwfj3tshxcw8lg37tqcquhaq,,True,974915.730964,10000.0,10000.0,340.0,0.03,213580000.0,64070000.0,695.174295743899,0.000353383431951519,0.025796990532460887,340.0,0.03,695.19685242444,0.00035340587489651385,0.025798628867445512,2.244294499483164e-08,1.6383349846227097e-06,False,False
pool12f2r9xf4wvht030xwjhpjvy5yptr275qr2qcydnx57jkxyfzz2w,FREE1,True,528950.144002,300000.0,300000.0,340.0,0.0,213580000.0,64070000.0,377.2374420451037,7.039877475666763e-05,0.005139110557236737,340.0,0.0,377.400230606403,7.070653261087227e-05,0.005161576880593676,3.077578542046394e-07,2.2466323356938676e-05,False,False
pool12f3wfgks8s7ga6kltjl98ayljysu3gtgcdx7wsrw4702sfkl3v5,SIMON,False,107708.212328,400.0,400.0,340.0,0.02,213580000.0,64070000.0,76.80149084779487,0.0,0.0,,,,,,,,,
pool12jz7ey8jtd9ek3x2ysxaxsgfyu62ppaljrc3rzs4z6ydvx9rcs8,,False,1401066.96107,0.0,0.0,340.0,0.02,213580000.0,64070000.0,999.0321891812878,0.0004609712193230385,0.03365089901058181,,,,,,,,,
pool12mmcc4rc2fzfv7gyv8h06nvnsrm3m7erzdv8x6gzvjxlu2lf09n,1PCT3,True,35727092.164433,50000.0,50000.0,340.0,0.01,213580000.0,64070000.0,25477.025652710163,0.0006965485822816894,0.05084804650656333,340.0,0.01,25481.199121978138,0.0006966642293809909,0.050856488744812335,1.1564709930151924e-07,8.442238249010904e-06,False,False
pool12n6lycv28kjtkzecfz2a3uujyxy6ewuwjcmjq84my67psqmgagv,MANT,True,57761329.141937,100000.0,100000.0,340.0,0.01,213580000.0,64070000.0,41192.55105034249,0.0007001920859621478,0.05111402227523679,340.0,0.01,41206.05507571196,0.0007004235381346372,0.051130918283828514,2.314521724893978e-07,1.689600859172604e-05,False,False
pool12rkpcc250wh03m74lvaqhnj8t89umae2v22gqg5rf470yhg6l4v,GOSLO,True,71074.591972,26000.0,26000.0,340.0,0.0,213580000.0,64070000.0,50.68098245473986,0.0,0.0,340.0,0.01,50.683723795627756,0.0,0.0,0.0,0.0,False,True
pool12t3zmafwjqms7cuun86uwc8se4na07r3e5xswe86u37djr5f0lx,NORTH,True,15300372.422605,10000.0,10000.0,340.0,0.0,213580000.0,64070000.0,10910.09891468372,0.0006908393222551431,0.05043127052462545,340.0,0.0,10910.456354567514,0.0006908626837704004,0.05043297591523923,2.3361515257328512e-08,1.7053906137849814e-06,False,False
pool12vs4c3cm0tr49c7alrevfs0xa5g3s4al4fn46h33e69uusat04v,BLOOM,True,172280664.808829,1000000.0,1000000.0,340.0,0.05,213580000.0,64070000.0,123017.2567370328,0.0006764740200503833,0.04938260346367798,340.0,0.04,45899.092480553154,0.00025386905042340893,0.01853244068090885,-0.00042260496962697434,-0.030850162782769128,False,True
pool130f7tnlumxe5yuzsqqphy00cal8yugh5x66zgnz48zqyypns0k3,2PCT,False,2671481.874977,400000.0,400000.0,340.0,0.02,213580000.0,64070000.0,1905.8148298558986,0.0005743997545452153,0.041931182081800716,,,,,,,,,
pool130sxcuaxh2yc4chs68c4jsep4v7zfhgdqutm60ngdvt9sa2ga06,,True,3207538.805907,600.0,600.0,340.0,0.02,213580000.0,64070000.0,2287.1406608741995,0.0005949102920103666,0.04342845131675676,340.0,0.02,2287.1451580927246,0.00059491166604648,0.04342855162139304,1.3740361134041007e-09,1.0030463627849935e-07,False,False
pool136ahugdvaenv8ed0d3m9af4dxxtzu7u3vpfq4mxk7qq6xuvd0ca,BLOXB,True,402384.878643,50000.0,50000.0,340.0,0.035,213580000.0,64070000.0,286.9385892884811,0.0,0.0,340.0,0.035,286.9798167755876,0.0,0.0,0.0,0.0,False,False
pool136wr0g23dw9daekuyqtgk366vywms6meespgpm3hdguxqczaaug,DDLT,True,18163097.793791,100.0,100.0,340.0,0.05,213580000.0,64070000.0,12951.2167542234,0.0006596152293254612,0.04815191174075867,340.0,0.05,12951.220999296676,0.0006596154513591506,0.04815192794921799,2.2203368939439916e-10,1.620845932579114e-08,False,False
pool1378u3xd5h393n0dwqszfw4dmen5vlmnm2fsdczd3v92n6dlw6qm,FIRE,False,322596.236241,10000.0,10000.0,340.0,0.0145,213580000.0,64070000.0,230.03069791720694,0.0,0.0,,,,,,,,,
pool137x32lrkprphrd0aa8x4jqz98z6lc0wawlc88hdjeps4qe408ad,KUBE,True,153854.936037,5000.0,5000.0,340.0,0.03,213580000.0,64070000.0,109.70716052642723,0.0,0.0,340.0,0.03,109.70890023122504,0.0,0.0,0.0,0.0,False,False
pool13846y7q7tng3endxhet9qdcz5w0fjs09ytcye4dm5g54wmyqeqr,BSP,True,22058261.099579,40000.0,40000.0,340.0,0.01,213580000.0,64070000.0,15729.547280464225,0.0006907004926127368,0.050421135960729786,340.0,0.01,15731.607401605366,0.0006907929532070022,0.05042788558411116,9.246059426545796e-08,6.749623381378431e-06,False,False
pool13hc7e9axpm0c4us03rwcw996t8zyz5452p0hpa6ehpy2z6gnqae,AZER,False,30469.536878,7000.0,7000.0,340.0,0.025,213580000.0,64070000.0,21.726498107722605,0.0,0.0,,,,,,,,,
pool13kd6k66rrrhsh4s9px92qxymsrkjcjy336lpg80tt38lk6r799y,IOG20,False,111882822.614253,500000.0,500000.0,340.0,0.03,213580000.0,64070000.0,79834.06787884247,0.0006891964650224517,0.05031134194663898,,,,,,,,,
pool13l0j202yexqh6l0awtee9g354244gmfze09utxz0sn7p7r3ev3m,DUCK,False,1316830.736973,1000.0,1000.0,1000.0,0.02999,213580000.0,64070000.0,938.9687837649664,0.0,0.0,,,,,,,,,
pool13lfrlz8hw64t2zr7hfvd8juxjcpdrspvslrtu0y76yxcs8ufvpd,,False,1158550.76739,1000000.0,1000000.0,340.0,0.01,213580000.0,64070000.0,826.2700088547923,0.00041552543256327543,0.030333356577119105,,,,,,,,,
pool13lvqv30e0zuk9kjextyhdemzpyefhjgd077xhmqy4gw4xuvcm5f,,False,131697.046108,100000.0,100000.0,340.0,0.01,213580000.0,64070000.0,93.90989048413535,0.0,0.0,,,,,,,,,
pool13n4jzw847sspllczxgnza7vkq80m8px7mpvwnsqthyy2790vmyc,,False,1151156.978693,50000.0,50000.0,340.0,0.01,213580000.0,64070000.0,820.8887856290471,0.00041356644366026253,0.030190350387199166,,,,,,,,,
pool13pclvkwxee4znt7qc55k8ny89zvdkvfrt04dtd99zjm5vs2tws5,CCJ2,True,44283060.20542,100000.0,100000.0,340.0,0.048,213580000.0,64070000.0,31580.507413540065,0.0006716103837387916,0.049027558012931786,340.0,0.048,31590.85489969689,0.0006718328346438466,0.0490437969290008,2.224509050549649e-07,1.6238916069012438e-05,False,False
pool13q0r47yq43jljm9lnwza8uz57u420wuuwllrvkalxm6vwn2dq5n,,False,5872960.920544,100000.0,100000.0,340.0,0.03,213580000.0,64070000.0,4188.299099617763,0.0006355993470978969,0.04639875233814647,,,,,,,,,
pool13qzk5az6sx77lk2nt8zruu0t2tsyepu9q73yaz8l8j3uqxqh9wh,,False,106934.472911,75000.0,75000.0,340.0,0.01,213580000.0,64070000.0,76.25213386292144,0.0,0.0,,,,,,,,,
pool13rx88l4d5gpw69e586tfcdeuzmx6f2ys95pqjnlnmlzrs739h0y,btcs,True,21466851.310907,3000.0,3000.0,340.0,1.0,213580000.0,64070000.0,15307.024157764234,0.0,0.0,340.0,1.0,15307.174663178648,0.0,0.0,0.0,0.0,False,False
pool13wwxqu7sj9cunca3gc8lunqtz8e5un9phrhq52870ful6jw6usm,,True,2562259.670952,50000.0,50000.0,340.0,0.0279,213580000.0,64070000.0,1827.1476453516266,0.0005642114429054674,0.04118743533209912,340.0,0.0,1827.4415323947208,0.0005805194333960953,0.04237791863791496,1.6307990490627903e-05,0.001190483305815837,False,True
pool13wzpwavanfpkr4r4j30plrlc6dn6p822lkt22zdllmy7q8y7s90,CARBO,True,664029.722354,50.0,50.0,340.0,0.025,213580000.0,64070000.0,473.4870867878889,0.00019600012655579245,0.014308009238572849,340.0,0.0,473.48716438079913,0.00020102588767801567,0.014674889800495144,5.025761122223217e-06,0.00036688056192229487,False,True
pool13xh3tgwzhr3hn25v5m2dnvqnfcmnzghcfah5t7kzufkywuy7w7v,,True,13395605.481592,100000.0,100000.0,340.0,0.02,213580000.0,64070000.0,9553.082079206633,0.0006740136121528618,0.049202993687158914,340.0,0.01,9556.195887027327,0.0006811214275230139,0.04972186420918001,7.1078153701520505e-06,0.0005188705220210997,False,True
pool13zh79cqv3y36cgknzagwegp8y0kuzel2j046jmup97hhjwk5myw,,True,1051583.677294,100.0,100.0,340.0,0.025,213580000.0,64070000.0,749.8328916294354,0.0003799859944259896,0.02773897759309724,340.0,0.025,749.8331373832095,0.0003799862222822553,0.027738994226604637,2.2785626570221915e-10,1.6633507396261998e-08,False,False
pool140x77a7cz2j689lmxf836qpjtc3y83rka28v6gpswxdw2mag62e,UNDR,True,22174503.279126,250000.0,250000.0,340.0,0.0299,213580000.0,64070000.0,15817.047833258155,0.0006770967499947318,0.04942806274961542,340.0,0.0299,15829.924069478386,0.000677660065285271,0.04946918476582478,5.633152905392021e-07,4.112201620936175e-05,False,False
pool144cfav5vd6vwaej6cspzea3pjfvdcjg86uzv9phxegz87ynw2zz,,False,247531.286546,114509.625174,114509.625174,340.0,0.03,213580000.0,64070000.0,176.51770129965456,0.0,0.0,,,,,,,,,
pool144m894gswuy3se407ma5870nkaw5ylykrak73gf4kpepj50ulfa,CLUB,True,3579246.256395,0.0,0.0,369.0,0.03,213580000.0,64070000.0,2552.185100713807,0.00059165796259722,0.043191031269597065,340.0,0.03,2552.185100713807,0.0005995171591947552,0.04376475262121713,7.85919659753516e-06,0.0005737213516200667,True,False
pool1479z5kd9adf44nzf6mwjqql5fvfm6d8n7ntgwr32lmtkssvlc08,At5,False,109677.185916,100.0,100.0,345.0,0.01,213580000.0,64070000.0,78.20543740595473,0.0,0.0,,,,,,,,,
pool14arklydxklrqthvwghvguelawj44vk5cv5ukk97mgfzyxj7l2v2,,False,11202.422242,1.0,1.0,340.0,0.00777,213580000.0,64070000.0,7.9878983255232425,0.0,0.0,,,,,,,,,
pool14cautfm2e8jxv79tv59grnryjxs8f2wewz66wup695xgu7wjnvr,,True,301778.263104,2020.0,2020.0,340.0,0.022,213580000.0,64070000.0,215.18389692682842,0.0,0.0,340.0,0.005,215.18531219008722,0.0,0.0,0.0,0.0,False,True
pool14g73qj0qz05ymqg7dp9kxdu8jr7uuzm6z6n3jwxpvqskghhmhng,TWIN1,True,1339564.526208,100000.0,100000.0,340.0,0.005,213580000.0,64070000.0,955.3020307418747,0.00045703324372229785,0.03336342679172774,340.0,0.005,955.5923776118941,0.00045724890719353584,0.03337917022512812,2.156634712379888e-07,1.574343340037318e-05,False,False
pool14ga7m2hv6y89u4jv9yf8mf28tjs078j43l5h4zgpxqp7q6ey4d6,,False,105711.863995,5000.0,5000.0,340.0,0.02,213580000.0,64070000.0,75.37845405617675,0.0,0.0,,,,,,,,,
pool14h9dm54ajt2nfr2znllm6cqan2q24f3s4t0m6mr8k633gz47mp2,,False,1021.455684,1000.0,1000.0,340.0,0.0,213580000.0,64070000.0,0.7283500122461019,0.0,0.0,,,,,,,,,
pool14kg79f3v5lqfvp5etqvmy6m9kuzpnd80w5cl44qrl8tpuk00quc,HEX,True,1350895.633772,109000.0,109000.0,340.0,0.042,213580000.0,64070000.0,963.3931287845562,0.0004420849416087462,0.03227220073743847,340.0,0.042,963.7102694368778,0.00044230984480432155,0.032288618670715474,2.249031955753539e-07,1.6417933277000835e-05,False,False
pool14ku0z9rx9yx34zl00jtxtpyv6ehytfl8fewztavx7qvju7nrtr8,BOT,True,4383416.192347,0.0,0.0,340.0,0.0,213580000.0,64070000.0,3125.5992728489846,0.000635485920253787,0.04639047217852645,340.0,0.019949,3125.5992728489846,0.0006228086116306442,0.04546502864903703,-1.2677308623142776e-05,-0.0009254435294894227,False,True
pool14mm59ntjqzphjr6chrww639cdr3yjce4qcwzc5jkk38y22u7uc6,ZZZ2,True,134943947.52006,50000.0,50000.0,340.0,0.05,213580000.0,64070000.0,96228.67277456871,0.0006750524259140909,0.049278827091728636,340.0,0.05,45695.87294727744,0.0003193035337395057,0.02330915796298392,-0.00035574889217458516,-0.025969669128744717,False,False
pool14nl3h9l6mz3tutjl76849v33x409nl63md3d8ay7wrmnvujzrsk,,False,155531.41585,51000.0,51000.0,340.0,0.0314,213580000.0,64070000.0,110.90717203080409,0.0,0.0,,,,,,,,,
pool14pxhk34wlpu2azrnwy9ah8hrzxgffhqthcxcp620209eupfjfcn,1337,False,533927.270154,100.0,100.0,340.0,0.01,213580000.0,64070000.0,380.717424146808,7.54976420172607e-05,0.005511327867260031,,,,,,,,,
pool14qugk4juy7ds52glqhuveyntrmzr6ymaswyjhj9k53k3qdnfwpf,SABAI,False,569727.233686,26000.0,26000.0,340.0,0.02,213580000.0,64070000.0,406.25873116771925,0.00011397306062457321,0.008320033425593844,,,,,,,,,
pool14rpgdxcawg7zjqv0xl793nhmle76n6r5kqe3j2mvvkdg5llxzg3,YASP,False,325596.885719,52000.0,52000.0,340.0,0.0,213580000.0,64070000.0,232.18143649057495,0.0,0.0,,,,,,,,,
pool14skj6e4rpjanzclx3fc880xnl8xafgg63tmw93t9xspvwx985qu,EVRST,True,210018.841426,1000.0,1000.0,400.0,0.03,213580000.0,64070000.0,149.75435297497344,0.0,0.0,400.0,0.03,149.75484150478374,0.0,0.0,0.0,0.0,False,False
pool14u30jkg45xwd27kmznz43hxy596lvrrpj0wz8w9a9k97kmt4p2d,,True,139431399.181317,30000.0,30000.0,340.0,0.035,213580000.0,64070000.0,99425.8869698709,0.000685770073938537,0.0500612153975132,340.0,0.035,45691.59464131374,0.00031387685331878904,0.0229130102922716,-0.00037189322061974793,-0.0271482051052416,False,False
pool14vc8rpu8uuvl2jns8g3qlllm84u5kfmfkr5k09vzfjlyxe5mlfv,RADAR,False,65608429.77547,1.0,1.0,340.0,0.029,213580000.0,64070000.0,46782.15612860058,0.0006873405407689184,0.05017585947613104,,,,,,,,,
pool14wk2m2af7y4gk5uzlsmsunn7d9ppldvcxxa5an9r5ywek8330fg,SMAUG,True,6245461.377991,1000000.0,1000000.0,340.0,0.0199,213580000.0,64070000.0,4458.615427149788,0.0006463341514487105,0.04718239305575587,340.0,0.0,4471.171316726911,0.0006614677550140899,0.04828714611602856,1.513360356537939e-05,0.0011047530602726955,False,True
pool14yct4lltf2md86fm8xns78ttta0ey2a2m8j0vxx69pds2mzmhvq,,False,1193489.715349,1.0,1.0,340.0,0.0,213580000.0,64070000.0,851.0190289939145,0.00042817212617913717,0.03125656521107702,,,,,,,,,
pool150hft90uw7tzr9uvj7tqkjp4u98a9hl20llj3n9ew76kkfm768r,MONKY,True,2191346.151266,3333.0,3333.0,340.0,0.01,213580000.0,64070000.0,1562.548855459126,0.000552319571330754,0.04031932870714504,340.0,0.01,1562.5659010254535,0.0005523272721272049,0.04031989086528596,7.70079645092802e-09,5.621581409177455e-07,False,False
pool150n38x8gquu4yt5s0s6m3ajjqe89y68x96dh32tq8a4es2l6dvp,ETO1,True,162514745.594674,0.0,0.0,340.0,1.0,213580000.0,64070000.0,115881.3008777926,0.0,0.0,340.0,1.0,45685.17718236819,0.0,0.0,0.0,0.0,False,False
pool154sjkrwdu80wp6mnjvkwk55aj53l4v37z4zwulfak74vcxg60x0,ANZ,True,740902.511067,64000.0,64000.0,340.0,0.0,213580000.0,64070000.0,528.3446759388108,0.0002542097956552597,0.01855731508283396,340.0,0.0,528.4460716812772,0.0002543466500199727,0.01856730545145801,1.3685436471300985e-07,9.990368624049719e-06,False,False
pool155cu3s06js3llfh07vnzepatfuvt3s5s7uwldt9rzz55wz7pugt,SPS,True,200843160.589718,10000.0,10000.0,340.0,0.05,213580000.0,64070000.0,143213.42686519172,0.0006757997390770034,0.04933338095262125,340.0,0.05,45687.31633535004,0.00021449548190782643,0.01565817017927133,-0.00046130425716917696,-0.033675210773349916,False,False
pool157e2zadjusu6esf9mmx37nf63ep2gazdeln5mh04ylpcvz59g5c,AION,True,66251515.548488,200000.0,200000.0,340.0,0.015,213580000.0,64070000.0,47253.95248172542,0.000697497148735855,0.050917291857717414,340.0,0.015,45727.96024200518,0.0006748093302960738,0.04926108111161338,-2.2687818439781193e-05,-0.001656210746104027,False,False
pool158ag8p06qm4apd750ekep6een9cdldqsq434ll2mp0ykgunmguy,ALPHA,True,1172074.969046,10000.0,10000.0,340.0,0.03,213580000.0,64070000.0,835.7608612046988,0.0004102877785710008,0.02995100783568306,340.0,0.03,835.7880268354897,0.00041031026063278276,0.029952649026193143,2.2482061781952268e-08,1.6411905100825156e-06,False,False
pool15f9qklmaajysmwx9n3rkgc5s2g3rfffz4x8spnedtzdgq43tpe2,WEQNT,True,4387181.843498,0.0,0.0,340.0,0.03,213580000.0,64070000.0,3128.2843741450733,0.0006164859218062987,0.0450034722918598,340.0,0.03,3128.2843741450733,0.0006164859218062987,0.0450034722918598,0.0,0.0,False,False
pool15m78a3nfcepn8ekyzx6sa8yexg7cqseer2ktu26f7l9jjq0e502,NOBI,True,29877036.454154,3.0,3.0,340.0,0.05,213580000.0,64070000.0,21303.85062968283,0.0006665874685649983,0.04866088520524488,340.0,0.05,21303.85083916909,0.000666587475226032,0.04866088569150034,6.661033703780905e-12,4.862554603760061e-10,False,False
pool15mfkj8sl7estcmmd5a07afrx5f4hlz3pcr6p6ay5pfmrjfl2hlf,DOXA,True,5059585.551103,320000.0,320000.0,340.0,0.05,213580000.0,64070000.0,3609.26398417784,0.0006138448996661154,0.04481067767562642,340.0,0.01,3612.8333159038243,0.0006403894054204572,0.04674842659569337,2.6544505754341817e-05,0.0019377489200669527,False,True
pool15mv5w2vvfv2kplkrt40ylylyvdudv5axq5nyw6ln3v0gkd2auew,NLD,True,14087571.215947,10.0,10.0,340.0,0.04,213580000.0,64070000.0,10045.156798967371,0.0006613596044477826,0.04827925112468812,340.0,0.04,10045.157128222601,0.0006613596268849378,0.04827925276260046,2.2437155215368487e-11,1.6379123307218996e-09,False,False
pool15pmdr6nw3g6mmt7regefp2lrx3njah0gpwsnqm794c4wsr23062,METAX,True,2749161.363156,100000.0,100000.0,340.0,0.01,213580000.0,64070000.0,1960.5577034739956,0.0005835787407536824,0.04260124807501882,340.0,0.01,1961.1781704589057,0.0005838021770071134,0.04261755892151928,2.2343625343099107e-07,1.6310846500462348e-05,False,False
pool15q9qez3zsy8ccj258satrfj7scc5lnmas444u355jq82vylamvt,,False,33808.296274,20000.0,20000.0,340.0,0.02,213580000.0,64070000.0,24.107315924821144,0.0,0.0,,,,,,,,,
pool15txd36fltfgc63qq0yxtpqt88eu76s0yhugn9a6q7f4zspq6k5f,ARM1,True,639234.819543,100000.0,100000.0,340.0,0.009,213580000.0,64070000.0,455.86106155517626,0.0001796183632225561,0.013112140515246595,340.0,0.01,455.9873949163927,0.0001796327694560208,0.01311319217028952,1.4406233464703743e-08,1.0516550429233733e-06,False,True
pool15w4gpc2zyg634j5yag0xq790h326fzcg4cvq67nmck3kxq4m5m5,,False,37850.066299,500.0,500.0,340.0,0.02,213580000.0,64070000.0,26.9890460999658,0.0,0.0,,,,,,,,,
pool15xmrnqsq2yvpvfm7cjky49qkpdktp7lk4z7qqtzsdeq66xr0sqm,,False,537347.988975,350002.0,350002.0,340.0,0.03,213580000.0,64070000.0,383.22250073305185,7.802360215590364e-05,0.005695722957380966,,,,,,,,,
pool15yyxtkhz64p7a8cnax9l7u82s9t9hdhyxsa3tdm977qhgpnsuhq,SECUR,True,152126118.969437,100000.0,100000.0,340.0,0.0,213580000.0,64070000.0,108488.91394915349,0.0007109161443268083,0.05189687853585701,340.0,0.03,45706.56871218669,0.00028927032352453594,0.021116733617291123,-0.0004216458208022724,-0.030780144918565885,False,True
pool15zrkyr0f80hxlt4scv72tej8l8zwrcphmrega9wutqchjekceal,ZETE,True,12163660.050348,10000.0,10000.0,340.0,0.0,213580000.0,64070000.0,8673.431622073254,0.0006851088889018102,0.05001294888983214,340.0,0.01,8673.715735688329,0.0006782809240131143,0.04951450745295734,-6.8279648886959005e-06,-0.0004984414368748007,False,True
pool162g6067hj0z3tyxrn7e0wmcz36yqp6nxu3e4x5ahkwvnygsuwqk,BIZAR,True,336355.248833,100.0,100.0,340.0,0.01,213580000.0,64070000.0,239.83847817895585,0.0,0.0,340.0,0.0,239.8385567688553,0.0,0.0,0.0,0.0,False,True
pool167n02n48l5hfgfu6e46xq8n3yefccm9dcnmefkmxuymhc8ncrjm,,False,137114.352874,0.0,0.0,340.0,0.01,213580000.0,64070000.0,97.76952560159896,0.0,0.0,,,,,,,,,
pool167v4tdkd4nx3pgrem6elzdqwelha5uq7r7qhv68he53d6zlsl7m,,False,70975.86893,100.0,100.0,340.0,0.01,213580000.0,64070000.0,50.60942098570921,0.0,0.0,,,,,,,,,
pool1692dxqqcsavymwz28w44t2jhyjnakvj4l3gwz2dqrarmc2k6dkh,BLUE,True,532521.948306,10000.0,10000.0,340.0,0.005,213580000.0,64070000.0,379.72053821196687,7.421653820397422e-05,0.005417807288890119,340.0,0.0,379.73275314562835,7.461242352924944e-05,0.005446706917635209,3.958853252752204e-07,2.889962874509109e-05,False,True
pool16agnvfan65ypnswgg6rml52lqtcqe5guxltexkn82sqgj2crqtx,SPIRE,True,1628115.118554,500000.0,500000.0,340.0,0.0,213580000.0,64070000.0,1161.4959553558945,0.0005045687162990667,0.036833516289831864,340.0,0.0,1162.833575508503,0.0005053902922044586,0.03689349133092548,8.215759053919764e-07,5.997504109361428e-05,False,False
pool16cy45uggzv3ah3s5m960v9vuxlx47sfnezpszuhcwl99z7nq8kq,NIXE,False,41794.078482,1000.0,1000.0,340.0,0.0,213580000.0,64070000.0,29.80135006112588,0.0,0.0,,,,,,,,,
pool16dxn8c697qrqtzl3xe695trtde2hvgw0qtd65208ruaq70hv4ud,CENT,True,228057.875946,30.0,30.0,340.0,0.02,213580000.0,64070000.0,162.61690197296815,0.0,0.0,340.0,0.02,162.61691796141366,0.0,0.0,0.0,0.0,False,False
pool16fyda57p3c8gp5r6gmcq5tvqsp6mnzwvkxswgznkuh8wztrp6vv,HRMS,True,71167665.330407,100000.0,100000.0,340.0,0.02,213580000.0,64070000.0,50753.29576171171,0.0006942061344447217,0.050677047814464686,340.0,0.02,45706.56871218669,0.0006247111961806532,0.04560391732118769,-6.949493826406846e-05,-0.005073130493276998,False,False
pool16j6m34wg86tm9nvs5r7crreunk888z9ucacxxfaf95sfys7vdz0,,True,1008030.730999,100000.0,100000.0,340.0,0.03,213580000.0,64070000.0,718.8683075662095,0.0003645744589304468,0.026613935501922616,340.0,0.02,719.0810109769819,0.0003685397471853572,0.026903401544531073,3.965288254910372e-06,0.0002894660426084572,False,True
pool16kus5xvdysgmtjp0hhlwt72tsm0yn2zcn0a8wg9emc6c75lxvmc,EDEN,True,38174506.373121,1000.0,1000.0,340.0,0.02,213580000.0,64070000.0,27220.40794651338,0.0006900626174470014,0.0503745710736311,340.0,0.05,27220.497167628084,0.0006689404719382862,0.04883265445149489,-2.112214550871515e-05,-0.0015419166221362058,False,True
pool16pk3nc2g7580vwurn7t6qfjge70cc8ylvqkt0cnzsnktc5j38qp,,True,2454369.945938,0.0,0.0,340.0,0.0049,213580000.0,64070000.0,1750.0909294717803,0.0005717074095694677,0.041734640898571145,340.0,0.0,1750.0909294717803,0.0005745225701632678,0.04194014762191855,2.8151605938000644e-06,0.0002055067233474047,False,True
pool16qd8xyz4dsn3g5zxdxtvr253u8jpy7xcn4ut9v92ug20gegt55h,IOG7,False,118678890.740766,2700000.0,2700000.0,340.0,0.07,213580000.0,64070000.0,84941.79276603654,0.0006629626109690933,0.04839627060074381,,,,,,,,,
pool16qnvy60w5gwkr87qypaw2jrgndtr0cmwauv60m2p5lxzq5akftk,2PCT2,False,32086.603651,2000.0,2000.0,340.0,0.02,213580000.0,64070000.0,22.879444894095883,0.0,0.0,,,,,,,,,
pool16tcjctesjnks0p8sfrlf8f3d3vrp2fdn2msy80sgg3cdjtayu3z,TAPSY,True,72698246.980271,5.0,5.0,340.0,0.01,213580000.0,64070000.0,51837.557631757256,0.0007012903910774554,0.05119419854865424,340.0,0.01,45685.178251944686,0.0006175076887563472,0.04507806127921334,-8.378270232110819e-05,-0.006116137269440898,False,False
pool170028ak8q37qf4e5lf7z8eyuscgcrqgzn9lh58a4g9ngzd83a0h,AQUA,True,1691591.89426,1000000.0,1000000.0,340.0,0.025,213580000.0,64070000.0,1206.8918917937362,0.0004996592838774749,0.03647512772305567,340.0,0.0325,1208.5885022648895,0.0004967861212818724,0.036265386853576685,-2.87316259560248e-06,-0.00020974086947898104,False,True
pool17038jcq6xdgjn0xsjx7m79rx52r7sucqwtr5j20tk23w5mjank3,IOG17,False,132396388.24345,1100000.0,1100000.0,340.0,0.03,213580000.0,64070000.0,94550.78023916454,0.0006902337597303047,0.05038706446031224,,,,,,,,,
pool170x8y09ql7hanj6kndg9esljxsxe29vjcl0y6trw88vvvuw9aul,MELON,False,348349.389523,20000.0,20000.0,340.0,0.0,213580000.0,64070000.0,248.39745639190275,0.0,0.0,,,,,,,,,
pool173mzegwuu0pjcrt60ekelzj5haqr8r5e4e0n45qh9jdz7xm5kh8,ROCKY,True,976696.206474,80000.0,80000.0,340.0,0.0099,213580000.0,64070000.0,696.5060784403787,0.00036139862725392423,0.02638209978953647,340.0,0.0099,696.6740358860924,0.00036156888968138,0.02639452894674074,1.7026242745576308e-07,1.2429157204270705e-05,False,False
pool17499z7lt392dd3pf3vn30e69cver0gqqaja5rdnyerpv6zdzgkd,,False,219875.15676,1.0,1.0,340.0,0.029,213580000.0,64070000.0,156.7821992928209,0.0,0.0,,,,,,,,,
pool178j8pevk04pay4lgz29c9y52k30xql7uaj5zdsqzpa9jwkuhqn5,CASTE,True,364130.014429,180000.0,180000.0,340.0,0.018,213580000.0,64070000.0,259.676519474935,0.0,0.0,340.0,0.018,259.75454187131203,0.0,0.0,0.0,0.0,False,False
pool17dag45ldepvckqdxvvppwdy4w8qczsz0awtutqyj2pzashn3ds2,,True,65388682.167856,20000.0,20000.0,340.0,0.0,213580000.0,64070000.0,46626.774361599084,0.0007078713445054395,0.05167460814889708,340.0,0.0099,45689.45548833189,0.0006866707569321491,0.05012696525604689,-2.1200587573290343e-05,-0.001547642892850195,False,True
pool17jdt8kg9sv5rt5g24fy76rc3e2jjy8sh2nty7557uf3uj694hy6,,False,10004.445329,10000.0,10000.0,340.0,0.0499,213580000.0,64070000.0,7.133679734975186,0.0,0.0,,,,,,,,,
pool17k0rf90x8qcre7nrw5x4mgsfgy49njyqdq884qunm4fkslu6nye,IRON,True,551164.55725,5000.0,5000.0,340.0,0.009,213580000.0,64070000.0,393.0111705515604,9.531467385840572e-05,0.0069579711916636176,340.0,0.009,393.0175536972645,9.532615082532884e-05,0.0069588090102490055,1.1476966923121387e-08,8.378185853878613e-07,False,False
pool17pv7m8h5dxsyt55upay8n8ake2cgcz4mcr737um2tl8d2wthzqr,MEDIA,True,11737413.143224,5000.0,5000.0,340.0,0.02,213580000.0,64070000.0,8369.432863711194,0.0006704070232868686,0.04893971269994141,340.0,0.02,8369.569982891213,0.0006704184718739446,0.04894054844679796,1.1448587076078563e-08,8.357468565537351e-07,False,False
pool17rns3wjyql9jg9xkzw9h88f0kstd693pm6urwxmvejqgsyjw7ta,0PCT,True,43981488.280316,10.0,10.0,340.0,0.0,213580000.0,64070000.0,31361.044374179164,0.0007053204788447936,0.05148839495566993,840.0,0.0,31361.04540211662,0.0006939520829215861,0.05065850205327579,-1.1368395923207512e-05,-0.0008298929023941484,True,False
pool17vxhghxt2w2hc8c945ex2wqpwlcz39v6uc3fcxvqln45s8xrdt3,IOG15,False,198027792.334666,1470000.0,1470000.0,340.0,0.03,213580000.0,64070000.0,141495.31440965476,0.0006914214078899079,0.05047376277596328,,,,,,,,,
pool17xextu09ghdfcmsq83whq0a45geg83jxe4qt94sevu087tzdzkl,ONYX,True,34630903.251244,250000.0,250000.0,340.0,0.01,213580000.0,64070000.0,24702.21885406095,0.0006964472306870586,0.05084064784015528,340.0,0.01,24722.410299053066,0.0006970244472383329,0.0508827846483983,5.77216551274286e-07,4.2136808243022875e-05,False,False
pool17ym7vuptkzd6h7yvey7f8hlavsme6h2rhklre6rslaw9gfvekag,VRITS,True,313816.154897,100.0,100.0,340.0,0.0075,213580000.0,64070000.0,223.76695258771267,0.0,0.0,340.0,0.0075,223.7670259097535,0.0,0.0,0.0,0.0,False,False
pool17ynruzy9lvq0x55ks22vtf4lrrdrw2ucydh4tfzhg9kkyeaw8nf,ASN,True,561421.077095,1000.0,1000.0,340.0,0.025,213580000.0,64070000.0,400.32241835050866,0.00010475979668606876,0.00764746515808302,340.0,0.0099,400.3237281959941,0.00010638454045206288,0.00776607145300059,1.6247437659941161e-06,0.00011860629491757048,False,True
pool180pfdeg9shtdu47hcjdw2kcxhz7r6pz3juzej8mkdjvtjt7mkm0,SOLO,True,3742626.228902,0.0,0.0,340.0,0.03,213580000.0,64070000.0,2668.683352501426,0.0006035395237929141,0.044058385236882734,340.0,0.015,2668.683352501426,0.0006128726092123921,0.044739700472504626,9.333085419477955e-06,0.0006813152356218908,False,True
pool1829u4wxz0hdatsc0sczd0r3362wxk82qlqncjw5ksx7ngne07w0,LEAVE,False,326164.456702,0.0,0.0,340.0,0.0,213580000.0,64070000.0,232.57189004248053,0.0,0.0,,,,,,,,,
pool183j8g5lmry5jsnua6mw5jhwdacwhkrnqfpga49v0qg6wjmwndfv,2PCT1,False,49358.681023,2000.0,2000.0,340.0,0.02,213580000.0,64070000.0,35.19535143048897,0.0,0.0,,,,,,,,,
pool18746ufc05k938yq3l0dyn8s6wvmjkcnlz6mlf20x7w25s6363fe,,False,92534.11619,50000.0,50000.0,340.0,0.02,213580000.0,64070000.0,65.98367465289893,0.0,0.0,,,,,,,,,
pool18872nzahx0h2f7j58pxrn5rjektn8na8p4amv08x2xj8qkht30g,MNKY,True,224511.309962,20000.0,20000.0,360.0,0.03,213580000.0,64070000.0,160.09210978994926,0.0,0.0,340.0,0.01,160.10167374518005,0.0,0.0,0.0,0.0,True,True
pool189j5mz6wa0gfrakwvn2tar7qt309qxrmsgde5v6qwm892n6re3v,CCJ,True,33685455.958905,100000.0,100000.0,340.0,0.048,213580000.0,64070000.0,24022.81325096993,0.0006693107625566566,0.048859685666635934,340.0,0.048,24030.678834330352,0.0006695330553873743,0.048875913043278325,2.2229283071770797e-07,1.622737664239268e-05,False,False
pool18hkq2t8ss45h4fkr92f52flhc4mpzedx5mcz4xhnpj0dzp76028,XYZ,True,918925.095403,22.0,22.0,340.0,0.0001,213580000.0,64070000.0,655.2404728901955,0.00034301919756002505,0.02504040142188183,340.0,0.02,655.2405201388417,0.0003361924832410625,0.02454205127659756,-6.826714318962574e-06,-0.000498350145284268,False,True
pool18hzjrr0xhadznttzq0va5vdhz2xyzjrju5ac7ztkwajdg80uvw4,,True,5968717.544612,100000.0,100000.0,340.0,0.035,213580000.0,64070000.0,4256.588050772372,0.0006332193541989812,0.04622501285652563,340.0,0.0239,4257.96252076627,0.0006407277925175397,0.0467731288537804,7.508438318558461e-06,0.0005481159972547676,False,True
pool18q92uyx3973u3qt64nxf8p7us58gwkytrn0c3ed2a99s5uc9usc,FREE,False,200744.522413,100000.0,100000.0,340.0,0.03,213580000.0,64070000.0,143.15118091844303,0.0,0.0,,,,,,,,,
pool18sqt4qwprlt6ytg8pu2qpz262j9vhlzmtwn2fwvhpcnzc0u5ynw,1WJG,False,122776.350229,5000.0,5000.0,340.0,0.03,213580000.0,64070000.0,87.54638838495333,0.0,0.0,,,,,,,,,
pool18v9r8afalh50l4lstct2awdc3zspnvurcs7t45nv29uc2mnxc6c,LONDN,True,36948324.809042,0.0,0.0,340.0,0.0,213580000.0,64070000.0,26346.03972987005,0.000703848952943757,0.05138097356489426,340.0,0.01,26346.03972987005,0.0006968104634143195,0.05086716382924532,-7.038489529437504e-06,-0.0005138097356489378,False,True
pool18xykgvvvxej2e5ap04ks72d8fdke4qsqeh30satznyrtj88634d,TQWS,True,7371614.535053,1015000.0,1015000.0,340.0,0.03,213580000.0,64070000.0,5262.834777453355,0.0006477752887679201,0.04728759608005817,340.0,0.0,5278.274480523749,0.000669904056572899,0.04890299612982162,2.2128767804978832e-05,0.0016154000497634548,False,True
pool19066qvd5dv6vq7fh5a5l7muzk6nc5fw8zq3w4tclyrhvjvlyeuc,ETO2,True,162000007.657118,0.0,0.0,340.0,1.0,213580000.0,64070000.0,115514.26647979459,0.0,0.0,340.0,1.0,45685.17718236819,0.0,0.0,0.0,0.0,False,False
pool190a9js7lk9lvmrngre7w268z9tz9xs9yz77audvw8ag4jerfdhx,307,True,13619663.455855,100000.0,100000.0,340.0,0.0,213580000.0,64070000.0,9712.869291936495,0.0006881865563210494,0.0502376186114366,340.0,0.03,9716.035572948294,0.0006677664639246334,0.04874695186649824,-2.0420092396415982e-05,-0.0014906667449383667,False,True
pool194aee3y0gg2xza88p9ern5z0uls9wgkk8xutt73vvtedvyhegmq,,False,23546.835945,10000.0,10000.0,340.0,0.01,213580000.0,64070000.0,16.79023046702948,0.0,0.0,,,,,,,,,
pool194usk2h8vcq6yw89xs5asrvw22g08kcfy72xyfrnnkg6qrhtlfw,AUTO,True,760582.431752,100.0,100.0,340.0,0.0,213580000.0,64070000.0,542.3341351092397,0.000266025254676424,0.019419843591378952,340.0,0.0,542.3343128499234,0.00026602548836665444,0.019419860650765775,2.336902304154488e-10,1.7059386820327763e-08,False,False
pool195gdnmj6smzuakm4etxsxw3fgh8asqc4awtcskpyfnkpcvh2v8t,SUNNY,True,33549816.951041,1000.0,1000.0,340.0,0.01,213580000.0,64070000.0,23922.7639254184,0.0006958886339151782,0.05079987027580801,340.0,0.01,23922.842337467224,0.0006958909477259646,0.050800039183995414,2.3138107863073312e-09,1.6890818740043518e-07,False,False
pool1980svf2cxnfy66s5jgjv7y22xud75z9kfe6n0c3y54s62w56435,HYPE,True,503534.801418,25000.0,25000.0,340.0,0.03,213580000.0,64070000.0,359.0579742665355,3.671292428344675e-05,0.002680043472691613,340.0,0.0,359.0859500371725,3.790393431283144e-05,0.002766987204836695,1.1910100293846876e-06,8.694373214508219e-05,False,True
pool19ae6xhzsscypyha0sszv90xwjsh20hxecxjpcqynshfawvwxqnn,GENE,True,6446348.40089,1000000.0,1000000.0,340.0,0.018,213580000.0,64070000.0,4602.060262940975,0.0006492579857505371,0.047395832959789205,340.0,0.018,4615.095193091883,0.0006512436527688484,0.04754078665212594,1.985667018311382e-06,0.00014495369233673088,False,False
pool19ejln2jcpg5dphc8m5nh8sya49sycsqj0v2cjxw6nku966cc8nu,POP,True,54964406.105711,50000.0,50000.0,340.0,0.05,213580000.0,64070000.0,39195.17508071981,0.0006715694563440118,0.049024570313112865,340.0,0.05,39201.59890784006,0.0006716804852115393,0.049032675420442366,1.1102886752741362e-07,8.105107329501194e-06,False,False
pool19ek42ve9hfzkcue5q3rsnudpwwujpc67t6lyq09tjvwg62htfj6,HYPT,False,11307.517675,10500.0,10500.0,340.0,0.01,213580000.0,64070000.0,8.062845215357207,0.0,0.0,,,,,,,,,
pool19f6guwy97mmnxg9dz65rxyj8hq07qxud886hamyu4fgfz7dj9gl,BERRY,True,272387.774547,45000.0,45000.0,340.0,0.009,213580000.0,64070000.0,194.23662448088263,0.0,0.0,340.0,0.015,194.26056596958566,0.0,0.0,0.0,0.0,False,True
pool19frt3kaxxk4vr4x3wnaapntu0ul0dsesu77wfqaawc5h5ffgfgt,,True,2919556.857002,750000.0,750000.0,340.0,0.05,213580000.0,64070000.0,2083.4303421345057,0.0005672980202648082,0.041412755479331,340.0,0.0499,2087.3112449337696,0.0005686206829060692,0.04150930985214305,1.3226626412609797e-06,9.655437281205152e-05,False,True
pool19lz8nyz0jjpdrdtnjaar4untk4th23gpg5s7aegn7480zff4vgq,MS5,True,101496.148116,100000.0,100000.0,340.0,0.025,213580000.0,64070000.0,72.37208390548585,0.0,0.0,340.0,0.025,72.37248171737392,0.0,0.0,0.0,0.0,False,False
pool19nrqgmwwz8xu939ulpskuky2qq5z36v4jtnwcs69qr7xy4j495y,IOG13,False,113727775.176586,1600000.0,1600000.0,340.0,0.05,213580000.0,64070000.0,81274.7545129628,0.0006760707018837749,0.04935316123751557,,,,,,,,,
pool19r33az023gn3n8p2x35hq00j2dxc8vwln0nanpcfuvc8759cvkz,,True,5695831.00233,25000.0,25000.0,340.0,0.0499,213580000.0,64070000.0,4061.559967616088,0.0006207793250511874,0.04531689072873668,340.0,0.0499,4061.8914837767725,0.0006208346240065351,0.04532092755247707,5.529895534778055e-08,4.03682374038798e-06,False,False
pool19uynx6nxcdksmaqdcshjg487fap3rs3axyhrdqa7gdqgzgxss4y,JAPAN,True,68311022.571689,50000.0,50000.0,340.0,0.05,213580000.0,64070000.0,48712.661752586064,0.0006727176220606317,0.049108386410426114,340.0,0.05,45695.87294727744,0.0006307632015710903,0.046045713714689594,-4.195442048954138e-05,-0.0030626726957365207,False,False
pool19vpp0udh6qtu5dv9dwssamqsttx7z7n9ml2wed67j0pdkck9vnj,,True,734065.125143,11886.0,11886.0,340.0,0.023,213580000.0,64070000.0,523.434464890257,0.00024414110691182734,0.017822300804563394,340.0,0.023,523.4545319565185,0.00024416781506491345,0.01782425049973868,2.670815308611395e-08,1.9496951752863184e-06,False,False
pool19wpsykyg3gy7s34kx36vvs4dfcv2anggmta372jdv5lgqx0gs2t,IOHK,False,1974772.476477,100.0,100.0,340.0,1.0,213580000.0,64070000.0,1408.113674954115,0.0,0.0,,,,,,,,,
pool19xhza3f7nye6j5p6stsnkpvadejztnqvck0ge3l2uy9gvsvy05f,ARUBA,False,24220.847217,0.0,0.0,340.0,0.02,213580000.0,64070000.0,17.2706991823898,0.0,0.0,,,,,,,,,
pool19ygh8apuc2qz0u9kr4wj9qj33xhw70n7z286xll0g6ltgccuq42,GHISX,True,215138.903438,10000.0,10000.0,340.0,0.025,213580000.0,64070000.0,153.407063644139,0.0,0.0,340.0,0.015,153.41185918077804,0.0,0.0,0.0,0.0,False,True
pool19z8vmgdts5lstk8z5lc8mgz3a8jhggscsf9cygvuz0vtuzcsxyu,IOG9,False,115837993.05929,2500000.0,2500000.0,340.0,0.05,213580000.0,64070000.0,82885.58098598431,0.0006769653018465869,0.04941846703480084,,,,,,,,,
pool1a205rushcdw9qrtduady7l62cv2n4twvfuhfzx2ywrjlvsuuur5,EUROP,False,72063.818251,0.0,0.0,340.0,0.0,213580000.0,64070000.0,51.38517723169836,0.0,0.0,,,,,,,,,
pool1a2gt2mvuf5zvtqlvw2xgks2efze3p4r985ft62q64lua7gx7lal,,True,1568617.044949,10000.0,10000.0,340.0,0.0,213580000.0,64070000.0,1118.5195544022872,0.0004963095083718148,0.03623059411114248,340.0,0.0,1118.5559899142038,0.0004963327361647513,0.036232289740026846,2.3227792936460212e-08,1.6956288843615955e-06,False,False
pool1a2nh3ktswllhwf07fjahpdg5mpqyq7j950pyftq9765r6t4cefl,OCEAN,True,198499286.484774,25000.0,25000.0,340.0,0.009,213580000.0,64070000.0,141545.08375484645,0.0007049609118458297,0.05146214656474556,340.0,0.0147,45690.52506482282,0.00022510847841157063,0.016432918924044655,-0.00047985243343425904,-0.03502922764070091,False,True
pool1a3kdettzvvlqvkl9m9hwe63ggeq5fgvz0twqew5c62dzx99vsed,LEAD,True,6930243.350042,25000.0,25000.0,340.0,0.01,213580000.0,64070000.0,4941.789831470199,0.0006573754633201859,0.04798840882237357,340.0,0.01,4942.193511080541,0.0006574331298109644,0.0479926184762004,5.766649077850426e-08,4.209653826830811e-06,False,False
pool1a3u8zuz7fqavxgl48s8k37w8w6njk7zevlzyfjdlzxfexjcue6a,AAA2,True,16944381.475144,0.0,0.0,340.0,0.025,213580000.0,64070000.0,12082.208052717198,0.0006756607119707197,0.04932323197386254,340.0,0.0275,12082.208052717198,0.0006739282486066922,0.049196762148288525,-1.7324633640275434e-06,-0.00012646982557401067,False,True
pool1a44zldps27avv82mamm2lj33mrrkqdzt39nyrgn5dkk3jtm0wrp,,True,478981.32573,3000.0,3000.0,340.0,0.01,213580000.0,64070000.0,341.53954060111784,3.1820555692515913e-06,0.00023229005655536617,340.0,0.01,341.5428782031408,3.1889540135650246e-06,0.00023279364299024679,6.898444313433275e-09,5.035864348806291e-07,False,False
pool1a600v0jd2z3yajazd80phln3exekumm7g56d9yvlrh6vx8dx2fc,POP3,True,68772447.525742,50000.0,50000.0,340.0,0.05,213580000.0,64070000.0,49041.70438758353,0.0006727493470533594,0.049110702334895236,340.0,0.05,45695.87294727744,0.0006265311305633758,0.045736772531126436,-4.62182164899836e-05,-0.0033739298037688027,False,False
pool1a6v2wt0m8wjra80zuw00sfdxn4w52cna96gcaglzvred6gnsusx,MS1,True,159656100.8059,100000.0,100000.0,340.0,0.085,213580000.0,64070000.0,113858.92951549341,0.0006505847254340438,0.047492684956685204,340.0,0.085,45706.56871218669,0.0002599988986460129,0.018979919601158943,-0.00039058582678803093,-0.028512765355526257,False,False
pool1a734a2f7kex3t9vh6f7rv7j554w4s0tgw324hkngeufsv92gzct,,False,1239137.542607,1000.0,1000.0,340.0,0.0,213580000.0,64070000.0,883.5694964836207,0.00043866760371089573,0.03202273507089539,,,,,,,,,
pool1a8h59e07dezuget96cqu7ehfqpkcf0ahl29vu6d06zk4uqltt5l,,False,206217.397814,25000.0,25000.0,340.0,0.0199,213580000.0,64070000.0,147.04805863268342,0.0,0.0,,,,,,,,,
pool1a9xyvnnfjnujzy0n2mpf4rztdwrssraw5p5f06mqlgn4s06z0nw,LAGO,True,928050.748474,15000.0,15000.0,340.0,0.02,213580000.0,64070000.0,661.7612268766496,0.0003397723700536951,0.024803383013919742,340.0,0.02,661.7932465785105,0.00033980618211394643,0.02480585129431809,3.3812060251322846e-08,2.4682803983465678e-06,False,False
pool1afv4cmmjdkujtd5r9t63090a3frwwqy8f3e46gz003vyzjcj63r,,True,5368660.612194,150000.0,150000.0,340.0,0.02,213580000.0,64070000.0,3828.9133801685703,0.0006368692974927888,0.046491458716973584,340.0,0.02,3830.748670330462,0.0006372043129628615,0.04651591484628889,3.3501547007266756e-07,2.4456129315304732e-05,False,False
pool1agk62kg0s9606v78exurl53mqsdu44d6qeuzypur5e7ku6gpgzp,,True,1845414.274484,1000.0,1000.0,345.0,0.0499,213580000.0,64070000.0,1315.8763299885602,0.000499849607687712,0.03648902136120298,500.0,0.0,1315.8806408500689,0.00044211245796188444,0.03227420943121757,-5.773714972582758e-05,-0.004214811929985413,True,True
pool1ahl705cca5twdfmml0ksux606t8vmuemu9vsnf3g94mm7lhnhtv,,False,508230.854504,0.0,0.0,340.0,0.0,213580000.0,64070000.0,362.3945159600691,4.406366862933711e-05,0.0032166478099416094,,,,,,,,,
pool1ahw4989fry5qhxemm5dy55syj8xy7sl0cvhycpcsxlmpsz9x853,SITG,True,421869.389848,5000.0,5000.0,340.0,0.0,213580000.0,64070000.0,300.81647541675517,0.0,0.0,340.0,0.0,300.82134746270924,0.0,0.0,0.0,0.0,False,False
pool1arsqn9w87wpqlm0sre66gs79dcs0jmwulytgke3vut7u62lttu7,LATIN,True,2656511.540051,50000.0,50000.0,340.0,0.038,213580000.0,64070000.0,1894.3587553910043,0.0005628784592659587,0.04109012752641498,340.0,0.0,1894.6636679044093,0.0005852275228115751,0.04272160916524498,2.2349063545616427e-05,0.001631481638829999,False,True
pool1augg8mngjqjmxr8zypdqx7066f67q5cjcuwf738ja7csynadd99,IOG3,False,123010057.383967,3300000.0,3300000.0,340.0,0.07,213580000.0,64070000.0,88114.38892259914,0.0006636057525216373,0.048443219934079525,,,,,,,,,
pool1c24g8qlmmhxrutsaus20dzy84vnaws2839ssqltcaqnwsa4ssy5,,True,167962.411036,100000.0,100000.0,340.0,0.025,213580000.0,64070000.0,119.77257892241633,0.0,0.0,340.0,0.025,119.78854278111746,0.0,0.0,0.0,0.0,False,False
pool1c25428845rm7sp2cja9jgahpr5kll29srjdzzh84pu84uzanqfc,,True,1166509.392787,1.0,1.0,340.0,0.0,213580000.0,64070000.0,831.7806831469697,0.00042158313185290143,0.030775568625261804,340.0,0.0,831.7806858733388,0.00042158313419010424,0.03077556879587761,2.337202805423322e-12,1.706158047959025e-10,False,False
pool1c4y0lwrzus07c34py4x03juzqwa38zmvd0tc7ld5hp77qwpp5qe,,False,272645.652424,10.0,10.0,340.0,0.0,213580000.0,64070000.0,194.41025618768086,0.0,0.0,,,,,,,,,
pool1c55n72ag3tz8g7rntzuu9a86u7eugsy008xl3xsje8kwgvz2vdz,,True,182358115.581967,30000.0,30000.0,340.0,0.035,213580000.0,64070000.0,130036.11477073572,0.0006863239969021507,0.050101651773857,340.0,0.035,45691.59464131374,0.00023999090300533634,0.017519335919389555,-0.0004463330938968144,-0.03258231585446745,False,False
pool1c89d4drtwn0048mekkdkzllz559ahnntxelyw2mppxnmc36hjlx,CLIO1,True,13955695.559321,1135000.0,1135000.0,340.0,0.025,213580000.0,64070000.0,9965.781230656114,0.0006724950870414613,0.049092141354026675,340.0,0.01,10000.643597370039,0.0006853142590236948,0.050027940908729716,1.2819171982233427e-05,0.0009357995547030402,False,True
pool1c8k78ny3xvsfgenhf4yzvpzwgzxmz0t0um0h2xnn2q83vjdr5dj,,True,1036231.134618,50100.0,50100.0,400.0,0.0,213580000.0,64070000.0,738.9351354289356,0.0003270844931269913,0.023877167998270363,340.0,0.0,739.0507287737909,0.00038509818460617703,0.028112167476250925,5.801369147918575e-05,0.004234999477980559,True,False
pool1cc76kmtcpf6vht32ya5ke9er74dnpy4jh5qpy4klqwp87ygdsu6,,True,9478806.007799,500000.0,500000.0,340.0,0.019,213580000.0,64070000.0,6763.379608779778,0.0006647815548739294,0.048529053505796844,340.0,0.019,6773.984639072623,0.0006658791123836749,0.04860917520400827,1.0975575097455425e-06,8.01216982114246e-05,False,False
pool1cd7u9yenr0vkzh9kj7nhhy28ye289muhcdgnhyvz7r3z7jwcxl9,WAAC,False,878489.626526,25000.0,25000.0,340.0,0.03,213580000.0,64070000.0,626.4292746816698,0.00031626599569527957,0.02308741768575541,,,,,,,,,
pool1cd987kw92e3nmjywcfwfws79a09rwp0p0xj5mdtr39qukxgp9uf,,True,139552222.139708,30000.0,30000.0,340.0,0.035,213580000.0,64070000.0,99512.04353133266,0.0006857721112597416,0.05006136412196114,340.0,0.035,45691.59464131374,0.00031360510178802175,0.022893172430525587,-0.00037216700947171987,-0.02716819169143555,False,False
pool1cduc7ut6grhqyavrmm3gzcdf4qfdsjk7vdwcxy9c0r5fyaxh2sq,POOLS,True,107878173.836929,10000.0,10000.0,340.0,0.0189,213580000.0,64070000.0,76923.7195056634,0.0006964920199760149,0.05084391745824909,340.0,0.0389,45687.31633535004,0.00040400485269417337,0.029492354246674655,-0.00029248716728184156,-0.021351563211574432,False,True
pool1cew2q6pge250exctkq26lyl0w95923xxa54thd79nv8xy9j3xe6,ARRA,True,2866732.116546,50000.0,50000.0,340.0,0.025,213580000.0,64070000.0,2044.2672764040556,0.00057963581072096,0.04231341418263008,340.0,0.015,2044.596780267712,0.0005856940098702642,0.04275566272052929,6.058199149304227e-06,0.0004422485378992086,False,True
pool1cn0dqtplwf67fds40hgkf0u5rm4q4azev5qutmgkw5hdyvue2ue,NEDS2,True,13594736.784167,250000.0,250000.0,340.0,0.01,213580000.0,64070000.0,9697.085982570861,0.000681404522192282,0.049742530120036585,340.0,0.015,9704.923621502538,0.0006785309575043175,0.04953275989781518,-2.8735646879644904e-06,-0.0002097702222214078,False,True
pool1cpzz6aqljgk97ks728xa76wqg96kj79ndc3gasx7kdnr74wrk70,7CS,False,284401.985057,1.0,1.0,340.0,0.0,213580000.0,64070000.0,202.79311841105746,0.0,0.0,,,,,,,,,
pool1crprz3rdcwvfxmc0s4gxquh3qeqmscww2qfvpl93q52yyn7agsc,WOW,True,10637700.386509,50000.0,50000.0,340.0,0.01,213580000.0,64070000.0,7585.753174751467,0.0006743276631574721,0.049225919410495464,340.0,0.01,7586.9917171388715,0.0006744429283857621,0.04923433377216063,1.1526522828992757e-07,8.414361665164713e-06,False,False
pool1ctzja2cdwyeqnvehmrlclc5wrn9w9acwklk3acn73jrx56d66vs,OCEA2,True,148400747.910454,25000.0,25000.0,340.0,0.009,213580000.0,64070000.0,105821.01645245739,0.0007043878738903687,0.05142031479399692,340.0,0.0147,45690.52506482282,0.00030110274358814194,0.02198050028193436,-0.00040328513030222677,-0.029439814512062554,False,True
pool1cuccvs6vdlrxw67kwvzdx3gcl3ha0402mkhhseqmre7u7vdkwev,ADAGO,True,15877850.606273,400.0,400.0,340.0,0.01,213580000.0,64070000.0,11321.72351755304,0.0006847215376924035,0.04998467225154546,340.0,0.0,11321.738361215366,0.0006916388517269911,0.05048963617607035,6.917314034587561e-06,0.000504963924524892,False,True
pool1cuxntl7ppq6g9992cphc7t7xt6hghmevgu3u2d0tczps5hu6070,,False,25211.045332,25100.0,25100.0,340.0,0.0,213580000.0,64070000.0,17.976763798594654,0.0,0.0,,,,,,,,,
pool1cxd9pkptpkd6supm4dh0tlu9jfx63l4xjnn2fkvxk50y2j67665,CARL⭐,True,81413.438238,1000.0,1000.0,340.0,0.03,213580000.0,64070000.0,58.05201359654297,0.0,0.0,340.0,0.0081,58.052201543081935,0.0,0.0,0.0,0.0,False,True
pool1cyetkjtz5ly62hrukr2acyw0t8x9fczn0lkw0ech5x6wjt6xd9z,LUX,False,419983.072916,0.0,0.0,340.0,0.02,213580000.0,64070000.0,299.46934758487464,0.0,0.0,,,,,,,,,
pool1cyha5jsy6g06w699tw4awy2jw7gxj0azm38yzetr7zls7rkl0t0,PLUTS,False,127032.033086,5000.0,5000.0,340.0,0.01,213580000.0,64070000.0,90.58092858839069,0.0,0.0,,,,,,,,,
pool1cz8pf6u3m9n6s4ql9nrgd5gx4tzflr49wcy0cuy5n4tpu00pa4f,IOG5,False,113754407.475019,3000000.0,3000000.0,340.0,0.07,213580000.0,64070000.0,81450.27915391554,0.000663117687371426,0.0484075911781141,,,,,,,,,
pool1czg8a3gg33aujkkcf9wrnr8zf4qq9qn0rrkh04umrg60k0vyvdl,IOG4,False,121595445.011148,3000000.0,3000000.0,340.0,0.07,213580000.0,64070000.0,87065.22973452126,0.0006633016857309932,0.0484210230583625,,,,,,,,,
pool1d0ze7l6t8gjng564zsfyd7uw7snenpsjh9dacawdpr9g27djq8f,DEVIL,True,2244711.658518,1000.0,1000.0,340.0,0.03,213580000.0,64070000.0,1600.5961264816988,0.0005447373332103369,0.039765825324354596,340.0,0.01,1600.6013706019269,0.0005559713436512631,0.04058590808654221,1.1234010440926167e-05,0.0008200827621876102,False,True
pool1d6x9pl4uz5daucpaql34ma2aewrxnlkcrkuahf9ut6ruxzakrw7,VapE,True,1386437.098307,20000.0,20000.0,340.0,0.01,213580000.0,64070000.0,988.627725242647,0.0004631594529418965,0.033810640064758445,340.0,0.02,988.6916244100344,0.0004585262416146528,0.03347241563786966,-4.633211327243663e-06,-0.0003382244268887874,False,True
pool1d70vllztcsgx3ku8h5vnukzz2a7lpzjxfjmuqqvxtj9kq27hygs,LIV,True,2387078.292597,230000.0,230000.0,340.0,0.015,213580000.0,64070000.0,1702.6060482140338,0.0005622634840479509,0.04104523433550042,340.0,0.015,1703.7715892725566,0.0005627444309637708,0.041080343460355266,4.809469158198118e-07,3.510912485484626e-05,False,False
pool1dcjycc5mvj9svh9ys482078mnqutu48k3zj7uqzswj7m54a7hzr,JUST,True,520178.809975,25000.0,25000.0,340.0,0.02,213580000.0,64070000.0,370.9264179136439,5.826436789462381e-05,0.004253298856307538,340.0,0.02,370.9553666890276,5.831890644815964e-05,0.004257280170715654,5.4538553535829286e-08,3.981314408115538e-06,False,False
pool1ddgcpgjcyawxw95se9x8qnc8gxgwjr4fqrk4vk6v9x47s0ggpjp,1PCT8,True,156156960.158048,50000.0,50000.0,340.0,0.01,213580000.0,64070000.0,111355.695085192,0.0007038145339349818,0.051378460977253675,340.0,0.01,45695.87294727744,0.00028754603171295465,0.02099086031504569,-0.00041626850222202717,-0.030387600662207984,False,False
pool1ddskftmsscw92d7vnj89pldwx5feegkgcmamgt5t0e4lkd7mdp8,,False,66894.269558,7149.0,7149.0,340.0,0.05,213580000.0,64070000.0,47.69945320337888,0.0,0.0,,,,,,,,,
pool1denmfptpdhy2vp8q92ttrmalf3kynyv7aguudqzeq83d7zpcaeq,ACP1,True,775727.071129,10000.0,10000.0,340.0,0.03,213580000.0,64070000.0,553.1406287579503,0.0002665195241856278,0.01945592526555083,340.0,0.03,553.1585290468735,0.00026654190741924404,0.019457559241604815,2.2383233616249127e-08,1.6339760539861863e-06,False,False
pool1df9rj4n0t3zlpak7xnh4ue6t3yh9zlw7a02w4l8askp77up25rt,VEGAS,False,2321685.826032,100002.0,100002.0,340.0,0.03,213580000.0,64070000.0,1655.703016383777,0.0005497005286341758,0.040128138590294835,,,,,,,,,
pool1dfg7g6u6vvs4av77frff5f2zejznmjmvtewhxzyg5h3p5m3we65,IOG6,False,113959485.802324,2900000.0,2900000.0,340.0,0.07,213580000.0,64070000.0,81585.9971029848,0.0006630319255462539,0.048401330564876534,,,,,,,,,
pool1djg8jsygtculv3q2qdrxtnpxfq003pdxcvlw2pvfupq7jm5xpgp,ADAAP,True,14674222.223836,10000.0,10000.0,340.0,0.02,213580000.0,64070000.0,10463.615621464058,0.0006760932986907761,0.049354810804426656,340.0,0.02,10463.958423965687,0.0006761161923369586,0.049356482040597977,2.2893646182465567e-08,1.6712361713199864e-06,False,False
pool1dkww2vlysa8lsnuf5rca979zdsyr3zvt59hu7e420yxfunkka2z,TRUE,True,7652396.01365,40000.0,40000.0,340.0,0.025,213580000.0,64070000.0,5456.8536149149,0.000651943818072535,0.04759189871929506,340.0,0.022,5457.565864697633,0.0006540408267876659,0.047744980355499615,2.0970087151308886e-06,0.00015308163620455487,False,True
pool1dlctawr8q0c7mpt58s92el8dl4s987utu4z9tunlfldxjzzudxk,,False,317358.186519,5750.0,5750.0,345.0,0.04,213580000.0,64070000.0,226.2943649446333,0.0,0.0,,,,,,,,,
pool1dlwh6hr0ne4es2xzprdhm3l3lw5xqwnlr8qc33uegya5ulv86wt,,False,2635463.753414,128000.0,128000.0,340.0,0.0288,213580000.0,64070000.0,1879.5417106046202,0.0005673395839355824,0.04141578962729752,,,,,,,,,
pool1dmqzwuql5mylffvn7ln3pr9j7kh4gdsssrmma5wgx56f6rtyf42,BNTY1,True,9748399.46849,1000000.0,1000000.0,340.0,0.03,213580000.0,64070000.0,6959.913778467148,0.0006587046813037276,0.04808544173517212,340.0,0.03,6980.822868010049,0.0006607852091813726,0.048237320270240205,2.0805278776450317e-06,0.00015187853506808732,False,False
pool1dqlgn7smehsnj5ztz8almy2036lfhrdjv79nmg9tmje0zzt620h,POA,True,3262855.804746,10000.0,10000.0,340.0,0.05895,213580000.0,64070000.0,2326.615155843805,0.0005729656179373657,0.0418264901094277,340.0,0.03,2326.691197220663,0.0005906146567988037,0.04311486994631267,1.7649038861437946e-05,0.00128837983688497,False,True
pool1druxd2syfrvqvepxh60fz0qhralcesruphh5atujuh0jktjy0ma,BSSP,True,3429071.685202,10000.0,10000.0,340.0,0.0,213580000.0,64070000.0,2445.1372194593737,0.0006139087813602719,0.04481534103929985,340.0,0.0199,2445.217146430086,0.0006017148414016257,0.04392518342231868,-1.2193939958646152e-05,-0.0008901576169811691,False,True
pool1duzuav0k4r8jx9hx7c3avpyr2c9hc4muf0nv6f2n6ea47e9x5zf,SHARK,False,154447.220998,0.0,0.0,340.0,0.00999,213580000.0,64070000.0,110.12874444541919,0.0,0.0,,,,,,,,,
pool1dxkf7k3qwnpgpxqfye8y9jvk7lver3fk8dq7c4dpzezyyx8cf5c,SPACE,True,85694229.292403,100.0,100.0,340.0,0.0,213580000.0,64070000.0,61104.36395558608,0.0007090834990562543,0.05176309543110657,340.0,0.0,45685.19857389801,0.0005291511336098564,0.03862803275351952,-0.0001799323654463979,-0.013135062677587048,False,False
pool1dxwgzj66pual956mnv9delkelg873yvgr2dd8s279m0hxqvr475,APOP,True,65553307.739568,250000.0,250000.0,340.0,0.005,213580000.0,64070000.0,46759.22191017602,0.000704573535543296,0.051433868094660606,340.0,0.01,45738.65600691443,0.000685620161615684,0.05005027179794493,-1.895337392761201e-05,-0.0013835962967156767,False,True
pool1dy7tz7eyf2qal2jcns4qwm4xqn34gc4rj9dz34kfs6zuju477k7,CSP,True,2179912.365335,10000.0,10000.0,340.0,0.0,213580000.0,64070000.0,1554.4104130369913,0.0005570913915387445,0.04066767158232835,340.0,0.01,1554.461138671689,0.0005515435145027974,0.04026267655870421,-5.547877035947074e-06,-0.0004049950236241364,False,True
pool1dzz5se25fp696axykcw6wwp3yl4fk44jc62yeflrquvfxlktldq,ACP2,True,4265029.566129,10000.0,10000.0,340.0,0.03,213580000.0,64070000.0,3041.2261904490865,0.0006143426121928937,0.04484701069008124,340.0,0.03,3041.3256594322434,0.0006143652345246187,0.04484866212029716,2.262233172491135e-08,1.6514302159185285e-06,False,False
pool1e0v3puyl9385sp8wa5gqq0dxmj97f9cf2r4weyah6ahuvxenhhy,RAUSI,False,69881.40981,5000.0,5000.0,340.0,0.019,213580000.0,64070000.0,49.8293336481654,0.0,0.0,,,,,,,,,
pool1e489239duee8dykj7ejx7dmazstwn6y6wfxc0kjaxw5hke5j4nv,MINT,True,1029905.725383,10000.0,10000.0,340.0,0.035,213580000.0,64070000.0,734.3855167106815,0.0003695309330223184,0.02697575811062924,340.0,0.035,734.4093588808144,0.00036955327263419853,0.026977388902296492,2.2339611880143034e-08,1.6307916672504415e-06,False,False
pool1e7lwdma6ke4vtt5mtgn72uxc26az7z7kep8uxcckjv7lseltjve,KING2,False,101882.239998,100000.0,100000.0,340.0,0.02,213580000.0,64070000.0,72.64742579360804,0.0,0.0,,,,,,,,,
pool1e8hyjnlqpm5r7we5r9yk6n0kuh0l7f9w2dpylph6u4jtsstntgx,,False,1138759.366902,0.0,0.0,340.0,0.0,213580000.0,64070000.0,811.9934984391962,0.00041448045316479513,0.030257073081030046,,,,,,,,,
pool1e8vr85ank99g6fx2r7tjel2mh2jyfppnqy6nmp8vr0arys65n05,RELY,True,2238690.281407,75000.0,75000.0,340.0,0.015,213580000.0,64070000.0,1596.4629208841363,0.0005528303702167511,0.04035661702582283,340.0,0.02,1596.8427921081407,0.0005501904155727429,0.04016390033681023,-2.6399546440081852e-06,-0.00019271668901259752,False,True
pool1ecvcst7k9eul4ggnljh0jw2s5nc2tyfmyzsx3xg3kmmz6ptgfwj,NUFI2,True,179333213.150949,1000.0,1000.0,340.0,0.03,213580000.0,64070000.0,127873.90550009502,0.0006898214009636035,0.05035696227034306,340.0,0.03,45685.391097666376,0.0002452698448430361,0.017904698673541632,-0.00044455155612056746,-0.03245226359680142,False,False
pool1efcy26vzdpn42c042ylynmx568m0csfle5yvkumh3v5xjhdraxk,,True,4697532.995129,1900000.0,1900000.0,340.0,0.02,213580000.0,64070000.0,3354.9837523721408,0.0006289863382308309,0.04591600269085066,340.0,0.02,3368.210912409774,0.0006317457902347492,0.046117442687136696,2.7594520039183083e-06,0.0002014399962860365,False,False
pool1ek2m5zuydqcgqv3s5mlh55tr8gp76yuxe4hj4s7xtxajyc94rx3,,False,847475.403064,0.0,0.0,340.0,0.01,213580000.0,64070000.0,604.2931785028521,0.00030874081509839904,0.02253807950218313,,,,,,,,,
pool1ekcsyzwexl7p2kwxxh34hy28l6772vrmff7jwmuxsa6u6fzty9z,ADALO,True,207417533.502032,200000.0,200000.0,340.0,0.0,213580000.0,64070000.0,147940.82590176686,0.0007116120966712819,0.05194768305700358,340.0,0.0,45727.96024200518,0.0002188241248253033,0.015974161112247143,-0.0004927879718459786,-0.03597352194475644,False,False
pool1ekhy5xsgjaq38em75vevk8df0k0rljju77tljw288ys5kumqce5,SOBIT,True,37093147.946992,1000.0,1000.0,340.0,0.008,213580000.0,64070000.0,26449.343162884914,0.0006982547950525774,0.050972600038838155,340.0,0.01,26449.42985659217,0.0006968493371057328,0.0508700016087185,-1.4054579468446207e-06,-0.00010259843011965731,False,True
pool1ell3xjtspzzz4vtsatscan6rheltf7j3hh2s8qsam2h3jvcxzm9,OCEA4,True,132285699.537198,25000.0,25000.0,340.0,0.009,213580000.0,64070000.0,94329.7616364427,0.000704111284194579,0.051400123746204264,340.0,0.0147,45690.52506482282,0.00033778308995376376,0.024658165566624753,-0.00036632819424081524,-0.026741958179579514,False,True
pool1esgq3g4ll90ylfqg4rvdft06cdppyqc8urancufle6yrgpp5grw,,False,282524.160442,25000.0,25000.0,340.0,0.015,213580000.0,64070000.0,201.46058245722892,0.0,0.0,,,,,,,,,
pool1etfar35l4tf6vam3gvqf5dnaq7levz32vgw4p00jzk7q7twg2te,POP2,True,56646183.012818,50000.0,50000.0,340.0,0.05,213580000.0,64070000.0,40394.45201650689,0.0006717439268074095,0.04903730665694089,340.0,0.05,40401.072575867416,0.0006718549586732474,0.04904541198314706,1.1103186583788938e-07,8.105326206165925e-06,False,False
pool1evg78egp8gfqae273kvmmdee2dnt6vty60dpwdespg4hujznh3a,SQUID,True,7383486.145399,50000.0,50000.0,340.0,0.008,213580000.0,64070000.0,5265.169471300282,0.00066171562041522,0.04830524029031106,340.0,0.008,5266.027339618905,0.0006618308783510128,0.04831365411962393,1.1525793579280925e-07,8.413829312875075e-06,False,False
pool1ews5ryrhl5az8egrvun68x2wdhgvthxjtx7m380ksc6rzxkqz2f,,True,773186.635318,10000.0,10000.0,340.0,0.03,213580000.0,64070000.0,551.3291430324192,0.0002651226228931617,0.019353951471200805,340.0,0.03,551.3469839341061,0.0002651450051665298,0.019355585377156675,2.2382273368092096e-08,1.633905955870723e-06,False,False
pool1ey3d522fefeuxvqrymw9l8wyevuu7my9t2uz2m0lmwfgjg060qr,LATAM,False,164429.221721,60000.0,60000.0,340.0,0.015,213580000.0,64070000.0,117.25269834833058,0.0,0.0,,,,,,,,,
pool1f22470gz0h9zvr5asy86p8gx397qq8sdz5yxn6998hc82h8ds04,,False,895850.617994,45518.0,45518.0,340.0,0.005,213580000.0,64070000.0,638.825948498887,0.000331898882229028,0.024228618402719046,,,,,,,,,
pool1f43e2a7y72g8k8dszlr7d683u8y55dnrk4vt8k6dfsp32vx0nfu,,False,846921.649713,649100.0,649100.0,340.0,0.009,213580000.0,64070000.0,604.028605093672,0.0003089451636246354,0.022552996944598384,,,,,,,,,
pool1favrzvccjq5ctetwurtrcxe734c7zlh60f4d62av6art527tssd,,False,191658.633129,0.0,0.0,340.0,0.0,213580000.0,64070000.0,136.662378851707,0.0,0.0,,,,,,,,,
pool1fftlhn68f3lejs2u39pcd5q33zgwnlumrp20dr6cqqkxwyuft2r,ARKA,False,185258.958114,1000.0,1000.0,340.0,0.025,213580000.0,64070000.0,132.0992687703992,0.0,0.0,,,,,,,,,
pool1fg42yz0qpu5jd0gd3g5xty4mm6jdxkje8szag8h798nyyxw6zd3,CCJ3,True,70721716.4399,100000.0,100000.0,340.0,0.048,213580000.0,64070000.0,50435.266776274024,0.0006743429935208217,0.049227038527019984,340.0,0.048,45706.56871218669,0.0006106889875997867,0.044580296094784436,-6.365400592103494e-05,-0.004646742432235551,False,False
pool1fh4sh2telea0tfdy39h0drx6uq566yt9gf24edpz7335sclx39z,CANUK,True,16179647.145842,25000.0,25000.0,340.0,0.01,213580000.0,64070000.0,11537.318026727877,0.000685141322708599,0.05001531655772773,340.0,0.02,11538.262424264785,0.0006782779053744549,0.049514287092335206,-6.863417334144095e-06,-0.000501029465392519,False,True
pool1fmykj5jqxtpxu0285209ar37taw52p68q87nmg6vpckhwrtje5w,,True,1454025.949826,100000.0,100000.0,340.0,0.02,213580000.0,64070000.0,1036.9303321008067,0.00046972457784575484,0.0342898941827401,340.0,0.02,1037.2474852301232,0.00046993833611242634,0.034305498536207124,2.1375826667150441e-07,1.5604353467019822e-05,False,False
pool1fp2ds5467a63k60r4sla6h8pju4q0z92h82hvqqv782vqqe4z38,,False,791616.172178,770000.0,770000.0,340.0,0.02,213580000.0,64070000.0,564.4815699644428,0.0002779022792824997,0.020286866387622476,,,,,,,,,
pool1fs2m5rmlx66crcwwrrsf2pcxjhvk7kzdurcqusd3v5gm65cufnj,BIRD,True,42790396.395768,125000.0,125000.0,340.0,0.0,213580000.0,64070000.0,30517.07936394225,0.0007052301896162567,0.05148180384198674,340.0,0.01,30529.575791681946,0.000698467005477917,0.05098809139988794,-6.763184138339684e-06,-0.0004937124420987969,False,True
pool1fu567g42mlv9f7enek7zeh94c0aht98w44du7s29t0elzd9yazz,,True,1207860.271065,1000.0,1000.0,340.0,0.01,213580000.0,64070000.0,861.2671755960373,0.0004272468564472768,0.031189020520651208,340.0,0.01,861.2699963330001,0.000427249168411384,0.03118918929403103,2.3119641071934517e-09,1.6877337982512198e-07,False,False
pool1fuzqy5r9x98826zv6wp40tr27uplemmstkd57cuw8jh5v5m90vn,247,True,2223103.726185,5000.0,5000.0,340.0,0.005,213580000.0,64070000.0,1585.1974298000835,0.0005573160748451642,0.040684073463696985,340.0,0.005,1585.2233532496598,0.0005573276774672214,0.04068492045510716,1.1602622057137885e-08,8.469914101710656e-07,False,False
pool1fyp482ntshhm9zfz4nv7pmsaeakscf5mnuzcxuvtqf6t56fc7l0,KYSN,True,52660171.786614,100.0,100.0,340.0,0.019,213580000.0,64070000.0,37549.39310829276,0.000693169304254225,0.05060135921055842,340.0,0.019,37549.40541605528,0.0006931695335340511,0.050601375947985736,2.292798261362486e-10,1.6737427307946147e-08,False,False
pool1g0hsnjnt0du3kp33gjua3npncngr3yg4ak2zfdhd4zvmy6r8hyd,EGGS,True,7734871.135629,225000.0,225000.0,340.0,0.04,213580000.0,64070000.0,5517.051761304137,0.000642540722877578,0.0469054727700632,340.0,0.02,5521.019554814779,0.0006564297031828429,0.047919368332347535,1.3888980305264901e-05,0.001013895562284338,False,True
pool1g2htk67ngtrw5mz6npgu3tugmcuqfgu0lxm8m26d7x79w75xupn,,True,750553.039824,100000.0,100000.0,340.0,0.025,213580000.0,64070000.0,535.2477836892917,0.0002536350917207653,0.018515361695615868,340.0,0.0,535.400187188228,0.00026034161054633537,0.01900493756988248,6.7065188255700575e-06,0.0004895758742666142,False,True
pool1g535x9v4m6hp8j6emdr287xrfjyvezt4d3tnzr4fdkxlq429pqm,,False,50007.643786,50000.0,50000.0,340.0,0.01,213580000.0,64070000.0,35.65800107575686,0.0,0.0,,,,,,,,,
pool1g5gmej3cj67td4pmvmacnls8nuq0gjld2pwfeg3jwpxujdx6lmu,,True,22497813.548202,5.0,5.0,340.0,0.041618,213580000.0,64070000.0,16042.088424909936,0.0006688916181388081,0.04882908812413299,340.0,0.0216,16042.0886878199,0.0006828629608494011,0.04984899614200628,1.3971342710593078e-05,0.0010199080178732948,False,True
pool1g5k0fks847av9zdayg05htnj8wx0ah7jmnwwqlt63rjdzyjr93n,ADAMS,False,312724.326661,5000.0,5000.0,340.0,0.01,213580000.0,64070000.0,222.98993303170033,0.0,0.0,,,,,,,,,
pool1g6g2d09le8hd6nv9jhyavewdnw8tu0ndst4lqysd00ru24cav0a,ONYX,True,2504682.74458,0.0,0.0,340.0,0.01,213580000.0,64070000.0,1785.9665205518584,0.0005715322064018065,0.041721851067331873,340.0,0.01,1785.9665205518584,0.0005715322064018065,0.041721851067331873,0.0,0.0,False,False
pool1gclysx2h7fndj0jdajlmwvqr8q9tzu3rurjknacu0ff954fsg9a,1PCT0,True,203185199.154469,50000.0,50000.0,340.0,0.01,213580000.0,64070000.0,144891.58330006176,0.0007043134443974264,0.05141488144101213,340.0,0.01,45695.87294727744,0.0002209920525936943,0.016132419839339683,-0.00048332139180373213,-0.03528246160167245,False,False
pool1gglca5t7h2tky6jrhp08sxsf3mecvh0xk6sc4v3mcpfzc8jwu2w,,False,72917.818903,10000.0,10000.0,340.0,0.009,213580000.0,64070000.0,51.9947534455679,0.0,0.0,,,,,,,,,
pool1gh4cj5h5glk5992d0wtela324htr0cn8ujvg53pmuds9guxgz2u,LAMBO,False,492.210058,0.0,0.0,340.0,0.01001,213580000.0,64070000.0,0.3509708710890233,0.0,0.0,,,,,,,,,
pool1gjmerqh4wxl553enqeqgc6m3r3gt6yspdg29jy6nuypa6k2tpdt,,True,171358629.917322,0.0,0.0,340.0,0.13,213580000.0,64070000.0,122187.44138443445,0.0006186281604585944,0.045159855713477394,340.0,0.13,45685.17718236819,0.00023022070243964082,0.01680611127809378,-0.0003884074580189536,-0.028353744435383615,False,False
pool1glw78uuh552fkhu9v236qla6q4xef7qtx3z9h6e2mahhj5c392j,BWS,False,332646.786288,10000.0,10000.0,340.0,0.03,213580000.0,64070000.0,237.19735328595993,0.0,0.0,,,,,,,,,
pool1gm4mcrf8mytfetsj6ykulrmv4j70y7fhceawgdg2h09t5rtt7cf,ALTZ,True,1922714.463334,500000.0,500000.0,340.0,0.02,213580000.0,64070000.0,1371.7081872619171,0.0005258576053791521,0.0383876051926781,340.0,0.02,1373.3935695406412,0.0005267166380980747,0.03845031458115945,8.59032718922596e-07,6.27093884813495e-05,False,False
pool1gpz25s2aasmqnh9tg8a2rxmyxuvmj5s779htxk295e9ajnzjflc,MUGGY,True,3729461.327321,10000.0,10000.0,340.0,0.0,213580000.0,64070000.0,2659.3333610976615,0.0006218950023980322,0.04539833517505635,340.0,0.005,2659.4203102141764,0.0006188087249374681,0.04517303692043517,-3.0862774605640905e-06,-0.0002252982546211786,False,True
pool1gqf605yxhmyfasdjhf8yxcesztgzuek9gfuvy2dnyj5cyp8zga3,OLEUM,True,2042553.6981,1.0,1.0,340.0,0.0,213580000.0,64070000.0,1456.4449466719477,0.0005465927029044445,0.03990126731202445,340.0,0.01,1456.4449514458117,0.0005411267781892318,0.03950225480781392,-5.4659247152127844e-06,-0.00039901250421053326,False,True
pool1gqvrgg7zycvf65ydkjeph72t0yx0f5ykzd9f477zh4f3smwk997,SAND,True,3981759.760843,100000.0,100000.0,340.0,0.02,213580000.0,64070000.0,2839.5867272324317,0.0006152041157222318,0.04490990044772292,340.0,0.02,2840.4958622350277,0.0006154278741496753,0.04492623481292629,2.2375842744350258e-07,1.633436520337569e-05,False,False
pool1grgycym8cf0xmgjjr7gx7udmkpu93hqaygysy5myx6ghx8dvl5r,THOR,True,1123693.524264,100000.0,100000.0,340.0,0.025,213580000.0,64070000.0,801.3533671279408,0.0004003044631269602,0.029222225808268096,340.0,0.03,801.5931581524197,0.0003984586132603307,0.02908747876800414,-1.8458498666295382e-06,-0.0001347470402639563,False,True
pool1gtphgrdj8sluxm9e7ca2spcwcq2p0dxj9zf5v0yv3gsagzq704n,ADAFR,True,44018723.080632,3030000.0,3030000.0,340.0,0.0185,213580000.0,64070000.0,31513.880199475225,0.0006950942979363142,0.05074188374935094,340.0,0.0185,31823.315990602525,0.0007019938899220954,0.05124555396431296,6.899591985781131e-06,0.0005036702149620226,False,False
pool1gwnu7f7qgaruxph8gn3u28qphvquvnj63elyd3r0nndacj9g9pa,JAZZ2,True,66962927.505117,50000.0,50000.0,340.0,0.05,213580000.0,64070000.0,47751.33369905176,0.0006726224299356888,0.049101437385305285,340.0,0.05,45695.87294727744,0.0006434617019487533,0.04697270424225899,-2.916072798693557e-05,-0.002128733143046297,False,False
pool1gx2pz27mgupdqynr54s57jrepc3n28yx0wlx0j5ypka55aan9qx,LUCKY,True,2902600.53533,1000.0,1000.0,340.0,0.005,213580000.0,64070000.0,2069.7051029258373,0.0005929360779972224,0.04328433369379723,340.0,0.005,2069.7118846983403,0.0005929384027620525,0.043284503401629836,2.3247648301858923e-09,1.6970783260357013e-07,False,False
pool1gyvjd6n3t88lyyhzd8juqg0fnzq2kwlmnrggd4wghf8r7wndz4v,,False,350806.346575,30000.0,30000.0,340.0,0.05,213580000.0,64070000.0,250.1524548891683,0.0,0.0,,,,,,,,,
pool1h0524mtazrjnzqh5e4u060jsfk8lpsqqjfpa5gygjwuhqu34wvt,JAZZ,True,68087074.378716,50000.0,50000.0,340.0,0.05,213580000.0,64070000.0,48552.96405337952,0.0006727020696461049,0.04910725108416566,340.0,0.05,45695.87294727744,0.0006328378725783948,0.04619716469822282,-3.9864197067710156e-05,-0.002910086385942841,False,False
pool1h0anq89dytn6vtm0afhreyawcnn0w99w7e4s4q5w0yh3ymzh94s,GIVE,False,4427646.871585,1.0,1.0,340.0,0.04,213580000.0,64070000.0,3157.1380070773153,0.0006108103390427088,0.04458915475011774,,,,,,,,,
pool1h0jfkyfqt729vxhq8ndxffcqn2afjhzzlwqecrvsufgu5sag0sj,RAID3,True,403518.847905,50000.0,50000.0,340.0,0.01,213580000.0,64070000.0,287.74722399862674,0.0,0.0,340.0,0.01,287.7885841360939,0.0,0.0,0.0,0.0,False,False
pool1h0prd5vcdv6uk7hglztdcqfp5czjqxdydxkxkdhg8rrk22mr4ym,SIGN,True,482951.199475,1000.0,1000.0,340.0,0.002,213580000.0,64070000.0,344.3693155250079,9.029021770104541e-06,0.0006591185892176315,340.0,0.01,344.37044196659326,8.958953930812844e-06,0.0006540036369493376,-7.006783929169728e-08,-5.114952268293901e-06,False,True
pool1h290edu6y50y09ulac7t6krculahk9fjwzvx4hqeqc7l2ruttku,LION,True,872260.991764,200000.0,200000.0,340.0,0.0,213580000.0,64070000.0,622.1013940517225,0.000323413974389959,0.02360922013046701,340.0,0.0,622.4172909540779,0.0003237761330848199,0.023635657715191855,3.6215869486091665e-07,2.6437584724846915e-05,False,False
pool1h5jtxde8j86qrnqzj32ugn480u7gw5xw8wqy5d227rl3vfg58qz,PEACE,True,84415.42837,51000.0,51000.0,340.0,0.024,213580000.0,64070000.0,60.19421299580791,0.0,0.0,340.0,0.024,60.198206441750855,0.0,0.0,0.0,0.0,False,False
pool1h7eevnu53zdfujqfzldw4jgdjh475u0glvtruwrnmdmycn6jdzs,,True,113590.728665,100.0,100.0,340.0,0.01,213580000.0,64070000.0,80.99599334496332,0.0,0.0,340.0,0.01,80.9960198701254,0.0,0.0,0.0,0.0,False,False
pool1hcg8sa642l0xeygkzvpgn3sfj5s2yeuzpws7a0gypyy7grrjcje,,True,1939140.95197,10000.0,10000.0,340.0,0.02,213580000.0,64070000.0,1382.7257058154623,0.0005269710748262111,0.03846888846231341,340.0,0.02,1382.7708029872153,0.0005269938659638398,0.038470552215360304,2.2791137628736836e-08,1.663753046897789e-06,False,False
pool1hdglvd3xn5m0glqx3l8cy73ajdlxzn7ztlvzwuythj95kwnmvwe,,False,4847781.606699,1618033.988749,1618033.988749,345.0,0.0777,213580000.0,64070000.0,3462.0090552746024,0.0005930171127567183,0.04329024923124043,,,,,,,,,
pool1heks0vmxkfka2amg9c8yn8qdsxvgmzelfx6jhpfkj8ht5mn0r2m,ADA,False,2517415.347862,25000.0,25000.0,340.0,0.03,213580000.0,64070000.0,1795.107931560405,0.000560676129512088,0.04092935745438242,,,,,,,,,
pool1hht4pctn70tqdsd0zwuxv8d8cz6l5scjzaquty7vamyzy78eqvc,ACL,True,25406439.449496,750000.0,750000.0,340.0,0.01,213580000.0,64070000.0,18134.675280107334,0.0006933961983270243,0.05061792247787277,340.0,0.01,18178.573355064855,0.0006951067526254467,0.05074279294165761,1.7105542984224105e-06,0.00012487046378483596,False,False
pool1hjjj584gq0ynqf06g036a4a0stpm90asrdfskpasqjxf5948ygv,,True,5790454.843324,1000000.0,1000000.0,340.0,0.03,213580000.0,64070000.0,4133.714710780271,0.0006355119535556936,0.04639237260956563,340.0,0.01999,4145.185579591507,0.0006440115708966963,0.04701284467545883,8.499617341002782e-06,0.0006204720658932031,False,True
pool1hkpgddlnya3pgktj3sxdraa8x8400vhaphcudvym9ye22esak43,ISP,True,43774077.732708,50000.0,50000.0,350.0,0.1,213580000.0,64070000.0,31215.339785733042,0.0006345948845977264,0.04632542657563403,350.0,0.1,31220.454581696413,0.0006347000453824982,0.04633310331292237,1.0516078477180828e-07,7.676737288342004e-06,False,False
pool1hn7hlwrschqykupwwrtdfkvt2u4uaxvsgxyh6z63703p2knj288,,True,341226.352398,100000.0,100000.0,340.0,0.03,213580000.0,64070000.0,243.33596624612198,0.0,0.0,340.0,0.02,243.39250760239514,0.0,0.0,0.0,0.0,False,True
pool1hnp560z9e5acwux8tjguxq36j9r255zuf02u7z2d46dvcf5zhns,LCP,True,4855096.676455,333333.333333,333333.333333,340.0,0.0,213580000.0,64070000.0,3463.443661288914,0.0006433329487415128,0.04696330525813044,340.0,0.0,3466.992005702349,0.0006440637981251395,0.047016657263135184,7.308493836266942e-07,5.335200500474868e-05,False,False
pool1hntu7agmt8u5j9c20ejen7dvq0jfkvkpnul3mrdd8tppqvwfvt2,BLOOM,True,168763097.566033,1000000.0,1000000.0,340.0,0.05,213580000.0,64070000.0,120505.51233340842,0.0006764348270632504,0.04937974237561728,340.0,0.04,45899.092480553154,0.0002591605002048382,0.01891871651495319,-0.0004172743268584122,-0.03046102586066409,False,True
pool1hqemm6x7d4w89yjswycn3tckze7a7mcw9g458pmuggy7jm26m38,NIHON,False,421793.477487,0.0,0.0,340.0,0.0,213580000.0,64070000.0,300.7602583636776,0.0,0.0,,,,,,,,,
pool1hsq2jrulgj97tna2femdhsfn2wurkkwt8uk9uvs42h9zs0a783p,JAZZ3,True,64764163.299429,50000.0,50000.0,340.0,0.05,213580000.0,64070000.0,46183.39256014538,0.0006724586671611039,0.04908948270276059,340.0,0.05,45695.87294727744,0.0006653074340002082,0.048567442682015204,-7.151233160895701e-06,-0.0005220400207453862,False,False
pool1htf4qwm5t82mefqkns5p7d5w30rk8xdduty434vchq2hcvwt6ka,,True,234720.461095,210000.0,210000.0,340.0,0.02,213580000.0,64070000.0,167.37290607195044,0.0,0.0,340.0,0.02,167.38553006858743,0.0,0.0,0.0,0.0,False,False
pool1hup05mr0g5uq3ng2xd4qpp83dhfyssxruunapthyumv5x63krug,,False,4133991.710274,300.0,300.0,340.0,0.03,213580000.0,64070000.0,2947.7481400474967,0.0006118821403438217,0.04466739624509899,,,,,,,,,
pool1hv3yae6keeeu2y7eusejx4swd2myfkurldt7lasn2qu4xk20j8m,BLESS,True,1349114.444598,40.0,40.0,340.0,0.01,213580000.0,64070000.0,961.9874497204353,0.0004564235285515108,0.03331891758426029,340.0,0.01,961.9875758430713,0.0004564236211021541,0.03331892434045725,9.255064331017623e-11,6.756196961642865e-09,False,False
pool1hvcgam7eyh898u5q6afqqwkvh5tyek2fwctwrhvtgusgqkgkpz8,JESUS,False,1637.373368,777.0,777.0,347.77,0.00777,213580000.0,64070000.0,1.1675313770836802,0.0,0.0,,,,,,,,,
pool1hw3cgyx7tvxh2fpd46k9sqgruu5pfnzt4nxuyv2w7nlmusutda2,THREE,True,3130117.989888,33333.0,33333.0,343.0,0.03333,213580000.0,64070000.0,2232.037147365811,0.0005833887237296917,0.042587376832267494,343.0,0.03333,2232.2785705760552,0.0005834632821250625,0.04259281959512956,7.455839537071334e-08,5.442762862062074e-06,False,False
pool1hwlghkwnjsjk8370qt3dvp23d7urwm36f95fmxcz3np2kghknj9,PEGA,True,53889630.594372,500.0,500.0,340.0,0.03,213580000.0,64070000.0,38426.08164583691,0.0006855400341215184,0.05004442249087085,340.0,0.03,38426.144621444604,0.0006855411676668552,0.05004450523968043,1.1335453368056109e-09,8.27488095868096e-08,False,False
pool1j25x3lguq95gp0tt8ng2nw3fz9ea2p6a89vmgffdw6h0zyh66a0,IOG19,False,122277221.21699,1033736.0,1033736.0,340.0,0.03,213580000.0,64070000.0,87316.03739558713,0.0006899629827537907,0.05036729774102672,,,,,,,,,
pool1j6dh3ynys827j38976q0q3s3c9hpzgx40kjcq4472h6m7d3t0hm,KIND,True,2738141.62688,100000.0,100000.0,340.0,0.03,213580000.0,64070000.0,1952.6989653489543,0.0005713064587425895,0.041705371488209034,340.0,0.03,1953.3168515699822,0.0005715253479441244,0.04172135039992108,2.1888920153484946e-07,1.597891171204401e-05,False,False
pool1j6zqawj6f58lp4p00t26eqe58gxx4pa3cudlzpkv23y92nlxjzd,GURU,True,25900081.496442,0.0,0.0,340.0,0.008,213580000.0,64070000.0,18468.078854420615,0.0006943242331517627,0.05068566902007868,420.0,0.024,18468.078854420615,0.0006801107928689086,0.04964808787943033,-1.4213440282854128e-05,-0.0010375811406483513,True,True
pool1j8nnq9j3ngh665tyxsfkjfxlqprj0ftq5aj38mlx7svhj0wm5s7,,False,20040.000383,17000.0,17000.0,340.0,0.005,213580000.0,64070000.0,14.289593980151782,0.0,0.0,,,,,,,,,
pool1jeu74g86ys4fekhykqcww99kdsq3nlym8a6kfw8s8ff3vskad70,KAIZN,True,111261411.59452,5000.0,5000.0,340.0,0.03,213580000.0,64070000.0,79335.61729414438,0.0006887001313139381,0.05027510958591748,340.0,0.025,45686.24675885912,0.0003973757833579855,0.029008432185132944,-0.0002913243479559526,-0.02126667740078454,False,True
pool1jezf7dcx26edfpxmpuh05yen64a9cj44xm2ggsapcxrtqewfek2,CURRY,True,1463539.094772,1000000.0,1000000.0,340.0,0.03,213580000.0,64070000.0,1044.049136188146,0.0004666275499862151,0.034063811148993706,340.0,0.0274,1045.2019258472656,0.0004686443946247308,0.03421104080760535,2.01684463851568e-06,0.00014722965861164463,False,True
pool1jg3fmnmc9n52sgzslhhvhye5e3xeqmrwkekdhh82sma47r47zg0,NUFI3,True,191162798.895097,1000.0,1000.0,340.0,0.03,213580000.0,64070000.0,136309.01522118738,0.0006899352045840679,0.050365269934636955,340.0,0.03,45685.391097666376,0.00023009199289278937,0.016796715481173622,-0.0004598432116912786,-0.03356855445346334,False,False
pool1jgwu8lq3dqddnnx7prymcgcyrqy0fdlghg33he2hmw9t2gma3zd,KIWI,True,2394406.350667,175369.0,175369.0,340.0,0.02,213580000.0,64070000.0,1707.7239348713126,0.0005597919734052265,0.04086481405858153,340.0,0.02,1708.636951052134,0.0005601656592906467,0.040892093128217205,3.7368588542020104e-07,2.7279069635674676e-05,False,False
pool1jhh5u4q6r6ym8rl7lcf9qc8lgsds8sxh0kl6lajkh5wkgkq6efy,,False,483344.879398,70000.0,70000.0,345.0,0.01,213580000.0,64070000.0,344.67853734686224,0.0,0.0,,,,,,,,,
pool1jhzf2mm6zdlhl6w89uhgx8nq8p6ykcc86qq58vjy0ejyxrrksfj,LOVE,True,39149150.451987,10.0,10.0,340.0,0.03,213580000.0,64070000.0,27915.341034188365,0.0006832352808260013,0.04987617550029809,340.0,0.03,27915.341949184163,0.0006832353034968873,0.04987617715527277,2.267088600182987e-11,1.6549746781335806e-09,False,False
pool1jjry6f6q0swaq457ft9eclaxaskvrxnpj0v3w8edsyfryml3vj6,STACK,True,54386233.827517,50000.0,50000.0,340.0,0.02,213580000.0,64070000.0,38782.879802303665,0.0006927124670139638,0.05056801009201936,340.0,0.02,38789.23599552606,0.0006928270009487405,0.05057637106925805,1.1453393477666059e-07,8.360977238696223e-06,False,False
pool1jk25l2pejpdzq8vdjlxrr05th49v9tgd78fqrtxvuw3rumpfc6t,GROW,True,2011399.4982,555.0,555.0,340.0,0.0,213580000.0,64070000.0,1434.2315291954146,0.0005440150155027093,0.039713096131697774,340.0,0.04,1434.2341375891103,0.0005222556598157681,0.038124663166551075,-2.1759355686941156e-05,-0.0015884329651467044,False,True
pool1jm220zs5txnxe6nt89hajtm6hwsf902e2dwjrtfuq33uw835g65,CHAMP,True,1879033.586084,25000.0,25000.0,340.0,0.025,213580000.0,64070000.0,1339.8931953352471,0.0005188283342415384,0.0378744683996323,340.0,0.02,1340.0015824347936,0.0005215455210827125,0.03807282303903801,2.717186841174105e-06,0.00019835463940570967,False,True
pool1jpezycd8q3l6a255dv8wt7vpt4aay8llqakdn7vkum5swes4hu3,BOLT,True,65332207.151952,5000.0,5000.0,340.0,0.03,213580000.0,64070000.0,46585.52240311754,0.0006866162752881026,0.05012298809603149,340.0,0.03,45686.24675885912,0.0006732645547056056,0.049148312493509205,-1.335172058249698e-05,-0.0009746756025222795,False,False
pool1jpz5m45ff4r6tnq7n5tw63fkhpmw3cyv8sn569w24x8lj3kl68c,ADP,True,2778787.230649,10000.0,10000.0,340.0,0.01,213580000.0,64070000.0,1981.444729431932,0.0005847983840627044,0.04269028203657742,340.0,0.01,1981.5094548390325,0.0005848214438178101,0.04269196539870014,2.3059755105739842e-08,1.6833621227190084e-06,False,False
pool1jq3s8emkm332n7vd3n57amjzspvt3hygh4wqsyp33psugvw7zc0,,False,106377.807013,500.0,500.0,340.0,0.01,213580000.0,64070000.0,75.85285404696388,0.0,0.0,,,,,,,,,
pool1jr90qgglajrga8pftpt6eevtrpxnznjkg7gvrqnehm64qmg8m7s,,True,206695.287369,20000.0,20000.0,340.0,0.02,213580000.0,64070000.0,147.38802025852084,0.0,0.0,340.0,0.02,147.3967510819139,0.0,0.0,0.0,0.0,False,False
pool1jre4hpk3hwzlzh64nfsjkhe6gp4006sy2v8ktqre2qth7uswrtf,,True,1797410.783131,1000.0,1000.0,340.0,0.032,213580000.0,64070000.0,1281.6473446871628,0.0005071264945174974,0.03702023409977731,340.0,0.032,1281.6515433524019,0.0005071287557189932,0.0370203991674865,2.261201495793938e-09,1.6506770919295748e-07,False,False
pool1jt7d6ak3m8gnjyxtuxfswe258xzwda80ndl0a57vv5m2zv8h6at,CARDs,True,3729431.950196,1000.0,1000.0,340.0,0.02,213580000.0,64070000.0,2659.278893258347,0.0006094475903424725,0.044489674095000493,340.0,0.02,2659.2876075444565,0.0006094498802355451,0.044489841257194795,2.2898930725776326e-09,1.6716219429816718e-07,False,False
pool1jx4ss2zjage3cw0wht3450328y82yeprmq4fr3e2qtac2rhezkv,ZZZ5,True,163957456.673106,50000.0,50000.0,340.0,0.05,213580000.0,64070000.0,116918.23760713026,0.0006754759922117039,0.04930974743145439,340.0,0.05,45695.87294727744,0.00026280036403480826,0.019184426574541003,-0.00041267562817689563,-0.03012532085691338,False,False
pool1jyutduy73e5u9877uns3k9rm0tf4r24j8lrn4xtkjpl3q5sn5mw,KOALA,True,3730453.000534,500.0,500.0,340.0,0.0,213580000.0,64070000.0,2660.0050878227357,0.0006219097486258736,0.04539941164968877,340.0,0.01902160583104,2660.0094466990918,0.0006100811727567427,0.044535925611242214,-1.1828575869130887e-05,-0.0008634860384465548,False,True
pool1k0ucs0fau2vhr3p7qh7mnpfgrllwwda7petxjz2gzzaxkyp8f88,POLY,True,1840239.438518,1000000.0,1000000.0,340.0,0.0,213580000.0,64070000.0,1313.0347489536653,0.0005287544265094543,0.03859907313519016,340.0,0.0,1315.0858283390642,0.0005298689985278926,0.03868043689253616,1.1145720184383432e-06,8.136375734599905e-05,False,False
pool1k0xa8wlsntmjhtw2shj3tspqd4kjyquw9tuyx5s7zz5jsyw4y2p,WMOPS,True,10263214.463365,150000.0,150000.0,340.0,0.0,213580000.0,64070000.0,7319.715720791035,0.0006800711166764994,0.04964519151738445,340.0,0.0,7323.272169661837,0.0006804176405539354,0.04967048776043728,3.465238774360332e-07,2.5296243052830422e-05,False,False
pool1k0xrqp03mn9u3q3sadndd6vu9udl5v38xpzyw0shm8sskuxw2av,JP2,True,57751509.363975,50000.0,50000.0,340.0,0.05,213580000.0,64070000.0,41182.66143587664,0.0006718530613554199,0.049045273478945654,340.0,0.05,41189.41129498459,0.0006719640950967571,0.04905337894206327,1.110337413372112e-07,8.105463117616418e-06,False,False
pool1k3sjc2sypvtrgne7gc7mlgv5pfu2pn4zdlyky9tkxzmckcp9mxr,,True,2695355.87579,100000.0,100000.0,340.0,0.03,213580000.0,64070000.0,1922.1862557089046,0.0005693944468790474,0.041565794622170464,340.0,0.03,1922.794121733593,0.000569613204650236,0.04158176393946723,2.1875777118853402e-07,1.5969317296762983e-05,False,False
pool1k53pf4wzn263c08e3wr3gttndfecm9f4uzekgctcx947vt7fh2p,VAULT,True,668811.141587,10000.0,10000.0,340.0,0.0,213580000.0,64070000.0,476.90304804105193,0.00020469612350685305,0.014942817016000273,340.0,0.0,476.9184489786642,0.0002047191508409607,0.01494449801139013,2.302733410764336e-08,1.6809953898579654e-06,False,False
pool1k6knum588fm9fe5tmljeytyx65rv6h5jn8au824t86zt62nyd9e,ZONE,True,1906915.480145,0.0,0.0,340.0,0.01,213580000.0,64070000.0,1359.7279784957864,0.0005294050571313547,0.038646569170588896,340.0,0.01,1359.7279784957864,0.0005294050571313547,0.038646569170588896,0.0,0.0,False,False
pool1kchver88u3kygsak8wgll7htr8uxn5v35lfrsyy842nkscrzyvj,STKH1,True,36335962.16331,50000.0,50000.0,340.0,0.019,213580000.0,64070000.0,25911.21150902685,0.0006903727601215171,0.050397211488870754,340.0,0.018,25915.456203175134,0.0006911912192840675,0.05045695900773693,8.184591625504068e-07,5.97475188661797e-05,False,True
pool1kjd9ff9u5ytq4atavv2dfsg3pvxqw8d50642pzmpn386zel0ka8,HASH,True,18298385.356306,101000.0,101000.0,340.0,0.04,213580000.0,64070000.0,13049.523562618075,0.0006667879368880263,0.04867551939282592,340.0,0.04,13053.828047237012,0.0006670137658425332,0.048692004906504924,2.2582895450689016e-07,1.6485513679002982e-05,False,False
pool1kkfkdces5mdcyc9dn2hgg3463jggjvw3h89nejjarkz25uavaqu,1PCT9,True,61303699.465481,50000.0,50000.0,340.0,0.01,213580000.0,64070000.0,43715.73204843217,0.0007004793365223855,0.051134991566134144,340.0,0.01,43722.89743846673,0.0007005950511724974,0.05114343873559231,1.1571465011184223e-07,8.447169458164483e-06,False,False
pool1kkmk9dnzrrjtnsejttydecmq63x4dpkln70yfledaednj7mf7rk,LUM,True,1870546.952281,2000.0,2000.0,400.0,0.0238,213580000.0,64070000.0,1333.7991065497047,0.00048733055682041054,0.03557513064788997,400.0,0.0238,1333.807841258539,0.00048733511528538446,0.035575463415833064,4.5584649739269754e-09,3.327679430966692e-07,False,False
pool1kkwd6say8twq3z9e36v57adw02j2x52ascd6eumxy5zd66qm4fa,NDE,True,10090331.724679,10.0,10.0,340.0,0.03,213580000.0,64070000.0,7194.9211666279,0.000658974720857415,0.048105154622591295,340.0,0.03,7194.921402459437,0.0006589747435282841,0.04810515627756474,2.267086908827598e-11,1.6549734434441465e-09,False,False
pool1krznhwu3h5pu2stuslr53z5rme50t6384macsmylcnljwc7yjky,LEAF,True,34223399.491433,150000.0,150000.0,340.0,0.02,213580000.0,64070000.0,24408.151668373182,0.0006892006342301004,0.05031164629879733,340.0,0.02,24420.133661712818,0.0006895437431452676,0.05033669324960453,3.431089151672293e-07,2.5046950807207737e-05,False,False
pool1ksazs9mzcuyr3mfrvw48dc5wkgsjceztakymmv7jpxle7l2nfs0,TOAST,True,67780754.741673,50000.0,50000.0,340.0,0.02,213580000.0,64070000.0,48334.52718810213,0.0006939231766243853,0.05065639189358013,340.0,0.01,45695.87294727744,0.0006624640635669672,0.048359876640388606,-3.1459113057418094e-05,-0.002296515253191521,False,True
pool1ksh2u6kktx74ugv8jadrdqttwyjz9074ke82xt6j0qgfvdn43a5,,True,1657343.674465,1000.0,1000.0,340.0,0.0,213580000.0,64070000.0,1181.7722133455309,0.0005079044414956722,0.03707702422918407,340.0,0.01,1181.7760846386013,0.0005028277095643595,0.036706422798198246,-5.076731931312668e-06,-0.00037060143098582474,False,True
pool1ksh2zpeeqe0rpcug63up5l66g3kr5vf58jraeun82rur6m4g6xz,TRUST,True,863536.571504,200.0,200.0,340.0,0.005,213580000.0,64070000.0,615.7457835615363,0.00031772488125878727,0.02319391633189147,340.0,0.005,615.7461871220595,0.00031772534625671995,0.023193950276740555,4.64997932682603e-10,3.394484908583002e-08,False,False
pool1ksrg8a964464las0ymw88slrwxkychjz9lh09lqltu5m7nw3pq0,QUEEN,True,26339551.9067,10000.0,10000.0,340.0,0.01,213580000.0,64070000.0,18781.707388483803,0.0006931511355724641,0.05060003289678988,340.0,0.011,18782.322888956274,0.0006924740937805468,0.050550608845979915,-6.770417919172919e-07,-4.942405080996231e-05,False,True
pool1kterawv22xya864tqjy9pq2ftmuptlggywtqt3p7adexg7qyl6u,INDIE,True,67033766.512811,10000.0,10000.0,340.0,0.039,213580000.0,64070000.0,47799.1651614664,0.0006803773693882008,0.04966754796533866,340.0,0.034,45687.31633535004,0.000653484204435631,0.047704346923801065,-2.689316495256978e-05,-0.001963201041537594,False,True
pool1ktgug7wwf9k4hcsuk68ftkh8xs5n0333fzxyw9sagz8njhlskgm,TREE,True,1456530.09402,122000.0,122000.0,340.0,0.0,213580000.0,64070000.0,1038.743401191407,0.00047973152361231773,0.0350204012236992,340.0,0.0,1039.1249558170512,0.0004799934849869647,0.03503952440404842,2.6196137464698076e-07,1.9123180349229596e-05,False,False
pool1ku2ppcx5zgas98hfrl23xtak8u2wj3hsy3hglxhg9xp4qck5awm,,False,1177856.964672,300000.0,300000.0,340.0,0.0,213580000.0,64070000.0,840.1363470362529,0.00042461551957246934,0.03099693292879026,,,,,,,,,
pool1kvd03hq8kp0hnxq9lq598a5amrvauj9m386rwx7ydawvjdskwnh,CAKE,True,1909709.371976,500.0,500.0,340.0,0.022,213580000.0,64070000.0,1361.7211219484236,0.0005232436264538142,0.03819678473112844,340.0,0.0,1361.72335307777,0.0005350151012876793,0.03905610239400059,1.1771474833865091e-05,0.0008593176628721517,False,True
pool1l0pmgdsymmdntuyan4snj88q8nm9axemwefu5ymkuq2s6gr90cn,SWIM2,True,57058155.797831,0.0,0.0,340.0,0.0,213580000.0,64070000.0,40685.37470458995,0.0007070921613299608,0.05161772777708713,340.0,0.015,40685.37470458995,0.0006964857789100113,0.05084346186043082,-1.0606382419949467e-05,-0.0007742659166563111,False,True
pool1l0qnutsvgcljl9nrkf2gn9hwffg0uss22fuwtluv6lmqqx33alt,,False,16481.254535,10000.0,10000.0,340.0,0.01,213580000.0,64070000.0,11.752039849745582,0.0,0.0,,,,,,,,,
pool1l3fvlzadk5hg78wy3e304s9t8tjzxnu962e2fl7tq8x2yg3mz6l,IOG18,False,158802509.16922,1050000.0,1050000.0,340.0,0.03,213580000.0,64070000.0,113401.00820258658,0.0006906010398087947,0.050413875906042016,,,,,,,,,
pool1l5kwfudnqrhw3k4lwzcppu36nun9puvvr7xnanuz8a2zx4jaek5,ADOPT,True,3507498.649926,250.0,250.0,340.0,0.042,213580000.0,64070000.0,2501.026276797256,0.0005902391931684561,0.04308746110129729,340.0,0.042,2501.028326097294,0.0005902397528919606,0.04308750196111312,5.597235045243232e-10,4.085981583027559e-08,False,False
pool1l6hkustv67tynh66w46mys94wsxhwddgp28k3r5twwlsv80uw0k,CASCH,True,614959.478297,50000.0,50000.0,340.0,0.025,213580000.0,64070000.0,438.52576676837276,0.00015620967883150369,0.011403306554699769,340.0,0.025,438.591860976529,0.00015631446923676875,0.01141095625428412,1.0479040526506717e-07,7.649699584349903e-06,False,False
pool1l8myd66tqjk75kh7uk9k8nyl20sd4qs33s4tzzn927ujyl7ahyk,KURD,True,3343925.766061,500.0,500.0,340.0,0.03,213580000.0,64070000.0,2384.3912655255945,0.0005930333584814549,0.04329143516914621,340.0,0.03,2384.395172700704,0.000593034491867816,0.043291517906350566,1.133386361108421e-09,8.273720436091474e-08,False,False
pool1ld9hkah2dkzh73pvh9tf6xr0x28us34msv3zcv2sase5vhvq962,KOPI,True,7480655.877579,1000.0,1000.0,340.0,0.008,213580000.0,64070000.0,5334.096600337878,0.0006622606237487438,0.04834502553365829,340.0,0.008,5334.11408218065,0.0006622629419930681,0.048345194765493975,2.318244324370916e-09,1.6923183567907688e-07,False,False
pool1lhwzsyhh7dmw9wuz7qxnml2z5ef5303lp7jxgss2qnat22sprgx,UNION,True,1186873.725787,50000.0,50000.0,340.0,0.019,213580000.0,64070000.0,846.3584367047404,0.0004185260955860913,0.030552404977784664,340.0,0.01,846.4914327538498,0.000422476719748617,0.030840800541649043,3.950624162525715e-06,0.0002883955638643772,False,True
pool1ljlmfg7p37ysmea9ra5xqwccue203dpj40w6zlzn5r2cvjrf6tw,AAA,True,62628917.193837,300000.0,300000.0,340.0,0.0275,213580000.0,64070000.0,44676.36611767631,0.0006884538002787497,0.050257127420348734,340.0,0.0275,44720.33605054918,0.0006891365641142879,0.05030696918034301,6.82763835538119e-07,4.984175999428269e-05,False,False
pool1ljywsch33t7gaf02aeeqkqpuku0ngpwl9fm04t7u5sl5xyunmgp,AUTO,True,16979605.975077,100.0,100.0,340.0,0.0,213580000.0,64070000.0,12107.32661802281,0.0006930270723181164,0.050590976279222495,340.0,0.0,12107.330586489239,0.0006930273060376996,0.050590993340752066,2.3371958318349484e-10,1.7061529572395123e-08,False,False
pool1lk0hu3njxgra3emgfa73268el89qzytecff0fzz982avvjsw3l6,IMPI,True,520076.74089,10000.0,10000.0,340.0,0.025,213580000.0,64070000.0,370.84634604078883,5.782836459539003e-05,0.0042214706154634725,340.0,0.025,370.8582700454409,5.785071880510894e-05,0.004223102472772952,2.2354209718909268e-08,1.6318573094803766e-06,False,False
pool1lkpj6fa4l0sy39qfvyl4pcsnnd22y8np8j98vzwula2kuxgers4,JOY,True,132031714.280948,50000.0,50000.0,340.0,0.02,213580000.0,64070000.0,94151.95609440723,0.0006963154078033908,0.05083102476964752,340.0,0.02,45695.87294727744,0.00033665211218685047,0.024575604189640086,-0.0003596632956165403,-0.02625542058000744,False,False
pool1lllmq2jgcqrag5c77lpc5m34fsqn63leadyx9tzx842n66ly3ql,,True,1571216.192964,100000.0,100000.0,340.0,0.0,213580000.0,64070000.0,1120.5046943690988,0.0004967519414987228,0.03626289172940676,340.0,0.001,1120.849292832794,0.0004964742898101193,0.03624262315613871,-2.7765168860349656e-07,-2.026857326805525e-05,False,True
pool1llxh8l0h8g9ghz3nrzh7ndvev4x43vnk72nsemzm795vxqs6dp8,JP4,True,48265154.981123,50000.0,50000.0,340.0,0.05,213580000.0,64070000.0,34417.93184066098,0.0006707537821289448,0.04896502609541297,340.0,0.05,34423.57199744042,0.000670864796978945,0.04897313017946299,1.1101485000025724e-07,8.104084050018778e-06,False,False
pool1lqpymyzg9glc88r7urptuv0d8t2tu9ty7xtshvxmgpu0j4lp8p3,VINCE,False,67097846.370704,250000.0,250000.0,340.0,0.01,213580000.0,64070000.0,47860.9439098387,0.0007011511846568185,0.05118403647994775,,,,,,,,,
pool1lurfk0k0wwx54hlg8a7zp3jtstu57u59aeq7aketl55hknmmtu0,TNTM,True,68773724.332455,1000000.0,1000000.0,340.0,0.0,213580000.0,64070000.0,49107.37512488666,0.0007090989414669937,0.05176422272709054,500.0,0.0,45899.092480553154,0.0006601226401683889,0.04818895273229239,-4.8976301298604826e-05,-0.0035752699947981526,True,False
pool1lv7v8r8ge22agkuv2astu503d42v749p6rp3sg8l6twuwqm525c,,False,507152.915478,100.0,100.0,345.0,0.15,213580000.0,64070000.0,361.6259412510798,2.7865461544469525e-05,0.0020341786927462755,,,,,,,,,
pool1lvsa8e0dw6z8g2fkw7prnfa7627wuy5jjexaadck6w5sxw5xkvm,DIGI2,True,124716230.90842,215000.0,215000.0,340.0,0.025,213580000.0,64070000.0,88955.86923279612,0.0006927764884541827,0.05057268365715534,340.0,0.025,45731.16897147796,0.00035485669687764047,0.025904538872067753,-0.0003379197915765422,-0.02466814478508758,False,False
pool1lzrg40g7vwgrxf52h40mjv77wywajekkfr5p63gcaa6gxrnqy2t,,True,2380394.205279,6000.0,6000.0,340.0,0.0199,213580000.0,64070000.0,1697.3567231990903,0.0005588760556789802,0.04079795206456556,340.0,0.0199,1697.390023936848,0.0005588897668756399,0.04079895298192172,1.3711196659711537e-08,1.0009173561589422e-06,False,False
pool1m62sl6rauje9cknrkhwl39tc4hujudkd7gp478dpz7tagmjr8wm,,True,54099522.253634,35000.0,35000.0,340.0,0.0,213580000.0,64070000.0,38577.61365487059,0.0007068013184220324,0.05159649624480837,340.0,0.0089,38582.039392846964,0.0007005918659421189,0.051143206213774675,-6.209452479913531e-06,-0.00045329003103368774,False,True
pool1m83drqwlugdt9jn7jkz8hx3pne53acfkd539d9cj8yr92dr4k9y,BKIND,True,20619463.0445,5000.0,5000.0,340.0,0.04,213580000.0,64070000.0,14702.831855138626,0.0006687040565108679,0.048815396125293356,400.0,0.04,14703.072780699464,0.0006659217963066237,0.04861229113038353,-2.7822602042442204e-06,-0.0002031049949098281,True,False
pool1maknvmsdvk240a7w8rclvq2lu5pzk906cuh9cw7j30z76ff257u,,True,15223263.152027,750000.0,750000.0,340.0,0.025,213580000.0,64070000.0,10865.875066253157,0.0006741477229361519,0.04921278377433909,340.0,0.0225,10891.651379897718,0.0006775314281075581,0.04945979425185174,3.3837051714062172e-06,0.00024701047751265386,False,True
pool1mc4h5pk0juqfd5lj08d09d9tfeyd86v7se4kq2jyu9j0jy8ey4y,,True,375803.680611,10000.0,10000.0,340.0,0.02,213580000.0,64070000.0,267.9708519454639,0.0,0.0,340.0,0.02,267.9794033089773,0.0,0.0,0.0,0.0,False,False
pool1mc6f3tvzp59yfn2przflkq9q6k00g0hfpyck5t5whjs8qdcjuj3,,True,7960965.846396,0.0,0.0,340.0,0.005,213580000.0,64070000.0,5676.574609573639,0.0006669908951976732,0.04869033534943014,340.0,0.009,5676.574609573639,0.0006643095247647178,0.0484945953078244,-2.681370432955398e-06,-0.00019574004160574404,False,True
pool1mcvq2z34f9cfdmkd97famsh20ekqtndw246ny5e8ug3mxfdf4zq,HIVE,True,365124.008018,10000.0,10000.0,340.0,0.02,213580000.0,64070000.0,260.35559381857234,0.0,0.0,340.0,0.01,260.3638955256144,0.0,0.0,0.0,0.0,False,True
pool1mfm9nf0fc2wknc94dxyedny3vxtmv4t05arq7czyxsmg7qcy76n,BYADA,True,1998016.823757,1.0,1.0,340.0,0.0,213580000.0,64070000.0,1424.6878841096443,0.0005428822576528838,0.039630404808660515,340.0,0.02,1424.6878887794167,0.0005320246147902857,0.038837796879690856,-1.0857642862598083e-05,-0.0007926079289696601,False,True
pool1mn6relcs7dn2fqzfq5yjlwxa49d900p5sdpw62jlx45k2djgwe4,RED,True,4410518.124999,12059.0,12059.0,340.0,0.0,213580000.0,64070000.0,3144.9774601595645,0.0006359745908900898,0.04642614513497655,340.0,0.01,3145.1014583009287,0.0006296426780285704,0.04596391549608564,-6.331912861519385e-06,-0.0004622296388909151,False,True
pool1mnalcegg8lv2rkf3hqnwva2fxg75j3hs9mdzqc3tvxpjzcpmvcc,ETR,True,22373478.476748,50000.0,50000.0,340.0,0.02,213580000.0,64070000.0,15954.54925445848,0.0006839463199820461,0.04992808135868937,340.0,0.02,15957.160634054786,0.0006840607032688041,0.049936431338622696,1.1438328675796982e-07,8.349979933331797e-06,False,False
pool1ms47yxn0gnjly5txqrm0zv95vdp7863zwdawf2ccmlvlg5pmldp,,False,166062.606111,10000.0,10000.0,340.0,0.001,213580000.0,64070000.0,118.41266949930862,0.0,0.0,,,,,,,,,
pool1mugxe86p0p6fzeesthdzkuk3h9xtndf4my9cznmxtmpvujzlw4f,Kings,False,914246.194127,5000.0,5000.0,340.0,0.03,213580000.0,64070000.0,651.9087109124022,0.0003309299524882703,0.024157886531643732,,,,,,,,,
pool1mut4phum9hegtl8m2r68gpjh5x8w8t6zwf75zrphhp3qwwrrpgt,,True,38897491.944769,30000.0,30000.0,340.0,0.025,213580000.0,64070000.0,27737.06331283605,0.0006867315961641953,0.05013140651998625,340.0,0.025,27739.790211695818,0.0006867999482932233,0.050136396225405305,6.835212902807104e-08,4.989705419049186e-06,False,False
pool1mwp8ewtzmun0426v9z0h9um2amswgfzn78rckfl2fc3t5sy0m5g,AACC,True,9164180.188621,10000.0,10000.0,340.0,0.01,213580000.0,64070000.0,6534.619482042306,0.0006692004261152258,0.04885163110641148,340.0,0.01,6534.833477444341,0.0006692235438893915,0.04885331870392558,2.3117774165673857e-08,1.6875975140941916e-06,False,False
pool1mxqjlrfskhd5kql9kak06fpdh8xjwc76gec76p3taqy2qmfzs5z,IOG1,True,175179504.731677,5000000.0,5000000.0,340.0,0.07,213580000.0,64070000.0,125784.69064209792,0.0006659658187517142,0.04861550476887514,340.0,0.07,46754.753673292995,0.00024640851098580027,0.01798782130196342,-0.00041955730776591397,-0.03062768346691172,False,False
pool1myvgx4ef424e6nw2strqq7dxcepav52plyyhxrk0avaw7y098l2,COOL2,True,141551069.314714,50000.0,50000.0,340.0,0.02,213580000.0,64070000.0,100940.21848956792,0.0006964851243941006,0.050843414080769346,340.0,0.02,45695.87294727744,0.0003140121491382582,0.022922886887092847,-0.00038247297525584247,-0.0279205271936765,False,False
pool1n500map6vvxwkxnrw5m9vgmjqrmtaxuuxkgqvzz7699c7qc550v,TEXAN,True,2112962.982253,190000.0,190000.0,340.0,0.005,213580000.0,64070000.0,1507.016648923609,0.0005495513056460893,0.04011724531216452,340.0,0.005,1507.8741942703978,0.0005499551260760834,0.040146724203554085,4.038204299940725e-07,2.9478891389567293e-05,False,False
pool1n5kljtvdhg29vrhr6uefqk76dpepzfwuvsw8zd0z5yqfuqj7x8a,,True,495595.339813,25000.0,25000.0,340.0,0.01,213580000.0,64070000.0,353.3965344562505,2.676088341890437e-05,0.001953544489580019,340.0,0.01,353.4240460878671,2.6815840584786378e-05,0.0019575563626894055,5.495716588200847e-08,4.011873109386618e-06,False,False
pool1n5shd9xdt4s2gm27fxcnuejaqhhmpepn6chw2c82kqnuzdtpsem,ZOE,True,978745.457473,5000.0,5000.0,340.0,0.01,213580000.0,64070000.0,697.9002977604656,0.00036201577445649127,0.02642715153532386,340.0,0.03,697.9116781338652,0.0003547136031529694,0.025894093030166765,-7.30217130352187e-06,-0.0005330585051570965,False,True
pool1ndc7kgyvsd3258juepzz6v7fn5ke2pyvn8s2qr9y44agwjhpyht,BB242,False,124780.277761,0.0,0.0,340.0,0.02,213580000.0,64070000.0,88.97470108282195,0.0,0.0,,,,,,,,,
pool1nhd907krga9dh69kf0jg4tl0764rravepy337gptvsknxyyx94k,TOPO⚡,True,228573.188573,65000.0,65000.0,340.0,0.01,213580000.0,64070000.0,162.994992779745,0.0,0.0,340.0,0.005,163.0198883393979,0.0,0.0,0.0,0.0,False,True
pool1nhls8e9swnyshldgjknku4npreax075nw0ltrkmrarh4w3skxt9,DAN,True,42383639.47235,100000.0,100000.0,340.0,0.02,213580000.0,64070000.0,30225.933242560946,0.0006910264182672799,0.050444928533511436,340.0,0.025,30235.835894440206,0.0006877285754588134,0.05020418600849338,-3.2978428084665503e-06,-0.00024074252501805817,False,True
pool1nhlv5z2lsptzgcp9ype0mppc7zyndm66ypm4sw5hy27ewdchqx0,PPCX2,True,14403589.506544,1000.0,1000.0,340.0,0.0,213580000.0,64070000.0,10270.508239354725,0.0006894467684491415,0.05032961409678733,340.0,0.0,10270.54190183988,0.0006894491055391524,0.05032978470435812,2.337090010883988e-09,1.7060757079453114e-07,False,False
pool1nl74emh67vuyt8cgv6gwhjnrctxgrpqlrdzznj4l3lh5j8lj3ah,KTN,True,80815785.010262,50000.0,50000.0,340.0,0.05,213580000.0,64070000.0,57629.821404798444,0.000673449256573423,0.04916179572985988,340.0,0.05,45695.87294727744,0.0005331641497319148,0.03892098293042978,-0.00014028510684150816,-0.010240812799430095,False,False
pool1nncdkshmqynzv3ledrlnan542qercf4h8xydjjylkg0xu62fk6y,IOG14,False,139909575.25492,1470000.0,1470000.0,340.0,0.03,213580000.0,64070000.0,99967.9051178108,0.0006907251900965092,0.050422938877045166,,,,,,,,,
pool1ntr0gyvdenpqm9uwwguaw028ayuuck2vx580l2r3radvg6m38pl,FAY,True,1385288.857684,324900.0,324900.0,340.0,0.05,213580000.0,64070000.0,988.1273438214114,0.0004444711824649598,0.03244639631994207,340.0,0.049,988.9394929921866,0.00044549658680380897,0.032521250836678055,1.0254043388491707e-06,7.485451673598946e-05,False,True
pool1ntwurms3f0j4kqe5wfpg9chlasylp0lmuw72m4fn66vnuyrvs8v,MANGO,True,1567282.127678,180000.0,180000.0,340.0,0.005,213580000.0,64070000.0,1117.8024198726896,0.0004937932961182389,0.03604691061663144,340.0,0.0,1118.3884532092181,0.0004966485864050758,0.03625534680757053,2.855290286836844e-06,0.00020843619093908962,False,True
pool1nudasuv0lljpe0tswcverqvlh0v4226vgnpsuxn0e9nkvnvcvne,STI,True,58178999.633563,50000.0,50000.0,340.0,0.015,213580000.0,64070000.0,41487.505210591204,0.0006966481529024218,0.05085531516187679,340.0,0.015,41494.30507699683,0.0006967632780928123,0.0508637193007753,1.1512519039057374e-07,8.404138898511883e-06,False,False
pool1num5a9mvz02pncerh6d8xdcvd7474l9p44jkrwk8srzz7563yrj,,False,268028.143771,225000.0,225000.0,340.0,0.01,213580000.0,64070000.0,191.12749448408863,0.0,0.0,,,,,,,,,
pool1nwcu3al5vfm7t3dtvyuu4hlmlvezd05c5v386q90hlptks4mqw3,AARD,True,883562.455147,450000.0,450000.0,340.0,0.0075,213580000.0,64070000.0,630.2213352961411,0.0003260037517478009,0.023798273877589465,340.0,0.0075,630.6858160163176,0.0003265254999412532,0.023836361495711483,5.217481934523065e-07,3.8087618122018376e-05,False,False
pool1nydxffhrmpn0ft6wpg4l6cwp2jr2glxvx5hxr69xknl0s5p603w,,True,1359633.006727,1000.0,1000.0,340.0,0.0175,213580000.0,64070000.0,969.4890276260319,0.0004548822855745508,0.03320640684694221,340.0,0.0175,969.4922030941668,0.0004548845802359978,0.03320657435722784,2.2946614469665505e-09,1.6751028562855819e-07,False,False
pool1nzws82fwk9wcvjgqf2wvq4v2ay929tpspy677xa9z82lquhhazn,,False,172655.502675,500.0,500.0,340.0,0.04,213580000.0,64070000.0,123.11226400641002,0.0,0.0,,,,,,,,,
pool1p5drk57zaggfs5yk5vm4shmhh86czj6g0j3aa09rdq97jdzgk3m,,False,327445.045713,100000.0,100000.0,340.0,0.03,213580000.0,64070000.0,233.50781087600006,0.0,0.0,,,,,,,,,
pool1p627hhec2ha6wu6ql377c3hv4mjd26w7ll0xyw2ezgnu6nyl0a4,PMW,True,1078962.310317,100000.0,100000.0,340.0,0.039,213580000.0,64070000.0,769.4532483210803,0.0003825013790475269,0.027922600670469463,340.0,0.01,769.6825635321206,0.0003942544923295984,0.028780577940060684,1.1753113282071475e-05,0.0008579772695912176,False,True
pool1p9sjhjx0v3k76wvgdqu7jcks2ra48wqlhc6g0mkewd25k3zcymy,WA2,True,26934275.933837,50000.0,50000.0,340.0,0.048935,213580000.0,64070000.0,19206.85886578028,0.0006661997958014946,0.04863258509350911,340.0,0.048935,19210.003761978827,0.0006663108439213855,0.04864069160626114,1.1104811989089743e-07,8.106512752035513e-06,False,False
pool1pf6yhzdr9vpct5rc3dtwersl4lyuglp80l4jc67kf2qj29xjg2u,TAVN,True,1414396.391238,1000.0,1000.0,340.0,0.02,213580000.0,64070000.0,1008.5381682332735,0.0004632134307802849,0.0338145804469608,340.0,0.01,1008.5414716972535,0.00046794241068514626,0.03415979598001568,4.728979904861368e-06,0.00034521553305487987,False,True
pool1pk7cjkcdsawxf25dwml0ely8vhjx7wp7nqans3jwatanceyqae0,RIOT,True,1579978.64086,0.0,0.0,340.0,0.01,213580000.0,64070000.0,1126.605340284788,0.0004928796293461687,0.035980212942270315,340.0,0.025,1126.605340284788,0.00048541175617425705,0.035435058200720765,-7.467873171911662e-06,-0.0005451547415495513,False,True
pool1pmrgd8snhv0nnj97xcg70nqqhg0v9g3d0e93jl8vn23wxtsxz53,CALM,True,37180280.615549,50000.0,50000.0,400.0,0.015,213580000.0,64070000.0,26513.29591270171,0.0006918074863387199,0.05050194650272655,400.0,0.015,26517.639374207258,0.0006919225556580508,0.05051034656303771,1.1506931933095033e-07,8.400060311159374e-06,False,False
pool1pnzwgsgzd6t4788sfr7dxjyusepyq9xaxnpyfcngewqf29t9ayd,PHRCK,True,3479474.274792,3000.0,3000.0,340.0,0.0095,213580000.0,64070000.0,2481.0530360062144,0.0006094923728932957,0.044492943221210585,340.0,0.0095,2481.0774131888966,0.0006094993123322856,0.044493449800256844,6.939438989910472e-09,5.065790462634645e-07,False,False
pool1pp7tn2w6ken4rpfcjwcdup3g4m5gcdhc9lgvrm3mnxz5stmrhq2,CROW,True,32410339.230211,100000.0,100000.0,340.0,0.0199,213580000.0,64070000.0,23113.462228523964,0.0006886774671389647,0.05027345510114443,340.0,0.0399,23121.029186298725,0.0006748484169328767,0.0492639344361,-1.3829050206088018e-05,-0.0010095206650444252,False,True
pool1ppznyu6qrvlw9uuqa3tslryjd40nh56jyvmaqw6kdf4kzq3y8kh,DIGI3,True,3031161.269511,215000.0,215000.0,340.0,0.025,213580000.0,64070000.0,2161.979638314248,0.0005860559664788053,0.04278208555295279,340.0,0.025,2163.4014012019225,0.0005865132891654687,0.04281547010907921,4.5732268666334557e-07,3.3384556126424226e-05,False,False
pool1pshqcksxywy68lt04lw6uf35f4yssekh5dx2mxqmyrukke2z5y3,ACL,True,101916656.936516,750000.0,750000.0,340.0,0.01,213580000.0,64070000.0,72748.0364736975,0.000703358589887937,0.051345177061819396,340.0,0.01,45845.61365600691,0.0004420333130384064,0.03226843185180366,-0.0002613252768495306,-0.019076745210015733,False,False
pool1pu5jlj4q9w9jlxeu370a3c9myx47md5j5m2str0naunn2q3lkdy,NUTS,True,14307337.623055,250000.0,250000.0,340.0,0.049,213580000.0,64070000.0,10205.38535777235,0.0006557461438614041,0.047869468501882506,340.0,0.049,10213.641482295301,0.000656294923419711,0.047909529409638905,5.487795583068592e-07,4.006090775640072e-05,False,False
pool1pvu2zdexh8wr4ggmuz90jvqrua6an43qj9m9urs785p8kwjzqwl,KTN3,True,77890457.808385,50000.0,50000.0,340.0,0.05,213580000.0,64070000.0,55543.76740559319,0.0006732991499976512,0.04915083794982854,340.0,0.05,45695.87294727744,0.0005531881633808434,0.04038273592680157,-0.00012011098661680777,-0.008768102023026967,False,False
pool1pxz5lmxujqt0vz5l8xdgaw85vlde6pd9tmv45yny2au5g60lqx8,,False,2939.026635,1250000.0,2939.026635,340.0,0.025,213580000.0,64070000.0,2.095675863450943,0.0,0.0,,,,,,,,,
pool1py2uxkvuj926h42s40wxl26dh0ggaq882v4m0hkd99m86vzmwnz,EARTH,True,2503939.068048,100098.0,100098.0,340.0,0.05,213580000.0,64070000.0,1785.677356343313,0.0005484931746349588,0.04004000174835199,340.0,0.05,1786.2409235794808,0.0005487069932862156,0.04005561050989374,2.13818651256803e-07,1.560876154174662e-05,False,False
pool1pzkgztz8y8tgd9tpfu7umep97x7m0c5ck0dpn2vqtf202fyhfv5,,True,33199215.052057,10000.0,10000.0,340.0,0.0325,213580000.0,64070000.0,23673.065719979666,0.0006799781575763976,0.04963840550307702,340.0,0.0325,23673.841577361996,0.000680000767810291,0.04964005605015124,2.2610233893385727e-08,1.650547074217158e-06,False,False
pool1q0memmdw4ktr88fkma53tqgkaqeq3wfc476le59rped4cu8tn4h,JOEY,True,6377015.302872,25000.0,25000.0,340.0,0.0,213580000.0,64070000.0,4547.2961685193,0.0006597594593546719,0.04816244053289105,340.0,0.0,4547.667506550749,0.0006598176900494111,0.04816669137360701,5.823069473918224e-08,4.250840715960304e-06,False,False
pool1q66d2n39uvln4hazyzv8fyq977mpqus78sjd2369qfn7cptdeyh,KTN2,True,74867263.57842,50000.0,50000.0,340.0,0.05,213580000.0,64070000.0,53387.924322554056,0.0006731316959867161,0.049138613807030274,340.0,0.05,45695.87294727744,0.0005755263013557427,0.042013419998969216,-9.760539463097336e-05,-0.007125193808061056,False,False
pool1q7wrwstqkzhrffdzpw8ftfd4epmxywdjnp8384atjcnezchv242,SPEC,True,124207.085449,8601.0,8601.0,350.0,0.02,213580000.0,64070000.0,88.56698166704625,0.0,0.0,340.0,0.02,88.56930605087247,0.0,0.0,0.0,0.0,True,False
pool1q80jjs53w0fx836n8g38gtdwr8ck5zre3da90peuxn84sj3cu0r,000,True,1229312.056035,2000.0,2000.0,340.0,0.0,213580000.0,64070000.0,876.5646419309888,0.00043647553873474114,0.031862714327636106,340.0,0.02,876.5703791235642,0.0004277506016146332,0.03122579391786822,-8.72493712010796e-06,-0.0006369204097678811,False,True
pool1qa6lqyu67ghpa0evxfu9nzqkj3h82qpfku82ec79zdwru4pd25m,CNODE,True,1917672.47415,500000.0,500000.0,345.0,0.0,213580000.0,64070000.0,1368.11046099947,0.0005335167891237315,0.0389467256060324,345.0,0.0,1369.789891422192,0.0005343925541176816,0.03901065645059076,8.757649939501386e-07,6.393084455836012e-05,False,False
pool1qcdw8uk5d9ehldhccy926u886qhr07xa354yrkamdde0qku53nx,ARMY,True,672724.053639,5000.0,5000.0,340.0,0.02,213580000.0,64070000.0,479.68989904169393,0.00020349517803078555,0.014855147996247346,340.0,0.02,479.69770287873774,0.0002035065463775268,0.014855977885559457,1.1368346741248442e-08,8.298893121111363e-07,False,False
pool1qcfzjvw0em6g02pwjqpnfh6260epge5ll3z37ckhcylsjuktkvp,,True,1453849.980029,10000.0,10000.0,340.0,0.03,213580000.0,64070000.0,1036.683635162181,0.0004648231491490172,0.033932089887878256,340.0,0.0199,1036.7173877884377,0.00046968581432165846,0.03428706444548107,4.86266517264126e-06,0.000354974557602812,False,True
pool1qf0wftuxq20v4c0es83qgfunte4uxepx7jesy8nczxz2wv8yld2,,False,662399.719903,300.0,300.0,345.0,1.0,213580000.0,64070000.0,472.3249776109736,0.0,0.0,,,,,,,,,
pool1qfxukshs4fkcrflzdnxa2fdza5lfvew3y6echg8ckaa4q8m5hyf,NEDS1,True,28200647.135553,250000.0,250000.0,340.0,0.01,213580000.0,64070000.0,20115.506367037062,0.0006942305688682127,0.05067883152737953,340.0,0.025,20131.921547133363,0.000684279456981923,0.04995240035968038,-9.951111886289743e-06,-0.0007264311676991513,False,True
pool1qkaunkpckny74vcphlg4rh5eqaufnjvheu2x40uyxmklydefjeg,COCO,True,417255.634165,200000.0,200000.0,500.0,0.0,213580000.0,64070000.0,297.5681422808344,0.0,0.0,350.0,0.02,297.67048794795375,0.0,0.0,0.0,0.0,True,True
pool1qn2ttstgt94fuqp5wev9ja6cr7k3q29r9v65fgdtp5jtk0uxs37,PANDA,False,1353831.250384,10000.0,10000.0,340.0,0.01,213580000.0,64070000.0,965.3641787708216,0.00045730258982240894,0.03338308905703585,,,,,,,,,
pool1qnrqc7zpwye2r9wtkayh2dryvfqs7unp99f2039duljrsaffq5c,NUFI,True,98161186.524542,1000.0,1000.0,340.0,0.03,213580000.0,64070000.0,69994.02993337133,0.0006883006555598013,0.050245947855865496,340.0,0.03,45685.391097666376,0.00044808982982025546,0.03271055757687865,-0.00024021082573954584,-0.017535390278986845,False,False
pool1qpuzf5kcxrmuf6qg2nnu9cs7hj2d6ke3fwz58l7rlefcy50caaa,ANFRA,False,310590.876576,107000.000119,107000.000119,340.0,0.03,213580000.0,64070000.0,221.48896835245432,0.0,0.0,,,,,,,,,
pool1qq2vm2xpcj9kf42z4cnw3djancv48sx42chwvgxkjq85ceu8k0x,CROWN,True,8761898.326048,10000.0,10000.0,340.0,0.02,213580000.0,64070000.0,6247.767970763947,0.0006607714899106844,0.04823631876347996,340.0,0.02,6247.972562107065,0.0006607943730244565,0.04823798923078532,2.288311377212672e-08,1.6704673053652506e-06,False,False
pool1qq76dtlr0m9g6xlvngzq550j86cgtslphyjffz3pgpn7wazatdc,ATM,True,64735673.141483,25000.0,25000.0,340.0,0.03301,213580000.0,64070000.0,46161.45657383471,0.000684458632190217,0.049965480149885846,340.0,0.03,45690.52506482282,0.0006795327394948964,0.049605889983127434,-4.925892695320684e-06,-0.00035959016675840994,False,True
pool1qqlf3epa7m8780p2jx5689u2ql06tw026l5377tptk2zswrc645,CPS,True,18954160.349869,1.0,1.0,340.0,0.03,213580000.0,64070000.0,13515.282895943228,0.0006742595912012139,0.04922095015768862,340.0,0.03,13515.282940242983,0.0006742595934683026,0.04922095032318609,2.267088643551074e-12,1.654974709792284e-10,False,False
pool1qqq6qqa0hpzvumv5p87ynczfmdj557xuwlc3289ke42g72z7f74,AHL,True,11680615.010021,400000.0,400000.0,340.0,0.036,213580000.0,64070000.0,8333.402236678721,0.0006596946949751778,0.04815771273318798,340.0,0.018,8344.036906696774,0.0006729067121579673,0.04912218998753161,1.3212017182789447e-05,0.0009644772543436296,False,True
pool1qqq9tqyj69j9kygpxza3h82ynh8d0xlueucnu2yqum8nse8hj7y,SION,True,259108.384222,22222.0,22222.0,340.0,0.0177,213580000.0,64070000.0,184.76276386356355,0.0,0.0,340.0,0.0,184.77507318620448,0.0,0.0,0.0,0.0,False,True
pool1qqqq02jxq3q9j93devp9pts90ctm8w3r0rgek97ngujpjgpw46j,ZENY,False,857902.322574,500.0,500.0,340.0,0.035,213580000.0,64070000.0,611.7285331984759,0.00030565022105288815,0.022312466136860835,,,,,,,,,
pool1qqqq4md2rfdt75qvh3x9cgmkrgkl74ctcj3fnxpu3ylcudl22ex,MASTR,True,26245584.673522,10000.0,10000.0,340.0,0.02,213580000.0,64070000.0,18714.703018275926,0.0006861043174274215,0.05008561517220177,340.0,0.02,18715.316322096052,0.0006861272179553083,0.05008728691073751,2.290052788687328e-08,1.6717385357417494e-06,False,False
pool1qqqq58jy30weq2an3px3maljdmawcwh6ml4hr8m9euq9z2n7wyz,COAST,True,360617.863495,500.0,500.0,340.0,0.035,213580000.0,64070000.0,257.13910634321655,0.0,0.0,340.0,0.035,257.1395271821012,0.0,0.0,0.0,0.0,False,False
pool1qqqqpanw9zc0rzh0yp247nzf2s35uvnsm7aaesfl2nnejaev0uc,TITAN,True,68141040.328716,250000.0,250000.0,340.0,0.03,213580000.0,64070000.0,48605.05591214693,0.0006870617767051152,0.05015550969947341,340.0,0.01,45738.65600691443,0.0006595829654203959,0.0481495564756889,-2.747881128471936e-05,-0.002005953223784513,False,True
pool1qqqqqdk4zhsjuxxd8jyvwncf5eucfskz0xjjj64fdmlgj735lr9,ATADA,True,149415615.870607,1300000.0,1300000.0,340.0,0.02,213580000.0,64070000.0,106734.99013344235,0.0006978326175830789,0.05094178108356476,340.0,0.02,45963.267070008646,0.00029923781037269727,0.0218443601572069,-0.0003985948072103816,-0.029097420926357857,False,False
pool1qqqqrmhdc59mxjygmnhrlz6x08l4w4qgs3jqd5fhps8gcghjh4t,,False,100036.192379,0.0,0.0,340.0,0.02,213580000.0,64070000.0,71.33090640680639,0.0,0.0,,,,,,,,,
pool1qqqqrwzy7njvjq9wph7usj5gghm3py9c97688ek8pgc7uem9cfz,FROG2,True,13717855.898229,150000.0,150000.0,340.0,0.04,213580000.0,64070000.0,9783.570603897375,0.0006608778986307834,0.04824408660004719,340.0,0.04,9788.341869556913,0.0006612118003036934,0.04826846142216962,3.339016729099866e-07,2.437482212242902e-05,False,False
pool1qqqqvmpm9v2l0tkwx4dpzth3g85lapxjug2j6sucnphyqlt4fuu,SALUD,True,1078578.180246,500.0,500.0,350.0,0.015,213580000.0,64070000.0,769.0817833636421,0.00038272196135011544,0.027938703178558427,340.0,0.0175,769.0830432212072,0.0003908609479460119,0.02853284920005887,8.138986595896487e-06,0.0005941460215004436,True,True
pool1qqqqwg5y9jj6uet4amx3mkmzneaxrlhczmpz5admlvddgyhtnug,HEAL,True,955937.762598,25000.0,25000.0,350.0,0.015,213580000.0,64070000.0,681.6556845574047,0.00034173861737735596,0.024946919068546985,340.0,0.0275,681.7101076966011,0.00034763045538843516,0.025377023243355768,5.891838011079205e-06,0.000430104174808782,True,True
pool1qqqqx69ztfvd83rtafs3mk4lwanehrglmp2vwkjpaguecs2t4c2,WOLF,True,239316.637092,5000.0,5000.0,340.0,0.02,213580000.0,64070000.0,170.6461393976956,0.0,0.0,340.0,0.03,170.64887791132514,0.0,0.0,0.0,0.0,False,True
pool1qqqqz3pw0vzm8ks7ljnsfvp72pgra55q7rz378uvjjaajzrgj7m,,False,74211.998985,0.0,0.0,340.0,0.02,213580000.0,64070000.0,52.91693963926102,0.0,0.0,,,,,,,,,
pool1qqqqzyqf8mlm70883zht60n4q6uqxg4a8x266sewv8ad2grkztl,FROG,True,10482278.134847,100000.0,100000.0,340.0,0.04,213580000.0,64070000.0,7475.439192193638,0.0006534859632977936,0.04770447532073893,340.0,0.04,7477.870714176842,0.0006537086497285339,0.047720731430182975,2.2268643074029124e-07,1.625610944404126e-05,False,False
pool1qqqrutr85x04emqsnlacgz6drtzpvp8v3kmlkw8gpnzry67qeuz,,False,231853.775393,200000.0,200000.0,340.0,0.0258,213580000.0,64070000.0,165.32998924204844,0.0,0.0,,,,,,,,,
pool1qqqyv9pn9typyqwcxqk5ewpxy5p27g5j2ms58hpp2c2kuzs5z77,ANGEL,True,77791926.006917,55555.0,55555.0,340.0,0.0177,213580000.0,64070000.0,55473.93671032058,0.0006961913505745102,0.05082196859193924,340.0,0.0177,45697.06124675886,0.0005727360607928593,0.04180973243787873,-0.0001234552897816509,-0.009012236154060516,False,False
pool1qqqz9vlskay2gv3ec5pyck8c2tq9ty7dpfm60x8shvapguhcemt,,True,19610303.146169,10000.0,10000.0,340.0,0.0258,213580000.0,64070000.0,13983.342469965852,0.0006777735221720569,0.04947746711856015,340.0,0.0258,13983.800662198251,0.0006777962842308317,0.049479128748850715,2.276205877482871e-08,1.6616302905624958e-06,False,False
pool1qqvukkkfr3ux4qylfkrky23f6trl2l6xjluv36z90ax7gfa8yxt,STAKE,True,65823101.466324,50000.0,50000.0,340.0,0.0,213580000.0,64070000.0,46938.52251502531,0.0007079356863618125,0.05167930510441231,340.0,0.008,45695.87294727744,0.0006835446060942337,0.049898756244879064,-2.4391080267578734e-05,-0.0017805488595332476,False,True
pool1qs6h0y7czzt605kptmrv6cr85kxd6tajr2hs0etvxphv7tr7nqu,,True,160241262.049855,30000.0,30000.0,340.0,0.035,213580000.0,64070000.0,114265.0057360354,0.0006860756657113063,0.050083523596925354,340.0,0.035,45691.59464131374,0.0002731149784332803,0.01993739342562946,-0.00041296068727802597,-0.030146130171295894,False,False
pool1qu48wpwwarmkewhlwge9xs87sgt8gdnqq26nnre2v6c8up4fxwr,OBS,True,4620928.500849,95000.0,95000.0,340.0,0.02,213580000.0,64070000.0,3295.388494274061,0.000626774624159722,0.04575454756365971,340.0,0.02,3296.3953840480776,0.0006269881639230737,0.04577013596638438,2.1353976335162887e-07,1.5588402724668908e-05,False,False
pool1qvhss6kxmtl27nr4ugvypayhvt4a4vzll8p9csdg2v8q7d22llu,ASTRA,True,15300084.073878,50000.0,50000.0,340.0,0.0,213580000.0,64070000.0,10910.5040370225,0.0006908788204026693,0.05043415388939486,340.0,0.01,10912.287979447206,0.0006840854631330044,0.04993823880870932,-6.793357269664971e-06,-0.0004959150806855429,False,True
pool1qwa8x4u4a2pff0xdv0haxpgk3tyrvl5adl2lpf3ztcftqruhea0,ELITE,True,34226967.812487,200000.0,200000.0,340.0,0.007,213580000.0,64070000.0,24412.39591610823,0.0006983934211073946,0.0509827197408398,340.0,0.007,24428.366439321122,0.0006988567612909972,0.0510165435742428,4.633401836026674e-07,3.382383340299472e-05,False,False
pool1qy23q2qe64n6awyhrz0a97lk34zzcvgpk2e4vqmhjs86swwp9gn,WATER,True,163434.153942,130000.0,130000.0,345.0,0.0,213580000.0,64070000.0,116.54125212956504,0.0,0.0,340.0,0.0,116.55154163137323,0.0,0.0,0.0,0.0,True,False
pool1qzlw72zfwhhc0ptvzdpld06szu39x9mlm6782efy6sluz932fx6,BCSH2,True,49555542.651637,10000.0,10000.0,500.0,0.02,213580000.0,64070000.0,35336.125199953254,0.0006889118929833056,0.05029056818778131,400.0,0.025,35337.28341578306,0.0006873873134605505,0.05017927388262019,-1.524579522755123e-06,-0.00011129430516112397,True,True
pool1qzlw7z5mutmd39ldyjnp8n650weqe55z5p8dl3fagac3ge0nx8l,BCSH,True,29054267.481077,10000.0,10000.0,340.0,0.02,213580000.0,64070000.0,20717.465218131492,0.0006873315917111054,0.05017520619491069,340.0,0.02,20718.14417994185,0.0006873544930826365,0.05017687799503247,2.2901371531146644e-08,1.671800121773705e-06,False,False
pool1qzlwlpcsgflr9z3f24fg836tyq45p0kf5cnrp20s8v0psp6tdkx,BCSH0,True,34299658.694176,10000.0,10000.0,340.0,0.02,213580000.0,64070000.0,24457.749175006717,0.0006890854046754643,0.050303234541308896,340.0,0.02,24458.55075722978,0.0006891083072525893,0.050304906429439016,2.290257712493117e-08,1.6718881301199754e-06,False,False
pool1qzlwlyu92fsx94qu6u5nw3sy334f5yat3dv3jgx0grrsv0kp422,BCSH1,True,72346390.713235,500001.95,500001.95,500.0,0.02,213580000.0,64070000.0,51622.73035372187,0.0006925055314125313,0.050552903793114785,400.0,0.025,45792.13524859551,0.0006117420845886679,0.044657172174972753,-8.076344682386347e-05,-0.005895731618142034,True,True
pool1r4hj35clvexkq0j0cagcxrt9945cp7agzslvjxpfa9fg62qpemv,P00L,False,2981556.764357,1.0,1.0,345.0,0.019,213580000.0,64070000.0,2126.002017328955,0.0005859901779788842,0.042777282992458546,,,,,,,,,
pool1r88vs06qv3vjrndvhewwhz08zc6ka7eqwxvf4stsj53n50nr8n7,LEAVE,True,5410591.32919,0.0,0.0,340.0,0.00777,213580000.0,64070000.0,3858.0275251354797,0.0006451591404497659,0.047096617252832915,340.0,1.0,3858.0275251354797,0.0,0.0,-0.0006451591404497659,-0.047096617252832915,False,True
pool1r8938r4ts8f4t8nsp9xl9dktzapt7f67jgpsp4wrju39xrdnaye,VENUS,True,4849899.407025,70000.0,70000.0,340.0,0.0085,213580000.0,64070000.0,3458.5608224125367,0.0006375499357663464,0.04654114531094329,340.0,0.0085,3459.343961657907,0.0006377100385842853,0.046552832816652824,1.6010281793886732e-07,1.1687505709537314e-05,False,False
pool1r9qyjstrc050njg8lm7wxy5874mgu322vyljntdsm5qgxvjcewv,SHEIN,True,68210.47856,0.0,0.0,340.0,0.0001,213580000.0,64070000.0,48.637549535004325,0.0,0.0,340.0,0.01,48.637549535004325,0.0,0.0,0.0,0.0,False,True
pool1rcd7qslz3xnpnk9u6tcwegy5r2574uf8suqu24ptg637jha3sr5,NINI,True,23332147.45962,100.0,100.0,340.0,0.02,213580000.0,64070000.0,16637.01327393571,0.0006845093464327484,0.04996918228959063,340.0,0.02,16637.018727124232,0.0006845095754783072,0.04996919900991642,2.2904555877813204e-10,1.672032579080364e-08,False,False
pool1rcj4kw3nepfpwr6s2tzgq3x3emw45n9w58063j98h38rse482k0,IOG8,False,115343190.004824,2500000.0,2500000.0,340.0,0.05,213580000.0,64070000.0,82531.50772440698,0.0006769531199451047,0.04941757775599265,,,,,,,,,
pool1rcq8vnrl52890nvt0300w7rgqkuk4az98kd9zcvu43agk3u84ms,ALIVE,True,96638.219966,5000.0,5000.0,340.0,0.007,213580000.0,64070000.0,68.90843772204376,0.0,0.0,340.0,0.001,68.90950872307567,0.0,0.0,0.0,0.0,False,True
pool1rd0cadxrmef8fl99e2ms3tytzq874m2ahraaexfrhpnr67d7s8a,PROM,True,1522562.697114,800000.0,800000.0,340.0,0.025,213580000.0,64070000.0,1086.248371739217,0.0004778733669390949,0.03488475578655393,340.0,0.025,1087.6456031973426,0.00047876810885957844,0.03495007194674923,8.947419204835268e-07,6.531616019529745e-05,False,False
pool1rdhe7a6mxczczmxt82x44r2x4tvv6tm8tsr39nvl5z72v6nqgp8,,False,778.936092,50.0,50.0,340.0,0.005,213580000.0,64070000.0,0.5554211911280591,0.0,0.0,,,,,,,,,
pool1rj6apcqxcvavaxp22f75zs9upphena7ntsnut2efvq98g4404up,APP,True,20875612.568437,10000.0,10000.0,340.0,0.02,213580000.0,64070000.0,14885.585284719798,0.0006828385769420648,0.04984721611677073,340.0,0.02,14886.073055825773,0.0006828614752250391,0.049848887691427854,2.2898282974284125e-08,1.671574657122741e-06,False,False
pool1rj8zkzk3dm0lmnjtafczqfp8sshmang8gg85eypjeh2e6cve0vl,STKD,True,12896350.618058,0.0,0.0,340.0,0.1,213580000.0,64070000.0,9195.755626532282,0.0006180182518238051,0.04511533238313777,340.0,0.1,9195.755626532282,0.0006180182518238051,0.04511533238313777,0.0,0.0,False,False
pool1rkyc3ss904h066sffergss99r9p2kqa4k6ds0g4u5ud4x7yaajd,1PCT5,True,125653510.267549,50000.0,50000.0,340.0,0.01,213580000.0,64070000.0,89603.65189740635,0.0007032912585590918,0.0513402618748137,340.0,0.01,45695.87294727744,0.000357350257244672,0.026086568778861056,-0.00034594100131441976,-0.025253693095952642,False,False
pool1rmwclmeutcdd7f0sktcevwa6ewaphxezgeqk5hcfswvpkaq2hmg,,True,967485.110233,1000.0,1000.0,340.0,0.02,213580000.0,64070000.0,689.867187490268,0.0003543928894759828,0.025870680931746746,340.0,0.02,689.869446409839,0.0003543951776157756,0.025870847965951616,2.2881397927646333e-09,1.6703420487181823e-07,False,False
pool1rpjjz68kmmetyxztmrstrwgz8lxf6v0d7vqgw98r5x8rc50jrdf,DEW,True,1271739.953159,105000.0,105000.0,340.0,0.02,213580000.0,64070000.0,906.9382034153704,0.00043688132779579254,0.03189233692909286,340.0,0.02,907.2251938945825,0.0004371024820254205,0.03190848118785569,2.211542296279398e-07,1.6144258762839606e-05,False,False
pool1rs8xygd8rdqjjr5ums0w9upw9uwrrkvuvyjvq8wvr3kekhjkpl3,,True,3154697.329618,1.0,1.0,340.0,0.0,213580000.0,64070000.0,2249.4600696547654,0.0006052752039720973,0.0441850898899631,340.0,0.0,2249.460077027937,0.0006052752063093014,0.044185090060579,2.337204106465929e-12,1.706158997720128e-10,False,False
pool1rshru8pm6y0jy7jncmt6qzfs8u4f5qa5gvyh38kgec767t20z3d,FANCY,True,210800.464279,100000.0,100000.0,340.0,0.01618,213580000.0,64070000.0,150.32258790552743,0.0,0.0,340.0,0.0,150.34858420945517,0.0,0.0,0.0,0.0,False,True
pool1rvjj8cp3urh7de07pm0ceqha2x4lxws69lhd4429dm6djfjsy4l,DINO,False,1081093.651602,10000.0,10000.0,340.0,0.0,213580000.0,64070000.0,770.8856310862353,0.00039856457435277217,0.02909521392775237,,,,,,,,,
pool1rvng7n968748udkc5rxy4h9zp9hms4s3jsfwuues76ft28uc056,DIGI,True,143644351.344562,215000.0,215000.0,340.0,0.025,213580000.0,64070000.0,102456.66436107752,0.000693126787235966,0.05059825546822552,340.0,0.025,45731.16897147796,0.0003080969723691571,0.022491078982948467,-0.00038502981486680896,-0.028107176485277056,False,False
pool1rzhyuwfwdzksm9v2ze8playmvdv3u04x9a0tmhg2krx7kt2635t,BTS,False,21353.206181,500.0,500.0,340.0,0.05,213580000.0,64070000.0,15.225935334375361,0.0,0.0,,,,,,,,,
pool1s0cfkzheywsftgwp0yz7sq4rt5gyf7t5kfwj5a269kpxvndjn6q,OCEA5,True,159747417.330544,20000.0,20000.0,340.0,0.009,213580000.0,64070000.0,113911.25457157154,0.0007045441808147955,0.051431725199480076,340.0,0.0147,45689.45548833189,0.00027970917614396996,0.020418769858509808,-0.00042483500467082556,-0.031012955340970264,False,True
pool1s0kkragd8r2xyyms680l9eed443v3eufmarykpjfh2r6cpksm2j,SABAI,True,8197579.804689,50000.0,50000.0,340.0,0.01,213580000.0,64070000.0,5845.70054235445,0.0006649088714956025,0.04853834761917899,340.0,0.01,5846.653642370402,0.0006650239748600435,0.04854675016478318,1.1510336444099743e-07,8.402545604192812e-06,False,False
pool1s2qefm0h0449tdwsh7w6gw7mn9n8d3w48zunslxdazlfghtn4wh,,False,1294115.09585,1000000.0,1000000.0,340.0,0.01337,213580000.0,64070000.0,923.0707008779102,0.0004445315934046196,0.03245080631853723,,,,,,,,,
pool1s3z5qsg75dar26ykyzcz2u8wc2swgq7pyp7f9sdh5n06qh3jhq2,1PCT1,True,65878744.037202,50000.0,50000.0,340.0,0.01,213580000.0,64070000.0,46978.20129264432,0.0007008606486736368,0.05116282735317549,340.0,0.01,45695.87294727744,0.0006815903198222502,0.049756093347024265,-1.9270328851386602e-05,-0.001406734006151222,False,False
pool1s6x6kltycpxq82hyqhlqllqj3q5l2m8w499gvtu4xrfv29c0q2q,LOOT,True,2474477.386563,10000.0,10000.0,340.0,0.0,213580000.0,64070000.0,1764.453244619189,0.0005756582187229953,0.04202304996677866,340.0,0.0199,1764.510856238746,0.0005642254391901467,0.04118845706088071,-1.1432779532848558e-05,-0.0008345929058979448,False,True
pool1s79cqtwk5s24lcske704ckx7k2pagn8hc95rxvy3xfda6r62pg9,UK007,True,724239.009259,10000.0,10000.0,340.0,0.02,213580000.0,64070000.0,516.426499351922,0.00023873053944136876,0.017427329379219918,340.0,0.02,516.4431960151976,0.00023875313243870933,0.017428978668025782,2.2592997340570254e-08,1.6492888058616286e-06,False,False
pool1s9gnju7cja28xzdxskms2w4dwtk6w2gegm5k4gcx895f7lmzupq,,False,180222.903684,25000.0,25000.0,340.0,0.04,213580000.0,64070000.0,128.5120077973067,0.0,0.0,,,,,,,,,
pool1sffl322qgsrsmkcedzzwk05396dkmj56pcepqvj6px3n2re3qu4,MOON1,True,267701.827517,1.0,1.0,340.0,0.01,213580000.0,64070000.0,190.8850544613147,0.0,0.0,340.0,0.0175,190.8850550869864,0.0,0.0,0.0,0.0,False,True
pool1sj0plznq9nnduxp82aa8crchfety7kzcryqdmn6860xvwwzzc4w,,True,6838722.135626,1.0,1.0,340.0,0.01,213580000.0,64070000.0,4876.357623004556,0.0006567007633456679,0.047939155724233753,340.0,0.01,4876.357638988049,0.0006567007656595005,0.047939155893143535,2.3138326107549623e-12,1.6890978058511225e-10,False,False
pool1sks9qwpygf9vmgeuh4n4a3s36k35c3qnz7pd4qqvw5825x62y3y,STEAK,True,1196040.477611,100000.0,100000.0,340.0,0.005,213580000.0,64070000.0,852.9476835669758,0.0004267271507136549,0.031151082002096805,340.0,0.005,853.2044178648254,0.0004269407309654458,0.031166673360477543,2.1358025179089033e-07,1.5591358380734994e-05,False,False
pool1smy2r8jdvgna5ykhe8rrch7h4qalyfafyzyh0rmanmq0jxptww7,ZZZ3,True,112383596.185907,50000.0,50000.0,340.0,0.05,213580000.0,64070000.0,80140.86177896839,0.000674571923865226,0.0492437504421615,340.0,0.05,45695.87294727744,0.00038340185545083,0.027988335447910587,-0.000291170068414396,-0.021255414994250908,False,False
pool1snyaulmp94axe7ltmqzlkztqn9axt5ykprjtxh3qgn35cred9pf,,False,1336.06788,1.0,1.0,450.0,0.095,213580000.0,64070000.0,0.95268453115566,0.0,0.0,,,,,,,,,
pool1spus7k8cy5qcs82xhw60dwwk2d4vrfs0m5vr2zst04gtq700gjn,ZZZ4,True,100686330.530707,50000.0,50000.0,340.0,0.05,213580000.0,64070000.0,71799.52895844163,0.0006742380236989142,0.04921937573002074,340.0,0.05,45695.87294727744,0.0004279436848358745,0.031239888993018838,-0.0002462943388630397,-0.0179794867370019,False,False
pool1sr953s548fudyhmfm082xp0mensv2gxzt4qpe466ykw0z3jjzvv,AIR,True,2252567.298642,500.0,500.0,340.0,0.01,213580000.0,64070000.0,1606.1964790396976,0.0005564914819659399,0.040623878183513616,340.0,0.029,1606.1991108377138,0.0005458124768856554,0.03984431081265285,-1.0679005080284484e-05,-0.0007795673708607673,False,True
pool1supp67ypelmgzuzqqvarc6czgmg3ggwpnrnfr90xpfcqqf8h05t,1PCT,True,91858734.455594,50000.0,50000.0,340.0,0.01,213580000.0,64070000.0,65504.560626679486,0.0007023057241399214,0.05126831786221426,340.0,0.01,45695.87294727744,0.0004888192122819978,0.035683802496585836,-0.0002134865118579236,-0.015584515365628422,False,False
pool1swe9nsv8lzugakjkfv04dn38scmq48wzynmn0lxasupuzmqcgjm,ADAGE,False,14966616.29445,110000.0,110000.0,380.0,0.0084,213580000.0,64070000.0,10673.59826742091,0.0006819933003667394,0.04978551092677198,,,,,,,,,
pool1sx4e8rvx2xdxgkww2fpjtmvrnaftfrtfge29xcn72hh7kch5snf,UK1,True,191040.115364,0.0,0.0,340.0,0.0,213580000.0,64070000.0,136.2213441445981,0.0,0.0,340.0,0.0,136.2213441445981,0.0,0.0,0.0,0.0,False,False
pool1sxzhjdhcc8724zfkut4jxs5l8x7udngfqncat4jvl0s5ka9l2xa,ZAZA,False,12709068.635363,30000.0,30000.0,340.0,0.0,213580000.0,64070000.0,9062.595045464519,0.0006863284238778825,0.05010197494308542,,,,,,,,,
pool1t3gfawqtskanc2uqhe3dd6ecznwdeamzc8fv5fzx5mjvj07rzl8,,False,36007.568352,5334.0,5334.0,340.0,0.0,213580000.0,64070000.0,25.675396277584227,0.0,0.0,,,,,,,,,
pool1t50sl2erwfaey5du4e7gnp52fylplh5q4j24zkkxk9t5vsxfcvm,MONEY,True,437960.452103,1.0,1.0,340.0,0.0,213580000.0,64070000.0,312.28813612142574,0.0,0.0,340.0,0.0,312.2881371450267,0.0,0.0,0.0,0.0,False,False
pool1t74ckqauwmn9ef5ye0h7c5wsgfd36zx24ue9wvj4vj95cl54aff,ORACL,False,11058.220181,2000.0,2000.0,340.0,0.01,213580000.0,64070000.0,7.885093036467265,0.0,0.0,,,,,,,,,
pool1t93hrmha847r5gqazttyg29c9fxfv778w3kc5vf4q7vu5g4ec0r,STKPL,True,105224.706882,10000.0,10000.0,340.0,0.01,213580000.0,64070000.0,75.0315356216351,0.0,0.0,340.0,0.01,75.03376171710254,0.0,0.0,0.0,0.0,False,False
pool1t9m69j5thv2ke9jt9hhsgxlag44z7erp2s2ukcpruwhwqarc9np,CEMA1,True,4410433.910119,100000.0,100000.0,500.0,0.04,213580000.0,64070000.0,3145.2962102689717,0.0005757901407459689,0.042032680274455725,340.0,0.0187,3146.3057384873446,0.0006243893179896507,0.0455804202132445,4.8599177243681835e-05,0.003547739938788774,True,True
pool1tamft50mh0vjm346d9lusczc8fxxyh5z6fk2eel38srwvz38d78,DGITX,False,14130.836212,5500.0,5500.0,340.0,0.03,213580000.0,64070000.0,10.076054352435412,0.0,0.0,,,,,,,,,
pool1tc0g4htxvzvg2z5c25ffq5ycukn9hjh3el5dzy767za2gukckee,AMSC1,True,2369596.276012,2500.0,2500.0,340.0,0.02,213580000.0,64070000.0,1689.6489069706402,0.0005581777546752564,0.04074697609129372,340.0,0.02,1689.6627386452246,0.0005581834750763348,0.04074739368057244,5.72040107838824e-09,4.1758927872234154e-07,False,False
pool1tdsrw0n33gmy0mzh7cgtn9p0jy5xwjxaa2s26gn2ewf8kg4nrzx,CAFE,True,1177411.50354,100000.0,100000.0,340.0,0.0,213580000.0,64070000.0,839.6624083938283,0.00042437364242794095,0.03097927589723969,340.0,0.025,839.9147798845977,0.0004139732870980259,0.03022004995815589,-1.040035532991505e-05,-0.0007592259390837987,False,True
pool1tnfd2sdstmjehxw0fd3x9wc07975x60su4xpv9jnhsam2cf64np,,True,57984.545741,25000.0,25000.0,340.0,0.01,213580000.0,64070000.0,41.34676405249896,0.0,0.0,340.0,0.049,41.348693062096075,0.0,0.0,0.0,0.0,False,True
pool1tpr44v3pxth9j0ff246dvsryxpanxwx52f024ws3ecvn72sgv55,,True,453585.571339,1000.0,1000.0,340.0,0.02,213580000.0,64070000.0,323.430095782804,0.0,0.0,340.0,0.02,323.4311535895082,0.0,0.0,0.0,0.0,False,False
pool1tre4d457z9wpw2sckg98yrc3ppu3ydd07a6h53yvqd77z4h3yh5,BUDHA,False,91287.986778,1.0,1.0,340.0,0.02,213580000.0,64070000.0,65.09298979916582,0.0,0.0,,,,,,,,,
pool1twu4rn366744tqq9g66ruy3rete6842z7nnm4vy0q5jaqd48867,HRBR,True,5412705.634159,10000.0,10000.0,340.0,0.01,213580000.0,64070000.0,3859.589246806542,0.0006437433678914381,0.04699326585607498,340.0,0.01,3859.7155447729724,0.0006437664681660913,0.04699495217612467,2.310027465320108e-08,1.6863200496836789e-06,False,False
pool1ty3e5szg374hkvtew3ja87nh79dqeam9eqg5tmwzjlyj2kx2qr6,,False,1427815.922367,1.0,1.0,340.0,0.0,213580000.0,64070000.0,1018.1055640512967,0.0004749250610170736,0.034669529454246374,,,,,,,,,
pool1u3v7s93f2d968a8kce6zgfmckfx56ly626jkml6jv7tgweplrn8,,True,1853307.600911,321000.0,321000.0,340.0,0.02,213580000.0,64070000.0,1321.9963653758787,0.0005192642805734521,0.037906292481862,340.0,0.02,1323.1550240632444,0.0005198769611198765,0.037951018161750984,6.126805464243225e-07,4.472567988897554e-05,False,False
pool1u4sxd6x0qsy7evljt24vtnyhpxd098n609sfcmly6c096mr3jgq,SCAR,True,70021420.393569,5000.0,5000.0,340.0,0.0199,213580000.0,64070000.0,49929.194049319245,0.000694107157703439,0.05066982251235105,340.0,0.0199,45686.24675885912,0.0006347180076975373,0.04633441456192022,-5.938915000590166e-05,-0.004335407950430821,False,False
pool1u6kpt8hgqcm596kukj97ghefmxn8ks2cgwg8qqe0gtgscnufk5p,ATLAS,True,884407.852536,500000.0,500000.0,340.0,0.018,213580000.0,64070000.0,630.821440817791,0.00032291284396012966,0.023572637609089467,340.0,0.008,631.2811458472979,0.00032671679231699013,0.02385032583914028,3.8039483568604667e-06,0.00027768823005081407,False,True
pool1u7mqtde27swkarngjsn5mmw3sy20zavlafgqkmg8qv2n2nwga0l,CFLOW,True,67067075.08182,100000.0,100000.0,340.0,0.019,213580000.0,64070000.0,47828.954914106536,0.0006946279484218456,0.05070784023479473,340.0,0.019,45706.56871218669,0.0006635834923822268,0.04844159494390256,-3.104445603961876e-05,-0.0022662452908921694,False,False
pool1u9gudcfadehlarkh4xdtgrf3zeze978mrnhtrvjdkjwj7wxvcje,,True,3727854.172799,100.0,100.0,340.0,0.02,213580000.0,64070000.0,2658.150496575309,0.0006094088935185109,0.0444868492268513,340.0,0.02,2658.151367829592,0.0006094091225589074,0.044486865946800236,2.2904039645790797e-10,1.6719948941427282e-08,False,False
pool1ua0lx5ap5tj9f5l7tyjflp766ca5yu93djh5hqvm4e0kjgw5k7v,1PCT6,True,98377099.527403,50000.0,50000.0,340.0,0.01,213580000.0,64070000.0,70152.8138263907,0.0007025485201347582,0.05128604196983735,340.0,0.01,45695.87294727744,0.00045643055582561776,0.0333194305752701,-0.0002461179643091404,-0.01796661139456725,False,False
pool1uc47wsdvhgke7fazldhp294gm0n4ap5x6e8y9cd3trshyddry7k,,False,140382.538824,10000.0,10000.0,340.0,0.01,213580000.0,64070000.0,100.10121477974822,0.0,0.0,,,,,,,,,
pool1ucpygt4ds2ggf5lt8z5kzyvnwwr0ggrtqnl0pgawud5ls2cnnkl,NINJA,True,3536633.22799,10000.0,10000.0,340.0,0.039,213580000.0,64070000.0,2521.8351618096103,0.0005928643021008691,0.04327909405336344,340.0,0.039,2521.9176032239993,0.0005928867036885148,0.043280729369261584,2.2401587645754124e-08,1.635315898140051e-06,False,False
pool1ugnx5vy7c749eq2c6d0dm35qcyd7v66wd96at3ngumjdsqdhwhj,,True,220658.845115,30000.0,30000.0,340.0,0.04,213580000.0,64070000.0,157.34673850915513,0.0,0.0,340.0,0.04,157.360116190164,0.0,0.0,0.0,0.0,False,False
pool1uhvc06cphtxc0c9f2jjvjd065ws45aaxqtw53ldkzk7avzwtrpc,SHARP,False,156093.508801,25000.0,25000.0,340.0,0.01,213580000.0,64070000.0,111.30591453996632,0.0,0.0,,,,,,,,,
pool1ukeqarukv9gxwy9pt8jkr4qvad2yf87758g3xzemmvmtk8lrynp,CRDN1,True,18218063.230465,100000.0,100000.0,340.0,0.02,213580000.0,64070000.0,12992.223599318026,0.0006805980948950295,0.04968366092733715,340.0,0.02,12996.466801206858,0.0006808263484584545,0.04970032343746718,2.2825356342504304e-07,1.6662510130028142e-05,False,False
pool1ul0t4hjnnhz4wgaghaa7hur77l7gp0akagmjx40r0kn8ct00vl5,THNKS,False,104237.456495,10000.0,10000.0,340.0,0.019,213580000.0,64070000.0,74.32756586344173,0.0,0.0,,,,,,,,,
pool1umslg2gmre4znj8hsx9x2u4ah4gfw8guv4mjthnjge3k2j5f8cl,SPRTA,True,1053961.939479,705000.0,705000.0,340.0,0.015,213580000.0,64070000.0,751.77746946088,0.0003848343969797102,0.028092910979518843,340.0,0.015,752.3773060730223,0.00038539498559380406,0.028133833948347696,5.60588614093862e-07,4.092296882885193e-05,False,False
pool1uqehpxy4wst2k5u640wdt9tgmqdd26l0dahgxf3ln70js830xv2,IOG10,False,114776644.934275,2500000.0,2500000.0,340.0,0.05,213580000.0,64070000.0,82126.09700765963,0.0006769390427971516,0.04941655012419206,,,,,,,,,
pool1uqgn8wt3qwaextmmurmcjmk3egwsac6sunyqtrssrdeavlgpyr4,,True,617501.372022,70000.0,70000.0,340.0,0.03,213580000.0,64070000.0,440.3483665372106,0.0001576319016464086,0.01150712882018783,340.0,0.03,440.4380836249159,0.0001577728334386558,0.011517416841021873,1.409317922471836e-07,1.0288020834044404e-05,False,False
pool1uqrecfnsa6pqd2tz60r0lcj4kunhc4rrw8lldrpdvfx9qfjd6n0,AMS,True,807069.516904,10000.0,10000.0,340.0,0.001,213580000.0,64070000.0,575.4897048018329,0.00029149188535764544,0.021278907631108117,340.0,0.001,575.5083377765523,0.000291514949469664,0.02128059131128547,2.3064112018573828e-08,1.6836801773558894e-06,False,False
pool1uthdnav2zc2hxpg2hyeyy545lnxtl8lqdcdqxjm0j8t5srmyvzj,ADAST,True,45920721.447655,1000000.0,1000000.0,340.0,0.05,213580000.0,64070000.0,32789.02265572891,0.0006712998086948973,0.0490048860347275,340.0,0.05,32896.18923281864,0.000673516852439545,0.04916673022808679,2.2170437446477655e-06,0.00016184419335928688,False,False
pool1uy8ws63cmz37gaunkhuehynvr4a0yakw2yv0vfjs704326nte98,IOG16,False,121893405.203339,1200000.0,1200000.0,340.0,0.03,213580000.0,64070000.0,87062.09631402571,0.0006901147218282868,0.05037837469346494,,,,,,,,,
pool1v2rhtaxs55lspa2zm5ggeuhsave7nxtu800yng36nefs5jhzl80,CENT1,False,112950.59201,50000.0,50000.0,340.0,0.01,213580000.0,64070000.0,80.54268569503506,0.0,0.0,,,,,,,,,
pool1v3k049f5aypn325f3rvn79765cuvqrvlhmqyzj835frn6ya03qp,ASP1,True,289149.210695,10000.0,10000.0,340.0,0.0,213580000.0,64070000.0,206.1809280959415,0.0,0.0,340.0,0.0,206.1874537560455,0.0,0.0,0.0,0.0,False,False
pool1v4wgyctxyxlcf90qtgflznv5f4fcm6cy0z80mchctekt20d3cww,CPX,True,1697989.181794,305000.0,305000.0,340.0,0.01,213580000.0,64070000.0,1211.1791432051248,0.0005079345387005582,0.03707922132514074,340.0,0.01,1212.179622584494,0.0005085178607830516,0.037121803837162765,5.83322082493452e-07,4.2582512022021997e-05,False,False
pool1v4xevkf7fx08pzy7atsk59dds6p0sdyl6xmhwf4mh79x6l5p6kx,DIVY,True,194553525.052185,1000.0,1000.0,340.0,0.0,213580000.0,64070000.0,138726.77927377596,0.0007113044044648203,0.05192522152593188,340.0,0.02,45685.391097666376,0.0002284126348458263,0.01667412234374532,-0.000482891769618994,-0.035251099182186565,False,True
pool1v6mdg9xm9a80js00zx53c6nagcw5m0m970nm4my4pkrlyxq707e,,True,14924162.717073,10.0,10.0,340.0,0.02,213580000.0,64070000.0,10641.689208754327,0.0006764637732762037,0.04938185544916287,340.0,0.0,10641.68955756242,0.000690269179776327,0.05038965012367187,1.3805406500123365e-05,0.0010077946745090057,False,True
pool1vafsg5t78rnx3qr3fv7ys9h50pnvxqhd4l8tj629l5zk7tc39ch,,True,17631992.446542,10.0,10.0,340.0,0.021618,213580000.0,64070000.0,12572.509915920014,0.0006787700002052146,0.04955021001498067,340.0,0.0216,12572.510328015647,0.0006787825108941526,0.049551123295273135,1.2510688937941716e-08,9.132802924697453e-07,False,True
pool1vayu3mf4qgudxeelywy5jxjxaz56ycyr03trp4m4q7925mwv5ct,,True,2169438.304367,1000.0,1000.0,340.0,0.049,213580000.0,64070000.0,1546.922311094509,0.0005290692597897035,0.03862205596464836,340.0,0.03,1546.9273792819188,0.0005396417844871853,0.03939385026756453,1.0572524697481786e-05,0.0007717943029161704,False,True
pool1vc8jhqtwjrjwsfk6a0enx47hd2ufg98c34ta6lvl0zv0uhpech9,MDS,True,2840221.745706,50000.0,50000.0,340.0,0.02,213580000.0,64070000.0,2025.36270221635,0.0005815234147365728,0.04245120927576981,340.0,0.0,2025.689104928704,0.0005935061610866192,0.043325949759323204,1.1982746350046444e-05,0.0008747404835533904,False,True
pool1vc8jp7uagxgh8trzx7r260ndcydz89ges8sws05cyv7jj8q8gqs,OCEA3,True,160024071.44201,25000.0,25000.0,340.0,0.009,213580000.0,64070000.0,114109.32992297431,0.0007045527897002956,0.05143235364812158,340.0,0.0147,45690.52506482282,0.00027923219265523185,0.020383950063831924,-0.00042532059704506375,-0.031048403584289654,False,True
pool1vemm9tq77upd9m6wtu7edw8wtju3ymnuq9wz43cfn35qk26ddqq,CNT,False,535846.041192,65000.0,65000.0,340.0,0.001,213580000.0,64070000.0,382.11621593201085,7.851900822572874e-05,0.005731887600478198,,,,,,,,,
pool1vh4y864hcq2r66ak37w4dsnkhnsfxaaacs0p5s4vj5676m6txwm,HOPE,True,54004979.614773,50000.0,50000.0,340.0,0.02,213580000.0,64070000.0,38511.00700985222,0.0006926692156258564,0.05056485274068752,340.0,0.02,38517.31860441525,0.0006927837488173489,0.050573213663666475,1.145331914925371e-07,8.360922978955208e-06,False,False
pool1vkc0dvuf8rxrch87umfayacgglrh8f88ef0f64xrdue5u2xjwfm,IFS1,True,30334576.65384,0.0,0.0,340.0,0.1,213580000.0,64070000.0,21630.100034069146,0.0006316583959392973,0.0461110629035687,340.0,0.1,21630.100034069146,0.0006316583959392973,0.0461110629035687,0.0,0.0,False,False
pool1vnsfv2qpt5gxte9prupjey8kw7ap7t6c8lc02ks4s3gtqplhgd3,1PCT4,True,107347687.147217,50000.0,50000.0,340.0,0.01,213580000.0,64070000.0,76549.74958370604,0.0007028344447179359,0.051306914464409326,340.0,0.01,45695.87294727744,0.0004182886041710938,0.030535068104489846,-0.0002845458405468421,-0.020771846359919476,False,False
pool1vq0zje42hmm83pczyf5w467m76x779glymsk2c7zcm2wgnct4pc,APPLE,False,26999.368732,0.0,0.0,340.0,0.01,213580000.0,64070000.0,19.25192671037165,0.0,0.0,,,,,,,,,
pool1vr8yc6ds47hzfgqxu9tzxdwze6x82fetqdps7vvmcdav6rlzd3x,UNO,False,549406.173039,200.0,200.0,340.0,0.0,213580000.0,64070000.0,391.7547277814303,9.420121272965101e-05,0.006876688529264523,,,,,,,,,
pool1vsuq3gtdvvsyma3gvz58chk8u4gu5yd03w8ptfks3ttxwpfvf0e,KING1,True,12251695.899462,100000.0,100000.0,340.0,0.03,213580000.0,64070000.0,8737.301590497127,0.0006648371465977943,0.04853311170163898,340.0,0.03,8740.1475007511,0.0006650624650328099,0.04854955994739512,2.2531843501562548e-07,1.644824575614066e-05,False,False
pool1vvh72z8dktfy2x965w0yp5psmnyv3845pmm37nerhl6jk6m2njw,,False,1500692.58146,50000.0,50000.0,340.0,0.02,213580000.0,64070000.0,1070.1430029175851,0.00047680661029395895,0.034806882551459,,,,,,,,,
pool1vx9tzlkgafernd9vpjpxkenutx2gncj4yn88fpq69823qlwcqrt,CRDNS,True,153711397.023458,200000.0,200000.0,340.0,0.02,213580000.0,64070000.0,109634.84374055584,0.000696818511443226,0.050867751335355496,340.0,0.02,45727.96024200518,0.0002893747757062993,0.02112435862655985,-0.0004074437357369267,-0.029743392708795648,False,False
pool1vxvdypctdecvc2j7xu9y8h2fdxvkpjy2pp8luwg2h6dx5jlv0nk,COOL,True,178751242.706057,50000.0,50000.0,340.0,0.02,213580000.0,64070000.0,127467.7024661802,0.0006969750057722816,0.05087917542137656,340.0,0.02,45695.87294727744,0.000248662637615474,0.018152372545929604,-0.0004483123681568076,-0.03272680287544695,False,False
pool1vxz0deezj5c2950e7arpzfqxzq8zd9kawsullrzjw5rsq0yhxgr,ZZZ,True,177376918.659981,50000.0,50000.0,340.0,0.05,213580000.0,64070000.0,126487.67049892494,0.0006756250355419919,0.04932062759456541,340.0,0.05,45695.87294727744,0.00024291818589153847,0.01773302757008231,-0.00043270684965045344,-0.0315876000244831,False,False
pool1w6l6rvhxtym5psec3mvgrjlg28d6hrv8g9jjexadzmxfgndfg2f,SIPO,True,127832237.951608,50000.0,50000.0,340.0,0.02,213580000.0,64070000.0,91157.30497101613,0.0006962325020491927,0.050824972649591064,340.0,0.025,45695.87294727744,0.0003459375884535176,0.025253443957106787,-0.00035029491359567504,-0.025571528692484278,False,True
pool1w8ham64lthvzzxzn5hknq4yrj8xt2nark409s2xmntlwvt4ag3r,1PCT7,True,92163943.092532,50000.0,50000.0,340.0,0.01,213580000.0,64070000.0,65722.20523657746,0.0007023178589399633,0.05126920370261732,340.0,0.01,45695.87294727744,0.0004872004464123572,0.035565632588102074,-0.00021511741252760606,-0.015703571114515244,False,False
pool1wc2kuqz7w36j4xc7x8aqekgjhmy4ggknddqqfuw4mr3pu9f8wxn,,False,51903.388975,30.0,30.0,340.0,0.0,213580000.0,64070000.0,37.009764656635454,0.0,0.0,,,,,,,,,
pool1we0xjccr3vc4ypnmhzsgwp7sxpsytu8dtv0syeqmtrllvcex68q,JUNO,True,4234053.57986,1000.0,1000.0,340.0,0.025,213580000.0,64070000.0,3019.1003532750647,0.0006169319294560176,0.04503603085028929,340.0,0.0145,3019.1102469892267,0.0006235781145913567,0.04552120236516904,6.646185135339043e-06,0.0004851715148797501,False,True
pool1welc4vthqtkvcf2e4adza90np6p7v7c4dmkmf567w3xr7ffqd72,IOG12,False,132374730.933437,1700000.0,1700000.0,340.0,0.05,213580000.0,64070000.0,94614.22326091464,0.0006765680388268612,0.04938946683436087,,,,,,,,,
pool1whk6lawmfz4zq5fw8zghglp23452gnm9zgs59nqafhpexwcvute,WA1,True,50386949.761754,50000.0,50000.0,340.0,0.048935,213580000.0,64070000.0,35930.985999111406,0.0006717878589455338,0.049040513703023966,340.0,0.048935,35936.874360892856,0.0006718990030974254,0.04904862722611206,1.1114415189160832e-07,8.113523088087407e-06,False,False
pool1whmm0hkxunyhxsr6dfjpx2tpvd05qhev820lx9vcmvqa5wjc6nh,1COMM,True,434981.737508,402000.0,402000.0,340.0,0.01,213580000.0,64070000.0,310.1777693962651,0.0,0.0,340.0,0.0,310.2120911112033,0.0,0.0,0.0,0.0,False,True
pool1wjsshqjpl3n6zlscnfvyy9gxklkav2dvfyprfye6l0kewyvv6yj,SAFE,True,1671807.797484,180000.0,180000.0,340.0,0.028,213580000.0,64070000.0,1192.3534126600737,0.0004955638550989117,0.036176161422220555,340.0,0.028,1192.9835802197013,0.0004959302386442449,0.03620290742102988,3.663835453332053e-07,2.6745998809323988e-05,False,False
pool1wll3vr4v605eap9hpjfpda5cjegqfkjt8hrz3kkxpnffqejhav3,,True,18408081.10816,6500.0,6500.0,340.0,0.01,213580000.0,64070000.0,13126.020332583274,0.0006876414795698769,0.05019782800860101,340.0,0.02,13126.299923185758,0.0006807104907402568,0.04969186582403874,-6.930988829620117e-06,-0.0005059621845622686,False,True
pool1wm5quxelvgk8q50jyfznf9asvelp9zf0tk2wu4jazlw9yj4uctw,EU01,True,771907.403484,250000.0,250000.0,340.0,0.025,213580000.0,64070000.0,550.5402492155459,0.0002659344139706936,0.019413212219860632,340.0,0.01,550.8474881780527,0.0002704197580618216,0.019740642338512974,4.485344091127968e-06,0.00032743011865234167,False,True
pool1wm89xjqp96t3mlun3pa5suxa3t4s5lluq239en0nxl7pcm5tprc,SHOP,True,3465435.978702,1.0,1.0,345.0,0.0174,213580000.0,64070000.0,2471.0325725539783,0.000602821583959546,0.04400597562904686,340.0,0.0,2471.0325806534097,0.0006149392439365164,0.044890564807365696,1.2117659976970392e-05,0.0008845891783188386,True,True
pool1wpmjtfqcwvtcs9znpuulk99yk2zz6pfh0c4k9f2xlcspgqjndk2,MS4,True,170453519.849301,100000.0,100000.0,340.0,0.025,213580000.0,64070000.0,121559.12183980769,0.0006933775488960497,0.05061656106941163,340.0,0.025,45706.56871218669,0.0002594983344051103,0.018943378411573054,-0.0004338792144909394,-0.031673182657838576,False,False
pool1wrjg8fts9cus0eq8jyf5wqsfe64e8tvrquxgff3tyze4qal4hwq,TPOOL,True,100453.581941,1000.0,1000.0,340.0,0.01,213580000.0,64070000.0,71.62862605903949,0.0,0.0,340.0,0.018,71.62885850719768,0.0,0.0,0.0,0.0,False,True
pool1wvyk75cr7d3xqgdlzlcnjqmk8m4f5ppkgtxnqh4336v5sfqw4u5,,False,353448.170402,0.0,0.0,340.0,0.0,213580000.0,64070000.0,252.02656921490924,0.0,0.0,,,,,,,,,
pool1ww8szkqd5mxajl5yf7csff30su5k23g9dk24npwkvp8rvdsn3l9,,False,1078120.836535,300.0,300.0,340.0,0.01,213580000.0,64070000.0,768.755457943673,0.0003937108800609443,0.028740894244448933,,,,,,,,,
pool1wwzctexlp70mj00vv65mlhwhwresn58s9x7jl4tswvkg77eu7n7,UKADA,True,9435580.67558,1000.0,1000.0,340.0,0.01,213580000.0,64070000.0,6728.0596286527325,0.0006702479953071315,0.048928103657420605,340.0,0.01,6728.0816796479385,0.0006702503089416607,0.04892827255274123,2.3136345291864535e-09,1.688953206306111e-07,False,False
pool1wxn9nsl8rvxa6r8e5eaak0ml6etfxnz2n9vqrmsw5nzgyexgkrn,,True,57563591.391482,250000.0,250000.0,340.0,0.01,213580000.0,64070000.0,41060.143820250385,0.0007003201399976098,0.05112337021982551,340.0,0.01,41093.80283226203,0.0007008990201731865,0.05116562847264262,5.788801755767306e-07,4.2258252817101334e-05,False,False
pool1wydmv34dnmz4ek9s3p9jwaslwuutfyt8wlxt0mkunjkcufznl97,JUP,False,163526.896615,100000.0,100000.0,345.0,0.02,213580000.0,64070000.0,116.60938650007134,0.0,0.0,,,,,,,,,
pool1wym4qkxsvqejxqn4l55y9z708mkxc36qge28qevrvp056fe7dxg,ACORN,False,549006.697131,5000.0,5000.0,340.0,0.004,213580000.0,64070000.0,391.47249544241106,9.33806558800658e-05,0.006816787879244803,,,,,,,,,
pool1wz27a9pvd2jat98s375lxaaj7qxy405km4vzp83wn5vtwp59kvh,BRADA,True,10794835.133343,0.0,0.0,340.0,0.0,213580000.0,64070000.0,7697.267921355207,0.0006815544499267188,0.049753474844650473,340.0,0.005,7697.267921355207,0.0006781466776770853,0.04950470747042723,-3.407772249633574e-06,-0.0002487673742232509,False,True
pool1x0qm7xsyh2za3ltprxsgael544je4hg8tc3q3v5gv232z8jt4wp,PPCX1,True,211629046.193261,1000.0,1000.0,340.0,0.0,213580000.0,64070000.0,150902.51369804022,0.0007114454107615529,0.051935514985593366,340.0,0.0,45685.391097666376,0.00021426827703157852,0.015641584223305232,-0.0004971771337299744,-0.03629393076228813,False,False
pool1x2h98z6e5xvrg5zw3v3dlu8hqdtj6lhp6r3w5ge7rvcqcx3pafq,KTN4,True,72175307.865732,50000.0,50000.0,340.0,0.05,213580000.0,64070000.0,51468.28778530343,0.0006729707822846657,0.049126867106780596,340.0,0.05,45695.87294727744,0.0005969919709947131,0.04358041388261406,-7.597881128995263e-05,-0.005546453224166542,False,False
pool1x3ekgffp0azuc8mwtx5gh5jnu59epar75grwclex4l0u2w8qlzx,AGIO,True,500228.333148,100000.0,100000.0,340.0,0.03,213580000.0,64070000.0,356.72841927592214,3.243831990788815e-05,0.002367997353275835,340.0,0.0125,356.8221980541143,3.320867587386941e-05,0.0024242333387924668,7.703559659812611e-07,5.623598551663206e-05,False,True
pool1x3xwc9azttgda9e9pvd0fn4xlt2eqlsvuctv37gggz4q6e6fjkk,LIFE,False,153083.00928,25000.0,25000.0,340.0,0.042,213580000.0,64070000.0,109.15919947476596,0.0,0.0,,,,,,,,,
pool1x8ujs98g90dchw8kvu7u8jzntdh656u376fv7rv62e84jmznsr9,IOG11,False,125970435.158867,2000000.0,2000000.0,340.0,0.05,213580000.0,64070000.0,90074.03703132876,0.0006767249400405187,0.04940092062295787,,,,,,,,,
pool1xfds46yce4s70xyh85xhe3y9prhtgxyajt34dlhpw4akq345ad5,OMNRA,False,1025961.116201,0.0,0.0,340.0,0.025,213580000.0,64070000.0,731.5625936610415,0.0003721130584687,0.027164253268215102,,,,,,,,,
pool1xgwvxpas3r8nvg9z0f5cdcyr56whynkl9dpa0ukpq4ztjfspk9r,,True,78322.805925,10000.0,10000.0,340.0,0.0,213580000.0,64070000.0,55.84883895114862,0.0,0.0,340.0,0.009,55.85043616650703,0.0,0.0,0.0,0.0,False,True
pool1xh0kehvrn64azddplff6gfycc86cjcrjs6zlznfcdk3f6wj86ed,,False,104697.526589,100000.0,100000.0,340.0,0.0,213580000.0,64070000.0,74.65515079822497,0.0,0.0,,,,,,,,,
pool1xlphlhnjvfeh40vcqf9fdewztsj6kyxq6604kaccpv00umjfu0d,FISH,True,11715022.661668,500000.0,500000.0,340.0,0.01,213580000.0,64070000.0,8359.03860179711,0.0006776639230716431,0.04946946638422995,340.0,0.01,8372.283391722094,0.0006787831989283291,0.04955117352176802,1.1192758566859647e-06,8.170713753807542e-05,False,False
pool1xmftxwzqqkug8uzl2n2yvxhm6k0tx4rjtel92wjgvrlfk0uqy8c,,True,24461606.212176,110800.0,110800.0,340.0,0.1,213580000.0,64070000.0,17445.076336483962,0.0006293359712075151,0.0459415258981486,340.0,0.1,17451.39651831857,0.0006295685055554973,0.0459585009055513,2.325343479821695e-07,1.6975007402698374e-05,False,False
pool1xppj5zu9kmuqk05u6dtd3dmtj7fl25cvjyzsc95gmfyjywaslnp,MS3,True,102326809.062388,100000.0,100000.0,340.0,0.025,213580000.0,64070000.0,72974.47643764773,0.0006920827022323042,0.05052203726295821,340.0,0.025,45706.56871218669,0.0004322660395616735,0.031555420888002166,-0.0002598166626706307,-0.018966616374956044,False,False
pool1xrrrr8gldqz8pjxj6j8c638a9py04xuv66kfgn2dlsx9g52te0t,JP3,True,58169536.725817,50000.0,50000.0,340.0,0.05,213580000.0,64070000.0,41480.757200818145,0.0006718932544537692,0.049048207575125145,340.0,0.05,41487.55596026422,0.000672004288885833,0.04905631308866581,1.1103443206387544e-07,8.105513540662907e-06,False,False
pool1xru6f3fflzwkptgm68pncrsncg9ngllv0jk8jnz40m7wusfhazk,,True,18175411.416395,0.0,0.0,340.0,0.01,213580000.0,64070000.0,12959.995175908276,0.000687400958246219,0.05018026995197399,340.0,0.01,12959.995175908276,0.000687400958246219,0.05018026995197399,0.0,0.0,False,False
pool1xt0z35f0ms6xt5r8swhtd2xcymqxvk42m8fk5q8fnw8hjhr6yax,,False,62821.899998,50.0,50.0,340.0,0.01,213580000.0,64070000.0,44.79522137891626,0.0,0.0,,,,,,,,,
pool1xt7mjrtnsew3v33lu8sf93upf20sxhmcrfnpm82ra46yxk7uy45,ETO3,True,162000007.657118,0.0,0.0,340.0,1.0,213580000.0,64070000.0,115514.26647979459,0.0,0.0,340.0,1.0,45685.17718236819,0.0,0.0,0.0,0.0,False,False
pool1xt8ap3qu32mxan6kahesqx5kek4lw52u5hqp2zpsdgskca56ahe,,True,694813.064403,10000.0,10000.0,340.0,0.03,213580000.0,64070000.0,495.44400538923304,0.00021700899558805848,0.015841656677928268,340.0,0.03,495.46001416835367,0.0002170313447874944,0.01584328816948709,2.234919943590861e-08,1.6314915588213285e-06,False,False
pool1xwqye6mlftwjg706acz5fjqz7gmf4qdye99zsjl03a4ru68ghee,ANET,True,1858597.681271,100000.0,100000.0,340.0,0.05,213580000.0,64070000.0,1325.4511469904796,0.0005037015805382641,0.03677021537929328,340.0,0.015,1325.8630486769478,0.0005224773025019191,0.03814084308264009,1.877572196365494e-05,0.0013706277033468106,False,True
pool1xxhs2zw5xa4g54d5p62j46nlqzwp8jklqvuv2agjlapwjx9qkg9,SWIM,True,154777174.842077,0.0,0.0,340.0,0.0,213580000.0,64070000.0,110364.01836189585,0.0007108542876180297,0.051892362996116166,340.0,0.0,45685.17718236819,0.0002929706995145441,0.021386861064561717,-0.0004178835881034856,-0.03050550193155445,False,False
pool1xxvcz8dem4xufzn74v2y7fs709mfw3tpq963thzg5en5jrkv67a,DUBAI,True,10261249.733995,100000.0,100000.0,340.0,0.03,213580000.0,64070000.0,7317.812523370757,0.0006596153804975635,0.04815192277632213,340.0,0.03,7320.192281672906,0.0006598403399920621,0.04816834481942053,2.2495949449866798e-07,1.6422043098402762e-05,False,False
pool1xytvsd9qnvqxpthh9p8k85e823trvn3npxeur8kr9zhkqz5uls9,ADV,True,8587442.327243,250000.0,250000.0,340.0,0.0099,213580000.0,64070000.0,6125.374436628694,0.00066703204649586,0.04869333939419778,340.0,0.0,6130.27146636215,0.0006742719480040011,0.04922185220429208,7.239901508141063e-06,0.0005285128100942976,False,True
pool1y53awxsm6cmksp8qht8qfq5f5c69t6mrgrdcresk5y0ecv2yj93,RAMEN,True,1115752.369759,175369.0,175369.0,340.0,0.02,213580000.0,64070000.0,795.7536701616829,0.000400302619885918,0.029222091251672012,340.0,0.02,796.1407354198758,0.0004006425913377474,0.02924690916765556,3.399714518294316e-07,2.4817915983548508e-05,False,False
pool1y86v7u4544ts98g6d34nwz75d9llejardpmqz40rnufwkmmpjef,,True,19337568.908558,1000.0,1000.0,345.0,0.1,213580000.0,64070000.0,13788.692097837367,0.0006256899688512022,0.04567536772613776,345.0,0.2,13788.737292277108,0.0005561707309061988,0.040600463356152514,-6.951923794500342e-05,-0.00507490436998525,False,True
pool1yam2wu7nw384zjtset09u4ef75uy840mjru39nuhm0xaqj8lw78,NECTR,True,981166.998183,10000.0,10000.0,340.0,0.04,213580000.0,64070000.0,699.6318306615954,0.00035187338962122195,0.025686757442349203,340.0,0.039,699.6545334767018,0.0003522621605814002,0.025715137722442216,3.887709601782768e-07,2.8380280093014208e-05,False,True
pool1ycn0kca2jx6tw3dy2u4ya8qjjplnp53jt68upg3c2ls5zqst96x,,False,280458.345759,20000.0,20000.0,340.0,0.0,213580000.0,64070000.0,199.98632007582856,0.0,0.0,,,,,,,,,
pool1ydmetputlff49n9ry5qjupemx3xwxdapm46je574afxdcy0907y,MS2,True,102044060.727332,100000.0,100000.0,340.0,0.085,213580000.0,64070000.0,72772.83412381704,0.0006494845731432255,0.04741237383945546,340.0,0.085,45706.56871218669,0.0004067890877311242,0.029695603404372065,-0.00024269548541210127,-0.017716770435083393,False,False
pool1yechqtexl9r7esg5scwynqalmjrpd5l69wkwrrw54y0x26eljpq,ICRYP,True,321388.934803,100.0,100.0,340.0,0.03,213580000.0,64070000.0,229.1667315851168,0.0,0.0,340.0,0.03,229.16680667707496,0.0,0.0,0.0,0.0,False,False
pool1yet04d4ykpp7me8uc2jx2glxrx88kt9uhmv6jeh7xkmtu5zucna,AUTO,True,3599674.497152,100.0,100.0,340.0,0.0,213580000.0,64070000.0,2566.7518386129473,0.0006185981094609289,0.04515766199064781,340.0,0.0,2566.7526799089533,0.0006185983431753958,0.045157679051803894,2.337144669418631e-10,1.7061156086756006e-08,False,False
pool1yla5xge99yeddrcts0ya9n66k3x2vrcachnnmzu2vqqjzm6fw3k,,True,2094597.329553,7300.0,7300.0,340.0,0.01,213580000.0,64070000.0,1493.569969477372,0.000545228552366347,0.039801684322743336,340.0,0.0,1493.6055873932496,0.0005507529161413742,0.040204962878320316,5.5243637750271605e-06,0.0004032785555769827,False,True
pool1yp3f9645g70ncfrjfw4gw77gpnf80q7xpzwlce987g48k9lxsh9,IDIV,True,1086663.578609,100000.0,100000.0,340.0,0.01,213580000.0,64070000.0,774.9454170283592,0.00039625507961651426,0.028926620812005543,340.0,0.01,775.1765358356525,0.0003964656393736686,0.02894199167427781,2.1055975715436473e-07,1.5370862272268626e-05,False,False
pool1ysm66fawxhayjqfhgr54fzspp3yktdmepxvqm86xshhksj0qezh,,True,540781.855036,10000.0,10000.0,340.0,0.012,213580000.0,64070000.0,385.6103556483392,8.332940715542175e-05,0.006083046722345788,340.0,0.012,385.6227636721118,8.335207642099189e-05,0.006084701578732408,2.266926557013577e-08,1.6548563866199112e-06,False,False
pool1yufvmm7p27tewl4uumqkt3zzlnf39jhp6w2lt673kpyjck0h9q3,AGRO,False,457394.26527,25000.0,25000.0,340.0,0.0175,213580000.0,64070000.0,326.1562636452922,0.0,0.0,,,,,,,,,
pool1ywt7jqfsmxg0yplku4mtdwtm476rp72z6fns9mhevf7u72pkupj,UNIQ,True,1118199.164913,1000000.0,1000000.0,340.0,0.03,213580000.0,64070000.0,797.456654424553,0.00039682819368438754,0.02896845813896029,340.0,0.03,797.7859372400592,0.0003971138354028428,0.028989309984407526,2.8564171845527194e-07,2.0851845447234852e-05,False,False
pool1yydna77k2j8yq4fw08d202z664g3fvavfvqjg5g4lxmwzsa9k9u,,False,315757.752835,100000.0,100000.0,340.0,0.02,213580000.0,64070000.0,225.17300396062058,0.0,0.0,,,,,,,,,
pool1yyv7vx5zhhsd60jp4tl72vpznwvpvjp35m4z7jr42ugkxmndyv5,AZTEC,True,1479555.215593,5000.0,5000.0,340.0,0.0,213580000.0,64070000.0,1055.0057016063229,0.0004832571938315606,0.03527777514970393,340.0,0.02,1055.022935048445,0.00047360346471870564,0.03457305292446551,-9.653729112854982e-06,-0.0007047222252384137,False,True
pool1yz3fnqnsqhqpkc2tjqn4dkws8nnr8a5kcs50g780nh0wk8tgnp2,ADAES,True,1039406.508519,100.0,100.0,340.0,0.02,213580000.0,64070000.0,741.1499481112971,0.0003782225201853111,0.02761024397352771,340.0,0.001,741.1501910190117,0.0003855556392455158,0.02814556166492265,7.333119060204667e-06,0.0005353176913949406,False,True
pool1yzvc2la3nugzjtq2rr389hppdh90elc62wrlhm9x5teggg0eymw,,False,104758.921991,100.0,100.0,340.0,0.018,213580000.0,64070000.0,74.69846393312694,0.0,0.0,,,,,,,,,
pool1z033qtxzsn7c9az4fzz8z0ewnynzcuq2dy54v6tfyqz5vfjkmv0,TILIA,False,1611.834017,100.0,100.0,340.0,0.02,213580000.0,64070000.0,1.1493199993248815,0.0,0.0,,,,,,,,,
pool1z5uqdk7dzdxaae5633fqfcu2eqzy3a3rgtuvy087fdld7yws0xt,OCTAS,True,27445345.487701,50000.0,50000.0,340.0,0.009,213580000.0,64070000.0,19571.303118726064,0.0006944063210717473,0.05069166143823755,340.0,0.009,19574.507799226467,0.0006945220360798648,0.050700108633830135,1.1571500811756799e-07,8.447195592582463e-06,False,False
pool1z7n2ruhmxmv77f6cqhd3wsy6774h2wuay77agxuf2y9mj8q55vw,1PCT2,True,154862556.080569,50000.0,50000.0,340.0,0.01,213580000.0,64070000.0,110432.65413418997,0.0007037965170621611,0.05137714574553776,340.0,0.01,45695.87294727744,0.00028994945811461185,0.021166310442366665,-0.00041384705894754927,-0.030210835303171098,False,False
pool1zecj6wqrzkcjmldvrr992pt3c64sgrhkhexxst32sdlsjwkpmfh,,True,7239639.096322,50000.0,50000.0,340.0,0.02,213580000.0,64070000.0,5162.591984649074,0.0006528143298409921,0.04765544607839243,340.0,0.01,5163.433025912871,0.0006595907105479494,0.048150121870000305,6.776380706957283e-06,0.0004946757916078817,False,True
pool1zkjspf9w0gm4x37747re5ew4ffypm6g8xqzhxjeush7lx9tcptt,,False,546356.914413,50.0,50.0,340.0,0.005,213580000.0,64070000.0,389.5803682318082,9.02934786569901e-05,0.006591423941960277,,,,,,,,,
pool1zrsq44yvyy0pc360lccc2pc9cxyn4pht5hqhhazs2xdw58r057q,KING,False,1007.469661,1000.0,1000.0,340.0,0.01,213580000.0,64070000.0,0.7183772506365009,0.0,0.0,,,,,,,,,
pool1ztjyjfsh432eqetadf82uwuxklh28xc85zcphpwq6mmezavzad2,,False,326277.374081,25000.0,25000.0,340.0,0.03,213580000.0,64070000.0,232.65995060679487,0.0,0.0,,,,,,,,,
pool1zz7x8ergn02chznayj9fjds2gk5q6prmpdr49faspd65kzqsrjs,AUTO,True,2140316.471959,100.0,100.0,340.0,0.0,213580000.0,64070000.0,1526.1550020553836,0.000554196081558777,0.04045631395379072,340.0,0.0,1526.1555022688315,0.0005541963152688168,0.04045633101462363,2.337100398191322e-10,1.706083290679665e-08,False,False
