pool_id,pool_ticker,declared_fixed_cost_ada,margin,declared_pledge_ada,active_pledge_ada,epoch_stake_ada,delegators,blocks_minted,leader_reward_ada,member_reward_ada,f_ada,opex_epoch_ada,coverage_ratio,category,viable_now,operator_reward_c75_ada,viable_at_declared_c75
pool100wj94uzf54vup2hdzk0afng4dhjaqggt7j434mtgm8v2gfvfgp,,340.0,0.0,4000.0,0.0,4419.361614,2.0,0,0.0,0.0,0.0,741.1111111111112,0.0,no_rewards,False,0.0,False
pool102s2nqtea2hf5q0s4amj0evysmfnhrn4apyyhd4azcmsclzm96m,YULI,340.0,0.005,1.0,1497.271996,6712.196804,5.0,0,0.0,0.0,0.0,741.1111111111112,0.0,no_rewards,False,0.0,False
pool1030as3pp5684ghgf4kzcpv4p2jnmkmme7j363t95690zwxp7wa0,888,170.0,0.0,50000.0,53374.407057,1265471.728781,135.0,3,200.113477,683.857007,883.9704839999999,741.1111111111112,0.2700181848575712,losing,False,109.12033546708071,False
pool1030vz0wxheg0dvarr8hmeavelpszmp52qucs68c7wc9uga6n6e4,ROMER,340.0,0.01,50000.0,93160.970503,1763440.536517,1427.0,0,0.0,0.0,0.0,741.1111111111112,0.0,no_rewards,False,0.0,False
pool103455uc7a3477q8pdmzvny884qtlv9vhm2csxvqx2cadwuk36sq,EDEN,340.0,0.01,1000.0,1094.142715,58565647.960511,2312.0,63,522.537017,18037.46472,18560.001737,741.1111111111112,0.7050724367316341,losing,False,260.1919068288331,False
pool1043kkcc2uwmdf76wg6jy80tkgwztzprep2rakyypmwc4637c2xe,BNP,345.0,0.06,2.0,17.639298,24668.670882,5.0,0,0.0,0.0,0.0,741.1111111111112,0.0,no_rewards,False,0.0,False
pool104avq7309gjm0fxms69yqusxy8zf888k4mamngg5vnc6vculpzq,NUFIB,340.0,0.03,1000.0,1004.645511,24523535.926953,5513.0,30,595.280592,8242.809121,8838.089713,741.1111111111112,0.8032271856071962,losing,False,338.24091543101156,False
pool104gtn3hvp9lz5l6wevhjj98e45s7rfaa4zzvk9pex7nn786qncr,PILOT,340.0,0.0,325000.0,325050.0,15217951.224088,1898.0,14,420.942914,3708.581869,4129.524783,741.1111111111112,0.5679889394302847,losing,False,161.60320047734496,False
pool104hlwrk98e6h07e05ywee3thn379ddmmfveje8d6cuvp54zcah6,ADASC,340.0,0.0,100000.0,105494.080424,1195139.19008,16.0,0,0.0,0.0,0.0,741.1111111111112,0.0,no_rewards,False,0.0,False
pool104v7kzpq86r0wnfsz8r7jeld2raap92qq84trjcqk62zyh9akqt,SEAL,170.0,0.0,60000.0,100377.502775,1898137.942412,175.0,2,192.175401,397.161217,589.336618,741.1111111111112,0.2593071377811094,losing,False,102.19919566803172,False
pool104z3yr7faqhck6wcsczhmqrrpdeparcr8juw8unxy8tm6xp447d,,340.0,0.05,0.0,0.0,70023432.63889,9.0,64,1265.726658,17588.806511,18854.533169,741.1111111111112,1.7078770497751123,edge,True,1013.97665845,True
pool1057u7q40d3azwak890qe9rt3yh554udtqjgj8nkuk0d5unenspe,ETO16,340.0,1.0,0.0,0.0,0.0,,0,0.0,0.0,0.0,741.1111111111112,0.0,no_rewards,False,0.0,False
pool105y08fgl97g255q7v9nk0x7aqyxaqcluve2jxhgwemkaxkeyd82,,345.0,0.03,2000.0,0.0,0.0,,0,0.0,0.0,0.0,741.1111111111112,0.0,no_rewards,False,0.0,False
pool106jtt06k5wjpqc5r5fkz06pgwhwaljzs624mnfua8fkhq0fl9am,,345.0,0.06,0.0,0.0,106.38583,6.0,0,0.0,0.0,0.0,741.1111111111112,0.0,no_rewards,False,0.0,False
pool106l8sgu50wpw3nmqkmhlgzl5cctw428ruem2rpwjklg46nprex0,,345.0,0.025,100.0,502.365742,502.365742,1.0,0,0.0,0.0,0.0,741.1111111111112,0.0,no_rewards,False,0.0,False
pool106p2jjwuwagq2as7cdzx4y6cyc2pdj7a3h3vv5cvkvnskegff3w,VOLT,340.0,0.0,1000.0,2683.517769,4186901.539819,1583.0,3,340.348544,543.460327,883.808871,741.1111111111112,0.45924091394302846,losing,False,75.51839121517702,False
pool106sjgd9m4shsvtc9ruk7femgndknefmct6eedskww37pzv8hz9n,,170.0,0.03,100.0,1912.562755,61207970.386212,2.0,57,669.173568,16123.151536,16792.325104,741.1111111111112,0.9029328503748125,losing,False,577.0264476756392,False
pool1072lq3k32sfxs96s9qhrx3s9la2t68vrqwfsp7h9qnwk56yr2mv,lSPF0,340.0,1.0,400.0,159626.707727,7234309.432854,25.0,7,2062.217756,0.0,2062.217756,741.1111111111112,2.782602669265367,comfortable,True,2062.217756,True
pool107attaqquuq5ne2ch0hx0qcnlkzzr2683s4gml4ywnqvgj6pak9,CCJ5,170.0,0.048,10000.0,10005.433537,227181.904531,7.0,1,181.206135,113.406839,294.612974,741.1111111111112,0.24450602923538226,losing,False,94.7492490302761,False
pool107qfdeg9wlpt9yntg7650kzval6ahl696jr2ca20763ukzr0tzw,SRP,340.0,0.01,50000.0,92039.00197,348468.956971,6.0,0,0.0,0.0,0.0,741.1111111111112,0.0,no_rewards,False,0.0,False
pool107rsdzswa5s3y8wk5z62tgh5lhm790dsyqjp4lq66fht7qnaq9d,WORLD,500.0,0.01,1080.0,10161.909195,25176352.338045,41.0,28,580.585329,7668.307377,8248.892706,741.1111111111112,0.7833984949025486,losing,False,160.0051560509766,False
pool1085up093vl7qgwnqsuset7kdt3yflscdp6h8eeakuhyzwlhmq68,BPE,170.0,0.0,1.0,6053.141439,418552.853744,52.0,0,0.0,0.0,0.0,741.1111111111112,0.0,no_rewards,False,0.0,False
pool108zdflss3ayqlm5c7vr6mtqj2uwl99vk28ur8dv4zswdzt6yauc,AZUR,340.0,0.02,500000.0,1348828.804205,45134470.887192,6336.0,35,832.422496,9498.499385,10330.921880999998,741.1111111111112,1.1232087652173912,edge,True,580.4833898029403,False
pool1095d0cr8yp0selmnrst5hnuf8jcl6vlkxlr2j6kq4x6qs4yxuwt,,340.0,0.03,0.0,62076.302338,59212692.87702,2.0,63,905.125973,17654.805121,18559.931094,741.1111111111112,1.2213094088455771,edge,True,648.3454546361638,False
pool109k0t72eh8txza4ptnagnfyqkjnmfe60afmtm4dvj9lz7dy78lh,,340.0,0.02,2000.0,3562.115547,386060.336469,659.0,0,0.0,0.0,0.0,741.1111111111112,0.0,no_rewards,False,0.0,False
pool10c9l3k0z50ytt4krkfet7w3gwpv9d9nq47kk9ecy2c5f2uyvkgk,BIRTH,170.0,1.0,100.0,106.922142,273551.78665,270.0,0,0.0,0.0,0.0,741.1111111111112,0.0,no_rewards,False,0.0,False
pool10cpz0zepq23hm6lrk8vgnsdwl772lasq9caaemvw9kh9ktxqygk,ESQ,340.0,0.03,2000.0,2142.939953,2211.906006,2.0,0,0.0,0.0,0.0,741.1111111111112,0.0,no_rewards,False,0.0,False
pool10d6mmw3mn9ku3r7uqqye672dz3sv76lh5kvh5rdpr9l5ug5yknr,KILN4,340.0,0.05,100.0,4880.056634,79303143.077525,38.0,96,1707.390586,25948.483453,27655.874039000002,741.1111111111112,2.3038253784107945,comfortable,True,1455.6560770841645,True
pool10dzswwk8ycrxfv04nv44fjpqdx4j5euj406df0xsq7xyy0r0ta5,ADAFS,345.0,0.04,10000.0,2.641293,100.79721,2.0,0,0.0,0.0,0.0,741.1111111111112,0.0,no_rewards,False,0.0,False
pool10efuydxjnasr0309lqklmj9xahupdnzqd59r5dqjeh4twz06tr0,F4ADA,170.0,0.0,300000.0,300050.979323,12734123.376894,474.0,26,346.682193,7321.686208,7668.368401,741.1111111111112,0.4677870670164917,losing,False,253.9206494743496,False
pool10eltx2wej46e62ulmwzm35xfu0azu47yvpjper7gwhncqe74vg6,CHIL,340.0,0.029,35000.0,37477.294161,11566242.849801,1469.0,16,480.616433,4218.367725,4698.984158,741.1111111111112,0.6485079305847076,losing,False,223.64381512977116,False
pool10emzedn7jczjrk7x7687mzwpqs2qfk8dnmyuf3ca7ju8cx79z57,MPL,345.0,1.0,30.0,38.297271,39.46004,2.0,0,0.0,0.0,0.0,741.1111111111112,0.0,no_rewards,False,0.0,False
pool10ez5uusmzx7ep6pee6hmqr79z5ee0lhgzdelzgptexh9xq3ar4e,SACT,340.0,0.03,100.0,101.008551,291.472771,3.0,0,0.0,0.0,0.0,741.1111111111112,0.0,no_rewards,False,0.0,False
pool10f5k6djk7m95dls80f5n2temjlkacsqd47758z2xal8g79kg9ct,,340.0,0.0,30000.0,1.831463,3072.467418,7.0,0,0.0,0.0,0.0,741.1111111111112,0.0,no_rewards,False,0.0,False
pool10fsg5ykzcjuzq5fzm9vj6d3yd0jjqgg6qnza6u8wtq0677vam2t,,340.0,0.02,0.0,97.023027,97.023027,1.0,0,0.0,0.0,0.0,741.1111111111112,0.0,no_rewards,False,0.0,False
pool10fxpa6wkv0wc6wcmahcnz4wvvfx9m7547sevxrge3nfuv7yh8m0,GRANA,340.0,0.0,30000.0,35562.995523,4266272.030542,448.0,6,351.902059,1412.916893,1764.818952,741.1111111111112,0.47483036446776605,losing,False,89.08607406992327,False
pool10gtnlhevam52ynwuzua7dqgv7vje4q87q25dzzfrjgw3wwjk2xw,STKCH,170.0,0.0,100.0,173.993722,597.470252,5.0,0,0.0,0.0,0.0,741.1111111111112,0.0,no_rewards,False,0.0,False
pool10h9j9hazmtszyfyty7e6vj3usr6v0jdzvraqcxxs27rtqp7hsgc,,340.0,0.01,1000.0,0.0,0.0,,0,0.0,0.0,0.0,741.1111111111112,0.0,no_rewards,False,0.0,False
pool10hex9l4wjgqarvhr94xgyh9frv5lhtajhrj4dah0kl65jtws30k,CSN1,340.0,0.0189,20000.0,23328.311214,13547617.436747,731.0,17,436.124155,4572.497883,5008.6220379999995,741.1111111111112,0.588473372563718,losing,False,176.58033988887172,False
pool10jd7mphm0mmrnfvyytzs3tfrmjmtkvalfx8nql7tae06v0rkjk3,DOS,170.0,0.0,1000.0,1557.175541,23038.755606,16.0,0,0.0,0.0,0.0,741.1111111111112,0.0,no_rewards,False,0.0,False
pool10jn0wjlh9y3w2ygq84u2llvlnxfz3lc4g0ssqlmpp3w3y2d2lw5,EARN,340.0,0.05,100000.0,106108.193574,7100940.432346,90.0,8,469.528727,1888.187964,2357.716691,741.1111111111112,0.6335470079460269,losing,False,221.54058424328053,False
pool10jqlkjfn2rtlc6hp95p8k4h04h3dfmdcgnga6umwp2rpukpg20l,CCIO,340.0,0.01,410000.0,1022.172676,16349.017004,7.0,0,0.0,0.0,0.0,741.1111111111112,0.0,no_rewards,False,0.0,False
pool10ldeq0mccp8t4gfmvfkwmfcvh2pvz44hj2hmewfpk9udjxug58y,BREAD,170.0,0.0,100.0,619.058768,214936.111778,14.0,0,0.0,0.0,0.0,741.1111111111112,0.0,no_rewards,False,0.0,False
pool10le7rwlfg3t9646gm09jp05qg5kqvq3gvut4q2yaeu2ujncnh7w,,340.0,0.05,0.0,439.569766,2854.261122,37.0,0,0.0,0.0,0.0,741.1111111111112,0.0,no_rewards,False,0.0,False
pool10ljdn3zwsh7vjkxf6t250423l5qy487x83st7m8a53jxznrkw5g,,340.0,0.005,1200000.0,5020.24725,127062.59889,58.0,0,0.0,0.0,0.0,741.1111111111112,0.0,no_rewards,False,0.0,False
pool10mf43thtl3keag50mrlvqa78xkwg7harmu4w5yzr3k7jvw0ap43,JORGE,190.0,0.0,200000.0,209406.623655,2926887.939384,364.0,5,281.870221,1192.204753,1474.074974,741.1111111111112,0.38033463103448273,losing,False,175.09797867669894,False
pool10n23qyec2zcetv0e3x7fdjydscsrlet5sph2hgtfc7x5ze56jqn,DOTAR,170.0,0.0,5000.0,56818.583109,315228.230188,310.0,0,0.0,0.0,0.0,741.1111111111112,0.0,no_rewards,False,0.0,False
pool10n5e9hupkx0fs39fmhzpusdhd25vh6twxyq2n5dncegpkumhuz5,,340.0,0.045,1495.0,0.0,0.0,,0,0.0,0.0,0.0,741.1111111111112,0.0,no_rewards,False,0.0,False
pool10nug2zc80t6tz64awqr0362kfsh6yvje6xz2a6appzhzwe25nc5,,340.0,0.0,12000.0,0.0,0.0,,0,0.0,0.0,0.0,741.1111111111112,0.0,no_rewards,False,0.0,False
pool10nwac5phcc4vkjvux5mw6gvdzlxurkd944e5yx9yyfa8sqs35t7,,340.0,0.02,0.0,2.0,36120.987876,103.0,0,0.0,0.0,0.0,741.1111111111112,0.0,no_rewards,False,0.0,False
pool10p3g22454ly7eaurlur5wc9d9ual2fnfwy7a6e7k09z3yf929k9,OUROS,340.0,0.0149,2500.0,340422.257946,6074742.330415,158.0,4,398.77656,779.643077,1178.419637,741.1111111111112,0.538079316341829,losing,False,152.35411037791238,False
pool10p6wd9k0fwk2zqkqnqr8efyr7gms627ujk9dxgk6majskhawr6r,BBHMM,340.0,0.01,550000.0,551023.40242,6949808.177495,709.0,9,545.008264,2111.645116,2656.65338,741.1111111111112,0.7353934596701649,losing,False,303.4589491092446,False
pool10p7hdyghmkfuuxep4slslvjs2fk0hechqwadc2348e6g2x8hta6,SBPIO,345.0,0.15,100.0,5.893313,360.524775,3.0,0,0.0,0.0,0.0,741.1111111111112,0.0,no_rewards,False,0.0,False
pool10pd44d65586rldtdzuu88e7mn4sxjctvdksmt05nnqfzqu7g7hd,RDB,340.0,0.01,1000.0,1439.881162,3457297.626751,29.0,2,342.594814,246.61161,589.206424,741.1111111111112,0.4622718629685157,losing,False,80.35407728052982,False
pool10pktmr26fpvrt77j7m5mchqlt0mjmmfvt7ruvdewkcpasp0nzkl,IOGP,500.0,1.0,64000000.0,0.0,0.0,,0,0.0,0.0,0.0,741.1111111111112,0.0,no_rewards,False,0.0,False
pool10pmpya78vv23pngluf7hwpg9lerepmqdmdu47huf5vsskt56wzq,,340.0,0.015,200.0,247.210196,247.210196,1.0,0,0.0,0.0,0.0,741.1111111111112,0.0,no_rewards,False,0.0,False
pool10pvwz69qz468m79ysw8qjcav5z830sv4zmeprru2n4anyuxwj9l,,345.0,0.06,0.0,0.0,124124.412269,2.0,0,0.0,0.0,0.0,741.1111111111112,0.0,no_rewards,False,0.0,False
pool10pxym4rs92lj853juzku38z58d9n59ra55qd2mnm820ljx4c6h9,JVNP,340.0,0.05,10.0,139.818659,139.818659,1.0,0,0.0,0.0,0.0,741.1111111111112,0.0,no_rewards,False,0.0,False
pool10q2fhzwe4f5k2llny65z5z2fuhrpk3x56fdc0782djdq58p9uee,KURIS,340.0,0.0,100.0,34747.281659,2276791.97381,41.0,2,343.803235,245.401134,589.204369,741.1111111111112,0.4639024160419789,losing,False,82.84753470912507,False
pool10q33p4hx4wqum6thmglw7z5l2vaay4w6m5cdq8fnurw7vjdppcf,SPKL,340.0,0.01,1000.0,8576.795501,38230.575445,23.0,0,0.0,0.0,0.0,741.1111111111112,0.0,no_rewards,False,0.0,False
pool10qmnswfc22zm0fscg80gkwqz65ujwjkqmctv8g9l9l58wqtelgg,WAAUS,170.0,0.008,30000.0,40865.975291,2696447.409829,449.0,1,172.870893,121.764792,294.63568499999997,741.1111111111112,0.23325907601199397,losing,False,80.05914189391933,False
pool10qrz84cvz95zg8saf43ruhs5ulczuuqm2d3jn6d8xkkkzgzfje7,,340.0,0.015,44325.545672,88771.874447,112074.806511,9.0,0,0.0,0.0,0.0,741.1111111111112,0.0,no_rewards,False,0.0,False
pool10quq4wlghwrvmhdzc7geq22pyhzegccwj56ax2g8hx0cjfahufs,SPS2,340.0,0.05,10000.0,26172.056006,24705128.784661,430.0,28,743.418728,7502.201811,8245.620539,741.1111111111112,1.0031137259370313,edge,True,491.75400944095105,False
pool10rdglgh4pzvkf936p2m669qzarr9dusrhmmz9nultm3uvq4eh5k,KILN0,340.0,0.05,100.0,4679.600928,73742609.024568,104.0,74,1414.321884,20386.219783,21800.541667,741.1111111111112,1.908380353223388,edge,True,1162.5868216814267,True
pool10retvgthe4vymhaq8vr2734zladmeeuwy07rq8r5f690ydmz3vc,MORAL,340.0,0.0,59000.0,137.688251,971.580862,3.0,0,0.0,0.0,0.0,741.1111111111112,0.0,no_rewards,False,0.0,False
pool10s8x49tu6wcne63rqv6gmnhwpcg4kg8r4s3ncv6q7uxx76jvlwg,,340.0,0.0,5000.0,5097.623546,5097.623546,1.0,0,0.0,0.0,0.0,741.1111111111112,0.0,no_rewards,False,0.0,False
pool10scv5quxduhrcc26wpurhk743dngspe8dc3zpkkam0svyx6ejx3,CDNTH,340.0,0.2,100.0,1040.369948,8642711.506979,23.0,9,802.506541,1848.913202,2651.419743,741.1111111111112,1.0828424091454272,edge,True,590.5320586679468,False
pool10tcg3efecc706w98qs7j5jw84nxkcycseksp4mw64pjty26wr7f,,340.0,0.02,16451.0,0.0,0.0,,0,0.0,0.0,0.0,741.1111111111112,0.0,no_rewards,False,0.0,False
pool10tqeu6d03p6rnalqlvdshmpsljxaq2c0ww6draq6xm8lgyl2a3p,CASP,170.0,0.03,100000.0,100002.076047,8593445.380502,816.0,9,272.494497,2379.938918,2652.433415,741.1111111111112,0.36768372908545727,losing,False,181.4168315873787,False
pool10u90lv7ayyfdulnt004h2wg42yff22c8vjlnqjxv7pytypuaykv,,340.0,0.025,45000.0,7.442557,6192.921948,3.0,0,0.0,0.0,0.0,741.1111111111112,0.0,no_rewards,False,0.0,False
pool10usr6ag036ujwhmm85km8w0skjn3fp3dwnktt8sje4lfvwhu40u,WALDO,345.0,0.019,66000.0,2.081122,2136.948271,2.0,0,0.0,0.0,0.0,741.1111111111112,0.0,no_rewards,False,0.0,False
pool10v6uh7yan2dg8utwpgurj6th3u3s3q3m2lcg8z9mxtncvx72dhc,,340.0,0.03,100025.042945,1.0,1.0,1.0,0,0.0,0.0,0.0,741.1111111111112,0.0,no_rewards,False,0.0,False
pool10vgnav004xgw03qkqfy6864zq53lzjkcf0syeu4g3uj8xaytlm8,MAVAN,170.0,0.08,100.0,247.63965,1475.994327,3.0,0,0.0,0.0,0.0,741.1111111111112,0.0,no_rewards,False,0.0,False
pool10w8gmhnprfmhdlp6npjt8d3ts64ng4qxsu0mr33dhpxpzwn4rgt,,340.0,0.02,10000.0,2.91521,2.91521,1.0,0,0.0,0.0,0.0,741.1111111111112,0.0,no_rewards,False,0.0,False
pool10wcmpvjmmv7ph7cz2263f52yckvnnwu5kdppwqgu74s2qhe7l7m,4TUN8,340.0,0.01,200000.0,204998.65838,1216082.057358,24.0,1,294.793119,0.0,294.793119,741.1111111111112,0.3977718247376311,losing,False,113.87861511350471,False
pool10wugf8sxugp74y0dafvc83jmcg2z9v7u5yfs79zy67rxc5lqhd6,,340.0,0.01,330000.0,700.014847,4678.355731,3.0,0,0.0,0.0,0.0,741.1111111111112,0.0,no_rewards,False,0.0,False
pool10ww24pk8znf747x6d0wcueajegrjwzpv8x9a4aar4t05s7uzf76,S10E,340.0,0.018,0.0,2452.995576,2452.995576,1.0,0,0.0,0.0,0.0,741.1111111111112,0.0,no_rewards,False,0.0,False
pool10x7rsal3ldumkycuc7f7rslx3vc5axhz5jzwngfcg7hd6t2p7sc,BNP,345.0,0.06,2.0,29761.65151,66375.60115,9.0,0,0.0,0.0,0.0,741.1111111111112,0.0,no_rewards,False,0.0,False
pool10xk8jp4m2cztf69x9gvg3j33x5drkrz2hulsjes29wktcfcxdls,,345.0,0.06,2.0,35270.282973,14267387.541285,4.0,18,653.991102,4648.846391,5302.837493,741.1111111111112,0.8824467643178409,losing,False,400.8185191038024,False
pool10xmmn972gyza7nj8q4cyy0vrpn6kqzmdz2ut7ynnc8d0ycxlvw3,MATE,170.0,0.015,101000.0,136208.554279,344296.166414,16.0,0,0.0,0.0,0.0,741.1111111111112,0.0,no_rewards,False,0.0,False
pool10ya6hxrssmyhl560gqyalhqxudkgfjdlc0e4krww6wweyaeajs8,NKR,340.0,0.01,40000.0,47007.359428,29844077.782242,457.0,30,438.247851,8260.336695,8698.584546,741.1111111111112,0.5913389293853073,losing,False,174.6830098139023,False
pool10zyf32q3w3n9x940j6yqgkwuegzn77p94wcmpku6gvmrqw8a97d,XSP,340.0,0.037,20000.0,45362.472214,25976106.516326,1208.0,26,623.159588,7037.086239,7660.245827000001,741.1111111111112,0.8408450212893552,losing,False,368.41021589139393,False
pool120s8wucgh9dnshf3xkvffq30lcf4kta9uzf35s44eulezc8puwj,REEF,340.0,0.01,1.0,9.802291,9.802291,1.0,0,0.0,0.0,0.0,741.1111111111112,0.0,no_rewards,False,0.0,False
pool122gfj3ynz5ch8cfkx0tt5dsfpnf36sujcvrvxzqjm28yym8vv8x,CTUTS,340.0,0.02,500.0,2.618002,67.456466,3.0,0,0.0,0.0,0.0,741.1111111111112,0.0,no_rewards,False,0.0,False
pool122gklgk6gep3dm5grag0kavzzxcwk4kxxrqegfygghjpgch6pns,,340.0,0.05,1.0,54.258533,26415.60343,3.0,0,0.0,0.0,0.0,741.1111111111112,0.0,no_rewards,False,0.0,False
pool122pmneflla304ptc7s5ws948u28zaek08k6hk3fmw8rgkzmgect,PBDOT,340.0,0.01,3100.0,3150.651545,3259.796848,4.0,0,0.0,0.0,0.0,741.1111111111112,0.0,no_rewards,False,0.0,False
pool1233gq8vt6nzytuw60sr9gy2jmehc88fpglrjrzsd8kys5gqelgg,,345.0,0.01,1000.0,2149.219284,4079.358398,3.0,0,0.0,0.0,0.0,741.1111111111112,0.0,no_rewards,False,0.0,False
pool123gn9my6u32zea8l3uk889rjj2qf2tfagcz67q4v4r9ccjjtge7,SNY,345.0,0.15,100.0,497.625746,3543.776436,8.0,0,0.0,0.0,0.0,741.1111111111112,0.0,no_rewards,False,0.0,False
pool124hy9qgc0nhqsve268kj5r53pvz7ppg295q6r2d0sjxswchljf0,BNP,345.0,0.06,2.0,30945.794293,32101601.622382,12.0,38,1005.824428,10189.054724,11194.879152,741.1111111111112,1.3571843856071963,edge,True,752.2690900776184,True
pool124lm97s6f4satl7xz0ulzgg6tv30tskry3zcntwrz68n60v5yne,SHARP,340.0,0.035,100000.0,672.752201,11058.880161,49.0,0,0.0,0.0,0.0,741.1111111111112,0.0,no_rewards,False,0.0,False
pool12582dmkl7xanxlmfnwd4fepmx4tt5kkw327mmklcjdxngwaxvh2,FGMTF,170.0,0.1,2e-06,9.820727,1002278.646833,3.0,1,182.461306,112.140772,294.602078,741.1111111111112,0.2461996632683658,losing,False,96.96214437408261,False
pool12584mjtgz3fhgpx823qht56gycnfnezg6aqqthazv4qdxkd5c46,DOLCA,170.0,0.02,50000.0,75955.07085,707014.696251,92.0,1,185.617045,109.037983,294.655028,741.1111111111112,0.2504577818590704,losing,False,102.51883618715335,False
pool1258yqnsegc3k7raqcdkxu4893aqexxljflmg9g96yfha2qytayv,1PCT2,340.0,0.01,50000.0,55087.895719,560337.048234,131.0,0,0.0,0.0,0.0,741.1111111111112,0.0,no_rewards,False,0.0,False
pool125kh7e0y9lwya4sz5etmsk7hvga9jtfpuhw00vz9zvk6sh8xh5r,CHOCO,170.0,0.0,10000.0,93963.622359,7710809.959483,59.0,6,189.469274,1578.21148,1767.680754,741.1111111111112,0.255655692053973,losing,False,95.62694009824456,False
pool1263z8symvqmmsg876y2lzluv29am2v9fpzka9sf3nrhz7uwlzap,LION,170.0,0.005,1000.0,1072.829681,363586.860596,55.0,0,0.0,0.0,0.0,741.1111111111112,0.0,no_rewards,False,0.0,False
pool126f65lklaqw39jgx9wl8klqtx99evewxk0x5yc2jzzp5wfs8fde,XPPX,340.0,0.0,119000.0,144631.572944,537217.803907,32.0,1,294.707869,0.0,294.707869,741.1111111111112,0.39765679475262367,losing,False,134.15048691711883,False
pool126kcx3ve6xedpdk8gm9gtgs5x2h77tuwe5hjjcrp2nshu2xv8l3,ADAAF,340.0,0.0799,2500.0,2647.043882,2939.165647,4.0,0,0.0,0.0,0.0,741.1111111111112,0.0,no_rewards,False,0.0,False
pool126mkma8nv5axltmz7mmg8qz9e70nmhnf58hwx5772fhwgkhk6ag,NAP,340.0,0.03,20000.0,22185.264157,18120177.016811,214.0,17,485.603179,4523.014732,5008.617910999999,741.1111111111112,0.6552366733133432,losing,False,228.8677520611025,False
pool126ugnr0nxjxz72jrlzrqetqx0exn43t5w67u9vuq23xex4ym7dv,,345.0,0.15,100.0,109.61171,109.61171,1.0,0,0.0,0.0,0.0,741.1111111111112,0.0,no_rewards,False,0.0,False
pool126ut5j5qz5wg09sjxrjugmjhqyslgam9cyj7a275y99l6n3gql0,BIOME,340.0,0.02,10000.0,1.210482,5516.81282,5.0,0,0.0,0.0,0.0,741.1111111111112,0.0,no_rewards,False,0.0,False
pool127cp6le6v4hs453tkwnjd6ua9fcmmh7y5zc44zx752yzklgcrcq,IPMCo,340.0,0.06,200.0,1442.48367,1442.48367,2.0,0,0.0,0.0,0.0,741.1111111111112,0.0,no_rewards,False,0.0,False
pool127gdv243hfcrapslaqq0nnh64u2gts72gtrt4888g6g2z0zsu64,TTS17,340.0,0.01,28000.0,156831.795235,1159869.515108,841.0,0,0.0,0.0,0.0,741.1111111111112,0.0,no_rewards,False,0.0,False
pool127jufnlxk4n6he84qjf8ppzmxs9sjnqlhulnuzsk0uc0whtl9sn,WILDR,340.0,0.0,6000.0,12012.868419,31110.746068,26.0,0,0.0,0.0,0.0,741.1111111111112,0.0,no_rewards,False,0.0,False
pool127xwsah7jllutuhen8vl7sve5278h7hhxtnys3cl438dyhuwgjg,ARTZ,340.0,0.02,1500000.0,2024253.871906,2379446.232409,151.0,5,1310.100848,166.234045,1476.334893,741.1111111111112,1.767752268665667,edge,True,1271.3340096490683,True
pool127xz8pls3lr6nct6w274ph2g4u83vqajgykf3l9ll772gvmju8z,,340.0,0.0,2000.0,2026.816204,2162.16716,2.0,0,0.0,0.0,0.0,741.1111111111112,0.0,no_rewards,False,0.0,False
pool128r8qqgl9zgy3ff4759a2qslyauu5takaec3nxx4a6mvj3ys8da,BTCAO,700.0,0.0,1.0,21597.087334,1512859.079681,6677.0,0,0.0,0.0,0.0,741.1111111111112,0.0,no_rewards,False,0.0,False
pool128sj7hpet8874ycvxml85wlv9eyd8pehjhnj3clcvhrr5g5s9qj,BIZ,340.0,0.01,10000.0,13456.933998,25021.3693,2.0,0,0.0,0.0,0.0,741.1111111111112,0.0,no_rewards,False,0.0,False
pool12a4mx8ztxg7dwatm6lmfm36q7eyygkt3y3h29tklvcp6vyxp0nt,,340.0,0.03,50000.0,0.0,14785.014207,16.0,0,0.0,0.0,0.0,741.1111111111112,0.0,no_rewards,False,0.0,False
pool12ahcpgfgzkm29zajw8fgfqjma6ngsks7zdk4tr7q280pwfvtlek,BNP,345.0,0.06,2.0,42438.594545,32111224.824896,15.0,22,720.797904,5760.447917,6481.245821,741.1111111111112,0.9725908749625186,losing,False,467.33332904664525,False
pool12ame5t8hdltyl30npznvhn23kxnvthk82j9p7dr4uew3y92uqes,EoK,340.0,0.01,30000.0,27.419621,81651.547632,87.0,0,0.0,0.0,0.0,741.1111111111112,0.0,no_rewards,False,0.0,False
pool12cc8t9yr58xureweksj73v87xkm6svcs8j3xnt93zd5zw5q6ugr,,340.0,0.0,900000.0,0.0,0.0,,0,0.0,0.0,0.0,741.1111111111112,0.0,no_rewards,False,0.0,False
pool12cmz6vtm43tztqck4xnayhpmeml4ljxutvuexhwgsvrpwllnscv,PUWSP,340.0,0.6,2.0,12.621346,7598.555142,9.0,0,0.0,0.0,0.0,741.1111111111112,0.0,no_rewards,False,0.0,False
pool12d3th585ga2w593eu5zqnkahsnlczjpqxemjc0qhku7awnhvn8a,H3ART,340.0,0.0,10000.0,12065.358034,171544.280445,8.0,1,294.612812,0.0,294.612812,741.1111111111112,0.397528531934033,losing,False,90.44619965620522,False
pool12dcwy586prq83qggtfvaxwdpys9dw4sl2yahrdjyjxsqzcq84rk,,170.0,0.0,10000.0,38522.997904,1860444.880657,30.0,0,0.0,0.0,0.0,741.1111111111112,0.0,no_rewards,False,0.0,False
pool12e8xz54gjtcz6dzkhua9uq9dp23cqcmf6xc4929t4ep4ketccsm,SOCK,170.0,0.0,12600.0,12620.06001,32836.442065,32.0,0,0.0,0.0,0.0,741.1111111111112,0.0,no_rewards,False,0.0,False
pool12eht6dqxpzqj87xuextrpufz2gxmt4reuesuw26r2utzw0kw906,CAN1,200.0,0.0,40000.0,107042.7494,6362734.335254,288.0,3,211.506225,672.43584,883.942065,741.1111111111112,0.28539070839580205,losing,False,88.60914634815674,False
pool12f2r9xf4wvht030xwjhpjvy5yptr275qr2qcydnx57jkxyfzz2w,FREE1,170.0,0.0,300000.0,410840.45644,502094.139473,26.0,0,0.0,0.0,0.0,741.1111111111112,0.0,no_rewards,False,0.0,False
pool12f68ksfmsthe4r9xx2up9x4zx43tstu3psmjvk57papsv8vu9re,,340.0,0.0,1000.0,1093.094791,1093.094791,1.0,0,0.0,0.0,0.0,741.1111111111112,0.0,no_rewards,False,0.0,False
pool12fvqhdv6wx77zkjdq06k5ylzswd06w7yavt8fd6sm5pwk30k9l4,,360.0,0.05,100000.0,0.0,0.0,,0,0.0,0.0,0.0,741.1111111111112,0.0,no_rewards,False,0.0,False
pool12fzerww0hmk0fyvaujz5t2kg6hl4n8daz85rqy5jk8qk58r59y6,ZETE2,170.0,0.0,1000.0,2438.264057,102085.687836,81.0,0,0.0,0.0,0.0,741.1111111111112,0.0,no_rewards,False,0.0,False
pool12g6gfm5c4q7rzwwxdmh0xdxk07tyvujp6d9tke2m46k7q7cz7p0,NDE,340.0,0.03,2000.0,3373.193811,114243.911768,9.0,0,0.0,0.0,0.0,741.1111111111112,0.0,no_rewards,False,0.0,False
pool12h408zlkavwxw4wkw96mt8unjs8sn27k0yk4yhz4pzvsx0wvmq5,,340.0,0.075,0.0,2.201398,579.88263,6.0,0,0.0,0.0,0.0,741.1111111111112,0.0,no_rewards,False,0.0,False
pool12hhrd4azpps5jxppcqs2pgtylatg7xkhaqmnetgv2988k3t4drf,YAM,340.0,0.0249,500.0,500.0,6083.382927,16.0,0,0.0,0.0,0.0,741.1111111111112,0.0,no_rewards,False,0.0,False
pool12hszgt63rau649xhfuy4mjmdukzpy0atyskd7hujl7zdxjv7e8c,,340.0,1.0,0.0,7.304864,7.304864,1.0,0,0.0,0.0,0.0,741.1111111111112,0.0,no_rewards,False,0.0,False
pool12jqfrwhuv2jn0uymwmud2d63gp5drj08fjfart9dxgpu2tmj8a0,IOGP,500.0,1.0,64000000.0,2.925923,2.925923,1.0,0,0.0,0.0,0.0,741.1111111111112,0.0,no_rewards,False,0.0,False
pool12jzydsj2yjjn59zefvgz2q47rvfk950xckm5x4ejcdvucueg5c8,ZILLA,340.0,0.02,20.0,0.0,51.006764,1.0,0,0.0,0.0,0.0,741.1111111111112,0.0,no_rewards,False,0.0,False
pool12kdg7dmdfh0t9hmy43pvl38ftu5dvppyn86wgkc4jq8557xkyz7,RENEW,170.0,0.0,30000.0,38708.382315,184656.933092,23.0,0,0.0,0.0,0.0,741.1111111111112,0.0,no_rewards,False,0.0,False
pool12ktz62g9d32nq0cdk9jyyqg6kquj7lnmx776at5h598supql0t2,CTEC2,680.0,0.5,10000.0,14784.168716,7459604.556686,7.0,10,1815.312941,1130.821694,2946.134635,741.1111111111112,2.449447746476761,comfortable,True,1513.4124642184106,True
pool12l453n0jtxqq88cgwgr67z06ldyhqqvwxgkn0sgungjfvhtp2el,EVERS,400.0,0.04,1000.0,1496.409636,37490523.999155,21018.0,29,726.051776,7806.136479,8532.188255,741.1111111111112,0.9796800575712143,losing,False,413.61159078871276,False
pool12lsfsh2s8yt8dvrt9m8kgrgr6ktntngvn2vad60xlqz7kxz9fxr,POP4,340.0,0.05,50000.0,53389.480809,4121040.733106,63.0,6,428.972126,1338.978307,1767.950433,741.1111111111112,0.5788229586206896,losing,False,180.48363150224662,False
pool12m0v0myprg2nfvlymzaghvjrzhnlzkh2psn3sur2nhkj5wpkdmh,DAPP,170.0,0.0,1000.0,1097.454129,352207.04931,88.0,0,0.0,0.0,0.0,741.1111111111112,0.0,no_rewards,False,0.0,False
pool12m7z9p7jqymxrvvp6z7vmfdu6j6u6y43p0m6y4xalz43sc8s4t9,,340.0,0.05,0.0,0.0,28826657.508449,18.0,27,720.712809,7233.543364,7954.256173,741.1111111111112,0.9724760541229384,losing,False,468.96280865,False
pool12mca6l778v2e5wq5a4kc08h6grcv9j6f7yykt9wyjttckfxksvg,,340.0,0.01,500.0,1014.271248,1014.271248,1.0,0,0.0,0.0,0.0,741.1111111111112,0.0,no_rewards,False,0.0,False
pool12mmcc4rc2fzfv7gyv8h06nvnsrm3m7erzdv8x6gzvjxlu2lf09n,1PCT3,340.0,0.01,50000.0,60812.148607,13409506.161186,419.0,17,407.655103,4601.545811,5009.200914,741.1111111111112,0.5500593593703148,losing,False,146.49485817678365,False
pool12mvua605f7w2gs90d580ywzyyf96je0y5q6zwcz2l76tcdqa8y9,,340.0,0.005,500.0,507.423329,507.423329,1.0,0,0.0,0.0,0.0,741.1111111111112,0.0,no_rewards,False,0.0,False
pool12n6lycv28kjtkzecfz2a3uujyxy6ewuwjcmjq84my67psqmgagv,MANT,340.0,0.0,100000.0,102162.163857,1418255.404393,16.0,1,294.70816,0.0,294.70816,741.1111111111112,0.39765718740629685,losing,False,90.82638851444857,False
pool12ndf7w5f4fdn746s5zlay4aexvcsjncnnmjwfp8falascjqav3y,SAMON,170.0,0.031415,3000.0,41152.163133,527169.833748,41.0,0,0.0,0.0,0.0,741.1111111111112,0.0,no_rewards,False,0.0,False
pool12nhydvz643puda5jjc7hxyphk9685n8tlsgeenfvtttckd803e5,,340.0,0.075,0.0,1.434673,581.187987,3.0,0,0.0,0.0,0.0,741.1111111111112,0.0,no_rewards,False,0.0,False
pool12p0qtp89dfzr6spqq4xl6ha2s9m8lqydnvfafyd0h38fy0hfv3f,PANDA,500.0,0.0,20.0,41.88023,45058.025609,9.0,0,0.0,0.0,0.0,741.1111111111112,0.0,no_rewards,False,0.0,False
pool12pk63q22re4up2dg86tyjwthuauqu0ryq3jlxs9v29zk68cpugl,0AKN0,170.0,0.0,7000.0,8007.615571,189936.928277,54.0,0,0.0,0.0,0.0,741.1111111111112,0.0,no_rewards,False,0.0,False
pool12plmfgtqk4nj0wse5wnr49xth22fjacxm0gxg3wc88ewzztpwf5,AMPLE,340.0,0.0199,100.0,0.0,3707.804452,2.0,0,0.0,0.0,0.0,741.1111111111112,0.0,no_rewards,False,0.0,False
pool12pupdkq80hxxcje94kjgc75x9vsqsgaz65upnmx7k7zmvc3rpd5,,340.0,0.04,1000.0,0.0,0.0,,0,0.0,0.0,0.0,741.1111111111112,0.0,no_rewards,False,0.0,False
pool12pvaxxcv3sgad5jqgfnggn337y76kp02uauptkufjjjes7nxwfm,SVRN,170.0,0.016,144777.0,144877.264385,812364.762458,66.0,0,0.0,0.0,0.0,741.1111111111112,0.0,no_rewards,False,0.0,False
pool12pwp8hln0cjsxv0h2a0463qsakkhwetfhyqw7vzmpwd2jdj86n6,KAP,340.0,0.01,200000.0,248053.793409,823574.986197,11.0,1,294.775253,0.0,294.775253,741.1111111111112,0.3977477176911544,losing,False,142.73024836410985,False
pool12qj3qpa2ca3jq8nj6p5psjrx7xu7dvjm25xra5s0sxxps4qx7c8,,340.0,0.03,1000.0,24.517029,24.517029,1.0,0,0.0,0.0,0.0,741.1111111111112,0.0,no_rewards,False,0.0,False
pool12ql6www8aa8usn98azlkz76d2htxtm9swalvyac27rlq6mdkxc7,IOGP,500.0,1.0,64000000.0,1.48148,1.48148,1.0,0,0.0,0.0,0.0,741.1111111111112,0.0,no_rewards,False,0.0,False
pool12qrgswlflndwp3met59zmuclqp4wryn4e9428gm7n8vwymnhvng,VALOR,340.0,0.0437,10000.0,10404.05413,15586.226058,6.0,0,0.0,0.0,0.0,741.1111111111112,0.0,no_rewards,False,0.0,False
pool12qtv7kyrx8g0d5890alk6dkc6n6nyfx80synspvqafjrqd3ergz,ASAHI,340.0,0.0,40000.0,56266.914401,7453014.075534,72.0,6,350.779889,1417.10476,1767.884649,741.1111111111112,0.473316192053973,losing,False,87.78052002460832,False
pool12r08n33avu33ncstukwxyr440mgaazmuclay38v0yt34xytu2dq,FALCO,340.0,0.02,42000.0,176436.507892,296139.832886,60.0,0,0.0,0.0,0.0,741.1111111111112,0.0,no_rewards,False,0.0,False
pool12rruj0mjqzaf8ryg7ny0x77y80lpdxd7zh4kgg5zyy0r2rzue0q,INFAR,340.0,0.015,2500.0,0.0,6058.690105,2.0,0,0.0,0.0,0.0,741.1111111111112,0.0,no_rewards,False,0.0,False
pool12rs385dd534g8gtdtmnvlhq63whdvc6vnuzxa5cpx843zdy73qy,TERA2,340.0,0.01,300.0,800.261266,8759695.173528,1319.0,6,354.405264,1413.208618,1767.6138819999999,741.1111111111112,0.4782080023988005,losing,False,92.07922496834342,False
pool12rt30v5khmh2y9nap3ffe6envd89lq9qf8f4usr0enwwzzwktsu,BRAZL,340.0,0.0,0.0,1.698713,23.808576,4.0,0,0.0,0.0,0.0,741.1111111111112,0.0,no_rewards,False,0.0,False
pool12rv575nj9cfvy0r4th7jtz5x3nt6waht0qe5fdr58ucx77tk7pu,4BIZ,340.0,0.01,5000.0,5647.630894,6160.723066,2.0,0,0.0,0.0,0.0,741.1111111111112,0.0,no_rewards,False,0.0,False
pool12t3wyzzmg5ms5tzz7w6evedrf7mh07m875r6dfk8xpmgzjc3d9g,,345.0,0.15,100.0,0.0,347.887492,1.0,0,0.0,0.0,0.0,741.1111111111112,0.0,no_rewards,False,0.0,False
pool12t3zmafwjqms7cuun86uwc8se4na07r3e5xswe86u37djr5f0lx,NORTH,340.0,0.0,10000.0,11005.441921,56517960.727089,5269.0,61,343.433273,17611.921681,17955.354954,741.1111111111112,0.46340321694152914,losing,False,78.48174642965833,False
pool12te7g032e9dqjqe5xsr05mrk7xs9ve4w6t275cda7e9quafr3zq,,340.0,0.075,10000.0,0.0,134.520635,2.0,0,0.0,0.0,0.0,741.1111111111112,0.0,no_rewards,False,0.0,False
pool12tlu3dm864fzxgcjp9jrsykcmcvxskjtqwy07z982avqx3n9dp2,,345.0,0.0,18308.0,0.0,41.825743,1.0,0,0.0,0.0,0.0,741.1111111111112,0.0,no_rewards,False,0.0,False
pool12tvj2j05hh6gtsvw349vuesyn0zphh75u7vadh5rkjs566s2ty5,,340.0,0.0,4000.0,6.818951,1145.957833,3.0,0,0.0,0.0,0.0,741.1111111111112,0.0,no_rewards,False,0.0,False
pool12u28yewx8ycf6dj77lzpj6vvhjwp6veh6kxpc63h8fqnqqtlwmu,NOOPS,340.0,0.0,60000.0,107359.077011,398101.799172,330.0,0,0.0,0.0,0.0,741.1111111111112,0.0,no_rewards,False,0.0,False
pool12udshcl3ycj4qpxes28n0ugsye23h89rj8z2a5ast4482m08xe7,QQQ,35000.0,0.9999,0.0,66390.035685,22963865.153306,33.0,25,7365.052021,0.0,7365.052021,741.1111111111112,9.93785130269865,strong,True,7364.325123399606,True
pool12v7aukl49ehf9ysagq960ek26jeywnq3yzv5hgl4ecvhvyax5p6,WIN,340.0,0.0,35000.0,0.0,0.0,,0,0.0,0.0,0.0,741.1111111111112,0.0,no_rewards,False,0.0,False
pool12vs4c3cm0tr49c7alrevfs0xa5g3s4al4fn46h33e69uusat04v,BLOOM,340.0,0.04,1000000.0,1000001.0,34359414.997765,3904.0,29,899.55192,7621.819421,8521.371341,741.1111111111112,1.2137881979010494,edge,True,648.8461997209483,False
pool12vx0utf438rpxskmvwm870vpz6qnur39jzl7gs3hhhldqekzjea,FELIZ,340.0,0.0,1200.0,1497.611094,2039.980436,2.0,0,0.0,0.0,0.0,741.1111111111112,0.0,no_rewards,False,0.0,False
pool12welhs4qhsdskajhxxgf3c6afew73jys05jr2d4hu6asvv9expc,CYPH,340.0,0.02,50.0,700.79267,701.766282,2.0,0,0.0,0.0,0.0,741.1111111111112,0.0,no_rewards,False,0.0,False
pool12wpfng6cu7dz38yduaul3ngfm44xhv5xmech68m5fwe4wu77udd,APEX,200.0,0.02,50000.0,50901.773447,3154958.077215,967.0,7,266.702244,1795.904678,2062.606922,741.1111111111112,0.3598680953523238,losing,False,146.1786298461708,False
pool12x6z2am9fxpw7s8wfjpsdd4jm2v5wdj62fshv00ztpxr6jy3ztp,MIAS,345.0,0.01,100.0,496.175032,593.799895,2.0,0,0.0,0.0,0.0,741.1111111111112,0.0,no_rewards,False,0.0,False
pool12xxugucen5pql0ay70uakgqjaxpwfj6c9py8euyu4q3p23s0fyg,BNP,345.0,0.06,2.0,29766.23906,59154.059521,15.0,0,0.0,0.0,0.0,741.1111111111112,0.0,no_rewards,False,0.0,False
pool12xyhj4ktuhy0gage20p3e6z6r3s0tun7lmsk89lxv4y5wh93t0g,,340.0,0.075,0.0,1.434673,568.163192,4.0,0,0.0,0.0,0.0,741.1111111111112,0.0,no_rewards,False,0.0,False
pool12yfqjghmn47qajajqduf2rd83qxtdhva8j0qdctmla4v5w3mhq4,,340.0,0.005,31544.0,0.0,2816.791026,11.0,0,0.0,0.0,0.0,741.1111111111112,0.0,no_rewards,False,0.0,False
pool12yscr8j3zs34ewxrwlk0p2w5uvgcnrzywpp78ddjsj8kxd530f9,GERO,340.0,0.01,50000.0,122289.707901,1033809.940696,669.0,0,0.0,0.0,0.0,741.1111111111112,0.0,no_rewards,False,0.0,False
pool12z39rkzfylvn9wfe8j6x9ucq6g2l4mw4azj70y0gd8ejczznyj3,BRAVO,340.0,0.015,310000.0,403635.522568,52229912.276199,10100.0,48,652.450497,13482.788557,14135.239054,741.1111111111112,0.8803679869565217,losing,False,392.93198228444305,False
pool12zcqkql458zh0pxvpw9qad8mceccdatk2lm0cpxfql557lhve8y,,340.0,0.0,2.0,13.611314,923.691183,3.0,0,0.0,0.0,0.0,741.1111111111112,0.0,no_rewards,False,0.0,False
pool12zgtcv0cu5caet8y2tna9l0jhthr46zpwh49dh0g4ew05st2t2w,PAL,340.0,0.015,100.0,218.615274,218.615274,1.0,0,0.0,0.0,0.0,741.1111111111112,0.0,no_rewards,False,0.0,False
pool12znadsadf2h4v6xhf8jwqc6grjxsrdn6f53h5esrkaj5qjtjnfs,,340.0,0.02,3500.0,0.0,0.0,,0,0.0,0.0,0.0,741.1111111111112,0.0,no_rewards,False,0.0,False
pool130c3kgpkjctag540j7sxqfrlhsmpc6d8u0n7j6crm9ayy75mkpt,TOIRO,20000.0,0.9999,100.0,18961.83144,17675126.086032,7.0,18,5302.839507,0.0,5302.839507,741.1111111111112,7.155255706596701,strong,True,5302.317283890626,True
pool130hx49xrg3cjtdqnqegmn03z8fgu6juenyctws0feh6ekdy0fam,RAVEN,340.0,0.05,1500.0,2004.921768,17826.954257,7.0,0,0.0,0.0,0.0,741.1111111111112,0.0,no_rewards,False,0.0,False
pool130sxcuaxh2yc4chs68c4jsep4v7zfhgdqutm60ngdvt9sa2ga06,,340.0,0.02,600.0,664.824015,3074.969867,34.0,0,0.0,0.0,0.0,741.1111111111112,0.0,no_rewards,False,0.0,False
pool130u9tm5kzsjkzlt4zq989s33fne5n9qahkdcmamh688wzrk78g6,HAUS,340.0,0.02,500.0,697.439961,697.439961,1.0,0,0.0,0.0,0.0,741.1111111111112,0.0,no_rewards,False,0.0,False
pool1329xugchyesx3zzm96nylqlpz78cauzhgvlxawtll0pt7gnyul7,,340.0,1.0,500.0,602.759604,627.115849,2.0,0,0.0,0.0,0.0,741.1111111111112,0.0,no_rewards,False,0.0,False
pool133p3wvahj3gzh6cv9ac0ka9pgmltrzs6lt269aumqlkpzhkd9re,AVI8,340.0,0.0189,20000.0,20497.799123,495877.246839,9.0,0,0.0,0.0,0.0,741.1111111111112,0.0,no_rewards,False,0.0,False
pool134d4ndkh0q43mykqh922k0khrrkm7rlpkj834ju6kwja6dmu2f6,BNP,345.0,0.06,2.0,1778.854109,130330.213471,7.0,0,0.0,0.0,0.0,741.1111111111112,0.0,no_rewards,False,0.0,False
pool135h773klt7djljmyawkh88e8qc457wxqfhc6j9h6y9n4y3sgh7t,KTOP,170.0,0.01,10000.0,11759.039354,18490179.153246,455.0,24,243.35194,6827.331956,7070.6838960000005,741.1111111111112,0.3283609385307346,losing,False,149.36133371063625,False
pool135y07cyqvw5tk55y336jtm28rae5rsgrsr6e4cwrzlvqz305cng,EPIK,170.0,0.015,500.0,504.95076,5975.964296,6.0,0,0.0,0.0,0.0,741.1111111111112,0.0,no_rewards,False,0.0,False
pool13682rvnneuwl5j7tfh0zfp2t808zujjdrw499qkahuxd6zqxz00,,345.0,0.0,761.705955,1.0,1.0,1.0,0,0.0,0.0,0.0,741.1111111111112,0.0,no_rewards,False,0.0,False
pool136903m0kag2amlga2ypcz8wnf7d552qgy5t6vz2pqlzuq2kyshy,DEEP,340.0,0.03,200.0,6705.413096,96350.361682,56.0,0,0.0,0.0,0.0,741.1111111111112,0.0,no_rewards,False,0.0,False
pool136ahugdvaenv8ed0d3m9af4dxxtzu7u3vpfq4mxk7qq6xuvd0ca,BLOXB,340.0,0.01,50000.0,13.779249,4781.241977,14.0,0,0.0,0.0,0.0,741.1111111111112,0.0,no_rewards,False,0.0,False
pool136mu955m4fl6stzq9rjrsww92xftwnjr85997zykeqylc9h3k8u,ODA,340.0,0.0,100.0,3.092547,126.675531,2.0,0,0.0,0.0,0.0,741.1111111111112,0.0,no_rewards,False,0.0,False
pool136q98jnwt093qle4ph86vdpuwplg7gyvt20h2nq4m6ksv8xjcuj,PNR39,340.0,0.01,500.0,102754.586429,42766115.11198,146.0,39,478.01617,11011.487137,11489.503307,741.1111111111112,0.6449993298350823,losing,False,216.296520594569,False
pool136wr0g23dw9daekuyqtgk366vywms6meespgpm3hdguxqczaaug,DDLT,340.0,0.05,100.0,2354.191915,3492075.761607,1060.0,6,412.294966,1355.317689,1767.612655,741.1111111111112,0.556320044077961,losing,False,160.71465799305608,False
pool137cuaqqktk0rhh3a9zj4rchr75qm07pgzgekprle5qyq2xk2nzq,PDT1,340.0,0.01,100000.0,100010.667769,250419.983764,15.0,0,0.0,0.0,0.0,741.1111111111112,0.0,no_rewards,False,0.0,False
pool137fwd42fzdpddzxh56gxntpke3hcm5scr7f0fwn9f3xrsd4pu20,,340.0,0.01,2490.0,0.0,0.0,,0,0.0,0.0,0.0,741.1111111111112,0.0,no_rewards,False,0.0,False
pool137j9xuzycq4jxfpsmjnc75w2wnpz68khlwvsh69kt5negg6ldhg,WHITE,170.0,0.01,50.0,3855.913706,1931090.264266,208.0,2,175.02072,414.183455,589.204175,741.1111111111112,0.236159892053973,losing,False,81.15851399530457,False
pool13846y7q7tng3endxhet9qdcz5w0fjs09ytcye4dm5g54wmyqeqr,BSP,170.0,0.023,40000.0,446732.118753,21019609.738982,946.0,18,394.67085,4908.98556,5303.65641,741.1111111111112,0.5325393778110944,losing,False,303.82843735662465,False
pool138e249zh9l93azsf2pf7wyhxyayzcxdhsrg3vqpfx665c8xa348,LGND,340.0,0.01,500.0,0.0,53.69474,1.0,0,0.0,0.0,0.0,741.1111111111112,0.0,no_rewards,False,0.0,False
pool138m7hevnvp664cmtralju857t5k7e4frpnaevtgpuykggr50kne,ITC,340.0,0.0399,10000.0,100005.261958,32868553.001773,8317.0,38,804.837302,10390.127148,11194.96445,741.1111111111112,1.085987364017991,edge,True,551.1700305499298,False
pool138s0uwydwtrhkaqj4uwkh37yqw098v9v6nf5q08k9nugumlf8mw,AURA,340.0,0.0,5.0,2297.150535,10454967.470527,28.0,10,340.572591,2605.448261,2946.020852,741.1111111111112,0.4595432262368815,losing,False,75.630816605098,False
pool1398lzhvtaa0hgz305d2jz4urfkwkkt66yv476wqe6att2f7dphh,,340.0,0.99,0.0,4.058491,18791313.7049,2211.0,13,3794.928779,34.746541,3829.67532,741.1111111111112,5.1205935548725625,strong,True,3792.128574909234,True
pool139ds596tpxew8mhvu77p4mk42ed25d62ah2ucwlwemn6xltj4ws,,340.0,0.02,160.0,0.0,0.0,,0,0.0,0.0,0.0,741.1111111111112,0.0,no_rewards,False,0.0,False
pool139ffqrvyqu9sgsekk3pu9t7jxx872w655vses7d4q4sxxyd257a,ADATH,340.0,0.01,0.0,353.771868,63872.292381,183.0,0,0.0,0.0,0.0,741.1111111111112,0.0,no_rewards,False,0.0,False
pool139gdv4lxw53enk4rms0ryr4ey07k56jufmfrclqqehjdzglheu6,BLC3,170.0,0.0,1000.0,6579.613903,18141958.924476,385.0,21,172.182087,6014.485357,6186.667444,741.1111111111112,0.23232965262368813,losing,False,77.2165418989458,False
pool139l6650n4u0gg9fmnd3aczp62q5xwngp299pwwhe2mj7sm5vqs6,,340.0,0.0,0.0,1.231208,1.231208,1.0,0,0.0,0.0,0.0,741.1111111111112,0.0,no_rewards,False,0.0,False
pool13am73gpq93hrngwpnlz34cwcytuykpytxtkz9srmrq3x6x8qlsu,,340.0,0.0,24.88413,117.700906,465.409359,4.0,0,0.0,0.0,0.0,741.1111111111112,0.0,no_rewards,False,0.0,False
pool13annzt9hjfc822f0ejvxjf7fsmxd6cc28whpk5kagec6ggfmm7u,STSH3,345.0,0.1,1000.0,45828.235923,16809075.143689,33639.0,27,1124.600048,6829.662399,7954.262447,741.1111111111112,1.5174513391304347,edge,True,882.2600525216833,True
pool13c9mnvfx4nvwvkszxcprwlv60fh3tteef50hhhv9yxptsua2v70,DARK,340.0,1.0,68000000.0,70745801.422583,70749094.385107,10.0,76,27783.34877,0.0,27783.34877,741.1111111111112,37.48877645127436,strong,True,27783.34877,True
pool13crd2ljx87988umk22er6ynwadfwdqupdpcq6prc6v59z62kxse,BLOOM,340.0,0.04,1000000.0,1000001.0,37805594.095226,2614.0,33,955.935486,8791.88652,9747.822006,741.1111111111112,1.2898679721139428,edge,True,707.5357472760118,False
pool13daql23lkcwwj0gsz0dnu9tu20pugpswfped3kp05ekxkgmcumt,LAPO,170.0,0.0,20000.0,30346.736649,921302.071696,43.0,1,174.104998,120.519367,294.624365,741.1111111111112,0.23492428515742125,losing,False,82.23419926114966,False
pool13ds97sp5wtfpu7x720pj843ax2chfrcj25d88a39l8czjmg4gkf,,340.0,0.069,2.0,3.0,103.0,2.0,0,0.0,0.0,0.0,741.1111111111112,0.0,no_rewards,False,0.0,False
pool13ehs4gzc9t6tjr5rpynqtyp8act4jfqth54huymasuslj05fu8z,,345.0,1.0,100.0,0.0,8.317875,1.0,0,0.0,0.0,0.0,741.1111111111112,0.0,no_rewards,False,0.0,False
pool13ew2l5glvzj6l8r0qkjqchxjyg7tzmv604zh4y68kvhf5x5skgu,ADALV,340.0,0.05,1130.0,4536.289075,55939.476858,12.0,0,0.0,0.0,0.0,741.1111111111112,0.0,no_rewards,False,0.0,False
pool13fpvzhz7p0f4c960k44erfykflr7qdp86t6jnxlfamhqcmfha42,CET,340.0,0.1,2.0,79744.585899,6750299.430099,4.0,7,530.532284,1531.682296,2062.21458,741.1111111111112,0.7158606530734631,losing,False,294.8498012496576,False
pool13ft2syyqvrd0x89hcyskvz3dymqz6xavq646x2gy79lq6lrthrx,VKP,340.0,0.03,1000.0,3904.69255,4259.437485,4.0,0,0.0,0.0,0.0,741.1111111111112,0.0,no_rewards,False,0.0,False
pool13gyxktxqh8umjn3dh2uk9nucacnegl0ppcsfg236hkfhcg8asxf,OGER,345.0,0.15,50.0,0.0,1355.451757,4.0,0,0.0,0.0,0.0,741.1111111111112,0.0,no_rewards,False,0.0,False
pool13h08lf24fjmxxg0mmuattjv8dvy0r6fc4hrqg4qmj38xsweexrv,qzsbu,170.0,0.1,2.0,9.820727,31531756.018263,28.0,24,860.046933,6210.403047,7070.449979999999,741.1111111111112,1.1604831179910042,edge,True,774.5469588918706,True
pool13hpkh9ljtsa4896evualpvky8rcr89qtzvfdns64qtlp7pe93nn,,340.0,0.0,10000.0,0.0,0.0,,0,0.0,0.0,0.0,741.1111111111112,0.0,no_rewards,False,0.0,False
pool13hqjq6yxcsk3wpygedcp04crk58qsc00gw4wf77q6kehxxagqme,,340.0,0.02,39100.0,0.0,0.0,,0,0.0,0.0,0.0,741.1111111111112,0.0,no_rewards,False,0.0,False
pool13hxlxd6qa68fmfhrvvmasa0mjg30tj9p5v2lmgmgsmrp2rgzkfp,dtDn,170.0,0.01,275000.0,278116.782153,61944792.521873,818.0,65,444.444861,18721.920924,19166.365784999998,741.1111111111112,0.5997007119940029,losing,False,350.77200853353287,False
pool13k6tphjfsgqdq7h27p4x86ruchcdg2x073luw8pndh3ajxvwvja,BLC,340.0,0.01,1000.0,10244.077826,69821549.599662,2073.0,68,539.790617,19491.855824,20031.646440999997,741.1111111111112,0.728353156371814,losing,False,277.4651835884651,False
pool13l9hxj5dke9yd8xrxtfdkxgppj4wdyy52k99jded9f4kv5ce7al,TOOL,340.0,0.0,2000.0,2001.678808,751406.970214,687.0,0,0.0,0.0,0.0,741.1111111111112,0.0,no_rewards,False,0.0,False
pool13lswc5y4zycu9u63ktssp6rnczt97fy54cqk4s2ehwjawg5tlh6,XMOO,340.0,0.004,200.0,250.0,250.0,1.0,0,0.0,0.0,0.0,741.1111111111112,0.0,no_rewards,False,0.0,False
pool13lz5g3f0kef09j5jvlw4t0dq7ejugl5q8sh0r8yyaxhdu04z560,ADACP,340.0,0.02,5000.0,3100.645989,5433.939462,5.0,0,0.0,0.0,0.0,741.1111111111112,0.0,no_rewards,False,0.0,False
pool13mas2wthxs28zftxskcsd8t87jk2w9ntc0u5uflt45sh7lcvs8h,MURA4,170.0,0.015,500.0,1575.286216,35475032.801414,2148.0,37,331.423808,10551.72157,10883.145378,741.1111111111112,0.4471985415292353,losing,False,237.5949225471351,False
pool13mjxg33urh0xquvw33kjn85yw7j42uwqw0pvh8s6c67rszr7ssz,MIHOP,340.0,0.01,30000.0,87137.804783,602650.971662,13.0,0,0.0,0.0,0.0,741.1111111111112,0.0,no_rewards,False,0.0,False
pool13mxx49xrq4hp6mca8qrzxxmjhfrts0ayh5n6ff9uyuusq9cx4d8,UPBIT,340.0,1.0,200000.0,30756108.978515,30756835.399066,2.0,31,9139.702856,0.0,9139.702856,741.1111111111112,12.332432639280357,strong,True,9139.702856,True
pool13nn6lk6dx5ww95h5qqeeazyp074j7en8e6qszq62rtj9wcx522z,MERIA,170.0,0.02,1.0,353.456398,926890.011982,16.0,0,0.0,0.0,0.0,741.1111111111112,0.0,no_rewards,False,0.0,False
pool13p725l7vqedxvkrstaq7myguewcktjglapwls3re7wakxdv90fw,ANCO,340.0,0.015,100000.0,102235.651226,104496.694539,4.0,0,0.0,0.0,0.0,741.1111111111112,0.0,no_rewards,False,0.0,False
pool13p8rkc9nv8umw98qdvjqv0tmwgjmzlmyedrd3m50pjpp58ek53a,,340.0,0.02,40.0,116.330953,116.330953,1.0,0,0.0,0.0,0.0,741.1111111111112,0.0,no_rewards,False,0.0,False
pool13pclvkwxee4znt7qc55k8ny89zvdkvfrt04dtd99zjm5vs2tws5,CCJ2,170.0,0.048,100000.0,100498.518417,26137175.921863,179.0,23,511.396339,6267.066075,6778.462414,741.1111111111112,0.6900400376311844,losing,False,421.30408079218233,False
pool13pt7us94nw782t5v4d89sz8zqn8hcn8r8r7hhph5mvxvvp3c76v,DIGI6,250.0,0.04,215000.0,215031.159881,11140187.591104,867.0,8,373.425239,1985.318844,2358.744083,741.1111111111112,0.503872136581709,losing,False,208.6679998507537,False
pool13q8kl9s0kufpl0vjmnrk2f2nz9nle3k9l3pnzh4negaf7kmd80p,,340.0,0.05,1000.0,1016.464205,1034.088522,2.0,0,0.0,0.0,0.0,741.1111111111112,0.0,no_rewards,False,0.0,False
pool13q9w8c2namcec725euu7pfjnzz2fj9h5k2wjtafysnwnqdcrwg7,BLOX,170.0,0.0,50000.0,51732.150217,214979.902838,9.0,0,0.0,0.0,0.0,741.1111111111112,0.0,no_rewards,False,0.0,False
pool13qdkwy5y88ncr5qpjrh8hgtf94d0zw4wuhgezjg3hvlyyrh37c7,SECUR,170.0,0.0,100000.0,104328.204817,37077057.446837,1000.0,29,193.570705,8353.18959,8546.760295,741.1111111111112,0.2611898568215892,losing,False,98.8380174717098,False
pool13qe6ycacqjg3gpvjewg8734d6hs6rhduuenjtnnkwh327hmtyz5,TDOT,340.0,0.0,50000.0,142667.388216,428516.102852,24.0,0,0.0,0.0,0.0,741.1111111111112,0.0,no_rewards,False,0.0,False
pool13qppafmw3vq5rl4ewmxv7zy84x3rshx9sdczs0zq40cxu0dqkrg,CIEL,170.0,0.0,10000.0,10255.683938,12799.166951,7.0,0,0.0,0.0,0.0,741.1111111111112,0.0,no_rewards,False,0.0,False
pool13r4e7tttcxp4qfs4gqtv0hz5k48qdhhxrskz8pjrj6fqy5qmee0,SOLCY,170.0,0.0,23000.0,41356.674754,1864889.272331,80.0,0,0.0,0.0,0.0,741.1111111111112,0.0,no_rewards,False,0.0,False
pool13rcsycq8h085yfu7m3s48gqf9gsxg26fp89q27e3l788k8xa4ea,,345.0,0.15,345.0,246.637145,7222.36405,2.0,0,0.0,0.0,0.0,741.1111111111112,0.0,no_rewards,False,0.0,False
pool13rt3ngkek4l876980ect869cu978d36dcyh22ts4nwuf7ncq02u,EVE8,400.0,0.04,10.0,12.713321,41046637.412868,2195.0,40,855.366732,10900.093127,11755.459859,741.1111111111112,1.1541680041979008,edge,True,542.2218674225254,False
pool13s5faca3kkg6jhqcll8xd9tarur3zkhalyuu92d5g87zyj4wrrc,TZD,340.0,0.05,0.0,0.0,70021412.802293,4.0,53,1103.695514,14510.21477,15613.910284000001,741.1111111111112,1.4892443217391302,edge,True,851.9455142000002,True
pool13s6u5zjngelr5uddhqygqqf5tcup0g3ajenma6amy9zuu7e97gm,CTL,340.0,0.01,200000.0,214845.962093,286844.737424,20.0,0,0.0,0.0,0.0,741.1111111111112,0.0,no_rewards,False,0.0,False
pool13ss25l908k5vqfw0aq2t66xr3hrvlqlsf4tfsmp59kyfxhfmah3,,345.0,0.15,2000.0,10573.027034,10573.027034,1.0,0,0.0,0.0,0.0,741.1111111111112,0.0,no_rewards,False,0.0,False
pool13t8yafhx3mfnxs8nnkvgqnm9v5gspk7cdjc5dmpzpt0a6h294yn,UPBIT,340.0,1.0,200000.0,31229872.593678,31229874.24923,2.0,25,7370.728671,0.0,7370.728671,741.1111111111112,9.94551095037481,strong,True,7370.728671,True
pool13u45a953lme8y835e5upndqp50r887dha7gt26v6hcaeup4aavx,QET,340.0,0.0199,1729.0,1729.423021,14613.990813,2.0,0,0.0,0.0,0.0,741.1111111111112,0.0,no_rewards,False,0.0,False
pool13ucz6778ywff5pmcag4pcknq9gm6j04qtgh65cu9c5mt73t5ulv,GLOBE,340.0,0.02,50116.0,534.218731,2761.946533,5.0,0,0.0,0.0,0.0,741.1111111111112,0.0,no_rewards,False,0.0,False
pool13ugz5ye96g5jcxw2c3kt9x7cc75p4lmxl2jz7cy0a4xkkju0dr0,,360.0,0.05,100000.0,0.0,0.0,,0,0.0,0.0,0.0,741.1111111111112,0.0,no_rewards,False,0.0,False
pool13vc4ekwpky5vtnl8pyj60phkmwtv7gsthn4g525udt7mjycs85v,ANTRX,340.0,0.02,5000.0,7087.186208,21198.916526,13.0,0,0.0,0.0,0.0,741.1111111111112,0.0,no_rewards,False,0.0,False
pool13w9mcp8af4ef8vwsw624ams38w7hs0chvtjknz2t3pcxkm8w9m2,,420.0,0.9999,5.0,9.630058,9.630058,1.0,0,0.0,0.0,0.0,741.1111111111112,0.0,no_rewards,False,0.0,False
pool13ws3wf9skw0ngg3aze482tdxqsnfmvf4vgy46cux599mxm8n27g,8BALL,170.0,0.0,808000.0,904013.512889,1199108.089519,42.0,2,486.507433,103.316605,589.824038,741.1111111111112,0.6564568061469265,losing,False,463.1283857394122,False
pool13wtywenpwvg5snncx5zvxevvry85cp3c9nq0xlxlck9l7qh2spx,0BoB,340.0,0.0,50000.0,321203.624,333879.525248,8.0,0,0.0,0.0,0.0,741.1111111111112,0.0,no_rewards,False,0.0,False
pool13wzpwavanfpkr4r4j30plrlc6dn6p822lkt22zdllmy7q8y7s90,CARBO,340.0,0.0,50.0,89.271685,39136.235253,73.0,0,0.0,0.0,0.0,741.1111111111112,0.0,no_rewards,False,0.0,False
pool13xh3tgwzhr3hn25v5m2dnvqnfcmnzghcfah5t7kzufkywuy7w7v,,340.0,0.01,100000.0,0.0,66808.431699,162.0,0,0.0,0.0,0.0,741.1111111111112,0.0,no_rewards,False,0.0,False
pool13xlhhdl2phz8sup0hwcuhp6c4kscrtxs6d05n99hnmuakfkd6ws,,340.0,0.0,0.0,17.623942,39.624703,2.0,0,0.0,0.0,0.0,741.1111111111112,0.0,no_rewards,False,0.0,False
pool13xzckaj3srgldr67dksx874jxe3c9xnc245xyr44p7cdxh07hft,LGC,240.0,0.055,5000.0,6603.172999,2989714.572232,72.0,5,310.39068,1159.191165,1469.581845,741.1111111111112,0.41881800899550214,losing,False,154.6127103030317,False
pool13y37atzdckzr0gvj8mtnma49602jjtcw2dhr9zmpy4rase88j6p,BKRY,170.0,0.0,2000.0,2848.83841,2848.83841,1.0,0,0.0,0.0,0.0,741.1111111111112,0.0,no_rewards,False,0.0,False
pool13z5t8wlhtf7ccc0hud8pnvpjeekjdsyn7sq69fcxf3k6kpnlm74,BTV2,170.0,0.02,2.0,9.820727,45712465.45274,6.0,42,414.068319,11959.219172,12373.287491,741.1111111111112,0.5587128742128935,losing,False,320.96833910413426,False
pool13z9mfsve9w39sl5akgz58yewad9daycxn8ja426ytdxey47yatu,UPBIT,340.0,1.0,200000.0,31239798.733335,31239798.733335,1.0,38,11203.507598,0.0,11203.507598,741.1111111111112,15.117176668965516,strong,True,11203.507598,True
pool13zagy9a4nnhgme5wcnl0w3xzt523yn76jxh52360rryexc9f9dc,,170.0,0.0,100.0,101.0,101.0,1.0,0,0.0,0.0,0.0,741.1111111111112,0.0,no_rewards,False,0.0,False
pool13zdrhek6m4n947grhrm0772zt09lrm2vzkffsla25e7yq6xqjkg,FPOOL,340.0,0.01,50000.0,50796.680345,128730.850355,34.0,0,0.0,0.0,0.0,741.1111111111112,0.0,no_rewards,False,0.0,False
pool13zh79cqv3y36cgknzagwegp8y0kuzel2j046jmup97hhjwk5myw,,340.0,0.015,100.0,1215.456696,3567.253335,32.0,0,0.0,0.0,0.0,741.1111111111112,0.0,no_rewards,False,0.0,False
pool13zkcgp7se22046p9gczt98au93dw85q2g7m3zany4kzf66y46x0,TERO,340.0,0.02,2252.0,0.0,11530.049713,28.0,0,0.0,0.0,0.0,741.1111111111112,0.0,no_rewards,False,0.0,False
pool13zq5jktx7xmngfer82nkrs8aqjklmydntxdqzttas328yuttgx6,VICIS,170.0,0.0,100.0,105468.807842,713395.845687,39.0,1,188.421252,106.180922,294.602174,741.1111111111112,0.25424156941529236,losing,False,107.46609807348574,False
pool140d97glhjr5nws8cdhn70h4nk35vmmmvqe3zwg43t4caxt0m7wn,,340.0,0.05,100000.0,0.0,30.339049,1.0,0,0.0,0.0,0.0,741.1111111111112,0.0,no_rewards,False,0.0,False
pool140x77a7cz2j689lmxf836qpjtc3y83rka28v6gpswxdw2mag62e,UNDR,340.0,0.0299,250000.0,285065.384525,6119662.633994,67.0,9,513.747613,2140.138893,2653.886506,741.1111111111112,0.6932126712143927,losing,False,268.64621734586535,False
pool140xj040w37pcufxdhpjne03sn2rd0fxys4m2c0sgjw5pqjnlx8f,LAKE,340.0,0.02,25500.0,246.96048,9610.220807,19.0,0,0.0,0.0,0.0,741.1111111111112,0.0,no_rewards,False,0.0,False
pool1429egqgv60r3nxlp6cvs08qcffv7duddjvyjd0pt6wzhj7akda8,NASEC,340.0,0.01,50000.0,94663.302443,3529952.238789,201.0,0,0.0,0.0,0.0,741.1111111111112,0.0,no_rewards,False,0.0,False
pool142cpn2gm89q72srv9pt7jtt7p7yg43a8ltfqhz3jp3t3xuh7x48,QUASR,345.0,0.045,100.0,497.62095,10332.502152,4.0,0,0.0,0.0,0.0,741.1111111111112,0.0,no_rewards,False,0.0,False
pool142dzectpdjwzqmfxdg4mehfe9dd0ts39zz4y7x92fqlyc8gwdmh,P142,340.0,0.02,606.0,0.0,0.0,,0,0.0,0.0,0.0,741.1111111111112,0.0,no_rewards,False,0.0,False
pool142xwjhpcvtp7tahpmn8tlnek7smefp9wn66z67j8vjpmjxqdg56,EDEN,340.0,0.01,1000.0,1046.336393,14980388.63324,1255.0,7,357.341314,1704.880591,2062.2219050000003,741.1111111111112,0.4821696890554722,losing,False,95.00963267955024,False
pool143d6z506u6yfufgzrtx8ywcwx3j4s29lxv5tdugcpcwk2l83gck,,340.0,0.05,0.0,0.0,70021859.369054,5.0,75,1427.757803,20667.398258,22095.156061,741.1111111111112,1.9265097791604195,edge,True,1176.0078030500001,True
pool143nv3macakarny2hvg67gg00q5j2kdg6yfvcmefqmea3vnj0nex,AND,170.0,0.04,3000.0,11253.147639,198011.133282,6.0,1,181.782397,112.823045,294.605442,741.1111111111112,0.2452835941529235,losing,False,95.76537410987109,False
pool143x8nhnr3j9mpzvhayuaen0y8l350guj6yd8mhmhhuupvuah3hh,XSEC,340.0,0.0,580.0,25050.59229,289078.587713,24.0,0,0.0,0.0,0.0,741.1111111111112,0.0,no_rewards,False,0.0,False
pool1442wwr8zzdpcu8uwnglackzr3u5ggrmfxsjja0s7aef66hk2fuc,PASTA,170.0,0.0,20000.0,20175.77496,300962.034494,51.0,0,0.0,0.0,0.0,741.1111111111112,0.0,no_rewards,False,0.0,False
pool144cfav5vd6vwaej6cspzea3pjfvdcjg86uzv9phxegz87ynw2zz,,340.0,0.03,114509.625174,0.0,160.730261,3.0,0,0.0,0.0,0.0,741.1111111111112,0.0,no_rewards,False,0.0,False
pool144m894gswuy3se407ma5870nkaw5ylykrak73gf4kpepj50ulfa,CLUB,170.0,0.0,0.0,17.27864,594720.662102,204.0,0,0.0,0.0,0.0,741.1111111111112,0.0,no_rewards,False,0.0,False
pool1456lrrp0a3gsgkmyx0rm8wkdmdku75tfdlu9xvpffvxmqmjkwee,ADPL,340.0,0.05,25000.0,49656.591137,141781.432515,16.0,1,294.625557,0.0,294.625557,741.1111111111112,0.39754572908545727,losing,False,159.055470140514,False
pool1457cnl7qu568h98xrw8krfnjkhf05mfhaq2l50epwy36yuln20q,GMO1,340.0,0.04,35000000.0,37254342.649474,65558614.549309,218.0,59,11582.595102,7958.13158,19540.726682,741.1111111111112,15.628689043178408,strong,True,11472.760396532367,True
pool145ak0czqxe97ef38zjupk0pz5yk7pahcyrdfee2lrnsnwawj6dc,TIA,340.0,0.045,10000.0,10013.189749,1102338.237266,1079.0,0,0.0,0.0,0.0,741.1111111111112,0.0,no_rewards,False,0.0,False
pool146s6wt66d069uqfvjh39qn0racde6pytzju7y4mykf88zc0dscz,,340.0,1.0,0.0,47246666.875952,47246666.875952,1.0,45,13257.093639,0.0,13257.093639,741.1111111111112,17.88813234647676,strong,True,13257.093639,True
pool146u0r8qh0jg6rd3th76q6cepwm03nya4pkvfj08juqrz7wxnfv9,PINAS,345.0,0.02,100.0,7.622358,15.435806,2.0,0,0.0,0.0,0.0,741.1111111111112,0.0,no_rewards,False,0.0,False
pool147en6w8f9cplnn5x7qt4ese7fpacmmcwuffrtu0yqxpaz4agppr,STI2,340.0,0.015,37000.0,38791.374908,15298357.211228,2393.0,17,421.695534,4587.25412,5008.949654,741.1111111111112,0.5690044686656671,losing,False,161.3323830293811,False
pool147t2chee9vcyjxtafwd8emkjj88f9dra0xa2clgwlr6m7tzdzvz,GIGAX,340.0,0.03,10000.0,0.0,809.142273,6.0,0,0.0,0.0,0.0,741.1111111111112,0.0,no_rewards,False,0.0,False
pool147tju4482jtl253lgqq88fkefdugcuhaumf8m0rcj8uzxu846qm,,340.0,0.05,0.0,0.0,74344378.037146,18.0,96,1737.089988,26544.709766,28281.799754,741.1111111111112,2.343899534032983,comfortable,True,1485.3399877000002,True
pool1484zq40k4xg69t55z4fqz78zz6j3t9pvlw4jd635w692xhfzkka,,340.0,0.01,30000.0,30471.557042,31812.122034,3.0,0,0.0,0.0,0.0,741.1111111111112,0.0,no_rewards,False,0.0,False
pool1488f5rzus7kpu3zr6zwyw8mdy0rj4m3knssv58enurgsx40msjf,,350.0,0.02,500.0,589.624382,1087.461798,3.0,0,0.0,0.0,0.0,741.1111111111112,0.0,no_rewards,False,0.0,False
pool148ajvsw7z9mhgw43tqvgmfrv22azvm638knkqghqv497xvdl2tk,IOGP,500.0,1.0,64000000.0,0.0,0.0,,0,0.0,0.0,0.0,741.1111111111112,0.0,no_rewards,False,0.0,False
pool149d5lzg7m6susau4f4yfdztgkty34qrcdpvd3ygsetmljgxxf8g,TERA3,340.0,0.0,300.0,736.501699,19859712.362291,1238.0,22,340.227749,6141.024926,6481.252675,741.1111111111112,0.45907792218890553,losing,False,75.23757725657293,False
pool14ajz2t680q2c7tekek3eqazhnapfl3l4w3cep9tnh9ym6jhph8m,CST,170.0,0.03,50000.0,63917.189973,1681450.529794,22.0,0,0.0,0.0,0.0,741.1111111111112,0.0,no_rewards,False,0.0,False
pool14atewgzlv6nl2e8k3ndrzwt9y07sepuplj9vuxk3trzzj5lmg64,WAY,340.0,0.1,1500.0,0.0,1232.792602,3.0,0,0.0,0.0,0.0,741.1111111111112,0.0,no_rewards,False,0.0,False
pool14cautfm2e8jxv79tv59grnryjxs8f2wewz66wup695xgu7wjnvr,,188.0,0.005,2020.0,31.972605,69421.579083,51.0,0,0.0,0.0,0.0,741.1111111111112,0.0,no_rewards,False,0.0,False
pool14cq4fchmmqjygwjw4zexmqqd6a7caxptjnvseyu6wanjuppv4vk,CH1,170.0,0.0,3000000.0,5117017.813534,76568395.037502,2257.0,87,1891.370448,24036.24917,25927.619618,741.1111111111112,2.5520740677661164,comfortable,True,1802.7143532528246,True
pool14dswwngc8j92uek927jced2lfc7c4pa4ss9gry9nu9rhkc7a055,VRIJ,170.0,0.0,100000.0,106900.808164,808451.8045,33.0,0,0.0,0.0,0.0,741.1111111111112,0.0,no_rewards,False,0.0,False
pool14dz6syalxmtlykaudkk50t9xtve0ne2rvtsgqmyvfeg5cxx68n4,,340.0,0.0,1000.0,1005.112588,36903.304032,2.0,0,0.0,0.0,0.0,741.1111111111112,0.0,no_rewards,False,0.0,False
pool14e7g4xmj77s7sy5uajwvdmvejmjcvhkf449tasq3tz80gv098t8,,340.0,0.05,50000.0,0.0,872.085077,1.0,0,0.0,0.0,0.0,741.1111111111112,0.0,no_rewards,False,0.0,False
pool14enw2643rn9nn6yzv60jyz3hj4kxs0jvap87lkgsqykh508jxm6,STSH2,345.0,0.1,1000.0,39932.231674,12245569.195367,20439.0,12,673.386762,2861.841679,3535.228441,741.1111111111112,0.9086178197901048,losing,False,431.17812372742054,False
pool14exgv53wem2jwutrqpsdxtrl4hweefymltq02xt72z60x8ge4qf,ADR,340.0,0.02,100.0,449.960297,449.960297,1.0,0,0.0,0.0,0.0,741.1111111111112,0.0,no_rewards,False,0.0,False
pool14f0uj8vghxzs09p3rzvhlur0dnfwylxc67whaz087srtjjrcjgd,BOATS,170.0,0.0,4000.0,7766.802027,144058.725559,18.0,1,176.718052,117.888447,294.606499,741.1111111111112,0.23845014512743626,losing,False,86.83989511886261,False
pool14f58kf59ec7ymk7mm5w07advfgs6a2guur3g5zyf45uvyvl80t4,EVE5,400.0,0.04,1000.0,1496.163202,97493.242218,18.0,0,0.0,0.0,0.0,741.1111111111112,0.0,no_rewards,False,0.0,False
pool14fjmlppz76667ws3jl5luejf2wgztuhpsftulvh3ucc65anqgve,XSP2,340.0,0.037,20000.0,56495.274835,37189716.831715,1206.0,33,700.882828,9021.737218,9722.620046,741.1111111111112,0.9457189583208395,losing,False,446.07547435876717,False
pool14fka0t3prjrldjkavqc6vs0zyngq7jw9edek57js94g9v4r25rg,,340.0,0.0,30500.0,94.501048,4630.384584,15.0,0,0.0,0.0,0.0,741.1111111111112,0.0,no_rewards,False,0.0,False
pool14g73qj0qz05ymqg7dp9kxdu8jr7uuzm6z6n3jwxpvqskghhmhng,TWIN1,340.0,0.005,100000.0,15.23817,8271.238976,20.0,0,0.0,0.0,0.0,741.1111111111112,0.0,no_rewards,False,0.0,False
pool14g7yxpecpp2vt25nc7mjtf8q5g8n362wxksvpxz5fht35khqs0t,EPOOL,340.0,0.1,10.0,10.0,1540.253137,2.0,0,0.0,0.0,0.0,741.1111111111112,0.0,no_rewards,False,0.0,False
pool14ga04y2dec7vmahzstd2c5mjsw7vq0v62mwclqynvy2wsc5g40p,WAV6,340.0,1.0,10000000.0,0.187695,2.5,1.0,0,0.0,0.0,0.0,741.1111111111112,0.0,no_rewards,False,0.0,False
pool14glhqr7989jz4yu0hnytpw62xlq0666sy075ztufdya2yw4d6fe,CNDL,340.0,0.04,100.0,2239.352681,2266.748728,7.0,0,0.0,0.0,0.0,741.1111111111112,0.0,no_rewards,False,0.0,False
pool14gw9d5yhxf5t6k68tqvpa95hragu78yuyr7lm9gz9d9dx2yz9s4,EUADA,340.0,0.015,8850.0,8885.24942,12697.480936,22.0,0,0.0,0.0,0.0,741.1111111111112,0.0,no_rewards,False,0.0,False
pool14gzj8a99u43j2gu3z0wcyedvdca27m2lx7msqxywl3lrcyrvmys,,340.0,0.0,0.0,313.285815,313.285815,1.0,0,0.0,0.0,0.0,741.1111111111112,0.0,no_rewards,False,0.0,False
pool14h7cjyklnrf2ylu6g2z89n5zckeyprw36lstw7lw5kvqwc4xw2d,HIMAL,340.0,0.019,23000.0,2.669618,37.987754,2.0,0,0.0,0.0,0.0,741.1111111111112,0.0,no_rewards,False,0.0,False
pool14hhs6ruwnuaf4fzsmx89mvmjl2qhyy5jnzyk2le03886kj6z9yp,OKYM,300.0,0.01,1000.0,4225.788268,3246454.481216,16.0,2,303.264749,285.941683,589.206432,741.1111111111112,0.4092028097451274,losing,False,80.80469435071376,False
pool14hk8kx2c8ukxcq7z3tqdedly9599f9sfhy5lfd3mp98txkdeevk,RDC,170.0,0.01,10000.0,10428.762752,41277.291511,5.0,0,0.0,0.0,0.0,741.1111111111112,0.0,no_rewards,False,0.0,False
pool14hp04q89xy58gh9jjvfra5x8lfzd7jes3jljwcjrh0rcjqkss7y,CCOOP,345.0,0.15,100.0,0.0,201.302353,1.0,0,0.0,0.0,0.0,741.1111111111112,0.0,no_rewards,False,0.0,False
pool14hpc9wgnwy0w3jrlcqwftyufm8xs5qena4sax5hx7e5q703uuml,,340.0,0.025,1000.0,18.816176,18.816176,1.0,0,0.0,0.0,0.0,741.1111111111112,0.0,no_rewards,False,0.0,False
pool14hsxa2zfwzvy9ncdjwnx0xkcltjmdydeayxfju7suuuewv0dnke,KROM,170.0,0.0,50000.0,51430.621763,270783.796487,28.0,0,0.0,0.0,0.0,741.1111111111112,0.0,no_rewards,False,0.0,False
pool14kd9lt3gsdhv48j9w4vgcufw0txdvz932xwh9dapkpv2c0j4ytd,FRNTR,340.0,0.0199,16000.0,17732.658391,26046.378685,10.0,0,0.0,0.0,0.0,741.1111111111112,0.0,no_rewards,False,0.0,False
pool14kddecyyn0vjm07kr7vctnqnn3dt668dna63epdly220z4kgss7,CUAN,340.0,0.01,100.0,0.0,0.0,,0,0.0,0.0,0.0,741.1111111111112,0.0,no_rewards,False,0.0,False
pool14klr0hf5chszxhqt72nqxl57q4eemz0ys83pcpnc8nmy68fx5vc,BPT,345.0,0.15,100.0,0.0,632.644176,2.0,0,0.0,0.0,0.0,741.1111111111112,0.0,no_rewards,False,0.0,False
pool14lr9ef5a22ng5xcu2rhpkkc86u5fp24r5gnj6hvnjxmsv8t8rtj,FRUIT,170.0,0.031,310.0,321.018354,17662.245764,61.0,0,0.0,0.0,0.0,741.1111111111112,0.0,no_rewards,False,0.0,False
pool14mfq8s3gspe8sdka6cgkm6jzgd644dvw2av5kqa8w4havs9e57u,,340.0,0.0,10000.0,25260.930066,25260.930066,1.0,0,0.0,0.0,0.0,741.1111111111112,0.0,no_rewards,False,0.0,False
pool14mhf0xtx45a8979mcnad8upas8apwal4nfqd95arv4wlsuk6m9q,GMO2,340.0,0.04,20000000.0,28984150.653619,60864534.308555,204.0,68,10846.637978,10626.707141,21473.345119,741.1111111111112,14.635643448575712,strong,True,10713.385130225095,True
pool14mm59ntjqzphjr6chrww639cdr3yjce4qcwzc5jkk38y22u7uc6,ZZZ2,340.0,0.05,50000.0,58321.052516,33821996.967491,137.0,45,1007.146931,12252.508804,13259.655734999998,741.1111111111112,1.358968872413793,edge,True,755.8310338982135,True
pool14mumny7t9l4ydjkqkllylxzzvwf0s5te9vujqet82eszj3d6ccm,,340.0,0.0275,25000.0,1.0001,1.0001,1.0,0,0.0,0.0,0.0,741.1111111111112,0.0,no_rewards,False,0.0,False
pool14n6nrj7rdrcxhwlzx5kytt60pqwnzjm97nuczrpa0ucwzyx2ule,MAKE,170.0,0.0,777.0,2864.128952,136070.241907,4.0,0,0.0,0.0,0.0,741.1111111111112,0.0,no_rewards,False,0.0,False
pool14n77mmxh6a2d9k05jamzdwsws2ayvkyje8uc7led958p63at3aj,SECUR,170.0,0.0,200000.0,208392.402112,8040190.001718,161.0,9,234.367481,2419.056866,2653.424347,741.1111111111112,0.31623798035982004,losing,False,141.82976934880662,False
pool14nxj3szga2tgllwenjgajfl3y4t570yghhyk36d2heuqvy63wl3,,340.0,0.05,0.0,0.0,14560771.690954,3.0,15,543.95156,3875.07965,4419.03121,741.1111111111112,0.7339676221889054,losing,False,292.2015605,False
pool14nzt6708j4jgu5f5ajxgp0pdfp42jqraum585dy2r7vt5zulyd8,BN1AU,340.0,0.0,4500.0,3986.978827,16221.979478,9.0,0,0.0,0.0,0.0,741.1111111111112,0.0,no_rewards,False,0.0,False
pool14p4ksk3ddqtax905sys7ujakpxwvfsntjnvlu8p9d3wxycy7pv3,KIRIN,340.0,0.01,25.0,3316.189393,5122.521586,8.0,0,0.0,0.0,0.0,741.1111111111112,0.0,no_rewards,False,0.0,False
pool14p6lu0454w4wq6gsxxftqdz43x3tuv3teunp8kgu08tacgf43gd,,345.0,0.15,100.0,497.625174,594.564135,2.0,0,0.0,0.0,0.0,741.1111111111112,0.0,no_rewards,False,0.0,False
pool14pm8aq4eu6ms4r5egy6j4g0ny76cpqgy40qgyxa8c4f02kj98wg,,340.0,0.03,70000.0,16.84348,75059.279918,19.0,0,0.0,0.0,0.0,741.1111111111112,0.0,no_rewards,False,0.0,False
pool14prutdqlndelj94pdz6h03yjh8c2qrmvgzrh4f46nryn2024u90,ADAMP,345.0,0.2,1000.0,1019.823411,10252.711035,9.0,0,0.0,0.0,0.0,741.1111111111112,0.0,no_rewards,False,0.0,False
pool14pwff25hl70dusazjckjqvzft35ew67t33x49hwjm5j7y675ere,,345.0,0.0,100.0,117.618178,117.618178,1.0,0,0.0,0.0,0.0,741.1111111111112,0.0,no_rewards,False,0.0,False
pool14pxhk34wlpu2azrnwy9ah8hrzxgffhqthcxcp620209eupfjfcn,1337,170.0,0.0,100.0,100.0,4365.205438,5.0,0,0.0,0.0,0.0,741.1111111111112,0.0,no_rewards,False,0.0,False
pool14qpadfdjzw6jkwxy67uhey6tjpyppsmwgz5awfsxwrtpsecslpc,BEADA,170.0,0.02,90000.0,118495.767292,1175363.441659,173.0,0,0.0,0.0,0.0,741.1111111111112,0.0,no_rewards,False,0.0,False
pool14rf039l9kskejp4g7synrefujghemdwkenx544gywgp9cttert6,,345.0,1.0,100.0,97.620202,195.445945,2.0,0,0.0,0.0,0.0,741.1111111111112,0.0,no_rewards,False,0.0,False
pool14rs7ky0p867k0fe9mk3uug9c6w0mwlz3sllh7rpwxcqacr70s8t,KIKO,340.0,0.029,110000.0,110497.619322,110503.354467,2.0,0,0.0,0.0,0.0,741.1111111111112,0.0,no_rewards,False,0.0,False
pool14skj6e4rpjanzclx3fc880xnl8xafgg63tmw93t9xspvwx985qu,EVRST,400.0,0.04,1000.0,1497.670787,51528643.9213,20168.0,51,985.398633,13963.290958,14948.689591,741.1111111111112,1.3296233428785607,edge,True,670.3625927136368,False
pool14sy0qjv6fl5jcv0gfn6zl8w9tqnm67drxum6tdmazcjvypy848w,AIRE,340.0,0.0,5000.0,5016.208988,5025.750076,3.0,0,0.0,0.0,0.0,741.1111111111112,0.0,no_rewards,False,0.0,False
pool14t5mu3sc07e92k6etpq2xftwjy2z3y8gxq0wny2crdckq2rpt0r,,340.0,0.001,500.0,1.523234,2602.446738,3.0,0,0.0,0.0,0.0,741.1111111111112,0.0,no_rewards,False,0.0,False
pool14tdqa54j9kwhxpx3q55zrgt2gc8lqk9trkhfe7m36fhp7jjzf6w,,369.0,1.0,0.0,0.0,379.851919,1.0,0,0.0,0.0,0.0,741.1111111111112,0.0,no_rewards,False,0.0,False
pool14tj8njl3ggzj4dzcsrm5yjekrahytp4zkh3s78gsxz4c55jfuzv,,340.0,0.01,100.0,107.62403,760.828483,2.0,0,0.0,0.0,0.0,741.1111111111112,0.0,no_rewards,False,0.0,False
pool14ts4y6fpvxnc3e2aqwxqh5xskjyzlpzk6rexgyt3syh2vdgrv7a,,340.0,0.01,500.0,500.0,500.0,1.0,0,0.0,0.0,0.0,741.1111111111112,0.0,no_rewards,False,0.0,False
pool14ujg8l2x6fm5jm07jd6jftktt35dzsnefl2jmx9d8vr4cxxkt5d,,340.0,0.02,7.0,10.591566,65838.642173,93.0,0,0.0,0.0,0.0,741.1111111111112,0.0,no_rewards,False,0.0,False
pool14w9tn4w30dwd2lfv4cwjg2a2e3ukfd0nqrydx37fjzf7z5f5jnk,KOBE,340.0,0.025,500.0,549.40155,73761.061413,66.0,0,0.0,0.0,0.0,741.1111111111112,0.0,no_rewards,False,0.0,False
pool14wfydr6sewgx0qw39ccv53dysgg9m4u2763ngcyuyuxrxdfhq3e,,340.0,0.01,183.0,185.425793,2894.300716,3.0,0,0.0,0.0,0.0,741.1111111111112,0.0,no_rewards,False,0.0,False
pool14wk2m2af7y4gk5uzlsmsunn7d9ppldvcxxa5an9r5ywek8330fg,SMAUG,170.0,0.0299,1000000.0,1063123.345248,32073979.362968,3836.0,38,856.786243,10164.414266,11021.200509,741.1111111111112,1.1560833863568214,edge,True,754.2655002146755,True
pool14wn0gvhwme9lxx9l7j85k0dr2twyrgf9j0k3gx0f5d5ckzeln2l,SIRET,340.0,0.0,0.0,455.198513,896.394957,2.0,0,0.0,0.0,0.0,741.1111111111112,0.0,no_rewards,False,0.0,False
pool14xq8v9s80ut6vmwp93tzhlydhsdqhxk3e9jerl2kl7hm2dq6pru,ARH,340.0,0.05,0.0,0.0,70188925.259231,10.0,70,1354.107283,19268.038371,20622.145654,741.1111111111112,1.8271312664167914,edge,True,1102.3572827,True
pool14y3wr9lkqyeg8z8pwuprmjwahr0ydu0pjs8usy2g93mugtpx622,GAR,345.0,0.05,100.0,162.110596,190.785069,2.0,0,0.0,0.0,0.0,741.1111111111112,0.0,no_rewards,False,0.0,False
pool14yezww4csqq4ny9xwl45e3vckvrd7rkw2j4f350wl2mqqw6shcf,MnM,340.0,0.0,500.0,503.421919,2659.962122,5.0,0,0.0,0.0,0.0,741.1111111111112,0.0,no_rewards,False,0.0,False
pool14ym9xrwe8vjl8xfm7xjx3eeg7fdqekkrejhuug732myd66y6qdy,,345.0,0.05,10000.0,0.0,0.0,,0,0.0,0.0,0.0,741.1111111111112,0.0,no_rewards,False,0.0,False
pool14z3hap9tf6gt4gk8u84kcwm3s0etcgha26sn8t8wmvcruk0kvgj,JACKS,170.0,0.0,10000.0,15765.869207,735853.961334,11.0,0,0.0,0.0,0.0,741.1111111111112,0.0,no_rewards,False,0.0,False
pool14z5zuqy98d956cktyjuztaj7u4a4wje88c8ewznqdh6uxwlpnj4,LINUX,340.0,0.03,200000.0,107.145887,107.145887,2.0,0,0.0,0.0,0.0,741.1111111111112,0.0,no_rewards,False,0.0,False
pool14zdcvdec8qmqzsat5wg3a2h9f0u5yzrgjew534z8u3gs5durnjz,PAUL,340.0,0.03,100000.0,100249.532747,32625559.359113,6525.0,36,678.702659,9931.064587,10609.767246000001,741.1111111111112,0.9157906943028485,losing,False,422.44239717035634,False
pool14zkvjsd7ny9dgc2d5faqwttzh2me0tzuk9xmf8vydxxcvqaaaya,FORT,345.0,0.15,10000.0,0.0,621.049241,2.0,0,0.0,0.0,0.0,741.1111111111112,0.0,no_rewards,False,0.0,False
pool1509aw97y38yl6cpamvpzv58hh9c6lxrggxssya9twj9f6xxd394,HKB,340.0,0.00111,10000.0,1796.769708,2154.234843,6.0,0,0.0,0.0,0.0,741.1111111111112,0.0,no_rewards,False,0.0,False
pool150hft90uw7tzr9uvj7tqkjp4u98a9hl20llj3n9ew76kkfm768r,MONKY,170.0,0.00333,3333.0,11537.342275,1620329.407186,72.0,1,171.299222,123.306617,294.605839,741.1111111111112,0.23113838050974508,losing,False,77.28975487980682,False
pool150n38x8gquu4yt5s0s6m3ajjqe89y68x96dh32tq8a4es2l6dvp,ETO1,340.0,1.0,0.0,0.0,4007584.229626,5.0,2,589.204161,0.0,589.204161,741.1111111111112,0.7950281032983507,losing,False,589.204161,False
pool1522rtve5zlgnlh3zm5a4mcy3u7gpndg3kkac3xyzxmp6x6weca3,1112,340.0,0.25,80.0,27473.04736,3495992.333159,57.0,4,554.54361,623.865048,1178.4086579999998,741.1111111111112,0.7482597436281857,losing,False,357.355467874941,False
pool152zrg07tzs7vjcw7q64r85egv6efr59lsyn4v5yqqxy0vspj26f,PTON,340.0,0.02,50000.0,0.0,0.0,,0,0.0,0.0,0.0,741.1111111111112,0.0,no_rewards,False,0.0,False
pool1533ly347ggl6je42ta7l7dv262hg07n8p4y8v32npgvajl6rxqz,MONTY,340.0,0.0,4000.0,8780.128804,49315.192102,6.0,0,0.0,0.0,0.0,741.1111111111112,0.0,no_rewards,False,0.0,False
pool153sc4fct34a680nyfj4084w8dpax6c0zt0js8zqvg3sj7wtk486,SASA2,340.0,0.03,80.0,1029.454285,22176809.078797,68.0,24,542.21662,6528.235476,7070.452096,741.1111111111112,0.7316266236881559,losing,False,285.1785519826634,False
pool154hq0j6u6ydz62mtlu7xaj78mhreyp0zsv2kq7f0qmne2fu4t7y,CTEC,340.0,0.01,30000.0,31243.80487,13780614.091301,88.0,19,404.382955,5193.704995,5598.08795,741.1111111111112,0.5456441671664167,losing,False,142.6277624136281,False
pool154sjkrwdu80wp6mnjvkwk55aj53l4v37z4zwulfak74vcxg60x0,ANZ,340.0,0.0,64000.0,87239.128151,237631.650099,59.0,0,0.0,0.0,0.0,741.1111111111112,0.0,no_rewards,False,0.0,False
pool154xmvhp4jnz7phwcla09uvzqnn3ch54lh2yzrt2znxdgc4trp8x,LEAP,170.0,0.0,100.0,613.959415,3983617.525938,77.0,4,170.155417,1008.253321,1178.408738,741.1111111111112,0.22959501544227884,losing,False,75.17005854073022,False
pool155cu3s06js3llfh07vnzepatfuvt3s5s7uwldt9rzz55wz7pugt,SPS,340.0,0.05,10000.0,21014.578424,11411837.328528,277.0,12,505.358041,3030.003453,3535.3614939999998,741.1111111111112,0.6818924091454273,losing,False,254.0716254213027,False
pool155p7g23vdme50kp5lfqylfx5h7ndldyz2mletvr8fqucqzyrk44,WPBJ1,340.0,0.04,50000000.0,56413347.161157,74913953.464833,111.0,70,18787.890576,5732.737424,24520.628,741.1111111111112,25.350976789205397,strong,True,18725.06439916873,True
pool155x3l57d4xu52t93f9r55cqaysej4pc2dl3jkc9d6w5ckyu6u7n,SPRO,340.0,0.02,5000.0,31149.342096,179866.481161,101.0,0,0.0,0.0,0.0,741.1111111111112,0.0,no_rewards,False,0.0,False
pool15676jwlm6gancffzs2jg9vf5xwzmspyktw75dl4kaucyst4qt8q,RAMA,335.0,1.0,4000.0,31625.049779,37647.583461,17.0,0,0.0,0.0,0.0,741.1111111111112,0.0,no_rewards,False,0.0,False
pool1568zhphxsnj5mfszwgta5zlvulu67g8f4jn6d3xs2tvas8ffu76,PSPJ,20000.0,0.9999,10000.0,21953.012277,1017578.190632,19.0,1,294.613366,0.0,294.613366,741.1111111111112,0.3975292794602698,losing,False,294.5918784525362,False
pool156wg3relgtlhwu55z3wpqurtaprguefe9tzrakhuqyyc60553au,LAB44,340.0,0.01,500000.0,545573.390862,1092804.399619,29.0,0,0.0,0.0,0.0,741.1111111111112,0.0,no_rewards,False,0.0,False
pool1570hpvwg22nm8uat505mj5hm6p6z26528nuwvrr7r5nh6yavdqt,,360.0,0.01,15000.0,1.0,1.0,1.0,0,0.0,0.0,0.0,741.1111111111112,0.0,no_rewards,False,0.0,False
pool1570nv2jeglcq92gg0qmkyl5dwg92mj4374j4c7eagx47kdm0r4l,,340.0,0.0,1000.0,0.0,12753.419841,63.0,0,0.0,0.0,0.0,741.1111111111112,0.0,no_rewards,False,0.0,False
pool15723rmfj9yw88yj3vjhh4f82xlwkqrwthmgw79zt6v7ukx3zv2y,,345.0,0.05,100.0,0.182428,0.0,,0,0.0,0.0,0.0,741.1111111111112,0.0,no_rewards,False,0.0,False
pool15730lwmu7vrffkl40wtjrnctsfd840fl5jmuw230r0d65a74k5e,,345.0,0.005,200.0,942.823411,942.823411,1.0,0,0.0,0.0,0.0,741.1111111111112,0.0,no_rewards,False,0.0,False
pool157dwm0l9jf2h59me75slfww8dylcnumdgjvhpsyhfmlry4cn44a,ASY,170.0,0.03,100.0,1768.477312,223122.65508,36.0,0,0.0,0.0,0.0,741.1111111111112,0.0,no_rewards,False,0.0,False
pool157e2zadjusu6esf9mmx37nf63ep2gazdeln5mh04ylpcvz59g5c,AION,170.0,0.015,200000.0,266941.446662,466526.279121,110.0,0,0.0,0.0,0.0,741.1111111111112,0.0,no_rewards,False,0.0,False
pool157sjc5een0ptynrn6ettx6zr2gl8wm8ymjtwuyravqmmcs45d20,,340.0,0.035,0.0,0.0,12.440621,1.0,0,0.0,0.0,0.0,741.1111111111112,0.0,no_rewards,False,0.0,False
pool157xnzltgv3h4zzege5qh0fx23cr90gve663xddtq4j0u56fu8c9,IVY,340.0,0.0,47000.0,0.0,0.0,,0,0.0,0.0,0.0,741.1111111111112,0.0,no_rewards,False,0.0,False
pool158ag8p06qm4apd750ekep6een9cdldqsq434ll2mp0ykgunmguy,ALPHA,170.0,0.03,10000.0,18854.271217,268448.293456,22.0,1,182.227935,112.385107,294.613042,741.1111111111112,0.24588476986506744,losing,False,96.55002312307225,False
pool158je65d93ghx2sedvazczpxjvnx0k6mwxwup8vv6uxnz2x0xal4,SAMOS,340.0,0.01,1100.0,1121.41901,1123.40592,2.0,0,0.0,0.0,0.0,741.1111111111112,0.0,no_rewards,False,0.0,False
pool159lt33zgmwm4ehyhr39lw5gv4flncg0lswxrrny8fnc4uun4h74,MOONX,340.0,0.0,0.0,6.289215,10.181917,2.0,0,0.0,0.0,0.0,741.1111111111112,0.0,no_rewards,False,0.0,False
pool159nu5jnr7jc58hqaw880qtpzsq72q9pc9w3r88reeuyh702apfe,,340.0,0.025,100000.0,0.0,0.0,,0,0.0,0.0,0.0,741.1111111111112,0.0,no_rewards,False,0.0,False
pool159s558a4ffhp9nqjp9dx048lphdlxjc8xmy5pcmfe4jhuxe4a2u,FGMT9,170.0,0.1,2e-06,9.820727,35216327.301207,6.0,36,1213.57011,9392.104799,10605.674909000001,741.1111111111112,1.6375008980509744,edge,True,1128.0701339068723,True
pool15a04yc72q4tfkwaweu86l0764urswee8c3zxperyrdq4kx8nvua,1PCT4,340.0,0.01,50000.0,50017.247499,82087.190195,37.0,0,0.0,0.0,0.0,741.1111111111112,0.0,no_rewards,False,0.0,False
pool15amxxauxh409wcuc87e0tusfzuka0wfvxhxmpt6vugqgsw6j4d6,KITTY,340.0,0.01,1000.0,1200.427817,1312.851747,4.0,0,0.0,0.0,0.0,741.1111111111112,0.0,no_rewards,False,0.0,False
pool15ccmgcc4k9t8auxw9v4dfjmrl2kqnuevawn8z6n7xv09utw9hh3,4ADA,170.0,0.02,300000.0,300018.543195,21417870.068019,1463.0,30,462.696284,8385.348194,8848.044478,741.1111111111112,0.6243278194902547,losing,False,370.89464394403655,False
pool15cy4p3axu0m6sfrmxsp46z5cevx3ruksfwjl48730cgx24j4ydz,TECH,170.0,0.0,101000.0,132164.42913,67893849.367612,971.0,68,208.681097,19832.053831,20040.734928,741.1111111111112,0.28157869160419785,losing,False,113.86596478912878,False
pool15d62znf04qymt6ve536tt5y9ky979ly4um5zmgz9m850vu7wuv7,NUFID,340.0,0.03,1000.0,1008.429844,41821673.715866,30.0,48,754.351431,13386.60314,14140.954570999998,741.1111111111112,1.0178654991004497,edge,True,497.30762904495793,False
pool15dp6dchtfwml32ls8xuzu4u3xx6kjekc3kvn0enexefxj90hw3c,CRYPO,340.0,0.05,1000.0,10989.265059,81754.132596,12.0,0,0.0,0.0,0.0,741.1111111111112,0.0,no_rewards,False,0.0,False
pool15em5uvfe8ujs3ny6ydcnynazvxhnk7dq9hu8zp4qf5jmknx32jn,,340.0,0.99,1450.0,0.0,485.503154,12.0,0,0.0,0.0,0.0,741.1111111111112,0.0,no_rewards,False,0.0,False
pool15f9qklmaajysmwx9n3rkgc5s2g3rfffz4x8spnedtzdgq43tpe2,WEQNT,170.0,0.02,0.0,7.217583,2246944.334046,341.0,1,172.492433,118.900863,291.393296,741.1111111111112,0.23274841034482757,losing,False,79.32854711170549,False
pool15ftrqf7j80w57leflatx66x00qfhu483a290gmp7q85pjxrf480,ISPP,340.0,0.0,168.0,1211.350848,508968.655652,6.0,2,340.593109,248.611431,589.2045400000001,741.1111111111112,0.45957091169415293,losing,False,76.2238123087885,False
pool15fxktqvd92sq8plh3rjdrksumt9p8rzsayfk4akv2hng5r8ukha,HAWAK,170.0,0.05,30000.0,55742.388083,218277.417421,54.0,0,0.0,0.0,0.0,741.1111111111112,0.0,no_rewards,False,0.0,False
pool15hx9hze8ulcsw6e7ceelz2pem2g3u9c29wqe4eszkhspj3wcdlx,NETA2,340.0,0.05,880.0,2146.526968,249286.575611,1145.0,1,294.603076,0.0,294.603076,741.1111111111112,0.39751539490254867,losing,False,87.7765390547923,False
pool15j6hdfel6c6zcr8gu39qgp5xkrs264yn9hm8ynhaydjtxvmznxq,ASKP,260.0,0.0,20000.0,21154.470619,3663951.063738,133.0,3,263.602048,620.272155,883.8742030000001,741.1111111111112,0.3556849223388306,losing,False,79.67017852153664,False
pool15jc92k3rhksa3uf92sluqhhnnetx04l49xttslx67kuxz5e36e4,MAYA,345.0,0.05,2505.0,2515.619759,6705.418844,6.0,0,0.0,0.0,0.0,741.1111111111112,0.0,no_rewards,False,0.0,False
pool15jdufl3ahh3gn0p4nf92pxjqhs2qm2kwf626hdaxktn9yh8m3p6,DELTA,340.0,0.01,500.0,533.126436,350998.060354,3.0,0,0.0,0.0,0.0,741.1111111111112,0.0,no_rewards,False,0.0,False
pool15jghwj2w3ag0yxh45w0a8d2aexlrhp3ce3gefm4ap07ssehz8qj,AUROR,170.0,1.0,50.0,197.616022,197.700787,2.0,0,0.0,0.0,0.0,741.1111111111112,0.0,no_rewards,False,0.0,False
pool15jglqzc80vp83806wpa3rae699q32sxwycjmztkpy6h92p43t4h,,340.0,0.0,500.0,502.251844,779.16351,3.0,0,0.0,0.0,0.0,741.1111111111112,0.0,no_rewards,False,0.0,False
pool15jh849vks9mctm28xe6kgz682vnlu0pzawvftl7ltjtvwpwp59s,GUAVA,170.0,0.03,5000.0,5116.737985,5130.872667,2.0,0,0.0,0.0,0.0,741.1111111111112,0.0,no_rewards,False,0.0,False
pool15jkpn2jewgensrnulsm0kqtj58nauvgng0qvy2ux47jdwncsw9s,MERCY,340.0,0.0,500.0,514.242355,12664.533293,9.0,0,0.0,0.0,0.0,741.1111111111112,0.0,no_rewards,False,0.0,False
pool15jlf23neurgga440wxfux2g4pk0pwjm0t9mvvzvs0npvy59mdpn,,345.0,0.02,2500.0,1.822883,99.578092,2.0,0,0.0,0.0,0.0,741.1111111111112,0.0,no_rewards,False,0.0,False
pool15ju4ktqmtha9vry4mf44hr2psf807n4achj76z8uhawgw9462kx,,340.0,0.008,20000.0,30964.704789,699285.636247,42.0,0,0.0,0.0,0.0,741.1111111111112,0.0,no_rewards,False,0.0,False
pool15jzfzmh3s4vnhm2qm3p5e0632kv8nuw2luxarqrzpa8a6cgnthk,,340.0,0.0,50.0,99.805767,101.25021,2.0,0,0.0,0.0,0.0,741.1111111111112,0.0,no_rewards,False,0.0,False
pool15k0zeppza4qzgf6z7wmwsgvl5rz9f6489zxhrxqa8dj6jzju6ct,DDOS,340.0,0.01,20000.0,52382.135544,5182421.425368,576.0,0,0.0,0.0,0.0,741.1111111111112,0.0,no_rewards,False,0.0,False
pool15kek228mhvnsncdjn77u8qtrn8hjh5wfzmh6g942xf0353yc77j,TIA,340.0,0.05,0.0,0.0,35017971.057372,12.0,39,897.474057,10592.007089,11489.481146,741.1111111111112,1.210984484707646,edge,True,645.7240573,False
pool15kh3h3d77hdcv4ld82cm7mxh7uuqm6d568drqaky9ftlczl6hfh,,340.0,0.05,0.0,497.621874,3743.562473,5.0,0,0.0,0.0,0.0,741.1111111111112,0.0,no_rewards,False,0.0,False
pool15krrlqfd3uc8nea2tw8z3wl2v0fny4enhu3q892988zv7dhv0vk,,340.0,0.015,10000.0,12244.18171,25196.726617,8.0,0,0.0,0.0,0.0,741.1111111111112,0.0,no_rewards,False,0.0,False
pool15l4plz3r2lm5x48lz78ph7qh8w89zd7ewrg62gvwv7u7kw6tmns,,340.0,0.05,25000.0,25539.160274,25539.160274,1.0,0,0.0,0.0,0.0,741.1111111111112,0.0,no_rewards,False,0.0,False
pool15l7f5vd5sqchjqys6x5ygmdgs88q4y6ndwc7xy9a05y2jfced93,,340.0,1.0,2.0,3.0,103.0,2.0,0,0.0,0.0,0.0,741.1111111111112,0.0,no_rewards,False,0.0,False
pool15l8p8v8yzdjvl3vml6qafx0wgy4k6t938jl0qy24wslgw7xlhc2,SAvvY,345.0,0.05,10.0,0.047069,0.047069,1.0,0,0.0,0.0,0.0,741.1111111111112,0.0,no_rewards,False,0.0,False
pool15lp37f7da0guj662jcxy0eyc49s5gxudcd93j8qz4nfcvuhrsf9,SCV01,340.0,0.0,100.0,2899.232564,51169.29543,84.0,0,0.0,0.0,0.0,741.1111111111112,0.0,no_rewards,False,0.0,False
pool15m3nrmzhaef66j4sue7p66yshtxfug84zuhfd8skxhh9q6mkgyx,DROK,340.0,0.035,1000.0,0.0,0.0,,0,0.0,0.0,0.0,741.1111111111112,0.0,no_rewards,False,0.0,False
pool15mfkj8sl7estcmmd5a07afrx5f4hlz3pcr6p6ay5pfmrjfl2hlf,DOXA,340.0,0.01,320000.0,472543.147207,1011828.866731,69.0,0,0.0,0.0,0.0,741.1111111111112,0.0,no_rewards,False,0.0,False
pool15mkly3gw008dmxfrh9eycl5aguyfm0rhdlup2hzukjkrsfdxqew,,340.0,0.0,500.0,110.22276,112.597005,3.0,0,0.0,0.0,0.0,741.1111111111112,0.0,no_rewards,False,0.0,False
pool15mv5w2vvfv2kplkrt40ylylyvdudv5axq5nyw6ln3v0gkd2auew,NLD,340.0,0.0,10.0,682.429748,428706.689148,299.0,0,0.0,0.0,0.0,741.1111111111112,0.0,no_rewards,False,0.0,False
pool15nww4436eq733eypdq7vnllsnqyrwftw434xkvpm2mc2kfue2ux,SEED,340.0,0.04,1000000.0,0.0,405629.79969,617.0,0,0.0,0.0,0.0,741.1111111111112,0.0,no_rewards,False,0.0,False
pool15pggy59smh8465ldedcc5ks0nlr6xxlna73wmpkfp5jn7sh23pv,KPOOL,340.0,0.01,0.0,12.620906,710.795142,3.0,0,0.0,0.0,0.0,741.1111111111112,0.0,no_rewards,False,0.0,False
pool15pmdr6nw3g6mmt7regefp2lrx3njah0gpwsnqm794c4wsr23062,METAX,1000.0,0.0,100000.0,106505.138603,925831.78545,939.0,0,0.0,0.0,0.0,741.1111111111112,0.0,no_rewards,False,0.0,False
pool15r7xg0vrrv2yu8wj3866eap8ftkuxvdk5rjz2lh4xajjq5v3p5d,NUFI0,340.0,0.03,1000.0,1002.829501,7919530.144861,1100.0,8,400.752496,1956.072714,2356.82521,741.1111111111112,0.5407454968515741,losing,False,143.73502964286394,False
pool15s7w4spg5ee7n7rprhs0dq78plw2mhjkpu5v97uvl27gz2way7z,BALNC,170.0,0.0,100000.0,112116.225677,72837680.260768,1042.0,73,202.854411,21311.415999,21514.27041,741.1111111111112,0.2737165965517241,losing,False,108.00064020479891,False
pool15t0vyldspax6eu8mq7f50s4rjk2qn2g7kudl98tjuqzt2a2zpmx,RXE,340.0,0.02,100.0,2.62271,10.276968,2.0,0,0.0,0.0,0.0,741.1111111111112,0.0,no_rewards,False,0.0,False
pool15tn0nlazaatulwq667qdfs597pqlrgn62at0fqv3lvz5cg9l30m,,340.0,0.0,1350000.0,42.456901,70.47316,2.0,0,0.0,0.0,0.0,741.1111111111112,0.0,no_rewards,False,0.0,False
pool15ttu2vykfdfdxv7vve93l3dvk6tlrcegz7r6749syys4us2k3tu,GENIE,345.0,0.0,100.0,101.031739,432.075956,2.0,0,0.0,0.0,0.0,741.1111111111112,0.0,no_rewards,False,0.0,False
pool15txd36fltfgc63qq0yxtpqt88eu76s0yhugn9a6q7f4zspq6k5f,ARM1,170.0,0.0199,100000.0,953711.66263,12302507.962567,893.0,10,436.270747,2510.881507,2947.152254,741.1111111111112,0.5886711728635681,losing,False,350.3792139107592,False
pool15uuf0sz5w0kp50wmflxml8ffnz880402nvj54e40e7l8x06y5e6,MEA,340.0,0.02,20246.0,24124.751914,42864.87275,25.0,0,0.0,0.0,0.0,741.1111111111112,0.0,no_rewards,False,0.0,False
pool15v22rpfg6qx9l0gx0m955gfv7tes0jpa9sy0gjs3a04lv6x9jdr,LBF1,170.0,0.06,2.0,9.820727,58592737.558245,7827.0,62,1255.7226,17003.894962,18259.617562,741.1111111111112,1.6943783208395802,edge,True,1166.0799187678163,True
pool15wfu7td5r4k27erk5q5wt06x59skxxyqj206tdnfmfmk7pd3rp3,,340.0,0.0,123.0,132.778425,34697.003525,11.0,0,0.0,0.0,0.0,741.1111111111112,0.0,no_rewards,False,0.0,False
pool15wj590e6gsmpmttrxjd0emck09a0h9tazd2ww77q6duyvg8lyum,HUSKY,340.0,0.03,10000.0,37322.277692,2193894.033159,1003.0,0,0.0,0.0,0.0,741.1111111111112,0.0,no_rewards,False,0.0,False
pool15wk0wjrau5pv6rp6w34g3mjxqejkfj3yak0xa9m63upcxx63myh,MCA,345.0,0.05,1000.0,14090.607815,68739.044088,7.0,0,0.0,0.0,0.0,741.1111111111112,0.0,no_rewards,False,0.0,False
pool15wkxegrfflzcyhurrjxsm9ljqtz09xr5rtnqsarnp7hmsz5um3t,STSH1,345.0,0.1,1000.0,44560.039629,18756742.435166,25688.0,21,941.656908,5244.856488,6186.513396,741.1111111111112,1.2706015250374811,edge,True,699.2184461113906,False
pool15wpcswzd758g6ym0g4x3mx6y6hm3acvx2d0uq3y3z6xnj0eajkg,,345.0,0.01,1000.0,9.823059,0.0,,0,0.0,0.0,0.0,741.1111111111112,0.0,no_rewards,False,0.0,False
pool15wppycnx4mgq5nmwg4eyzj4pg5wazhyml48wsy0jskunsqq69gh,INDIA,175.0,0.02,150.0,1942.053988,556860.124289,2.0,1,177.800816,116.801434,294.60225,741.1111111111112,0.2399111460269865,losing,False,80.14259225351755,False
pool15wwz2tj30xjerxstwjezhlp8nqqu8jyvxp0h6dj4kzdq6cgv3gv,VETS,170.0,0.0,25000.0,9.940733,14309.460627,27.0,0,0.0,0.0,0.0,741.1111111111112,0.0,no_rewards,False,0.0,False
pool15xdvllxmlzhz0ct3u35wv3gmzxym06zwg3l6ltuqmcsmv9jq527,,345.0,0.15,500.0,25.825259,25.825259,1.0,0,0.0,0.0,0.0,741.1111111111112,0.0,no_rewards,False,0.0,False
pool15xfeh7v3kr5j4unyeszxnfvy349d4h8s92h4xdwl2hct6n0wgah,,340.0,0.02,700.0,939.083298,939.083298,1.0,0,0.0,0.0,0.0,741.1111111111112,0.0,no_rewards,False,0.0,False
pool15xgej4c7ns20y5pt7dc5vq6yj87ss5sl2ffucmh5j766j90ppur,1PCT5,340.0,0.01,50000.0,51333.057213,221276.545993,97.0,1,294.646225,0.0,294.646225,741.1111111111112,0.3975736169415292,losing,False,127.64175938760148,False
pool15xy7ljyr733vtpvh65mpaq0lt5u9jqsr6u8urmjq7rxh6ne904c,YGEN,340.0,0.01,10000.0,0.0,0.0,,0,0.0,0.0,0.0,741.1111111111112,0.0,no_rewards,False,0.0,False
pool15yyxtkhz64p7a8cnax9l7u82s9t9hdhyxsa3tdm977qhgpnsuhq,SECUR,170.0,0.03,100000.0,155809.787518,66820235.782541,3201.0,56,696.967748,15801.493767,16498.461515,741.1111111111112,0.9404362416791604,losing,False,604.8507955980251,False
pool15z7890uxn6nwl2yufxgrdsvjrpd0kzngvudfm2z2yafsjgkfndg,ZOHAR,357.0,0.05,1.0,7.615098,832.494667,3.0,0,0.0,0.0,0.0,741.1111111111112,0.0,no_rewards,False,0.0,False
pool15z87p296y3m7eq8pwuu8qs6h2v4d2ctnx3yd2vqpl6txkkdvl5h,MUEN,340.0,0.02,10000.0,15431.680136,9066268.175898,68.0,11,402.853574,2837.894521,3240.748095,741.1111111111112,0.5435805346326835,losing,False,143.5956082281774,False
pool15zn2lqq4849ujttuthaycpamnyr8ae9k2pn2fkrlfzzsx4ek0tc,LABO,335.0,0.0,10000.0,12373.659823,1698361.672789,880.0,0,0.0,0.0,0.0,741.1111111111112,0.0,no_rewards,False,0.0,False
pool15zrj43nldc357nas0g7glm09wqhtyexxs64skq52mtg6sdrsjzd,,340.0,0.05,1.0,6.738263,60.781695,2.0,0,0.0,0.0,0.0,741.1111111111112,0.0,no_rewards,False,0.0,False
pool15zrkyr0f80hxlt4scv72tej8l8zwrcphmrega9wutqchjekceal,ZETE,340.0,0.0,10000.0,14232.906107,39564885.263461,6817.0,44,344.540942,12618.035006,12962.575948,741.1111111111112,0.4648978227886056,losing,False,79.636122591871,False
pool15zuu7g6030wsfafu6a80pf6z2w6ceu4aumu2d6neykgtcx650u2,,340.0,0.99,1.0,4.048591,4.048591,1.0,0,0.0,0.0,0.0,741.1111111111112,0.0,no_rewards,False,0.0,False
pool15zvek3jke3z2uml5xeztl6wt56zuye5ne9caadz8mjn9ykyuu8n,SENTI,340.0,0.0,100.0,107.625746,25426.738876,6.0,0,0.0,0.0,0.0,741.1111111111112,0.0,no_rewards,False,0.0,False
pool1620fkxluaftsvz5lge29tjur3flwa8wydpzqy0zd4cllxx2w3ma,,340.0,0.01,0.0,18.621214,18.621214,1.0,0,0.0,0.0,0.0,741.1111111111112,0.0,no_rewards,False,0.0,False
pool162343gl83jtrskacz2cex7szf4yd5t77f5nd0e65fg78ztppuj9,GGMC,340.0,0.25,0.0,1052.714629,120650.90308,172.0,0,0.0,0.0,0.0,741.1111111111112,0.0,no_rewards,False,0.0,False
pool162szyrlrwes7qwy0za4ekufgyljfz0lac9t8h8svzale67n8vl4,MAKL,340.0,0.01,449.450697,496.719173,496.719173,1.0,0,0.0,0.0,0.0,741.1111111111112,0.0,no_rewards,False,0.0,False
pool163aacna7n8tgphz40prapjgkrkpvsfttaqt56yeg2psd2umnxqu,,340.0,0.01,1.0,50.425749,50.425749,1.0,0,0.0,0.0,0.0,741.1111111111112,0.0,no_rewards,False,0.0,False
pool163q9zuwpt9wr8rruuhw2mz6w6em25mhtrv58f8nz9aywj7vzer7,DARTH,340.0,0.01,289.0,9.486132,9.486132,1.0,0,0.0,0.0,0.0,741.1111111111112,0.0,no_rewards,False,0.0,False
pool1646vlaras0deljthqtfl9dpdw2xsna799l0kayyu9v44cql4ky0,IOGP,500.0,1.0,64000000.0,2.925923,2.925923,1.0,0,0.0,0.0,0.0,741.1111111111112,0.0,no_rewards,False,0.0,False
pool164nml0s3vt20jd8uf0lwf5hjnt4vcan9sjmxr8huq7k2qswd8jq,,340.0,0.03,500.0,0.0,0.0,,0,0.0,0.0,0.0,741.1111111111112,0.0,no_rewards,False,0.0,False
pool164xvrnwxg0xwhkcm0fsnlzmtj3ptp5s7hne32k4dyv60x4utfje,,340.0,0.03,200.0,1317.786751,5910963.181873,24.0,5,374.235361,1098.77617,1473.011531,741.1111111111112,0.5049652547226386,losing,False,117.24266766439658,False
pool1659knc82juzdqycvvwz0uzjsj5scxwewguhuzae93ed36xanxmz,CASH,170.0,0.0,610071.179076,695468.255894,1447376.225616,6.0,0,0.0,0.0,0.0,741.1111111111112,0.0,no_rewards,False,0.0,False
pool165cyssah9wcnkuqq339c9fam5wga3x7zl6kw4ktltq5x68tlu4w,,340.0,0.0,1000.0,1000.0,1075.435349,3.0,0,0.0,0.0,0.0,741.1111111111112,0.0,no_rewards,False,0.0,False
pool165ljt7xrrpceutz5ppe96suuw0jcnrvhg0f5vu60df0r5mt0x0c,CSWP1,340.0,0.99,1000.0,106184.424552,3610213.120276,522.0,1,294.60322,0.0,294.60322,741.1111111111112,0.39751558920539726,losing,False,292.4717780077484,False
pool165zu45p489lpuypt4fsuc5g8l9g9ha4dddlls84jlsp3k4vsw9p,SWEET,340.0,0.05,2000.0,15746.66007,4243180.499863,10.0,1,294.604359,0.0,294.604359,741.1111111111112,0.39751712608695644,losing,False,86.7544328182141,False
pool166dkk9kx5y6ug9tnvh0dnvxhwt2yca3g5pd5jaqa8t39cgyqqlr,VIPER,170.0,0.009,401000.0,469784.285524,40410990.544044,3463.0,44,432.919449,12545.823507,12978.742955999998,741.1111111111112,0.5841491815592204,losing,False,339.7917076845717,False
pool166fpvc9lelw8pdvc4n3xeqns5ktkkmzu4plaen999fwy2xytgce,STBL2,340.0,1.0,0.0,1.258444,506.849564,2.0,0,0.0,0.0,0.0,741.1111111111112,0.0,no_rewards,False,0.0,False
pool1673d663ml4p0mtreukyfx5jt7ekk9pajsyyv6utzlakzj0y9v0w,MAUI,340.0,0.01,500.0,500.714954,28188.782749,9.0,0,0.0,0.0,0.0,741.1111111111112,0.0,no_rewards,False,0.0,False
pool1675wjgy0ggtt2l23eeaj5ey5l02qj2ra48stvc7fyussslr0kq7,,340.0,0.015,1.0,17.433977,35.245376,2.0,0,0.0,0.0,0.0,741.1111111111112,0.0,no_rewards,False,0.0,False
pool167n02n48l5hfgfu6e46xq8n3yefccm9dcnmefkmxuymhc8ncrjm,,340.0,0.0,0.0,2656.31012,2689.502728,2.0,0,0.0,0.0,0.0,741.1111111111112,0.0,no_rewards,False,0.0,False
pool167qekemyleju9g7eugaguqxh5telvmmmrs3a7sp897f6za308hg,HOT,340.0,0.0,1000.0,1009.556752,4463068.552723,618.0,2,340.056371,249.149767,589.206138,741.1111111111112,0.45884667751124436,losing,False,75.11631465490733,False
pool167r4k4twa3lrqzpzdd44hl4ahc9rnt4x7rjtwz60gtf7j7pnk5x,EQX,345.0,1.0,100.0,0.0,0.067063,1.0,0,0.0,0.0,0.0,741.1111111111112,0.0,no_rewards,False,0.0,False
pool167zl76srpt5a2gthpsq0ye9z4fpray5vsh7xyzcn63hd5mnw7fa,NUFI4,340.0,0.03,1000.0,1002.830618,3239179.381802,556.0,1,294.603219,0.0,294.603219,741.1111111111112,0.39751558785607194,losing,False,81.65404478147293,False
pool168235cjpsrvwnvddmhc7dmtcqr7c40j2mlrph3qvuxk3jqls0wy,,340.0,0.01,625000.0,0.0,6930.190528,4.0,0,0.0,0.0,0.0,741.1111111111112,0.0,no_rewards,False,0.0,False
pool1687dfgyljnhamx05h6r04zdllv68exatshhd0jny4q56skc0926,TRUEC,340.0,0.025,3355.0,3355.463742,3360.713955,2.0,0,0.0,0.0,0.0,741.1111111111112,0.0,no_rewards,False,0.0,False
pool168t0xlm0dtdgf7d5w2mrm7ulsw4czpw297yvrpke9pmjcc9hz7k,CCJ4,170.0,0.048,10000.0,10255.835559,4465352.493126,18.0,8,279.75327,2077.15435,2356.90762,741.1111111111112,0.3774781754122938,losing,False,189.5209885701571,False
pool1692dxqqcsavymwz28w44t2jhyjnakvj4l3gwz2dqrarmc2k6dkh,BLUE,170.0,0.0,10000.0,13591.1989,202039.93326,208.0,0,0.0,0.0,0.0,741.1111111111112,0.0,no_rewards,False,0.0,False
pool1693h5jn424n7kazynt4h9r6fe8u8wtsp7us2me60msq5kpv390n,,340.0,0.0,26169.0,1.038808,626.690294,3.0,0,0.0,0.0,0.0,741.1111111111112,0.0,no_rewards,False,0.0,False
pool169mewaur9ma6ffw6x90xhjj0sk9j8yu3ynqz20jh03dj20syqwc,,340.0,0.01,9680.0,1233.312305,3572.523687,2.0,0,0.0,0.0,0.0,741.1111111111112,0.0,no_rewards,False,0.0,False
pool16a23pum2srw5xmkknvw8dtc8ynqedx3wecmhacez4chrv9huvyg,BEAR,340.0,0.0,10000.0,1.074023,5.267117,3.0,0,0.0,0.0,0.0,741.1111111111112,0.0,no_rewards,False,0.0,False
pool16agnvfan65ypnswgg6rml52lqtcqe5guxltexkn82sqgj2crqtx,SPIRE,340.0,0.01,500000.0,509352.065142,75183252.336485,9280.0,75,704.178573,21429.792504,22133.971077000002,741.1111111111112,0.9501659905547226,losing,False,443.5405416074928,False
pool16ajaae2n5lsyr4f9k9uz5y8tpf0996tw640dzu7chwp2wdrnz6a,BLADE,500.0,0.1,10000.0,14765.380614,55137147.663002,5377.0,52,1985.561889,13334.329096,15319.890985,741.1111111111112,2.679168965667166,comfortable,True,1603.1633356453349,True
pool16az8esp0qgrt3vwnpqmn2n2z3h7nexrhm4qn8xrr4sds6tj0dxa,,340.0,0.05,0.0,0.0,243.759928,1.0,0,0.0,0.0,0.0,741.1111111111112,0.0,no_rewards,False,0.0,False
pool16c989ahn582z53azjfmregygfuc9k44u3q97wqgyn0zxuzp3dn4,BNP,345.0,0.06,2.0,26614.155898,32091417.690175,9.0,26,789.581489,6870.072669,7659.654158,741.1111111111112,1.0654023089955023,edge,True,535.9919710659932,False
pool16cdtqyk0fvxzfkhjg3esjcuty4tnlpds5lj0lkmqmwdjyzaj7p8,ECP,170.0,0.03,75000.0,117509.463348,1919984.886151,83.0,2,207.477809,380.310762,587.788571,741.1111111111112,0.27995506461769115,losing,False,120.82649286122096,False
pool16ceelqjus36kgzkcscnjstv0upva203vvzv8zdpv06h9cjgzynz,,340.0,0.045,1795.0,0.0,0.0,,0,0.0,0.0,0.0,741.1111111111112,0.0,no_rewards,False,0.0,False
pool16cerhwlk8nq7rpuerr4g08tpgeq7awnhgxzkyalc8n8xjwzxqm3,PLNGT,340.0,1.0,1000.0,6492.895266,4799829.371821,14.0,5,1473.016101,0.0,1473.016101,741.1111111111112,1.9875779473763115,edge,True,1473.016101,True
pool16cy45uggzv3ah3s5m960v9vuxlx47sfnezpszuhcwl99z7nq8kq,NIXE,170.0,0.0,1000.0,2013.693956,175254.815771,297.0,1,171.431702,123.171366,294.603068,741.1111111111112,0.23131713913043475,losing,False,77.52325945398546,False
pool16d004c5q7k7wyf223kgct26zjcpjqql04rvnx8vtc0t5ckmnzaa,ICORG,340.0,0.0,13000.0,7.499772,1298.516313,3.0,0,0.0,0.0,0.0,741.1111111111112,0.0,no_rewards,False,0.0,False
pool16dk66d47thmteth783kt2cw9uh0zc4xsdvlqrwadz7vnyaev8cv,,340.0,0.03,2000.0,6.453117,6.453117,1.0,0,0.0,0.0,0.0,741.1111111111112,0.0,no_rewards,False,0.0,False
pool16e0qmln8gvtnjcpcvgvjdlhcnsz6z95uw90c58t50qfkc6rqek6,HENRY,340.0,0.0,10000.0,10000.033939,10000.033939,1.0,0,0.0,0.0,0.0,741.1111111111112,0.0,no_rewards,False,0.0,False
pool16e2x06wk8ufyakgrzq0c9p5tmfhl6w0c80raxr0xtg5g7aakhgh,CDN,340.0,0.01,100000.0,141522.698909,2973331.41966,478.0,0,0.0,0.0,0.0,741.1111111111112,0.0,no_rewards,False,0.0,False
pool16e43yxx4djcvnsunwgrm8tnph0ljrt3p9tnezu3qvtcwzh4zwwa,FBA,340.0,0.05,0.0,0.0,70023277.974487,5.0,66,1295.186866,18148.550469,19443.737335,741.1111111111112,1.7476284548725636,edge,True,1043.4368667500003,True
pool16erldmmx5nvrwncujtp6lxs9tmvgxcpthd600pe6axm5z3p6522,XRAY8,340.0,0.01,100.0,444.970685,151270.564686,3.0,0,0.0,0.0,0.0,741.1111111111112,0.0,no_rewards,False,0.0,False
pool16eua0zalaln7q0s9u7jzlyygqad0pu2l2qdxx8r8ueqrw2jdhqf,ETO9,340.0,1.0,0.0,0.0,54629264.107418,4.0,43,12667.889478,0.0,12667.889478,741.1111111111112,17.09310424317841,strong,True,12667.889478,True
pool16f95up5u5lyqne5mnxmlhe0rgdgmya27mph288r6gw0ukegjffa,MARAC,170.0,0.0,100000.0,100237.084746,61284749.372381,651.0,51,194.305799,14836.210434,15030.516233,741.1111111111112,0.2621817377811094,losing,False,99.46118101843773,False
pool16fa03u6u85ek2q8lryqprngpahglssj5qqh66pfaxf34vgu5rhl,AFCH1,340.0,0.0,1.0,3.415849,340433.25153,865.0,0,0.0,0.0,0.0,741.1111111111112,0.0,no_rewards,False,0.0,False
pool16fyda57p3c8gp5r6gmcq5tvqsp6mnzwvkxswgznkuh8wztrp6vv,HRMS,340.0,0.02,100000.0,111975.214626,41636847.106452,7356.0,37,579.13295,10320.640027,10899.772976999999,741.1111111111112,0.7814387631184407,losing,False,320.02461662993926,False
pool16g4atk6yaj7hxexrlhyf96gtxts3kjs5wszvxmq0paw3xdre68q,,340.0,0.0,10000.0,1.289068,18.114811,2.0,0,0.0,0.0,0.0,741.1111111111112,0.0,no_rewards,False,0.0,False
pool16ga833sw8tzuvv83gq2gp6zyuwhj3lka4nevnauj5grpuq8y2al,UNIF1,345.0,1.0,100.0,198.619454,233.445021,2.0,0,0.0,0.0,0.0,741.1111111111112,0.0,no_rewards,False,0.0,False
pool16gkhcchdyqr7a9vtupchcdaq4nu77tq9t0ny0k9m877u7zv03v2,0000,340.0,0.0199,1000.0,1182.866914,2158.538449,19.0,0,0.0,0.0,0.0,741.1111111111112,0.0,no_rewards,False,0.0,False
pool16hs0jxw7h6pwg3ru7rcq3yvg4csj7lhmcpj68kqem2sh5nt8mwk,NUFI7,340.0,0.03,1000.0,1002.83078,25286256.092017,5563.0,25,551.022665,6814.05145,7365.074114999999,741.1111111111112,0.7435088433283357,losing,False,293.9826678686544,False
pool16j2sst4yl703nhdyx8snk9ld5rwjga6a4fk203ptedztq7uza5f,,340.0,0.075,50000000.0,0.0,0.0,,0,0.0,0.0,0.0,741.1111111111112,0.0,no_rewards,False,0.0,False
pool16j3mvwws7zc9pjluyhddgea0tq647v0dh3y4nkcuckg9znjcun2,ITC3,340.0,0.0399,100000.0,100007.471898,18990340.136305,4265.0,26,669.19583,6992.971554,7662.167383999999,741.1111111111112,0.9029628890554722,losing,False,416.0895015799671,False
pool16j549cl7ftj9ejw9sx5v50zjyuh8l49stmakrfrea4rxy0e7us5,WRHP,345.0,0.01,100.0,103.660397,138.439464,2.0,0,0.0,0.0,0.0,741.1111111111112,0.0,no_rewards,False,0.0,False
pool16jczz0dlv557vgywgftd4m3vwnwjnl38wpn7wu5gqryz7aedahd,,340.0,0.02,71000.0,1.072967,109.063264,2.0,0,0.0,0.0,0.0,741.1111111111112,0.0,no_rewards,False,0.0,False
pool16jefdagcsgzyek9jytzfezx5ajvfkytjgghaps64hzz6uzkpc0e,NGS,340.0,0.01,12400.0,109547.685448,5771999.888919,34.0,3,355.657054,528.191483,883.848537,741.1111111111112,0.47989707436281853,losing,False,98.28623518695576,False
pool16jhjt6nly4s5thsjc0yek6h9prwtkqhq6dff2mkjypweut69zh3,IRN,340.0,0.0,0.0,1.577976,98.903851,2.0,0,0.0,0.0,0.0,741.1111111111112,0.0,no_rewards,False,0.0,False
pool16k6ztd3t657dc88qc3gkpmntwyjvkaz04d335fwpl5jcj5hxyjg,,170.0,1.0,0.0,1689.608408,807349.019074,4.0,0,0.0,0.0,0.0,741.1111111111112,0.0,no_rewards,False,0.0,False
pool16kja6em4zlu8cmlr5la32yrsx5jqpejdqktadw9nv3cwx2s6ccf,,340.0,0.025,0.0,0.0,10.984954,1.0,0,0.0,0.0,0.0,741.1111111111112,0.0,no_rewards,False,0.0,False
pool16knnvtezwzmgpnu8v03wht6y4u7mwfc7qz6y2yk62w4as4qymat,LAMB,340.0,0.025,50000.0,50360.879107,834117.120284,450.0,0,0.0,0.0,0.0,741.1111111111112,0.0,no_rewards,False,0.0,False
pool16kus5xvdysgmtjp0hhlwt72tsm0yn2zcn0a8wg9emc6c75lxvmc,EDEN,340.0,0.01,1000.0,1027.79353,33096997.222112,5310.0,42,460.703298,11885.106854,12345.810152,741.1111111111112,0.6216386329835082,losing,False,198.08534845287045,False
pool16l00309tdqza9606rltqtrqejx7tcr2swa86jrmz459txfnkgq7,,340.0,0.0,100.0,4225.926615,5038.267335,3.0,0,0.0,0.0,0.0,741.1111111111112,0.0,no_rewards,False,0.0,False
pool16l2ku9crvvrcq9mvl9z2w7mc9x6t49ug3756xfrgqyvc2e5y6hl,,340.0,0.02,30000.0,1.825391,0.0,,0,0.0,0.0,0.0,741.1111111111112,0.0,no_rewards,False,0.0,False
pool16l9ph0cm42qk4h8wqlka3fw7ws7rvnj5n59xzy8ky4l8gnudugk,RKDN,170.0,0.01,4500.0,5790.20531,160678.602252,18.0,0,0.0,0.0,0.0,741.1111111111112,0.0,no_rewards,False,0.0,False
pool16lsx9mj2s2wr337hv9402enw0886d09grx5c0d4pk97w63kjn2a,,340.0,0.0,25000.0,48.505807,2273.931246,5.0,0,0.0,0.0,0.0,741.1111111111112,0.0,no_rewards,False,0.0,False
pool16m3cpra28g00t2hsfm4cj9twl4y0jsf3us2zd6nyjpz5yuagmkn,,340.0,0.03,1000.0,1.42651,0.0,,0,0.0,0.0,0.0,741.1111111111112,0.0,no_rewards,False,0.0,False
pool16m6c5rcpm63k2606lkqadg3x5pykjwr4pthhj9h4ancquafwhjl,,345.0,0.01,100.0,109.852906,2849.951108,3.0,0,0.0,0.0,0.0,741.1111111111112,0.0,no_rewards,False,0.0,False
pool16m8xz3av9e3lwnxgu0jfnuwckgayev63zpzcu56hsxx7vy4eqzn,EZP,340.0,0.01,550000.0,100.609921,100.609921,1.0,0,0.0,0.0,0.0,741.1111111111112,0.0,no_rewards,False,0.0,False
pool16nnl8ymck6c20x86lfd5p9q3yp9w749cam26y985459ww6kjtz8,ska1,340.0,0.05,50000.0,50105.884234,64401.858412,5.0,0,0.0,0.0,0.0,741.1111111111112,0.0,no_rewards,False,0.0,False
pool16nvyyawrxy0rsx99g332y3yasnnz42arrqhrsxq8pv7nwsya9nu,WILD,340.0,0.01,3000.0,1.396693,3.401976,3.0,0,0.0,0.0,0.0,741.1111111111112,0.0,no_rewards,False,0.0,False
pool16p8y0pzx8yx7vz6eqksw9xjhh3tzeymvxcstrgtk8ncw75356yw,ZPCT,170.0,0.0,1000.0,1005.574453,814945.391885,83.0,0,0.0,0.0,0.0,741.1111111111112,0.0,no_rewards,False,0.0,False
pool16pfjyderm8gvzfpcrlk9xunhjetcp4w20g73gzzrvsgncte60e4,,340.0,1.0,76800000.0,76891675.97903,76891675.97903,1.0,74,28222.883662,0.0,28222.883662,741.1111111111112,38.08185201769115,strong,True,28222.883662,True
pool16pv24th2tzy8k70vk4ms35tff0fjxfm2dd2psk7cvs27wnjvlgh,SDG13,340.0,0.0,10000.0,31601.489472,43879295.443661,265.0,40,348.242258,11436.296675,11784.538933,741.1111111111112,0.4698921022488755,losing,False,83.4331087719557,False
pool16q8rhnyj65mtfz8rvf38ernr0jlcr5gcdpjzv0wgtqvcc5yw7g7,,345.0,0.01,100.0,482.150026,501.132556,2.0,0,0.0,0.0,0.0,741.1111111111112,0.0,no_rewards,False,0.0,False
pool16qhf24jz4pdru0gqrh9rwnvv9v05a6fq73g4md6mawavz2fg5v7,,345.0,0.027,100.0,164.248716,2250.458034,2.0,0,0.0,0.0,0.0,741.1111111111112,0.0,no_rewards,False,0.0,False
pool16qr7dz5q4vwf3n87t4lmr0d2zlr5knexpdzkuk4trc8dwed7aw3,YASP,170.0,0.07,15.0,3910.565536,1949764.355933,2.0,0,0.0,0.0,0.0,741.1111111111112,0.0,no_rewards,False,0.0,False
pool16qsddpnjv5msjp62lxam4erurckks98t2e6k7tuqw5e4u5xcmc5,,340.0,0.01,505.0,0.0,0.0,,0,0.0,0.0,0.0,741.1111111111112,0.0,no_rewards,False,0.0,False
pool16r36znhvh3h2lk55vu89hsx3ug94sx2etqv9s2006d8awufhaz7,,340.0,0.0,0.0,52.037404,52.037404,1.0,0,0.0,0.0,0.0,741.1111111111112,0.0,no_rewards,False,0.0,False
pool16r6g7plyuh4cqs9f3qy97l4rh5edwx3w9xvd205mhj2e58cpp28,LQWD,250.0,1.0,10000000.0,15988021.194212,16009667.567212,12.0,10,3003.498739,0.0,3003.498739,741.1111111111112,4.052696949175412,comfortable,True,3003.498739,True
pool16rahfu936wdfq34wf6t8rqxvdjxayra5f7y80xq0udnqglrqel9,4KOMA,170.0,0.0,5000.0,38216.750516,8222609.920225,48.0,6,177.425484,1590.221144,1767.6466280000002,741.1111111111112,0.23940470104947525,losing,False,82.86702209172226,False
pool16rcqtg9gywenzkp6t5qg8um5tuul6d4dzwauppz7z3ufyaj0ky3,C2VN,340.0,0.01,100.0,151.053519,17557.344219,5.0,0,0.0,0.0,0.0,741.1111111111112,0.0,no_rewards,False,0.0,False
pool16rq0nmr3pr202a7dcf9507gy5u3sh9j6dw8jjwp3dg4qc6cqj0f,,340.0,0.02,3000.0,0.0,0.0,,0,0.0,0.0,0.0,741.1111111111112,0.0,no_rewards,False,0.0,False
pool16rru46dcyk2h5qjwq6gnxwumdj8zkjjnhxdtvpclyq8h6q9apua,,340.0,0.03,1001.0,29.020326,709.842356,22.0,0,0.0,0.0,0.0,741.1111111111112,0.0,no_rewards,False,0.0,False
pool16sm29hg3qrk5lyp74qcljt38l86v5zvg95395h9gqrn6qe97d9z,,340.0,0.01,1000.0,5791.895947,49203.342074,11.0,0,0.0,0.0,0.0,741.1111111111112,0.0,no_rewards,False,0.0,False
pool16tcjctesjnks0p8sfrlf8f3d3vrp2fdn2msy80sgg3cdjtayu3z,TAPSY,340.0,0.01,5.0,9.773409,6966934.202234,695.0,6,354.278107,1413.334064,1767.6121709999998,741.1111111111112,0.4780364262368815,losing,False,91.9284724089789,False
pool16uf3j299ndwd3xmv6fvh648pc3s4c3y80g2t0y2rwew3xz6c3aa,GLOB,340.0,0.02,3000.0,4065.410123,6521.75484,3.0,0,0.0,0.0,0.0,741.1111111111112,0.0,no_rewards,False,0.0,False
pool16uja2pt05ddq9mzcsw9xkv40qdl7sm00nvpj0h4arn0fgl2xrae,,340.0,0.02,100.0,2532.541028,2532.541028,1.0,0,0.0,0.0,0.0,741.1111111111112,0.0,no_rewards,False,0.0,False
pool16utp8esfwwpwf4fzlvtulugtdj9mapt42gdwza962pk8q2f45yt,DRMZ,340.0,0.01,20000.0,21153.396419,577430.142115,233.0,1,294.62409,0.0,294.62409,741.1111111111112,0.3975437496251874,losing,False,85.16142516921124,False
pool16v0jqnz2zuqsdrf6z94ec5rx9ds0xeghsvmddauzt6j5w2u7lsm,IBEX,340.0,0.024,5.0,3824.309617,12603493.088522,34.0,15,439.104756,3979.926524,4419.03128,741.1111111111112,0.5924951730134932,losing,False,180.5432361722754,False
pool16vdezg50c80dhs78jhfl0gpqr68trtmqy40xplw39t9mgk6vrkd,BNP,345.0,0.06,2.0,55006.192664,32225738.835705,9.0,33,922.6572,8799.211538,9721.868738,741.1111111111112,1.2449647376311843,edge,True,669.2904123566627,False
pool16vk9aj2ml9llc3upqg8jpgn6lzkqakty8nkgx3vy0ayf78zdsgj,,340.0,0.01,1000.0,0.0,0.0,,0,0.0,0.0,0.0,741.1111111111112,0.0,no_rewards,False,0.0,False
pool16vxqq0ttyvfkt84f6ksncskgdk0r9w8ulaum0af8cmmfgsf5hua,,345.0,0.02,100.0,101.619014,113.068208,2.0,0,0.0,0.0,0.0,741.1111111111112,0.0,no_rewards,False,0.0,False
pool16w2mssm03rrk5jzkcvxyma77zcxx4vsjhwz77hka33gnsk9j47n,,340.0,0.01,25000.0,0.0,2115.669529,7.0,0,0.0,0.0,0.0,741.1111111111112,0.0,no_rewards,False,0.0,False
pool16wk6a0rmwplcv9wm6x8cyv6e77ey7zgluzne5jzqdqmfq52s69q,,340.0,0.0,5000.0,25.221698,0.0,,0,0.0,0.0,0.0,741.1111111111112,0.0,no_rewards,False,0.0,False
pool16wt6mzvytu9key68efv7cx6zfkqn0d9kzlnt746cyuv0zj3nxh8,BANAN,170.0,0.0,10000.0,16075.03458,300988.273263,7.0,1,176.655275,117.957819,294.613094,741.1111111111112,0.23836543853073458,losing,False,86.72898878085547,False
pool16x5fslqfvgmsyra4vmpvuzq7p5fzeln240envdwfm2jps0j3rw2,0FEES,170.0,0.0,500.0,8467.778153,463379.575758,39.0,0,0.0,0.0,0.0,741.1111111111112,0.0,no_rewards,False,0.0,False
pool16x6ckf653xdu6rdhmxvu3e50gldhzk6rrd9ds86ksu97jexw7m8,,340.0,0.0,10.0,65527.8417,0.0,,0,0.0,0.0,0.0,741.1111111111112,0.0,no_rewards,False,0.0,False
pool16y2dn9e7cw07wtergytxr36qlydfe7aj92xhv59e6pzezgwxtv8,NUKE,340.0,0.025,105000.0,500.116169,9913.172904,15.0,0,0.0,0.0,0.0,741.1111111111112,0.0,no_rewards,False,0.0,False
pool16ypn6g8sm5um7mkxyhdu7j9eq9zl35wywq5n9x8g0aujc060qzp,MOM,345.0,0.15,100.0,161.021654,15811.882827,6.0,0,0.0,0.0,0.0,741.1111111111112,0.0,no_rewards,False,0.0,False
pool16zfptlhz8qd0zhufg5w09cp44rm50xt3mphwt28l4cxw55ewvh0,,345.0,0.15,100.0,0.182428,0.0,,0,0.0,0.0,0.0,741.1111111111112,0.0,no_rewards,False,0.0,False
pool16zjsdvuxa39w9k48c9ds7sne4c9lhclmmcly53cdat4nu7l36f6,BMP,340.0,0.04,100.0,100.0,116.948336,3.0,0,0.0,0.0,0.0,741.1111111111112,0.0,no_rewards,False,0.0,False
pool16zx2pradv3pdv6tkp2dnll3d7u8sdwld884f228xl62vy2msdt0,MORNE,340.0,0.02,50000.0,4.0,10754.655804,17.0,0,0.0,0.0,0.0,741.1111111111112,0.0,no_rewards,False,0.0,False
pool16zymwv7r24sgcxg43z4ce0g0mw0yt6zdxehcgwyksj456y0ef4a,,340.0,0.0,500.0,0.0,0.0,,0,0.0,0.0,0.0,741.1111111111112,0.0,no_rewards,False,0.0,False
pool170028ak8q37qf4e5lf7z8eyuscgcrqgzn9lh58a4g9ngzd83a0h,AQUA,340.0,0.0325,1000000.0,1006018.290086,1133834.612607,68.0,2,562.290466,27.212104,589.50257,741.1111111111112,0.7587127727136431,losing,False,533.3880658573718,False
pool17037mqf5k46e6jpaue46lfy55v827re9cgm3qp8vsp33q8zufvy,BEAN,340.0,0.035,13300.0,3.080875,3.080875,1.0,0,0.0,0.0,0.0,741.1111111111112,0.0,no_rewards,False,0.0,False
pool170hmssk80z2ameg7jhj5m8psnkjejcc77vfpd0875yggxhhntd0,21ADA,340.0,0.02,25000.0,27368.48783,8275728.228793,5929.0,9,393.725481,2257.942805,2651.668286,741.1111111111112,0.5312637674662668,losing,False,134.88418662955405,False
pool170jjhp3s7gw23clx6yvfdfvv9t6egwazjhk3gy5y0xnq6y8mjjt,CALVA,340.0,0.0,101.0,109.229272,596.78869,5.0,0,0.0,0.0,0.0,741.1111111111112,0.0,no_rewards,False,0.0,False
pool172fsazvg6zrpkj7c8wklsp7lrn5yxjvhru4enddvvfnyx343dyc,IOGP,500.0,1.0,64000000.0,0.0,0.0,,0,0.0,0.0,0.0,741.1111111111112,0.0,no_rewards,False,0.0,False
pool172gxn08m64vyfvpn926t3q8md5qf0q9k3y6kqz6krj8ry0tntmz,,340.0,0.01,550.0,552.424253,552.424253,1.0,0,0.0,0.0,0.0,741.1111111111112,0.0,no_rewards,False,0.0,False
pool172vhywk0n2m7r47a8wq78xzc7nnytu3x78wyftmdedvjyzxjc7s,,340.0,1.0,0.0,47.627732,70.449031,2.0,0,0.0,0.0,0.0,741.1111111111112,0.0,no_rewards,False,0.0,False
pool173f5kzeuz485kshvga3t7un8u699w2rgn77apjx078xd73kzj6y,,340.0,0.01,250.0,347.620334,347.620334,1.0,0,0.0,0.0,0.0,741.1111111111112,0.0,no_rewards,False,0.0,False
pool173mzegwuu0pjcrt60ekelzj5haqr8r5e4e0n45qh9jdz7xm5kh8,ROCKY,340.0,0.0199,80000.0,90397.112368,60756556.328593,8311.0,72,785.915662,20424.450942,21210.366604,741.1111111111112,1.0604559157421287,edge,True,526.4144303997557,False
pool173qemdqfjnkrjzykmc0j4nqmxuuhvvv42pawt4xka3k2vwmd4mr,CHLA,345.0,0.15,100.0,2104.471489,28123.657362,7.0,0,0.0,0.0,0.0,741.1111111111112,0.0,no_rewards,False,0.0,False
pool173trwz74lv2ncl0dn5fqvgnhqtmqu3yvnf6dpx7k6psuwhzn2fc,,340.0,0.01,50.0,104.725902,160.317709,3.0,0,0.0,0.0,0.0,741.1111111111112,0.0,no_rewards,False,0.0,False
pool173ul998qx9wnukxsz4hs47fv3slu7zcympa7gkv4m9qp5fheyex,MUSIC,340.0,0.05,10000.0,11608.176345,12672.711973,12.0,0,0.0,0.0,0.0,741.1111111111112,0.0,no_rewards,False,0.0,False
pool1749t2act40esvfj0w0g0ear7l3hrnjfc8l5rl8eznuh8vunjl86,,340.0,0.01,10000.0,10442.525441,12386.367655,15.0,0,0.0,0.0,0.0,741.1111111111112,0.0,no_rewards,False,0.0,False
pool174s9fj3073jx2t8zlm5x8rvyqt52uult4jn7slyrtg8gx8ay9jy,,345.0,0.03,5000.0,5027.517645,5585.614991,2.0,0,0.0,0.0,0.0,741.1111111111112,0.0,no_rewards,False,0.0,False
pool175gxtzacpcm90adjpvlhjmfpj4ft2a3zuqsgm558hf3q7ra2vf9,CSK,200.0,0.05,10.0,3876.554386,3999.877609,6.0,0,0.0,0.0,0.0,741.1111111111112,0.0,no_rewards,False,0.0,False
pool175jklkquzts0u05axap90uqpym5knnjxky396mz95hhauwyzswe,ANADA,340.0,0.01,1000.0,0.0,710.483479,4.0,0,0.0,0.0,0.0,741.1111111111112,0.0,no_rewards,False,0.0,False
pool175p7tqqgmduq6r5ad7jca2c4jz6tp3rslz7jffx7zru3cakdmt2,GQSRN,340.0,0.015,401.0,10.054082,464.078945,2.0,0,0.0,0.0,0.0,741.1111111111112,0.0,no_rewards,False,0.0,False
pool1777xvdg0vydjp78cdcfrmpuqj28w3nuasf7h9a2f6cd4z990777,777,170.0,0.007,77700.0,87445.838814,166277.662629,41.0,0,0.0,0.0,0.0,741.1111111111112,0.0,no_rewards,False,0.0,False
pool177ukluyy3tq6mphkp7kfpe6ku48rs8x48le7y23quee0xqmal06,BNP,345.0,0.06,2.0,389.987841,136190.181931,6.0,0,0.0,0.0,0.0,741.1111111111112,0.0,no_rewards,False,0.0,False
pool177xu75tv2wqnz2cg879yekswm3wqqvwfgzhulkglrfksslsyj9r,PUP,340.0,0.02,2000.0,2463.217672,13932.545792,5.0,0,0.0,0.0,0.0,741.1111111111112,0.0,no_rewards,False,0.0,False
pool178jmsy6t03udg2urvckseyync6y2jkq26haj7vxtwszc7ycq5ws,ROLL,340.0,0.0,500.0,562.621754,3102.848977,7.0,0,0.0,0.0,0.0,741.1111111111112,0.0,no_rewards,False,0.0,False
pool1796kveuwxrquwhwnne5g99er50q6alcaf7yjf3kd6xr5vemfaqc,,340.0,0.075,0.0,2.07065,3779.374885,8.0,0,0.0,0.0,0.0,741.1111111111112,0.0,no_rewards,False,0.0,False
pool179dpweul0jsfv9ls67ner4n286fh6hqtskaw6nux97t52dt5gxa,GET23,340.0,0.01,1.0,1047.64119,1654.49535,2.0,0,0.0,0.0,0.0,741.1111111111112,0.0,no_rewards,False,0.0,False
pool179mnckg6xz4w5x6k9056yl7r2ej8fd8uu68fc2vlsmulg7lzwhy,,341.0,0.01,101.0,450.496954,57436.266933,10.0,0,0.0,0.0,0.0,741.1111111111112,0.0,no_rewards,False,0.0,False
pool179u2dtcn92xv7n05dldlevt6hcu5v3p7g4aaqva2fm8qjzu7lpc,RISUP,340.0,0.02,1000.0,1802.630979,3734.720474,6.0,0,0.0,0.0,0.0,741.1111111111112,0.0,no_rewards,False,0.0,False
pool17agmzy52u2hh2f8zkuvzrvth94wdr3erlpng50thrlmryqvkz57,,170.0,0.015,1000.0,1.0,8.585987,2.0,0,0.0,0.0,0.0,741.1111111111112,0.0,no_rewards,False,0.0,False
pool17ahr5ygy48vpdfnatqn2z4wfu2te4quapk2yx3k50ce6kd7feg0,ST3AK,170.0,0.0199,2789000.0,3014145.774044,51601343.653665,9861.0,45,1190.501749,12203.401779,13393.903527999999,741.1111111111112,1.6063741740629685,edge,True,1102.5501418075933,True
pool17ajuw0arwq8klfe4xy8tcqj4yetp8kerl4amzn5dsnne20wlnsa,,340.0,0.0,10000.0,6780.084325,35238.573775,187.0,0,0.0,0.0,0.0,741.1111111111112,0.0,no_rewards,False,0.0,False
pool17am8pt0vu7zp8du7edlnz7x9sq4pln22rsn802gkr062vtp6fdp,HODLR,170.0,0.0,2001.0,7601.347618,128903.320934,25.0,1,177.347838,117.256471,294.604309,741.1111111111112,0.2392999313343328,losing,False,87.949927736729,False
pool17arsgklktp9sayk5kzaakwvl3jwyczp07guux2yd0upgqh04qjl,RMH,340.0,0.05,0.0,0.0,70026472.699774,8.0,58,1177.346034,15909.574651,17086.920685,741.1111111111112,1.5886228344827584,edge,True,925.5960342500001,True
pool17c4u37tjcjaeym0cs5mffvdkyyv74rkhczhnsgplef4sjglkwpj,BNP,345.0,0.06,2.0,34174.605513,32128433.331253,11.0,37,988.870487,9911.406585,10900.277072,741.1111111111112,1.3343080034482757,edge,True,735.3404511623744,False
pool17cacd3k230r83pw5xny6d493t9wn5ww730m6wayuqsrhqwzyecv,,340.0,0.01,500.0,349.297658,1923.412781,4.0,0,0.0,0.0,0.0,741.1111111111112,0.0,no_rewards,False,0.0,False
pool17d6xuyhwkvp5g44q5jwukrfldhvcz3equ2tk34yuyrd0jlh4jjy,,340.0,0.02,800.0,3.477772,12.611753,2.0,0,0.0,0.0,0.0,741.1111111111112,0.0,no_rewards,False,0.0,False
pool17d6yemu3wsv9t3lf507z6vuu00slpyw3qstavfdtztjjy42qcp7,,345.0,1.0,100.0,2.624602,99.280884,2.0,0,0.0,0.0,0.0,741.1111111111112,0.0,no_rewards,False,0.0,False
pool17dkgt30q7q53eavtrygh4p549wml9eq2339pfkuec6yf7x7h5rz,,340.0,0.01,10.0,0.0,0.0,,0,0.0,0.0,0.0,741.1111111111112,0.0,no_rewards,False,0.0,False
pool17dqwaa26crnkecs7lydfr8826k3evkv5ypdf7wx8fu5mzexxa2x,,340.0,0.01,100.0,155.020293,156.277982,2.0,0,0.0,0.0,0.0,741.1111111111112,0.0,no_rewards,False,0.0,False
pool17dx6ld5544pngfc4w6ere708zmjga7wmykeelqhqt4tpkjcpup2,,345.0,0.02,176500.0,4.0,4.0,1.0,0,0.0,0.0,0.0,741.1111111111112,0.0,no_rewards,False,0.0,False
pool17e4rdh59t4fmn4g3p02xvs853katrjzge830tsmd3sfdc645yvt,GAIA,170.0,0.03,0.0,2543.434226,582535.295948,202.0,0,0.0,0.0,0.0,741.1111111111112,0.0,no_rewards,False,0.0,False
pool17edtg9kt83mpguyh87u6ju2fkgjta4jjmmyzj9n8tsf4uwalg7h,,340.0,0.01,10.0,112.542179,146.685847,4.0,0,0.0,0.0,0.0,741.1111111111112,0.0,no_rewards,False,0.0,False
pool17etnr2ngwpnqwuvdzszzd36u67kzcsrs8scuxf0a63hezy9zvpv,ARARE,340.0,0.02,5000.0,6070.335122,6588.687945,12.0,0,0.0,0.0,0.0,741.1111111111112,0.0,no_rewards,False,0.0,False
pool17f450fgggph94ectjspqersd3u88cggvf3nu45k3xj2fwdqxjpp,,342.0,0.03,10000.0,94.912118,94.912118,1.0,0,0.0,0.0,0.0,741.1111111111112,0.0,no_rewards,False,0.0,False
pool17fge0jukcp0vqwu0chh3jh4g0emt4rat8vxucrx5n8s5qz6fegp,TRADA,340.0,0.01,25000.0,25576.475145,73980.188046,13.0,0,0.0,0.0,0.0,741.1111111111112,0.0,no_rewards,False,0.0,False
pool17gfj5t240hqaqr7vtrlrlhmyazw3lcyqvfd06v4kpxv7qxpdzau,EVOC,170.0,0.0,45000.0,54011.459978,956727.860424,16.0,0,0.0,0.0,0.0,741.1111111111112,0.0,no_rewards,False,0.0,False
pool17gvd032slmxg267lp8rwcykkfa52txm8ylefhmdsdkytzugrtaw,STPZ1,170.0,0.03,12000.0,33146.128209,2192884.384373,39.0,2,188.723648,400.507703,589.231351,741.1111111111112,0.2546496,losing,False,97.96652403858548,False
pool17h6slydr6rd9vquqa38p5cf9xqnpc24w6a99rhllcjzljgugx6x,NETA1,340.0,0.05,880.0,3250.39087,1408193.103332,1386.0,0,0.0,0.0,0.0,741.1111111111112,0.0,no_rewards,False,0.0,False
pool17j4er5hpzkzyzpqzc98hxc7srvt5pvuye9q86mcrxluhjjj2aaj,PIXB,340.0,0.0,10000.0,2.828258,14816.950921,7.0,0,0.0,0.0,0.0,741.1111111111112,0.0,no_rewards,False,0.0,False
pool17k2dpgvx8spkdhgf5j7x5u7pqjpvlwa76sugwen8l3xtk7kq3c4,,170.0,0.0,105.0,134.259515,27219.602099,8.0,0,0.0,0.0,0.0,741.1111111111112,0.0,no_rewards,False,0.0,False
pool17k4f0mdwyulkqhyu2mudavu2qqqd7hfc9xtxmxtk8dudvznma8k,TTPL,340.0,0.05,200.0,201.0,218.112148,3.0,0,0.0,0.0,0.0,741.1111111111112,0.0,no_rewards,False,0.0,False
pool17k568pj9x6qwmvutn97p5wgzvgmjf7m46sz3vzudq62swqdfh4a,KDK,345.0,0.15,90.0,120.363176,1753.913248,3.0,0,0.0,0.0,0.0,741.1111111111112,0.0,no_rewards,False,0.0,False
pool17kew7rtakc7g6qzydntann5umw08xq3ll2j7spk7en4kvff69fa,BLOOM,340.0,0.04,1000000.0,1000001.0,13717650.202795,2038.0,20,952.986147,4960.48054,5913.466686999999,741.1111111111112,1.2858883542728634,edge,True,717.131505290225,False
pool17lue2fr93qlstfjwgstpkt22y5lg6h44ry3rz7jxe0mqqnq53wf,ORBST,170.0,1.0,50.0,62.60247,62.60247,1.0,0,0.0,0.0,0.0,741.1111111111112,0.0,no_rewards,False,0.0,False
pool17m2zg7dcg54a8gz2jgkwz2s3fzzth2gyf466k7sy4dl7wchp3lv,YOLO,340.0,0.03,1000.0,6.502255,6.502255,1.0,0,0.0,0.0,0.0,741.1111111111112,0.0,no_rewards,False,0.0,False
pool17m39tt99rq96gv9s4cp7u93auavams3khrdtzfapngxgjs3tj7s,,340.0,0.0,2500.0,5.885306,5.885306,1.0,0,0.0,0.0,0.0,741.1111111111112,0.0,no_rewards,False,0.0,False
pool17m6ue6rcq7fmvxpvr22s9umscgzlw7fuy9ywrkzr2trncnj5nx9,,340.0,0.15,2000.0,0.0,0.0,,0,0.0,0.0,0.0,741.1111111111112,0.0,no_rewards,False,0.0,False
pool17mr554wv653z4ttr3rydt5dsxg6r28ysu5mlz9cc5ax32gsleh9,,340.0,0.0069,40000.0,62735.629901,470313.699058,31.0,0,0.0,0.0,0.0,741.1111111111112,0.0,no_rewards,False,0.0,False
pool17n47upcpnzsdks0yd409nf79sg6hqy73twg87eddwh24uj745rt,HEPHY,170.0,0.0,25000.0,26831.176014,719946.922819,49.0,0,0.0,0.0,0.0,741.1111111111112,0.0,no_rewards,False,0.0,False
pool17p4syst04f92ylfzlcn8qwq8w5muxkwqn0a5fl98ksxhwj6y7g7,,340.0,0.01,100.0,197.226148,197.226148,1.0,0,0.0,0.0,0.0,741.1111111111112,0.0,no_rewards,False,0.0,False
pool17p8a9e5ljeucdvmsl62a667y7lwwx9xzwzjulwu7df2q7854mh4,AGC,340.0,0.01,25000.0,36474.258684,56219.194758,242.0,0,0.0,0.0,0.0,741.1111111111112,0.0,no_rewards,False,0.0,False
pool17pappd4r69ag7ud695he8rhygzh80qvtdtv8k25hjyggzz8gc53,,340.0,0.0298,1000.0,1053.239172,1053.239172,1.0,0,0.0,0.0,0.0,741.1111111111112,0.0,no_rewards,False,0.0,False
pool17pv7m8h5dxsyt55upay8n8ake2cgcz4mcr737um2tl8d2wthzqr,MEDIA,170.0,0.025,5000.0,5072.461821,581702.392768,477.0,0,0.0,0.0,0.0,741.1111111111112,0.0,no_rewards,False,0.0,False
pool17qvfg2g843gw6lurru282kkex6vp3pyj6zwj99j4u6k7zvmva5a,1PCT4,340.0,0.01,50000.0,59910.63248,5215652.671422,422.0,4,357.923149,820.710851,1178.634,741.1111111111112,0.4829547737631184,losing,False,98.58668048095872,False
pool17qyahrvutlsyq7c6ceynac8ay4qkmxkd2sh43w4va5yr255x437,,345.0,0.03,100.0,103.60797,103.60797,1.0,0,0.0,0.0,0.0,741.1111111111112,0.0,no_rewards,False,0.0,False
pool17r3u34ywld6sehe9dd5t40ygq7rmc6yfw2k0h0hpllznwlmwsnn,ADAR,170.0,0.025,100000.0,151815.67882,406570.269013,115.0,1,218.5125,76.175604,294.688104,741.1111111111112,0.29484445277361315,losing,False,160.4741851744883,False
pool17rjst78s67lvellg8s586rf076jxa3wnsdz730f4xk2zwuhrtej,NORTH,340.0,0.0,10000.0,11006.626857,60876616.624358,4505.0,51,342.655132,14675.198298,15017.85343,741.1111111111112,0.4623532515742128,losing,False,77.70170093219413,False
pool17rns3wjyql9jg9xkzw9h88f0kstd693pm6urwxmvejqgsyjw7ta,0PCT,840.0,0.0,10.0,759.884097,2967498.159189,258.0,3,840.011217,43.79493,883.806147,741.1111111111112,1.1334484187406295,edge,True,75.2071101297091,False
pool17s3mr9c4ejjfq20dz0ls9ggskc770kt267s9xmw93payzdswwgg,FIKA,998.0,0.03,50000.0,51462.324565,72133291.978715,3127.0,70,1600.427303,19001.710246,20602.137549,741.1111111111112,2.1594971104947525,comfortable,True,705.0195364877666,False
pool17taqml487n9t4r9a6ppvf9qv0qlw2lu4zcrzwfdsfcv6xp7uqym,PSB,240.0,0.0169,50000.0,52290.700816,17695669.96897,1380.0,17,334.454333,4674.094148,5008.548481,741.1111111111112,0.4512877056971514,losing,False,172.70922506534907,False
pool17uux76nu89sauwvzuy99lnk50war63uye826sqc20a4ysekegd6,FGMTQ,170.0,0.1,2e-06,5.046709,10524.814153,2.0,0,0.0,0.0,0.0,741.1111111111112,0.0,no_rewards,False,0.0,False
pool17wdqcn6xjym38wlry6t2ull00fg7ghqejd0xuy4p20djyua800c,,340.0,0.05,50.0,98.62403,98.62403,1.0,0,0.0,0.0,0.0,741.1111111111112,0.0,no_rewards,False,0.0,False
pool17we8ycehylszd2n3haxut8gll239m9m9q5a8ytsc9pg9g3uuga6,HIPOO,345.0,0.15,500.0,517.619542,524.777277,3.0,0,0.0,0.0,0.0,741.1111111111112,0.0,no_rewards,False,0.0,False
pool17wph2uu643wykezxmm3ef3a8shg3hwyq2z0sgpu6r9sc7um83d9,BLKN,345.0,0.0,100.0,1529.740291,47332.96413,4.0,0,0.0,0.0,0.0,741.1111111111112,0.0,no_rewards,False,0.0,False
pool17wsk3ww9asev7kfk9ktfw2cxcq865jq2l796aue66xldwx6cy82,FUND3,170.0,0.0,100.0,336174.807284,342087.584942,8.0,0,0.0,0.0,0.0,741.1111111111112,0.0,no_rewards,False,0.0,False
pool17xextu09ghdfcmsq83whq0a45geg83jxe4qt94sevu087tzdzkl,ONYX,170.0,0.05,250000.0,250392.546286,11944650.384128,1915.0,14,446.746271,3681.600186,4128.346457,741.1111111111112,0.6028060628185906,losing,False,358.38809091964464,False
pool17xtz3a8ppy9prj4e2e5t5ggk6p68ls305x5pyyxdxc2lut0ltm2,ZLNDR,340.0,0.0,0.0,7.426233,7.505346,2.0,0,0.0,0.0,0.0,741.1111111111112,0.0,no_rewards,False,0.0,False
pool17y0uw9jraxxtqk4mhgkhkye2v6jqzn84u8hl68l9xwq3cvm2vqw,ADNT,340.0,0.01,100000.0,159014.546225,380711.098374,27.0,0,0.0,0.0,0.0,741.1111111111112,0.0,no_rewards,False,0.0,False
pool17y4pg5j8z8zklmplel2l3l705zx706w3mrac2etns0uccehx3nr,,340.0,0.0,1000.0,1035.664597,1452.411459,3.0,0,0.0,0.0,0.0,741.1111111111112,0.0,no_rewards,False,0.0,False
pool17ynruzy9lvq0x55ks22vtf4lrrdrw2ucydh4tfzhg9kkyeaw8nf,ASN,340.0,0.0,1000.0,1643.116625,1287928.097003,740.0,2,340.317933,248.888143,589.2060759999999,741.1111111111112,0.45919960974512736,losing,False,75.6560153118157,False
pool17ywx7vha7t8snj3xzwm9863lvnpke0ufqjtx94mh49sf28srg9m,LAND,345.0,0.15,100.0,1.000009,4109.515103,5.0,0,0.0,0.0,0.0,741.1111111111112,0.0,no_rewards,False,0.0,False
pool17yyawjkmefppu64v0xxqxecaa77ddgsdgxgmm06jdyxeslruzyc,,345.0,0.15,100.0,300.822669,0.0,,0,0.0,0.0,0.0,741.1111111111112,0.0,no_rewards,False,0.0,False
pool17z4hzv0544uxx8q7yhedvsrtdavtz46nzwqyp2rgtku4x6d0zcn,ECOST,170.0,1.0,50.0,197.237368,197.237368,1.0,0,0.0,0.0,0.0,741.1111111111112,0.0,no_rewards,False,0.0,False
pool180fejev4xgwe2y53ky0pxvgxr3wcvkweu6feq5mdljfzcsmtg6u,CHIEN,170.0,0.0,50000.0,55367.37366,1015513.130772,226.0,3,208.926707,675.042068,883.9687749999999,741.1111111111112,0.2819100994002998,losing,False,119.10625041416003,False
pool18243r3ncukrk54jrx3mnr2k6lvu30dy7y6uj252cyldhqze7qe3,,340.0,0.05,340.0,391.08766,391.08766,1.0,0,0.0,0.0,0.0,741.1111111111112,0.0,no_rewards,False,0.0,False
pool183usq53j55v86q3eguw37xaqy67au9n5terk474sevuu6jy7266,,340.0,0.03,300000.0,0.0,1002.944665,41.0,0,0.0,0.0,0.0,741.1111111111112,0.0,no_rewards,False,0.0,False
pool18499qzkx0gcsa92ykrv84yr9pycqrje2dndcg2xxq7pxyadvwjj,,345.0,0.019,1000.0,1165.851714,0.0,,0,0.0,0.0,0.0,741.1111111111112,0.0,no_rewards,False,0.0,False
pool1850xvydng5mkjzkwqw6566y7e6hsrgakc3y87jrnqrkrwdjua2p,BITA,340.0,1.0,10.0,17.455182,14053455.453069,687.0,10,2946.020922,0.0,2946.020922,741.1111111111112,3.975140674362818,comfortable,True,2946.020922,True
pool1853ffwhtuka742fq4av7s3ssdpvzhdkpw53th3es36zkwrllj9g,ATLAS,340.0,0.0,125000.0,140658.616868,6288943.251549,1326.0,5,365.356571,1103.043812,1468.400383,741.1111111111112,0.4929848784107945,losing,False,106.16481780430236,False
pool1856hr68ypjteu686stdagfpv2sxjzguwzjxu946v8wdqzn0f67s,,340.0,0.01,0.0,0.0,101.080977,1.0,0,0.0,0.0,0.0,741.1111111111112,0.0,no_rewards,False,0.0,False
pool1859zslu3scj23wxcamw0slkhn80waxwkdl4k8k0asyw7sfa8dv5,UPBIT,340.0,1.0,200000.0,31180711.307309,31180711.307309,1.0,30,8844.874336,0.0,8844.874336,741.1111111111112,11.93461304707646,strong,True,8844.874336,True
pool185ev4czpm5hc9xud25xlcz5lhpnl2jztqas6mgxujqke7j5mdzc,ALDIA,340.0,0.0,1000.0,1295.377136,2183114.895784,1163.0,1,294.603219,0.0,294.603219,741.1111111111112,0.39751558785607194,losing,False,75.13030417658454,False
pool1867sv2tgcq2cjmyhqgsfveekmsy5zksld69zhgrlkluukfydq29,IOGP,500.0,1.0,64000000.0,0.0,0.0,,0,0.0,0.0,0.0,741.1111111111112,0.0,no_rewards,False,0.0,False
pool186wnrzw2zq20wt6p9aer6z33vqgv4xaxm6445fa4g4wr559e0j8,INF1,340.0,0.001,250.0,251.000039,251.000039,1.0,0,0.0,0.0,0.0,741.1111111111112,0.0,no_rewards,False,0.0,False
pool187k9uqvh2dacad2qyfyex7ct8q0jxepk45026s9h7mkxx9pn7at,CHESS,340.0,0.01,750.0,1047.052111,2338.71876,4.0,0,0.0,0.0,0.0,741.1111111111112,0.0,no_rewards,False,0.0,False
pool18872nzahx0h2f7j58pxrn5rjektn8na8p4amv08x2xj8qkht30g,MNKY,340.0,0.01,20000.0,178369.704745,601140.47276,238.0,0,0.0,0.0,0.0,741.1111111111112,0.0,no_rewards,False,0.0,False
pool188837cdkhad7w2dwk2arsldyre3tcva8aardadf4ekc0j56267t,CAOW,340.0,0.0,100.0,100.0,847.833359,10.0,0,0.0,0.0,0.0,741.1111111111112,0.0,no_rewards,False,0.0,False
pool188ah5thmetn7vx5g5ugsq3xr0mwy672twqawn36qnzqmjrdftfp,IGUD,340.0,0.005,100000.0,104999.656326,217787.93753,4.0,1,294.663861,0.0,294.663861,741.1111111111112,0.39759741364317835,losing,False,181.47287320801303,False
pool1892ry20mvu6tvrmuua5gdmk7unw30w7tf8scpllpyq8w2sdwvc7,1GURU,170.0,0.0,20000.0,20013.205728,55041.364258,37.0,0,0.0,0.0,0.0,741.1111111111112,0.0,no_rewards,False,0.0,False
pool189elcklfyhaczaasjdyrrxmhaeepg6avn9gxjte78ntny5fqdl7,AIOA,340.0,0.0,6000.0,999.827958,68894.440762,10.0,0,0.0,0.0,0.0,741.1111111111112,0.0,no_rewards,False,0.0,False
pool189j5mz6wa0gfrakwvn2tar7qt309qxrmsgde5v6qwm892n6re3v,CCJ,170.0,0.048,100000.0,100250.720882,3161541.283388,52.0,2,202.793761,386.631399,589.42516,741.1111111111112,0.27363475997001496,losing,False,115.22156167763282,False
pool189lfh7azuvxu0hyskwahnp35rtez0mzhsmule3742p3jkza00cq,SEBI,170.0,0.0,1000.0,1012.470893,3216660.995518,159.0,4,170.317406,1008.095399,1178.412805,741.1111111111112,0.2298135913043478,losing,False,75.34730838891093,False
pool189lsf6c2upyhmrzddyvyfjxxkqnte9pw8aqx7f4cuf85sjxlm02,CRDN2,340.0,0.02,100000.0,101911.685597,43205361.453112,2406.0,45,628.315318,12627.251336,13255.566654,741.1111111111112,0.8478017784107945,losing,False,369.0795121499677,False
pool189vq6ay0gku9tkqc2t3nfjk3n88mm23grmfas852jruw6fjlkaf,WEP,340.0,0.05,50000.0,51816.045974,1823621.038735,39.0,0,0.0,0.0,0.0,741.1111111111112,0.0,no_rewards,False,0.0,False
pool189ysyxejgdu0d5u323cajq40ec6wsacq3yav3ul7fdxs6mhdhr0,,340.0,0.01,5.0,14.388712,3790.376532,10.0,0,0.0,0.0,0.0,741.1111111111112,0.0,no_rewards,False,0.0,False
pool18a8vhtlcz7t0mahmfdlgtpsspvae62egz936j3dt7f9ykr4j2av,,340.0,0.15,500.0,525.042337,525.042337,1.0,0,0.0,0.0,0.0,741.1111111111112,0.0,no_rewards,False,0.0,False
pool18aklqwussc7j6y9nap8vxst4ht8s6sv76ge9799rzv3lcrau7yg,,340.0,0.0,250.0,356.622907,472.976532,3.0,0,0.0,0.0,0.0,741.1111111111112,0.0,no_rewards,False,0.0,False
pool18au4xxwcu552tjyxgyfssc95lwcf08g49z0ln5f7l060qh8r3wv,STBL3,340.0,1.0,0.0,1.430897,1.430897,1.0,0,0.0,0.0,0.0,741.1111111111112,0.0,no_rewards,False,0.0,False
pool18c2qgn5fv5vfhsvqjvn20j943qjaegs0dylgpsmmwz2lx03n76k,BETTR,340.0,0.01,35000.0,39.77146,124948.007404,43.0,0,0.0,0.0,0.0,741.1111111111112,0.0,no_rewards,False,0.0,False
pool18cr7st8wvagllpgq23y70ncnejux2dmxrsdc45hyalk67e63jg6,XSY,340.0,0.01,2000.0,2097.62183,20809.410436,6.0,0,0.0,0.0,0.0,741.1111111111112,0.0,no_rewards,False,0.0,False
pool18cx6qhjeynrsd7pvcrv7e3y65ksyzguaep2427zumc8t2qzxvsk,NINJZ,340.0,0.0,2000.0,2027.006993,34176.945059,192.0,0,0.0,0.0,0.0,741.1111111111112,0.0,no_rewards,False,0.0,False
pool18dmncsu0wwzfnje42udk3eeld3z0zwjpjxname3lp8a9kpah28w,BOS,340.0,0.0,400.0,401.42091,3311.70978,6.0,0,0.0,0.0,0.0,741.1111111111112,0.0,no_rewards,False,0.0,False
pool18dqp26atwr6rd7z6suxjmguqy8zym5a3tgtveuazqsjwyeafrz6,,345.0,0.018,100.0,266.665872,266.665872,1.0,0,0.0,0.0,0.0,741.1111111111112,0.0,no_rewards,False,0.0,False
pool18e0uhtm4pspfrnktwguypytjfgwz6dw6zzn3gulpdjfx7qd0439,MINES,170.0,0.01,1.0,517.019464,57117.17667,11.0,0,0.0,0.0,0.0,741.1111111111112,0.0,no_rewards,False,0.0,False
pool18e48wynvkevefs0c5yuh705u6tpy0m4xflg506kp0r6vga9gkmr,,345.0,0.05,4000.0,497.62535,497.62535,1.0,0,0.0,0.0,0.0,741.1111111111112,0.0,no_rewards,False,0.0,False
pool18e545ehldchd8qr8qx7q7m5dljzaky2twxrynx2z29ru2mt6pv4,BD4,340.0,0.08,200.0,202.0,26458.304953,12.0,0,0.0,0.0,0.0,741.1111111111112,0.0,no_rewards,False,0.0,False
pool18ecuhr75yr6zt9e707shkj5w9p664syqnkt8gmmlkydg27z39xt,,340.0,0.01,50.0,0.0,0.0,,0,0.0,0.0,0.0,741.1111111111112,0.0,no_rewards,False,0.0,False
pool18en4vtxkjt3u5x6ctu9l3nqmr6pm3r7akxgu84450xdvkr4j827,EQITY,340.0,0.03,3000.0,3500.428917,5533.647768,3.0,0,0.0,0.0,0.0,741.1111111111112,0.0,no_rewards,False,0.0,False
pool18f4d5kj6n3ex7vl9udw3qczf3aye0qcuusgg0tkdja5sqm3604s,TOT,340.0,0.05,0.0,0.0,0.0,,0,0.0,0.0,0.0,741.1111111111112,0.0,no_rewards,False,0.0,False
pool18fldcktken22hfd3tyx8qwes46lv6jhv43jhns8gg24k2rta4al,,340.0,0.01,1000.0,1212.621566,7357.461182,3.0,0,0.0,0.0,0.0,741.1111111111112,0.0,no_rewards,False,0.0,False
pool18fw3qgzt4u094hn8kf82n6jye5y96csamj0f20dja8tnq4ad0hy,,340.0,0.05,1000.0,10.843473,10.843473,1.0,0,0.0,0.0,0.0,741.1111111111112,0.0,no_rewards,False,0.0,False
pool18fwhlhyx6h2822gujjjnjntn2hsy5lr0exvcf526t3wdkxhryj0,,340.0,0.019,500.0,580.421584,0.0,,0,0.0,0.0,0.0,741.1111111111112,0.0,no_rewards,False,0.0,False
pool18gk8kvd9qf829nldqus92q9y640e6u0jdyfz04mmktwxvglgt06,SBP1,340.0,1.0,0.0,9.434153,70000476.298539,5.0,70,20622.145661,0.0,20622.145661,741.1111111111112,27.825983650524734,strong,True,20622.145661,True
pool18gsrasdghtjsnzlf20pht85l4epwag74w9pfx5qvdvcpxw68sl6,GCD,340.0,0.05,0.0,0.0,35011765.317438,3.0,32,794.363329,8632.903257,9427.266586,741.1111111111112,1.0718545668665667,edge,True,542.6133293,False
pool18gysxqfwz4j8rm3vlh6677vs9n23prvfr7gwe88mhn5uudgx9ng,EUR,170.0,0.0194,30000.0,39482.281475,4562414.991209,311.0,6,214.556591,1553.259609,1767.8162,741.1111111111112,0.2895066445277361,losing,False,122.2057507048897,False
pool18heqrjtge2emf2hes4mdxkr76y99zztkqk4qtjr9dul0vuur0yu,RX78,170.0,0.0,10000.0,103469.164205,1959751.985307,26.0,3,207.688674,676.151575,883.840249,741.1111111111112,0.2802395901049475,losing,False,117.70439584541808,False
pool18hk4akqtnktgsptxll625lksugwpc4r30nzjgz4pxtufqgw5gdd,,340.0,0.04,100.0,9.823059,9.823059,1.0,0,0.0,0.0,0.0,741.1111111111112,0.0,no_rewards,False,0.0,False
pool18hpttrmc7v6nhjcywhdpymwzxv3y9kujzc5ne53jjdlf6hxa7cv,5FOLD,340.0,0.01,25000.0,65724.03412,753868.797694,31.0,0,0.0,0.0,0.0,741.1111111111112,0.0,no_rewards,False,0.0,False
pool18j287g2sccele52hhxc0csk2ghfghwndqm9yahdqnhjks840wtq,APE,340.0,0.025,25000.0,1081.182005,2623639.302514,1111.0,0,0.0,0.0,0.0,741.1111111111112,0.0,no_rewards,False,0.0,False
pool18jqumjfevywycjj54m62g74ghds4mmuyqynpwfkaem0xktazlqw,CEX,340.0,0.02,1000.0,2209.144441,13569732.807376,8.0,14,416.292685,3708.152398,4124.4450830000005,741.1111111111112,0.5617142676161918,losing,False,156.63496396917046,False
pool18jrsaddmrwtrdycydmk3zv0fxawnv0q8xh7f6fyp2r247zz9tc5,SUNNE,340.0,0.03,0.0,19.446071,1437549.477885,63.0,0,0.0,0.0,0.0,741.1111111111112,0.0,no_rewards,False,0.0,False
pool18kv6jmmtks4jwyt8tpvfc2kakh6wkcggjtehyj78yk9r7t2t2ex,,340.0,0.019,100000.0,581.286802,680.26647,3.0,0,0.0,0.0,0.0,741.1111111111112,0.0,no_rewards,False,0.0,False
pool18l6lvx95vl5p88zfh7xjkx073s9gufpz4sa5q43fu7auqunjhg3,BLNC,340.0,0.0,300000.0,376468.473664,597433.858251,16.0,0,0.0,0.0,0.0,741.1111111111112,0.0,no_rewards,False,0.0,False
pool18lc5x7fma0zsdwl56fa9rw97ayzc4kdue37sncrtdz2e7xfa8y6,BM1,170.0,0.0,0.0,1.812015,126315.081491,2.0,0,0.0,0.0,0.0,741.1111111111112,0.0,no_rewards,False,0.0,False
pool18lc8uxyrnuurer7hr77xqh83cp667jazlghe2qetvzfqvxjtdqc,,340.0,0.0075,100.0,6.647174,8.602239,2.0,0,0.0,0.0,0.0,741.1111111111112,0.0,no_rewards,False,0.0,False
pool18ljuhhw27t85zddz0pvsmsjsz5k0mlz03pzsxgh8qarcsw5wycc,CAFE3,340.0,0.0,100000.0,104345.4665,1005233.384801,94.0,1,294.704858,0.0,294.704858,741.1111111111112,0.39765273193403294,losing,False,97.805854090157,False
pool18lwlvq4j8yxgrsuvyqntmyq7wyeql5t9nhmtg0cx0uqa6n5hplm,,340.0,0.015,10.0,57.425793,57.425793,1.0,0,0.0,0.0,0.0,741.1111111111112,0.0,no_rewards,False,0.0,False
pool18mege8wvzzdvh8cxx6ncnqyvacl4lxukw495c87xmz8qcdl6lj8,1PCT6,340.0,0.01,50000.0,54289.373854,705195.958807,340.0,0,0.0,0.0,0.0,741.1111111111112,0.0,no_rewards,False,0.0,False
pool18mgmqghey8az6duffc6e9tpzwxsquf00wpkl0jr8gvqxumkg4m0,ARRK,170.0,0.0,25300.0,26215.649444,290805.497657,21.0,0,0.0,0.0,0.0,741.1111111111112,0.0,no_rewards,False,0.0,False
pool18mgvt3k5sm5vns4tqu74qt036tw0yterxuz2zjczlqr9saeas9f,AMB,340.0,0.04,3900.0,4858.734371,7695.88535,19.0,0,0.0,0.0,0.0,741.1111111111112,0.0,no_rewards,False,0.0,False
pool18ml3ex5ra5wkv00vxx0mw876s2xe0058z37mpzv263872nasmv0,,340.0,0.03,100000.0,7.475689,7.475689,1.0,0,0.0,0.0,0.0,741.1111111111112,0.0,no_rewards,False,0.0,False
pool18mnua97ndq302yw2c6aaw6msx5rgf79mfnk4xe5y92tvjl45etl,CAHLI,170.0,0.0,2000.0,7159.895823,360356.367191,12.0,1,172.475755,122.128583,294.604338,741.1111111111112,0.23272590629685153,losing,False,79.36330345600773,False
pool18n7kk90klq4uf45j6pguqskyrxe9eprgfgrjhr7cpvdxzus3zn8,,345.0,0.03,25000.0,2.029803,2.029803,1.0,0,0.0,0.0,0.0,741.1111111111112,0.0,no_rewards,False,0.0,False
pool18nx24xhkcewezxvrjgdpt9pgt69pefr85m8qa8fdjd4m6p7egw9,,340.0,0.01,50.0,93.505493,93.505493,1.0,0,0.0,0.0,0.0,741.1111111111112,0.0,no_rewards,False,0.0,False
pool18p7p752cjnf9z8g70ygkre5cstwmgfatzuqm0tm3n2xf739j8k8,SAGAN,170.0,0.0,45000.0,61912.378752,1895949.038589,162.0,1,174.070527,120.581573,294.6521,741.1111111111112,0.2348777725637181,losing,False,82.17275819765332,False
pool18pnja3z8vfkw3sj578xetj3ujhyp2vmljezjg5es290awqmzq7g,BEACN,170.0,0.0,15000.0,22655.178449,22835.57218,3.0,0,0.0,0.0,0.0,741.1111111111112,0.0,no_rewards,False,0.0,False
pool18pwq8mctjyctx00rl36e7r7m046mg34365amyaluw0n5cd7rv7w,,340.0,0.0,12000.0,17.236444,17.236444,1.0,0,0.0,0.0,0.0,741.1111111111112,0.0,no_rewards,False,0.0,False
pool18q7axjzcrs7pd2vpmcgh33p0r5cng2q0v6ldw5vtwuhl6ctgmeg,5CH,340.0,0.0,3000.0,22102.555323,650255.201367,16.0,0,0.0,0.0,0.0,741.1111111111112,0.0,no_rewards,False,0.0,False
pool18q92uyx3973u3qt64nxf8p7us58gwkytrn0c3ed2a99s5uc9usc,FREE,340.0,0.03,100000.0,101675.061005,101747.25608,4.0,0,0.0,0.0,0.0,741.1111111111112,0.0,no_rewards,False,0.0,False
pool18qahj5ggudguk69g9aaztf5dvapmazql4hdvd7v0947j7gy4wqf,TMS,170.0,0.02,35000.0,2.25413,847953.600336,153.0,0,0.0,0.0,0.0,741.1111111111112,0.0,no_rewards,False,0.0,False
pool18qamc87vnl2sjd888f3gv4ssh4qjww859z9v6mr622fvjhemunh,,340.0,0.01,100.0,197.226148,197.226148,1.0,0,0.0,0.0,0.0,741.1111111111112,0.0,no_rewards,False,0.0,False
pool18qddv82sx8p22uxzdrf0qx9lkewxadlr9ef45kpcf7dzz3n56qv,ALFA,170.0,0.0,240000.0,264260.640456,21061295.255691,926.0,16,227.064408,4471.622666,4698.687074,741.1111111111112,0.30638375892053965,losing,False,133.01440474622322,False
pool18qph3xrjkds0hytfyrrm0nwxk29u70q3hz8d2qz5ru0uul04v4f,CABAL,340.0,0.015,1000.0,0.173336,0.0,,0,0.0,0.0,0.0,741.1111111111112,0.0,no_rewards,False,0.0,False
pool18qzks8vdf0yu0u5ccf8aaj35q6zfutdcfgrssuvdjmgtyykr922,one,340.0,0.01,32700.0,49843.461352,405077.650556,87.0,0,0.0,0.0,0.0,741.1111111111112,0.0,no_rewards,False,0.0,False
pool18r2y72aue5nmv489xtnfxl36vzusq95qst6urd87yd5hgzms04c,ALPCH,340.0,0.0,27400.0,27421.637915,177015.900789,165.0,0,0.0,0.0,0.0,741.1111111111112,0.0,no_rewards,False,0.0,False
pool18rhzlrv83a7ygj7cp5uv8dx07qkn5drhe8nh6f3qvhv66xcyj2m,SIPO2,340.0,0.039,50000.0,52325.493353,33730623.38472,473.0,41,815.402997,11265.616492,12081.019488999998,741.1111111111112,1.100243923988006,edge,True,561.1330441096935,False
pool18rjrygm3knlt67n3r3prlhnzcjxun7wa8d3l8w9nmlpasquv4au,CF1,170.0,1.0,76000000.0,76301499.928745,76313015.863558,7.0,82,31147.267974,0.0,31147.267974,741.1111111111112,42.02779786596701,strong,True,31147.267974,True
pool18rpw5dwfywfrzjuy7uzn2cetrw9v85aan8a80p3fdvtqcxykkqu,FLUID,170.0,0.029,50000.0,52906.872562,704853.556743,148.0,0,0.0,0.0,0.0,741.1111111111112,0.0,no_rewards,False,0.0,False
pool18s9snlm9kwex29wtgjjpkmwcn8j3fk3r22dpsehtjyqs754l70q,skys,170.0,0.0,1144.0,0.0,0.0,,0,0.0,0.0,0.0,741.1111111111112,0.0,no_rewards,False,0.0,False
pool18sqt4qwprlt6ytg8pu2qpz262j9vhlzmtwn2fwvhpcnzc0u5ynw,1WJG,340.0,0.03,5000.0,20.603691,710.150115,3.0,0,0.0,0.0,0.0,741.1111111111112,0.0,no_rewards,False,0.0,False
pool18t0u9vf408ftjf9xdpj47gdwkeq3jz3jqyshumm7fvtfkcq7ul7,KAPY,340.0,0.0,200000.0,1711292.232129,1814388.181357,42.0,2,575.427734,14.183208,589.610942,741.1111111111112,0.7764392212893552,losing,False,560.3700639487963,False
pool18tdd78q5vgr9qy2lun7m8srmnuc3h2mg6vqe66gezjh4glujje3,,340.0,0.0,94000.0,0.0,0.0,,0,0.0,0.0,0.0,741.1111111111112,0.0,no_rewards,False,0.0,False
pool18te4aqp0umd6xunyps0mlg9tzk4dcjh30wgntqu8kf2n7k3y88f,ADAKA,340.0,0.01,1000.0,1000.833986,33100.544267,4.0,0,0.0,0.0,0.0,741.1111111111112,0.0,no_rewards,False,0.0,False
pool18ufrgfgmslekdxnk9v9345qvhrr7vfgzkvneqtwm7unnwaht6ww,OGAM,340.0,0.0,500000.0,548053.280565,69556356.223131,316.0,80,523.379915,23089.706629,23613.086544,741.1111111111112,0.70620978035982,losing,False,260.462928898684,False
pool18v6rlcg506atlkkhy8sdgtnm5efzjjjshk9axyvp8fa35txspr8,,340.0,0.075,100.0,101.227512,101.227512,1.0,0,0.0,0.0,0.0,741.1111111111112,0.0,no_rewards,False,0.0,False
pool18v9r8afalh50l4lstct2awdc3zspnvurcs7t45nv29uc2mnxc6c,LONDN,340.0,0.0,0.0,351180.806798,6112031.37031,997.0,4,388.172676,790.235158,1178.407834,741.1111111111112,0.5237712269865067,losing,False,138.3988325475005,False
pool18vej0s9gska8c847aj95g9v24duuxg2g63d5cuqngnxew643jw9,ADV2,340.0,0.0,250000.0,254592.263054,73794462.362542,4223.0,63,402.921018,18148.423388,18551.344406,741.1111111111112,0.5436715385307346,losing,False,138.74373069050728,False
pool18vj02k4taarxxsdr36jxftcc5x270vsysp078j0n3v0njh0dt9x,SODM,170.0,0.0,1500.0,7349.885496,2470119.659073,9.0,5,173.877156,1299.141786,1473.018942,741.1111111111112,0.23461685217391304,losing,False,79.1598305196256,False
pool18vyjg6jlyt2jywae7ndzv0f7xkrsexxgyhunxrlgm3zaku0327k,,345.0,0.06,0.0,0.0,141360.254622,3.0,0,0.0,0.0,0.0,741.1111111111112,0.0,no_rewards,False,0.0,False
pool18w4dzpe8wtkx29scf74qmshrf58xg760mcxu5p7s0azxufwwgec,IOGP,500.0,1.0,64000000.0,0.0,0.0,,0,0.0,0.0,0.0,741.1111111111112,0.0,no_rewards,False,0.0,False
pool18xjkr4xpscwxsatewj9lqc6z74vw90qycjd0wrypeqej673j5u8,TAM,340.0,0.03,2000.0,2438.793097,5440294.685297,13.0,4,365.517096,812.900334,1178.41743,741.1111111111112,0.49320147886056964,losing,False,108.58232716760818,False
pool18xmqj9h97tx245mzkz0fqlvas5zse0fzh9xmn9p6z77aj5jegsx,BNP,345.0,0.06,2.0,25062.413073,32090888.431967,11.0,30,860.818704,7977.243783,8838.062487,741.1111111111112,1.161524488155922,edge,True,607.216917399851,False
pool18xwr0zysfyyxsva6sta7alezd44nsa5nasewmjxweg9sgqntlxn,HUM,350.0,0.03,5500.0,19.41989,45.953397,2.0,0,0.0,0.0,0.0,741.1111111111112,0.0,no_rewards,False,0.0,False
pool18xykgvvvxej2e5ap04ks72d8fdke4qsqeh30satznyrtj88634d,TQWS,340.0,0.0,1015000.0,624.035279,88261.029338,56.0,0,0.0,0.0,0.0,741.1111111111112,0.0,no_rewards,False,0.0,False
pool18y056s0echkc44dwnnd0hwanmrlnecxvkluwn339ukhnwnaz5v6,,340.0,0.15,100.0,100.0,100.0,1.0,0,0.0,0.0,0.0,741.1111111111112,0.0,no_rewards,False,0.0,False
pool18yp9wal36lzzw34ujcds8vtfpsndkzq484zcm360evp5khex0l5,AROCK,340.0,0.0,3000.0,3000.855561,8710.551502,13.0,0,0.0,0.0,0.0,741.1111111111112,0.0,no_rewards,False,0.0,False
pool18ytpk5m7fun45j9julxq0x06dcwzmfdads3ha5rmp3qqqd5lreq,,340.0,0.05,1000.0,1000.0,1031.989817,2.0,0,0.0,0.0,0.0,741.1111111111112,0.0,no_rewards,False,0.0,False
pool18zn7wa345uytjgds9hypn3jugnzqtfm4cny7anskkcmgwwxtwca,1PCT7,340.0,0.01,50000.0,52089.95831,352434.780865,136.0,0,0.0,0.0,0.0,741.1111111111112,0.0,no_rewards,False,0.0,False
pool19042p8xye9udlgxgxn6n358hx0u0mjuegcwpxradk3vpkqgf54t,,340.0,0.035,100000.0,2920.621038,2920.621038,1.0,0,0.0,0.0,0.0,741.1111111111112,0.0,no_rewards,False,0.0,False
pool19066qvd5dv6vq7fh5a5l7muzk6nc5fw8zq3w4tclyrhvjvlyeuc,ETO2,340.0,1.0,0.0,0.0,72220363.472387,2.0,73,21505.951904,0.0,21505.951904,741.1111111111112,29.01852580749625,strong,True,21505.951904,True
pool190a9js7lk9lvmrngre7w268z9tz9xs9yz77audvw8ag4jerfdhx,307,340.0,0.03,100000.0,140707.319006,2018877.521335,140.0,0,0.0,0.0,0.0,741.1111111111112,0.0,no_rewards,False,0.0,False
pool190fke89hjqyyvsc0snhnzrgg3wjjchf0y7n79jlal0yuj8060xt,EMMY,340.0,0.05,500.0,512.62161,6016.53104,2.0,0,0.0,0.0,0.0,741.1111111111112,0.0,no_rewards,False,0.0,False
pool190gglea2zvf8vch44jnmpkzljyzvk3u84gpaj4l4ypwc2lpf27m,,345.0,0.05,1101.148896,1.323235,653.014581,3.0,0,0.0,0.0,0.0,741.1111111111112,0.0,no_rewards,False,0.0,False
pool190vx20f4ptv93u8em69pl74y6kux0mgl6kpzwmq6xvx8qvza429,,340.0,0.01,121000.0,0.0,0.68645,2.0,0,0.0,0.0,0.0,741.1111111111112,0.0,no_rewards,False,0.0,False
pool192ez0m2xn67tz4kx9casumhdkq9fz96rc6ja4ndl49v8ycnuwe3,,340.0,0.0,111.0,111.0,2832.231589,4.0,0,0.0,0.0,0.0,741.1111111111112,0.0,no_rewards,False,0.0,False
pool192pfftt48zc4x5aellvpufk6l6zxllpldw0rx82vrhqrqfhhqs2,MURA2,170.0,0.015,500.0,1799.666354,52224039.675505,3117.0,66,459.760845,18980.577297,19440.338142,741.1111111111112,0.6203669572713643,losing,False,366.1374012161636,False
pool192ve6p5958dam7hr3e656cuq5cucz5gnpfazlqr9kpc962gj07z,,340.0,0.0,0.0,860.402823,862.976284,2.0,0,0.0,0.0,0.0,741.1111111111112,0.0,no_rewards,False,0.0,False
pool192xshj2cu50qfy2pm5cck8lnm9lxv2tjquznqjdkkzw6y5hnzl6,STEEL,340.0,0.0,10000.0,10017.022851,11625.848783,2.0,0,0.0,0.0,0.0,741.1111111111112,0.0,no_rewards,False,0.0,False
pool1935erruagz8y3lkq5fycd7jk7ye9ldp86638nntmmwp9558jmhf,CASBA,340.0,0.01,11000.0,11022.446109,12003.172185,6.0,0,0.0,0.0,0.0,741.1111111111112,0.0,no_rewards,False,0.0,False
pool193cdhdpaedcev7x6qps3eps7s4sh2v8k6v9yr4tc2ulujq4982d,14ALL,340.0,0.01,500.0,507.449333,507.449333,1.0,0,0.0,0.0,0.0,741.1111111111112,0.0,no_rewards,False,0.0,False
pool193eeqrm9vfx5y7d7u7766zskcr0ss0pnypy8sn30mlar29s49zv,,340.0,0.015,1000000.0,5772.369729,19368.975821,16.0,0,0.0,0.0,0.0,741.1111111111112,0.0,no_rewards,False,0.0,False
pool193rdch53x9c53rmftlqgzj22vmz6w8z8hhut2ckzd2zej45zpap,ALLEY,170.0,0.01,10000.0,10176.37411,1960196.742622,86.0,2,176.346923,412.879872,589.226795,741.1111111111112,0.23794937136431782,losing,False,82.78518357587922,False
pool193spq4aagtqthqxnwzat2n53ugjkyx8d42wqu6wm8lckj056y0t,,340.0,0.05,50.0,66.420469,69.054961,2.0,0,0.0,0.0,0.0,741.1111111111112,0.0,no_rewards,False,0.0,False
pool193uec04jldvah7r52q86wl033g4v42x0aste8jfg9999qepaxfp,0AAAA,170.0,0.01,50000.0,62960.552975,42155748.019085,1253.0,51,340.544379,14674.627035,15015.171414,741.1111111111112,0.4595051590704647,losing,False,246.4920596560484,False
pool194lhpd5e6a8n8n0zce5hg9f5279pqecd86yl0ytf8nztk2x9unv,ARTMS,170.0,0.0,6000.0,7252.980925,148244.544903,50.0,0,0.0,0.0,0.0,741.1111111111112,0.0,no_rewards,False,0.0,False
pool194rde70lnsrdu692j6hzrth2ka08l2t4g9mj0xl8tyfmuny7faj,COW,345.0,0.05,100.0,9.618398,9.618398,1.0,0,0.0,0.0,0.0,741.1111111111112,0.0,no_rewards,False,0.0,False
pool194usk2h8vcq6yw89xs5asrvw22g08kcfy72xyfrnnkg6qrhtlfw,AUTO,170.0,0.0,100.0,1426.804391,200597.440375,136.0,0,0.0,0.0,0.0,741.1111111111112,0.0,no_rewards,False,0.0,False
pool194x3sx05hac6fhy37a7umfj55uaac4qf2ysp5fl2gyq2x7n4n98,ECX,340.0,0.0,10.0,27.62183,421.986517,4.0,0,0.0,0.0,0.0,741.1111111111112,0.0,no_rewards,False,0.0,False
pool195gdnmj6smzuakm4etxsxw3fgh8asqc4awtcskpyfnkpcvh2v8t,SUNNY,340.0,0.02,1000.0,581645.513467,30238199.78131,7322.0,29,658.711832,7874.787546,8533.499378,741.1111111111112,0.888816564917541,losing,False,403.6190051757798,False
pool196e8g7evuyf84jz4gr6f4xacudmupxs3ad323krx9e4xse6cf8y,,345.0,0.02,2000.0,126.660459,0.0,,0,0.0,0.0,0.0,741.1111111111112,0.0,no_rewards,False,0.0,False
pool196fz9gd7n0jnn2rwpcqqdyf9j5q3na6qwhhy0k6j9ysx5f3u7r4,,340.0,0.02,5.0,22.424605,22.424605,1.0,0,0.0,0.0,0.0,741.1111111111112,0.0,no_rewards,False,0.0,False
pool196tul7axlt0qzqvs7rx4glfdkpsjlsh68tdkl7y87q3uztcvd5k,ARM,340.0,0.015,5.0,5.879394,5.879394,1.0,0,0.0,0.0,0.0,741.1111111111112,0.0,no_rewards,False,0.0,False
pool197na7w0h8hjc8wdvwys7nsalhtpctefa3m23udeqxpfk6nzq8l9,,340.0,0.03,0.0,76585.327202,78540715.384578,4.0,74,995.587986,20529.416719,21525.004705,741.1111111111112,1.3433720950524737,edge,True,738.7886367684807,False
pool197rexraxmzk5mv36h2yfy8p4lwxzlqyenjk50r0q8dchz4gp26j,AADA,340.0,0.023,100000.0,0.0,44600.133991,21.0,0,0.0,0.0,0.0,741.1111111111112,0.0,no_rewards,False,0.0,False
pool1980svf2cxnfy66s5jgjv7y22xud75z9kfe6n0c3y54s62w56435,HYPE,340.0,0.0,25000.0,25074.950379,1212739.483016,382.0,0,0.0,0.0,0.0,741.1111111111112,0.0,no_rewards,False,0.0,False
pool198wj6nckft025tvkthdpamw6xxwdftactw34fag60d2xxa2qz7y,,340.0,0.02,500.0,0.0,0.0,,0,0.0,0.0,0.0,741.1111111111112,0.0,no_rewards,False,0.0,False
pool199a44nvtjr0c5xlanz4p5c0nywu8l6k5hz3t2he0hq7wvljnsrt,ALoop,170.0,0.0,25000.0,25456.9646,917897.886917,126.0,2,181.627738,407.631813,589.259551,741.1111111111112,0.24507490884557717,losing,False,89.26246576183989,False
pool19ae6xhzsscypyha0sszv90xwjsh20hxecxjpcqynshfawvwxqnn,GENE,170.0,0.018,1000000.0,1387679.729101,4604671.954875,171.0,5,580.489158,897.055554,1477.544712,741.1111111111112,0.7832687289355321,losing,False,515.3133260514144,False
pool19asxjgd6ah9ddzauwede4wpt9vsp6s4ax5nz297wt47evc9sn7z,,500.0,0.0215,7890000.0,8062501.672268,30200170.653069,3260.0,20,2067.222153,3975.973435,6043.1955880000005,741.1111111111112,2.7893552289355323,comfortable,True,1762.3814776871163,True
pool19at4pzt6ghethuls7ehr0v5x65cg7mj0zun79eenefa074yfcz8,,170.0,0.0,75000.0,84725.705542,100007.457236,25.0,0,0.0,0.0,0.0,741.1111111111112,0.0,no_rewards,False,0.0,False
pool19c39hucr2p6ra4v6c5qwqt4zgc6ugchu7cs4yal7ndetsnrmzju,FAIL,340.0,0.0,0.0,0.0,0.0,,0,0.0,0.0,0.0,741.1111111111112,0.0,no_rewards,False,0.0,False
pool19ccud9eawdghzqg8425g8upxqws9r64f35f3cvv3vpxdcl879cn,,340.0,0.05,4410.0,0.0,0.0,,0,0.0,0.0,0.0,741.1111111111112,0.0,no_rewards,False,0.0,False
pool19cfmy93acrj292lwhak0laxrlt88ndausl3fhdgq8pckxnxc6le,,340.0,0.0,42.0,0.0,0.0,,0,0.0,0.0,0.0,741.1111111111112,0.0,no_rewards,False,0.0,False
pool19clgr0yxjs8pqmlsmfzu6hg5muy5ws2rze5hlesg0v7tvyhcgxh,ACUDA,340.0,0.01,25000.0,27823.52232,57013.365555,11.0,0,0.0,0.0,0.0,741.1111111111112,0.0,no_rewards,False,0.0,False
pool19d5anp46tkzvf8xmqmxrtedr6lvw55snk65zfep2srsd2qe2wcc,ADAC2,340.0,0.0,10000.0,36.920446,38.907291,2.0,0,0.0,0.0,0.0,741.1111111111112,0.0,no_rewards,False,0.0,False
pool19ddv2pe786q8zqjzvw50u60y2aau7wl76sg3pnkc4j92wcx2kp2,NEXUS,170.0,0.0,1000.0,1342.823416,4067.003192,23.0,0,0.0,0.0,0.0,741.1111111111112,0.0,no_rewards,False,0.0,False
pool19dn4vmk5ayatdjshpnyvxy6w4fef0zfl585sfpls6l2wvn0xxjn,MJ23,340.0,0.015,10000.0,38098.955857,38760.991338,3.0,0,0.0,0.0,0.0,741.1111111111112,0.0,no_rewards,False,0.0,False
pool19egsg4esywdpq8lk5e0r4c8se3mx6k68de2pt2d0fnrs7jntp6m,UPBIT,340.0,1.0,200000.0,29152469.356829,29152469.356829,1.0,33,9729.358413,0.0,9729.358413,741.1111111111112,13.128069822638679,strong,True,9729.358413,True
pool19ejln2jcpg5dphc8m5nh8sya49sycsqj0v2cjxw6nku966cc8nu,POP,340.0,0.05,50000.0,54793.484161,13592632.697014,72.0,16,575.479688,4139.062556,4714.542244,741.1111111111112,0.776509324137931,losing,False,324.74452014966914,False
pool19f6742plmyxw4w4tzhew003q67cf2w7c66v28mtk6f7fxf80ak7,,340.0,0.03,2.0,516.461389,516.461389,1.0,0,0.0,0.0,0.0,741.1111111111112,0.0,no_rewards,False,0.0,False
pool19f6guwy97mmnxg9dz65rxyj8hq07qxud886hamyu4fgfz7dj9gl,BERRY,340.0,0.015,45000.0,150172.168637,32088023.908532,21459.0,28,495.119318,7752.357489,8247.476807,741.1111111111112,0.6680770407796102,losing,False,235.2606900645221,False
pool19gspsgyjq9hdkm9crrr7n00fn5p62udpcujw5mjv86u0xua9yxr,,340.0,0.01,1000.0,0.0,0.0,,0,0.0,0.0,0.0,741.1111111111112,0.0,no_rewards,False,0.0,False
pool19gz6ffzagyh9daymscvyc64maq2xf4s05w5upthferlnwd7vgr8,SAK01,340.0,0.02,5550.0,5567.949459,10137.954961,2.0,0,0.0,0.0,0.0,741.1111111111112,0.0,no_rewards,False,0.0,False
pool19gzu2dyp0g9e0nsvtg34fdhrtgr8c5jq37nscalqkh3hsjmas69,,340.0,0.0,15000.0,10.0,1495.728437,22.0,0,0.0,0.0,0.0,741.1111111111112,0.0,no_rewards,False,0.0,False
pool19hrn8me383w9atvmjwukjxqsdvr8udpmyxau956hdc53x669j8p,WAV11,340.0,1.0,1000.0,58918977.239731,58937993.306787,10.0,54,15908.57391,0.0,15908.57391,741.1111111111112,21.46584185757121,strong,True,15908.57391,True
pool19ht066hngsjfnv3mfsc8u9fgzl4w5qcrmh8l6zppwph6s2t7jn4,4GOOD,170.0,0.02,1000000.0,1034294.187427,3362309.723359,133.0,0,0.0,0.0,0.0,741.1111111111112,0.0,no_rewards,False,0.0,False
pool19k9grwq9cdswn4k7vxzmwcls24jj3466g4s4xr5vucehcqpslfy,ADV4,340.0,0.0,250000.0,254589.883978,41359512.736032,438.0,37,405.068852,10505.720311,10910.789163,741.1111111111112,0.5465696653673162,losing,False,141.70006785198177,False
pool19kfm6lz5uw7nylq27swr367mqdycmug7tve94l6h3xsz64seqtc,KILN8,340.0,0.05,100.0,3995.093193,39171606.012699,197.0,44,972.347822,11990.148645,12962.496466999999,741.1111111111112,1.312013552923538,edge,True,720.6234934178997,False
pool19klg32x4wrwh8yfdra6u52qa37meves4r68pxajxwllvzazd37c,TEACH,340.0,0.03,20000.0,5.081239,3045.807206,5.0,0,0.0,0.0,0.0,741.1111111111112,0.0,no_rewards,False,0.0,False
pool19l206haluae6wyzm7tjpt3gln9paa5m9s4fedec2u09fqz300ht,ETO10,340.0,1.0,0.0,0.0,50008175.232646,2.0,50,14730.104043,0.0,14730.104043,741.1111111111112,19.875702606746625,strong,True,14730.104043,True
pool19l2vz7pdk09k49lezr9zcmc4j98zc30htuw2rnqk3cceckuce96,,340.0,0.01,1000.0,1257.550057,1257.550057,1.0,0,0.0,0.0,0.0,741.1111111111112,0.0,no_rewards,False,0.0,False
pool19lz8nyz0jjpdrdtnjaar4untk4th23gpg5s7aegn7480zff4vgq,MS5,340.0,0.025,100000.0,102307.252065,28256450.47635,821.0,28,565.731768,7686.310037,8252.041805,741.1111111111112,0.763356208695652,losing,False,308.2922472279715,False
pool19m3xzv58uymw76tg4th6q5fwkg9zktc8alvyysr37u04yw86axc,ADAIT,340.0,0.015,2000.0,2007.61171,14341.115118,4.0,0,0.0,0.0,0.0,741.1111111111112,0.0,no_rewards,False,0.0,False
pool19m547w9wkcqm5hcstz67fly4ucz0zsp3dqv4n956xyusy4dlpue,WRM01,340.0,0.01,100.0,4744.160892,5054836.117542,337.0,4,349.163098,829.245509,1178.4086069999998,741.1111111111112,0.4711346149925037,losing,False,87.059322172834,False
pool19m98gdj84d4kxem5h6ch8fvj92pvauhg0y4ktmzr3mln6c45yly,HOSKY,170.0,0.0269,25000.0,28459.376182,2665703.300596,108.0,2,185.633782,403.626787,589.260569,741.1111111111112,0.25048036551724134,losing,False,94.17622905465156,False
pool19mc6suzenqdvmq3ssf3nfzv4xva3wgl83z6syumccdppyar0vga,BNP,345.0,0.06,2.0,17.451049,9105.83169,5.0,0,0.0,0.0,0.0,741.1111111111112,0.0,no_rewards,False,0.0,False
pool19n2rjlddd0afs02cgd86mehptwaajv5kndtfcuqzdmgzq06lq0n,NAO,340.0,0.05,100.0,913.771674,3374.64346,6.0,0,0.0,0.0,0.0,741.1111111111112,0.0,no_rewards,False,0.0,False
pool19n5ml38q5uedy8kgwwwtlsa3p9tmfcef0lfjp42k7j9d5mpgs2m,SLR,170.0,0.0,4.0,685.596642,212218.553942,602.0,0,0.0,0.0,0.0,741.1111111111112,0.0,no_rewards,False,0.0,False
pool19nfs9chtv37vfawvpyf0x2shfhns9hpwy3qfckvpm4dmq0nrl8m,,340.0,0.0,1000.0,1001.730947,2620.34261,7.0,0,0.0,0.0,0.0,741.1111111111112,0.0,no_rewards,False,0.0,False
pool19nhmxfd2tts089nx742g8jtc2ynwstkhp2594y0wwp6d5we25f6,,340.0,1.0,1000.0,5.819891,7497.583789,66.0,0,0.0,0.0,0.0,741.1111111111112,0.0,no_rewards,False,0.0,False
pool19peeq2czwunkwe3s70yuvwpsrqcyndlqnxvt67usz98px57z7fk,PREEB,170.0,0.0,1000.0,19018.939671,699085.393788,223.0,0,0.0,0.0,0.0,741.1111111111112,0.0,no_rewards,False,0.0,False
pool19pyfv4xnln8x4l7auw0n0skk3hd97shun707hrw5d4s553ys74x,TITAN,170.0,0.005,250000.0,250002.026843,65486367.034428,2400.0,64,334.556796,18538.191789,18872.748585,741.1111111111112,0.45142596161919035,losing,False,240.3925798128391,False
pool19q034g07ka2ltwc3wwjeu79w29nlafc0w2ppne5ppu5wud60rgq,HEDGE,170.0,0.0,50000.0,66922.124707,3689237.007077,163.0,5,193.641486,1279.650083,1473.291569,741.1111111111112,0.2612853634182908,losing,False,100.36476853556934,False
pool19qgfp80d2sv3p2azmygfq87g7va4s3ewd6aaulas6eqsyz4r2yl,P2P2,340.0,0.019,0.0,786.719589,7852262.614115,10.0,6,367.264952,1400.347529,1767.612481,741.1111111111112,0.49555990524737625,losing,False,107.32599820498473,False
pool19r33az023gn3n8p2x35hq00j2dxc8vwln0nanpcfuvc8759cvkz,,340.0,0.0499,25000.0,0.0,5564.407628,6.0,0,0.0,0.0,0.0,741.1111111111112,0.0,no_rewards,False,0.0,False
pool19r4ef6n0xkw3pvztuwd44ymrzrkylyralnf5rudnc7hnvvddyqz,IOGP,500.0,1.0,64000000.0,0.0,0.0,,0,0.0,0.0,0.0,741.1111111111112,0.0,no_rewards,False,0.0,False
pool19r8kcmqpajlm6h5q0lv8jye0q7evdur39wfsgs4z98fcqpz9lct,BLOOM,340.0,0.04,1000000.0,1000001.0,16558240.416052,1313.0,17,799.188901,4227.500291,5026.689192,741.1111111111112,1.0783658334332833,edge,True,560.152804909273,False
pool19rjjay24ez2ezgqkyqvna6uwc5ur9lt489gwvrv7ve5exlcld3x,MBCG,340.0,0.0,24000.0,44057.190564,1477662.614823,60.0,0,0.0,0.0,0.0,741.1111111111112,0.0,no_rewards,False,0.0,False
pool19ru9alj7n5anmzs0f9gpzlj8kaq44yhcp45mldjvldxck8f6yg6,XRAY4,340.0,0.01,100.0,741.180635,2080404.812157,778.0,3,345.629869,538.176327,883.806196,741.1111111111112,0.4663671395802098,losing,False,83.37333181304771,False
pool19rz6ve8nz6uvq97yspwh3fvt7w03dsjsnmft6du83hvtc324dus,DGK,340.0,0.05,50000.0,51134.32732,2217635.548635,10.0,5,421.489307,1051.799772,1473.2890790000001,741.1111111111112,0.5687262013493253,losing,False,175.5441680717359,False
pool19sk7acvpdxszed5hmckt0wmqxljalartue7d7d4a7qhwuw0n0ws,ELON,345.0,0.02,1000.0,0.0,59.603626,1.0,0,0.0,0.0,0.0,741.1111111111112,0.0,no_rewards,False,0.0,False
pool19sydze39a8dccylczqe2m4nnslpreytxlj5fu400nqxkg8wvgx8,BNP,345.0,0.06,2.0,17.639298,44507.536261,6.0,0,0.0,0.0,0.0,741.1111111111112,0.0,no_rewards,False,0.0,False
pool19t833uyjq92aajf5f7qd9w3jcnyq78p4hsx0fn63aejfjtyn99j,OCT,340.0,0.02,1000.0,1000.801455,1084.589756,3.0,0,0.0,0.0,0.0,741.1111111111112,0.0,no_rewards,False,0.0,False
pool19tkfl9x2dkk07z43rvamftvnyu5vtcfatdpsag8phzqvgpdklqq,TIDE,345.0,0.05,0.0,33.692007,33.692007,2.0,0,0.0,0.0,0.0,741.1111111111112,0.0,no_rewards,False,0.0,False
pool19tz0rwsnzmsw602rauwhzrsgk4qx55qzhkmxfqe04s6vuu37ptw,,340.0,1.0,76800000.0,76889756.776574,76889756.776574,1.0,71,27078.557771,0.0,27078.557771,741.1111111111112,36.53778409880059,strong,True,27078.557771,True
pool19u2lzwnmkz3gqqmx9sahhys8nqvwzkl8dqu7m474m0zsj3acjfj,,340.0,0.0,510.0,532.61831,532.61831,1.0,0,0.0,0.0,0.0,741.1111111111112,0.0,no_rewards,False,0.0,False
pool19upjnw6s32kyfrv863nxu08yw6fyvjz7j3p4c3zl95arytp068x,,340.0,0.01,30000.0,0.0,0.0,,0,0.0,0.0,0.0,741.1111111111112,0.0,no_rewards,False,0.0,False
pool19ut4284xy9p82dd0cglzxweddfqw73yennkjk6mmp650chnr6lz,ELEMT,170.0,0.019,100000.0,130100.581481,178019.952135,64.0,0,0.0,0.0,0.0,741.1111111111112,0.0,no_rewards,False,0.0,False
pool19uynx6nxcdksmaqdcshjg487fap3rs3axyhrdqa7gdqgzgxss4y,JAPAN,340.0,0.05,50000.0,54043.527394,3232568.386698,99.0,2,356.425596,232.8908,589.3163959999999,741.1111111111112,0.4809340875562218,losing,False,108.8844632642027,False
pool19v4jgpxxl72eaq8pefctatvts3gkhtyzd8nwvzskkm3mkdv2tpy,ONLY,170.0,0.02,1000.0,1649.884756,5374800.045572,97.0,4,190.471615,987.941216,1178.412831,741.1111111111112,0.257008176161919,losing,False,97.40019342027645,False
pool19w5khsnmu27au0kprw0kjm8jr7knneysj7lfkqvnu66hyz0jxsx,ATAD2,340.0,0.01,1300000.0,1350464.974458,59880290.284606,4234.0,62,922.430884,17432.673593,18355.104477,741.1111111111112,1.2446593637181407,edge,True,665.9449315348263,False
pool19x60wat4eu8sh42s05th8l4p6e9rmmnc6g2a64lj4npag7zj5cx,SNODE,340.0,0.008,100000.0,2000.0,2000.0,1.0,0,0.0,0.0,0.0,741.1111111111112,0.0,no_rewards,False,0.0,False
pool19xhza3f7nye6j5p6stsnkpvadejztnqvck0ge3l2uy9gvsvy05f,ARUBA,340.0,0.01,0.0,0.0,174.968922,1.0,0,0.0,0.0,0.0,741.1111111111112,0.0,no_rewards,False,0.0,False
pool19xyfanyp28j6j07dxgwdjp0wur6seqmyyu64qgzstzl7s47pvpj,VLHLA,170.0,0.01,5000.0,49037.025982,205142.626069,153.0,0,0.0,0.0,0.0,741.1111111111112,0.0,no_rewards,False,0.0,False
pool19yf67fkanhu30qqdcug4gwfy7gpzy8jhq56llg5ua3g3kufg3s5,DSC,340.0,0.0,35489.362066,35490.0,35490.0,1.0,0,0.0,0.0,0.0,741.1111111111112,0.0,no_rewards,False,0.0,False
pool19yzav2l45q4gcwa53mh9ga6pf5c45t75qtqu6usfzup27qk27j0,,340.0,0.01,4000.0,0.0,0.0,,0,0.0,0.0,0.0,741.1111111111112,0.0,no_rewards,False,0.0,False
pool19yzqr3meksnvzdxh5xf6aknfhldyqdj7eaquxgcjva4mzt5kg3v,gjp7a,170.0,0.1,2.0,9.820727,81720101.522597,86.0,83,2473.363646,20730.247863,23203.611509000002,741.1111111111112,3.3373722359820084,comfortable,True,2387.8636524363146,True
pool19z9ac79g48kekg2xghx3afj6qp5skr9ar590w0huhc8nxn9s5j9,TOAD,340.0,1.0,500.0,1027.765573,1040.652302,4.0,0,0.0,0.0,0.0,741.1111111111112,0.0,no_rewards,False,0.0,False
pool19zhl50qqzpfvvhdytqg6qx0cthummjyunfyvkfqx9uxrsp7k8ek,BKV,170.0,0.0,20000.0,21077.595074,513442.190459,51.0,0,0.0,0.0,0.0,741.1111111111112,0.0,no_rewards,False,0.0,False
pool19zz6frugmvm82ecgl5hh5vq3093d4kzr4h2r5vfmt6la7trk929,CVM,340.0,0.05,0.0,0.0,35010749.937274,6.0,26,705.982705,6953.671394,7659.654099,741.1111111111112,0.9526003515742127,losing,False,454.23270495,False
pool1a0kp4vl4fh0p0rs8s08rm7qq3vkj3epwraayk3sdgm8sz0zwt7t,BLC2,340.0,0.01,1000.0,9380.505786,50830355.126294,1365.0,45,471.53141,12785.300404,13256.831814,741.1111111111112,0.6362492788605696,losing,False,209.2266374759782,False
pool1a0wm2emve4y6e3tn8lnhk9vfhk9u7wgjqmrs5zfsn792gjtquu3,,340.0,0.075,1000.0,0.0,2.015999,1.0,0,0.0,0.0,0.0,741.1111111111112,0.0,no_rewards,False,0.0,False
pool1a23gmvalpdams9d42t7fur8vmknzjv7wd3nsvuvrc7dv66lnau0,AOS,340.0,0.025,350000.0,382494.028273,48950317.061792,2419.0,45,761.921154,12513.074061,13274.995214999999,741.1111111111112,1.0280795181409295,edge,True,505.56503816920406,False
pool1a26gnntcj3j5v7ng599qncn7uuav2sp560xwlkvp3pqlj822jtl,NASA1,340.0,0.05,1000.0,1024.244396,1685.271127,3.0,0,0.0,0.0,0.0,741.1111111111112,0.0,no_rewards,False,0.0,False
pool1a2ffl2d20yransp2p4hqys5vy6hys8kmtchdvlfqale7ywxssjh,ZUND,170.0,0.0,450000.0,558077.3144,742969.717842,21.0,0,0.0,0.0,0.0,741.1111111111112,0.0,no_rewards,False,0.0,False
pool1a2gt2mvuf5zvtqlvw2xgks2efze3p4r985ft62q64lua7gx7lal,SALT,340.0,0.0,10000.0,102863.793994,2976888.477631,452.0,5,379.152152,1093.91483,1473.0669819999998,741.1111111111112,0.5115996053973013,losing,False,123.30898943876639,False
pool1a2nh3ktswllhwf07fjahpdg5mpqyq7j950pyftq9765r6t4cefl,OCEAN,500.0,0.039,15000.0,15099.618046,36715435.413964,2550.0,47,1025.812005,12821.28784,13847.099845,741.1111111111112,1.3841541296851572,edge,True,617.5549252210321,False
pool1a3ekt9me035qgju0en2w39vjns9ggtewnc9fugsmpgczvgtl6u9,SA8,340.0,0.01,168.0,5028.796721,7224368.87074,56.0,5,352.110902,1120.900431,1473.011333,741.1111111111112,0.47511216161919034,losing,False,89.94352090009619,False
pool1a3kdettzvvlqvkl9m9hwe63ggeq5fgvz0twqew5c62dzx99vsed,LEAD,340.0,0.01,25000.0,143037.994231,7998910.928634,1089.0,8,395.878898,1928.010779,2323.889677,741.1111111111112,0.5341694275862068,losing,False,137.30180440201647,False
pool1a40qpxlsqwjk4a9yk636dcawly4dcrd6l26tghjxlr37cmlrwv4,RPO,345.0,0.15,100.0,197.125746,4306.185517,3.0,0,0.0,0.0,0.0,741.1111111111112,0.0,no_rewards,False,0.0,False
pool1a44j6jas4sjhh3qc96r8rmhsdjxjuntuzxr3440jzwjjcysl9ca,MELD,340.0,0.05,20000.0,29916.707329,184187.086102,645.0,0,0.0,0.0,0.0,741.1111111111112,0.0,no_rewards,False,0.0,False
pool1a44zldps27avv82mamm2lj33mrrkqdzt39nyrgn5dkk3jtm0wrp,ADD,340.0,0.01,3000.0,4393.548037,719491.598272,32.0,0,0.0,0.0,0.0,741.1111111111112,0.0,no_rewards,False,0.0,False
pool1a4qtpgce7cu6wzc79fx7qrc3938hkl2gf8c2h5jugvm2gnu86l7,,500.0,0.0215,8440000.0,8623282.294236,20756652.551481,3344.0,24,3381.63425,3850.794916,7232.429166,741.1111111111112,4.562924775112443,comfortable,True,3138.483979999578,True
pool1a58fg4u3mcr2zwyqlc4dqd6mnwqjmcussmpmcml9lrmszwedmfy,,340.0,0.0075,100.0,470.531542,4988.631386,2.0,0,0.0,0.0,0.0,741.1111111111112,0.0,no_rewards,False,0.0,False
pool1a5jd3x2udlvpm9mt4gpau4jlags6qtth6jdsguryh2zy27f5ttj,CRDN,340.0,0.02,20000.0,21023.426316,4199950.415382,316.0,6,375.558827,1392.189642,1767.7484690000001,741.1111111111112,0.5067510409295352,losing,False,117.158787712622,False
pool1a600v0jd2z3yajazd80phln3exekumm7g56d9yvlrh6vx8dx2fc,POP3,340.0,0.05,50000.0,52761.211865,1429610.57687,67.0,3,386.270583,497.700713,883.9712959999999,741.1111111111112,0.5212046847076461,losing,False,143.81166682229207,False
pool1a6wdglfp93m2z4nhptx9xhjazgyqusjpu387gdrp899cj98yuqq,HYVEN,340.0,0.05,9500.0,912.892879,913.900616,2.0,0,0.0,0.0,0.0,741.1111111111112,0.0,no_rewards,False,0.0,False
pool1a6ysvnx24xsjh2f6ehgmx7yu9q45fd7lsk88v2swxkek7pkxtgp,VIVI,340.0,0.96,15000.0,19366.470783,9021256.155423,61.0,8,2276.448276,80.5049,2356.953176,741.1111111111112,3.0716693379310342,comfortable,True,2265.8710011810645,True
pool1a7tdlv4re0fj309jgdx8fxrjy5sz9rw94cj2dfrkw2u7qmwnhm3,,345.0,0.039,0.0,0.0,0.0,,0,0.0,0.0,0.0,741.1111111111112,0.0,no_rewards,False,0.0,False
pool1a8902n5s5z8cgehphzj8ujwv6wf7dycnrdx4ekfz9cwmwj2fenu,,340.0,0.0,25500.0,799.029644,799.909887,2.0,0,0.0,0.0,0.0,741.1111111111112,0.0,no_rewards,False,0.0,False
pool1a8fp4uygrweyx2hgkawfec4dn9vnw73ruqj0p6p2ewsjyfu2lgu,,340.0,0.05,0.0,4356.135719,28273274.035463,10.0,29,751.373748,7792.086592,8543.46034,741.1111111111112,1.0138476359820088,edge,True,499.66253649814695,False
pool1a8n7f97dmgtgrnl53exccknjdchqxrr9508hlxlgqp6xvjmzhej,HAPPY,170.0,0.01,130000.0,151346.484422,55976565.196856,1550.0,57,380.823295,16419.160776,16799.984071,741.1111111111112,0.5138545209895051,losing,False,287.01776916247593,False
pool1a93dsl464yupklfzt0eavrvxqs9ftddx4ehh3teaj9x47kt273f,,340.0,1.0,0.0,0.0,0.0,,0,0.0,0.0,0.0,741.1111111111112,0.0,no_rewards,False,0.0,False
pool1a9fmzl8m8ql8kk5s8cgxf0ny4c06v2540977gps5mjunwvk5zc0,HPAY,345.0,0.15,100.0,115.548393,419.610317,4.0,0,0.0,0.0,0.0,741.1111111111112,0.0,no_rewards,False,0.0,False
pool1a9j9dtdppvfq94w84ns59fnrptz3cj2mkwpmku57e2yf5k6a4ae,ayame,345.0,0.05,1.0,3.622402,3.622402,1.0,0,0.0,0.0,0.0,741.1111111111112,0.0,no_rewards,False,0.0,False
pool1a9xyvnnfjnujzy0n2mpf4rztdwrssraw5p5f06mqlgn4s06z0nw,LAGO,170.0,0.01,15000.0,26804.814719,245073.16758,11.0,0,0.0,0.0,0.0,741.1111111111112,0.0,no_rewards,False,0.0,False
pool1aaa4rk9exk0scgjh7a247p4hdgkuq887kau8vnf9c6xqcjwca7e,CYPAY,340.0,0.03,1000.0,47.821475,47.821475,1.0,0,0.0,0.0,0.0,741.1111111111112,0.0,no_rewards,False,0.0,False
pool1aasrxs9vpr97rjlqqwpp5gnju9tp9dgtsmqqvmsy8hryuuepvra,NEP,340.0,0.0,1.0,0.0,1299.987829,3.0,0,0.0,0.0,0.0,741.1111111111112,0.0,no_rewards,False,0.0,False
pool1aavk93lvhqfhskga397sadl0w30tul9sp587gh7r8mt625zxze8,,340.0,0.01,2000.0,3476.053175,3487.585371,4.0,0,0.0,0.0,0.0,741.1111111111112,0.0,no_rewards,False,0.0,False
pool1aawkmkg7vg0x0vxaqh4gr0lwp4fekwsqrjduylx0et3tuz9hfn4,CHAIN,170.0,0.03,2500.0,10192.743917,574933.233984,9.0,0,0.0,0.0,0.0,741.1111111111112,0.0,no_rewards,False,0.0,False
pool1aczlsvfl50xtyfuff4vk3d0v2h9r78hr269ycxwgx00dcng4u9d,MYTHX,170.0,1.0,50.0,197.61919,197.61919,1.0,0,0.0,0.0,0.0,741.1111111111112,0.0,no_rewards,False,0.0,False
pool1adllnm43t3nuspvnr5r08jh6gpyvedu76hrhc6xymjzavd5d8f6,HOC,340.0,0.035,19.0,0.0,0.0,,0,0.0,0.0,0.0,741.1111111111112,0.0,no_rewards,False,0.0,False
pool1adryduxm4puhn67tuxys7rhvdleee6gw5pc9ufnwwzp8k2wjc2z,,340.0,0.03,5000.0,9306.84591,9308.804645,2.0,0,0.0,0.0,0.0,741.1111111111112,0.0,no_rewards,False,0.0,False
pool1af7dmzgcyp9kc5lyrtrtpsce58l6j5cjvc8wavkwmzlr53ym50v,SHARE,200.0,0.02,250000.0,583148.596233,2062999.057107,104.0,3,403.325949,481.234183,884.560132,741.1111111111112,0.5442179221889054,losing,False,315.4530489347587,False
pool1afv4cmmjdkujtd5r9t63090a3frwwqy8f3e46gz003vyzjcj63r,,340.0,0.02,150000.0,1.939663,551024.528827,446.0,0,0.0,0.0,0.0,741.1111111111112,0.0,no_rewards,False,0.0,False
pool1ag6ae29hrcjhcjaqp56hwhwj9geszjerwqrkjz6xndmcq3u9k80,,345.0,0.045,1900.0,1949.430457,1967.312227,2.0,0,0.0,0.0,0.0,741.1111111111112,0.0,no_rewards,False,0.0,False
pool1aga0u8m7rqpdvkqa7qfr8rhyweyqlg3jxt3skfq660vdczwzyca,,340.0,0.018,9500.0,0.0,44.304481,3.0,0,0.0,0.0,0.0,741.1111111111112,0.0,no_rewards,False,0.0,False
pool1agk62kg0s9606v78exurl53mqsdu44d6qeuzypur5e7ku6gpgzp,,340.0,0.0,1000.0,1000.973115,7524.334329,16.0,0,0.0,0.0,0.0,741.1111111111112,0.0,no_rewards,False,0.0,False
pool1agwy5atgc4ptg3whplaxyz28g4dgvsna8auktszctkq8xmtl7dh,8964,170.0,0.0,89640.0,117402.288398,3473152.053244,23.0,5,214.06225,1259.446357,1473.508607,741.1111111111112,0.2888396176911544,losing,False,122.27351647410426,False
pool1ah5jv4mrq0z7g4wuhjjnc24kfwqekwcap0wqmsr57thfg8mpr4n,HWSP,345.0,0.02,500.0,533.61809,1544.341958,2.0,0,0.0,0.0,0.0,741.1111111111112,0.0,no_rewards,False,0.0,False
pool1ah6f5h5xss3qcc5wv5smvkwsqrqz2v2v4u0pvmrrttzs6z52kx8,FGMTE,170.0,0.1,2e-06,9.820727,1004970.261052,3.0,1,182.461303,112.140775,294.602078,741.1111111111112,0.24619965922038975,losing,False,96.96213918735168,False
pool1ah9fqr5pwdtjtw82nkkcskak4vtc2xjz70mkyselzvalgzd3jlt,SILVA,340.0,0.03,5000.0,23977.538087,24613.859387,4.0,0,0.0,0.0,0.0,741.1111111111112,0.0,no_rewards,False,0.0,False
pool1ahazpr2yz5gljk2m4q8g7wnmq7m2sr9unhdfmr5arhqrjnntwdz,ADV3,340.0,0.0,250000.0,254594.255027,76497621.991912,2377.0,74,411.493744,21409.08623,21820.579974,741.1111111111112,0.5552389349325336,losing,False,147.37218085283652,False
pool1aj697twgk5kt7c6kjtkpwejqqhljvf3hzsmsamswzy42v24cw5h,KYLEK,340.0,0.05,15436.5,15920.617477,37932.825619,3.0,0,0.0,0.0,0.0,741.1111111111112,0.0,no_rewards,False,0.0,False
pool1ajjz83zx620n7fyr0gvfaz0k0udc6x09rdnkqrgaxu9qwcz97qe,,345.0,0.01,100.0,205.61853,205.61853,1.0,0,0.0,0.0,0.0,741.1111111111112,0.0,no_rewards,False,0.0,False
pool1ajpxqyq3p3aczgaxuc66lwtgzhrapzu6duk90dz0wz5twh9jzyw,STBL4,340.0,1.0,0.0,6.135954,6.135954,1.0,0,0.0,0.0,0.0,741.1111111111112,0.0,no_rewards,False,0.0,False
pool1ajrl335z92udy65gxlgsrvthf9esfksp6m2yf3y7qcn7jqp0zsc,,340.0,0.03,100.0,0.0,0.0,,0,0.0,0.0,0.0,741.1111111111112,0.0,no_rewards,False,0.0,False
pool1ajy6eslg9ju7mpqzlaeehz02algkfs7fk3qsym7wun7ks6z06tu,KABL,340.0,0.0,1500.0,0.0,0.0,,0,0.0,0.0,0.0,741.1111111111112,0.0,no_rewards,False,0.0,False
pool1ak3vhtv7alve9wfj5kx5xswrtfvy5a23txuupgy6nqpduq350w5,HEAP,170.0,0.0,10.0,386.682468,1102.568441,5.0,0,0.0,0.0,0.0,741.1111111111112,0.0,no_rewards,False,0.0,False
pool1aksxtgqz36vtvnf3rrgrzz9qxrvjv4p2ukqcdyv5q66s5eqhql9,,345.0,0.03,110000.0,6.444552,6.444552,1.0,0,0.0,0.0,0.0,741.1111111111112,0.0,no_rewards,False,0.0,False
pool1al5vg7cqtfs5mqgd5uyyx09z9hvsxqnh26lr42t920y5qnvq7aq,ROUTE,345.0,0.15,10000.0,488.856807,1252.315408,4.0,0,0.0,0.0,0.0,741.1111111111112,0.0,no_rewards,False,0.0,False
pool1al783um2muyhrpcj779y46z0qtnd0nteu0y5jt7252nl26dt0h0,GOLGI,340.0,0.005,10000.0,11018.158692,108000.371031,29.0,0,0.0,0.0,0.0,741.1111111111112,0.0,no_rewards,False,0.0,False
pool1alseugmsr68dn8mlen92jqgdc6nm4f3dvqyc8m55fgl967ytyua,,340.0,1.0,76800000.0,76888185.192034,76888185.192034,1.0,64,24408.726442,0.0,24408.726442,741.1111111111112,32.935313040179906,strong,True,24408.726442,True
pool1alukhlxd53jat03vgt5h4dxxqyaapzefhk9yrl40e4r3x5cr5au,,340.0,0.075,0.0,2.88248,3.991496,2.0,0,0.0,0.0,0.0,741.1111111111112,0.0,no_rewards,False,0.0,False
pool1am69d5jfzgjepwhseryw59j0lspn0c0307shw3v2cvfq77gvnrh,BIDA,340.0,0.01,100.0,102.232264,126923.599625,2.0,0,0.0,0.0,0.0,741.1111111111112,0.0,no_rewards,False,0.0,False
pool1anxttanf5g4cjgagns6cf084wq6x9k2pfygjdjyk3swf77wj2ax,FGMTM,170.0,0.1,2e-06,9.820727,2858056.640579,6.0,6,329.766189,1437.846292,1767.612481,741.1111111111112,0.4449618742128935,losing,False,244.26648257169347,False
pool1ap0mx7frdu2mhk6f8rp3psy6wkd8t560dgh0cwnlxxfswtqjg9v,,340.0,0.0,100.0,244.646977,244.646977,1.0,0,0.0,0.0,0.0,741.1111111111112,0.0,no_rewards,False,0.0,False
pool1ap29p59japhsunqkknkrdm4wh4f8krrvhft66zhns43evawjd03,SNOW,340.0,0.02,0.0,47.632478,6304.620604,8.0,0,0.0,0.0,0.0,741.1111111111112,0.0,no_rewards,False,0.0,False
pool1ap4k28jflxcyekms0rjp39ruuydrvwrek2ca267w8mwyvknpx87,,340.0,0.015,100000.0,124497.61831,127355.289384,2.0,0,0.0,0.0,0.0,741.1111111111112,0.0,no_rewards,False,0.0,False
pool1ap5sw2p7erpvegveucua66gy50cadjvq72apar0hvzrdv8s27nl,ELEV8,340.0,0.0,0.0,3.036359,6737.303755,6.0,0,0.0,0.0,0.0,741.1111111111112,0.0,no_rewards,False,0.0,False
pool1ap6fj6xllhlc3xuuq7uvz0ed2wjws08f7h680xcgq47qk2pvnme,,340.0,0.008,500.0,0.0,0.0,,0,0.0,0.0,0.0,741.1111111111112,0.0,no_rewards,False,0.0,False
pool1apts5675m9f6tkp4ed2jeu35azt7a0hxd3dypzjvwr2hxu6lg9a,ANON,340.0,0.007,0.0,3.899819,3943.453987,2.0,0,0.0,0.0,0.0,741.1111111111112,0.0,no_rewards,False,0.0,False
pool1apupv5qtfp2aa2xlrzzjzx0uj686g3n695a329nq8j5jvvzumz0,RIDGE,170.0,0.01,10000.0,11316.702258,2749577.907817,19.0,2,175.900466,413.3264,589.226866,741.1111111111112,0.23734695562218888,losing,False,82.23755710258304,False
pool1aq2kqdp9xf9w47vttvmqnahwd4scz2qyddsr9l4mfru4qddg3kr,NMKR,340.0,0.99,400000.0,727337.622445,2521576.728536,590.0,2,588.197267,1.766728,589.963995,741.1111111111112,0.7936694757121439,losing,False,586.2997458514353,False
pool1aq6sd3kr3cnjk995tfthhyf0suth3rm547kp6pv35z7wgqu6twn,BNP,345.0,0.06,2.0,11.982733,11670.859974,3.0,0,0.0,0.0,0.0,741.1111111111112,0.0,no_rewards,False,0.0,False
pool1aqg6fvhcaulvss2ruvpx6ur9vj7pejvdcxv6xp0qlwuwx94evf0,SARGA,340.0,0.02,25000.0,25006.732093,16091134.136807,3851.0,13,415.119466,3414.964884,3830.08435,741.1111111111112,0.5601312134932533,losing,False,155.82063382985882,False
pool1aqg8vxzv75zhjzjjd9s20fu6r0xz70yl8lk3teacwy7qyc2p2j7,KILN7,340.0,0.03,100.0,3251.012417,65883607.646442,36.0,71,958.287569,19958.468247,20916.755816,741.1111111111112,1.2930416973013492,edge,True,701.2502534695129,False
pool1aqr4843pgkyaq6p2557vgnxsxwnj5s5em2xusf5k4ya4uzk3w5l,,340.0,0.01,5000.0,23.427305,831.024711,10.0,0,0.0,0.0,0.0,741.1111111111112,0.0,no_rewards,False,0.0,False
pool1aqslsnawz622pd8367tgsu2atfm3lgk9xcdw5rh3c6rgzca33yq,,345.0,0.01,5000.0,9.823059,20.0159,2.0,0,0.0,0.0,0.0,741.1111111111112,0.0,no_rewards,False,0.0,False
pool1ar6nsa2uzng70uf8fdrttu5jhgxzgu2f4za8h845zr435nfcruw,1STEP,170.0,0.015,25000.0,39422.155243,4132869.914431,279.0,2,180.228122,409.03255,589.260672,741.1111111111112,0.24318637151424286,losing,False,87.54570142589299,False
pool1arsqn9w87wpqlm0sre66gs79dcs0jmwulytgke3vut7u62lttu7,LATIN,170.0,0.018,50000.0,52552.776755,2522751.372268,465.0,2,186.12545,403.19026,589.3157100000001,741.1111111111112,0.25114378560719636,losing,False,94.7788153991655,False
pool1arx4x8ecnxu46xrpfj88hwm25j9gcy8080szvf62a0avke556v5,SPG01,340.0,0.0,3500.0,13393.716169,130717.688641,48.0,0,0.0,0.0,0.0,741.1111111111112,0.0,no_rewards,False,0.0,False
pool1ases3nklh6gyjf74r7dqm89exjfd520z9cefqru959wcccmrdlk,MIN,340.0,1.0,30000000.0,40639572.089969,41289665.606933,86.0,40,12687.104413,0.0,12687.104413,741.1111111111112,17.119031441829083,strong,True,12687.104413,True
pool1asfgkqtmjuusclgx72xpzvpw336gkulchtstsx9lsj9uqzjckv0,BASHO,340.0,0.03,4.0,4917.104473,24275087.875927,63.0,28,578.819691,7670.038666,8248.858357000001,741.1111111111112,0.7810160748125936,losing,False,321.82175783234163,False
pool1ast5kjj9zer9sp02f5w44nyqsc54589l2glyp5fhsg3awqs5axk,,340.0,0.0,10000.0,10789.189043,67679.828832,8.0,0,0.0,0.0,0.0,741.1111111111112,0.0,no_rewards,False,0.0,False
pool1aum2mx8ds554pfm45el2wn3lr7lsnphlggxzhk3qlpl56qnffm2,AMM,340.0,0.02,10000.0,363.30011,1384.519322,8.0,0,0.0,0.0,0.0,741.1111111111112,0.0,no_rewards,False,0.0,False
pool1auwfzangu7s9uagapchhmac87jy3k87a3dxhp23vadtw5m5dswl,JPN24,340.0,0.017,100.0,512.065971,3324.707793,2.0,0,0.0,0.0,0.0,741.1111111111112,0.0,no_rewards,False,0.0,False
pool1av640ert5ktadalakrc5lkgrf988tu0t0j58d9hptd06u57qlms,NUV,340.0,0.0,1000.0,1013.141944,24695.938217,54.0,0,0.0,0.0,0.0,741.1111111111112,0.0,no_rewards,False,0.0,False
pool1avrc505uzld32hjr78pxra8jtmxvwaxdttxq2zxsjearwsy0quc,WPool,340.0,0.03,50000.0,0.0,138245.095266,2.0,0,0.0,0.0,0.0,741.1111111111112,0.0,no_rewards,False,0.0,False
pool1ax6nusmcp8h8alsqmueqvxu46h37fmvfyr2y6w9l6486cy2rq06,,340.0,0.01,20000.0,321.624382,321.624382,1.0,0,0.0,0.0,0.0,741.1111111111112,0.0,no_rewards,False,0.0,False
pool1ax7rlt56kgfpn0ystuwk5jawjh5r6qfw6xhwa8ckaqe47va4y39,GYQX,340.0,0.99,10000.0,47.281368,534.521077,3.0,0,0.0,0.0,0.0,741.1111111111112,0.0,no_rewards,False,0.0,False
pool1ax8znp3yeeh0udrr2vvtm4wkxjldwv4mywycn573km7fu20y5xa,,340.0,0.05,50000.0,0.0,827124.562756,11.0,0,0.0,0.0,0.0,741.1111111111112,0.0,no_rewards,False,0.0,False
pool1axeed9wqmyvm8ttgdkpazx5dr0e6ezhucnzarpua0zpdg8ycqwl,,340.0,0.03,100000.0,100496.838386,150990.903879,4.0,0,0.0,0.0,0.0,741.1111111111112,0.0,no_rewards,False,0.0,False
pool1axgtae69sdv7tnqru3enjdln0hff9k7n8awlh9xxzq92cdgmq53,,500.0,1.0,0.0,7.62,7.62,1.0,0,0.0,0.0,0.0,741.1111111111112,0.0,no_rewards,False,0.0,False
pool1axngzl8clfn6pnjaf4w5r0q4tgcwktv0zcuxnn32hl995pthddr,NOSP,7000.0,0.9999,100.0,6722.536896,7069226.377697,14.0,5,1473.010973,0.0,1473.010973,741.1111111111112,1.9875710280359817,edge,True,1472.8713048476625,True
pool1axzm26vduyuxgw0x9ddh4vkvn7q5hyd558l0t9c08p556lf2zaj,WAV1,340.0,0.05,1000.0,9340.30132,31670191.76858,34.0,27,722.847702,7231.439234,7954.286936,741.1111111111112,0.9753567193403297,losing,False,471.17194847704116,False
pool1ayfjmnrv5vg6tfducvysn360re6qfwuv2rhc4ph6jk33ztuxlhq,1PCT5,340.0,0.01,50000.0,54079.543334,530206.390444,240.0,0,0.0,0.0,0.0,741.1111111111112,0.0,no_rewards,False,0.0,False
pool1azwa3mcez0mr7520jznl0kamr3wdun5ygzscwtjulhdy5s58vvu,ZMT,340.0,0.0,1000.0,1021.614101,91989.309284,7.0,0,0.0,0.0,0.0,741.1111111111112,0.0,no_rewards,False,0.0,False
pool1azwytj96wpa7hqmj5adks6tpw7rhnwdqpf9hkgyy0mwdxxzxz9w,XAT1,340.0,0.04,100000.0,100497.79245,741605.711954,2.0,2,382.421532,206.980124,589.401656,741.1111111111112,0.5160110626686656,losing,False,162.4962380054484,False
pool1c0p84nykx0m4yqs9pkvlgagh3nlnrn77d5zed9kv9ktljh2cjcy,GOKEY,340.0,0.99,1000.0,10.762675,102085.93015,214.0,0,0.0,0.0,0.0,741.1111111111112,0.0,no_rewards,False,0.0,False
pool1c0qt93ydpjdndag5v9fsmzjv0hm87ehstqn6ttvrr60rw9d6uaq,PACT,340.0,0.005,51000.0,1808.521302,1808.521302,1.0,0,0.0,0.0,0.0,741.1111111111112,0.0,no_rewards,False,0.0,False
pool1c0t0xzlpu7nhprxhnlepnapek47waww3m54ek6gaufnpjrl5j0m,,345.0,0.15,10000.0,0.0,37852.390594,2.0,0,0.0,0.0,0.0,741.1111111111112,0.0,no_rewards,False,0.0,False
pool1c0xj2fa97zuz4phld87atg6yphz3hju409fm5xgnwuuvqww25qj,SAPIO,340.0,0.01,25000.0,59784.858671,1524759.352682,751.0,0,0.0,0.0,0.0,741.1111111111112,0.0,no_rewards,False,0.0,False
pool1c2hg4uh9x9lfljxsf5ufppwg72p3y5gu95zskmpvdmyf70w6g6v,PULSE,340.0,0.03,150000.0,0.0,0.0,,0,0.0,0.0,0.0,741.1111111111112,0.0,no_rewards,False,0.0,False
pool1c2utlagkpht4zj0jetsf245c258geuxnjqp9kf4f2z9rutx9dz4,QCPOL,170.0,0.05,25000.0,132253.69003,3364774.816595,449.0,3,232.351316,651.539573,883.890889,741.1111111111112,0.3135175178410794,losing,False,145.64860570116184,False
pool1c2wf97p3j9gfvfjshj99ufxerpy3aznm8tzr2fd0ua465s26th4,P2P,340.0,0.15,10000.0,12119.845373,76830377.310571,179.0,23,1306.279489,5469.830412,6776.109901,741.1111111111112,1.762596012143928,edge,True,1081.0650093518843,True
pool1c38rf777lz0lweuz856xtetz2p2tfq04xfles089839tclt4dp3,,340.0,0.019,10000.0,18154.276684,24314.759422,11.0,0,0.0,0.0,0.0,741.1111111111112,0.0,no_rewards,False,0.0,False
pool1c39qg80pu8596huf5kh6cmfuxp8yzxz4kfqc4csfz7xdcwfwcnc,,340.0,0.075,0.0,1.434673,314.310501,3.0,0,0.0,0.0,0.0,741.1111111111112,0.0,no_rewards,False,0.0,False
pool1c3ecg6h4m73a2mftmdm9mz3gxklxmnzuwzl9e38lzd4y26qcm8a,COSMC,340.0,0.025,300000.0,570311.265219,27621181.591636,161.0,7,417.83324,1646.757857,2064.591097,741.1111111111112,0.5637929775112442,losing,False,164.79306250019647,False
pool1c3f370yr063cpzpdapsdyqye8dutrztqjfhrug8dr3uj7d50375,,340.0,1.0,76800000.0,76883610.882338,76883613.707641,2.0,86,32798.77909,0.0,32798.77909,741.1111111111112,44.25622365967016,strong,True,32798.77909,True
pool1c3fjkls7d2aujud8y5xy5e0azu0ueatwn34u7jy3ql85ze3xya8,MANDA,340.0,0.04,10000.0,44477.209458,2213225.718247,46.0,1,294.613427,0.0,294.613427,741.1111111111112,0.3975293617691154,losing,False,88.02137592542813,False
pool1c3kxs76qj58284f923cx7ed8vw25en3nfghyurv0z9m2g3x9c4j,NAHA,340.0,0.045,1000.0,32192.776013,8233483.332877,47.0,12,495.716866,3039.521757,3535.238623,741.1111111111112,0.6688833274362818,losing,False,243.6313843433005,False
pool1c45udwv2kdjcth5fvnhlklsz2tutw8spl9tcwnfw7m8cxl8eanm,,345.0,0.01,70000.0,73448.819064,77424.461885,3.0,0,0.0,0.0,0.0,741.1111111111112,0.0,no_rewards,False,0.0,False
pool1c465ftax734tzx0kr36nudtmjy66zzwqgmct7ktpff46u8hrl0e,UMA,340.0,0.001,2000.0,0.0,0.0,,0,0.0,0.0,0.0,741.1111111111112,0.0,no_rewards,False,0.0,False
pool1c5ntzp7mm3rgmyxugx96eecycjupu8v3mcq9wylzxjgsujrj98j,,340.0,0.075,10000.0,0.0,0.0,,0,0.0,0.0,0.0,741.1111111111112,0.0,no_rewards,False,0.0,False
pool1c60f68y8406zjmacluvcu8c0krgngp6h2qkkqhdz4mtl62ns0dq,MYUJK,500.0,0.99994,1000.0,15404.343442,12010845.574187,14.0,12,3535.056764,0.181872,3535.238636,741.1111111111112,4.769941660569715,comfortable,True,3535.031287954705,True
pool1c6ezumxqayxzfwec8q8nz40zpf58n3sr22nstpxf2pg3gggx0ce,,340.0,0.0,1500.0,1501.2,1501.2,1.0,0,0.0,0.0,0.0,741.1111111111112,0.0,no_rewards,False,0.0,False
pool1c7jrfce3zxkk9s9enzpvwj8fuayvx3pdzc2k2es6mrw6gsfcjep,EDEN,340.0,0.01,1000.0,1092.096695,27442596.242916,3324.0,36,443.061605,10162.652661,10605.714266,741.1111111111112,0.5978342496251873,losing,False,180.72202879404676,False
pool1c86ul4pnqvu7jzag8fjdy6dgrn6pt4ad4vmyq038hyg0wl2kaed,BAIDU,340.0,0.02,30.0,70.514482,8019069.903632,452.0,4,356.775394,821.632863,1178.408257,741.1111111111112,0.4814060788605697,losing,False,97.07767374104222,False
pool1c89d4drtwn0048mekkdkzllz559ahnntxelyw2mppxnmc36hjlx,CLIO1,170.0,0.0099,1135000.0,1456978.401462,34998305.061194,862.0,34,675.538442,9383.809771,10059.348213000001,741.1111111111112,0.911521136131934,losing,False,585.3782508399306,False
pool1c8enfyd0rt39p4wr9h840y3d2xtqylxq5rsu3ku8gld45swgtne,NBLWR,340.0,0.0,10000.0,14371.453119,28155.734292,3.0,0,0.0,0.0,0.0,741.1111111111112,0.0,no_rewards,False,0.0,False
pool1c8glhjlfs7lqww0zg7ghajtyf527zrahyksyawnz7l58kx0utf7,,340.0,0.0,5000.0,5.64295,7.110416,3.0,0,0.0,0.0,0.0,741.1111111111112,0.0,no_rewards,False,0.0,False
pool1ca862gvy5r06k5l3hulsphtp20tvuxqef0arzcyejdf365c5nrs,CHILL,340.0,0.01,300.0,1809.605726,7083.426021,8.0,0,0.0,0.0,0.0,741.1111111111112,0.0,no_rewards,False,0.0,False
pool1calq8kjzrvp83l80rtvgmulausl99q4tjfkz2lp227vkymd5wgg,ODIN,170.0,0.02,180000.0,216830.419793,946578.341679,552.0,0,0.0,0.0,0.0,741.1111111111112,0.0,no_rewards,False,0.0,False
pool1cauj94scz5wp58defdxqqgnujaalvxe388peyv2gx79y6suzl55,FGMTA,170.0,0.1,2e-06,9.820727,69746791.95937,5.0,76,2391.97863,19997.779513,22389.758143000003,741.1111111111112,3.227557371814093,comfortable,True,2306.478642135195,True
pool1caulv7s08g0jnptzdc69qycptacu7fzahny2epzh7sh9vhqz6xz,NUFI1,340.0,0.03,1000.0,1002.829501,15343100.783692,2949.0,16,471.486833,4242.163206,4713.650039,741.1111111111112,0.6361891299850074,losing,False,214.45358917179442,False
pool1cax4yzzzsluaknn9y7wdxhvslzsr3shyrapmj0cw25csw20wzc5,,340.0,0.0075,42.0,0.0,0.0,,0,0.0,0.0,0.0,741.1111111111112,0.0,no_rewards,False,0.0,False
pool1cc76kmtcpf6vht32ya5ke9er74dnpy4jh5qpy4klqwp87ygdsu6,BLOCK,340.0,0.029,500000.0,501102.574043,7326330.830679,1436.0,0,0.0,0.0,0.0,741.1111111111112,0.0,no_rewards,False,0.0,False
pool1cd6mgg8y98sq4cc7668xwwg0g6ln4z7r0gx0r5pfvjg9w8u0rc8,,340.0,1.0,0.0,36074188.783743,36074188.783743,1.0,28,8248.858264,0.0,8248.858264,741.1111111111112,11.130393459670165,strong,True,8248.858264,True
pool1cd7u9yenr0vkzh9kj7nhhy28ye289muhcdgnhyvz7r3z7jwcxl9,WAAC,340.0,0.03,25000.0,25426.075945,41226.879055,5.0,0,0.0,0.0,0.0,741.1111111111112,0.0,no_rewards,False,0.0,False
pool1cdkv8070twtzhpeznc42wql8fre2edkc48watnuf2pmqcp93qjy,NOMS,340.0,0.05,50000.0,50006.869925,112512.025805,8.0,0,0.0,0.0,0.0,741.1111111111112,0.0,no_rewards,False,0.0,False
pool1cduc7ut6grhqyavrmm3gzcdf4qfdsjk7vdwcxy9c0r5fyaxh2sq,POOLS,340.0,0.0189,10000.0,19900.527003,1789284.636619,284.0,1,294.613415,0.0,294.613415,741.1111111111112,0.3975293455772113,losing,False,81.54708236768793,False
pool1cejaj3e490r9ejf854k3pw0kagglczuaqp69g6g5jzyfxjxgn4h,Croco,340.0,0.0,50.0,99.442997,99.442997,1.0,0,0.0,0.0,0.0,741.1111111111112,0.0,no_rewards,False,0.0,False
pool1cew2q6pge250exctkq26lyl0w95923xxa54thd79nv8xy9j3xe6,ARRA,170.0,0.02,50000.0,4438657.412654,4723581.918844,77.0,3,841.770123,42.20534,883.975463,741.1111111111112,1.1358217551724137,edge,True,836.1543392194092,True
pool1cf7mqj0xd8z4jqhr7nf565mxuvepk8euv5t6ehmuwe49kfz9llr,TOKAI,340.0,0.005,100000.0,142497.947251,42279949.589948,356.0,40,435.636094,11327.171003,11762.807096999999,741.1111111111112,0.5878148194902548,losing,False,172.63399888169755,False
pool1cg559cdc25fkvs73umj6w5nxlwy3mpmj02xt7p4v69eqs5ncz9k,WOOF,170.0,0.0,195000.0,200336.843792,1913977.707177,474.0,0,0.0,0.0,0.0,741.1111111111112,0.0,no_rewards,False,0.0,False
pool1cg90yrzsj6mk84jzqt6sg3mg9gxx6f40tk7fk2v7uyp5cxw02wf,,345.0,0.03,2000.0,0.0,0.0,,0,0.0,0.0,0.0,741.1111111111112,0.0,no_rewards,False,0.0,False
pool1ch3k0e07dhqwum847sa02cyecrp000a6egdx89fz5rza230jhlp,ZAM,170.0,0.0,5000.0,5934.685681,126422.893661,62.0,0,0.0,0.0,0.0,741.1111111111112,0.0,no_rewards,False,0.0,False
pool1chdvqec5lwsxuedrdhcdcxg2295tqrce9lcz3luru5fruzjf3wr,RXD,340.0,0.02,110.0,112.045247,128.72494,3.0,0,0.0,0.0,0.0,741.1111111111112,0.0,no_rewards,False,0.0,False
pool1chfk2749hyrwqqpj9fapredjsgw3fdauyxw3hn82kavqva6nv3w,KSP,340.0,0.0,1000.0,8010.643185,2551699.883232,7.0,0,0.0,0.0,0.0,741.1111111111112,0.0,no_rewards,False,0.0,False
pool1chtam5czevzk2ttctvltpsc8twlwf6zzyh7kj3jkz72gks975sn,NUFIC,340.0,0.03,1000.0,1008.473835,216696.485018,25.0,1,294.60321,0.0,294.60321,741.1111111111112,0.39751557571214385,losing,False,82.57943756983258,False
pool1chxjq4stjq2q635q8lv3vpszu0jqntxh3ltl97s5de4rz0rkdn3,CRTX,340.0,0.005,500000.0,2296.886009,2376.367721,4.0,0,0.0,0.0,0.0,741.1111111111112,0.0,no_rewards,False,0.0,False
pool1chxnn5gurqm83728aafjm7thv8yla9tz85yejtstqsc658mrpm7,XERSA,345.0,0.1,100.0,108.621346,4306.866433,8.0,0,0.0,0.0,0.0,741.1111111111112,0.0,no_rewards,False,0.0,False
pool1chzrvd7wzmw8ufsehctn8fmf7ca27xf7d6f5tpreat7kxx6hwf9,MOBC,170.0,0.0,1000.0,1012.669001,627583.747105,20.0,1,170.201059,124.402146,294.603205,741.1111111111112,0.22965660134932528,losing,False,75.35435168493383,False
pool1cj2uh0ylps28czcjslnz85v2zyf8mld0w5tuqp3amxk4jjwfkgd,CAT,340.0,0.01,10000.0,31279.336806,36761.794932,40.0,0,0.0,0.0,0.0,741.1111111111112,0.0,no_rewards,False,0.0,False
pool1cj6js4ae570qqgssp5qr83zla0775u35fyxytk8j240uy2aca2q,BOTI,340.0,0.01,100.0,101.630865,305.490616,5.0,0,0.0,0.0,0.0,741.1111111111112,0.0,no_rewards,False,0.0,False
pool1cj8dxjjlyn9xmjavr98ytmvlpd4vwgqp36kq8rl6jjyt6k2adfh,,345.0,1.0,100.0,201.831639,354152.233537,1579.0,0,0.0,0.0,0.0,741.1111111111112,0.0,no_rewards,False,0.0,False
pool1cjjtz6enkc76yytlf2zd86ngdu60e705vq7wq940ncu6506s6n2,,340.0,0.2,50000.0,0.0,19639.639941,9.0,0,0.0,0.0,0.0,741.1111111111112,0.0,no_rewards,False,0.0,False
pool1cjz6kg9a8ug9uk0nc59q60a67c2628ms58rd98gq587jwa2x5qt,GENS1,340.0,0.0,10000.0,695.303738,2123717.499958,1686.0,0,0.0,0.0,0.0,741.1111111111112,0.0,no_rewards,False,0.0,False
pool1ck8rqpxp7j8kyzutk856fnvgm8xsqmuh922wkeeg32ekjjrvtc0,ISPF,340.0,0.0,168.0,1203.702556,2865771.281011,33.0,3,340.228413,543.578384,883.806797,741.1111111111112,0.4590788181409295,losing,False,75.3397210430958,False
pool1cl3fhy6me0nf5jnxahk997r0529aumt967kw4yml5vraq94mdk4,RAID,340.0,0.01,30000.0,33501.481433,37774.019504,5.0,0,0.0,0.0,0.0,741.1111111111112,0.0,no_rewards,False,0.0,False
pool1cljrz5vyw7jp2mp23nt9ywn2wdg5ulamhalw6d3mng326laxs77,,340.0,0.075,0.0,2.531107,18.599471,3.0,0,0.0,0.0,0.0,741.1111111111112,0.0,no_rewards,False,0.0,False
pool1clkt34hufs3k4gfnd2rl8gy9zlzzdgr9838y0k2hwfuhy0mh2t9,,340.0,0.9,100.0,103.923029,103.923029,1.0,0,0.0,0.0,0.0,741.1111111111112,0.0,no_rewards,False,0.0,False
pool1cmaafeyy52ppz62jqmsm20c5p8nua7xx95lkkf96ktmqqj3w5td,EDEN,340.0,0.01,1000.0,1094.747321,40538466.850064,999.0,40,454.747248,11329.381079,11784.128327,741.1111111111112,0.6136019838080959,losing,False,192.40432795285625,False
pool1cmdq8atcy8x7lfhh09vdumveuh0ywsx0269ur774nvzkyhma37d,MOMO,340.0,0.0,40000.0,61321.402365,35736075.972001,192.0,32,355.595817,9072.701559,9428.297375999999,741.1111111111112,0.4798144457271364,losing,False,91.04981230403062,False
pool1cmk4xnegvtm7svgw5u0neg93640ytmssyr0tqngncwnf6c0kn4u,,340.0,1.0,0.0,7.304864,7.304864,1.0,0,0.0,0.0,0.0,741.1111111111112,0.0,no_rewards,False,0.0,False
pool1cmqpzlsrrjup8zg6qaperz868u64dlt7uvvdszsr658mvzz9qq0,TREK,170.0,0.0,1000.0,1062.166597,1467108.989294,421.0,0,0.0,0.0,0.0,741.1111111111112,0.0,no_rewards,False,0.0,False
pool1cn0dqtplwf67fds40hgkf0u5rm4q4azev5qutmgkw5hdyvue2ue,NEDS2,340.0,0.02,250000.0,260470.162746,22188791.316972,1181.0,21,524.379885,5667.849228,6192.229113,741.1111111111112,0.7075590652173911,losing,False,267.7174352495614,False
pool1cn0ku4zvg266h3rznm7kzsytg3smeu9wma785g25yr89xdgw3kj,ODYC,170.0,0.02,500.0,507.255628,203754.075512,48.0,0,0.0,0.0,0.0,741.1111111111112,0.0,no_rewards,False,0.0,False
pool1cp4q7w2jvlthul9mlskj6xutx9rdr7n4vruqqe09pfg5ywmzdzq,UPBIT,340.0,1.0,200000.0,31265996.538997,31265996.538997,1.0,40,11793.165941,0.0,11793.165941,741.1111111111112,15.912817611544225,strong,True,11793.165941,True
pool1cpqpw923842ple6gnkjl0k2z238uwm4s8xh53ryzxcavu89rp9p,HUSKY,340.0,0.03,10000.0,27124.923676,577228.581586,25.0,0,0.0,0.0,0.0,741.1111111111112,0.0,no_rewards,False,0.0,False
pool1cpqzd83axxlqxkeyuauwsmyqwud4jekjjvfmr0mp0mrrsnz3dng,,340.0,0.0,7000.0,9179.676717,0.0,,0,0.0,0.0,0.0,741.1111111111112,0.0,no_rewards,False,0.0,False
pool1cpr59c88ps8499gtgegr3muhclr7dln35g9a3rqmv4dkxg9n3h8,LACE,170.0,0.01,75000.0,132502.357504,1495426.655139,229.0,2,210.980096,378.386494,589.3665900000001,741.1111111111112,0.28468078920539724,losing,False,125.26338989746935,False
pool1cpwymxe2fjr20u34f874e2q6za3razk0rttslrxqhc4tu3zxau8,BTV3,170.0,0.02,2.0,9.820727,45448695.661146,4.0,51,467.09727,14557.608968,15024.706238,741.1111111111112,0.6302661814092952,losing,False,373.9972905415902,False
pool1cpzz6aqljgk97ks728xa76wqg96kj79ndc3gasx7kdnr74wrk70,7CS,340.0,0.0,1.0,8.705929,729.283955,2.0,0,0.0,0.0,0.0,741.1111111111112,0.0,no_rewards,False,0.0,False
pool1cq25dmlt5974x8tqg3e4dlzvrxefcce2atpnwlfp7ad5ugec9fp,BEAST,340.0,0.03,1000000.0,1698203.156472,15418381.521315,123.0,14,859.920648,3278.792317,4138.712965,741.1111111111112,1.1603127184407795,edge,True,631.0671963789694,False
pool1crprz3rdcwvfxmc0s4gxquh3qeqmscww2qfvpl93q52yyn7agsc,WOW,340.0,0.01,50000.0,50004.822319,1344562.779906,50.0,0,0.0,0.0,0.0,741.1111111111112,0.0,no_rewards,False,0.0,False
pool1crts5gmqr34gsrn6wvrhfs9yqp0ynu8t2t4r350xp80s6pc56ue,BREAK,340.0,0.0,25000.0,72117.14261,12980190.355079,782.0,0,0.0,0.0,0.0,741.1111111111112,0.0,no_rewards,False,0.0,False
pool1cshuf0jy40a83glgwakert9czfnqrpyq6zwqly2705mrwkajuhu,TGN,340.0,0.01,1.0,12.068846,6108.812087,2.0,0,0.0,0.0,0.0,741.1111111111112,0.0,no_rewards,False,0.0,False
pool1cspe7naf0mtntwyysqxk6czah3jlh6v4cja8pdfju932yxsehnm,CBH,170.0,0.01,50000.0,55919.113072,6033343.188322,501.0,4,189.341235,989.293035,1178.63427,741.1111111111112,0.2554829257871064,losing,False,96.16291848590585,False
pool1csrtagrya4hc5pectc20s8s7am3e6vpdjj6antqzvn2lgmm5afs,,170.0,0.008,1000.0,519300.401124,904748.645492,30.0,1,241.943435,52.65977,294.603205,741.1111111111112,0.3264604070464767,losing,False,201.79455048073797,False
pool1ct4ag0j73mxzy4325zwwxhgswemlgmepdnqxj6f7edz4zmlfeve,WADE,340.0,0.05,100.0,102.450829,95138.838469,33.0,0,0.0,0.0,0.0,741.1111111111112,0.0,no_rewards,False,0.0,False
pool1ct59zfxfvtv74k3mmukq5faq7kc48wuxrstyxtd02pxluwf6mkh,,750.0,0.25,5.0,9.799167,207992.548628,151.0,0,0.0,0.0,0.0,741.1111111111112,0.0,no_rewards,False,0.0,False
pool1ctfxzwgqakxujmn95dfvprcm0h3dtzjh408apk0cewl0c4r6gg3,ROAR,340.0,0.02,0.0,4.233056,4.233056,1.0,0,0.0,0.0,0.0,741.1111111111112,0.0,no_rewards,False,0.0,False
pool1ctzja2cdwyeqnvehmrlclc5wrn9w9acwklk3acn73jrx56d66vs,OCEA2,500.0,0.039,15000.0,15099.617694,33602640.264944,1113.0,33,863.657425,8858.692198,9722.349623,741.1111111111112,1.1653548463268364,edge,True,455.41268027478293,False
pool1cuccvs6vdlrxw67kwvzdx3gcl3ha0402mkhhseqmre7u7vdkwev,ADAGO,340.0,0.0,400.0,401.158734,7564.819509,3.0,0,0.0,0.0,0.0,741.1111111111112,0.0,no_rewards,False,0.0,False
pool1cunvnkjkzh2lna593sjmkylcr3r5rmxdpr8r9u6pfuer72p24x4,LBF3,170.0,0.06,2.0,9.820727,58561900.789966,9138.0,48,1008.256201,13128.259034,14136.515235,741.1111111111112,1.3604656385307345,edge,True,918.6931307057187,True
pool1cuufgqx2wymaavuuuuewrcywksqql299ugjxcw5hf8gux3ed3lc,APPY,340.0,0.0199,5000.0,2.823411,2.823411,1.0,0,0.0,0.0,0.0,741.1111111111112,0.0,no_rewards,False,0.0,False
pool1cuzhrcpp676p4u9yk2vrtj7utmq2dy4ey56uw6znml2f5hrpgpw,MIAMI,345.0,0.03,500.0,640.528036,5477.524588,3.0,0,0.0,0.0,0.0,741.1111111111112,0.0,no_rewards,False,0.0,False
pool1cvekct2pwhypvwrfw5e936vkk2kqhwsjxzkpf63xsc87klnsxqv,CHPL,170.0,0.05,300.0,308.431601,7812.956423,10.0,0,0.0,0.0,0.0,741.1111111111112,0.0,no_rewards,False,0.0,False
pool1cvmk7ftz7v5u2pd944e0xvalgchtxgsnnhryzqmqfavgxwgxmcy,,340.0,0.04,70.0,90.440409,1392.209223,5.0,0,0.0,0.0,0.0,741.1111111111112,0.0,no_rewards,False,0.0,False
pool1cwc8jnc89xnd0qlyl4tp9gu2uf6jxhc2xay9xqdwt88s66a5yzx,PPDAC,340.0,0.0109,8.269074,8.269074,297.094817,3.0,0,0.0,0.0,0.0,741.1111111111112,0.0,no_rewards,False,0.0,False
pool1cx8njhvw34weqykla5fz38ngt3dr4d0ltv0srqjqa8ugzap937l,IOGP,340.0,1.0,44000000.0,0.0,0.0,,0,0.0,0.0,0.0,741.1111111111112,0.0,no_rewards,False,0.0,False
pool1cxduaaaqpk8g3xr5yksg8urfemexxyjf42evekrmmg9a2f7gmn7,SPFS,345.0,0.02,100.0,158.222233,517.703111,2.0,0,0.0,0.0,0.0,741.1111111111112,0.0,no_rewards,False,0.0,False
pool1cy77h3wzf5z9ea0z66wr8luczcp2u4wchhkejkndjvyrvyvqauj,GEEK,340.0,0.0,51337.0,0.0,466.084377,1.0,0,0.0,0.0,0.0,741.1111111111112,0.0,no_rewards,False,0.0,False
pool1cyha5jsy6g06w699tw4awy2jw7gxj0azm38yzetr7zls7rkl0t0,PLUTS,340.0,0.01,5000.0,7947.337229,27418.865569,9.0,0,0.0,0.0,0.0,741.1111111111112,0.0,no_rewards,False,0.0,False
pool1cyq3v3v43hu7spwlfxdm6vq9djpsjjueerhlu5qr2rvd57vqk84,SKY4,340.0,0.02,5.0,28970.982977,70624796.175865,895.0,67,735.765037,19002.574322,19738.339359,741.1111111111112,0.9927864067466265,losing,False,476.1715596490572,False
pool1czlxfj2dyc2lt2gcrhhxyqhgzcpza845yjr6k262e2vqsysrylu,VTX,340.0,0.03,1.0,4.749457,29.445355,3.0,0,0.0,0.0,0.0,741.1111111111112,0.0,no_rewards,False,0.0,False
pool1d0329t36ac7udkqe9k5w4g4jpn8xrqfjh2u5jrrm4h4d50wkz2c,ECWB1,340.0,0.01,1254.0,1686.687763,1686.687763,1.0,0,0.0,0.0,0.0,741.1111111111112,0.0,no_rewards,False,0.0,False
pool1d04sakv5um2c8yrp3lm9ncncupgl7f7zw0lz2yuz3jrzsxvf42n,,340.0,0.0,50000.0,154.565639,15473.272131,27.0,0,0.0,0.0,0.0,741.1111111111112,0.0,no_rewards,False,0.0,False
pool1d0ld90s42dnypxxp08923d7pezh4xnzht2gfl5c6xm2pg6lyyyq,,340.0,0.025,2000.0,2006.489432,4767.922558,3.0,0,0.0,0.0,0.0,741.1111111111112,0.0,no_rewards,False,0.0,False
pool1d0vm9y545l3y2g9pamx45k4e498nllhd8wy4289vw8mt70am2r8,PLANT,340.0,0.048,25000.0,29889.295522,307729.896496,61.0,1,294.628266,0.0,294.628266,741.1111111111112,0.397549384407796,losing,False,105.85034449867001,False
pool1d0ze7l6t8gjng564zsfyd7uw7snenpsjh9dacawdpr9g27djq8f,DEVIL,340.0,0.0,1000.0,4525.852266,48894.033649,46.0,0,0.0,0.0,0.0,741.1111111111112,0.0,no_rewards,False,0.0,False
pool1d25d0c06al8geglarw7yd4nqh65nws82d7v04yrv2eec7rwcjlk,COMET,340.0,0.01,500.0,515.619014,515.619014,1.0,0,0.0,0.0,0.0,741.1111111111112,0.0,no_rewards,False,0.0,False
pool1d2cl6yayuxp0wv0v7dtvu0s52vglg0x4z2lz27d6x4ewj72nk2a,,340.0,0.0289,40000.0,0.0,13574.730253,30.0,0,0.0,0.0,0.0,741.1111111111112,0.0,no_rewards,False,0.0,False
pool1d344pwef7yphfhjn097gy3kgemvl8ldkdad83cv42eusvj7kqsl,,345.0,0.06,0.0,0.0,0.0,,0,0.0,0.0,0.0,741.1111111111112,0.0,no_rewards,False,0.0,False
pool1d3gckjrphwytzw2uavgkxskwe08msumzsfj4lxnpcnpks3zjml3,CRFA,170.0,0.0199,1000.0,1000.829703,24352994.532381,1339.0,25,313.471912,7051.607934,7365.079846,741.1111111111112,0.42297559340329827,losing,False,220.36622573975737,False
pool1d42r0zln3kvvc54w4945735gnrm635as8hj8zy38tjprw2l49rd,,170.0,0.0,500.0,14468.841387,211774.63239,130.0,0,0.0,0.0,0.0,741.1111111111112,0.0,no_rewards,False,0.0,False
pool1d4387s7mszjkeg5w0xppzxdtzsj7aahfqdgeef24emyh70mccmw,,340.0,0.3,45000.0,46096.646397,46096.646397,1.0,0,0.0,0.0,0.0,741.1111111111112,0.0,no_rewards,False,0.0,False
pool1d4tuk5ln88x5s9xcck4lfz8u4svdvxzsh2ue9rnmqrxm6a486uv,,340.0,0.05,220.0,1.801494,1.801494,1.0,0,0.0,0.0,0.0,741.1111111111112,0.0,no_rewards,False,0.0,False
pool1d5lk27jlkaj6dx7ndexjzmdqtt5hnnpx5224awz83ye0v28ve42,AHOLY,340.0,0.03,500.0,1569.979638,3734.595071,4.0,0,0.0,0.0,0.0,741.1111111111112,0.0,no_rewards,False,0.0,False
pool1d5zrmzgskqzse485j7p5cly2290xyffr2tyq9d8ngkzyxjjxwtm,ELLY7,340.0,0.01,1000.0,1000.435602,2132.836767,5.0,0,0.0,0.0,0.0,741.1111111111112,0.0,no_rewards,False,0.0,False
pool1d63tmq02tgtk7yd6g62p9h44w4xqdgz9y8jkmcrztfmmqga540m,CELL,340.0,0.01,17356.0,30273.135724,92158.111697,7.0,0,0.0,0.0,0.0,741.1111111111112,0.0,no_rewards,False,0.0,False
pool1d66wvltjn768rm2ywdzpetzx034z7vanrlz8mrpn9us8zjcyjaf,,340.0,0.0,51168.940178,0.0,11.346026,1.0,0,0.0,0.0,0.0,741.1111111111112,0.0,no_rewards,False,0.0,False
pool1d70vllztcsgx3ku8h5vnukzz2a7lpzjxfjmuqqvxtj9kq27hygs,LIV,340.0,0.015,230000.0,283102.319521,430364.362995,86.0,0,0.0,0.0,0.0,741.1111111111112,0.0,no_rewards,False,0.0,False
pool1d76p7zfn2ydq577z4wsvmnl2lx4cxa3s5vplfuhvr8qfw8hd05j,KYSN2,170.0,0.019,100.0,17713.995202,2307098.633357,201.0,4,196.75526,981.653417,1178.408677,741.1111111111112,0.2654868575712144,losing,False,104.27581233569896,False
pool1d85unpsumsxmq4kfvy0prju3n983vp3ajuavmt2r5tyzw2jtpcw,TRIBE,340.0,0.01,700.0,1124.429384,15138.493118,5.0,0,0.0,0.0,0.0,741.1111111111112,0.0,no_rewards,False,0.0,False
pool1d9g45764jtjzagrmy5ndtrx4pua7l9sr4nh08l3mqs43xe6wnh9,SS63,340.0,0.015,9000.0,180402.989389,5442353.447637,15.0,10,464.183736,2481.939477,2946.123213,741.1111111111112,0.626334876161919,losing,False,211.81118642663915,False
pool1da9msyhpfmt58vrdkk7lpzgwldvc0t7q46kvpcyvvpff7347lsp,FGMTD,170.0,0.1,2e-06,9.820727,23478228.616604,5.0,20,742.206315,5149.835299,5892.041614000001,741.1111111111112,1.0014777863568214,edge,True,656.7063512934845,False
pool1dadfsnjauzhgcvz5hkrulwevpe9mk2a9rsxt24pawcy7zndhll3,zzcf1,170.0,0.069,2.0,9.60969,195.631231,7.0,0,0.0,0.0,0.0,741.1111111111112,0.0,no_rewards,False,0.0,False
pool1dadzh387unlwu37ek693hy9a7w49r22mrmrl9y0fjfhhqe4qtpe,CMINT,340.0,0.02,500.0,507.621786,1216.344244,2.0,0,0.0,0.0,0.0,741.1111111111112,0.0,no_rewards,False,0.0,False
pool1dcjycc5mvj9svh9ys482078mnqutu48k3zj7uqzswj7m54a7hzr,JUST,340.0,0.0,25000.0,34814.816201,514208.725882,74.0,0,0.0,0.0,0.0,741.1111111111112,0.0,no_rewards,False,0.0,False
pool1dde9jvej6nr4yqfnnlx5ydn036zv7yr098y4p2qs7cvn2l3kuj8,PWP,340.0,0.1,100.0,5.119687,13547.846476,6.0,0,0.0,0.0,0.0,741.1111111111112,0.0,no_rewards,False,0.0,False
pool1ddg6t2h9kj6lqlec4ncjs945lzj43m3ggrgdhf5sgzhtygpkznz,FAIR,340.0,0.005,100000.0,108187.806586,58132485.899253,4068.0,63,464.887599,18100.876104,18565.763703,741.1111111111112,0.6272846163418291,losing,False,201.69410190390516,False
pool1ddgcpgjcyawxw95se9x8qnc8gxgwjr4fqrk4vk6v9x47s0ggpjp,1PCT8,340.0,0.01,50000.0,59993.209252,5060818.720067,591.0,6,371.037809,1396.913138,1767.9509469999998,741.1111111111112,0.5006507167916041,losing,False,111.79781742062423,False
pool1ddghnthymd3duklvx5pfunymqg29xe4vlmy89u2efyjdktn33kz,BOOST,340.0,0.01,61000.0,88831.583609,223963.345986,26.0,0,0.0,0.0,0.0,741.1111111111112,0.0,no_rewards,False,0.0,False
pool1ddhftaa3pv225npllmevq9remkeaf0fhsayx78zhannjv0tm0ds,LUMP,170.0,0.0,0.0,101.667297,817.059742,10.0,0,0.0,0.0,0.0,741.1111111111112,0.0,no_rewards,False,0.0,False
pool1ddskftmsscw92d7vnj89pldwx5feegkgcmamgt5t0e4lkd7mdp8,,340.0,0.05,7149.0,0.0,2671.108363,9.0,0,0.0,0.0,0.0,741.1111111111112,0.0,no_rewards,False,0.0,False
pool1ddywudgudfaphp8txj9qf7alj3uk6wzyd22u7cd2myhyv3lyxxx,SIAM,340.0,0.0,456540.0,629970.440837,1248805.684455,15.0,0,0.0,0.0,0.0,741.1111111111112,0.0,no_rewards,False,0.0,False
pool1devkrwcez409eqm07mr224qqm4a5t3efx3x7u046kct7yk4fxa9,AMAP,170.0,0.0,5000.0,5007.088344,7258.913963,5.0,0,0.0,0.0,0.0,741.1111111111112,0.0,no_rewards,False,0.0,False
pool1df9rj4n0t3zlpak7xnh4ue6t3yh9zlw7a02w4l8askp77up25rt,VEGAS,300.0,0.02,100002.0,203836.093296,4878744.799555,1057.0,3,335.600409,548.533953,884.134362,741.1111111111112,0.45283413508245873,losing,False,124.31255530982435,False
pool1dg80xj5qfgu2caursxwk67cm34esh03kzmu63qu89vdv2vk3x4u,,340.0,0.0,500.0,526.620774,964.601654,4.0,0,0.0,0.0,0.0,741.1111111111112,0.0,no_rewards,False,0.0,False
pool1dghwejqptsjtf9k8paspg9rhl8humxx0nh7sk37j0ada2dr9mqh,MURA7,170.0,0.04,500.0,1223.956693,7157837.664407,443.0,9,269.664293,2338.673406,2608.3376989999997,741.1111111111112,0.36386486311844074,losing,False,176.74936927826224,False
pool1dgmuwu0txducah4pes4e2avlcv98wedml33kdz7ujtrrxk8xv9y,XORN,340.0,0.013,250000.0,253312.460929,430287.952362,19.0,0,0.0,0.0,0.0,741.1111111111112,0.0,no_rewards,False,0.0,False
pool1dhf4dt395f0c0ujnscazvzvw73ynzgwvtf5k4y9c907hwjdyaq4,JSP,340.0,0.0,10000.0,58096.583948,7295343.752633,205.0,4,346.67704,831.776717,1178.453757,741.1111111111112,0.4677801139430284,losing,False,83.78737123293872,False
pool1dhfz7yak8wqmpvm5luf8ey44aewa9hcrldz0ea3rhh97jmrru5j,FIDE,340.0,0.0,520.0,557.856648,3417.929988,5.0,0,0.0,0.0,0.0,741.1111111111112,0.0,no_rewards,False,0.0,False
pool1dhugawja82wkmrq0lhd24uyrhm02v7grdhnren9r2qgujsh5kml,NACHO,340.0,0.02,10000.0,8.407364,456.325281,2.0,0,0.0,0.0,0.0,741.1111111111112,0.0,no_rewards,False,0.0,False
pool1dhzv896pw40c4tw23w4h2ux5yzm47r59h8qaqhu89shwkugqygj,,340.0,0.005,505.0,505.835174,1001.06373,6.0,0,0.0,0.0,0.0,741.1111111111112,0.0,no_rewards,False,0.0,False
pool1dj4l8qma9zzqqzhsawdkvxrs7qyqyv70kn56ywdqqazscvcqvva,K9K,340.0,0.0099,50000.0,51477.7189,457360.758619,68.0,0,0.0,0.0,0.0,741.1111111111112,0.0,no_rewards,False,0.0,False
pool1djg8jsygtculv3q2qdrxtnpxfq003pdxcvlw2pvfupq7jm5xpgp,ADAAP,340.0,0.02,10000.0,50567.64756,6087694.755804,130.0,5,371.884971,1101.182266,1473.067237,741.1111111111112,0.5017938139430285,losing,False,114.34217683800043,False
pool1dkt4rqtjs6j6d8snna60s2g002ddcj5h62nee59mvsznk20q300,ELIK,330.0,0.01,1000.0,1756.869573,402746.548789,61.0,1,294.603215,0.0,294.603215,741.1111111111112,0.39751558245877056,losing,False,78.1444103934618,False
pool1dkww2vlysa8lsnuf5rca979zdsyr3zvt59hu7e420yxfunkka2z,TRUE,340.0,0.018,40000.0,41198.596811,661667.759299,131.0,1,294.644935,0.0,294.644935,741.1111111111112,0.397571876311844,losing,False,92.38358158841599,False
pool1dl4695wfl79k7gtzt87gsf8gsqeq97yzuvaq0d4zxhz6c0nlf4g,BD2,170.0,0.08,200.0,4930.387423,61401789.948819,43.0,62,1618.964215,16646.37891,18265.343125,741.1111111111112,2.1845094355322336,comfortable,True,1531.571231735276,True
pool1dlzpcfmnn727lfsav0x8jmdwjz70sy429xfxjwnzk7r9wm6stws,,340.0,0.1,20.0,23.861746,7212.598776,5.0,0,0.0,0.0,0.0,741.1111111111112,0.0,no_rewards,False,0.0,False
pool1dmnyhw9uthknzcq4q6pwdc4vtfxz5zzrvd9eg432u60lzl959tw,WRFGS,340.0,1.0,14000.0,113922.806845,6018121.978932,150.0,0,0.0,0.0,0.0,741.1111111111112,0.0,no_rewards,False,0.0,False
pool1dmqzwuql5mylffvn7ln3pr9j7kh4gdsssrmma5wgx56f6rtyf42,BNTY1,170.0,0.03,1000000.0,1280544.693477,6630185.649401,493.0,3,325.782428,560.97105,886.753478,741.1111111111112,0.43958648455772104,losing,False,251.4300971467906,False
pool1dmuaa0wmqrwwx467p48fu83y5w7wdkxf8xlgymmfc73kjy3vxg7,,340.0,0.0,0.0,1.060471,2.486679,2.0,0,0.0,0.0,0.0,741.1111111111112,0.0,no_rewards,False,0.0,False
pool1dmugaarr3nq0679fa02kqunlfmcyxdxfy3quc9x9s69zquty478,BNP,345.0,0.06,2.0,17.639298,3147.38296,6.0,0,0.0,0.0,0.0,741.1111111111112,0.0,no_rewards,False,0.0,False
pool1dnszy9spu7m4u9s8jqh95myuqapujwcju593eqczgl56khllyuc,WOOK,340.0,0.03,100000.0,9.653691,0.0,,0,0.0,0.0,0.0,741.1111111111112,0.0,no_rewards,False,0.0,False
pool1dpu6kslgxlg3ccrwxldl8e6r7ylnq0yalafmucp0yc7k6qegtt0,FARM,250.0,0.0095,31250.0,38220.87719,8346358.68851,431.0,7,275.439448,1787.023388,2062.462836,741.1111111111112,0.3716574260869565,losing,False,102.89571781649323,False
pool1dqhaw0h2f4ehpdhh57quszcj22qhkglhg6yvaf39w3clxdl2kpy,CHEF,340.0,0.01,5000.0,6468.196496,1239155.789302,520.0,1,294.607756,0.0,294.607756,741.1111111111112,0.3975217097451274,losing,False,78.33093200591856,False
pool1dqlgn7smehsnj5ztz8almy2036lfhrdjv79nmg9tmje0zzt620h,POA,340.0,0.0,10000.0,10015.643313,1201175.981071,385.0,1,294.613383,0.0,294.613383,741.1111111111112,0.3975293023988006,losing,False,76.83117989832603,False
pool1dqq4ugkrkpwhray2z8jvk8nvnpnq3gm3g2stz4wmusap6tkuclw,,340.0,0.03,30000.0,0.0,0.0,,0,0.0,0.0,0.0,741.1111111111112,0.0,no_rewards,False,0.0,False
pool1dqzprrl8305mlysnh85znqpe22lg0q2d9zest7jjhugajuf46kv,COIN,340.0,0.05,0.0,0.0,166163.61863,64.0,1,294.602075,0.0,294.602075,741.1111111111112,0.39751404422788605,losing,False,85.98010375,False
pool1druxd2syfrvqvepxh60fz0qhralcesruphh5atujuh0jktjy0ma,BSSP,170.0,0.0199,10000.0,40051.735493,3185620.481938,999.0,6,221.481213,1546.198957,1767.68017,741.1111111111112,0.2988502124437781,losing,False,129.54233235056284,False
pool1drv9qkh2tgqqucc0jp8cwswpmmkfzdd898ja7ac0uwm9j5d44tq,NIMUE,170.0,0.0,250000.123456,1052217.74244,5469246.782843,125.0,7,534.406884,1529.717342,2064.124226,741.1111111111112,0.7210887490254871,losing,False,457.68373792898444,False
pool1ds25hy480zcnzjwzr4eef28j85lvpm4mq9qm55vr4mqr5h3l68y,UPBIT,340.0,1.0,200000.0,29142997.997982,29142997.997982,1.0,28,8255.213185,0.0,8255.213185,741.1111111111112,11.138968315592203,strong,True,8255.213185,True
pool1dsqxx4ehzudlaygj5p75eptkdz3kzwcck9qrft4aq02a5vf8agf,,340.0,0.02,120000.0,115590.775046,115591.781291,2.0,0,0.0,0.0,0.0,741.1111111111112,0.0,no_rewards,False,0.0,False
pool1dsvkdd2t3wnn3mrm27q0572zl2z36lkw3cl2cf4z0c24vad28v2,,340.0,0.075,0.0,373.76041,450.684401,3.0,0,0.0,0.0,0.0,741.1111111111112,0.0,no_rewards,False,0.0,False
pool1dswpls43u0s6cpt0dh2d6npm0rnxh5qcjm9xax9y6fp3uq880xm,RELAY,340.0,0.0,10000.0,20493.136242,2569348.361883,268.0,0,0.0,0.0,0.0,741.1111111111112,0.0,no_rewards,False,0.0,False
pool1dts0h87pntgmsffp6mjtnahfht2dz5zjjeeujhzmtn6wgctcuzd,DSIO,340.0,0.009,235000.0,292585.043196,462650.113913,28.0,0,0.0,0.0,0.0,741.1111111111112,0.0,no_rewards,False,0.0,False
pool1du3r4a7xq60hg2x0wcz7lw5ya3qs74rk258c8kanp93rsqdqu45,,340.0,0.0,100000.0,237550.938318,50744439.72505,3128.0,37,389.455758,10505.626301,10895.082059,741.1111111111112,0.5255025220389804,losing,False,125.65226179892903,False
pool1dv4yvcrl2kefasd4qxf8pzu695npqqfdzvlyauh2xqfhgf6ng8d,ION,340.0,0.04,10000.0,0.0,16.614156,1.0,0,0.0,0.0,0.0,741.1111111111112,0.0,no_rewards,False,0.0,False
pool1dv7s5fn4m9dee8ncvx5hktfmsnx6agydhn798rfdqjazuwr84gc,BOBA,340.0,0.0,500000.0,570721.480022,760657.628441,126.0,0,0.0,0.0,0.0,741.1111111111112,0.0,no_rewards,False,0.0,False
pool1dvp46zdtmzwkt6x74g6dzq7cyygp5armhrzh2t5hm8scwtxvsnt,,345.0,0.15,100.0,197.299065,197.299065,1.0,0,0.0,0.0,0.0,741.1111111111112,0.0,no_rewards,False,0.0,False
pool1dwlkpwakps05gelgwdml2d44al2xfsv8k9jgrkwsevlxxpcelqa,,340.0,0.05,100.0,101.066235,37124.558691,5.0,0,0.0,0.0,0.0,741.1111111111112,0.0,no_rewards,False,0.0,False
pool1dwthjmzrkm5q42yqa3x50jaye6pg57n7t569c44an6hzsg8qake,ADAO,340.0,0.02,2998.0,6422.609401,78475.216148,213.0,0,0.0,0.0,0.0,741.1111111111112,0.0,no_rewards,False,0.0,False
pool1dwvtdk76v5vg99d8h2a28h5f94hy2zwcxnj576g6w90ezapqjyn,RKT0,345.0,0.15,100.0,157.62205,15212.659929,4.0,0,0.0,0.0,0.0,741.1111111111112,0.0,no_rewards,False,0.0,False
pool1dww6s8stvm7dl2n8740s3v5rnxmsuqcl8jcnu64g7cds5w29pft,1PCT3,340.0,0.01,50000.0,58931.604164,2024707.763634,96.0,1,294.657694,0.0,294.657694,741.1111111111112,0.397589092353823,losing,False,83.52604961838786,False
pool1dx5t3yqhzh3v5ch7add7836tg0ey255tjz87spjvws4j2gjp9yg,,340.0,0.03,27000.0,0.0,59.4604,5.0,0,0.0,0.0,0.0,741.1111111111112,0.0,no_rewards,False,0.0,False
pool1dxkf7k3qwnpgpxqfye8y9jvk7lver3fk8dq7c4dpzezyyx8cf5c,SPACE,170.0,0.0,100.0,1019743.228191,2063602.362212,278.0,0,0.0,0.0,0.0,741.1111111111112,0.0,no_rewards,False,0.0,False
pool1dxwgzj66pual956mnv9delkelg873yvgr2dd8s279m0hxqvr475,APOP,340.0,0.01,250000.0,255070.975294,51176567.047034,3153.0,67,629.985137,19079.557864,19709.543001,741.1111111111112,0.8500549074962518,losing,False,368.22805224281024,False
pool1dxyj26fptj4muj6r2xp8h6lsp3s9ycgup6ssc0e62arxw6gc2xz,POET,340.0,0.0,100.0,151.030379,2216.335571,93.0,0,0.0,0.0,0.0,741.1111111111112,0.0,no_rewards,False,0.0,False
pool1dy7tz7eyf2qal2jcns4qwm4xqn34gc4rj9dz34kfs6zuju477k7,CSP,340.0,0.0,10000.0,31017.773779,1833696.019431,233.0,0,0.0,0.0,0.0,741.1111111111112,0.0,no_rewards,False,0.0,False
pool1dye0sw6hv4jee7wemgc6dnxhaquuz7sxkktz2tpm2ekcsqyyj9l,XMEGA,340.0,0.0,1000.0,1009.808451,9640.844736,14.0,0,0.0,0.0,0.0,741.1111111111112,0.0,no_rewards,False,0.0,False
pool1dzdglfergm9km74055n6c9xsp8n78ec8ztsklgxg5c5gyrfz9zc,FGMTJ,170.0,0.1,2e-06,9.820727,16646872.143353,3.0,12,506.524283,3028.700684,3535.224967,741.1111111111112,0.6834660490254872,losing,False,421.024333905934,False
pool1dzdxps32uqhva9q9urx4lm7m0nhlczjjccwy9kv4t2d3krsn4m7,ETO5,340.0,1.0,0.0,0.0,50000214.398811,5.0,59,17381.522772,0.0,17381.522772,741.1111111111112,23.453329077661166,strong,True,17381.522772,True
pool1dzk2hrh2vtfcc6wk5n69ml6a08jc8d8s3lpg7jsaydcdwrerlq2,,340.0,0.02,1000.0,1000.819149,1000.819149,1.0,0,0.0,0.0,0.0,741.1111111111112,0.0,no_rewards,False,0.0,False
pool1dzkrcxlqgamf3dwgyh89nrx2xkwm7cfju9mp54eyqwulku73jxs,,340.0,0.075,0.0,2.447909,3364.19858,8.0,0,0.0,0.0,0.0,741.1111111111112,0.0,no_rewards,False,0.0,False
pool1dzq7728vsl8alh46l7vdz7wa5pxt2kx58glwnteymaz7c6jmv4t,,340.0,0.0,8000.0,597.698347,607.72409,2.0,0,0.0,0.0,0.0,741.1111111111112,0.0,no_rewards,False,0.0,False
pool1e0jyj79d3ady680wajgcd4vgndqjdlf65777pz5939ehseqaem3,FRONT,340.0,0.0,15000.0,0.0,170995.164079,3.0,0,0.0,0.0,0.0,741.1111111111112,0.0,no_rewards,False,0.0,False
pool1e0shheqzrlrkzfhz9shnw562tg6ma3qqyytupk2edua56a9r2yd,,340.0,0.0,4000.0,0.0,0.0,,0,0.0,0.0,0.0,741.1111111111112,0.0,no_rewards,False,0.0,False
pool1e2a7hrepdkn0anf65djlmz8jpycujcg4nmfzs8w2ftvcvlnrw0g,EMGHW,170.0,0.005,10000.0,18598.503281,19634.235991,8.0,0,0.0,0.0,0.0,741.1111111111112,0.0,no_rewards,False,0.0,False
pool1e2msrpcpa74t637jwtu37paxarq2da2tm2ttwg7fh2auc5vcl39,,345.0,0.06,0.0,0.0,0.0,,0,0.0,0.0,0.0,741.1111111111112,0.0,no_rewards,False,0.0,False
pool1e2tl2w0x4puw0f7c04mznq4qz6kxjkwhvuvusgf2fgu7q4d6ghv,DEV,170.0,0.0,3000.0,3394.017348,1020879.662769,83.0,0,0.0,0.0,0.0,741.1111111111112,0.0,no_rewards,False,0.0,False
pool1e3y7u0rtq2zskc7ansvtrd4p3vtv9hglyztzcvsvlk22w9t40v0,CRPL,340.0,0.01,1.0,4.408893,60509.318359,31.0,0,0.0,0.0,0.0,741.1111111111112,0.0,no_rewards,False,0.0,False
pool1e4tjrl3ve7dcqwa70pexds6f8llk0txx09gm3r4m472ej4p6473,1PCT8,340.0,0.01,50000.0,58609.553316,1980892.497473,262.0,4,372.951117,805.679398,1178.630515,741.1111111111112,0.5032323917541229,losing,False,118.36337927272346,False
pool1e556526sqwugxwnmeumt9lhj5jukklg8vv3ynk75xt9vs7adr5y,CHEAP,500.0,0.009,500000.0,500178.711331,3750189.804444,318.0,3,554.394133,330.904577,885.29871,741.1111111111112,0.7480580505247375,losing,False,189.39300544701115,False
pool1e59h5m5vyggszyafel7zvcnsayt2de7wyxyezlrsmm4a679q3zr,IAGL2,340.0,0.99,10.0,12.081415,810717.241089,362.0,0,0.0,0.0,0.0,741.1111111111112,0.0,no_rewards,False,0.0,False
pool1e5dxsm5ckaq0k9fg9hkclcrdj740757w4tqf9sk35wt22swypdu,,340.0,0.05,200.0,0.0,0.0,,0,0.0,0.0,0.0,741.1111111111112,0.0,no_rewards,False,0.0,False
pool1e5efe78z67djz6juekzw2hqpu3tn9eaqmekdnqn2am6j25kmrt8,,345.0,0.042,3500.0,3502.420645,3502.420645,1.0,0,0.0,0.0,0.0,741.1111111111112,0.0,no_rewards,False,0.0,False
pool1e603j2p4q346w8knqt2a8c96n8t9l5u4qdrv4kk50qvpgvh8hax,,170.0,0.0,3000.0,3089.220713,3140.661415,7.0,0,0.0,0.0,0.0,741.1111111111112,0.0,no_rewards,False,0.0,False
pool1e68hwymvfqxss0v29tgu95j0q8rv79z76l54wm4s0625klfq6y6,2R1C,340.0,0.05,25000.0,0.0,0.0,,0,0.0,0.0,0.0,741.1111111111112,0.0,no_rewards,False,0.0,False
pool1e6rjpsl42hsc52zc9s2awhv2df50yzw43xtc7d0vranpc9ej8uj,XRAY7,340.0,0.01,100.0,101.077715,84921.9493,29.0,0,0.0,0.0,0.0,741.1111111111112,0.0,no_rewards,False,0.0,False
pool1e6z3jnnvu9zqxlk60hkfjym2vj3mvgysy6h8l2xxyj5j220vlsd,UAE,340.0,0.05,5000.0,9.248208,1321.051063,2.0,0,0.0,0.0,0.0,741.1111111111112,0.0,no_rewards,False,0.0,False
pool1e7mwu80pmsjqdf8lu7rsfdj5sldashslll0hpj7rhx3w6xpwkq7,NIZI🌈,200.0,0.0,100.0,1510.618691,1223395.293987,10.0,2,200.48058,388.723805,589.204385,741.1111111111112,0.2705135262368815,losing,False,75.63492704180977,False
pool1e827fy8efd7n9zacdknhtr2n5rqmry5up05mqgqsjkmmzjmzrf3,IOGP,500.0,1.0,64000000.0,0.0,0.0,,0,0.0,0.0,0.0,741.1111111111112,0.0,no_rewards,False,0.0,False
pool1e8vr85ank99g6fx2r7tjel2mh2jyfppnqy6nmp8vr0arys65n05,RELY,340.0,0.02,75000.0,76800.092947,380348.149347,156.0,0,0.0,0.0,0.0,741.1111111111112,0.0,no_rewards,False,0.0,False
pool1e96dkrs5msjuycwz4mf0kq6fytlz0x48mnrur5ggufqkzs2a4kp,BNP,345.0,0.06,2.0,2104.137527,108988.049377,7.0,0,0.0,0.0,0.0,741.1111111111112,0.0,no_rewards,False,0.0,False
pool1e98xlcgj80c3rdmm27v5hnvrdtut52e65uk0ema7ctfag596vr2,COSD,340.0,0.01,300000.0,307001.403746,13858784.017861,147.0,17,489.24183,4524.702549,5013.944379,741.1111111111112,0.6601463973013493,losing,False,232.70343633567038,False
pool1e9tp0emvvg9sc4ds9h4nhwk8qpn6869qwnas2qywu9ep2reaaxe,LORDB,340.0,0.02,20000.0,0.0,74650.234176,47.0,0,0.0,0.0,0.0,741.1111111111112,0.0,no_rewards,False,0.0,False
pool1e9wmzv9r2pkvhwddc3ay42axm9aggheae6u4e52tgx6326krg03,MUEN3,340.0,0.9999,10.0,2820.114127,6383308.795401,6.0,10,2945.760435,0.260485,2946.02092,741.1111111111112,3.974789192653673,comfortable,True,2945.7339447482786,True
pool1ea34czsr90yc63fmv4gj4tetp7ds7c4jhpj6vqg4yw40wvygdl3,SMILE,170.0,0.03,10000.0,10042.772904,5669457.350336,344.0,5,211.331001,1261.736124,1473.067125,741.1111111111112,0.2851542742128935,losing,False,119.34422893217936,False
pool1ea568m9q882n0tx5d4vxff2dmz2n7rq5h62hx5ystq625m4tcfu,NUFI6,340.0,0.03,1000.0,1002.830858,11991450.623913,2661.0,12,436.116356,3099.12095,3535.237306,741.1111111111112,0.5884628491754123,losing,False,179.08781347376237,False
pool1eaetnqdddl6pw3my4urw4nlcy004pjpgnt3fpypr36qt2v8c6ck,,340.0,0.03,1.0,0.0,0.0,,0,0.0,0.0,0.0,741.1111111111112,0.0,no_rewards,False,0.0,False
pool1eaeynp2hs06v4x8q65jfm2xqcd3dc80rv220gmxvwg8m5sd6e7a,HODLR,170.0,0.0,20001.0,20069.694472,20673767.890069,425.0,30,178.41545,8657.99066,8836.40611,741.1111111111112,0.2407404872563718,losing,False,83.50540379034057,False
pool1eal2z34ugj8a0ckykd6xx45dz6jwdgz4cuvutk320cp4w8t2sm4,,340.0,0.002,20000.0,0.0,1732.950989,1.0,0,0.0,0.0,0.0,741.1111111111112,0.0,no_rewards,False,0.0,False
pool1ec5lvdyd9dghpezzeqfzn48yvw34ff6u6m9tlh08kjjaxx4nxmk,RAID2,340.0,0.01,30000.0,33738.795901,36374.43735,3.0,0,0.0,0.0,0.0,741.1111111111112,0.0,no_rewards,False,0.0,False
pool1ecvcst7k9eul4ggnljh0jw2s5nc2tyfmyzsx3xg3kmmz6ptgfwj,NUFI2,340.0,0.03,1000.0,1002.830191,12385752.455005,2652.0,13,444.969339,3384.871186,3829.8405249999996,741.1111111111112,0.6004084034482757,losing,False,187.94011131091995,False
pool1ed2usjswfh2hfyvatwuwl959y5g4fkf63uxtadcuez0l2rjn747,,345.0,0.02,1000.0,1112.619894,1112.619894,1.0,0,0.0,0.0,0.0,741.1111111111112,0.0,no_rewards,False,0.0,False
pool1edm3pa2da0dz2sq9mgfqgf8nr2tjtnplhnvkdwuwd6j0ylmfxpp,,340.0,0.15,100.0,0.0,0.0,,0,0.0,0.0,0.0,741.1111111111112,0.0,no_rewards,False,0.0,False
pool1edqwpnln3zr9gj9sfsmyl72pen6hdwev07xgqj7uz5mkjrgfj6h,TBG,340.0,0.05,0.0,0.0,70199453.847224,7.0,61,1221.536346,16749.190583,17970.726929,741.1111111111112,1.6482499421289354,edge,True,969.7863464500001,True
pool1ee3fptp2m7z8a32yeg9cwq4kvehh5xeyv2547u2rqz85qqxaxnc,TENK,170.0,0.0,10000.0,72614.827891,107026.146346,4.0,0,0.0,0.0,0.0,741.1111111111112,0.0,no_rewards,False,0.0,False
pool1eeflu4eaztffgd33enpsfh4nkta6t5qk662nddqqhjyrgdgmkc5,ANA,345.0,0.02,100.0,127.621302,218.784956,4.0,0,0.0,0.0,0.0,741.1111111111112,0.0,no_rewards,False,0.0,False
pool1eesa3kdfavq33kd3f3ajwh4mg9sal76fp348en5u37435g4h4ca,,340.0,0.0,5000.0,0.0,0.0,,0,0.0,0.0,0.0,741.1111111111112,0.0,no_rewards,False,0.0,False
pool1efacpnedlfrhe9sa6s4jzq839s5q4qdrl70em0za57xg6t38d3s,ADACH,340.0,0.04,150000.0,151868.637204,6883967.294507,98.0,6,427.401067,1341.216723,1768.61779,741.1111111111112,0.5767030889055472,losing,False,178.61343643840928,False
pool1efj8td645z33mr8h0ww5y5s0lz6jwj7e54cj4mv44s2269r7d4f,ABBA,340.0,0.02,1000000.0,3.326062,32.637619,3.0,0,0.0,0.0,0.0,741.1111111111112,0.0,no_rewards,False,0.0,False
pool1efxh54fk0dj5uu2e4eu08klxl5ys3saphv3kec33kw3xv8738sc,KRONO,340.0,0.025,5000.0,5046.688969,2319739.656991,432.0,3,354.749114,529.07397,883.8230840000001,741.1111111111112,0.47867196791604194,losing,False,96.9362142666553,False
pool1efzvmtxl4n9z8ylegk9jhctclu44z7k0qg82mp2kp2ytqa9xgf0,1PFP,340.0,0.01,3000.0,0.0,535.455827,2.0,0,0.0,0.0,0.0,741.1111111111112,0.0,no_rewards,False,0.0,False
pool1eg6k5zz4ndk6a3sa3z7ug97y84ghj0zljs26zkhthzzkw3p82ew,POEM,340.0,0.03,10.0,0.0,38054.526495,5.0,0,0.0,0.0,0.0,741.1111111111112,0.0,no_rewards,False,0.0,False
pool1eggah53ghqwlsm2u4upwnm3s9et8m5yd4p56shaqtm7vql6zm4h,,340.0,0.0,0.0,5.835127,69.720767,3.0,0,0.0,0.0,0.0,741.1111111111112,0.0,no_rewards,False,0.0,False
pool1egunxfppwtglyu3t864uq76y0zu05s7pjda3e9g95nwlwc5ye2h,AUSST,170.0,0.009,650000.0,688526.385761,1618827.75088,131.0,0,0.0,0.0,0.0,741.1111111111112,0.0,no_rewards,False,0.0,False
pool1eh6msmm3v7fs90lapzem3lkpl4sn2dgtz4hfvnfmqqtxya3k8yh,ARGT,340.0,0.01,500.0,1876.917677,2742.228618,5.0,0,0.0,0.0,0.0,741.1111111111112,0.0,no_rewards,False,0.0,False
pool1ehfmxk64lnl90rmy66zt7nfjlsvzhqkxlzsml348z4ptss529mw,,340.0,0.02,10.0,380.414582,31236.944012,2.0,0,0.0,0.0,0.0,741.1111111111112,0.0,no_rewards,False,0.0,False
pool1ek2m5zuydqcgqv3s5mlh55tr8gp76yuxe4hj4s7xtxajyc94rx3,,340.0,0.0,0.0,0.0,1.221941,1.0,0,0.0,0.0,0.0,741.1111111111112,0.0,no_rewards,False,0.0,False
pool1ek4yc2mvmettdmkl7wjfpcjkp60xssq2urr9hc8ffx5ss73wdm0,,345.0,0.05,500.0,35.0,1822.684341,3.0,0,0.0,0.0,0.0,741.1111111111112,0.0,no_rewards,False,0.0,False
pool1ek9pyk0xwjelrw7uqktvjwqj8wlcqqftjxqeq3t2vffw7qm8efs,UPBIT,340.0,1.0,200000.0,35882577.07075,35882577.07075,1.0,49,14446.63747,0.0,14446.63747,741.1111111111112,19.493213977511243,strong,True,14446.63747,True
pool1ekcsyzwexl7p2kwxxh34hy28l6772vrmff7jwmuxsa6u6fzty9z,ADALO,170.0,0.0,200000.0,702340.837652,76328773.418255,5345.0,88,407.169588,25410.479145,25817.648733,741.1111111111112,0.5494042416791604,losing,False,311.8715317281953,False
pool1ekhy5xsgjaq38em75vevk8df0k0rljju77tljw288ys5kumqce5,,340.0,0.0,1000.0,3.724624,1863141.093123,1540.0,0,0.0,0.0,0.0,741.1111111111112,0.0,no_rewards,False,0.0,False
pool1ekyuhd48h9nnymqpx0c00taz6ygnsge4502r7e67clp7zy9cegv,CASIA,340.0,0.0314,3.14,10158.748178,12590.391348,49.0,0,0.0,0.0,0.0,741.1111111111112,0.0,no_rewards,False,0.0,False
pool1el6ze57482qzf830l6h2y9uj0l9fr5g7xzur89d4d806y896vgf,,340.0,0.05,280000.0,0.0,4998.698343,13.0,0,0.0,0.0,0.0,741.1111111111112,0.0,no_rewards,False,0.0,False
pool1el9z347208wda3t5cqz65dmwal7r0e0eeq7xfzl6whdwvy80twn,,340.0,0.05,1000.0,1000.0,1006.277905,2.0,0,0.0,0.0,0.0,741.1111111111112,0.0,no_rewards,False,0.0,False
pool1ell3xjtspzzz4vtsatscan6rheltf7j3hh2s8qsam2h3jvcxzm9,OCEA4,500.0,0.039,15000.0,15099.617606,42438742.201102,669.0,48,1036.691494,13101.342577,14138.034071,741.1111111111112,1.3988340998500748,edge,True,628.2667871546897,False
pool1elvz3kppg3peep0dcclju3gwf9m37vzyxetuf03we37sqlnsjxr,DC5,340.0,0.0,0.0,335.880311,1036.68243,5.0,0,0.0,0.0,0.0,741.1111111111112,0.0,no_rewards,False,0.0,False
pool1em9u4sf0lzkz4ammtcmakymunpf0l7445ayh3e7fpvryw640fc6,NLAP,340.0,0.00575,2000.0,2046.640231,28734.625064,4.0,0,0.0,0.0,0.0,741.1111111111112,0.0,no_rewards,False,0.0,False
pool1en2f7un7v3rjyhqkeg87d27nvsk5arnnva5tzx38t0lpv7hercz,BKN,170.0,0.02,11000.0,11580.735614,121194.485387,38.0,0,0.0,0.0,0.0,741.1111111111112,0.0,no_rewards,False,0.0,False
pool1enc9l2nealzp9sr7n77032rc593879faj6hqeny6f6h052eaaxh,,340.0,0.0,0.0,0.0,4731.38011,2.0,0,0.0,0.0,0.0,741.1111111111112,0.0,no_rewards,False,0.0,False
pool1enul577he3e0s500lv8z98m6k936uecz2rpckxxmmk8c7k0n2rd,PXLZ,340.0,0.0169,100000.0,213830.008812,5658888.305222,613.0,3,369.409806,514.732435,884.142241,741.1111111111112,0.4984540110944527,losing,False,118.73250538577429,False
pool1enve22w67h6nm4y80cl0svc4edlm26h7ce226u5xlxq7ucawt07,FGMTR,170.0,0.1,2e-06,2.86207,2.86207,1.0,0,0.0,0.0,0.0,741.1111111111112,0.0,no_rewards,False,0.0,False
pool1epqdygzumryx7w9kk5l76gfjsvzuesmeh3u3tfjmmdsw65ja7k3,DRRS,170.0,0.01,1337.0,1340.727048,81436.987847,477.0,0,0.0,0.0,0.0,741.1111111111112,0.0,no_rewards,False,0.0,False
pool1eq96x3rdmq0dxdyx0wwwy064p2jzrlg6dp37r5uwhehnja29fxq,CRTR,340.0,0.1,100.0,102.624998,202.980481,2.0,0,0.0,0.0,0.0,741.1111111111112,0.0,no_rewards,False,0.0,False
pool1eqa7kxx4xg35cu4rqj4exkvzhenscgh8wxez0gl7hsagygp79kr,PILOT,340.0,0.0,1050000.0,1050050.0,75273389.986816,6955.0,81,669.489922,23276.04659,23945.536512000002,741.1111111111112,0.9033597148425786,losing,False,407.98961118684485,False
pool1eqc4jwuez8yyerwlyjwenh99dlvmn6t6n3qjym70ulf5u8xr6lq,VOLVO,340.0,0.0,100.0,5.577986,2267.54457,3.0,0,0.0,0.0,0.0,741.1111111111112,0.0,no_rewards,False,0.0,False
pool1eqj3dzpkcklc2r0v8pt8adrhrshq8m4zsev072ga7a52uj5wv5c,OTG,170.0,0.05,6.9e-05,420.121774,9830042.898118,803.0,12,338.397882,3196.820189,3535.2180710000002,741.1111111111112,0.456608836281859,losing,False,248.15139401591233,False
pool1erd30yrzqx4nvevnqu3cxmgv5nh6reau5ycxdulde7vq68zcrlz,,340.0,0.042,100000.0,5.782789,615.898392,2.0,0,0.0,0.0,0.0,741.1111111111112,0.0,no_rewards,False,0.0,False
pool1es67mveksd22l9alfh5cht6w2krc7lcrq3zvxcpaj5hwxgmhg3m,ANEJO,340.0,0.01,25000.0,26196.098046,1338291.363552,32.0,1,294.630049,0.0,294.630049,741.1111111111112,0.3975517902548725,losing,False,81.4524108928644,False
pool1es7867e973f59y07uwn04sylwd7myrv49q76e3jqp4a5ktvzpeg,A1STK,340.0,0.02,1000.0,0.0,110.966399,2.0,0,0.0,0.0,0.0,741.1111111111112,0.0,no_rewards,False,0.0,False
pool1esd3cqme3zzvvdnsx3p6ywudn6p86mqyz7fpvqpegxv2qzmtes0,SRN,170.0,0.025,25000.0,30331.712169,324501.480321,38.0,0,0.0,0.0,0.0,741.1111111111112,0.0,no_rewards,False,0.0,False
pool1esvefse6m77u5nwetxjz82rh77062htxmdcfa4h98cx65gjg8zg,,345.0,0.01,600.0,0.0,0.0,,0,0.0,0.0,0.0,741.1111111111112,0.0,no_rewards,False,0.0,False
pool1et8qw5ejgl5qqq8v4gdfset78gjcphh88cc2xajykggau8vps0j,ALAM0,170.0,0.025,5.0,47.646532,40326.866357,123.0,0,0.0,0.0,0.0,741.1111111111112,0.0,no_rewards,False,0.0,False
pool1etfar35l4tf6vam3gvqf5dnaq7levz32vgw4p00jzk7q7twg2te,POP2,340.0,0.05,50000.0,55472.939204,18062615.578432,173.0,25,711.824043,6654.64948,7366.473523,741.1111111111112,0.960482216941529,losing,False,460.84720059655547,False
pool1etfxpqw7456eh337p7x5jsvxxa67fsduvnmucevrqweckex3nhl,KYBK,170.0,0.0,33000.0,41617.785438,93022.641167,7.0,0,0.0,0.0,0.0,741.1111111111112,0.0,no_rewards,False,0.0,False
pool1etgtwnwu4lmtw0dwdtmjvp9fh7wx2fk4e6jt725ysp5f7sjd5vy,,340.0,0.01,5000.0,0.0,413438.823115,1.0,0,0.0,0.0,0.0,741.1111111111112,0.0,no_rewards,False,0.0,False
pool1eu8knr403p82ythegskwmf8w6v8l2w858d8jz7qvvqzj7ryech4,,345.0,0.0,100.0,1146.144322,6760.705331,5.0,0,0.0,0.0,0.0,741.1111111111112,0.0,no_rewards,False,0.0,False
pool1eucxv3gn8lk93fpud5d5n5e87nr0j2udvnjnm99q8eqrucmj25d,ECHO,170.0,0.0,120000.0,596.074742,596.074742,2.0,0,0.0,0.0,0.0,741.1111111111112,0.0,no_rewards,False,0.0,False
pool1euzg0c7npjm9dld4f7n5kj7as6n5d8ts8q6qt4rer50p5p9nr6g,Saar,345.0,0.025,500.0,7.414749,7.414749,1.0,0,0.0,0.0,0.0,741.1111111111112,0.0,no_rewards,False,0.0,False
pool1ev8fwfccn8gr0zcz3uyps0t0mcrefc6s95wjc6aed3ngc86y5rk,ZEIT,340.0,0.009,31000.0,86642.900778,6524608.720453,471.0,5,365.11128,1107.178381,1472.289661,741.1111111111112,0.4926539010494752,losing,False,105.96378124900815,False
pool1evg78egp8gfqae273kvmmdee2dnt6vty60dpwdespg4hujznh3a,SQUID,340.0,0.0175,50000.0,50934.833454,13193311.983655,777.0,17,439.421737,4569.778959,5009.200696,741.1111111111112,0.5929228835082458,losing,False,180.06439973714964,False
pool1evun4ps8xa0dfpj2r0cw9p94t2pctcvusccsm458enajuw2mftw,,400.0,0.1,500.0,0.0,16.515204,1.0,0,0.0,0.0,0.0,741.1111111111112,0.0,no_rewards,False,0.0,False
pool1ew5543rzgp7vs5qvmc0c42zucz9v6d3vct2zsa74erjfjen2p2d,UMKR,340.0,0.03,3.0,4.618002,4.91012,2.0,0,0.0,0.0,0.0,741.1111111111112,0.0,no_rewards,False,0.0,False
pool1ewgnsmk42ljf00wytawfcl3dcash9f852u5fr92e37wqxutyksl,BNP,345.0,0.06,2.0,55654.663723,32106805.319354,13.0,29,850.266337,7693.194068,8543.460405,741.1111111111112,1.1472859119940029,edge,True,596.9062801525413,False
pool1ewrm7y47s9hv6hxku9n5gfnsuspymp0qqpwgvgm9rvm37cek2h6,A4G,340.0,0.03,25000.0,44986.748268,33308347.498609,2926.0,32,624.551727,8803.624775,9428.176502,741.1111111111112,0.8427234697151423,losing,False,367.8488578317539,False
pool1eww2f6gu0g65v5l6xvqhuqq32qg3jeyadzz3jxlfn0e3739337k,,340.0,0.15,4000.0,103.072351,103.072351,1.0,0,0.0,0.0,0.0,741.1111111111112,0.0,no_rewards,False,0.0,False
pool1ey0gxeyesszrsshc6zjlzamr7z0f2d29e3ut0ppg4j4gxduyn5r,KYBBN,340.0,0.01,1140000.0,221668.401503,221668.401503,125.0,0,0.0,0.0,0.0,741.1111111111112,0.0,no_rewards,False,0.0,False
pool1ey97shazvk483tzqsvda6hvh8z0kld4g5ssxanrgetddgcf2mns,INV,340.0,0.01,2.0,2.825479,3472.842615,3.0,0,0.0,0.0,0.0,741.1111111111112,0.0,no_rewards,False,0.0,False
pool1eyccsl45l8f7sdplfs770460l2uqe9xfne4l64xvwewd22fcl9a,NRDCO,340.0,0.03,300.0,306.763214,1169.052438,2.0,0,0.0,0.0,0.0,741.1111111111112,0.0,no_rewards,False,0.0,False
pool1ezh8sewqgzy7267yvy0jssz8q7amce37x3dhmfl22j8lwz6wjrd,DAN2,340.0,0.02,100000.0,102649.40322,1377683.177669,441.0,2,363.200298,226.215337,589.415635,741.1111111111112,0.4900753646176911,losing,False,122.85019167173016,False
pool1ezs46e9nftk46w723zg4e66n2vaytms5slrmywvd7fx5y65zkru,,340.0,1.0,100.0,0.0,0.0,,0,0.0,0.0,0.0,741.1111111111112,0.0,no_rewards,False,0.0,False
pool1f297l6rl99h5v56x48j4pgza70ya3lm37yzu0njpcnsljqdd4dl,DACH,170.0,0.03,50000.0,50000.0,201233.119786,27.0,0,0.0,0.0,0.0,741.1111111111112,0.0,no_rewards,False,0.0,False
pool1f2pqecfn9x8kzgjeecyjk7cnqj0nyu84uaj2ptr0xdjr5w9qepc,,350.0,0.0,25.0,24.92387,24.92387,1.0,0,0.0,0.0,0.0,741.1111111111112,0.0,no_rewards,False,0.0,False
pool1f2uwt68neknpyk8pw2rh68gmpc6czndekl5ym22n5zf4vy8ecct,,345.0,0.0,300.0,21.623986,738.215807,2.0,0,0.0,0.0,0.0,741.1111111111112,0.0,no_rewards,False,0.0,False
pool1f2wfjqkf2wx6jq93pdck6hgmy9zgw32lmvrq9zejl7scqxjqfze,LBF2,170.0,0.06,2.0,9.820727,83679805.500944,10573.0,86,1568.557443,21897.482165,23466.039608000003,741.1111111111112,2.11649430089955,comfortable,True,1478.4649569591502,True
pool1f3ptnevzpgwjx32az75u7nth59gkqxe5h5qld86a8vm0j5jrms3,,340.0,0.0,1100.0,0.0,2085.42539,8.0,0,0.0,0.0,0.0,741.1111111111112,0.0,no_rewards,False,0.0,False
pool1f3qeehc4htjqpwv248kf5lfaumd0e84jtze379ev3ywa2w69aam,AFCH2,340.0,0.0,1.0,3.416377,111802.962659,308.0,0,0.0,0.0,0.0,741.1111111111112,0.0,no_rewards,False,0.0,False
pool1f4n4mdsv5ydxuc3y4tzgumqvfa8xxlyr8jl70qquama0ug2pmhf,BNP,345.0,0.06,2.0,48702.829071,1350416.433197,14.0,1,294.602082,0.0,294.602082,741.1111111111112,0.3975140536731634,losing,False,95.62088629607709,False
pool1f4pxpxcee0mhwd2knwqkwquaj35enlstssc6crsmt2tvv0pwymt,MARY,340.0,0.05,100.0,147.624426,147.624426,1.0,0,0.0,0.0,0.0,741.1111111111112,0.0,no_rewards,False,0.0,False
pool1f5ml07llzd2ndk5mrdl0gvtkkaq72v2hxusla795ksnms4tae66,ADABP,340.0,0.03,8000.0,2.825259,9.471895,3.0,0,0.0,0.0,0.0,741.1111111111112,0.0,no_rewards,False,0.0,False
pool1f5s5lqe7e3x7wxscsawaj0ddjz42y4ckcfqcxrd3nxg7wwvsysn,,345.0,0.15,100.0,1600.623986,5922.701064,2.0,0,0.0,0.0,0.0,741.1111111111112,0.0,no_rewards,False,0.0,False
pool1f5zye57nw6nsrczkkzkpd8avayar7j48zjw5pu2e5k38ssm2yhd,TRUCK,340.0,0.01,40000.0,95.427892,101352.865246,10.0,0,0.0,0.0,0.0,741.1111111111112,0.0,no_rewards,False,0.0,False
pool1f6lnuxzw90mmd399nxqjvzyyxgmf4h3cp7j6pp5s7xmps86arct,DYNO,170.0,0.01,25000.0,41152.079103,1504786.036226,171.0,2,185.543648,403.716433,589.260081,741.1111111111112,0.2503587454272863,losing,False,94.0656718068871,False
pool1f6ltd3rd3e69klr32r0xw7h59lc76lhc9l705d380lj76d926du,MTSK,200.0,0.01,1200.0,1213.528943,1213.528943,1.0,0,0.0,0.0,0.0,741.1111111111112,0.0,no_rewards,False,0.0,False
pool1f776th42gqa5ammpj738evvnlga5jk4ll0gr4uupkrqnqpjsfyt,DEVFO,10000.0,1.0,0.0,67899.119781,12201718.034545,2.0,8,2356.816646,0.0,2356.816646,741.1111111111112,3.180112415892054,comfortable,True,2356.816646,True
pool1f89cpnym44rfv52jj88f3g20axraw4g9g7aglnqsgjl220lpdd8,BNP,345.0,0.06,2.0,27273.016444,32057928.188022,11.0,47,1165.874824,12680.423077,13846.297901,741.1111111111112,1.57314444017991,edge,True,912.2907424522424,True
pool1f8erepj5w5nth5xfxgxnwpz59jzywt6zdwfr50jzjwfwksmg9ek,NUFIE,340.0,0.03,1000.0,1008.52285,36630065.948287,20.0,40,683.629499,11100.499313,11784.128812,741.1111111111112,0.922438604347826,losing,False,426.58657622510697,False
pool1f9934hk9awd25mmxl0dd2haqvda9nlquwnh5pv64hs42znl07zj,BD5,170.0,0.03,200.0,2405.435607,66657420.016498,11.0,76,837.371043,21552.404421,22389.775464,741.1111111111112,1.1298859650674662,edge,True,745.2243690510795,True
pool1fa0ydxjq23eq3nucw6ek46dj8p6vxq4t32ex822jhwhx5fyvzze,ZAZEN,340.0,0.01,18000.0,34.878363,604.286909,4.0,0,0.0,0.0,0.0,741.1111111111112,0.0,no_rewards,False,0.0,False
pool1fagx52jnyh3dz0d722c2fedjvstc3mmwt4a2mlkgvszvqgkvt2g,STCRP,340.0,0.01,5000.0,0.0,93.64729,1.0,0,0.0,0.0,0.0,741.1111111111112,0.0,no_rewards,False,0.0,False
pool1fc3m8hdjj76n6llxextpc60tt63w5ygwgvf2ekzr3k222kxxdkg,BUNNY,340.0,0.03,4.0,5.0,5.0,1.0,0,0.0,0.0,0.0,741.1111111111112,0.0,no_rewards,False,0.0,False
pool1fcgm2ae0j3rmvghwa2064rfxcvugwa2qt89cc4jwtj0ecgh8na8,CSPHD,170.0,0.018,50000.0,56619.930002,400191.111881,15.0,1,189.562327,105.089651,294.651978,741.1111111111112,0.2557812508245877,losing,False,109.47120344233501,False
pool1fcp4d2pxh0e7q5ju63sjqcdpxpr3pvxg6ykl23t6c97d7dnvjvw,KILN1,340.0,0.05,100.0,1572.302032,10804730.410358,66.0,14,529.74471,3594.685984,4124.430694000001,741.1111111111112,0.7147979595202398,losing,False,278.0313433646744,False
pool1fd0q9h8974y6psejmzczlywy8fgxxy07rn2ynrwu734aqwq540p,,345.0,0.1,0.0,0.0,41354804.413838,32.0,45,1636.209363,11620.884256,13257.093619,741.1111111111112,2.2077787506746622,comfortable,True,1393.2093619,True
pool1fd6geyevpsg26s7q58fvuv2eh559n5p9vv3ctxjs74v6g7lkew4,ECO,345.0,0.04,1000.0,1002.621654,1002.621654,1.0,0,0.0,0.0,0.0,741.1111111111112,0.0,no_rewards,False,0.0,False
pool1fd8qnudvhz2hanlccdsfrwdxmmwwfryalrmy6a6y62cgqfx3ujz,MOST,170.0,0.025,125000.0,183918.312426,376261.276236,11.0,1,232.546325,62.151112,294.697437,741.1111111111112,0.31378064842578707,losing,False,185.19686553048842,False
pool1fdgzsd07tq6t7zd44na0a72kz6gpedp9avny02z7qsx9ywr3le7,,170.0,1.0,20000000.0,2755345.718773,2755345.718773,1.0,0,0.0,0.0,0.0,741.1111111111112,0.0,no_rewards,False,0.0,False
pool1ferfwtmcjm9rxc00ugtdwrm9m042jf4xjvse6a8u5smxqt0pwnx,MOCHI,170.0,0.02,50000.0,52504.339364,435480.16483,70.0,0,0.0,0.0,0.0,741.1111111111112,0.0,no_rewards,False,0.0,False
pool1ff2hr0sukqqd75jr2rh3wrmnesxqgpq42dgd6rm3ungnqp904ue,BD3,340.0,0.08,200.0,6399.632571,56317552.012492,37.0,76,2106.287209,20283.488243,22389.775452,741.1111111111112,2.8420666988005996,comfortable,True,1862.5149119686691,True
pool1ff9rrcn2qdvv754al6d8qx8f3mecyeez3hp2nunm9uj2k7tj4pf,,340.0,0.0,2200.0,0.0,8.755036,1.0,0,0.0,0.0,0.0,741.1111111111112,0.0,no_rewards,False,0.0,False
pool1ffhg5vdmjzv9pc2syjwxkrj85qg7xsnxsmmsrnag5r7wsggv4ac,,340.0,0.0,200000.0,61.905486,1004.481523,5.0,0,0.0,0.0,0.0,741.1111111111112,0.0,no_rewards,False,0.0,False
pool1ffrre548h22n68ln29xph3qezrag3z8ad0kg8yzu6epds3qr58k,OCEA6,500.0,0.039,1000.0,10099.619454,520641.776209,115.0,2,505.142025,84.064349,589.206374,741.1111111111112,0.6816009332833582,losing,False,104.63981497480232,False
pool1fftlhn68f3lejs2u39pcd5q33zgwnlumrp20dr6cqqkxwyuft2r,ARKA,340.0,0.25,1000.0,1493.565935,16036.474125,18.0,0,0.0,0.0,0.0,741.1111111111112,0.0,no_rewards,False,0.0,False
pool1ffuv59d0rdp0jsgxa9x5r8pvmaexvuufeu43kpxl3u2qut3ljq4,,340.0,0.2,50000.0,0.0,905.625683,2.0,0,0.0,0.0,0.0,741.1111111111112,0.0,no_rewards,False,0.0,False
pool1fg42yz0qpu5jd0gd3g5xty4mm6jdxkje8szag8h798nyyxw6zd3,CCJ3,170.0,0.048,100000.0,100589.273798,17361308.936877,154.0,19,460.568971,5139.026221,5599.595192,741.1111111111112,0.6214573821589204,losing,False,370.65296616671,False
pool1fgj2ua0rz4dkq0hmmkv7syuccda96slh40wex2w7vsnxujuvjtv,CUJO,340.0,0.03,10000.0,10834.855913,11417.466066,14.0,0,0.0,0.0,0.0,741.1111111111112,0.0,no_rewards,False,0.0,False
pool1fgp4f4afdrq26axqlnm80fz49hdkyq4am3ca3r33w0w8sw2x8ap,UPBIT,340.0,1.0,200000.0,30819242.549084,30819242.549084,1.0,30,8844.873822,0.0,8844.873822,741.1111111111112,11.934612353523237,strong,True,8844.873822,True
pool1fh4sh2telea0tfdy39h0drx6uq566yt9gf24edpz7335sclx39z,CANUK,340.0,0.02,25000.0,35279.333006,4182921.441272,973.0,2,347.04547,242.214856,589.2603260000001,741.1111111111112,0.46827724587706143,losing,False,89.5358017837415,False
pool1fhrhklkcqy5mlygak5hszc3phplq7qq5a6wn30hjrv4e6ydrl9g,ANIME,340.0,0.005,1000.0,4997.129522,5284.943385,2.0,0,0.0,0.0,0.0,741.1111111111112,0.0,no_rewards,False,0.0,False
pool1fjdsl4zajjt5rv8panvnp89g6pnvt2t3e6za8hcf8yw2zncnl07,BYOB,340.0,0.02,550.0,51.339332,71.276945,2.0,0,0.0,0.0,0.0,741.1111111111112,0.0,no_rewards,False,0.0,False
pool1fjxud865hvsg3us4t5ndv6jhjcssj5rg2eq783664wpn720deqr,,340.0,0.019,10000.0,15.383405,148.796601,1.0,0,0.0,0.0,0.0,741.1111111111112,0.0,no_rewards,False,0.0,False
pool1fk7lk6x7j6jkxuvl0het8nmunra4g7370mw29f286dv9ylegutq,WISH,170.0,0.0,100.0,73406.110696,727966.949155,57.0,0,0.0,0.0,0.0,741.1111111111112,0.0,no_rewards,False,0.0,False
pool1fkg3cr9en57ccsmnde20eevkaeu3elp0h4yyqk3udkkxzhl70ju,ADMON,340.0,0.03,1000.0,13319.66301,2338130.46564,7.0,0,0.0,0.0,0.0,741.1111111111112,0.0,no_rewards,False,0.0,False
pool1fkjfa9yuu844hyg7yagvjr9u7texse7dcdhe75c6lta0xqpgqgk,,340.0,1.0,76800000.0,76896720.219421,76896720.219421,1.0,77,29367.4962,0.0,29367.4962,741.1111111111112,39.62630671664168,strong,True,29367.4962,True
pool1fl0gdfcmzg4jf3hw839epdteuazm23nff44vddap00r0sm5gvvk,OMNI,180.0,0.04,40000.0,44742.30487,1795917.839646,43.0,1,187.327848,107.318808,294.646656,741.1111111111112,0.25276621169415286,losing,False,89.03911198003371,False
pool1fl20ddkpvnstlx63fal6e3ku46r76nk2s4mqtk5jnyxn2vt7hg6,KOH,340.0,0.05,0.0,0.0,70538234.19992,10.0,56,1147.885826,15349.830698,16497.716524,741.1111111111112,1.5488714293853072,edge,True,896.1358262,True
pool1flkcdxj7cq6sfgl4fujx50p20ylqgj02kgwvfj4g5w24s6th8vz,U0001,340.0,0.2,50.0,1584.594892,16650400.377768,11.0,15,1156.116969,3262.915092,4419.032061,741.1111111111112,1.5599779191904044,edge,True,944.137144475903,True
pool1fm57fshvdlrgs5pnpk78tnxha0me28equyy96vj0xm85gy5chv0,BANDA,340.0,0.009,500000.0,738033.011033,13832049.296537,2201.0,13,556.38314,3280.123716,3836.506856,741.1111111111112,0.750741868065967,losing,False,307.7489766852879,False
pool1fmcv9p7vv754rwc0p6ud2mgm76vnn0gq0gngrk7rq400vsvhsvs,JAZZ4,340.0,0.05,50000.0,90119.840055,10794376.670717,109.0,10,491.003152,2455.585174,2946.588326,741.1111111111112,0.6625229937031484,losing,False,241.3549534255216,False
pool1fmf707pca09wmv6dc7ap4kxf0j648374ruu6ahazhpywcngt780,CHIVO,170.0,0.05,500.0,1.06108,27.893084,2.0,0,0.0,0.0,0.0,741.1111111111112,0.0,no_rewards,False,0.0,False
pool1fmgus36uc0jf0wlspfvzwfn04mz34kwrensmqgfzkv7t58dejw4,GRAB,340.0,0.01,200000.0,223812.823933,4109929.286195,107.0,3,374.797459,509.661026,884.458485,741.1111111111112,0.5057237077961019,losing,False,126.73414772349719,False
pool1fmrd4ds793ja4c5muy7hwj6q7kssuhtx22em4udmvx6957z9m0u,TLP,340.0,0.0,800.0,3511.839844,4341.618756,5.0,0,0.0,0.0,0.0,741.1111111111112,0.0,no_rewards,False,0.0,False
pool1fn2e64q388nustgn7ca0tangxa29ta5z908cq2c5nztj6sntdsk,,345.0,0.04,100.0,0.0,0.0,,0,0.0,0.0,0.0,741.1111111111112,0.0,no_rewards,False,0.0,False
pool1fn5fq6r68hsxv5yqa2xjxmrchcwrmylmyluqvsmvfam5jr36nnx,,3400.0,0.02,100000.0,0.0,0.0,,0,0.0,0.0,0.0,741.1111111111112,0.0,no_rewards,False,0.0,False
pool1fn6rz40s843u3fwthk8eaqn6ath3z7wgfrhndskuzmslzxgtv50,,340.0,0.0,42.0,0.0,0.0,,0,0.0,0.0,0.0,741.1111111111112,0.0,no_rewards,False,0.0,False
pool1fn8mfqp4jt6097ygqrze5rjzg3y5s8fktxszqgs9mg22jvr42dx,DARK,340.0,0.02,25010.0,54451.119964,131232.80239,126.0,0,0.0,0.0,0.0,741.1111111111112,0.0,no_rewards,False,0.0,False
pool1fndvmevsjh5a0hkt5me9mrtlk4ugu4n8yns0dwk4jyhdqcq3ayy,,345.0,0.2,100.0,0.0,0.0,,0,0.0,0.0,0.0,741.1111111111112,0.0,no_rewards,False,0.0,False
pool1fnvj5za9k5ev88l8tw0nh3n4tn582gvf3d6vmuv7nh4ustqecn5,,340.0,0.0,100.0,102.011235,1803.75061,4.0,0,0.0,0.0,0.0,741.1111111111112,0.0,no_rewards,False,0.0,False
pool1fp9z85qx2k6jgnn4f4taxlgn0xw0w9k3t47q32t83ymexz5ymwd,,340.0,0.01,50000.0,1459.544093,1602.699093,3.0,0,0.0,0.0,0.0,741.1111111111112,0.0,no_rewards,False,0.0,False
pool1fpkjz7j77m5ukhjx5xvspfttrs0578kyxa9hgn0458hk55wp784,,340.0,0.075,0.0,2.339805,16047.025942,6.0,0,0.0,0.0,0.0,741.1111111111112,0.0,no_rewards,False,0.0,False
pool1fpsp2ayycsvpj2k43jnctdp306murzt7nzrlg0fuyyr9y8vx3pp,WLP,340.0,0.015,31500.0,0.0,744.804214,3.0,0,0.0,0.0,0.0,741.1111111111112,0.0,no_rewards,False,0.0,False
pool1fpu5xurq3jx5rn626ejcx0dzzzk5lmtvdl2qkj9l4kw2sjp50dz,MS6,340.0,0.025,100000.0,102838.453562,48122432.478411,233.0,55,769.799745,15439.577938,16209.377683,741.1111111111112,1.0387103005997,edge,True,511.9768945921418,False
pool1fpvs8h5q5kwpz4k2yd0vw90dgdxacr3ef508tzzewm0kysdt4eq,SBP2,340.0,1.0,0.0,5.265792,70000006.554332,2.0,70,20622.14566,0.0,20622.14566,741.1111111111112,27.825983649175406,strong,True,20622.14566,True
pool1fqas6yd8n3fdpz8e869qjvyensdmzletqjexcut8mxasu2sk72r,LAG,340.0,0.05,0.0,0.0,70049738.102258,9.0,70,1354.107283,19268.038373,20622.145656,741.1111111111112,1.8271312664167914,edge,True,1102.3572828000001,True
pool1fqnluegrkns2jj49vgvn8vvn5u8y4m2m3xptx4wngvf4cnwa2fk,,340.0,0.02,9000.0,0.0,0.0,,0,0.0,0.0,0.0,741.1111111111112,0.0,no_rewards,False,0.0,False
pool1fqwnqk3phwa2s5thgym8dw34pv0z67m526uqprnjh93cvzxymef,NUFI9,340.0,0.03,1000.0,1003.650337,23738052.972156,3944.0,27,568.740884,7357.454725,7926.195608999999,741.1111111111112,0.7674164851574212,losing,False,310.857860114665,False
pool1fr3ws5vwm7l5y2ywau2jrlaan0xmfqv68h5g3g3sum2ywthurt2,,420.0,0.9999,100000.0,2972.639531,2972.639531,2.0,0,0.0,0.0,0.0,741.1111111111112,0.0,no_rewards,False,0.0,False
pool1fr8ug253hlv0pt4sxu3w20r03pnpkh2wpedegp55t8nsx28rkma,JOKER,170.0,0.01,10000.0,10766.590798,461278.080428,141.0,0,0.0,0.0,0.0,741.1111111111112,0.0,no_rewards,False,0.0,False
pool1frxut5ury0r2clgpvr0dewlsvc233ft7g6v7vx8msepy5068evn,,350.0,0.01,500.0,698.292896,28883.053111,3.0,0,0.0,0.0,0.0,741.1111111111112,0.0,no_rewards,False,0.0,False
pool1frz0ds4nhg4t0e30jadc5kwx35kzj2vfp9eak9ehh2727m4dqnv,,345.0,0.025,100.0,550.0,1237853.675934,1088.0,0,0.0,0.0,0.0,741.1111111111112,0.0,no_rewards,False,0.0,False
pool1fs2m5rmlx66crcwwrrsf2pcxjhvk7kzdurcqusd3v5gm65cufnj,BIRD,340.0,0.0,125000.0,134211.175897,23195416.077802,617.0,20,372.141134,5522.738632,5894.879766,741.1111111111112,0.5021394611694152,losing,False,108.67445120855248,False
pool1fsck5keruz5n4qyes46s9rvrnxcrn8hukemgxazzlxpp6g66fzh,,345.0,0.06,0.0,0.0,104.134531,4.0,0,0.0,0.0,0.0,741.1111111111112,0.0,no_rewards,False,0.0,False
pool1fspfv7z8l8755une5vt8drk7aufenxlucnl0p09sy8vxjw5kz3y,,340.0,0.001,1000.0,0.0,1525.080999,2.0,0,0.0,0.0,0.0,741.1111111111112,0.0,no_rewards,False,0.0,False
pool1ft4xjlz9uw0r0ewcgtkgeakqrfc5azxmxwsm5pt94dv67mw4rgd,1LOVE,340.0,0.01,712000.0,826006.52452,55392393.391455,1487.0,60,770.492089,16953.682479,17724.174568,741.1111111111112,1.0396444979010493,edge,True,512.0428634139967,False
pool1ft4z335t0eclqwlxdktam5wphf47swfpzgxe4fslnjz5y70hq2p,MDRS,345.0,0.0,1100.0,1112.215016,12825.377957,5.0,0,0.0,0.0,0.0,741.1111111111112,0.0,no_rewards,False,0.0,False
pool1ft6jvmft8tg3lwzg6wfsprlex3ncuq5cnckwycavqk5q63jhrhv,FRCA🍁,170.0,0.0,25000.0,28582.742536,842769.124414,85.0,1,174.226851,120.402842,294.62969300000003,741.1111111111112,0.2350887044977511,losing,False,82.44880037299032,False
pool1ftfgs9lp0l4l07glvemrzu86pqvxrvzsn85lc3hathlq5ddsw49,RAID6,340.0,0.01,30000.0,34119.485702,36601.017158,5.0,0,0.0,0.0,0.0,741.1111111111112,0.0,no_rewards,False,0.0,False
pool1fts0a4clzu7wyhdqw48cpg2kwvstzeqddtwj34pxfw9jgvznu0q,,340.0,0.075,0.0,5.031048,4503.424647,3.0,0,0.0,0.0,0.0,741.1111111111112,0.0,no_rewards,False,0.0,False
pool1fttmappcugymuqxvayq2uew72cd8qej2gc5c9ajexsckswj3qza,CAPY,170.0,0.0,500.0,506.259412,1163.423098,5.0,0,0.0,0.0,0.0,741.1111111111112,0.0,no_rewards,False,0.0,False
pool1fu567g42mlv9f7enek7zeh94c0aht98w44du7s29t0elzd9yazz,,340.0,0.01,1000.0,8747.054844,650875.719095,78.0,0,0.0,0.0,0.0,741.1111111111112,0.0,no_rewards,False,0.0,False
pool1fu69ry8k9qxfque9hng3lxcq7g30pykg38mtahah8x4mzpgls3k,BFADA,340.0,0.02,250.0,259.670633,384287.221895,267.0,1,294.602362,0.0,294.602362,741.1111111111112,0.39751443148425786,losing,False,79.5374691938872,False
pool1fu6cvwqamrfxkzc0pjsmd7mqazfqh558sckequqj3ckvgyyg5ta,KOMA,345.0,0.02,111.0,300.093772,300.093772,1.0,0,0.0,0.0,0.0,741.1111111111112,0.0,no_rewards,False,0.0,False
pool1fu6ppur5uumrpydpeswzrvfg4epr68xw39aar9rcu56tk5ukat3,,340.0,0.0499,1000.0,645.450226,8956.278597,36.0,0,0.0,0.0,0.0,741.1111111111112,0.0,no_rewards,False,0.0,False
pool1fuge4duc9hfgm9xvu33llsntmnfcumsyw2d0away49v8gmphfzs,FGMTK,170.0,0.1,2e-06,9.820727,73001314.771014,3.0,76,2391.978504,19997.77964,22389.758144,741.1111111111112,3.2275572017991,comfortable,True,2306.478516165491,True
pool1futpazj04ukh0754m6wexrr9gdezmrl6e0pksyhpc9gjql44l0y,SMBU1,345.0,0.0,50.0,347.416817,457.999378,3.0,0,0.0,0.0,0.0,741.1111111111112,0.0,no_rewards,False,0.0,False
pool1fuu0vcmzc28lqm09m4j3llg64ghf9j36tcsp9vcy3kpnz9pg9hn,AID,170.0,1.0,80.0,0.0,8.2248,1.0,0,0.0,0.0,0.0,741.1111111111112,0.0,no_rewards,False,0.0,False
pool1fuzqy5r9x98826zv6wp40tr27uplemmstkd57cuw8jh5v5m90vn,247,170.0,0.005,5000.0,5193.033252,4074613.457857,559.0,4,176.320959,999.814854,1176.1358129999999,741.1111111111112,0.2379143374812593,losing,False,81.90204310695506,False
pool1fv9f8phzn7hp623ypw6ctf73a98hd7nrh8wm7glpcuhf64856g2,GNP1,170.0,0.0,25000.0,25000.219457,615641.044098,139.0,2,187.025445,402.233336,589.258781,741.1111111111112,0.25235817166416785,losing,False,95.88324439369696,False
pool1fvgmxt3688a5zl6amhvaqk9tmvk3lhxkgdsta6yj3czuy5hjwfy,ETO12,340.0,1.0,0.0,0.0,50000075.643364,1.0,46,13551.69572,0.0,13551.69572,741.1111111111112,18.285646398800598,strong,True,13551.69572,True
pool1fvuy9r4ndp432yuh059q4fekh42t4d42qjhgz5qxlr8jctrp5l2,,340.0,0.02,1000.0,1.0,1.0,1.0,0,0.0,0.0,0.0,741.1111111111112,0.0,no_rewards,False,0.0,False
pool1fwg2x8pwwxverf0wqtk3pnqtywlah9em3ywyvhskafvm5z3e7kr,,345.0,0.1,100.0,18.269664,18.269664,1.0,0,0.0,0.0,0.0,741.1111111111112,0.0,no_rewards,False,0.0,False
pool1fwh9zp2hw7ppkna86n7m7ycgz66dnkdhhyqqahhv362agxj2u7g,ISPO2,345.0,0.099,100.0,6915.918066,75165.715939,68.0,0,0.0,0.0,0.0,741.1111111111112,0.0,no_rewards,False,0.0,False
pool1fxlf6mqxeuptm7ztwdpp2zdwm7tsfcy3fweu7euyf6aduuh6u42,SLICE,340.0,0.02,10000.0,10933.201503,50333.091393,18.0,0,0.0,0.0,0.0,741.1111111111112,0.0,no_rewards,False,0.0,False
pool1fxmancs3dmc9l0s7u7zrj8334m9nvzam5t5hnuuf4c7cjr6867m,CONGE,340.0,0.01,100000.0,109304.455617,4876231.700183,1172.0,3,357.516791,525.175133,882.691924,741.1111111111112,0.4824064646176911,losing,False,101.00089992270557,False
pool1fxra32qureulvqrhrdpnrl5yechhqreg2khrghv3tkl4z66t0rm,,340.0,0.05,0.0,0.0,35016768.700258,5.0,33,809.093433,8912.775232,9721.868665,741.1111111111112,1.0917302694152922,edge,True,557.3434332500001,False
pool1fy57yj7fq4n640h0r7yzchgytvx747nl85lkct7pc8faywwsyy2,,340.0,0.025,20000.0,1.721373,1068.093207,3.0,0,0.0,0.0,0.0,741.1111111111112,0.0,no_rewards,False,0.0,False
pool1fy5aaf5gz2646dghhm8u899mj6hyznn428sqhdx3tmqmsdy6rcz,,340.0,0.01,760.0,2191.292824,28066.816027,31.0,0,0.0,0.0,0.0,741.1111111111112,0.0,no_rewards,False,0.0,False
pool1fyp482ntshhm9zfz4nv7pmsaeakscf5mnuzcxuvtqf6t56fc7l0,KYSN,170.0,0.019,100.0,19943.261445,3496100.929905,1809.0,1,173.064721,121.294159,294.35888,741.1111111111112,0.2335206130434782,losing,False,80.39536096828705,False
pool1g04psph8yjpqrgvtltqxrgh6vtl3uklvl46ng6ttrdhwjuvelna,,345.0,0.0,90.0,92.633094,92.633094,1.0,0,0.0,0.0,0.0,741.1111111111112,0.0,no_rewards,False,0.0,False
pool1g0fvxf4ewt0j3hplp09dv4ak2uv5ay3ftw8upk80d8kx2ca5syn,,345.0,0.01,100.0,148.091303,148.091537,2.0,0,0.0,0.0,0.0,741.1111111111112,0.0,no_rewards,False,0.0,False
pool1g0hsnjnt0du3kp33gjua3npncngr3yg4ak2zfdhd4zvmy6r8hyd,EGGS,300.0,0.02,225000.0,255951.775633,735070.839036,131.0,0,0.0,0.0,0.0,741.1111111111112,0.0,no_rewards,False,0.0,False
pool1g0nq3m3fnvd245k4favcvutn09vce0yshg535f68d2xa54vy0cc,1PCT3,340.0,0.01,50000.0,60422.062749,10660096.719927,310.0,5,357.692284,1115.601722,1473.294006,741.1111111111112,0.4826432617691154,losing,False,96.82929758262992,False
pool1g0t2a93g5e2j7wj0clmk73fhd8cjcj4xn383yt7xvdyhq37m0kk,,345.0,0.06,0.0,0.0,107.845589,1.0,0,0.0,0.0,0.0,741.1111111111112,0.0,no_rewards,False,0.0,False
pool1g2htk67ngtrw5mz6npgu3tugmcuqfgu0lxm8m26d7x79w75xupn,,340.0,0.0,100000.0,27.560169,342.422811,10.0,0,0.0,0.0,0.0,741.1111111111112,0.0,no_rewards,False,0.0,False
pool1g2y0j7rsv7dpu8p6jt2dva3rxfqjl2zu0ag9dd0cfm8guzg0lh0,SOCIO,340.0,0.03,0.0,2307.468613,6283530.301736,21.0,6,383.336901,1384.275573,1767.612474,741.1111111111112,0.5172461932533733,losing,False,126.38129653772143,False
pool1g2zsavkscwrzz0tqqwwykkyganyedlzgqc63fneq6nvzc7rwdzp,RBA,345.0,0.999,100.0,106.633769,136.613397,4.0,0,0.0,0.0,0.0,741.1111111111112,0.0,no_rewards,False,0.0,False
pool1g3ssnndd8e7lcmstkjl9ane9mup0eshv3aklg63u5tznwl4ch87,VRSTK,400.0,0.04,1000.0,1496.999256,48477069.882107,22354.0,54,1020.802713,14881.966479,15902.769192,741.1111111111112,1.3773949650674662,edge,True,708.5799873009817,False
pool1g43yqk4yuflm07faedr9qsgwdvjuw4welxae2vcv7ymyj27q8mg,,340.0,0.1,100000.0,92.090039,92.090039,1.0,0,0.0,0.0,0.0,741.1111111111112,0.0,no_rewards,False,0.0,False
pool1g4th3pqfzh4zajzrhlh8y6wpuztrkzxwt5wd7q578894j06gwfc,FEEL,340.0,0.0,25000.0,31595.09431,3500666.989494,271.0,0,0.0,0.0,0.0,741.1111111111112,0.0,no_rewards,False,0.0,False
pool1g50v6e6e0dpmt35lllufjnpqmdklsm3nrshzw4z4advqqjxfcpx,,340.0,0.02,2100.0,2616.256829,24575.953354,38.0,0,0.0,0.0,0.0,741.1111111111112,0.0,no_rewards,False,0.0,False
pool1g59d82m8c84f2ds6l50mng863h9cxfm88khxyhna2l9rzgv6030,FGMTB,170.0,0.1,2e-06,5.046709,21.86748,2.0,0,0.0,0.0,0.0,741.1111111111112,0.0,no_rewards,False,0.0,False
pool1g5gcxs48ur9y6kvycy44e9n8wn254fltvjklcf29jxfp23x2wjx,,345.0,0.025,0.0,3.582106,701.407805,2.0,0,0.0,0.0,0.0,741.1111111111112,0.0,no_rewards,False,0.0,False
pool1g5gmej3cj67td4pmvmacnls8nuq0gjld2pwfeg3jwpxujdx6lmu,SKY,340.0,0.01,5.0,32837.418502,10879799.700614,1651.0,14,389.152237,3730.32212,4119.474357,741.1111111111112,0.5250929734632683,losing,False,127.52970834220827,False
pool1g5k0fks847av9zdayg05htnj8wx0ah7jmnwwqlt63rjdzyjr93n,ADAMS,170.0,0.01,5000.0,9630.536499,12450.996009,7.0,0,0.0,0.0,0.0,741.1111111111112,0.0,no_rewards,False,0.0,False
pool1g637quu9s4v8e30s8y2jg8zfejsne9s8mg985q62y8jfu4khtqg,,340.0,0.0,220.22022,220.82511,220.848661,2.0,0,0.0,0.0,0.0,741.1111111111112,0.0,no_rewards,False,0.0,False
pool1g6czdusgxwskqy8evsnxvqkg2a70rpjtv0maauldl5uusmhm94a,ALRES,340.0,0.05,100.0,146.13907,146.13907,1.0,0,0.0,0.0,0.0,741.1111111111112,0.0,no_rewards,False,0.0,False
pool1g6g2d09le8hd6nv9jhyavewdnw8tu0ndst4lqysd00ru24cav0a,ONYX,170.0,0.05,0.0,209.131048,2652350.33316,369.0,2,190.991608,398.212377,589.203985,741.1111111111112,0.25770981589205394,losing,False,100.74871573708626,False
pool1g6rm3p7695z7xfhp629hcsj09njun2fnsz03pjrshw8rgs7pluc,,340.0,0.15,1.0,1.378163,28137.191642,14.0,0,0.0,0.0,0.0,741.1111111111112,0.0,no_rewards,False,0.0,False
pool1g6rugsgxrl7ylqnuw2qvma0kuk63wc4yv43a4tmw3qaawgu87c0,,340.0,0.99,1.0,3.085023,153.60697,5.0,0,0.0,0.0,0.0,741.1111111111112,0.0,no_rewards,False,0.0,False
pool1g7757qwvwzpqn35xfxqmhmw3nz8xe8rcptuqqwkv3cfzk38gedd,eth2s,340.0,0.0,100.0,12069.10563,13839.468452,4.0,0,0.0,0.0,0.0,741.1111111111112,0.0,no_rewards,False,0.0,False
pool1g79uyzvt9mm3z7jdcxnp36n4egm4z6l8c6n9l2mk8ae2yf5zman,ABC,340.0,0.02,10000.0,0.0,66045.57808,312.0,0,0.0,0.0,0.0,741.1111111111112,0.0,no_rewards,False,0.0,False
pool1g7axcymry0dz86usn9np76gm2tankhh478k2x3uc7v0pugcv2xp,DANUB,170.0,0.02,500.0,867.999447,24925.11543,4.0,0,0.0,0.0,0.0,741.1111111111112,0.0,no_rewards,False,0.0,False
pool1g8w64u3sx9mrvhwrdfvysw4g4wnffkjfp5zds3ur6svwzdhwhx9,KNGHT,170.0,0.015,30000.0,50339.017312,326774.538438,36.0,0,0.0,0.0,0.0,741.1111111111112,0.0,no_rewards,False,0.0,False
pool1g8y2gz4sk7xhyaj469jlj3njyu5dlvqa7t7v9c2gk0yc69879z8,1PCT0,340.0,0.01,50000.0,60019.984553,7792876.585718,504.0,8,375.554149,1981.715484,2357.269633,741.1111111111112,0.5067447287856072,losing,False,115.22473891922726,False
pool1g90xrq0qrgn7z9xdfpx6xlgxwedf7unrcmh2drj7j70hxr35jxk,,340.0,0.03,50000.0,0.0,0.0,,0,0.0,0.0,0.0,741.1111111111112,0.0,no_rewards,False,0.0,False
pool1ga0h4pv0psju8z3j7l852elq92c7xshuspt27jklnx665r4l2q8,,500.0,0.01,1.0,14.776577,14.776577,1.0,0,0.0,0.0,0.0,741.1111111111112,0.0,no_rewards,False,0.0,False
pool1ga8rg7snafqj5t24zf4xr8cz7tl576ett05qf93qhcamgmkqmj3,,340.0,0.005,250.0,494.616908,494.831058,2.0,0,0.0,0.0,0.0,741.1111111111112,0.0,no_rewards,False,0.0,False
pool1gaq7x3ejv47cykw2wrcyt99f3gcy3ayyuxsf6gqvd8j2jf90w4h,,340.0,0.025,25000.0,2.646822,2.646822,1.0,0,0.0,0.0,0.0,741.1111111111112,0.0,no_rewards,False,0.0,False
pool1gas95lqlch5pj5e4lwg78gxlq7km9xfurfd557x4tgwk5kktd04,NEDS3,340.0,0.02,250000.0,255343.788166,10839799.169793,624.0,5,388.87593,1085.530501,1474.4064309999999,741.1111111111112,0.5247201454272863,losing,False,135.29344525960533,False
pool1gavc60d7mz7vvhsh7grcrc8pmcy0zugrnxh3dklwx0sjsdva6sj,CHILD,340.0,0.05,10.0,10.0,107.825567,2.0,0,0.0,0.0,0.0,741.1111111111112,0.0,no_rewards,False,0.0,False
pool1gaztx97t53k47fr7282d70tje8323vvzx8pshgts30t9krw62tm,TW001,340.0,0.1,100.0,8655.681386,114453212.110808,34922.0,133,2962.574042,23539.178998,26501.75304,741.1111111111112,3.9974762185907045,comfortable,True,2719.4740075500877,True
pool1gclysx2h7fndj0jdajlmwvqr8q9tzu3rurjknacu0ff954fsg9a,1PCT0,340.0,0.01,50000.0,65347.845266,64812341.121356,1910.0,73,572.832688,20937.277622,21510.11031,741.1111111111112,0.7729376599700148,losing,False,310.74719626816693,False
pool1gcqq0gt4hmgvq942x0s57lf3f4mhtexuuzgjrsmtj0kmsmqz32z,,480.0,0.008,45000.0,11.0,11.0,1.0,0,0.0,0.0,0.0,741.1111111111112,0.0,no_rewards,False,0.0,False
pool1gctelcfktanxhqfjw88vjp9v0ayumd6lr3re38pjw3kvvc8tanq,IOGP,500.0,1.0,64000000.0,0.0,0.0,,0,0.0,0.0,0.0,741.1111111111112,0.0,no_rewards,False,0.0,False
pool1gd3nuzly536f20e4kpm4ctkgv0ywes37qms6g7cy2f0xxf56nh7,TKS,340.0,0.05,100.0,111.625658,111.625658,1.0,0,0.0,0.0,0.0,741.1111111111112,0.0,no_rewards,False,0.0,False
pool1gdgjzmp96kk0d0sj482655wqlq8jtc4t9xw8xzfwfx4tjyq73hw,LUNA9,340.0,0.02,250000.0,251861.355971,2901783.435176,29.0,1,294.863374,0.0,294.863374,741.1111111111112,0.3978666215892054,losing,False,98.09872710516589,False
pool1gduk8s5stt3uej5nl9vs7marx8jjyeadwz3505gzvuqey2lch35,TCATL,340.0,0.0,200.0,1961.80621,2514.018865,5.0,0,0.0,0.0,0.0,741.1111111111112,0.0,no_rewards,False,0.0,False
pool1gdyn4dggh5c9yn5cjve3dlljjkpwzdt2g4au8aszgwd6y97wde8,SYNK,340.0,0.99,100.0,20852.390502,41411.564629,6.0,0,0.0,0.0,0.0,741.1111111111112,0.0,no_rewards,False,0.0,False
pool1ge06eu8lvdj6jakxw8zuwj3yxtpmeek8j8rgwqfshj7vg390fj0,IOGP,500.0,1.0,64000000.0,0.0,0.0,,0,0.0,0.0,0.0,741.1111111111112,0.0,no_rewards,False,0.0,False
pool1ge9c0gw40pzkcuj0xx6kevxz0hvwce7ac207lw2dtd58y957f74,CSPMX,345.0,0.06,100.0,0.0,1336.641259,2.0,0,0.0,0.0,0.0,741.1111111111112,0.0,no_rewards,False,0.0,False
pool1gecx8vya3f8lyre2gn9w53547p0rhkmq0x78zrw956lkcvn8uyp,LQWD,250.0,1.0,10000000.0,16060088.804858,16075789.33348,5.0,11,3304.170696,0.0,3304.170696,741.1111111111112,4.458401238980509,comfortable,True,3304.170696,True
pool1gf8a46j6hvhad8e48hez4084x34snpua8k7t3kzy9w42q6w60z8,GRADA,170.0,0.0,30000.0,48813.994498,759198.116441,109.0,0,0.0,0.0,0.0,741.1111111111112,0.0,no_rewards,False,0.0,False
pool1gglca5t7h2tky6jrhp08sxsf3mecvh0xk6sc4v3mcpfzc8jwu2w,,340.0,0.009,10000.0,0.0,4.664004,1.0,0,0.0,0.0,0.0,741.1111111111112,0.0,no_rewards,False,0.0,False
pool1gha260s6hx855p49fc735w78p0kcp4hyxl8glymp5k5muk9jkgm,NSPYR,340.0,0.04,100000.0,100905.376265,762561.412281,302.0,0,0.0,0.0,0.0,741.1111111111112,0.0,no_rewards,False,0.0,False
pool1ghfmak7eu4t6f7ep8jkspt586l828z54xnxfw732yxlngtny0uh,NOBLE,340.0,0.008,50000.0,56174.79944,96440.397709,10.0,0,0.0,0.0,0.0,741.1111111111112,0.0,no_rewards,False,0.0,False
pool1ghsq6nqsdmxxep9jrfml0j6jk935uhq7d9l5a0ltllev7nk2fa0,,340.0,0.0,25000.0,1162.10863,1162.10863,7.0,0,0.0,0.0,0.0,741.1111111111112,0.0,no_rewards,False,0.0,False
pool1gjmerqh4wxl553enqeqgc6m3r3gt6yspdg29jy6nuypa6k2tpdt,NPY,340.0,0.13,0.0,0.0,2534.400511,21.0,0,0.0,0.0,0.0,741.1111111111112,0.0,no_rewards,False,0.0,False
pool1gk20vlqg7qq868avysckjcjtwyphtjurfwlgra45670ny6r4fww,GCN,340.0,0.05,0.0,0.0,35010227.622568,11.0,38,882.743953,10312.135113,11194.879066,741.1111111111112,1.1911087821589204,edge,True,630.9939533,False
pool1gl90juvqt674dhvr06f6vtth8uarhglx3q6cj3y3q0vdsy5ujsc,,340.0,0.015,10000.0,0.0,0.0,,0,0.0,0.0,0.0,741.1111111111112,0.0,no_rewards,False,0.0,False
pool1glll6eskvg5f4jcep5trqcgqa8zpekfv8d8a6jrprvcwum6u5jn,MZS,170.0,0.0,10000.0,12891.475307,118911.036565,7.0,0,0.0,0.0,0.0,741.1111111111112,0.0,no_rewards,False,0.0,False
pool1gm4mcrf8mytfetsj6ykulrmv4j70y7fhceawgdg2h09t5rtt7cf,ALTZ,170.0,0.02,500000.0,1069449.999383,1881731.757692,81.0,0,0.0,0.0,0.0,741.1111111111112,0.0,no_rewards,False,0.0,False
pool1gmwp956mrfn5hcs7rp7nasa7xpwmx84kkkclyx48xwuh5dltmpj,OBLUE,340.0,0.0,100.0,131.285137,2358.794577,4.0,0,0.0,0.0,0.0,741.1111111111112,0.0,no_rewards,False,0.0,False
pool1gn4vygcs9trs7pzzdcwv6djr69eq5ux8dmwy028zk5vhcpgn8ty,NEZHA,340.0,0.01,100.0,204.237406,204.237406,1.0,0,0.0,0.0,0.0,741.1111111111112,0.0,no_rewards,False,0.0,False
pool1gnnwyf9vwcgtm3us0w0duuy43r9k7yhnchvyx0xqv9766ysw2a9,A2A,170.0,0.0,0.0,19878.690965,4228746.558909,20.0,6,177.510131,1590.102343,1767.612474,741.1111111111112,0.23951891739130432,losing,False,82.95671242658507,False
pool1gntlh2yq89tpsd7kgaeuremj3s60rscqahyl52qzv0x87mt22rq,KOR,340.0,0.0,10000.0,14191.223855,2302208.050301,224.0,5,346.984429,1126.082615,1473.067044,741.1111111111112,0.46819488170914536,losing,False,83.61793632556716,False
pool1gp4kj3w0txgxjme254pgyj5ysw7muxsumuefzc7uep9673nsrvc,,345.0,0.02,176836.0,4.0,0.0,,0,0.0,0.0,0.0,741.1111111111112,0.0,no_rewards,False,0.0,False
pool1gpc08dtula7mpdzy3rnf9zfw8tp2n6c03ukj2kf5shqzca5ulw2,,340.0,0.025,250000.0,0.0,0.0,,0,0.0,0.0,0.0,741.1111111111112,0.0,no_rewards,False,0.0,False
pool1gplusrfxc087ep94rata3m02qpyqa6a6g4wezxf4fwwnczzyg3l,,170.0,0.0,15000.0,16343.792032,19915.568179,11.0,0,0.0,0.0,0.0,741.1111111111112,0.0,no_rewards,False,0.0,False
pool1gppqnqfguctp6gu0q8l5wjhye0ny28yzfx93hkr384cfsezru0f,CAPEX,340.0,0.0,150000.0,213434.397454,3051268.976284,1249.0,2,357.454465,232.074845,589.52931,741.1111111111112,0.4823223665667166,losing,False,110.99101033236832,False
pool1gprrm7gehg9wlupqsvyf59l52q8wgr3y46p656r66t7zy7j2z66,MILK,340.0,0.01,1111.0,10.689635,17.427226,2.0,0,0.0,0.0,0.0,741.1111111111112,0.0,no_rewards,False,0.0,False
pool1gpz25s2aasmqnh9tg8a2rxmyxuvmj5s779htxk295e9ajnzjflc,MUGGY,340.0,0.0,10000.0,71507.186863,503005.194405,133.0,0,0.0,0.0,0.0,741.1111111111112,0.0,no_rewards,False,0.0,False
pool1gpz97nhqges80ggnefeshg3n4grprrltdvzqr8sz5fvxg3lekqh,,340.0,0.001,5000.0,0.0,0.0,,0,0.0,0.0,0.0,741.1111111111112,0.0,no_rewards,False,0.0,False
pool1gq07hfmull6etsr23l36cvwgfkym6jqn4q2dz5vz4y446yat70t,MKM,340.0,1.0,0.0,0.0,1941746.450507,2.0,0,0.0,0.0,0.0,741.1111111111112,0.0,no_rewards,False,0.0,False
pool1gqf605yxhmyfasdjhf8yxcesztgzuek9gfuvy2dnyj5cyp8zga3,OLEUM,170.0,0.0,1.0,7.310247,264015.039887,61.0,0,0.0,0.0,0.0,741.1111111111112,0.0,no_rewards,False,0.0,False
pool1gqgyta9sku3crjzfl9kj7kxsgfkt98y98yeu09kx22zscrezuj7,FORTE,170.0,0.019,2000000.0,2026129.211247,30780207.192018,2159.0,25,775.902532,6642.771131,7418.6736630000005,741.1111111111112,1.0469449457271363,edge,True,688.7477355780107,False
pool1gqk5pzqmrc9c6030m5sj2s3560ymm5ymq3hqjmz6vfdmx4mw5gs,HIST,340.0,0.01,500.0,3623.030342,265526.718607,40.0,0,0.0,0.0,0.0,741.1111111111112,0.0,no_rewards,False,0.0,False
pool1gqmjahruyhxvec59g9wh0z67aqxa2k3n4al4lyafv08xk90zl2z,,340.0,0.015,11000.0,1100.522781,1100.522781,1.0,0,0.0,0.0,0.0,741.1111111111112,0.0,no_rewards,False,0.0,False
pool1gqp9e65nqy0q08dvqst6mk9fyc96sdels5drncsdz5d82dpw5gg,,340.0,0.0095,100.0,107.25608,107.26174,2.0,0,0.0,0.0,0.0,741.1111111111112,0.0,no_rewards,False,0.0,False
pool1gqvrgg7zycvf65ydkjeph72t0yx0f5ykzd9f477zh4f3smwk997,SAND,170.0,0.01,100000.0,652113.757969,2944714.871851,482.0,1,198.588771,96.12333,294.712101,741.1111111111112,0.26796086041979006,losing,False,125.36630450947735,False
pool1grgycym8cf0xmgjjr7gx7udmkpu93hqaygysy5myx6ghx8dvl5r,THOR,340.0,0.03,100000.0,101009.435003,14447304.663777,4085.0,10,435.895895,2508.684352,2944.5802470000003,741.1111111111112,0.5881653755622188,losing,False,180.54841038634189,False
pool1grhujlggx90ln0jcnrey4adckysxdx6rqfmx9s6fnhtc2g0qym0,,340.0,0.99,10000.0,0.0,104120.507816,389.0,0,0.0,0.0,0.0,741.1111111111112,0.0,no_rewards,False,0.0,False
pool1grnz2afeg7st9480vlzqc25gavvs4n34ndtktne8pnp8yutsmfv,ADAS,345.0,0.0,7098.754104,220.122395,824.076982,3.0,0,0.0,0.0,0.0,741.1111111111112,0.0,no_rewards,False,0.0,False
pool1grz62pdyyakffeymsjxpkz4x9382y3zhfa8zu28tk2fpqxm6p5l,KAWAN,340.0,0.0095,30000.0,31379.031822,399400.602304,902.0,0,0.0,0.0,0.0,741.1111111111112,0.0,no_rewards,False,0.0,False
pool1gseulah8qjuemuuh6wf2a2t2k2na7k8xrewdslcljprmcr2fqeq,,340.0,0.02,100.0,2.62293,10.277188,2.0,0,0.0,0.0,0.0,741.1111111111112,0.0,no_rewards,False,0.0,False
pool1gsfu7c2ac6rh45dn836myms9flp99y0erppqez80nwehk9c70eu,BZONE,340.0,0.04,500.0,500.647786,500.647786,1.0,0,0.0,0.0,0.0,741.1111111111112,0.0,no_rewards,False,0.0,False
pool1gslrt6mmljsqkzft6nd0q7w7g2fyhxpxx6sj4ff68x22kwx6unm,GOOF,170.0,0.0,50000.0,92414.241308,1002310.616413,173.0,1,181.493456,113.162711,294.656167,741.1111111111112,0.24489371874062968,losing,False,95.25256211948975,False
pool1gsrcrjm6ctkquef6m8jsyvplv0j357hupn92uklqdcm7729ytv6,YUMMI,340.0,0.01,1.0,16100.898719,495758.187588,1470.0,2,350.50459,238.698834,589.203424,741.1111111111112,0.472944724137931,losing,False,96.6749853510177,False
pool1gtphgrdj8sluxm9e7ca2spcwcq2p0dxj9zf5v0yv3gsagzq704n,ADAFR,170.0,0.015,3030000.0,4034096.211119,62848371.156389,5768.0,70,1788.604318,19071.518469,20860.122787,741.1111111111112,2.4134091247376306,comfortable,True,1700.9150730238002,True
pool1gu33fszp9ek0w9fkdt2xpnp4vznvvv2vhktc0dypa8fr53lc9pc,TESLA,170.0,0.01,200001.0,268774.634981,1673860.562352,171.0,0,0.0,0.0,0.0,741.1111111111112,0.0,no_rewards,False,0.0,False
pool1guzmpktw0h98ezwgekzcvw2wgmf58a3egcjaecx2yv8esrtv8tw,,340.0,0.02,10000.0,0.0,0.0,,0,0.0,0.0,0.0,741.1111111111112,0.0,no_rewards,False,0.0,False
pool1gvnkmpfu26vncrmhj6hr792kwu32hw553upadcphjwu4qewj7jz,GEN,340.0,0.0,100.0,51188.310871,61654.138895,7.0,0,0.0,0.0,0.0,741.1111111111112,0.0,no_rewards,False,0.0,False
pool1gvydgpt2nt6zchvt6fyc5h3w5g24nrrw54tskm0mkc6hqh4ye5n,AP050,345.0,0.02,50.0,496.831786,496.831786,1.0,0,0.0,0.0,0.0,741.1111111111112,0.0,no_rewards,False,0.0,False
pool1gw25vftc9nnqqgld043k2fsjsm76rkkcy2xjzqdm268cvlf698l,,170.0,0.0,0.0,343.557285,343.557285,1.0,0,0.0,0.0,0.0,741.1111111111112,0.0,no_rewards,False,0.0,False
pool1gwljutrkqx7km7ec2e8u93y0tvd8w07mgz2aaeqj75h9q7tntmq,,340.0,0.075,0.0,2.300524,220.566414,4.0,0,0.0,0.0,0.0,741.1111111111112,0.0,no_rewards,False,0.0,False
pool1gwnu7f7qgaruxph8gn3u28qphvquvnj63elyd3r0nndacj9g9pa,JAZZ2,340.0,0.05,50000.0,98144.423508,18618971.656877,132.0,20,645.467298,5247.711615,5893.178913,741.1111111111112,0.8709453796101948,losing,False,395.0443208208561,False
pool1gwyuzpvu9vhe2ge4qmg2qca8y0pzmzmwpu872vwzwse6shlespw,,340.0,0.01,200.0,0.0,0.0,,0,0.0,0.0,0.0,741.1111111111112,0.0,no_rewards,False,0.0,False
pool1gx6eawfvnhckevmlzhfz9j3uzj92j2wgww0mdd2fu5d4zd4wvaa,BSSP2,170.0,0.01,10000.0,553599.973344,957728.690197,171.0,2,414.09639,175.130246,589.226636,741.1111111111112,0.5587507511244377,losing,False,374.4104618805709,False
pool1gyrvar6gwyad7u2rsryeg49dgqtsp99k4903knwj5eq9qmu5jlj,YOOU,170.0,0.0,100000.0,102786.714233,486623.481238,12.0,0,0.0,0.0,0.0,741.1111111111112,0.0,no_rewards,False,0.0,False
pool1gztqypddgmycs0fjat62k5f2kt4zjck4l4f2ffrsmagj2w8zkq3,SGEN,340.0,0.01,100000.0,234442.63764,1938626.932338,8.0,0,0.0,0.0,0.0,741.1111111111112,0.0,no_rewards,False,0.0,False
pool1h04mh7qugt09hp8mhjpvfl4t0rutmz703dd003e6qeny5jf9c57,P2PFI,170.0,0.015,150000.0,178517.564636,1077162.046008,15.0,0,0.0,0.0,0.0,741.1111111111112,0.0,no_rewards,False,0.0,False
pool1h0524mtazrjnzqh5e4u060jsfk8lpsqqjfpa5gygjwuhqu34wvt,JAZZ,340.0,0.05,50000.0,98394.576182,19670948.802168,152.0,16,579.514661,4135.028581,4714.543242,741.1111111111112,0.7819538154422788,losing,False,329.0239174846779,False
pool1h08araxldht60j00vp8lzllmwyevjwqd5zwyprc62536gk4s5ge,,340.0,0.0275,125000.0,7.823411,18.737033,3.0,0,0.0,0.0,0.0,741.1111111111112,0.0,no_rewards,False,0.0,False
pool1h0jfkyfqt729vxhq8ndxffcqn2afjhzzlwqecrvsufgu5sag0sj,RAID3,340.0,0.01,50000.0,64523.30551,101530.8611,5.0,0,0.0,0.0,0.0,741.1111111111112,0.0,no_rewards,False,0.0,False
pool1h0prd5vcdv6uk7hglztdcqfp5czjqxdydxkxkdhg8rrk22mr4ym,SIGN,170.0,0.0,1000.0,1176.93255,555025.252348,47.0,0,0.0,0.0,0.0,741.1111111111112,0.0,no_rewards,False,0.0,False
pool1h26acqctjzuzk04uxc35mt5eavnlr5wyaqavmdqhd3s2zr8v7nm,BABYL,345.0,0.02,10.0,402.257168,1594.72739,5.0,0,0.0,0.0,0.0,741.1111111111112,0.0,no_rewards,False,0.0,False
pool1h2q3cyle9yrjv4g6qvwqyrm5vk9qj38gtqndvavpqf6lkgpqvj3,REACH,500.0,0.04,400.0,476.6529,659.281602,2.0,0,0.0,0.0,0.0,741.1111111111112,0.0,no_rewards,False,0.0,False
pool1h2vtxz36m93e2dw9mn4luh64372t794qsjcpgt3fqpnycc8qh3z,FRITZ,340.0,0.0,500000.0,371832.737543,445263.263332,16.0,0,0.0,0.0,0.0,741.1111111111112,0.0,no_rewards,False,0.0,False
pool1h3aejp7fln74mwaraqjn65ve3j5zwqr7wk0pasct87wpkv0aspm,BEAST,340.0,0.03,1000000.0,1009758.007639,3703857.562504,144.0,5,674.855342,802.388401,1477.243743,741.1111111111112,0.9105994119940028,losing,False,487.8831494364838,False
pool1h40kkf28nr3amhs6nsmqn75aderg6cutmygr47czu2dw2dxzvgm,,340.0,0.02,30000.0,30028.357174,728872.112736,48.0,0,0.0,0.0,0.0,741.1111111111112,0.0,no_rewards,False,0.0,False
pool1h40xjqda9wmw9cff5jss3ww9npujkhlvg6xjy9l5ujsu5rqlw28,CHG,170.0,0.005,27000.0,27201.067556,173221.169693,51.0,1,190.095738,104.532298,294.628036,741.1111111111112,0.25650099580209895,losing,False,110.41407552289402,False
pool1h4g295xugk46jdyxv4m55y9rp9kln0k5hy8fyk2kaef5u3gmt8y,,340.0,0.03,432.0,482.590245,495.282744,2.0,0,0.0,0.0,0.0,741.1111111111112,0.0,no_rewards,False,0.0,False
pool1h4gwh638485yd0xcw0pkrm935nvm4aecqsxjx2yzzz0u6dfj73q,SEBA,340.0,0.25,0.0,46.86241,1914397.08775,70.0,2,402.305615,186.898511,589.204126,741.1111111111112,0.5428411596701649,losing,False,203.56047187866955,False
pool1h4n266z2xz0v754qf8uu09cda7q68gpymt5dlf4zxcvlg3hq3r7,,340.0,0.01,0.0,25.098487,25.098487,1.0,0,0.0,0.0,0.0,741.1111111111112,0.0,no_rewards,False,0.0,False
pool1h5368szqrqvfy7txc5r2lyay0xx4fvp2w38mswplqknax8l9wl2,OSADA,340.0,0.015,500.0,152.577729,4845.998156,9.0,0,0.0,0.0,0.0,741.1111111111112,0.0,no_rewards,False,0.0,False
pool1h59405hmvnxz2kyjpll3f65lnqhm7we3u96cws9vzzxzzws9gjc,LBA,340.0,0.05,1000.0,19510.702974,6386577.807403,604.0,2,353.18357,236.022563,589.2061329999999,741.1111111111112,0.4765595397301348,losing,False,102.20263904762706,False
pool1h5a30zxga37fphw3tjkp8anu3xm69a28kytceppz2prysfzfcjv,FGMTP,170.0,0.1,2e-06,5.046709,48460538.714451,2.0,47,1537.631061,12308.666739,13846.2978,741.1111111111112,2.0747645500749625,comfortable,True,1452.1310707359462,True
pool1h5jtxde8j86qrnqzj32ugn480u7gw5xw8wqy5d227rl3vfg58qz,PEACE,340.0,0.024,51000.0,153741.17101,388295.26904,91.0,0,0.0,0.0,0.0,741.1111111111112,0.0,no_rewards,False,0.0,False
pool1h5kewwuh5jh6cuq52nwu5w7g8488qsp8ja7ahs8p2ln8ygde8xf,,340.0,0.01,8000.0,8247.425397,8247.425397,1.0,0,0.0,0.0,0.0,741.1111111111112,0.0,no_rewards,False,0.0,False
pool1h5spwddnynn6dt2z3qz9tvkju7sn6s8ptqetyfpltsppwalukyg,CNUS,345.0,0.14,352.472521,1096.672568,3056.710208,6.0,0,0.0,0.0,0.0,741.1111111111112,0.0,no_rewards,False,0.0,False
pool1h5tldkcwftpnnwj4ygtfd8ts6mxkcv0qyes9tum9hxx27zrjzpf,ZION,340.0,0.02,200.0,0.0,0.0,,0,0.0,0.0,0.0,741.1111111111112,0.0,no_rewards,False,0.0,False
pool1h5uycju7n5puxn2ckfkpza550rf6jk4twr6ef0hsmxft78ajt6q,IOGP,500.0,1.0,64000000.0,3.98148,5466.199163,2.0,0,0.0,0.0,0.0,741.1111111111112,0.0,no_rewards,False,0.0,False
pool1h5xdez7j0ncewgxs4m8fykjt9jzuy86t8e0m7m7m2l79w4jzzk2,GOOD,340.0,1.0,1.0,12.068846,203.250629,1.0,0,0.0,0.0,0.0,741.1111111111112,0.0,no_rewards,False,0.0,False
pool1h6l7mhtqqvkgq5hyvkrjrrwddulx7zc6mxlrsezsspymckuuext,Trump,340.0,0.01,1.0,463.832905,9216.689878,10.0,0,0.0,0.0,0.0,741.1111111111112,0.0,no_rewards,False,0.0,False
pool1h6q8jj55dn6727yydlypu0rz4sflf2enxhs0thqydmddgu3shl5,HAZEL,170.0,0.03,350000.0,433860.314052,4063447.923235,564.0,3,265.488697,619.416259,884.904956,741.1111111111112,0.3582306256371814,losing,False,183.17765027486354,False
pool1h7eevnu53zdfujqfzldw4jgdjh475u0glvtruwrnmdmycn6jdzs,,340.0,0.01,100.0,7789.314918,804690.623639,14.0,0,0.0,0.0,0.0,741.1111111111112,0.0,no_rewards,False,0.0,False
pool1h7nugww5y2q74435nadg6gggsj20nj5v3dq0w2gjwp3qvrpvgzh,DOGE,340.0,0.01,500.0,27.597982,27.597982,1.0,0,0.0,0.0,0.0,741.1111111111112,0.0,no_rewards,False,0.0,False
pool1h8625k6vszveym92qandxwjv3wmnekc548yzcepr5w88ys824pg,,568.8,1.0,1.0,77.848386,77.848386,1.0,0,0.0,0.0,0.0,741.1111111111112,0.0,no_rewards,False,0.0,False
pool1h8fnr4vlfcv9l4jlv9epalghy3zgjpye4wv85c4rafpvvfztsk7,JANUS,340.0,0.0,250000.0,313131.201333,663373.25517,12.0,0,0.0,0.0,0.0,741.1111111111112,0.0,no_rewards,False,0.0,False
pool1h92eaq3wksa7j3ecd8llyxva9kuyuz5ucm7a8hpwz8vhzj0wtsf,SSX,300.0,0.03,5000.0,20336.239496,20336.239496,1.0,0,0.0,0.0,0.0,741.1111111111112,0.0,no_rewards,False,0.0,False
pool1h9jr0f9evk3raxlljq6mt4gj7ej4v82afvnlc2wh28rwy2d8lsy,RUNIR,170.0,0.01618034,100.0,8347.059364,15803.741936,28.0,0,0.0,0.0,0.0,741.1111111111112,0.0,no_rewards,False,0.0,False
pool1ha4z9zne9z7he43qf0tzv9pdq8cdj63xfrj8s246u89lkcwmq7w,VADA,340.0,0.01,30000.0,9.16394,147332.877264,97.0,0,0.0,0.0,0.0,741.1111111111112,0.0,no_rewards,False,0.0,False
pool1ha70qvqwnmnwpa7e575y9tgyx47aw29rvkz73mnf42z5wet5dr3,IOGP,500.0,1.0,64000000.0,1.48148,1.48148,1.0,0,0.0,0.0,0.0,741.1111111111112,0.0,no_rewards,False,0.0,False
pool1haus36sw7cwyg8jdeg882mentse5txac7fmeew8ketuwky6q602,BD1,340.0,0.08,200.0,498.825396,316604.851258,25.0,1,294.602306,0.0,294.602306,741.1111111111112,0.39751435592203893,losing,False,92.88649846120492,False
pool1hc8y5s28zah72qsnnky93zxqcqcrvav7hz2l3sdj5gk5znztcty,SNIPE,170.0,0.01,100.0,271.865496,410870.143791,7.0,1,171.327644,123.274545,294.602189,741.1111111111112,0.23117673103448272,losing,False,77.33987569964766,False
pool1hcg8sa642l0xeygkzvpgn3sfj5s2yeuzpws7a0gypyy7grrjcje,,340.0,0.02,10000.0,10095.2,110580.78768,70.0,0,0.0,0.0,0.0,741.1111111111112,0.0,no_rewards,False,0.0,False
pool1hd5r62ktu43k53tskpr8xja8pyt5k6vws2fxylqm7hp5ye954ea,,340.0,0.02,100.0,119.032971,126.003727,2.0,0,0.0,0.0,0.0,741.1111111111112,0.0,no_rewards,False,0.0,False
pool1hdglvd3xn5m0glqx3l8cy73ajdlxzn7ztlvzwuythj95kwnmvwe,,345.0,0.0777,1618033.988749,0.0,1214.2165,2.0,0,0.0,0.0,0.0,741.1111111111112,0.0,no_rewards,False,0.0,False
pool1hdug72ukeepdxqxz0new8e3nhq5cykkn3prky9wgrz5tgyf4ty2,,340.0,0.025,10000.0,0.0,1567.639059,14.0,0,0.0,0.0,0.0,741.1111111111112,0.0,no_rewards,False,0.0,False
pool1heks0vmxkfka2amg9c8yn8qdsxvgmzelfx6jhpfkj8ht5mn0r2m,ADA,340.0,0.029,25000.0,25134.483718,3972859.618351,503.0,3,359.11401,524.77696,883.89097,741.1111111111112,0.48456163268365815,losing,False,103.426917876331,False
pool1helzgcd9sjm9xtyh9mw2wy06gekh6r52s6mx987q0p8lvklwura,,340.0,0.015,31500.0,32385.504205,1670635.395305,926.0,0,0.0,0.0,0.0,741.1111111111112,0.0,no_rewards,False,0.0,False
pool1her5uyhxcxeyxws60jrft4kkczc2uxyz3z2sq24582z9kvwsng0,AIVS,340.0,0.0,0.0,100.777362,316.914476,2.0,0,0.0,0.0,0.0,741.1111111111112,0.0,no_rewards,False,0.0,False
pool1hezakp5r240dy4fcsm7mfd3qqahcvyrhj8hl770yxmxxzdwvcre,HIT,340.0,0.9,500.0,55915.621182,3885809.97721,10.0,3,830.209678,53.598267,883.807945,741.1111111111112,1.1202229538230883,edge,True,804.0910004804894,True
pool1hfn7yuwfyhmmqe4qpaxfewuly7cnemc6kqkv5npytj9vcrskh6j,AMINT,340.0,0.025,50000.0,50097.556686,1206242.679552,226.0,0,0.0,0.0,0.0,741.1111111111112,0.0,no_rewards,False,0.0,False
pool1hfxjswx4wnpfmdad660hvzx4knjhf32uwgg6wgsnqp98x9zz927,IOGP,500.0,1.0,64000000.0,0.0,0.0,,0,0.0,0.0,0.0,741.1111111111112,0.0,no_rewards,False,0.0,False
pool1hfzfx33ffjcma9xautgrg4ka0u32s062mmu8gw6fmf2zxftmp66,AFICA,170.0,0.01,10000.0,12774.369581,72099.996504,47.0,0,0.0,0.0,0.0,741.1111111111112,0.0,no_rewards,False,0.0,False
pool1hg8vu74hyaj5qm66ys83c0gmr44j66g2k8s9sns4htw27whsqwf,FUJI,340.0,0.01,1000.0,1614.064977,2064.890349,2.0,0,0.0,0.0,0.0,741.1111111111112,0.0,no_rewards,False,0.0,False
pool1hg9yyezrm6dslw9q767n5tlu0qk2ccvd4k9946vv7ymgvsvnttf,,340.0,0.02,0.0,97.623898,97.623898,1.0,0,0.0,0.0,0.0,741.1111111111112,0.0,no_rewards,False,0.0,False
pool1hgksl8y3637f88zhet6g8j8seq2kzp6v2qt4ct2maxaxzt0pmmj,FMSP,340.0,0.02,500.0,529.503708,1099.622807,4.0,0,0.0,0.0,0.0,741.1111111111112,0.0,no_rewards,False,0.0,False
pool1hhlzudyzp80xch7r0vamq58hpdnspagutvgqwptsmr0tk2425vf,,340.0,0.04,900.0,497.619938,572.91521,2.0,0,0.0,0.0,0.0,741.1111111111112,0.0,no_rewards,False,0.0,False
pool1hht4pctn70tqdsd0zwuxv8d8cz6l5scjzaquty7vamyzy78eqvc,ACL,340.0,0.01,750000.0,776350.261547,16763108.50104,1131.0,18,618.003109,4698.243647,5316.2467560000005,741.1111111111112,0.8338872535232382,losing,False,367.72307920488157,False
pool1hjjj584gq0ynqf06g036a4a0stpm90asrdfskpasqjxf5948ygv,,340.0,0.01999,1000000.0,1273388.193512,3317663.59038,254.0,6,907.459115,865.018427,1772.477542,741.1111111111112,1.224457576461769,edge,True,747.4356856447333,True
pool1hjlkmtquuanfvvumfwsu395gdrmt36kda0x6wwwpz4kqctg5lyy,STARS,340.0,0.0,35000.0,0.0,59.742229,2.0,0,0.0,0.0,0.0,741.1111111111112,0.0,no_rewards,False,0.0,False
pool1hjpax8lf2hmct63xxrspe9zzmmywcrzw89yg3nacu0axzy0latu,GG63,340.0,0.02,9000.0,106616.02984,5478921.14072,4.0,6,395.779398,1371.894533,1767.6739309999998,741.1111111111112,0.5340351697151424,losing,False,141.13298151989156,False
pool1hjszxsd493fmr99g2d8evnqlrlurscu00n8jv9mz8qm42f7jvln,RAINF,340.0,0.0399,999.0,2005.908625,16188.245142,2.0,0,0.0,0.0,0.0,741.1111111111112,0.0,no_rewards,False,0.0,False
pool1hjz482dskv7vvc3wpmgwy2avx784c26xq8v5pc8dm0ne6shyfzr,SCENE,340.0,0.0,0.0,1.006318,1.006318,1.0,0,0.0,0.0,0.0,741.1111111111112,0.0,no_rewards,False,0.0,False
pool1hk58eyf4gtm54rx3nl7p236wtm2c68dmg2femcrqg9z6qeajcc9,,340.0,0.0,200000.0,0.0,0.0,,0,0.0,0.0,0.0,741.1111111111112,0.0,no_rewards,False,0.0,False
pool1hkklrx9ac7w57d79mnv76rxlgq4acg5ecwhyep7k3zn0u5cz2k9,AZUR3,340.0,0.02,500000.0,688234.773544,17530891.763195,2491.0,26,768.851051,6905.27894,7674.129991,741.1111111111112,1.0374302037481258,edge,True,519.3456962072573,False
pool1hkpgddlnya3pgktj3sxdraa8x8400vhaphcudvym9ye22esak43,ISP,350.0,0.1,50000.0,52278.020621,12431660.943277,155.0,9,588.90512,2063.024659,2651.929779,741.1111111111112,0.7946245997001499,losing,False,342.4459071237058,False
pool1hkr5zcthjvcn3ffncc4jqk5ctxxfrk37h7uddqnvxd4cu872nrt,PONTA,20000.0,0.9999,100.0,7968.050133,5831006.030672,20.0,13,3829.82853,0.0,3829.82853,741.1111111111112,5.167684673163417,strong,True,3829.4535602430556,True
pool1hkumvckq9l79akgge54ugnxa4n86s63j6jvhmvx5g7cgz7nc6cs,PMAN,170.0,0.0,0.0,858.955215,231074.445968,17.0,0,0.0,0.0,0.0,741.1111111111112,0.0,no_rewards,False,0.0,False
pool1hl9tn0qpujfss69h6jr3wepc0e7tuczchpfu7nu4ma006u5scfw,HISTK,340.0,0.0,400.0,0.0,6707.636362,2.0,0,0.0,0.0,0.0,741.1111111111112,0.0,no_rewards,False,0.0,False
pool1hlu9mdmcf0m9mqkq7apxsyalhd2nr07rqyhh8mgra3wzkva2d3p,LBP,170.0,0.0,100.0,3228.076234,256451.660667,6.0,0,0.0,0.0,0.0,741.1111111111112,0.0,no_rewards,False,0.0,False
pool1hm55kzfkyll747qqwe5wnlqlu75kt9hm36nj0eruhez7wqyd58p,,345.0,0.03,2576.822531,0.0,0.0,,0,0.0,0.0,0.0,741.1111111111112,0.0,no_rewards,False,0.0,False
pool1hmgufw0zuwtf5h4nudugkvu9qgk8zefrz70tv4ng4vhq5frzeuf,,340.0,0.02,50.0,0.0,0.0,,0,0.0,0.0,0.0,741.1111111111112,0.0,no_rewards,False,0.0,False
pool1hmmt5a9vyjtkz0tk6ywyyuhumt57hts5m89m9avgyyupveaejfr,AOTA,340.0,0.0,5.0,2328.045005,10995952.459556,28.0,9,340.489369,2310.929394,2651.4187629999997,741.1111111111112,0.45943093268365814,losing,False,75.54547515133879,False
pool1hmtm4mukp5gs7fgrp0k997lveh4psq9qpeqa6ldugq9nsfcdxmp,ADALY,340.0,0.03,30000.0,143389.611969,1253794.560377,24.0,0,0.0,0.0,0.0,741.1111111111112,0.0,no_rewards,False,0.0,False
pool1hn7hlwrschqykupwwrtdfkvt2u4uaxvsgxyh6z63703p2knj288,,340.0,0.02,100000.0,0.0,1938.863141,6.0,0,0.0,0.0,0.0,741.1111111111112,0.0,no_rewards,False,0.0,False
pool1hnaps49hfe3uljp4cleu4amhes6wvatufyvgt2tjdtj3xjrgknk,UPBIT,340.0,1.0,200000.0,35282160.896182,35282160.896182,1.0,31,9139.70875,0.0,9139.70875,741.1111111111112,12.332440592203897,strong,True,9139.70875,True
pool1hnmcevsa69k88nh4d6ud5qyykwmgzrg6crju79zsv2uu65mkgr8,TSUNA,170.0,0.0,100.0,102.258928,17166.449673,4.0,1,170.742243,123.859936,294.602179,741.1111111111112,0.23038683463268364,losing,False,76.30814954977699,False
pool1hnnfvsq3xlln6vz7d2xmk6kqekd5z4ctmfpdad8g8kr0yk8kdfd,AZDFM,170.0,0.02,1000.0,1659.019076,3095696.871015,493.0,3,184.651081,699.158324,883.809405,741.1111111111112,0.24915438215892052,losing,False,91.60096923390901,False
pool1hnp560z9e5acwux8tjguxq36j9r255zuf02u7z2d46dvcf5zhns,LCP,170.0,0.0,333333.333333,363598.37581,71484615.851283,1585.0,82,292.167425,23896.3001,24188.467525,741.1111111111112,0.39422890929535226,losing,False,197.65041257936366,False
pool1hntu7agmt8u5j9c20ejen7dvq0jfkvkpnul3mrdd8tppqvwfvt2,BLOOM,340.0,0.04,1000000.0,1000001.0,28430336.545386,3054.0,41,1209.295161,10915.074862,12124.370023,741.1111111111112,1.631732601049475,edge,True,963.8432448094732,True
pool1hnu6h6xsquej2sgu6hammqg0ag0d9xwpw8tccuha3dfhsfh0llj,AaRK,170.0,0.01,70.0,77.362774,77.362774,1.0,0,0.0,0.0,0.0,741.1111111111112,0.0,no_rewards,False,0.0,False
pool1hnukelq3ap6pj3wnetj448efj4nalngy756jln9zd2mjsp73etg,UPBIT,340.0,1.0,200000.0,31420788.412137,31420788.412137,1.0,31,9139.703827,0.0,9139.703827,741.1111111111112,12.33243394947526,strong,True,9139.703827,True
pool1hqlvn3qndgkne52uhe5347nlysmmec73ys9vduk96rs4jzjjyxm,ETO7,340.0,1.0,0.0,0.0,129.962041,4.0,0,0.0,0.0,0.0,741.1111111111112,0.0,no_rewards,False,0.0,False
pool1hqwxta8p0j8ffkyle5mf6yg80tucqzh8q9mszws60xe5ja06nwa,LUKE,170.0,0.0,150000.0,1648559.605961,3727572.092293,107.0,3,485.906761,398.392645,884.2994060000001,741.1111111111112,0.655646304197901,losing,False,432.9215309123955,False
pool1hr4t5a052rh773vml9pra5planumw2tjn9cg6nsrzq64jdz907s,,340.0,0.0,50000.0,67055.986343,88849.236744,6.0,0,0.0,0.0,0.0,741.1111111111112,0.0,no_rewards,False,0.0,False
pool1hsq2jrulgj97tna2femdhsfn2wurkkwt8uk9uvs42h9zs0a783p,JAZZ3,340.0,0.05,50000.0,97073.789555,23553930.880501,106.0,19,623.514582,4975.006003,5598.520585,741.1111111111112,0.8413240236881558,losing,False,372.8021274037115,False
pool1ht35ft8az9k9u7gnc2yut7usj96he5mqngthunyf2kmnsl2kmed,DRED📡,170.0,0.03,100000.0,104010.326649,661235.244997,12.0,0,0.0,0.0,0.0,741.1111111111112,0.0,no_rewards,False,0.0,False
pool1hut596zjmx2eunuwt8vjnh953ezgtvc3cwv3nat8cepsc2jeaxe,,340.0,0.015,10000.0,0.0,55.456744,2.0,0,0.0,0.0,0.0,741.1111111111112,0.0,no_rewards,False,0.0,False
pool1huxl069mddvz0n95zg95u6gyx7ycvy0f0z0rh8md9w6kyvur9h6,QTMPL,170.0,1.0,50.0,197.61919,197.61919,1.0,0,0.0,0.0,0.0,741.1111111111112,0.0,no_rewards,False,0.0,False
pool1huyzkfxwnttj7r4530hv7gc5v6mzk75vuzysc75aemu85mae9vd,TOSHZ,340.0,0.02,100000.0,124064.291184,338718.714687,17.0,0,0.0,0.0,0.0,741.1111111111112,0.0,no_rewards,False,0.0,False
pool1hv3yae6keeeu2y7eusejx4swd2myfkurldt7lasn2qu4xk20j8m,BLESS,300.0,0.0,40.0,350.110365,120088.809694,89.0,0,0.0,0.0,0.0,741.1111111111112,0.0,no_rewards,False,0.0,False
pool1hvevy8qu5lwg7ul66xmzvwv8zwdgdradsg9ncvrflm7dvy407e0,HAMDA,170.0,0.0,72000.0,73347.820229,221731.966287,68.0,0,0.0,0.0,0.0,741.1111111111112,0.0,no_rewards,False,0.0,False
pool1hw3cgyx7tvxh2fpd46k9sqgruu5pfnzt4nxuyv2w7nlmusutda2,THREE,333.0,0.03333,33333.0,33663.603868,2184854.237695,104.0,0,0.0,0.0,0.0,741.1111111111112,0.0,no_rewards,False,0.0,False
pool1hwlghkwnjsjk8370qt3dvp23d7urwm36f95fmxcz3np2kghknj9,PEGA,340.0,0.0,500.0,2429.550318,6428893.387275,350.0,8,340.762179,2016.00772,2356.769899,741.1111111111112,0.45979904212893546,losing,False,75.86230622437932,False
pool1hwnl625swgnlp5w7e8dqz0chlz3kl05tm2lawwy8xq2l5uz5h0y,,340.0,0.0,15100.0,500.0,500.0,1.0,0,0.0,0.0,0.0,741.1111111111112,0.0,no_rewards,False,0.0,False
pool1hx7rpmjen9gx9w3awzp34zw5wr54mdyf2ft03llqz2wdszavuk8,PIZZA,170.0,0.01,400000.0,427683.105459,538187.574084,4.0,1,269.368876,25.352607,294.721483,741.1111111111112,0.36346624947526235,losing,False,250.05786602950465,False
pool1hxdcr4u22lytge79hr5hds39e90jsdmhafphdgnn4hlqvl4qlt7,TRADE,340.0,0.01,1000.0,6884.23242,98869.532847,8.0,0,0.0,0.0,0.0,741.1111111111112,0.0,no_rewards,False,0.0,False
pool1hy08gpvzkutxkg3ccxwmkzqaun9cd0styl4dtpqp2yxq2rjxehj,,340.0,0.075,0.0,4.664573,452.300922,7.0,0,0.0,0.0,0.0,741.1111111111112,0.0,no_rewards,False,0.0,False
pool1hyqdlnuff3rnvg9lx70ccca2xqxcezzz4998tp6chhxnx2st257,FCS,340.0,0.05,0.0,0.0,35010268.892854,4.0,35,838.553641,9472.519187,10311.072828,741.1111111111112,1.1314816745127434,edge,True,586.8036414000001,False
pool1hzy8quep7xkajxx8lep59y2erqll3cr440zm90ctej4hchyfedg,,340.0,0.02,400.0,0.0,0.0,,0,0.0,0.0,0.0,741.1111111111112,0.0,no_rewards,False,0.0,False
pool1j045vdrzmj3hl36p50c6mhhpwtu2q7cmecnrqjuqq0khja02sr0,,340.0,0.005,100.0,110.780331,555.284695,5.0,0,0.0,0.0,0.0,741.1111111111112,0.0,no_rewards,False,0.0,False
pool1j099ctc7kcc9fa78dz5qwsy2g0n96lrgletwxvxmyzh4zd7ck0j,PRIDE,340.0,0.0199,10000.0,28802.707293,24836035.152515,1979.0,29,512.58016,8029.021792,8541.601951999999,741.1111111111112,0.6916373973013492,losing,False,253.10882402322972,False
pool1j0j39t2dfmkflfnvresds8vlfhwg75qwufa95u55nw376ky29r8,IOGP,500.0,1.0,64000000.0,0.0,0.0,,0,0.0,0.0,0.0,741.1111111111112,0.0,no_rewards,False,0.0,False
pool1j0ys5378p896epefs0q2ehx3h9rrd4gupd33adkza7g3q02f6np,NOUSE,170.0,0.0,0.0,2318.776412,2318.776412,1.0,0,0.0,0.0,0.0,741.1111111111112,0.0,no_rewards,False,0.0,False
pool1j276s043qh2knv3ukmap6sra6sk7p5khuetzwx9h43wqydzsx8c,UBE,340.0,0.05,0.0,0.0,70343169.557603,8.0,76,1442.487907,20947.270235,22389.758142,741.1111111111112,1.946385481709145,edge,True,1190.7379071,True
pool1j2g7nwksj60fszcz6pxsf2hyzny9ch673en08xjlx05jwxeh2uz,,345.0,0.01,21000.0,0.0,0.0,,0,0.0,0.0,0.0,741.1111111111112,0.0,no_rewards,False,0.0,False
pool1j2lzgkv7lpjd727tq5efty2aqemphw32vx02ldu3jnuxuyvwvyx,,340.0,0.01,1000.0,0.0,0.0,,0,0.0,0.0,0.0,741.1111111111112,0.0,no_rewards,False,0.0,False
pool1j3azwphh66wk6efre3ezjjw8mqljqmnxe5qr9tyfmjdq6eqe5fc,VTRA,345.0,0.0475,100.0,177.935758,177.935758,1.0,0,0.0,0.0,0.0,741.1111111111112,0.0,no_rewards,False,0.0,False
pool1j3kzujz0m07detlksr26sx7smft8xn280695zgu60zjhge9566f,TCSP1,290.0,1.0,2000.0,9370.411966,1795605.334228,3.0,3,883.813072,0.0,883.813072,741.1111111111112,1.1925513715142428,edge,True,883.813072,True
pool1j3t6mhgndeuzqkpcj6csyxfhsr2fkgwknk6e4tjeeqhnc52fjc9,7SEAS,340.0,0.1,100.0,197.625306,29992.172519,3.0,0,0.0,0.0,0.0,741.1111111111112,0.0,no_rewards,False,0.0,False
pool1j3umdcuxcewcxz98wm3sx5xqwgxx0v7z376xyjfq4jgejpvv8fz,MASTR,340.0,0.02,10000.0,10012.104023,2099412.961892,491.0,2,346.149328,243.077268,589.226596,741.1111111111112,0.4670680587706147,losing,False,87.68783248959696,False
pool1j4nkshfytq8tww99ttfwvrmv8n7yq2tvuw0xlphelzzw6vfghwq,TAPC,170.0,0.0,10350.0,14232.774199,49447.5385,9.0,0,0.0,0.0,0.0,741.1111111111112,0.0,no_rewards,False,0.0,False
pool1j4vmgapf520ul8tvwz95xsmne4alpymxpmcnf0zu5v4vz2pej34,FGMTL,170.0,0.1,2e-06,4.840598,4.840598,1.0,0,0.0,0.0,0.0,741.1111111111112,0.0,no_rewards,False,0.0,False
pool1j55hm5wkgcegrpn25nnfl0rgjdje26fhw9uxmgxf8dez2uups3y,UNITE,340.0,0.04,10000.0,0.0,22.931848,5.0,0,0.0,0.0,0.0,741.1111111111112,0.0,no_rewards,False,0.0,False
pool1j5kx7rp08axydqevxhmujs5vthfv5kjzq2h40edpychlxg5twqw,,340.0,0.01,450.0,4.945136,481.788826,6.0,0,0.0,0.0,0.0,741.1111111111112,0.0,no_rewards,False,0.0,False
pool1j5tw5wwfvk2zllqycg0cunu8emtd5g9tgymp0uayc6nzujunrhq,,340.0,0.0,100.0,1.0,165.62832,2.0,0,0.0,0.0,0.0,741.1111111111112,0.0,no_rewards,False,0.0,False
pool1j5ukjmhn96jslmcd6k3ymj3vnjf3wpjn9sarhk7m7vtkv7ll2w3,REDH,340.0,0.0,15000.0,629.160235,12939.9435,91.0,0,0.0,0.0,0.0,741.1111111111112,0.0,no_rewards,False,0.0,False
pool1j6490a90qefvsqxdurf99z9ld50rtthaz9ms6c8xh78s52veuq2,CETH,340.0,0.01,25000.0,26693.484452,3720799.85909,2677.0,0,0.0,0.0,0.0,741.1111111111112,0.0,no_rewards,False,0.0,False
pool1j6dh3ynys827j38976q0q3s3c9hpzgx40kjcq4472h6m7d3t0hm,KIND,340.0,0.03,100000.0,207838.082216,3010745.975985,478.0,1,294.712411,0.0,294.712411,741.1111111111112,0.3976629233883058,losing,False,96.30356270088085,False
pool1j6jnnxsngexalq60tqnvn2muge7vevd5ukc0unacr4432t4lr28,UPBIT,340.0,1.0,200000.0,29343618.371785,29347090.144539,3.0,37,10908.674968,0.0,10908.674968,741.1111111111112,14.71935153103448,strong,True,10908.674968,True
pool1j6xfryctrxm4aplw3vnrtgfsvqdr35exenxqse5kzxmfue7qqmr,,340.0,0.03,0.0,68871.770683,61435908.310891,2.0,55,833.143038,15369.971408,16203.114446,741.1111111111112,1.1241810107946026,edge,True,576.381200384787,False
pool1j6zqawj6f58lp4p00t26eqe58gxx4pa3cudlzpkv23y92nlxjzd,GURU,813.0,0.0,0.0,18089.638344,5563358.306782,684.0,8,818.019824,1538.796461,2356.816285,741.1111111111112,1.1037748749625185,edge,True,82.41948101972521,False
pool1j742gcsul7u8c05rsqmkgpkvj5qadj0pew69nctu6crqy9wjjn4,BONE,340.0,0.01,62000.0,141744.891204,1757064.133172,341.0,0,0.0,0.0,0.0,741.1111111111112,0.0,no_rewards,False,0.0,False
pool1j7cypyjzhcfuy0gsuc2vtd48cpsc0utmqkq09fjlp5dgsjrs7pg,SHINE,345.0,0.03,5.0,7.423505,4095.098478,6.0,0,0.0,0.0,0.0,741.1111111111112,0.0,no_rewards,False,0.0,False
pool1j8355yxxpfuhqyda4lrj8c9cdghaang3wvwge8jq8nlxurvfqv7,LvLUp,170.0,0.0,20000.0,24343.898422,733595.406412,30.0,1,174.135576,120.488665,294.624241,741.1111111111112,0.23496554482758616,losing,False,82.2880911837528,False
pool1j8grqucdwwcr0cwzxrtw30vqcptg0jdlrmauq5w7ytvqx6nf5np,VINCI,170.0,0.01,250000.0,330783.722144,3312804.44488,87.0,0,0.0,0.0,0.0,741.1111111111112,0.0,no_rewards,False,0.0,False
pool1j8r3q09v0tx48f78u4kxldmakryd384uk6cg9rrlzjhtu93027r,LIA,340.0,0.0,1000.0,0.0,4.581261,2.0,0,0.0,0.0,0.0,741.1111111111112,0.0,no_rewards,False,0.0,False
pool1j9qrcwg28mgsu38p5jkrwpthff5pmm5wdpprghg2xrvfyfcm5ls,OSCAR,340.0,0.005,15000.0,1.715741,336.747257,4.0,0,0.0,0.0,0.0,741.1111111111112,0.0,no_rewards,False,0.0,False
pool1jakl9kqhx87ywc7fcxweaxvna9khxhzyh6v8j70u6zpaxa45ghh,THNDR,170.0,1.0,100.0,545522.71544,63843520.964882,3.0,0,0.0,0.0,0.0,741.1111111111112,0.0,no_rewards,False,0.0,False
pool1jas6p8hw9e2nz049g3xfn2me9yzknka4w84vzrxg0c2ej63stlm,AME,170.0,0.01,1000.0,1306.340739,1306.340739,1.0,0,0.0,0.0,0.0,741.1111111111112,0.0,no_rewards,False,0.0,False
pool1jayej3rwf5ynfmmu7583x3w2j73dcedtflgnazdezfn3kl6062x,TAX,340.0,0.9999,750.0,9776.687018,1786998.390777,19.0,2,589.181084,0.024777,589.205861,741.1111111111112,0.7949969649175412,losing,False,589.1547217364682,False
pool1jc24u7v5xsaw9dw6s0vftjat8ssc8ru4c0uhrj8zpm3usnrp03t,HALO,340.0,0.0,3000.0,3002.007384,47483.656226,10.0,0,0.0,0.0,0.0,741.1111111111112,0.0,no_rewards,False,0.0,False
pool1jcetszf3sh39hc8nezj5pzj3ukg4fhfjwdqkmwg8ern8u3c4y7v,,170.0,0.06,100.0,1987.630615,21436197.740364,3.0,24,584.628602,6485.824073,7070.4526749999995,741.1111111111112,0.7888541856071963,losing,False,495.3368821263239,False
pool1jcpwtg5ce6xr42v37nk3xahmduwrs87mvd6pkm92v7tj2ux8v5j,,340.0,0.03,0.0,0.0,1.957114,1.0,0,0.0,0.0,0.0,741.1111111111112,0.0,no_rewards,False,0.0,False
pool1jdhjfcu34lq88rypdtslzwyf27uh0h3apcr9mjd68zhc69r29fy,NUFI5,340.0,0.03,1000.0,1002.830907,18038660.745769,3192.0,18,489.153364,4813.702995,5302.856358999999,741.1111111111112,0.6600270278860569,losing,False,232.11760616980757,False
pool1je2n5smmnyn3lh92xrp8nepjyfp596ypga6pmdecwtcrcj9uvec,YOADA,170.0,0.015,150000.0,156971.375168,1570590.888773,280.0,2,217.59177,371.922167,589.5139369999999,741.1111111111112,0.29360208845577207,losing,False,133.36902850371462,False
pool1je5j68dcgm0hynv4fd2t2xsplmad40adneu68vp3h4nlcdaznwc,GALGD,170.0,1.0,50.0,57.602998,57.602998,1.0,0,0.0,0.0,0.0,741.1111111111112,0.0,no_rewards,False,0.0,False
pool1je8qh9d4nawl9zstsg3vyan3r64lyw9dzruw0ulxvpumxa66l6g,ATHC,340.0,0.03,0.0,8.323139,653.148109,2.0,0,0.0,0.0,0.0,741.1111111111112,0.0,no_rewards,False,0.0,False
pool1jepxzmqljthtfvcx9dhcp7rysg9n40z6jxr9cw7963h0qv8mz60,JUNC,340.0,0.02,100.0,105.624954,568.150653,2.0,0,0.0,0.0,0.0,741.1111111111112,0.0,no_rewards,False,0.0,False
pool1jeu6mkn43sc8y0yf5jwtfy6g5yc7lmyt3psm2tlue7pfg8deygg,,340.0,0.001,5000.0,0.0,635.69045,1.0,0,0.0,0.0,0.0,741.1111111111112,0.0,no_rewards,False,0.0,False
pool1jeu74g86ys4fekhykqcww99kdsq3nlym8a6kfw8s8ff3vskad70,KAIZN,340.0,0.025,5000.0,6020.435538,23428519.528389,2833.0,19,472.755952,5124.789629,5597.545581,741.1111111111112,0.637901584407796,losing,False,214.44729188915792,False
pool1jexc6dwezcp7ph8mceyfrm50l6aqu5pu494lvfau309422t9c6z,,340.0,1.0,0.0,0.0,0.0,,0,0.0,0.0,0.0,741.1111111111112,0.0,no_rewards,False,0.0,False
pool1jezf7dcx26edfpxmpuh05yen64a9cj44xm2ggsapcxrtqewfek2,CURRY,340.0,0.0274,1000000.0,1020175.653316,1373764.565307,37.0,1,294.926856,0.0,294.926856,741.1111111111112,0.3979522794602698,losing,False,239.87159083822917,False
pool1jf32ru0d9mcre5pp7yundjdfcz8qlhmw4f5cftgh8vkqy8scj09,DXB,170.0,0.0,1000.0,1356.141268,23941.298381,36.0,0,0.0,0.0,0.0,741.1111111111112,0.0,no_rewards,False,0.0,False
pool1jg3fmnmc9n52sgzslhhvhye5e3xeqmrwkekdhh82sma47r47zg0,NUFI3,340.0,0.03,1000.0,1002.830473,11491669.044581,2436.0,10,418.401561,2527.463775,2945.8653360000003,741.1111111111112,0.5645598274362819,losing,False,161.36897277856468,False
pool1jgwu8lq3dqddnnx7prymcgcyrqy0fdlghg33he2hmw9t2gma3zd,KIWI,340.0,0.02,175369.0,175632.747113,1950655.179599,620.0,1,294.78443,0.0,294.78443,741.1111111111112,0.39776010044977506,losing,False,98.7888221199234,False
pool1jh4caf4afnjdgne8m95addh93e7zf6zlnx0pk5flcvylsps7nsp,,340.0,0.0,1.0,999.825743,999.825743,1.0,0,0.0,0.0,0.0,741.1111111111112,0.0,no_rewards,False,0.0,False
pool1jh5p5627hzqxdzjutfenz83qs7p2qtha4kvst3hs0829sdc0ksm,PAO,170.0,0.03,500.0,517.425,29490.648646,4.0,0,0.0,0.0,0.0,741.1111111111112,0.0,no_rewards,False,0.0,False
pool1jhca0ycgclhc3ae860llt8fwtgvkw4p44m0khs2df5xawk4kx8t,BTPUL,340.0,0.0,0.0,5.15315,5828.192999,2.0,0,0.0,0.0,0.0,741.1111111111112,0.0,no_rewards,False,0.0,False
pool1jhzf2mm6zdlhl6w89uhgx8nq8p6ykcc86qq58vjy0ejyxrrksfj,LOVE,340.0,0.03,10.0,571685.039259,22720377.945307,674.0,28,770.29665,7478.561598,8248.858248,741.1111111111112,1.0393807871064467,edge,True,519.7144666124716,False
pool1jj2hvts3ryffy5txm7w0am3zt7s7sehdf8rrwfesjmr7shv0mgl,FIDA,340.0,0.01,100000.0,123860.384413,5764734.135159,364.0,5,375.447925,1097.899109,1473.347034,741.1111111111112,0.5066013980509745,losing,False,118.72773939770025,False
pool1jjry6f6q0swaq457ft9eclaxaskvrxnpj0v3w8edsyfryml3vj6,STACK,340.0,0.02,50000.0,95614.89872,10656608.531255,1221.0,15,457.47169,3962.410235,4419.881925,741.1111111111112,0.6172781424287855,losing,False,200.10179464507917,False
pool1jk25l2pejpdzq8vdjlxrr05th49v9tgd78fqrtxvuw3rumpfc6t,GROW,340.0,0.049,555.0,998.705034,11580326.448598,2795.0,13,511.288149,3318.545749,3829.833898,741.1111111111112,0.6898940541229384,losing,False,259.29481630251104,False
pool1jk9na2mu29wwap6pprs0c98j3rvh4jva95f5m3hxnwq86tk9c0l,富士山,340.0,0.01,1000.0,2706.222775,4071.545199,4.0,0,0.0,0.0,0.0,741.1111111111112,0.0,no_rewards,False,0.0,False
pool1jkltjlyk484wpdrhe20sjmgqgxhw0zx8lx6tml4wkprt5z28tvw,ETO19,340.0,1.0,0.0,0.0,0.0,,0,0.0,0.0,0.0,741.1111111111112,0.0,no_rewards,False,0.0,False
pool1jkxwcqkaaacvd77rf9lrj3qsgvtktqh7cglu3awsy34h5eava4d,JITSU,170.0,0.0,5000.0,27066.329557,763699.579096,5.0,1,174.416231,120.191509,294.60774000000004,741.1111111111112,0.2353442397301349,losing,False,82.7831330889876,False
pool1jldj0znj8rltkuj4sumqq5z6p8sdt3yk4qde90q42daru5kgfl6,UPBIT,340.0,1.0,200000.0,35294462.865669,35294462.865669,1.0,31,9139.708763,0.0,9139.708763,741.1111111111112,12.332440609745127,strong,True,9139.708763,True
pool1jldq2rf7y2ukm2t8ds8d9upzgdgv07jhkckl0mvedwhxx5nkugt,DEEZY,340.0,0.035,10000.0,10007.470353,593837.124581,104.0,2,352.775948,236.450568,589.2265160000001,741.1111111111112,0.47600952503748123,losing,False,101.36047845734089,False
pool1jm8s3r3xq4kpawavy096rqle964exle3lxwnpvx62wjnwadwd5l,NARU,340.0,0.01,100000.0,100664.15509,164310.578165,56.0,0,0.0,0.0,0.0,741.1111111111112,0.0,no_rewards,False,0.0,False
pool1jmw0strgchxurvgamymrexjn2lypxslexaz0q7la3078vnple57,ADAC0,340.0,0.03,10000.0,11350.940266,17087.143254,4.0,0,0.0,0.0,0.0,741.1111111111112,0.0,no_rewards,False,0.0,False
pool1jmx55w5ydjkn4xd58gmr9xgt5t46ngs48aek779t92e7zcqfw97,AAATO,340.0,0.01,20000.0,111529.947979,1469610.127223,410.0,0,0.0,0.0,0.0,741.1111111111112,0.0,no_rewards,False,0.0,False
pool1jnesrcc408t0zd3zadkx2fs65ugppkvftcleld0tc0j2v7zsvej,,340.0,1.0,10.0,2.450653,0.0,,0,0.0,0.0,0.0,741.1111111111112,0.0,no_rewards,False,0.0,False
pool1jp3wtdhgpeu6qf53upw5rupaqwtl7pzvcuuyyn0f8u3xgx5755y,MARTE,340.0,0.01,25000.0,0.0,0.065868,1.0,0,0.0,0.0,0.0,741.1111111111112,0.0,no_rewards,False,0.0,False
pool1jp67hct7n86tdkr7qxrfh3q0xl973rl6986aawxkrqz6wq4ymc9,69DN,170.0,0.0,1069.0,13.476533,160228.501797,78.0,0,0.0,0.0,0.0,741.1111111111112,0.0,no_rewards,False,0.0,False
pool1jp9plcy9uqq0y832sj90r40sed03ft9pjczwy4zgy25hx9cj79e,,170.0,0.01,100.0,0.0,0.0,,0,0.0,0.0,0.0,741.1111111111112,0.0,no_rewards,False,0.0,False
pool1jpezycd8q3l6a255dv8wt7vpt4aay8llqakdn7vkum5swes4hu3,BOLT,340.0,0.05,5000.0,8909.684654,150659.924043,134.0,0,0.0,0.0,0.0,741.1111111111112,0.0,no_rewards,False,0.0,False
pool1jphnr6n8v7hg4rhsmel2s6yunjalthar07vv7rwvgsky5q8k49h,BCHEF,340.0,0.01,500.0,502.429929,812.165326,2.0,0,0.0,0.0,0.0,741.1111111111112,0.0,no_rewards,False,0.0,False
pool1jpz5m45ff4r6tnq7n5tw63fkhpmw3cyv8sn569w24x8lj3kl68c,ADP,170.0,0.01,10000.0,11853.701975,3844314.578485,341.0,4,183.162946,995.290685,1178.453631,741.1111111111112,0.24714640389805095,losing,False,89.40294181269373,False
pool1jq3s8emkm332n7vd3n57amjzspvt3hygh4wqsyp33psugvw7zc0,OWL,340.0,0.01,500.0,502.300231,502.300231,1.0,0,0.0,0.0,0.0,741.1111111111112,0.0,no_rewards,False,0.0,False
pool1jq7083uth03spzhg5ag6gfgg24ux6fjuhng8vj2wdz8jkukqvcl,,345.0,0.075,400.0,406.436573,22653.96907,4.0,0,0.0,0.0,0.0,741.1111111111112,0.0,no_rewards,False,0.0,False
pool1jq7r3evstu2c040vlry8tgvpwf0mfvft86cxecwjpwcuvvqfu2r,CCV3,340.0,0.03,500.0,503.091338,29717226.999157,4415.0,27,568.553184,7370.854203,7939.407387,741.1111111111112,0.767163216791604,losing,False,311.0613662229198,False
pool1jqdvgk0csfnwftkzn6vyz7fq8s3606uu6k7wa9xrn0jpzg4r304,,340.0,0.0,25000.0,1.0,4780.56692,8.0,0,0.0,0.0,0.0,741.1111111111112,0.0,no_rewards,False,0.0,False
pool1jqfk2y5wked4sjpx9sqxn6dmut8hq2n9qlreymqtpxuc5l38fl0,,340.0,0.02,1000.0,0.0,1327.56167,2.0,0,0.0,0.0,0.0,741.1111111111112,0.0,no_rewards,False,0.0,False
pool1jql92je87mrx5gpjhmwr6a8a766cktcf5p0p8wd0wxq87nu80yf,DIGI5,170.0,0.04,215000.0,215031.175261,2596980.684869,957.0,4,290.600874,888.708689,1179.309563,741.1111111111112,0.3921151223388305,losing,False,206.95222053908654,False
pool1jqnywskl2n92fx65thtew8zlj3vqfrqxz7zyj70tt7d3qmn0m9t,BNP,345.0,0.06,2.0,19112.350917,64425.701712,8.0,0,0.0,0.0,0.0,741.1111111111112,0.0,no_rewards,False,0.0,False
pool1jqw9cv37w0eewvdr36w2kacd2w9wh5uwm2y3vmc0fmdfc0ax26l,LIX,170.0,0.02,80000.0,81388.0,537340.093135,288.0,0,0.0,0.0,0.0,741.1111111111112,0.0,no_rewards,False,0.0,False
pool1jqxp8hn0ywdrg3clzha9c2u7qh3zsh68u55wh50vdmecupc5rxs,,340.0,0.01,2000.0,50.0,1729.297269,3.0,0,0.0,0.0,0.0,741.1111111111112,0.0,no_rewards,False,0.0,False
pool1jrsmda62uar63wrndmdg3jupdtmmtsxmnqt66r3mm33wj2fd2yh,,340.0,1.0,500.0,509.766415,509.766415,1.0,0,0.0,0.0,0.0,741.1111111111112,0.0,no_rewards,False,0.0,False
pool1jrst9acplgqk95469zu68xv5xj802lqxe682jjsd39z26ddj8ur,8888,340.0,0.0088,8000.0,3.994995,7.952568,2.0,0,0.0,0.0,0.0,741.1111111111112,0.0,no_rewards,False,0.0,False
pool1js3l2kgut64prz0q0a8px7qtyduclfm3h2kuvrl5gfzmy0waxyt,Gunda,340.0,0.0,50000.0,0.0,1.293033,1.0,0,0.0,0.0,0.0,741.1111111111112,0.0,no_rewards,False,0.0,False
pool1js570lkcs6t3pwsj3eda0zz43mc5gm922ae5rdxcfn84gu5uyrg,ASSET,340.0,0.02,150000.0,193389.110198,1604442.824069,25.0,0,0.0,0.0,0.0,741.1111111111112,0.0,no_rewards,False,0.0,False
pool1js763t3yw63ffsxqpume8974z03hdlm4nddnezhfla6dskln37v,MYC,340.0,0.01,14000.0,0.0,0.0,,0,0.0,0.0,0.0,741.1111111111112,0.0,no_rewards,False,0.0,False
pool1jsala5rdc0hjewcvu9dujcz8jpfxp7hadqr3r3hzs63skhhtpqs,BNP,345.0,0.06,2.0,44227.399495,45246.469228,12.0,0,0.0,0.0,0.0,741.1111111111112,0.0,no_rewards,False,0.0,False
pool1jslaut45plz6ek7grjyzxz6kzgerr7p5204h9sprh3msw6d8yht,,340.0,0.01,60000.0,92194.968012,1034119.934878,363.0,0,0.0,0.0,0.0,741.1111111111112,0.0,no_rewards,False,0.0,False
pool1jssdknzgsg4fm3v70uvhrtfjtakwpr5q6x0dwc0fcff8wtd05f6,ASAP,340.0,0.01,14500.0,0.0,0.0,,0,0.0,0.0,0.0,741.1111111111112,0.0,no_rewards,False,0.0,False
pool1jst7rrhucnp93hepezv5yqy6fx982xs2v0udwfc5ea6my3kfak7,ESTK,400.0,0.04,1000.0,1496.390498,33960279.138229,20368.0,32,761.473981,8663.065249,9424.539229999998,741.1111111111112,1.027476136281859,edge,True,449.3770588584684,False
pool1jsxk3ymqv2gdc6mhqk52544g2aun4zhq5wgx6n32l5s3jlne70n,AKYO,170.0,0.02,1000.0,7346.609902,2350782.209124,46.0,1,172.873683,121.729512,294.603195,741.1111111111112,0.23326284062968514,losing,False,80.0646367230473,False
pool1jt7d6ak3m8gnjyxtuxfswe258xzwda80ndl0a57vv5m2zv8h6at,CARDs,340.0,0.029,1000.0,1469.696915,12281033.221948,10449.0,1,294.60322,0.0,294.60322,741.1111111111112,0.39751558920539726,losing,False,81.3940116254294,False
pool1ju00mkurj9t920staddyd3ln9r98kktx38jrer0zp82eg8x36jf,,340.0,0.02,5.0,114.848902,114.848902,1.0,0,0.0,0.0,0.0,741.1111111111112,0.0,no_rewards,False,0.0,False
pool1ju8f57hyvaa32tp85r468kuedvmjmcy56f8u9968drea57p50l5,AICHI,340.0,0.005,100000.0,143984.045261,73499777.664489,2267.0,80,501.48001,23075.784781,23577.264790999998,741.1111111111112,0.6766596836581709,losing,False,238.32141357168052,False
pool1jufp9k6gmyusvch65ra8yk2s7wu6cx5fsgnltl83p93ejg6h3xg,FUND,495.0,0.0,500000.0,668044.341601,13722495.532736,815.0,17,715.172697,4301.053639,5016.226336,741.1111111111112,0.965000640629685,losing,False,315.5508740345346,False
pool1jv4yvr5edp7qp690hk3qfudwmw28n2wygjxyhaecqkzeqh0wlem,WEED,170.0,0.042,420.0,1758.51381,1366023.186249,499.0,0,0.0,0.0,0.0,741.1111111111112,0.0,no_rewards,False,0.0,False
pool1jv9pf6w2fmjqpaekyt74tjkmjxhma8wsqs8ur3dte45tqdxe3t0,ICP1,340.0,0.03,0.0,63.626322,104290.789486,5.0,0,0.0,0.0,0.0,741.1111111111112,0.0,no_rewards,False,0.0,False
pool1jvknf3dwtnqln5hcjrh5m7s979revuj5dlxr0337nwmm6p7250q,SQQQ,170.0,1.0,100.0,8944.134387,7267343.917563,7.0,5,1473.010974,0.0,1473.010974,741.1111111111112,1.987571029385307,edge,True,1473.010974,True
pool1jwgt6tydz6f4kw7la2hxxqwzq0m8spj3reyju08nm07xjnlg3d0,,340.0,0.075,0.0,2.260736,381.025852,5.0,0,0.0,0.0,0.0,741.1111111111112,0.0,no_rewards,False,0.0,False
pool1jwpt6qmmkvfusvwan4f9pfhn7pljsm33lcqf7ftya3mtc0fs2nz,,340.0,0.01,100.0,144.698748,144.698748,2.0,0,0.0,0.0,0.0,741.1111111111112,0.0,no_rewards,False,0.0,False
pool1jx4ss2zjage3cw0wht3450328y82yeprmq4fr3e2qtac2rhezkv,ZZZ5,340.0,0.05,50000.0,55984.034749,19891399.621867,303.0,16,570.423647,4144.119546,4714.5431929999995,741.1111111111112,0.7696870799100448,losing,False,319.3821856743285,False
pool1jxv3my3c70e8pfr0cgm6esatehey2ml3v0qk8x236aw32eu0fcy,COINZ,250.0,0.01,100000.0,235436.543232,882589.369026,238.0,0,0.0,0.0,0.0,741.1111111111112,0.0,no_rewards,False,0.0,False
pool1jyn6ynmz6qcpr48et0rkdk9j4vuyn6d0qdlsahc0jls8jrs708g,,345.0,0.01,1000.0,1377.437325,11536.676262,3.0,0,0.0,0.0,0.0,741.1111111111112,0.0,no_rewards,False,0.0,False
pool1jyutduy73e5u9877uns3k9rm0tf4r24j8lrn4xtkjpl3q5sn5mw,KOALA,170.0,0.03,500.0,699.789655,2386035.709371,453.0,1,173.773527,120.828893,294.60242,741.1111111111112,0.2344770229385307,losing,False,81.65054661750597,False
pool1jz4vmzq5zkedem6wep8c99fxatxgvymlvdzs9qxxn7xsuv4m8um,,340.0,0.01,100.0,6.001245,6.001245,1.0,0,0.0,0.0,0.0,741.1111111111112,0.0,no_rewards,False,0.0,False
pool1jz5ljsnj4fzmk84j0wcw9ldy866dn07nzqg2ktyuyjvfvr3jgtq,DIGI4,340.0,0.04,215000.0,215031.763262,30976015.771724,1262.0,36,819.449467,9795.009217,10614.458684000001,741.1111111111112,1.105703928485757,edge,True,566.8154516181803,False
pool1jzk8rwf2fs5l02dmm6pm5tnw9stmd8jpmvsy54085vu2u2656re,ETO11,340.0,1.0,0.0,0.0,50000242.227199,4.0,52,15319.308205,0.0,15319.308205,741.1111111111112,20.6707307113943,strong,True,15319.308205,True
pool1k0d5szkmzsw6035ytsm8dv75d4ewu5gkm7c7dhsjug9uvkaunz3,,345.0,0.15,100.0,96.634341,96.634341,1.0,0,0.0,0.0,0.0,741.1111111111112,0.0,no_rewards,False,0.0,False
pool1k0h45kcsfynjfyplgn6qpaw40n3cvlcrdryez04x40ayq6w9dgh,,345.0,0.2,100.0,7.054091,7.054091,1.0,0,0.0,0.0,0.0,741.1111111111112,0.0,no_rewards,False,0.0,False
pool1k0ucs0fau2vhr3p7qh7mnpfgrllwwda7petxjz2gzzaxkyp8f88,POLY,170.0,0.009,1000000.0,1005749.878996,68989570.897685,3313.0,67,630.608035,19183.76601,19814.374045,741.1111111111112,0.8508953995502248,losing,False,537.8307625428803,False
pool1k0uv5fhsr74we0w7gfkv6m7r9rfpvgz2u7v66ppe0vxsvj0pzvt,,340.0,0.9,100.0,107.621522,1367.097607,3.0,0,0.0,0.0,0.0,741.1111111111112,0.0,no_rewards,False,0.0,False
pool1k0w7n5rfxdzgfxpy8x6t7zfy6pfwrp54se7ezhxxed2x7mfmszy,,340.0,0.0,60000.0,0.0,0.0,,0,0.0,0.0,0.0,741.1111111111112,0.0,no_rewards,False,0.0,False
pool1k0xa8wlsntmjhtw2shj3tspqd4kjyquw9tuyx5s7zz5jsyw4y2p,WMOPS,170.0,0.0,150000.0,3070292.909736,6179097.175499,709.0,2,378.461823,211.076253,589.538076,741.1111111111112,0.5106681269865067,losing,False,330.66560318812697,False
pool1k0xrqp03mn9u3q3sadndd6vu9udl5v38xpzyw0shm8sskuxw2av,JP2,340.0,0.05,50000.0,58675.843019,36208470.410526,156.0,33,823.633437,8900.11425,9723.747687000001,741.1111111111112,1.1113494652173912,edge,True,572.2913944278569,False
pool1k2224hj6uhdgkflj6ncqvmfhqvhlhj0t8crhqux5mphwwumupec,UPBIT,340.0,1.0,200000.0,35842795.348724,35842795.348724,1.0,30,8844.880041,0.0,8844.880041,741.1111111111112,11.93462074497751,strong,True,8844.880041,True
pool1k26f25u5uqvhxuj20x3p72kx5gx4lc658f55kr328y5xzh0x4et,BICKS,345.0,0.15,100.0,503.901303,25378.110549,2.0,0,0.0,0.0,0.0,741.1111111111112,0.0,no_rewards,False,0.0,False
pool1k2cj852umvq5f527x9u7p58mnletdzx29gr4e4npv4nc6m3hch9,,340.0,0.0,125000.0,165188.138654,921332.464717,16.0,0,0.0,0.0,0.0,741.1111111111112,0.0,no_rewards,False,0.0,False
pool1k2qhlrrweu8fecd4hx4hn22lv00nrd3rjdxj6durax7m78q7ynu,,340.0,0.99,0.0,485.265834,14694001.761831,3083.0,12,3503.272719,31.950798,3535.223517,741.1111111111112,4.727054643328335,comfortable,True,3500.6224245604,True
pool1k2rhjxppp87k488zfeu9t24hl4jgjrjcqxwfg4q7jcu6wvkfwpn,ACHN1,340.0,0.01,200000.0,1.289969,1.289969,1.0,0,0.0,0.0,0.0,741.1111111111112,0.0,no_rewards,False,0.0,False
pool1k2yfr7tapqzfgdn7vq2u44225rtqxctelr6dp0xjqggrwnx9hnw,BPP,340.0,0.0,27000.0,27027.002115,85424.34872,49.0,0,0.0,0.0,0.0,741.1111111111112,0.0,no_rewards,False,0.0,False
pool1k3mtxd2duy4848gx8knvlsas7w77f3k2cplwk6hjul72646fjte,QUACK,345.0,0.01,1000.0,1002.437424,14420.188426,2.0,0,0.0,0.0,0.0,741.1111111111112,0.0,no_rewards,False,0.0,False
pool1k3nkfa5ugavrpd9nwd3s6yyx454qxnquxwmux4rzfunl7q0z38t,KILN9,340.0,0.05,100.0,2665.358294,40523414.511094,5.0,47,1016.159094,12830.14406,13846.303154000001,741.1111111111112,1.371129212293853,edge,True,764.4256524200865,True
pool1k3wpsc8q8za2qeptx5kv73r76hs5gvp59gga6ad6u5hnj3scy3q,CPU,170.0,0.0,4000.0,4204.171603,30645.771776,15.0,0,0.0,0.0,0.0,741.1111111111112,0.0,no_rewards,False,0.0,False
pool1k5a5e3ylva34qpmwdywv7fn75wt3gzv423e9uw2vmw5rqjc2q7t,MAXC,170.0,0.0,500.0,503.373352,79510.783977,4.0,0,0.0,0.0,0.0,741.1111111111112,0.0,no_rewards,False,0.0,False
pool1k633phcvz2hjhj45evwwau4w576jpq83acg5h84w23jauqu56cw,NORTH,340.0,0.0,10000.0,11008.965045,68188319.474161,1928.0,66,343.084408,19097.279186,19440.363594,741.1111111111112,0.46293248455772107,losing,False,78.12652683823434,False
pool1k65vmd0uyy0k5eylunwakd99m9j0n2hfynkxzd9472276m32p50,FM2,345.0,0.03,100.0,147.225972,244.251759,2.0,0,0.0,0.0,0.0,741.1111111111112,0.0,no_rewards,False,0.0,False
pool1k6altfangsst2mmxg8a9wvg3dppyszu8ckfzd3uv6azgw3z2txy,ELITE,340.0,0.0,300000.0,312979.951088,1369613.701266,239.0,2,397.070015,192.670712,589.740727,741.1111111111112,0.5357766319340329,losing,False,192.62698300297797,False
pool1k6knum588fm9fe5tmljeytyx65rv6h5jn8au824t86zt62nyd9e,ZONE,170.0,0.01,0.0,0.0,380134.821383,235.0,0,0.0,0.0,0.0,741.1111111111112,0.0,no_rewards,False,0.0,False
pool1k6u3rdl30ruf85q3jpzcfyq4ta0umrxdlt30rcpxqqasumcnkgu,,345.0,0.005,1000.0,1008.611006,1008.611006,1.0,0,0.0,0.0,0.0,741.1111111111112,0.0,no_rewards,False,0.0,False
pool1k7asvr2vd28jxw25fsh9pxckt5ykadhn8ua4x88vu39dzquvqvh,PRIZE,340.0,0.018,300000.0,499.489389,499.489389,2.0,0,0.0,0.0,0.0,741.1111111111112,0.0,no_rewards,False,0.0,False
pool1k7ku4sqvepztwqfvqj7wjadcsw96mancwyf8spty9tm0jfnwls9,,340.0,0.01,20000.0,0.0,240.722383,2.0,0,0.0,0.0,0.0,741.1111111111112,0.0,no_rewards,False,0.0,False
pool1k7zrx5rw6cvef9m5qtp9sy4e53u93kwqx73ykz7md9gmwgf56yk,TREFI,340.0,0.01,10.0,748.055989,10662283.095946,14.0,6,354.375283,1413.221122,1767.596405,741.1111111111112,0.47816754827586205,losing,False,92.04352754908018,False
pool1k8dm3fwajc6c8s32accfwqw8dqawl6k243z43cf74uxu7457z6l,,340.0,1.0,0.0,39387105.381895,39387105.381895,1.0,40,11784.083234,0.0,11784.083234,741.1111111111112,15.900562084857569,strong,True,11784.083234,True
pool1k8l84smxjczp2mpqmn7qsd23j7h4vd7rwagdscsrjecvgplkmw8,,340.0,0.02,600000.0,1.0,1.0,1.0,0,0.0,0.0,0.0,741.1111111111112,0.0,no_rewards,False,0.0,False
pool1k8mxlherc4vmfk9pmxs0rk27qmu3sqy0gsdck4gwduz57xsepak,LOFI,340.0,0.01,100.0,1142.46907,2239.710944,4.0,0,0.0,0.0,0.0,741.1111111111112,0.0,no_rewards,False,0.0,False
pool1k8s63hvxl5un403f0lwqm87f7svwn2j7vpeflgupvkhqkjpknut,,170.0,0.06,100.0,557.104176,2141056.821527,2.0,5,248.499359,1224.511612,1473.010971,741.1111111111112,0.3353064814092953,losing,False,159.22259569840645,False
pool1k8w7ylxa542hwymnwmuumpnudz7j9ae582wqecxv9n24zu8fptq,DAO,340.0,0.02,25000.0,1428.907188,14831.334347,102.0,0,0.0,0.0,0.0,741.1111111111112,0.0,no_rewards,False,0.0,False
pool1k93a7tazk6uhy0pe26pau9hthyn9kmtdcdl9er5kw9w82fl5j2w,LIFE,345.0,0.01,450000.0,200.28513,306.685167,2.0,0,0.0,0.0,0.0,741.1111111111112,0.0,no_rewards,False,0.0,False
pool1k99yncea8tq9pfeks3yymyj6fwjf4apx0s490j09m4y66vtyufr,PUMP,340.0,0.0,6942.0,76607.815693,1813882.383816,73.0,5,387.853417,1085.196358,1473.049775,741.1111111111112,0.5233404427286356,losing,False,134.04547089074353,False
pool1k9xjmvud972vng83669mkveaedteaprnfflqv047y66ugtqjyyq,,345.0,0.15,100.0,498.625042,1167.085052,4.0,0,0.0,0.0,0.0,741.1111111111112,0.0,no_rewards,False,0.0,False
pool1ka8q6my2a5fennpr2nmrj5yzma27d2fkev8lmpfq90kxzjszwgm,,345.0,0.02,100.0,365.625702,366.625702,2.0,0,0.0,0.0,0.0,741.1111111111112,0.0,no_rewards,False,0.0,False
pool1kccqxg032r6dcqqpvmv87azttcug5ug6cur9pa7qkuwc5ze4pxa,HUDO,170.0,0.01,0.0,872.818026,33967.180322,25.0,0,0.0,0.0,0.0,741.1111111111112,0.0,no_rewards,False,0.0,False
pool1kcrpxr6rqyqu0zlpdflma4565qrxtz4u4whcqhsan6335g5uext,GLOBA,170.0,0.06,1.0,1.899062,32.479113,2.0,0,0.0,0.0,0.0,741.1111111111112,0.0,no_rewards,False,0.0,False
pool1kcrr7re05pwesye0zh00a4xxnsrw5c29rd82fn4qecdcqu5rue3,4WARD,170.0,0.0,200000.0,207153.177644,439263.815266,78.0,0,0.0,0.0,0.0,741.1111111111112,0.0,no_rewards,False,0.0,False
pool1kcvaxe4q4npwt28qlr3h84htjf4qrqglqk3cr2484ptycr0ldut,RRC,340.0,0.05,0.0,0.0,53541675.721231,3.0,52,1088.96541,14230.342794,15319.308204,741.1111111111112,1.4693686191904047,edge,True,837.2154102000001,True
pool1kcw2kqj27qe7ntsz9fhvyvyvpf7prclwc5jq4cw0qydh7cygcek,IOGP,500.0,1.0,64000000.0,0.0,0.0,,0,0.0,0.0,0.0,741.1111111111112,0.0,no_rewards,False,0.0,False
pool1kcwfpv65agclgu9p6eetn6x4q0zexzgr5v2cl9255qlwjjqr56v,,340.0,0.01,10000.0,1.77386,1.77386,1.0,0,0.0,0.0,0.0,741.1111111111112,0.0,no_rewards,False,0.0,False
pool1kdfznpenxa9wwcz8tweump45k5h78h8hl4slv78fdypsug9ypc6,DOW,340.0,0.015,10000.0,11351.723494,357360.789813,42.0,1,294.61316,0.0,294.61316,741.1111111111112,0.3975290014992503,losing,False,85.16566489152052,False
pool1kdhhrsl8av6gzr7vrf5q06pwlrsr8646wkjkg0h550tw6vxf8mv,VIVA,340.0,0.029,500.0,846.849674,32094.476337,11.0,0,0.0,0.0,0.0,741.1111111111112,0.0,no_rewards,False,0.0,False
pool1kdr3lv2e7h5tx3gp3fwrpxhaj8cxh7v422uwj84enqxf6j5flj7,REYTS,340.0,0.0,100.0,107.249204,400.299099,8.0,0,0.0,0.0,0.0,741.1111111111112,0.0,no_rewards,False,0.0,False
pool1keasvddt9vndl8jyhg204s6kqusv5zgzg3kk3l3g949ew402ahe,UPSTR,170.0,0.01,15000.0,15719.993535,261103.251969,66.0,2,199.180522,390.055835,589.236357,741.1111111111112,0.26875932503748123,losing,False,110.79289827255934,False
pool1kez2gdqpwq2d3xd5k5q4enea59sp8tmgqsyt0rtmgxvuyykz8qg,CSPS1,345.0,0.04,35130.209624,10.176589,561.645229,3.0,0,0.0,0.0,0.0,741.1111111111112,0.0,no_rewards,False,0.0,False
pool1kf0c6a38vy9t7muc2jpfefdc0y6ey8386ujtn6rtly25y5yxwqf,FGMTC,170.0,0.1,2e-06,9.820727,1026058.548971,3.0,1,182.461281,112.140798,294.602079,741.1111111111112,0.24619962953523236,losing,False,96.9620995921084,False
pool1kffetqjt06qvk4995tz3e3q9h3c8cdq9eedrz8qr3ynnc63qckz,LUNA,340.0,0.01,1000.0,2540.705578,773227.150183,121.0,0,0.0,0.0,0.0,741.1111111111112,0.0,no_rewards,False,0.0,False
pool1kftku3r6truhvjm75gsh9pm33zfv7nuwas88m5sxqqknyyj82gf,NORBY,170.0,0.01,500.0,1.050475,2244.505215,26.0,0,0.0,0.0,0.0,741.1111111111112,0.0,no_rewards,False,0.0,False
pool1kfu02878dsz2l2pml9r42fvh32l4zn3msjvgfx077q3yx2xgul8,WOMEN,340.0,0.0,25005.0,10.729466,10738.508606,13.0,0,0.0,0.0,0.0,741.1111111111112,0.0,no_rewards,False,0.0,False
pool1khwvcz8jz9auk53k698ywgr6ams27hrz20vnwqx2d4xggscp93f,CBUS,345.0,0.015,25000.0,25097.8,1252851.082135,30.0,0,0.0,0.0,0.0,741.1111111111112,0.0,no_rewards,False,0.0,False
pool1khyv2zj3asyhz76a4r2ky42sdxn3gqu3lcyw3sj74trmwhlc5ud,PALMA,340.0,0.0,50000.0,58075.770202,763734.723232,20.0,0,0.0,0.0,0.0,741.1111111111112,0.0,no_rewards,False,0.0,False
pool1kjd9ff9u5ytq4atavv2dfsg3pvxqw8d50642pzmpn386zel0ka8,HASH,170.0,0.025,101000.0,103303.983976,432867.578104,54.0,1,202.130749,92.559705,294.690454,741.1111111111112,0.27274014107946026,losing,False,131.61072755189105,False
pool1kjhpg98jhm08usqg4sh5x9esa595apyw75qczyjp3z24g0cdate,,170.0,0.06,100.0,1486.679131,12221264.285057,4.0,11,354.588568,2886.035573,3240.6241410000002,741.1111111111112,0.47845533913043475,losing,False,265.2994315742677,False
pool1kkfkdces5mdcyc9dn2hgg3463jggjvw3h89nejjarkz25uavaqu,1PCT9,340.0,0.01,50000.0,60858.207735,16400226.090767,357.0,12,383.699897,3152.20707,3535.906967,741.1111111111112,0.5177359929535232,losing,False,122.32342787723803,False
pool1kkmk9dnzrrjtnsejttydecmq63x4dpkln70yfledaednj7mf7rk,LUM,170.0,0.0238,2000.0,2716.66925,556471.752548,60.0,0,0.0,0.0,0.0,741.1111111111112,0.0,no_rewards,False,0.0,False
pool1kkqc725ffjcarn2ycawan340fkf476276c5yxy9nw3u5x3xluyg,,170.0,0.06,200.0,201.640658,201.640658,1.0,0,0.0,0.0,0.0,741.1111111111112,0.0,no_rewards,False,0.0,False
pool1kks6sgxvx7p6fe3hhnne68xzwa9jg8qgy50yt3w3lrelvns7390,lido,200.0,0.02,1000.0,1352.468176,663080.115564,266.0,1,202.081164,92.50643,294.58759399999997,741.1111111111112,0.2726732347826087,losing,False,79.83068153758333,False
pool1kkwd6say8twq3z9e36v57adw02j2x52ascd6eumxy5zd66qm4fa,NDE,340.0,0.03,10.0,15.72317,11271.452921,20.0,0,0.0,0.0,0.0,741.1111111111112,0.0,no_rewards,False,0.0,False
pool1kl2vuauwfc5k0avf874ym5tcm04ywa22frleszhujeccj4va3lt,,340.0,0.05,0.0,66829.930694,70089750.990213,4.0,78,1492.454854,21486.507451,22978.962305,741.1111111111112,2.0138071493253373,comfortable,True,1240.944896088059,True
pool1kl7qlqtzxamrj8qwutn6ww0ksw3m7chwuewztqr6uu6yz0nuqtn,,340.0,0.05,1000.0,1100.480403,7065.623281,6.0,0,0.0,0.0,0.0,741.1111111111112,0.0,no_rewards,False,0.0,False
pool1kllc67fn00yqpffw8e9dqnlcaa733h9u5nwx97vhtjlw2t5e56j,KEEN,340.0,0.015,1000.0,9.892022,9.892022,1.0,0,0.0,0.0,0.0,741.1111111111112,0.0,no_rewards,False,0.0,False
pool1klq8yy3rr6k4ez7uwkzz5ku3yuym3eeg6g2ne3p9f4hnzfycfkl,,340.0,0.075,0.0,2.493879,47.868172,3.0,0,0.0,0.0,0.0,741.1111111111112,0.0,no_rewards,False,0.0,False
pool1km88m74x0l6gax9whuw9v86ftejwztxyg4arfh5cartjv8eqsze,,345.0,0.15,100.0,100.380823,100.380823,1.0,0,0.0,0.0,0.0,741.1111111111112,0.0,no_rewards,False,0.0,False
pool1kmmahq4upmm5j8fkh3xa9vd7gdffkp8pd4axucfh4w4dw549yqe,,340.0,1.0,71000000.0,76976501.88031,76976501.88031,1.0,32,11999.039826,0.0,11999.039826,741.1111111111112,16.190608460869562,strong,True,11999.039826,True
pool1kmsr376syqkluhxvv8k2axugqw7unjmlkwhfxjxtj7cw7qcn0jn,CRDN3,340.0,0.02,100000.0,101490.692421,15761314.103455,2225.0,18,470.628154,4824.822545,5295.450699,741.1111111111112,0.6350304926536731,losing,False,212.35237198043222,False
pool1kn059wyuuff0srprtvufv327th542l4c25e5hhcmwlsjymwr32d,,340.0,0.02,500.0,503.612018,504.68367,2.0,0,0.0,0.0,0.0,741.1111111111112,0.0,no_rewards,False,0.0,False
pool1knwd92dnngrypyvj3egguuxtl8g8elxarlvaqsyjewvh7sjla2g,,340.0,0.0,14009.822531,14009.822531,14144.899478,3.0,0,0.0,0.0,0.0,741.1111111111112,0.0,no_rewards,False,0.0,False
pool1kp0wl7kxn0zt5xtmld72s98rv6ejpufvl39qk26h99nqshmkmge,IOGP,500.0,1.0,64000000.0,0.0,0.0,,0,0.0,0.0,0.0,741.1111111111112,0.0,no_rewards,False,0.0,False
pool1kprt6l4quz03dhqx8jw22spdjvp5dkshdnn567vlexqkj35hd8a,BDRK,170.0,0.0,25000.0,39722.29352,3234638.172764,317.0,4,182.384935,996.136365,1178.5212999999999,741.1111111111112,0.24609661394302848,losing,False,88.55156114623956,False
pool1kqpy3de52m07versalrkqd57w2qh5cze3wupwrgx39m5gvtkjct,,340.0,0.01,480.0,493.619014,2249.499805,3.0,0,0.0,0.0,0.0,741.1111111111112,0.0,no_rewards,False,0.0,False
pool1kqrsr700m267q9tz4pw4rjeg69nkahk5wuy3kkw479y56fqfy9t,,340.0,0.015,3250.0,0.0,0.0,,0,0.0,0.0,0.0,741.1111111111112,0.0,no_rewards,False,0.0,False
pool1kqxgjf0zl60g88fxl3l8tpwu52pq78es33kqyaahgr2a7xh9g9t,RUGWA,340.0,0.069,420.0,247.455053,294.768139,2.0,0,0.0,0.0,0.0,741.1111111111112,0.0,no_rewards,False,0.0,False
pool1krznhwu3h5pu2stuslr53z5rme50t6384macsmylcnljwc7yjky,LEAF,170.0,0.01,150000.0,229245.91584,55829616.187314,912.0,60,416.369708,17270.004191,17686.373899,741.1111111111112,0.5618181967016491,losing,False,322.70588767825075,False
pool1ks49mpnl7mhh4eqa7ff3krhqa8nnx7gx04cawe46qnjeufawr5z,MOGA,340.0,0.9,500.0,2839.123365,8516.465074,5.0,0,0.0,0.0,0.0,741.1111111111112,0.0,no_rewards,False,0.0,False
pool1ksfzungz56vxa9sy6hr54v5hf6qx8rmcu6734gqm3qlxucveed6,EUSKL,340.0,0.0,5000.0,78085.292094,291132.415301,196.0,0,0.0,0.0,0.0,741.1111111111112,0.0,no_rewards,False,0.0,False
pool1ksh2u6kktx74ugv8jadrdqttwyjz9074ke82xt6j0qgfvdn43a5,MILKY,340.0,0.01,1000.0,1610.534534,840814.14916,208.0,1,294.603218,0.0,294.603218,741.1111111111112,0.3975155865067466,losing,False,77.61246401699117,False
pool1ksh2zpeeqe0rpcug63up5l66g3kr5vf58jraeun82rur6m4g6xz,TRUST,340.0,0.005,200.0,224.582333,236858.073903,114.0,0,0.0,0.0,0.0,741.1111111111112,0.0,no_rewards,False,0.0,False
pool1ksrg8a964464las0ymw88slrwxkychjz9lh09lqltu5m7nw3pq0,QUEEN,300.0,0.0069,10000.0,11234.841543,53964152.804371,2251.0,59,421.398963,16954.291445,17375.690408,741.1111111111112,0.5686042979010494,losing,False,197.95175610974127,False
pool1kterawv22xya864tqjy9pq2ftmuptlggywtqt3p7adexg7qyl6u,INDIE,340.0,0.01,10000.0,22041.412323,207263.261787,31.0,0,0.0,0.0,0.0,741.1111111111112,0.0,no_rewards,False,0.0,False
pool1ktg9hvae8kluwnr29khma3mxd7ffjj9k5l0yjdqlmazjclv4j3d,,340.0,0.075,500.0,2.618354,2.618354,1.0,0,0.0,0.0,0.0,741.1111111111112,0.0,no_rewards,False,0.0,False
pool1ktqaf79utweyenk6e7289ta5p5993g32emn8355rxmp0kgh2r0m,UPBIT,340.0,1.0,200000.0,29347207.419735,29347207.419735,1.0,27,7960.384436,0.0,7960.384436,741.1111111111112,10.741148414392804,strong,True,7960.384436,True
pool1kv53mzjwqjp4aw48rczj8vm6hejwfnfwa634czyx5tw5qq3tata,GRC1,170.0,0.01,46000.0,48246.639551,802591.017294,81.0,0,0.0,0.0,0.0,741.1111111111112,0.0,no_rewards,False,0.0,False
pool1kvd03hq8kp0hnxq9lq598a5amrvauj9m386rwx7ydawvjdskwnh,CAKE,170.0,0.0,500.0,108382.179123,2464541.136497,400.0,2,188.43523,400.769866,589.2050959999999,741.1111111111112,0.2542604302848575,losing,False,97.6130000409913,False
pool1kveecu8hx4dk8pe9rmv4q4tjwr9xmq30nacu2pafeljhypcn4wt,,340.0,0.025,10000.0,5.930639,295.168564,2.0,0,0.0,0.0,0.0,741.1111111111112,0.0,no_rewards,False,0.0,False
pool1kx0jm9ycs3t99tnwafw6w72jkdlzhj5ltxe2nrzkd9x2u5x343h,MURA6,170.0,0.015,500.0,1191.095594,10891274.508179,1146.0,5,189.685561,1283.32712,1473.012681,741.1111111111112,0.2559475335832084,losing,False,96.12078684556818,False
pool1kxedw6c34730h344lz0s0z6848005qrs096l8l2whcwly3rcl27,,340.0,0.075,0.0,2.609445,805.254475,2.0,0,0.0,0.0,0.0,741.1111111111112,0.0,no_rewards,False,0.0,False
pool1kxfg47ms0mlszthp5j8uqpmqp6575j0nfusqne5sd7ggy3ntlsz,WAVE,340.0,0.01,2000.0,2465.370514,5081.345635,5.0,0,0.0,0.0,0.0,741.1111111111112,0.0,no_rewards,False,0.0,False
pool1kxfvv8e8u9crfgy3fp89hlchehutrjq9wv7hax7dxs3lsjuw9kc,,340.0,0.0,50000.0,0.0,0.0,,0,0.0,0.0,0.0,741.1111111111112,0.0,no_rewards,False,0.0,False
pool1kxtzkv3ylyc48hgjqkwe93q2vkx67vgzag9tvqfalhwsjs43w9u,ADAAT,170.0,0.005,160000.0,161481.731881,429942.980147,24.0,1,217.231651,77.485283,294.716934,741.1111111111112,0.29311617076461766,losing,False,158.20916979620347,False
pool1kxzfswkhgcmyahh6lfjpy5uxh75qzsnlyprh3450av9jghsda89,,340.0,0.03,5.0,12.621038,45.354204,2.0,0,0.0,0.0,0.0,741.1111111111112,0.0,no_rewards,False,0.0,False
pool1kyn4xguhrd600j4y9kvksptzjk8k4hz5rdcrxx3qw3jksuwjnwz,,345.0,0.0,100.0,0.0,2342.381143,2.0,0,0.0,0.0,0.0,741.1111111111112,0.0,no_rewards,False,0.0,False
pool1kz0gh586tn9fh77fgc7em9tl6d82e3ly5quwsvvfevvszt64g8d,,340.0,0.02,5.0,57.340775,2568.212709,2.0,0,0.0,0.0,0.0,741.1111111111112,0.0,no_rewards,False,0.0,False
pool1kzf7zw2y05e7lyd7ht0nluh39fzmurm2wuvshvut6l6twu0el44,キティ,340.0,0.01,4000.0,5824.559377,10549.056753,4.0,0,0.0,0.0,0.0,741.1111111111112,0.0,no_rewards,False,0.0,False
pool1l0erdjregched3dj828q93rfa2f4w4p62nr248xshj5huq6zuvp,CF3,170.0,1.0,76000000.0,76301499.726481,76301499.726481,4.0,69,26208.388132,0.0,26208.388132,741.1111111111112,35.36364215712143,strong,True,26208.388132,True
pool1l0m820vyqh5pp2yzpw973qzz23neqqd977u0uczh9fs9zqvg0je,WPBJ2,340.0,0.04,50000000.0,63786708.200356,75705049.517047,228.0,81,24164.325514,4237.135233,28401.460747,741.1111111111112,32.60553667556221,strong,True,24120.369162685638,True
pool1l0myzl403h70d26pvwmn5fszlwuyf4y9wltlc6unt706zlqx3zc,,345.0,0.15,100.0,0.058684,0.0,,0,0.0,0.0,0.0,741.1111111111112,0.0,no_rewards,False,0.0,False
pool1l0pmgdsymmdntuyan4snj88q8nm9axemwefu5ymkuq2s6gr90cn,SWIM2,340.0,0.015,0.0,177202.179396,1408393.122394,396.0,1,294.60208,0.0,294.60208,741.1111111111112,0.3975140509745127,losing,False,105.50962680238564,False
pool1l2z734tugnn4tue9sw6e39nr6pcgv7wqynpra4maz4j92wzws8c,,340.0,0.009,1700.0,34.004397,0.0,,0,0.0,0.0,0.0,741.1111111111112,0.0,no_rewards,False,0.0,False
pool1l38lxca7tzp0trqedr97usd0zk89q2x74qrez5xcafxechcw452,,340.0,0.0,25000.0,0.0,0.0,,0,0.0,0.0,0.0,741.1111111111112,0.0,no_rewards,False,0.0,False
pool1l3rf0h8s6fdw8g4vy8qg7fw3wwj8jdm3hg0wwwycnvj8xcl2ps8,WALL,340.0,0.012,1000000.0,2.578114,3893.026529,8.0,0,0.0,0.0,0.0,741.1111111111112,0.0,no_rewards,False,0.0,False
pool1l3u6jww4npkx2e0utcsmkhwjjgnp43w62exrqwzm8wudg0457e5,ACE,340.0,0.01,0.0,6423.846429,9157.678697,4.0,0,0.0,0.0,0.0,741.1111111111112,0.0,no_rewards,False,0.0,False
pool1l3wdq3cec23jadkt2cx384vtgd75ncau33smrptwj87n2wedc0d,PIVT,340.0,1.0,1000.0,19543.600785,4956596.45721,11.0,4,1178.412881,0.0,1178.412881,741.1111111111112,1.5900623581709143,edge,True,1178.412881,True
pool1l40jtd7he9dv272md7jxp9yctj5glc598r6d3f5xv93qkx3e5z5,,340.0,0.02,1000.0,0.0,2317.552952,22.0,0,0.0,0.0,0.0,741.1111111111112,0.0,no_rewards,False,0.0,False
pool1l4synes9s3swlf5r5rsfpede3582r4km2wd94xctceyaudv9zx3,STAYK,170.0,0.01,3000.0,24456.601601,192417.510558,95.0,0,0.0,0.0,0.0,741.1111111111112,0.0,no_rewards,False,0.0,False
pool1l54esv8h5xjry9ms3jq4mnf49vwt3yuxl5fdudp7jpdx2swuaah,,340.0,0.01,4700.0,19.453176,19.453176,1.0,0,0.0,0.0,0.0,741.1111111111112,0.0,no_rewards,False,0.0,False
pool1l54qvzlg2jfalkcram9kxsa8vcmgy0fz845q5gptjq8k20kzg2r,RADAR,340.0,0.01,100000.0,140071.382293,1981345.248472,130.0,0,0.0,0.0,0.0,741.1111111111112,0.0,no_rewards,False,0.0,False
pool1l5a4689wchd3vrdzck70ysdcn5d390um6ge4x4rzx79vzmgwvf0,,400.0,0.035,5000.0,0.0,0.0,,0,0.0,0.0,0.0,741.1111111111112,0.0,no_rewards,False,0.0,False
pool1l5jfc3zv4nue29uqh32fvz9khstd24azmxjltus3s90ckzw37p8,PLRS,340.0,0.01,50.0,55.308833,58.273114,2.0,0,0.0,0.0,0.0,741.1111111111112,0.0,no_rewards,False,0.0,False
pool1l5ktcfhhsx66ms6ugguusytr0nnsy49t2684avev6dak55jc00t,,200.0,0.6,5000.0,0.0,429.978956,4.0,0,0.0,0.0,0.0,741.1111111111112,0.0,no_rewards,False,0.0,False
pool1l5kwfudnqrhw3k4lwzcppu36nun9puvvr7xnanuz8a2zx4jaek5,ADOPT,340.0,0.042,250.0,9033.775089,2168980.578045,262.0,2,351.460939,237.74366,589.204599,741.1111111111112,0.4742351500749625,losing,False,98.6482989117825,False
pool1l5tmww2aqkhl3lfcrced6xpsd30pzx65p6v4e48v29g4jtlvf3d,,345.0,0.15,100.0,2.621434,2.621434,1.0,0,0.0,0.0,0.0,741.1111111111112,0.0,no_rewards,False,0.0,False
pool1l5wveuysr4uqlt9z8gheydtumhvcn5upu2fg0pu6z4y3gte9dph,,340.0,0.0,50.0,4.763998,0.0,,0,0.0,0.0,0.0,741.1111111111112,0.0,no_rewards,False,0.0,False
pool1l6946mnu54f6v0we4xzra8kwm68ch7fphhxvgytd0m4lzk3pats,SMACH,340.0,0.03,150.0,376.405598,420.094396,4.0,0,0.0,0.0,0.0,741.1111111111112,0.0,no_rewards,False,0.0,False
pool1l6aeyn35nkqkn9lqqlwqnpraakdzuukjrqprcrj3sctk6hhe32k,OYSTR,170.0,0.02,400000.0,466066.782525,25166399.35143,1605.0,23,422.402315,6354.044665,6776.446980000001,741.1111111111112,0.5699581461769114,losing,False,330.65362467486136,False
pool1l6hkustv67tynh66w46mys94wsxhwddgp28k3r5twwlsv80uw0k,CASCH,340.0,0.025,50000.0,64428.869009,109493.092365,21.0,0,0.0,0.0,0.0,741.1111111111112,0.0,no_rewards,False,0.0,False
pool1l6vtae673eltsx86sk4xxr3fnn9tk8e99jkrdvcmjqlc6cca4nk,MUEN2,340.0,0.9999,10.0,4587.066978,19082783.654548,10.0,16,4713.196217,0.437256,4713.633473,741.1111111111112,6.359635075412292,strong,True,4713.1697211548935,True
pool1l7xwy6sswcpxcepf9m43sez4kwgrgxuw5ekhkavj3k2lv6njvec,BNP,345.0,0.06,2.0,26652.234558,32067450.263384,9.0,32,897.031635,8530.235021,9427.266656,741.1111111111112,1.2103875134932534,edge,True,643.4425757908156,False
pool1l8myd66tqjk75kh7uk9k8nyl20sd4qs33s4tzzn927ujyl7ahyk,KURD,170.0,0.03,500.0,358818.323133,848821.904067,101.0,1,224.830566,69.772033,294.602599,741.1111111111112,0.3033695793103448,losing,False,171.63466238628837,False
pool1l8pvaam6f2wj2ank46uywp32wwapqga8e8utve3mgzzuxksc3tq,COR,340.0,0.025,70000.0,72852.944756,449364.485073,11.0,0,0.0,0.0,0.0,741.1111111111112,0.0,no_rewards,False,0.0,False
pool1l92vxagssugcsu4wyhvnjd0t6dlqjjfrxkt8v4qaucgmq8t3j3s,FGMTI,170.0,0.1,2e-06,9.820727,69953293.066695,3.0,65,2067.915923,17081.219332,19149.135255,741.1111111111112,2.790291350374812,comfortable,True,1982.415935532183,True
pool1l93nkg4n5jzdsd7k33g8vsavq4ne6ka82eddt9ysnu35vy6883j,LBF6,170.0,0.06,2e-06,9.820727,10106.658956,5.0,0,0.0,0.0,0.0,741.1111111111112,0.0,no_rewards,False,0.0,False
pool1la0t0gsskwejyfca5lchw5aqd5g8hknxdu6tuyqp0ttjxl6zt35,HUNNY,170.0,0.0,5000.0,5264.852368,631891.132175,61.0,0,0.0,0.0,0.0,741.1111111111112,0.0,no_rewards,False,0.0,False
pool1la6wjq8uaqctd05zw58dczxp6csf2z66wf726kdfyr9l7hnr6jp,,345.0,0.0,100.0,1.763938,1.763938,1.0,0,0.0,0.0,0.0,741.1111111111112,0.0,no_rewards,False,0.0,False
pool1lakvp73yzpuueyrhzr3sfyy0796gm53g95kapgnmsvv4k6apr5r,TRASI,170.0,0.015,25000.0,25565.946903,31119.659249,2.0,0,0.0,0.0,0.0,741.1111111111112,0.0,no_rewards,False,0.0,False
pool1lakxjm7v0q03xddynffn6m2wfm27pms3z9enztwvu7k0297tcr7,ROS,170.0,0.0,20000.0,27629.133369,1294199.433437,15.0,3,185.240084,698.633493,883.8735770000001,741.1111111111112,0.24994913883058467,losing,False,92.26818553632212,False
pool1larpvn53yyufaf8fh89nrrpgruqcq8mgxrtdxp5y87cqse3yfg2,JP5,340.0,0.05,50000.0,55008.027821,8677269.567135,62.0,8,453.012233,1904.257929,2357.2701620000003,741.1111111111112,0.6112608841079459,losing,False,202.8581567611106,False
pool1lc4yn2hew7nquk5gfc8k8cs6d7hee4a9hc2hauwj7dv759zzek0,,340.0,0.02,150000.0,0.0,0.0,,0,0.0,0.0,0.0,741.1111111111112,0.0,no_rewards,False,0.0,False
pool1lcl9j8zzqtcd4g2gf5zgexcqmnmjtvje707hupngymjhq43yk3s,,340.0,0.0,10100.0,7.448162,183.90648,7.0,0,0.0,0.0,0.0,741.1111111111112,0.0,no_rewards,False,0.0,False
pool1ld9hkah2dkzh73pvh9tf6xr0x28us34msv3zcv2sase5vhvq962,KOPI,340.0,0.008,1000.0,394844.75286,13252547.585554,1921.0,12,459.998863,3074.090898,3534.0897609999997,741.1111111111112,0.6206881209895051,losing,False,204.90793026298365,False
pool1lelfqaufr7mmmdkaaqd8e78a762c6ddlrnkkaepkk70nyp7ku25,,340.0,0.0,42.0,0.0,0.0,,0,0.0,0.0,0.0,741.1111111111112,0.0,no_rewards,False,0.0,False
pool1lenhysfdw3w6a37mukd4xfvsfssgvzlrnhk6v882j2kns6uyxd6,,340.0,0.01,10000.0,0.0,0.0,,0,0.0,0.0,0.0,741.1111111111112,0.0,no_rewards,False,0.0,False
pool1les50pm26wpf8gym7cda470xgfswukzhyykvhyfsfl4dcu2ezj4,SGTRS,340.0,0.03,1000.0,6291.222118,8178010.164345,9.0,14,456.35733,3668.08775,4124.44508,741.1111111111112,0.615774508245877,losing,False,199.50507519108606,False
pool1lev7ygxcqd4aw5em7wf7y64au4hv04yl5cew27lkjmgngj46vqk,TLK,340.0,0.05,0.0,0.0,70036671.947668,13.0,75,1427.757803,20667.398255,22095.156058,741.1111111111112,1.9265097791604195,edge,True,1176.0078029000001,True
pool1lfnlxfxxwvjadesxzm4c7grgs3elj70vfdnpjwjmg0ufsqnq52t,HISAI,340.0,0.0035,100.0,493.459874,25385937.808277,87.0,17,356.429255,4651.808012,5008.237267,741.1111111111112,0.4809390247376311,losing,False,92.36188862964197,False
pool1lfsslc99da8jhj5apzctsnfm76kjc6ndyc6hnynagcj8xexvjsr,BNP,345.0,0.06,2.0,42126.053205,32123669.007876,14.0,28,828.974497,7419.883824,8248.858321,741.1111111111112,1.1185562928035981,edge,True,575.5073236314311,False
pool1lfvzgsrghmugvpym868mh29288ez0nncz680mamzjygu2jpuwcd,NORTH,340.0,0.0,10000.0,11008.51914,66852469.318142,2519.0,68,343.242941,19656.777148,20000.020089,741.1111111111112,0.4631463971514242,losing,False,78.2810301137989,False
pool1lfxjjg2fmaea3dnvu6wpxylrtrzq0pkgjutjesuzwem4xymtqaj,FGMTH,170.0,0.1,2e-06,9.820727,561379.0366,5.0,0,0.0,0.0,0.0,741.1111111111112,0.0,no_rewards,False,0.0,False
pool1lfy5rdaps2m3n5ere4l55rw6q8jn4nwt3jf9yksj8q9h27kng2t,FENIX,170.0,0.02,130358.0,133579.691837,12455201.65021,15.0,0,0.0,0.0,0.0,741.1111111111112,0.0,no_rewards,False,0.0,False
pool1lg4pepngyq03jdkskr3689pv4a4djra9q8nkzu6hwtzezwanhyn,CDTRN,340.0,0.0,10000.0,10009.611578,10551.383033,6.0,0,0.0,0.0,0.0,741.1111111111112,0.0,no_rewards,False,0.0,False
pool1lg4y9djpazcpaag230mawgx4w43vmld7xcd7rq35lpjvkn333nj,GRUNT,340.0,0.1,100.0,111.62568,12421.419815,4.0,0,0.0,0.0,0.0,741.1111111111112,0.0,no_rewards,False,0.0,False
pool1lgves5hhdt5h6jzy7sf57l6gq9x3csf5w05ymv5zq7a9jfwn7kk,AdaPi,340.0,0.005,1000.0,1001.425841,1036.427591,2.0,0,0.0,0.0,0.0,741.1111111111112,0.0,no_rewards,False,0.0,False
pool1lgzryt60tckrjspn7z0gxup6ms6srd2xmtl9y7wvt5fsxnd2qxh,,340.0,0.015,100.0,10.0,6971.108217,180.0,0,0.0,0.0,0.0,741.1111111111112,0.0,no_rewards,False,0.0,False
pool1lhvpgr8lhsf6h03v9zqxm74pa63rdxx4yuvkqfw4tv9fua8t37a,OSAKA,340.0,0.03,1000.0,2900.751658,9107387.138711,120.0,12,436.844328,3098.394262,3535.23859,741.1111111111112,0.58944512023988,losing,False,179.8761991159319,False
pool1lhwzsyhh7dmw9wuz7qxnml2z5ef5303lp7jxgss2qnat22sprgx,UNION,340.0,0.01,50000.0,9.126538,1700.538079,9.0,0,0.0,0.0,0.0,741.1111111111112,0.0,no_rewards,False,0.0,False
pool1lhz4gsk5ezdl5s4mv2kxgrkhzzhad6me2v0xmwuyt845vensdlc,SECUR,170.0,0.03,100000.0,106376.353759,45661461.427085,2863.0,48,620.874538,13517.024412,14137.89895,741.1111111111112,0.8377617454272863,losing,False,528.666089684984,False
pool1lj9t0saaxejj6drmxefgejwuy47lx4ewwruwvn3uttyuw6f5389,ADBV,340.0,0.08,7.0,501.251536,501.251536,1.0,0,0.0,0.0,0.0,741.1111111111112,0.0,no_rewards,False,0.0,False
pool1ljqjqskd4f4zekzddw204u5xtzhyz2cllq5v5dmn27zdwf9c70f,WPBJ3,340.0,0.04,30000000.0,74906813.26778,75754906.451241,50.0,84,27299.40184,292.891698,27592.293537999998,741.1111111111112,36.83577459670164,strong,True,27296.553750792707,True
pool1ljywsch33t7gaf02aeeqkqpuku0ngpwl9fm04t7u5sl5xyunmgp,AUTO,170.0,0.0,100.0,6963.148883,18468697.348275,1315.0,16,171.713061,4541.921397,4713.634458,741.1111111111112,0.23169678395802099,losing,False,76.74887820920867,False
pool1lk0hu3njxgra3emgfa73268el89qzytecff0fzz982avvjsw3l6,IMPI,340.0,0.03,10000.0,7278.721602,47550.955609,22.0,0,0.0,0.0,0.0,741.1111111111112,0.0,no_rewards,False,0.0,False
pool1lkcd3w5g6s6v3hf6kwt55dqpalrmq9h9f3ec033nnzhvgjgl860,FUND2,495.0,0.0,500000.0,619769.486305,949472.605621,84.0,1,294.875513,0.0,294.875513,741.1111111111112,0.3978830010494752,losing,False,218.52402895703338,False
pool1lkpj6fa4l0sy39qfvyl4pcsnnd22y8np8j98vzwula2kuxgers4,JOY,340.0,0.01,50000.0,56977.137544,6289478.138113,662.0,6,367.086146,1397.890974,1764.97712,741.1111111111112,0.49531863778110935,losing,False,107.0563797660851,False
pool1ll5mu4rgne203spelzdgrse0v7yk9rfzkp243rtt60rgu8mh3q8,WAN,340.0,0.005,10000.0,10008.598035,59069.597444,4.0,0,0.0,0.0,0.0,741.1111111111112,0.0,no_rewards,False,0.0,False
pool1llknxwa7zzugc52mnv3lpxgh7az8wnqylrxxfqhzzm9e2eufug3,,340.0,0.2,50.0,55.924461,229.374109,4.0,0,0.0,0.0,0.0,741.1111111111112,0.0,no_rewards,False,0.0,False
pool1lll300yc7lf6v34agp6ctzxdwk6s96cu0lxq3kk0msgvzchq3f4,PHNX,340.0,0.02,100.0,0.0,0.0,,0,0.0,0.0,0.0,741.1111111111112,0.0,no_rewards,False,0.0,False
pool1lllmq2jgcqrag5c77lpc5m34fsqn63leadyx9tzx842n66ly3ql,,340.0,0.0,100000.0,122632.260204,267892.624193,58.0,0,0.0,0.0,0.0,741.1111111111112,0.0,no_rewards,False,0.0,False
pool1llwfa6erdh7k87j06y2z9999jcc84cnezwhg9e2sulrgwzrsug4,,345.0,0.15,100.0,4.613866,4.613866,1.0,0,0.0,0.0,0.0,741.1111111111112,0.0,no_rewards,False,0.0,False
pool1llwt52flj60vwd2tv3z4qzynu9p2njvsm95cf603zemlua4f955,PRAY,340.0,0.03,100.0,107.414793,123.042202,3.0,0,0.0,0.0,0.0,741.1111111111112,0.0,no_rewards,False,0.0,False
pool1llxh8l0h8g9ghz3nrzh7ndvev4x43vnk72nsemzm795vxqs6dp8,JP4,340.0,0.05,50000.0,55621.536266,9832421.010749,63.0,10,484.337483,2462.250607,2946.58809,741.1111111111112,0.6535288376311844,losing,False,234.0116194009507,False
pool1lm89trd8cl36k8njlhgsemavry2jymnhddpvtk7fk7r7g4e3fep,BNP,345.0,0.06,2.0,29104.086169,60669.676703,10.0,1,294.60208,0.0,294.60208,741.1111111111112,0.3975140509745127,losing,False,187.20152124424803,False
pool1lmzhzkdvkh67a8hjcexlhajkk8f7kz2tf35frjut6creqs2kedg,HRDIB,340.0,1.0,500.0,69153.626028,2300811.348104,2.0,1,294.60265,0.0,294.60265,741.1111111111112,0.397514820089955,losing,False,294.60265,False
pool1lnk67xp7jsc2e3yyun3fpaqvkx0f3c8q0ml29ge85udeghn2gvn,WIRA,340.0,0.0,487000.0,545323.968839,1007367.632547,31.0,0,0.0,0.0,0.0,741.1111111111112,0.0,no_rewards,False,0.0,False
pool1lnr8t7pxvq3vfg8c5lc7yjcq39haws4ntu28xpxzx4zyya9ntny,KKS,345.0,0.03,0.0,0.0,34784338.365421,17.0,26,564.439623,7095.21447,7659.654093,741.1111111111112,0.7616126847076461,losing,False,302.53962278999995,False
pool1lp9pugfvyrjt8rqj5v02yvucchzj27tlru9kwl7nj0fh2mjc5d3,,340.0,0.03,2000.0,2007.615582,2112.667281,4.0,0,0.0,0.0,0.0,741.1111111111112,0.0,no_rewards,False,0.0,False
pool1lp9wmr8dkcceta5we999nvlfh9um06cd6sggtt5523eawf7mtg4,YYG,170.0,0.01,1000.0,12776.855117,10616602.111107,673.0,10,201.067808,2739.641357,2940.709165,741.1111111111112,0.27130588785607196,losing,False,107.0714235540519,False
pool1lptznmldt230m0ugku9ygx0jucm74y7sgmac4mu5x2x9jznr84r,HST,340.0,0.0,1000.0,2412.673658,16638.426514,6.0,0,0.0,0.0,0.0,741.1111111111112,0.0,no_rewards,False,0.0,False
pool1lpw2wnj2vrc75fv7f4jnfzgkqvlrxlampz5nmduwve47xgnckns,BNP,345.0,0.06,2.0,29066.574241,73462.825617,11.0,0,0.0,0.0,0.0,741.1111111111112,0.0,no_rewards,False,0.0,False
pool1lq60ecvs6ake3ntq45sv38v0xq3traf3tvc60vx7263n5c37df7,,340.0,0.02,100.0,2.62293,10.277188,2.0,0,0.0,0.0,0.0,741.1111111111112,0.0,no_rewards,False,0.0,False
pool1lq78uw50ple5j3ruk6rx3np3u5ya0hcgq2k47yfmpuj46mahwnl,,340.0,0.0,30000.0,0.0,0.0,,0,0.0,0.0,0.0,741.1111111111112,0.0,no_rewards,False,0.0,False
pool1lq7t0qg273vp8t2wzmeyj7sdq2vhu2v87jjplgurpfxcs9afnr3,,340.0,0.2,50000.0,0.0,7237074.786452,9.0,0,0.0,0.0,0.0,741.1111111111112,0.0,no_rewards,False,0.0,False
pool1lqeg5d3jpwr3nvra568nk28sr8lttyr6cf4yyssdx6qtxea9nmr,,340.0,0.05,50000.0,0.0,377689.59473,25.0,0,0.0,0.0,0.0,741.1111111111112,0.0,no_rewards,False,0.0,False
pool1lqpymyzg9glc88r7urptuv0d8t2tu9ty7xtshvxmgpu0j4lp8p3,VINCE,170.0,0.01,250000.0,375294.590966,6527058.257208,2045.0,1,178.35718,116.473561,294.830741,741.1111111111112,0.24066186206896548,losing,False,89.71179693721496,False
pool1lqucyxuvjktfmpf7fd28j54cfgamyrxed344vnwlm9wqkwjeqwk,SPS3,340.0,0.05,1000.0,11299.743259,11788713.32069,210.0,14,532.668355,3591.776626,4124.444981,741.1111111111112,0.7187429077961018,losing,False,281.1596577614423,False
pool1lr02c9krwmtzr29e9h2w5e7crr9elss7qfflkr42j0ke6de4vh7,nmk,170.0,0.05,1000.0,20010.420252,32634.679791,3.0,0,0.0,0.0,0.0,741.1111111111112,0.0,no_rewards,False,0.0,False
pool1lr54356svvdz4yeqrq69wn6la2025l9r65pm26xxl466gxqqs83,,340.0,0.03,10000.0,525.372401,525.372401,1.0,0,0.0,0.0,0.0,741.1111111111112,0.0,no_rewards,False,0.0,False
pool1lr5ku0p3jhykdf3a2kcr0tyra30qvzrtl02dr6uyv98rxdsy3k9,STAKE,340.0,0.0,10000.0,10051.617741,788736.194132,337.0,1,294.613334,0.0,294.613334,741.1111111111112,0.39752923628185904,losing,False,77.79874221649466,False
pool1lr7pglmne4pgl4nynz398cuyjdfwhg0xxad83eqy2s6hv0cx3cc,,340.0,0.01,25000.0,0.0,0.0,,0,0.0,0.0,0.0,741.1111111111112,0.0,no_rewards,False,0.0,False
pool1lr9vvcf5r5jgkgv5ly7z2lh068ymzg4xmqk5f8pu2k23vt25x7a,HYGGE,340.0,0.0,0.0,326.767053,222759.542392,81.0,0,0.0,0.0,0.0,741.1111111111112,0.0,no_rewards,False,0.0,False
pool1lrd3lza7r2a3uf4z9y52zf792kmmgqpxgl8suaz88g7fg7sdw3g,,340.0,0.02,45000.0,0.0,0.0,,0,0.0,0.0,0.0,741.1111111111112,0.0,no_rewards,False,0.0,False
pool1lrgpe8s7yskeqwvgu4t6tmkmh8eqwu0xj56yvufpxcn2kjgn7ss,HUB01,345.0,0.15,3815.541999,3315.346446,9199.194224,4.0,0,0.0,0.0,0.0,741.1111111111112,0.0,no_rewards,False,0.0,False
pool1lrnyqdlrj97d0ju5j6d9xa8prw0xeyumfd53rz5wk3gf7czqzjz,TYGAR,340.0,0.01,100000.0,118684.654914,1630911.356933,569.0,1,294.709208,0.0,294.709208,741.1111111111112,0.3976586014992503,losing,False,93.02588026510777,False
pool1ls80gx9sen3qc7s6c7u2ajw6hk8faqanljugcg5tfukp6qscetv,LGBTQ,340.0,0.02,0.0,962.913526,142164.056598,260.0,0,0.0,0.0,0.0,741.1111111111112,0.0,no_rewards,False,0.0,False
pool1lskcfz80qg2kr2p6776kl9emjn8ulkqsqse7um7skz4y2lwa0cu,CERO,340.0,0.0,10000.0,14597.914144,17363145.561434,2454.0,14,343.18186,3779.167386,4122.349246,741.1111111111112,0.4630639790104947,losing,False,78.40277380010696,False
pool1lssudmnyy4vlzrvpmw4539xwklnx0lm2murc9t7n25u9sg2ce3n,PREV,340.0,0.02,45000.0,6.0,6.0,1.0,0,0.0,0.0,0.0,741.1111111111112,0.0,no_rewards,False,0.0,False
pool1lu0gwsvugl2cgx6gzk9zqdjwutd5szp293wpvwj4fvq4jleg8ww,WBFL,339.0,0.01,399.0,18417.121586,20878292.815598,7.0,20,399.379969,5492.670738,5892.050706999999,741.1111111111112,0.5388935113943029,losing,False,138.25051997038813,False
pool1lu2luhmkyayq9njh848kfknn6evwzmn3gzsxar7z3sttg7grxcm,PPTG1,340.0,0.04,500.0,5810.316019,91315894.903856,5150.0,57,897.671565,13338.02047,14235.692035,741.1111111111112,1.2112509872563717,edge,True,642.292667413918,False
pool1lugxr82p89qm35spzwccle405t5dfdznhrasyrtr2cyv2vyfud6,KISSA,340.0,0.025,101.0,103.930982,264098.861439,10.0,0,0.0,0.0,0.0,741.1111111111112,0.0,no_rewards,False,0.0,False
pool1luhm55xxqp0cv7a43rcfrr8m6m74kfe7wdvqdgfzt483x29lr0t,CF5,170.0,1.0,34600000.0,50551499.245635,50551519.071334,5.0,51,16556.60817,0.0,16556.60817,741.1111111111112,22.340250904047974,strong,True,16556.60817,True
pool1lujmnkmp7auuvphrhlxe9xtsqwt9vk8zemg8pkeztr367f0grq6,ETO20,340.0,1.0,0.0,0.0,0.0,,0,0.0,0.0,0.0,741.1111111111112,0.0,no_rewards,False,0.0,False
pool1lum6jezln4dtxsvjgagnd06uavwps9ntks9rk93h7spzkgyzu9w,LOTTO,170.0,0.0055,5000.0,6607.056757,6945.505531,7.0,0,0.0,0.0,0.0,741.1111111111112,0.0,no_rewards,False,0.0,False
pool1lunsvxzwgxjqf622gq72n6jhclq5juy0mqh9v4ktufdrzulfncr,DERP,340.0,0.03,0.0,2.624426,3140.93108,33.0,0,0.0,0.0,0.0,741.1111111111112,0.0,no_rewards,False,0.0,False
pool1luwt2c73ng94v20qv75dcyduml727s39w3yr8xvx6eue6ae58h2,QSTKE,340.0,0.01,500.0,0.0,3841.060475,1.0,0,0.0,0.0,0.0,741.1111111111112,0.0,no_rewards,False,0.0,False
pool1luyjjta9jja0nvh4wzqt4jvtesrlt893dj4c7x533dvfq9zshvp,RXR,340.0,0.02,100.0,15505.196359,191624.553797,8.0,0,0.0,0.0,0.0,741.1111111111112,0.0,no_rewards,False,0.0,False
pool1lv7v8r8ge22agkuv2astu503d42v749p6rp3sg8l6twuwqm525c,,345.0,0.15,100.0,4578.371497,5341.73636,2.0,0,0.0,0.0,0.0,741.1111111111112,0.0,no_rewards,False,0.0,False
pool1lvgs6gdcgl3lgcc77wxmuyst8x4h9gxcth07pzry0rfsv5ntl3r,BNP,345.0,0.06,2.0,27850.305837,32168529.446252,8.0,28,825.663791,7423.194533,8248.858324,741.1111111111112,1.114089073313343,edge,True,572.0835221038815,False
pool1lvl6pfge9lgjuanu3556x29zglf6s3fw2lf2m823x9duj9gz6tu,LBF5,170.0,0.06,2e-06,183.540082,569.613562,4.0,0,0.0,0.0,0.0,741.1111111111112,0.0,no_rewards,False,0.0,False
pool1lvsa8e0dw6z8g2fkw7prnfa7627wuy5jjexaadck6w5sxw5xkvm,DIGI2,340.0,0.04,215000.0,215033.046198,32775756.14962,1408.0,22,624.577909,5861.319152,6485.897061,741.1111111111112,0.8427587977511243,losing,False,371.81367048832954,False
pool1lwp52dj9762g7uk2jk3czwywxqaa4753v7x2v56qr5l2znkky4h,PMP,340.0,0.02,1000.0,1000.713424,1000.713424,1.0,0,0.0,0.0,0.0,741.1111111111112,0.0,no_rewards,False,0.0,False
pool1lx7hdfz430vmrwhkrdgxu8c0xclffltavmkejpqzzz4ax0lnfvd,NIGHT,340.0,0.0,1000.0,1003.618222,1063339.389824,103.0,0,0.0,0.0,0.0,741.1111111111112,0.0,no_rewards,False,0.0,False
pool1lxhlu48gq0606mj6k20mh56zz804zf7narxvmty4pd3mgee65e5,ORPH,340.0,0.01,50000.0,182925.74382,226848.173372,6.0,0,0.0,0.0,0.0,741.1111111111112,0.0,no_rewards,False,0.0,False
pool1lxqewhueg4hzyad766zhdwsjet5348ww8mzejf6fprxaw8wfq5s,YOON,340.0,0.02,100000.0,199604.455865,8808979.668723,69.0,0,0.0,0.0,0.0,741.1111111111112,0.0,no_rewards,False,0.0,False
pool1lyh8e725vttnkr5eylgfap7pmnmkrk0wznpkfl8qxahyqe2agcu,ETO14,340.0,1.0,0.0,0.0,19232.364293,1.0,0,0.0,0.0,0.0,741.1111111111112,0.0,no_rewards,False,0.0,False
pool1lyvg6ukqpumsr6wz0jvh7xutcgdtcyyde4wkvptzyl8rql4n3c6,FLAIR,500.0,0.0,38000.0,63258.836836,552693.233724,38.0,1,294.642431,0.0,294.642431,741.1111111111112,0.39756849760119933,losing,False,100.13930668423893,False
pool1lyvtenf7325hsrtdgeqsv7yau6hyq7ztpdwwdeqcueh8s83h34l,,340.0,0.0333,125000.0,0.0,0.0,,0,0.0,0.0,0.0,741.1111111111112,0.0,no_rewards,False,0.0,False
pool1lyxxsvl8tulypzj6rql4yaw9rsh6q6237fmfmj76a4mfsrz40gk,BOX,340.0,0.01,25200.0,0.0,10589.719757,2.0,0,0.0,0.0,0.0,741.1111111111112,0.0,no_rewards,False,0.0,False
pool1lz95nzjjmr6449lk0avhplw9678m6kxghvxzg2yfcmy3vl0k6jl,,340.0,0.035,100.0,103.230899,103.230899,1.0,0,0.0,0.0,0.0,741.1111111111112,0.0,no_rewards,False,0.0,False
pool1lzg07gaddygem6f5ch60yv0l0g2529af87hqgw6gkqdmsfs39z9,COSMV,170.0,1.0,100.0,122.084935,122.084935,1.0,0,0.0,0.0,0.0,741.1111111111112,0.0,no_rewards,False,0.0,False
pool1lzupr43772kfux007sdt02vlx7uzmfcplrwmxntdztxmwv9myrj,CRCI,340.0,0.02,57000.0,144722.045294,480519.892256,92.0,0,0.0,0.0,0.0,741.1111111111112,0.0,no_rewards,False,0.0,False
pool1m06dl8dfcy6d0475fanf0mtnnp2tzhw8rarums042q3jux23q0j,BTCS,170.0,1.0,100.0,7693.765635,36128036.15826,355.0,34,10016.474624,0.0,10016.474624,741.1111111111112,13.515483000899549,strong,True,10016.474624,True
pool1m0drnjxsvnlesq0rwmur2rh6lenuql57jfzd6cf6aegj2cv7ugy,MURA1,170.0,0.015,500.0,1805.065577,60487307.467683,1807.0,75,499.52246,21591.684536,22091.206996,741.1111111111112,0.6740183118440779,losing,False,405.89025867460344,False
pool1m2tgjxn880a3v6w4v3uf3kz9kduhvtr97slmpwnppd6r63230sm,,340.0,0.0,123450.0,1.044631,1.044631,1.0,0,0.0,0.0,0.0,741.1111111111112,0.0,no_rewards,False,0.0,False
pool1m3gg43uhtetn4hmw79u8836dyq8qe4cex8qnn6mks5egza7n6tp,ULTRA,340.0,1.0,1000.0,3091.501361,2138598.285164,1932.0,4,1178.412879,0.0,1178.412879,741.1111111111112,1.5900623554722637,edge,True,1178.412879,True
pool1m3h5p82m6v99nda37rmed8vrkqt43e2a8d89k76gw5ets0gdyag,BANK,340.0,0.045,10000.0,10000.375823,3266747.340346,1523.0,6,408.419464,1359.214662,1767.6341260000002,741.1111111111112,0.5510907310344827,losing,False,156.1169634864394,False
pool1m3tqw6s5dphrlkxyr97faxk4cm3gwejv54mtyfd6w34dsx429eu,ECOP,345.0,0.0,100.0,597.625746,597.625746,1.0,0,0.0,0.0,0.0,741.1111111111112,0.0,no_rewards,False,0.0,False
pool1m3wam7j8xjahp5mq03rfkcfcy45kevzfyekmdy74x8ghgpm5cdz,,340.0,0.03,27700.0,27712.036094,122680.092731,8.0,0,0.0,0.0,0.0,741.1111111111112,0.0,no_rewards,False,0.0,False
pool1m42um4nhc654jyjasdk6mu4q38yf3qcswqcr4q2ysc6sjhyve9n,,340.0,1.0,76800000.0,76890136.12774,76890136.12774,1.0,74,28222.754103,0.0,28222.754103,741.1111111111112,38.08167720044977,strong,True,28222.754103,True
pool1m4awll97kncxpantx2cvswt3yfh0sqkhzzg7m2rstyy36udnt29,FGMTN,170.0,0.1,2e-06,5.046709,5.046709,1.0,0,0.0,0.0,0.0,741.1111111111112,0.0,no_rewards,False,0.0,False
pool1m4enp55hp80tf6xl7k6f6593wnyu3pr83xfvef9x3ktdw9m0em5,AZUR2,340.0,0.02,500000.0,2964503.266355,20910961.86112,3733.0,16,1036.536445,3684.314976,4720.851421,741.1111111111112,1.3986248883058467,edge,True,813.3770014209987,True
pool1m4nc6ea8htk9t58yx43sqluln7cp2a6qmzq257uudrvtkue8vw3,,340.0,0.01,25000.0,1.817228,712.881149,2.0,0,0.0,0.0,0.0,741.1111111111112,0.0,no_rewards,False,0.0,False
pool1m4njkh73pdj90xxkgaz9dnh7gffweeupft8nfurlntg6cgqfmy8,MAVAN,170.0,0.01,100.0,6247.377549,14410850.358553,4.0,11,202.024103,3038.600037,3240.6241400000004,741.1111111111112,0.2725962409295352,losing,False,108.01487605387939,False
pool1m4r66650ugw2xshz3gtred6wdxcn65v48r0r6p4vy64dy276q8h,,340.0,0.075,0.0,2.411433,4.105189,4.0,0,0.0,0.0,0.0,741.1111111111112,0.0,no_rewards,False,0.0,False
pool1m5chjwkxs3w5l43uf4y9ys2pprqxv86ffdm0fr4n38np2c7mhg6,,340.0,0.01,500001.0,0.0,55.651486,2.0,0,0.0,0.0,0.0,741.1111111111112,0.0,no_rewards,False,0.0,False
pool1m62sl6rauje9cknrkhwl39tc4hujudkd7gp478dpz7tagmjr8wm,,340.0,0.0349,35000.0,55549.546754,16029898.679213,4033.0,20,552.365122,5338.984445,5891.349567,741.1111111111112,0.7453202545727136,losing,False,297.44297152399304,False
pool1m6awcstjzafepr5dwan54gemvh4y8dlvmqjtpwxsa7uqurcuq0l,,340.0,1.0,76800000.0,76889869.543211,76889869.543211,1.0,89,33943.55566,0.0,33943.55566,741.1111111111112,45.80089969115441,strong,True,33943.55566,True
pool1m7eljcrzd593cawzwpts00mmnxnj52kr9da8r264r7c4kfd4m0h,,340.0,0.13,0.0,0.0,3866.076017,4.0,0,0.0,0.0,0.0,741.1111111111112,0.0,no_rewards,False,0.0,False
pool1m7mmef85qylqdqa3skut8a7akklp5myaanrn0gqzsfg37j3vms8,REM,340.0,0.02,30000.0,0.0,10.899413,1.0,0,0.0,0.0,0.0,741.1111111111112,0.0,no_rewards,False,0.0,False
pool1m80jrruqnynpuqvmm5cyhxjqy2q8pnnpyu40sd02z0gkzehqxua,,340.0,0.01,50000.0,750.760012,3233.967812,2.0,0,0.0,0.0,0.0,741.1111111111112,0.0,no_rewards,False,0.0,False
pool1m83drqwlugdt9jn7jkz8hx3pne53acfkd539d9cj8yr92dr4k9y,BKIND,330.0,0.01,5000.0,6027.255412,1701391.771424,130.0,1,294.607762,0.0,294.607762,741.1111111111112,0.39752171784107937,losing,False,77.96626810365012,False
pool1m90qdgknvwdewy6n7dz9ufkfqtscvdaqnw3q2vaphp20z27w706,KRAY1,340.0,0.015,100.0,1187.238209,1187.238209,1.0,0,0.0,0.0,0.0,741.1111111111112,0.0,no_rewards,False,0.0,False
pool1m93zq87dml37q6x97fqkx22qf2l0pj40pmpz86xer0ecc9vtsud,PAWS,170.0,0.0,1000.0,1004.936177,1004.936177,1.0,0,0.0,0.0,0.0,741.1111111111112,0.0,no_rewards,False,0.0,False
pool1m9h0ndgxlgxa63wsszv7a6l4x8lur35wktlnrycme6t852xrq76,VVM1,340.0,0.015,20000.0,20803.11149,20825.937233,2.0,0,0.0,0.0,0.0,741.1111111111112,0.0,no_rewards,False,0.0,False
pool1madkc465h6e9887ctj2adnky2t46km277wt3rs97hlzukzl4rx9,DEM,340.0,0.5,150.0,167.020519,500.954444,3.0,0,0.0,0.0,0.0,741.1111111111112,0.0,no_rewards,False,0.0,False
pool1mayjfth7yz6mpd4hhtcwl974ut8hld8hls2f07rrdul3ypqt9rm,LFG,340.0,0.0,180.0,0.0,0.0,,0,0.0,0.0,0.0,741.1111111111112,0.0,no_rewards,False,0.0,False
pool1mc4h5pk0juqfd5lj08d09d9tfeyd86v7se4kq2jyu9j0jy8ey4y,,340.0,0.02,10000.0,4.367959,13052.27821,12.0,0,0.0,0.0,0.0,741.1111111111112,0.0,no_rewards,False,0.0,False
pool1mctfqjen6qflfk65vz2hm8zse0a6e3g289hc0rgvrml777g85yq,VELA,340.0,0.01,100.0,101.053977,844.013198,9.0,0,0.0,0.0,0.0,741.1111111111112,0.0,no_rewards,False,0.0,False
pool1mcvq2z34f9cfdmkd97famsh20ekqtndw246ny5e8ug3mxfdf4zq,HIVE,170.0,0.01,10000.0,184991.334332,1753566.999595,84.0,2,217.976051,371.250738,589.226789,741.1111111111112,0.29412060854572714,losing,False,133.84778633877147,False
pool1mcwcfl96ew79rmj4zxehr33p55e4e62dt4whyr2vqesswp9mmvz,MYB,340.0,0.0,1000.0,3054.637865,4809760.503085,269.0,6,340.906668,1426.712516,1767.6191840000001,741.1111111111112,0.45999400479760116,losing,False,76.07496800457227,False
pool1md2zw92j6ye2m2dl34x6pvp8phdpjcknay72tzrz4vcq523druq,HOOAH,340.0,0.025,52500.0,0.0,0.0,,0,0.0,0.0,0.0,741.1111111111112,0.0,no_rewards,False,0.0,False
pool1mdyuct0kgd0hcjjnea999me5dxqpepr4y8du4smegfm3vlr37w5,AY1,340.0,0.0,100.0,583.588581,905737.350478,328.0,0,0.0,0.0,0.0,741.1111111111112,0.0,no_rewards,False,0.0,False
pool1mdzxt5rl2sgnehedgnl0jwk8vumsglequrap26qgg0uwg4cuq52,FGMT4,170.0,0.1,2e-06,9.820727,10095123.935918,6.0,11,477.064977,2763.557909,3240.622886,741.1111111111112,0.6437158610194902,losing,False,391.56506021989406,False
pool1me68mzk9kephj0yqya6xu9jefjvtg0dvmly3m9sy67cezrexalx,BNP,345.0,0.06,2.0,49370.119768,1468354.162115,10.0,0,0.0,0.0,0.0,741.1111111111112,0.0,no_rewards,False,0.0,False
pool1meljzszklf23y97ka5sjqwasnel50xe5ar68gz70slm0jmt2wxs,MRPHM,340.0,0.03,1000.0,1090.494635,63267.738288,137.0,0,0.0,0.0,0.0,741.1111111111112,0.0,no_rewards,False,0.0,False
pool1mfgqn8n658vjdcvg3xgtr3qyet64fht0dzsukqeznxw36z8g2k6,CSN2,340.0,0.0189,10000.0,11623.649044,3846303.587718,144.0,3,351.891022,531.949254,883.840276,741.1111111111112,0.47481547196401797,losing,False,92.68522364680085,False
pool1mfm9nf0fc2wknc94dxyedny3vxtmv4t05arq7czyxsmg7qcy76n,BYADA,340.0,0.0,1.0,1.0,1914.491173,15.0,0,0.0,0.0,0.0,741.1111111111112,0.0,no_rewards,False,0.0,False
pool1mfyzxyggryp0jhgghvzas7qjdyz2rcfnm5rfq8s9uefvukrlps5,BD6,340.0,0.03,200.0,3062.090036,76113432.223466,9.0,56,825.362413,15672.366875,16497.729288,741.1111111111112,1.1136824163418289,edge,True,568.3227542124218,False
pool1mgpcx225587y9uf2zcwrputd3kj70jfpf654ca86dehuw5qk5pf,,340.0,0.0299,75000.0,0.0,209.736273,2.0,0,0.0,0.0,0.0,741.1111111111112,0.0,no_rewards,False,0.0,False
pool1mgpzhdjucv0hyyndzq08la7m5h645wmsat35gxy9fv6au9k7eg4,,340.0,0.015,500.0,997.620818,1029.618662,2.0,0,0.0,0.0,0.0,741.1111111111112,0.0,no_rewards,False,0.0,False
pool1mh4ng2ldxk4sqfppzu6r4knxrk6e87e9c4wgrred84uy7xauzlh,CCV2,340.0,0.03,500.0,503.118476,32506458.223561,4519.0,28,577.384963,7588.202385,8165.587347999999,741.1111111111112,0.7790801599700149,losing,False,317.83908578790164,False
pool1mh5qagd86gndurjs44k9dwurktdr7rra9prm5wwf09c77cwwaqw,CPATH,345.0,0.01,100.0,10175.696117,10687.792319,2.0,0,0.0,0.0,0.0,741.1111111111112,0.0,no_rewards,False,0.0,False
pool1mhrvkx5vfv7ygd55wsknycz2a8d6gd6y8m8rgdnqwa7jcy34g05,MCRP,340.0,0.0,3110.0,15243.976509,15243.976509,1.0,0,0.0,0.0,0.0,741.1111111111112,0.0,no_rewards,False,0.0,False
pool1mhww3q6d7qssj5j2add05r7cyr7znyswe2g6vd23anpx5sh6z8d,GMBL,340.0,0.0314159,18000.0,20321.893018,567059.732206,185.0,0,0.0,0.0,0.0,741.1111111111112,0.0,no_rewards,False,0.0,False
pool1mk9k389xy5szdzyc0fpty66fu93rhwnar3202vy0d7w9ue2rycu,,340.0,0.0,10000.0,100.192887,5727.08473,23.0,0,0.0,0.0,0.0,741.1111111111112,0.0,no_rewards,False,0.0,False
pool1mkjtce8r8yeku0mmc9vpwl0scuwuwc8lz89ckpj3k0kwgvlunv5,RSNG,340.0,0.05,10000.0,15386.377165,14079707.68728,4148.0,12,503.085394,3032.237427,3535.322821,741.1111111111112,0.6788258689655172,losing,False,251.60852674138974,False
pool1mkprng8gaw4uzkd0x9ppjw5y52gv2qnwuet9dtvmdy6fkjuv9u3,ETO15,340.0,1.0,0.0,0.0,0.0,,0,0.0,0.0,0.0,741.1111111111112,0.0,no_rewards,False,0.0,False
pool1mkw6psku0jvaw60uqleul9jxlmyt2xet3urjrgu6735ryxtga60,CRYL,170.0,0.01,15800.0,17113.652155,101365.782198,7.0,0,0.0,0.0,0.0,741.1111111111112,0.0,no_rewards,False,0.0,False
pool1ml8hj9zhv5esld4dwuxrkda0ktclw4g5xfggg86nw3majud2uf6,,345.0,0.15,100.0,548.60634,548.60634,1.0,0,0.0,0.0,0.0,741.1111111111112,0.0,no_rewards,False,0.0,False
pool1mltwh4elef39dkuuz058lgfuvx79c5wcnz3szau3arhsyq22ace,PARTY,345.0,0.03,25000.0,6.553927,90738.500126,5.0,0,0.0,0.0,0.0,741.1111111111112,0.0,no_rewards,False,0.0,False
pool1mlw3uh4m8qy0jlc8x0amx58gwt5xz277ya60xk6xv5daxjzt2gs,ASTRL,170.0,1.0,100.0,121.484627,171.162648,2.0,0,0.0,0.0,0.0,741.1111111111112,0.0,no_rewards,False,0.0,False
pool1mmrh2l3t5r7w5l7e82ven0e595vhgvu0hyf4ttrgcyejq8gwqcm,FKAI,340.0,0.1,0.0,1.530598,76.874263,3.0,0,0.0,0.0,0.0,741.1111111111112,0.0,no_rewards,False,0.0,False
pool1mn0ydnu5tt4w80y3dxdsajddhdz03p6mudk8vlh55r5exqywxhh,,340.0,0.01,1.0,1.86549,1.86549,1.0,0,0.0,0.0,0.0,741.1111111111112,0.0,no_rewards,False,0.0,False
pool1mn6relcs7dn2fqzfq5yjlwxa49d900p5sdpw62jlx45k2djgwe4,RED,170.0,0.0,12059.0,32610.477122,24461256.587203,383.0,20,177.628695,5714.687517,5892.316212000001,741.1111111111112,0.23967889880059967,losing,False,82.75534390747984,False
pool1mnghpud4rypv76fgq5urhzaujlevp94tjxug6556e9qyua43ktl,TRDMK,345.0,0.15,100.0,107.618574,5612.300437,5.0,0,0.0,0.0,0.0,741.1111111111112,0.0,no_rewards,False,0.0,False
pool1mnhywmx87p5dlsk86szshumnn5pljdnacr0e8zsq2v32ckh5wyf,,340.0,0.015,100000.0,25.522547,43014.883895,40.0,0,0.0,0.0,0.0,741.1111111111112,0.0,no_rewards,False,0.0,False
pool1mqy259k253xryf4hvdq0n72n2uvadcgp34r0fxwpqzm0z5n0qp6,SPS4,340.0,0.05,1000.0,13240.958287,17012662.373354,189.0,16,561.916389,4151.735044,4713.651433,741.1111111111112,0.7582080211394302,losing,False,310.3623217587814,False
pool1mrxg6svcug7mc459ce5zum4qd6p0hkfc08jzpphxfnxzz8yf7ll,PET♥,200.0,0.0,10000.0,12855.476493,513103.16952,90.0,1,202.370475,92.242738,294.613213,741.1111111111112,0.2730636094452773,losing,False,80.50227062505732,False
pool1msfz0v3yrzl3k5njsm92uw59cfs5uepajs4a62rxfm5xke9d2zr,,340.0,0.01,600.0,1047.231164,1047.231164,1.0,0,0.0,0.0,0.0,741.1111111111112,0.0,no_rewards,False,0.0,False
pool1mt8sdg37f2h3rypyuc77k7vxrjshtvjw04zdjlae9vdzyt9uu34,ABLE,170.0,0.0,5000.0,21118.02751,45347647.984388,592.0,43,175.820278,12491.947467,12667.767745,741.1111111111112,0.23723875592203897,losing,False,80.86434859328327,False
pool1mtmjss36km0v4qzn4eqvv440ed9flwqtkp4g8lp0ueu8zy6hvpl,,345.0,0.005,500.0,942.823411,0.0,,0,0.0,0.0,0.0,741.1111111111112,0.0,no_rewards,False,0.0,False
pool1mtnhc34ylrthfu7vzja3em2j5csaq3ewd5z294hs8xw2w6nupuf,,345.0,0.025,33000.0,1279.861864,1360.197288,5.0,0,0.0,0.0,0.0,741.1111111111112,0.0,no_rewards,False,0.0,False
pool1mtuhuh8hkf8am0qzx45y58kll8q83sjh6pwljrflcmw970d82f3,KILN6,340.0,0.03,100.0,3115.03727,67774814.768336,25.0,86,1090.988043,24244.800703,25335.788746000002,741.1111111111112,1.472097809145427,edge,True,833.9498572611204,True
pool1mtxmk0skqkr5y0wxnxps4n35j6wn9q8dfr82y423vvlp53vccux,KILN3,340.0,0.03,100.0,1391.94329,12503444.289653,40.0,12,436.201826,3099.02449,3535.2263159999998,741.1111111111112,0.5885781760119939,losing,False,179.18044217362063,False
pool1mugxe86p0p6fzeesthdzkuk3h9xtndf4my9cznmxtmpvujzlw4f,Kings,340.0,0.01,5000.0,12.691233,12.691233,1.0,0,0.0,0.0,0.0,741.1111111111112,0.0,no_rewards,False,0.0,False
pool1mv7z7jzats0g3s36rd6sk08ew6wg4pf7ulu9uvd6grpdc0mh7e0,,340.0,0.05,1000.0,0.0,0.0,,0,0.0,0.0,0.0,741.1111111111112,0.0,no_rewards,False,0.0,False
pool1mvk6eup390pja32f2r9fgeus5sr5u8l6x9ver65tf7q76t6309z,GSG,170.0,0.015,100.0,367.289456,3209.593764,2.0,0,0.0,0.0,0.0,741.1111111111112,0.0,no_rewards,False,0.0,False
pool1mvl09pgsejrudghjhq79qurugrvqy3pceznp7f9vz63n7ku7jqx,AMZ1,340.0,0.0,5.0,2267.520132,14588892.642878,197.0,16,340.679784,4370.18073,4710.860514,741.1111111111112,0.45968786446776605,losing,False,75.7205418054653,False
pool1mvtxupzcgdtslv2sw0l3f4zlhd3a69fue6gu0vhqz47w7j5zryx,FGMT5,170.0,0.1,2e-06,9.820727,10435269.419538,4.0,11,477.064889,2763.557998,3240.6228870000004,741.1111111111112,0.6437157422788605,losing,False,391.56496997685235,False
pool1mw8jpnmxd22vw4h68uqw70nx24vfju4aav9rznesc4vnjnt68g4,OZGRN,340.0,0.0,500.0,30.689354,4845.770281,14.0,0,0.0,0.0,0.0,741.1111111111112,0.0,no_rewards,False,0.0,False
pool1mwp8ewtzmun0426v9z0h9um2amswgfzn78rckfl2fc3t5sy0m5g,AACC,340.0,0.01,10000.0,62273.580872,9334656.634461,45.0,8,373.489767,1983.417947,2356.907714,741.1111111111112,0.5039592058470763,losing,False,112.88996238340142,False
pool1mwv76cr0znehqxe23xk4ylhr0j6gwsjxf2cvwjxm0ewdgcjzw3e,,345.0,0.15,100.0,8.442161,33387.952777,4.0,0,0.0,0.0,0.0,741.1111111111112,0.0,no_rewards,False,0.0,False
pool1mxqjlrfskhd5kql9kak06fpdh8xjwc76gec76p3taqy2qmfzs5z,IOG1,340.0,0.07,5000000.0,5000558.043187,10180255.298463,1031.0,4,788.572828,402.903325,1191.476153,741.1111111111112,1.0640412971514241,edge,True,663.1791982548733,False
pool1mxv85lq4lvuqx8r83lmwlvqhtnu3qjy0lldhsv83rfnj5ed7vyg,,340.0,0.006,1000.0,8.247561,8.247561,1.0,0,0.0,0.0,0.0,741.1111111111112,0.0,no_rewards,False,0.0,False
pool1my7sevxtc4dfvj626q0ujqqukntfa2v0uuydq6wd8x8hvml03rn,POWER,340.0,0.0,500.0,3508.604444,107137.276004,162.0,0,0.0,0.0,0.0,741.1111111111112,0.0,no_rewards,False,0.0,False
pool1myvgx4ef424e6nw2strqq7dxcepav52plyyhxrk0avaw7y098l2,COOL2,170.0,0.02,50000.0,52749.960151,40203955.740781,1088.0,36,392.175514,10214.874544,10607.050058,741.1111111111112,0.5291723577211394,losing,False,299.1832983399318,False
pool1myw0304x7q2zuk24pzmf2rwwcwlh9p29pnj257zzjcd9j29s4xl,,400.0,0.01,100.0,340.417081,340.417081,1.0,0,0.0,0.0,0.0,741.1111111111112,0.0,no_rewards,False,0.0,False
pool1mzcwrurfd3afzp0xz84423q8xxdxj0ju5h4sse73hx4msvqra9t,,340.0,1.0,0.0,13151568.669862,13151568.669862,1.0,9,2651.418727,0.0,2651.418727,741.1111111111112,3.577626468215892,comfortable,True,2651.418727,True
pool1mzf0vc58p7ktgs5gqzqrcwtrs4xnlpd5v9thzl7gahqj7f7aqye,MPN,345.0,0.03,100.0,1.132205,104.616489,2.0,0,0.0,0.0,0.0,741.1111111111112,0.0,no_rewards,False,0.0,False
pool1mzn7a7h4ghv35d7hm7lepzcc8vkwq38qajnnuqalc60mkl0recn,,340.0,0.05,300.0,304.534015,314.271584,3.0,0,0.0,0.0,0.0,741.1111111111112,0.0,no_rewards,False,0.0,False
pool1mzry5s8pkfy42ul2xevaq7dk6qae8247hqd8serm3ms06glvny0,SCP,340.0,0.01,191.0,2163.517774,74537.486574,17.0,0,0.0,0.0,0.0,741.1111111111112,0.0,no_rewards,False,0.0,False
pool1n0tqrkw62zmr20h9jz5ev2ph428ym49wt2z0mq4vlylf5u0sv7y,LANKA,345.0,0.05,25000.0,25001.617254,59291.546128,11.0,0,0.0,0.0,0.0,741.1111111111112,0.0,no_rewards,False,0.0,False
pool1n0uxgs5qfk5n9xl7qvq9jt8zuu02cntrsjnjayjlqtejyffnemj,EVE7,400.0,0.04,10.0,11.51385,58380235.134317,3478.0,56,1043.911734,15423.301983,16467.213717,741.1111111111112,1.408576552623688,edge,True,730.6916522644561,False
pool1n20x3spgcj72k0azl85gxt72qzr2eq7sr53tlmwdg8wrz60ynzn,MAMAK,340.0,0.0001,50000.0,8859.727556,8859.727556,22.0,0,0.0,0.0,0.0,741.1111111111112,0.0,no_rewards,False,0.0,False
pool1n2j7zmw69gf3weqp3wae234p3lykjks49c84mleqgmnmg4jht3y,YORK,340.0,0.01,50000.0,50103.811902,140114.668803,33.0,0,0.0,0.0,0.0,741.1111111111112,0.0,no_rewards,False,0.0,False
pool1n2yp66zk6m33sg8k20hsvmk9tw7xeeswzdcfxhnx9hm9jkxv5k4,ONE1,340.0,0.01,100000.0,140765.715416,3397195.4833,897.0,3,367.762764,503.52145,871.284214,741.1111111111112,0.49623161559220386,losing,False,115.62761590209206,False
pool1n353xqapcq8wtyskm8cj4g04t8rv03lteyl30c42zug7kzv8vqz,NES,340.0,0.0,0.0,1551.240629,700388.903659,48.0,0,0.0,0.0,0.0,741.1111111111112,0.0,no_rewards,False,0.0,False
pool1n3agd6rep8jw3gff684mja56ns6wqmshayu0av7hxcgx7f4pnwy,,340.0,0.0,1097.0,1097.096991,4593.359052,3.0,0,0.0,0.0,0.0,741.1111111111112,0.0,no_rewards,False,0.0,False
pool1n3sjq3qvu5vvcd6aud6ndcwq7r3ghmkafcg60gznlwfrk2ucxku,ANVIL,340.0,0.05,100.0,484.005065,444588.295146,976.0,1,294.602194,0.0,294.602194,741.1111111111112,0.39751420479760113,losing,False,86.20722801727126,False
pool1n4fq4gw6snzqjep3pylj8dc6aaa4xgn78gl58k360dqdw6a58g8,PEPE,340.0,0.0369,42000.0,173967.966096,1507273.007327,44.0,0,0.0,0.0,0.0,741.1111111111112,0.0,no_rewards,False,0.0,False
pool1n500map6vvxwkxnrw5m9vgmjqrmtaxuuxkgqvzz7699c7qc550v,TEXAN,340.0,0.005,190000.0,204308.500816,855855.083243,57.0,1,294.771079,0.0,294.771079,741.1111111111112,0.3977420856071963,losing,False,128.29997571264823,False
pool1n5kljtvdhg29vrhr6uefqk76dpepzfwuvsw8zd0z5yqfuqj7x8a,,340.0,0.01,25000.0,25799.962155,237876.182717,5.0,0,0.0,0.0,0.0,741.1111111111112,0.0,no_rewards,False,0.0,False
pool1n5shd9xdt4s2gm27fxcnuejaqhhmpepn6chw2c82kqnuzdtpsem,ZOE,340.0,0.0,5000.0,10003.852578,190524.81102,109.0,0,0.0,0.0,0.0,741.1111111111112,0.0,no_rewards,False,0.0,False
pool1n5ytegzw3enscfw4t8wsjytrz228agvm9c3xaarce7pgjzftdtx,_Q_,170.0,0.01,25010.0,35197.688805,170595.914687,23.0,0,0.0,0.0,0.0,741.1111111111112,0.0,no_rewards,False,0.0,False
pool1n62v2xsrnpyyaav2mgauwzn40u8hfzavt520vsaehz252v2tf7u,GUILD,345.0,0.2,500.0,527.625746,2800.352071,8.0,0,0.0,0.0,0.0,741.1111111111112,0.0,no_rewards,False,0.0,False
pool1n6erydn8x79sa3fmrqmj7mcyqa9em5fppr447j6d9k0xwfl7sc5,CF4,170.0,1.0,76000000.0,76301500.320156,76301500.320156,4.0,91,34564.685858,0.0,34564.685858,741.1111111111112,46.63900640509744,strong,True,34564.685858,True
pool1n6w5q9hw3gj6574uts75mkyrqcm702n240fxlk5df4sf7a7vlvk,,345.0,0.02,100.0,138.742943,138.742943,1.0,0,0.0,0.0,0.0,741.1111111111112,0.0,no_rewards,False,0.0,False
pool1n6z7rf722heq35v2dxvstfwezgdt8cv0mftpv4r9jay3wjk2kkt,YKSP,340.0,0.01,5000.0,88141.682748,2640981.274002,16.0,2,350.726448,238.489082,589.21553,741.1111111111112,0.4732440827586206,losing,False,97.13227345417633,False
pool1n75mtv5qwzquyq2cprnu7yqpnyg4ppagpzvcw6gk2un5vadg48a,CDMS,340.0,0.01,1000000.0,1110506.46455,1142435.959999,7.0,1,294.75887,0.0,294.75887,741.1111111111112,0.3977256116941529,losing,False,288.67833491149224,False
pool1n7s5kpymwd0zsld8q23tpf7z5esjaqwmnnzzssee5630zpx5ww0,RABIT,170.0,0.0,150000.0,159195.564133,1632727.582821,214.0,0,0.0,0.0,0.0,741.1111111111112,0.0,no_rewards,False,0.0,False
pool1n7zh6hu89v9lz6d8ggjr9xll8q8jqr5aa4qxkfnlfh2uj39802c,ARIA,345.0,0.1,100.0,400.944493,2398.77006,2.0,0,0.0,0.0,0.0,741.1111111111112,0.0,no_rewards,False,0.0,False
pool1n7zhzk2zyvqywfj476s4xk9h0xzncsq37469d8cyg37lsngvvqp,PUB,170.0,0.01,10.0,21.145604,27.20215,2.0,0,0.0,0.0,0.0,741.1111111111112,0.0,no_rewards,False,0.0,False
pool1n8nq690antqxcekkekzk07yp7y7psmm3v6ad6tmkm4v3ulyhz0w,DUST,340.0,0.0,0.0,11.749238,17512.997323,22.0,0,0.0,0.0,0.0,741.1111111111112,0.0,no_rewards,False,0.0,False
pool1n8xmcjuadnkn8kk9axtjt3ahx5amj4nc8446grdjzfdrzl77xh6,,340.0,0.15,100.0,148.435878,148.435878,1.0,0,0.0,0.0,0.0,741.1111111111112,0.0,no_rewards,False,0.0,False
pool1n940lfxkd7z73qzj5y554yrletrmgg5x2eya9tpglh3uwcqfnud,FUNON,270.0,0.0,1000.0,1542.057747,1328224.717295,450.0,0,0.0,0.0,0.0,741.1111111111112,0.0,no_rewards,False,0.0,False
pool1n96ql32ct37n8w0l9ddhnc2t8tv0uyd6kuhzua8uxy63xs35wgl,,340.0,0.02,1.0,1.42651,80.466289,3.0,0,0.0,0.0,0.0,741.1111111111112,0.0,no_rewards,False,0.0,False
pool1n9vs3ye3939ae8x6jfkf0unksj7q05zgsk2fnm8lhve95w3j0rs,ZOOM,340.0,0.015,1000.0,1354.324795,1402.160582,2.0,0,0.0,0.0,0.0,741.1111111111112,0.0,no_rewards,False,0.0,False
pool1nad4u2vhlwpjd2f52dpgf5rh36ntvdsm38mxmztndtmcscpy82u,,340.0,0.05,100.0,0.0,0.0,,0,0.0,0.0,0.0,741.1111111111112,0.0,no_rewards,False,0.0,False
pool1nc4tjhmg9m2rmhq5thyvn9nvayy28dt0z7h5erhlfw6pzj9usfn,,340.0,1.0,76800000.0,76886308.18368,76886308.18368,1.0,75,28603.816222,0.0,28603.816222,741.1111111111112,38.59585397271364,strong,True,28603.816222,True
pool1ncg357pkgx29g6jrwunk94pwxe409ktxyrw8s0k66vwkc4qdgnu,BIMI1,340.0,0.01,25000.0,40379.105817,1751295.763081,43.0,1,294.630175,0.0,294.630175,741.1111111111112,0.39755196026986506,losing,False,82.20960993086142,False
pool1nchr83fc0hrykvhlnh64n3wlt5vkdu727xjep59znrwzs589jdd,CANDY,340.0,0.01,10000.0,15079.600524,791425.973926,23.0,0,0.0,0.0,0.0,741.1111111111112,0.0,no_rewards,False,0.0,False
pool1ncst8jldzmwa4s874u3x4q7seqjyq3njc89a2w2056m2ywktd6w,PROUD,340.0,0.99,0.0,53.738926,525.997253,6.0,0,0.0,0.0,0.0,741.1111111111112,0.0,no_rewards,False,0.0,False
pool1ndtsklata6rphamr6jw2p3ltnzayq3pezhg0djvn7n5js8rqlzh,,340.0,0.0,10.0,21.63503,1712.12848,13.0,0,0.0,0.0,0.0,741.1111111111112,0.0,no_rewards,False,0.0,False
pool1ndu9fpv7prmp6r6k23lzx6fcpjlvh6upl3w8ghldys467u6vvrl,STAG,345.0,0.039,1000.0,1397.01853,1405.326847,2.0,0,0.0,0.0,0.0,741.1111111111112,0.0,no_rewards,False,0.0,False
pool1nf8990yn76kp9csnfrrl9aar7z8l7pas0jlfu637us5n6sgycem,ZADA,345.0,0.15,100.0,9.619058,5097.814933,3.0,0,0.0,0.0,0.0,741.1111111111112,0.0,no_rewards,False,0.0,False
pool1nffpy6r7l4ueeedzvvzsta2vty9g6mtet6huuhfzyvndkwd35dl,ALAB,340.0,0.01,1000.0,1438.386722,2831814.378411,28.0,1,294.603219,0.0,294.603219,741.1111111111112,0.39751558785607194,losing,False,77.30646160696989,False
pool1ng0wg25mkdkcmryzh5dcw70p0462z7svegxr9c7d2k5cqf9tt2k,,340.0,0.0,54000.0,0.0,466.984959,1.0,0,0.0,0.0,0.0,741.1111111111112,0.0,no_rewards,False,0.0,False
pool1ng3vqzrhn3z45yjdscv3q37n26g2pj3vp99rfkgv6225y8lqg8j,EVE2,400.0,0.04,1000.0,1497.294501,48102135.968122,28141.0,45,914.669998,12251.469256,13166.139254,741.1111111111112,1.2341874035982008,edge,True,599.0367635821931,False
pool1nh9j5qucsddxkzn3m4dm4gxkhwtpya4wm4e0ye2u0puaqgkcm65,FUNGI,340.0,0.03,250000.0,154691.075119,332745.125389,178.0,0,0.0,0.0,0.0,741.1111111111112,0.0,no_rewards,False,0.0,False
pool1nhd907krga9dh69kf0jg4tl0764rravepy337gptvsknxyyx94k,TOPO⚡,170.0,0.01,95000.0,97008.260729,1717361.46993,815.0,4,236.503234,942.314336,1178.81757,741.1111111111112,0.31911980599700146,losing,False,147.7657911482807,False
pool1nhhsh9yhlrvj9e3nce0zpx0xm2xlt6tx7gqakhr6hjc8wy84sat,,340.0,0.99,0.0,0.0,18241145.500486,1177.0,10,2919.960599,26.059668,2946.020267,741.1111111111112,3.9399768202398797,comfortable,True,2917.31006433,True
pool1nhls8e9swnyshldgjknku4npreax075nw0ltrkmrarh4w3skxt9,DAN,340.0,0.025,100000.0,103931.580753,3766555.564796,562.0,6,414.13259,1354.146172,1768.278762,741.1111111111112,0.5587995967016491,losing,False,162.8869879468691,False
pool1nhlv5z2lsptzgcp9ype0mppc7zyndm66ypm4sw5hy27ewdchqx0,P2P3,340.0,0.035,1000.0,13729.288417,27604647.034192,1952.0,27,610.154496,7344.131493,7954.285989,741.1111111111112,0.8232969211394302,losing,False,354.55664808654075,False
pool1nhstzc6dk7d04k83yfccyrylzewhpd422kall4u6a5ck5c0pw3q,K2P,340.0,0.01,100.0,120.856153,130.601408,2.0,0,0.0,0.0,0.0,741.1111111111112,0.0,no_rewards,False,0.0,False
pool1njgax5g706nhknujnntnrx0gyu8zqvrhexwmmp7qrfhjvaumfq4,ABE,340.0,0.02,20.0,32.618266,32.618266,1.0,0,0.0,0.0,0.0,741.1111111111112,0.0,no_rewards,False,0.0,False
pool1njjr0zn7uvydjy8067nprgwlyxqnznp9wgllfnag24nycgkda25,FMD,340.0,0.05,0.0,0.0,70021526.795307,5.0,63,1250.996554,17308.934539,18559.931093000003,741.1111111111112,1.6880013472263866,edge,True,999.2465546500002,True
pool1njs6ejpvdkt3cee7u8ekqyunmufm82jjrehtg42xd28m7zhzn5v,SSCC,340.0,0.03,0.0,126.660459,126.660459,1.0,0,0.0,0.0,0.0,741.1111111111112,0.0,no_rewards,False,0.0,False
pool1njs7jzx60aht6ws459434lsx37gfmqahwr0uu4y00dd3wwnggym,WINTR,170.0,0.0,16876.688435,19312.826406,222157.771264,25.0,0,0.0,0.0,0.0,741.1111111111112,0.0,no_rewards,False,0.0,False
pool1nll5ghr8cdkl6ppnxpuk6c6vrg9d5kq3tp8d6xjdds5pct6pxj9,BNP,345.0,0.06,2.0,50132.119839,1538179.252664,16.0,1,294.602082,0.0,294.602082,741.1111111111112,0.3975140536731634,losing,False,94.90393040839933,False
pool1nlv8mxyx5juqe5aua9tplr5j9ar4wy950zlya3ul94wkgqmf9z0,,340.0,0.01,236.0,245.204781,245.204781,1.0,0,0.0,0.0,0.0,741.1111111111112,0.0,no_rewards,False,0.0,False
pool1nmnauud7ghvm3l9tyw9fwhgus6vcymqyksynlwjxxjeyx4rrsvx,VODE,340.0,0.02,0.0,0.0,0.0,,0,0.0,0.0,0.0,741.1111111111112,0.0,no_rewards,False,0.0,False
pool1nms3yppslynx2etssx3sslg0mzpc345wzynf64lzjmfyg6ghj9t,,360.0,0.05,100000.0,0.0,0.0,,0,0.0,0.0,0.0,741.1111111111112,0.0,no_rewards,False,0.0,False
pool1nnfwte5lhr8rxjye4a8m8krt5fsu6fs2g39g6ccq09nqqf8sekw,,340.0,0.04,100.0,0.0,25.3,2.0,0,0.0,0.0,0.0,741.1111111111112,0.0,no_rewards,False,0.0,False
pool1npdsmx25352qzj33rk2mtvc6u7c339qs0vv7gy43t7kpcapw95d,,340.0,0.019,100000.0,350.456075,350.501298,2.0,0,0.0,0.0,0.0,741.1111111111112,0.0,no_rewards,False,0.0,False
pool1npx8wwtj8knlavx6h7spcj7sk6n6dd5qa0npk9fcdefd542y9vx,,345.0,0.01,100.0,150.610962,150.610962,1.0,0,0.0,0.0,0.0,741.1111111111112,0.0,no_rewards,False,0.0,False
pool1nq0jx33p0sfa2fux33yklkzssck4kfgaqlgnlc0a7a9ggqzhgnt,,345.0,0.15,100.0,100.622006,110.622006,2.0,0,0.0,0.0,0.0,741.1111111111112,0.0,no_rewards,False,0.0,False
pool1nqheyct9a0mxn80cwp9pd5guncfu3rzwqtmru0l94accz7gjcgl,CAG,170.0,1.0,76000000.0,76301500.0,76359512.065514,15.0,92,34950.547625,0.0,34950.547625,741.1111111111112,47.159659464017984,strong,True,34950.547625,True
pool1nqveuw4q2yw9u9x6yzy260skdwc309krsx32hmgvpyp962mu996,,341.0,0.01,700.0,776.657131,776.657131,1.0,0,0.0,0.0,0.0,741.1111111111112,0.0,no_rewards,False,0.0,False
pool1ns6veetewra0zqlljq36rwt4g3d5s0lnvxmzmx82epph50weacy,,340.0,0.0,2000.0,2029.114459,2141.065397,8.0,0,0.0,0.0,0.0,741.1111111111112,0.0,no_rewards,False,0.0,False
pool1nsaul82z7ytu73q96w2wgj8wrardmrzjkuzaankzn0xuqkj70qm,,340.0,0.019,160000.0,170699.894309,1030009.175188,37.0,0,0.0,0.0,0.0,741.1111111111112,0.0,no_rewards,False,0.0,False
pool1nss40t2xhh7ntgp8ca73u2xd8kzyn3dgtf9jfh0y57kxul9zt82,,170.0,0.01,15000.0,15366.313336,136002.879154,17.0,0,0.0,0.0,0.0,741.1111111111112,0.0,no_rewards,False,0.0,False
pool1nt00f6p0frek3f0jza4u9ka5rey76752j5zkrpldkpqvjspytm3,,340.0,0.025,50000.0,1007.623546,1009.939347,2.0,0,0.0,0.0,0.0,741.1111111111112,0.0,no_rewards,False,0.0,False
pool1nt65pu06tlggjeaer8862fdju98ddrrxa9wnw3k4lhfvgrrgt85,FIXA,340.0,0.0,25000.0,25011.690881,2270138.766004,38.0,2,342.746275,246.514242,589.260517,741.1111111111112,0.4624762331334333,losing,False,80.66596424682375,False
pool1ntfxj2jgvhzen8e86ed679ctukar3vj538ywyyq8ryld66jj4sx,XRAY2,340.0,0.01,100.0,839.94647,8493593.799306,1741.0,8,360.365627,1994.106565,2354.472192,741.1111111111112,0.48625047121439274,losing,False,98.01788873486194,False
pool1ntwurms3f0j4kqe5wfpg9chlasylp0lmuw72m4fn66vnuyrvs8v,MANGO,170.0,0.0,180000.0,249036.227613,1609676.934693,36.0,0,0.0,0.0,0.0,741.1111111111112,0.0,no_rewards,False,0.0,False
pool1ntyzyya7yde0yrna4q9n4g7m0gttpy35jzld9mckmtz0zfm28nq,MMDIG,340.0,0.03,20000.0,0.0,7786.285385,1.0,0,0.0,0.0,0.0,741.1111111111112,0.0,no_rewards,False,0.0,False
pool1nudasuv0lljpe0tswcverqvlh0v4226vgnpsuxn0e9nkvnvcvne,STI,340.0,0.015,50000.0,55582.458871,35796372.365991,5381.0,31,485.367076,8608.386336,9093.753412,741.1111111111112,0.6549180935532233,losing,False,224.07502357686607,False
pool1nuhdrn8v7jrqpqtyrjhqqd2jtjff2pks6sz7qfsurp96vqdswz5,,340.0,0.05,10000.0,0.0,0.0,,0,0.0,0.0,0.0,741.1111111111112,0.0,no_rewards,False,0.0,False
pool1nw42xqnaplxsx3fq4ytl4x4qqvhs7g5uymnm906pfvx5636fglw,VIVID,170.0,0.0,15000.0,51214.18689,232455.678712,35.0,0,0.0,0.0,0.0,741.1111111111112,0.0,no_rewards,False,0.0,False
pool1nwcu3al5vfm7t3dtvyuu4hlmlvezd05c5v386q90hlptks4mqw3,AARD,340.0,0.0075,450000.0,472716.140441,704258.123178,5.0,0,0.0,0.0,0.0,741.1111111111112,0.0,no_rewards,False,0.0,False
pool1nwddjgvjrke3e2gu6m0a7y04alhgcx4egec6dd9gahr5sz0p5u9,BZH,170.0,0.022,60000.0,64749.776936,194856.031385,31.0,0,0.0,0.0,0.0,741.1111111111112,0.0,no_rewards,False,0.0,False
pool1nwljjun9hsly0vkuq2kuxzleteyl35j9s8ap4x9yh4lpuglxmu3,,310.0,0.03,100.0,0.0,0.0,,0,0.0,0.0,0.0,741.1111111111112,0.0,no_rewards,False,0.0,False
pool1nwt6mxqus3tpzrshky5h5kykz9rjpxmacrvw0z6yak9uk5p5045,DNEWS,340.0,0.05,40000.0,40320.992855,20102983.972253,2890.0,25,704.697454,6661.149513,7365.846967,741.1111111111112,0.9508661298350823,losing,False,453.43458839882106,False
pool1nwv3c3q62lqcdgp7s0jtl4xldgfnjnt0szkdclk4tzjqzv6kv7n,BNP,345.0,0.06,2.0,48343.383888,1295697.86355,11.0,0,0.0,0.0,0.0,741.1111111111112,0.0,no_rewards,False,0.0,False
pool1nx2g7dzc90uu47e8kp057r59g8z5sz6v0x76wsph8xpcqzqycv7,FLY,340.0,0.0147,1000006.619057,1022937.125506,1036223.696216,5.0,0,0.0,0.0,0.0,741.1111111111112,0.0,no_rewards,False,0.0,False
pool1ny8kyrxev9tc6uekf0kfvc8rv8kwwasf4j95tw9xmlwfvmxv3lt,JBMS,980.0,0.15,500.0,507.078707,507.078707,1.0,0,0.0,0.0,0.0,741.1111111111112,0.0,no_rewards,False,0.0,False
pool1nydxffhrmpn0ft6wpg4l6cwp2jr2glxvx5hxr69xknl0s5p603w,,340.0,0.0,1000.0,0.0,1704.777377,6.0,0,0.0,0.0,0.0,741.1111111111112,0.0,no_rewards,False,0.0,False
pool1nyf8x2xrlmfqwy9shqrlx2csentnzyjmxr0r3w0ljuaqz5ek7qz,1PCT6,340.0,0.01,50000.0,59927.062704,3226731.959638,116.0,1,294.658218,0.0,294.658218,741.1111111111112,0.39758979940029976,losing,False,81.23529294014679,False
pool1nyh6jcznks8wvlek7r7rlvg9hfchfqqyvup39ugkmr6kghrl0as,HNB1,340.0,0.037,100.0,3368.339653,177271.439486,34.0,0,0.0,0.0,0.0,741.1111111111112,0.0,no_rewards,False,0.0,False
pool1nyj2wwps0nk9kn48rtqck5876la35k3j4talj24gpvnauxqsfh3,,340.0,0.02,555.0,564.425881,564.425881,1.0,0,0.0,0.0,0.0,741.1111111111112,0.0,no_rewards,False,0.0,False
pool1nyjw0460ww5qjtpukexuywxdz4lzhy6tm7yygn74lnlcc62hnc8,ETO13,340.0,1.0,0.0,0.0,5507754.22027,4.0,6,1767.612485,0.0,1767.612485,741.1111111111112,2.385084312593703,comfortable,True,1767.612485,True
pool1nyq3fcx438ydyprzfnpg8y8nkekmjqe2gp3mh04e9hv22ljaavj,,340.0,0.0,2600.0,0.0,0.0,,0,0.0,0.0,0.0,741.1111111111112,0.0,no_rewards,False,0.0,False
pool1nz9h4raywm6mu2v8l7htuaqvmn06l3mepuaxynpzlwljsf8txhy,NORTH,340.0,0.0,10000.0,11007.063688,58964339.755068,3106.0,58,343.126325,16736.944621,17080.070946,741.1111111111112,0.462989044227886,losing,False,78.17439149999967,False
pool1nzsjg3cuam3uj39qusn44cs2uj7h30lppqsrqsllwxs2c8fx4xs,BPOOL,340.0,0.04,0.0,0.0,492550.961897,918.0,0,0.0,0.0,0.0,741.1111111111112,0.0,no_rewards,False,0.0,False
pool1p00qq8zftf8m2ll0r9d24fx6tq7yzxzy5teltpswl7zew5m7nqp,TALOS,340.0,0.02,5000.0,5009.601018,73778.442275,66.0,0,0.0,0.0,0.0,741.1111111111112,0.0,no_rewards,False,0.0,False
pool1p0jc0n0sqhj7fhm8sng8086akyyrsl085cvd6ewskhhly9tn3d0,,340.0,0.0,100.0,100.25752,100.25752,1.0,0,0.0,0.0,0.0,741.1111111111112,0.0,no_rewards,False,0.0,False
pool1p2ldp00jsl5l9xpg9m77zavhqmw7amtg5nlf0jwudlu2zaq389s,WOLV,170.0,0.0175,350000.0,374847.95088,377543.360765,13.0,0,0.0,0.0,0.0,741.1111111111112,0.0,no_rewards,False,0.0,False
pool1p2vgec7gamn3zq0pgevauvu5m7gzhzwal48sutz4hc5tk54vnxn,GEM,340.0,0.03,32.0,32.036957,32.036957,1.0,0,0.0,0.0,0.0,741.1111111111112,0.0,no_rewards,False,0.0,False
pool1p39fgnpatsmyln2nyhr64elqfzxxk8q25xtkny97qgnlkllaxry,,340.0,0.005,100.0,120.549939,120.549939,1.0,0,0.0,0.0,0.0,741.1111111111112,0.0,no_rewards,False,0.0,False
pool1p3chxyfv5cfk95hwq5zqjuljrpyk3uk5ua5alpn8rjgkkvvy8ne,IAMX,340.0,0.99,20000.0,9.2373,1319678.915606,991.0,0,0.0,0.0,0.0,741.1111111111112,0.0,no_rewards,False,0.0,False
pool1p42f6kw9lkgw5tn77kqyrc22zrs4uq298p468gacwzw6gq0ckq2,WISE,170.0,0.01,5000.0,9040.276158,929670.740591,60.0,0,0.0,0.0,0.0,741.1111111111112,0.0,no_rewards,False,0.0,False
pool1p4a0vuantvzu9ysk3w430vgxjjfa95g0uz2sw8e4tltjg4jhkwz,LUCID,340.0,0.01,50000.0,57240.808282,57845.04941,9.0,0,0.0,0.0,0.0,741.1111111111112,0.0,no_rewards,False,0.0,False
pool1p4s6gafaqd2w2dft5c5j2zj6grudvmpwsyx9gumzunak688x5tj,,340.0,0.0,70000.0,0.0,0.0,,0,0.0,0.0,0.0,741.1111111111112,0.0,no_rewards,False,0.0,False
pool1p5ja48uqc7pjnuqvwu7cgmspvx938qpnf4zqm0x2k0ngkh4lkjx,SIPO3,340.0,0.039,50000.0,52150.052266,27644538.19888,571.0,23,602.718908,6174.437792,6777.1567,741.1111111111112,0.8132638938530734,losing,False,348.5343098208685,False
pool1p627hhec2ha6wu6ql377c3hv4mjd26w7ll0xyw2ezgnu6nyl0a4,PMW,170.0,0.0,100000.0,136019.848538,528609.129168,19.0,1,202.085986,92.608641,294.69462699999997,741.1111111111112,0.27267974122938526,losing,False,131.5310514712189,False
pool1p693mkpyjphqedgje9sx5k8dzaqsusmw99vh26gd8aszjzkajt4,CCDO,170.0,0.0,200000.0,209193.841334,541997.2808,25.0,0,0.0,0.0,0.0,741.1111111111112,0.0,no_rewards,False,0.0,False
pool1p6hcxptwdpepslluq44shkzgk72k5gsszhhllykdcvts6xnrwvg,,340.0,0.0,100000.0,0.0,0.0,,0,0.0,0.0,0.0,741.1111111111112,0.0,no_rewards,False,0.0,False
pool1p6t3cglz78w32telly44te3d5l30zc0f0mprhehm6jus59m9aaa,UPBIT,340.0,1.0,200000.0,29142954.40477,29142954.40477,1.0,31,9139.700312,0.0,9139.700312,741.1111111111112,12.332429206596702,strong,True,9139.700312,True
pool1p70svj9zrg7lgzkdn8udlslry0t27qs8r9tz9lr955v2yfna2rl,BTV1,170.0,0.02,2.0,9.820727,41585664.529264,11.0,29,337.471146,8205.98926,8543.460406,741.1111111111112,0.4553583679160419,losing,False,244.3711680047325,False
pool1p7mhtnmcst29u7ws7d70lhugg4udywmhdgggy4km0dnnga0tymr,,340.0,0.01,1990.0,0.0,0.0,,0,0.0,0.0,0.0,741.1111111111112,0.0,no_rewards,False,0.0,False
pool1p7x98437an7p6c7jf9zdkd0ekmw077q4a3c3r3lazxr0ccgf5vp,,340.0,0.0,14000.0,2.498742,2.735858,2.0,0,0.0,0.0,0.0,741.1111111111112,0.0,no_rewards,False,0.0,False
pool1p82vmqednsalje23mpnz9u3qt9ruj79xu83mr6p8t93fw5fcu3y,RCADA,170.0,0.01,17000.0,44208.568632,874389.59945,80.0,2,195.177066,394.065057,589.242123,741.1111111111112,0.2633573604197901,losing,False,105.88217055957418,False
pool1p86vmfhr4xnerm4kjltlhxrpzaeqjg30h7p8f6h279ulcty9n7e,,340.0,0.0,0.0,458.257808,458.257808,1.0,0,0.0,0.0,0.0,741.1111111111112,0.0,no_rewards,False,0.0,False
pool1p8a3jea0k5w749jf0jtr7qeer8xth9r0zr8ktmp75heqx0ewyz7,,345.0,0.0195,50000.0,51498.021487,51498.021487,1.0,0,0.0,0.0,0.0,741.1111111111112,0.0,no_rewards,False,0.0,False
pool1p8cgpwp63e08jsckma4y83x4ehc3ynt0tuameh99hmreg0hf7mx,OBI,340.0,0.0,5000.0,1569.643535,1569.643535,1.0,0,0.0,0.0,0.0,741.1111111111112,0.0,no_rewards,False,0.0,False
pool1p8fhygz7ga9hghhwmkr64p3ftn77lxu9nyddvsqszattcdyajc0,SUNNY,340.0,0.02,1000.0,86023.74893,7125858.928682,1095.0,6,385.441997,1382.17678,1767.6187770000001,741.1111111111112,0.5200866526236881,losing,False,128.87709198202296,False
pool1p8gda4td9882kcllejstrzfh84n8cxts0j67dyuuamzdg85cf3a,ALL1,340.0,0.01,10000.0,0.0,33882.154271,1.0,0,0.0,0.0,0.0,741.1111111111112,0.0,no_rewards,False,0.0,False
pool1p8yn95k4wgznc38ezckler84ufc6kxemmsvptv74r3g4zkxj24q,BUDDA,170.0,0.0,610000.0,644021.811407,888421.314302,44.0,2,474.207349,115.443468,589.650817,741.1111111111112,0.6398599911544227,losing,False,448.07338992293046,False
pool1p90ymkn27wj473ve0leq0u6s935atjspsq77kxttyzzqsekqjh3,JSY,340.0,0.01,200.0,203.20022,4907.458502,4.0,0,0.0,0.0,0.0,741.1111111111112,0.0,no_rewards,False,0.0,False
pool1p98qztq2t77u89vvsratsmsx8hu965w4n7xneg5qu7gtgcdude0,,340.0,0.05,5.0,10.0,11.63316,2.0,0,0.0,0.0,0.0,741.1111111111112,0.0,no_rewards,False,0.0,False
pool1p9sda64t6l9802tsu2fj6phvt9xfqgcpjucyr3kek8wzurmn8rz,K8S,340.0,0.0,200000.0,323284.427169,877444.393247,58.0,0,0.0,0.0,0.0,741.1111111111112,0.0,no_rewards,False,0.0,False
pool1p9sjhjx0v3k76wvgdqu7jcks2ra48wqlhc6g0mkewd25k3zcymy,WA2,340.0,0.048935,50000.0,100333.745837,22974474.735402,218.0,20,634.809836,5258.369612,5893.179448000001,741.1111111111112,0.8565649961019489,losing,False,383.8782760783194,False
pool1paxzxl23ygch4ad08m8zu477atpfumdeg6uyrvg579eawvsy77z,VELES,340.0,0.01,2000.0,9.404793,1628.257489,3.0,0,0.0,0.0,0.0,741.1111111111112,0.0,no_rewards,False,0.0,False
pool1pd7x30trlcd86h9x8ya5ch3j4729wudgdh4qrmr6fulh5zm24w9,RXC,340.0,0.02,100.0,2.62271,10.276968,2.0,0,0.0,0.0,0.0,741.1111111111112,0.0,no_rewards,False,0.0,False
pool1pdqcefsvu9mqxfalj5dywcfyymtpqpjqhlnxl99ds62pxv5ungm,SIMBA,170.0,0.01,107500.0,114076.407127,228763.883419,9.0,0,0.0,0.0,0.0,741.1111111111112,0.0,no_rewards,False,0.0,False
pool1peayemzlkmcwn64c455mx8sxdaztq0xuv9hdxlp0kcsxz57up3z,AID1,340.0,0.01,50000.0,50762.282886,1637730.531364,40.0,1,294.657361,0.0,294.657361,741.1111111111112,0.3975886430284857,losing,False,83.93688026894084,False
pool1pemnlylem2e94xguhd3fytj90848kpv4agvr6rthx2tp58z79ek,ACL,340.0,0.01,250000.0,268472.370446,14784590.958904,325.0,15,454.238385,3969.008014,4423.246399,741.1111111111112,0.6129153620689655,losing,False,196.6523762354626,False
pool1peps5qt7kjcnsfh530hya9wa7ww5rplvw3n73efk800mk4unsyg,VSPBM,340.0,0.0,100.0,111.058159,111.058159,1.0,0,0.0,0.0,0.0,741.1111111111112,0.0,no_rewards,False,0.0,False
pool1pf6yhzdr9vpct5rc3dtwersl4lyuglp80l4jc67kf2qj29xjg2u,TAVN,340.0,0.01,1000.0,18829.621053,1477898.227053,711.0,0,0.0,0.0,0.0,741.1111111111112,0.0,no_rewards,False,0.0,False
pool1pfdd8d8n7jx0xnk4uev3x36se87c747w6l2d5x7fanh5w9evhw2,BRAVO,340.0,0.0,501000.0,562003.964957,10732093.047494,394.0,8,445.843552,1915.35704,2361.200592,741.1111111111112,0.6015880011994003,losing,False,194.72070980982232,False
pool1pfl8ssfunf32pe5dyntel7eqc4gutej3f9r70h8ss7v3vesdtks,GOLF,340.0,0.0049,1000.0,1735.056791,5643.104132,8.0,0,0.0,0.0,0.0,741.1111111111112,0.0,no_rewards,False,0.0,False
pool1pfprlfz0ywcnewjegazz05ghgcfkvu40v6edsz6yn8w362sdjr8,ADI,340.0,0.008,80000.0,88186.090379,26901831.386669,1723.0,29,432.333762,8113.764677,8546.098439,741.1111111111112,0.5833588992503748,losing,False,170.3154915812953,False
pool1pg2fxvdpl9d8kdsfln3lvmwwk0apwvw6ykc5fyuc9jamgk6yvmt,,340.0,0.04,25000.0,2313.440393,2313.440393,1.0,0,0.0,0.0,0.0,741.1111111111112,0.0,no_rewards,False,0.0,False
pool1pg2k7lp6w68vlvdycug2ycu3mkrt0z4ftxay4g8zchj87mw6ug8,VJRAS,340.0,0.02,1000.0,1005.1753,1005.1753,1.0,0,0.0,0.0,0.0,741.1111111111112,0.0,no_rewards,False,0.0,False
pool1pgdw8zfuwjkqhkl5fycfkdplkwqkmwvx7gsr2rkvvpnf23wwg8r,,340.0,0.0,128000.0,0.0,3396.396549,2.0,0,0.0,0.0,0.0,741.1111111111112,0.0,no_rewards,False,0.0,False
pool1pgmuramw9waw9ckxsvpxmcn9p6fd4xl5jmavu8jje0x5vuc00l0,ATRMN,340.0,0.03,1000.0,2243.811703,4215836.902474,15.0,4,365.585231,812.827643,1178.412874,741.1111111111112,0.49329341514242875,losing,False,108.67204184327971,False
pool1ph3u549evvr8626xav25vk3sgcwa9llhvcp65q0m0gvz6q2klz3,,345.0,0.01,100000.0,0.0,0.0,,0,0.0,0.0,0.0,741.1111111111112,0.0,no_rewards,False,0.0,False
pool1phc0dedrry2jp2s2tqngcw87vzx3mychvm7qqe3470etzsf3ph7,BROCK,170.0,0.0,20000.0,20519.99193,1687876.873384,158.0,2,175.09693,414.152211,589.249141,741.1111111111112,0.23626272413793098,losing,False,81.25187085013678,False
pool1phgu0sftpeantu8smmve8w2pa0n4jhhxekrls8h8mnyuvm8m5t8,0dd1,170.0,1.0,0.0,6.478225,46234.406817,12.0,0,0.0,0.0,0.0,741.1111111111112,0.0,no_rewards,False,0.0,False
pool1pj5jnehwjtt4esfl0325hr338n98v3kcww3sggce59ugyf2f883,MIMSA,340.0,1.0,100.0,2269.482957,10315314.262026,8.0,7,2062.215363,0.0,2062.215363,741.1111111111112,2.7825994403298346,comfortable,True,2062.215363,True
pool1pj5wv8tvu5f5dpmx6w5wthqy4sg3vs4qjvumg439v0plxgnu8a6,,340.0,0.0,0.0,196.814345,1763.035874,4.0,0,0.0,0.0,0.0,741.1111111111112,0.0,no_rewards,False,0.0,False
pool1pjc7paja05sa5uzukgkc0wn6hfwmx37a50akys5hrhx3j96vf2j,NOMAD,170.0,0.02,10000.0,10597.30394,24258.788842,6.0,0,0.0,0.0,0.0,741.1111111111112,0.0,no_rewards,False,0.0,False
pool1pjmqlsyny06w0x60rfd3seul5xc9pluh3t08y55ylhks28jeh7c,RIZIN,200000.0,0.999,10000.0,312506.479754,24369773.32137,6.0,21,6186.882965,0.0,6186.882965,741.1111111111112,8.34811794377811,strong,True,6180.849457939645,True
pool1pk6q8vjxu0404jzq0dpt7fceyz9yu57lmx5csne8tmce5nx523m,,340.0,0.02,30000.0,9.597366,90.420676,6.0,0,0.0,0.0,0.0,741.1111111111112,0.0,no_rewards,False,0.0,False
pool1pkqtms0pzd2x8phsrxn9kk5gmy4gn79edg9hhldykjd0guv0av9,TAMIL,170.0,0.0,123.0,495.230343,875.945144,3.0,0,0.0,0.0,0.0,741.1111111111112,0.0,no_rewards,False,0.0,False
pool1plgh3y74vhkj7l0wpxtnwtp22czfq004a69y40fptfg4kntvypm,,340.0,0.1,2.0,2.2,13608.637799,10.0,0,0.0,0.0,0.0,741.1111111111112,0.0,no_rewards,False,0.0,False
pool1pm635fj8skdkh0lvhtcygateyt4nt4gj5rap28zqpe7rv0wgdhf,,340.0,0.03,100000.0,2.050621,2.050621,1.0,0,0.0,0.0,0.0,741.1111111111112,0.0,no_rewards,False,0.0,False
pool1pmcgmdd2984nzs2azxmau9umr49sqf3sr0kgphhra6yfg67nt00,,345.0,0.02,10000.0,397.921363,397.921363,1.0,0,0.0,0.0,0.0,741.1111111111112,0.0,no_rewards,False,0.0,False
pool1pmknsy9yqh06fpmduf8vzcvkzpllygjj8uzkjccgvewtq9uc53k,IOGP,500.0,1.0,64000000.0,0.0,0.0,,0,0.0,0.0,0.0,741.1111111111112,0.0,no_rewards,False,0.0,False
pool1pmm654jfx088td54ekkkd0j28x6r5gnjdhnutzggursrxjnpk2y,MURA3,170.0,0.015,500.0,1594.329507,34397056.868909,2542.0,33,313.714408,9275.892305,9589.606713,741.1111111111112,0.4233027994002998,losing,False,218.1534947483497,False
pool1pmrgd8snhv0nnj97xcg70nqqhg0v9g3d0e93jl8vn23wxtsxz53,CALM,170.0,0.015,50000.0,51629.143432,3937490.656437,306.0,7,222.833138,1839.775349,2062.608487,741.1111111111112,0.30067439910044974,losing,False,130.4851077914704,False
pool1pmsjsvnd506xqzwlcavexcl86ta046eqz74xzvt97688urmd0qj,SYS76,340.0,0.1,100.0,205.796251,1196.873739,3.0,0,0.0,0.0,0.0,741.1111111111112,0.0,no_rewards,False,0.0,False
pool1pmyave37l324x5phh0s7tdy30kx9mdzmqnj829teccun2je37xw,,340.0,0.01,2000.0,0.0,1828.161971,33.0,0,0.0,0.0,0.0,741.1111111111112,0.0,no_rewards,False,0.0,False
pool1pn36hexudnjg6uwvxc5tld3ay2g6ty99ardzhn7crhkhzshjpte,YKSB,200.0,0.01,500.0,22425.369477,674112.531479,24.0,0,0.0,0.0,0.0,741.1111111111112,0.0,no_rewards,False,0.0,False
pool1pnpdsl0cungyn362fgp0lk8wt34xh68fywljnvtq9dtkk2sd8qv,,340.0,0.03,5000.0,0.0,0.0,,0,0.0,0.0,0.0,741.1111111111112,0.0,no_rewards,False,0.0,False
pool1pnsk7v8a4eyn9qtqev7k3clazzw2s66cpa850zprqlu5x5eqtuw,LKBH,340.0,0.027,12900.0,369.80433,11172.56393,8.0,0,0.0,0.0,0.0,741.1111111111112,0.0,no_rewards,False,0.0,False
pool1pntqwmkc3yhpgw8q5280chej2dfwevasc88ql08qfvg6cny8s6l,,340.0,1.0,30000000.0,0.0,0.0,,0,0.0,0.0,0.0,741.1111111111112,0.0,no_rewards,False,0.0,False
pool1pnuluy36ukdzv369d4zee8rarpw2k8ukwe5kkdmh06t6y78cyrr,,345.0,0.15,100.0,163.622402,748.849228,2.0,0,0.0,0.0,0.0,741.1111111111112,0.0,no_rewards,False,0.0,False
pool1pnvthl5hwnsuulx6fch0885aae0l9fkht35rla46dw9r54d5whr,PURE,345.0,0.02,35000.0,2.062184,2.062184,1.0,0,0.0,0.0,0.0,741.1111111111112,0.0,no_rewards,False,0.0,False
pool1pnzwgsgzd6t4788sfr7dxjyusepyq9xaxnpyfcngewqf29t9ayd,PHRCK,340.0,0.0095,3000.0,3741.047675,5484624.783167,2564.0,5,351.529254,1121.364862,1472.894116,741.1111111111112,0.47432732923538223,losing,False,89.22443563561164,False
pool1pp7tn2w6ken4rpfcjwcdup3g4m5gcdhc9lgvrm3mnxz5stmrhq2,CROW,340.0,0.0399,100000.0,101126.572884,57304246.503274,2716.0,64,1110.402633,17746.707226,18857.109859,741.1111111111112,1.4982944073463265,edge,True,856.2290522507473,True
pool1ppqdq5yfkkllrcj0u47pakg9e4ha568pz3a9kkrr6w2kyw8gxv7,COOL3,170.0,0.02,50000.0,51904.760508,8410810.821394,171.0,11,249.999125,2991.247186,3241.246311,741.1111111111112,0.3373301536731634,losing,False,157.4736616715797,False
pool1ppznyu6qrvlw9uuqa3tslryjd40nh56jyvmaqw6kdf4kzq3y8kh,DIGI3,340.0,0.04,215000.0,215031.178622,22678945.179371,1274.0,25,685.24479,6685.176458,7370.421248,741.1111111111112,0.9246181574212892,losing,False,433.2217596902847,False
pool1pqdgdhka8xegl8y3lt780n0v4p9yl5z3vdh6qqs4vdlvgaujaxu,,340.0,0.008,2200.0,0.0,4766.631131,6.0,0,0.0,0.0,0.0,741.1111111111112,0.0,no_rewards,False,0.0,False
pool1prc9hna2mgamtspchrygc66s9n4tlkvh39e3t9zccef4kzc3ns2,TERM,170.0,0.009,3350000.0,3397092.936237,68429644.346767,2418.0,73,1427.810712,20351.455993,21779.266705,741.1111111111112,1.9265811706146925,edge,True,1338.118733083551,True
pool1prerctlrtn5e63m0zu5ydr2adaxpsypzj6wx3v8y44dsyj2lcwm,CADEN,340.0,0.015,11000.0,11912.109622,12198.816319,9.0,0,0.0,0.0,0.0,741.1111111111112,0.0,no_rewards,False,0.0,False
pool1prn0a3058n4e0evm55gvc5rrawht79p3jxpv42nq7s2ncxhszla,ADIZ,345.0,0.01,1000.0,1190.761831,1190.761831,1.0,0,0.0,0.0,0.0,741.1111111111112,0.0,no_rewards,False,0.0,False
pool1prnv2zg6hpf34hyqf9eqmkxxpxqr4phq7hs8cmehyhvxz2gsrpm,STAR,170.0,0.02,10000.0,12393.381093,5338136.485597,9.0,0,0.0,0.0,0.0,741.1111111111112,0.0,no_rewards,False,0.0,False
pool1ps39v4j035ejzrga2qt56cfhjuwx38wved8rd0mujtyh6r5mt3c,RAID4,340.0,0.01,30000.0,32173.632068,33806.910011,2.0,0,0.0,0.0,0.0,741.1111111111112,0.0,no_rewards,False,0.0,False
pool1ps3quyamsmn5cvp403tgjzgpfwha5u4dr2zc3wtts5kgqc078se,YETI,340.0,0.01,50.0,95.424561,1175.937269,2.0,0,0.0,0.0,0.0,741.1111111111112,0.0,no_rewards,False,0.0,False
pool1pshqcksxywy68lt04lw6uf35f4yssekh5dx2mxqmyrukke2z5y3,ACL,340.0,0.01,750000.0,778340.615162,51609311.947988,3513.0,54,729.277255,15218.72553,15948.002785,741.1111111111112,0.9840322781109444,losing,False,470.7232421162564,False
pool1psk0c2p7pwactw00nkzjexdw0msn7g8nddc06eyvds6yswr3tjg,ITC2,340.0,0.0399,10000.0,100010.433979,21213247.753657,5261.0,13,495.047093,3332.169727,3827.21682,741.1111111111112,0.6679795857571214,losing,False,241.69755131409502,False
pool1psr42v6rvv3raeqsg9ru2zy5dp4cchlde8hw9xthrpstx5wz7wk,PLKOZ,170.0,0.0,1000.0,1148.289538,128882.904528,188.0,0,0.0,0.0,0.0,741.1111111111112,0.0,no_rewards,False,0.0,False
pool1ptzl40tt9a6l2kp6fhjmzsg3t2maqdhwv6cnqu8kj6xgz3vw9us,BNP,345.0,0.06,2.0,27791.69271,32165263.017687,10.0,32,897.312493,8529.954162,9427.266655,741.1111111111112,1.2107664823088455,edge,True,643.73178365974,False
pool1ptzt9j6y4jefzkq4vj3z7wa4h492ktlkecggseqvc8f060xuved,MEOW,200.0,0.0,10000.0,86502.708052,623813.283145,10.0,0,0.0,0.0,0.0,741.1111111111112,0.0,no_rewards,False,0.0,False
pool1pu49urd00qf9zzeghrks03tvszzvrdzecw649ag5dwd07snx69n,SWING,340.0,0.01,10000.0,10362.678864,29836.454638,7.0,0,0.0,0.0,0.0,741.1111111111112,0.0,no_rewards,False,0.0,False
pool1pu5jlj4q9w9jlxeu370a3c9myx47md5j5m2str0naunn2q3lkdy,NUTS,340.0,0.049,250000.0,374214.559764,5871324.877034,237.0,9,593.631335,2060.250654,2653.881989,741.1111111111112,0.8010018013493253,losing,False,357.67874178413695,False
pool1pujegnn8qf7xux6tkx2mj2qdn9jf0y4z0t6nma97wdgqudlc9ww,,340.0,0.0,100.0,640.942071,640.942071,1.0,0,0.0,0.0,0.0,741.1111111111112,0.0,no_rewards,False,0.0,False
pool1pup39uk3d9hl8vg3v0evn3hxkxygkas0asekng7x9cpx5f2r6d6,TAMED,170.0,0.01,100.0,442.163289,443.699303,2.0,0,0.0,0.0,0.0,741.1111111111112,0.0,no_rewards,False,0.0,False
pool1pv4hhvy8dkvllr706q0lpyu9py6lcf6zddl4wlynwx3cglxajmg,DOD,170.0,0.0,10.0,364.622624,138030.059056,21.0,0,0.0,0.0,0.0,741.1111111111112,0.0,no_rewards,False,0.0,False
pool1pvg7uqf9a0ms24xcdfq8f48p72csfslgz3gzwlmfee5szuda0du,BLOQ,340.0,0.05,1.0,23.433361,23.433361,1.0,0,0.0,0.0,0.0,741.1111111111112,0.0,no_rewards,False,0.0,False
pool1pvsvhzqlrtmseg2mlk600hzs7zqztuqm4ytxyeupa2dyjzs33nr,,340.0,0.01,400000.0,21.234778,11642.837161,32.0,0,0.0,0.0,0.0,741.1111111111112,0.0,no_rewards,False,0.0,False
pool1pvu2zdexh8wr4ggmuz90jvqrua6an43qj9m9urs785p8kwjzqwl,KTN3,340.0,0.05,50000.0,69383.471038,29545448.475629,42.0,36,876.292947,9731.431237,10607.724184,741.1111111111112,1.182404276311844,edge,True,625.1341471573772,False
pool1pvxsyzqze90jyyqqewg5spkh6tst0cwyvtvh6qfsn6xx75p2vk9,,340.0,0.02,1.0,2.639298,2.639298,1.0,0,0.0,0.0,0.0,741.1111111111112,0.0,no_rewards,False,0.0,False
pool1pwfdasxs7ht7878g99fnw86g7u77hqjvv4qgvr9jx6reznfrllj,Safe,345.0,0.05,18000.0,18734.89233,19353.99055,4.0,0,0.0,0.0,0.0,741.1111111111112,0.0,no_rewards,False,0.0,False
pool1pxhywws8s8h05c69ug3k4rl6jtpxms23eyag7eawwdvxql8spwc,,340.0,0.01,5000.0,0.0,945.85325,5.0,0,0.0,0.0,0.0,741.1111111111112,0.0,no_rewards,False,0.0,False
pool1pxw4z2m0lmw422hr32dwyy3uz9436g8p7qdmg2sl2w0m5pyk3yn,STOIC,340.0,0.01,30000.0,41686.914116,261923.320951,150.0,0,0.0,0.0,0.0,741.1111111111112,0.0,no_rewards,False,0.0,False
pool1py2uxkvuj926h42s40wxl26dh0ggaq882v4m0hkd99m86vzmwnz,EARTH,340.0,0.05,100098.0,107833.565705,2417837.33965,43.0,1,294.711585,0.0,294.711585,741.1111111111112,0.39766180884557717,losing,False,95.29458820866013,False
pool1py5y4uqukj777aj0ax0dpc7tchcl35dax5rxppuwfj0wkg3km82,,340.0,0.075,12000.0,0.0,0.0,,0,0.0,0.0,0.0,741.1111111111112,0.0,no_rewards,False,0.0,False
pool1py6q7y3f7jz60mt5jhsrdx6lqtuvc02chqgvwzjzayctqhgzzge,WSKS,500.0,0.9999,100.0,9433.683631,5332571.827768,17.0,6,1767.48663,0.126533,1767.6131630000002,741.1111111111112,2.384914493253373,comfortable,True,1767.4442011185247,True
pool1pzkgztz8y8tgd9tpfu7umep97x7m0c5ck0dpn2vqtf202fyhfv5,,340.0,0.0325,10000.0,10.0,49997.029299,38.0,0,0.0,0.0,0.0,741.1111111111112,0.0,no_rewards,False,0.0,False
pool1pzqdfptvl5f8vh28az37jag2wkfmqz9x8d6eufl8y0z9q34hlr7,VICE,340.0,0.04,900000.0,975632.608454,1250702.148022,38.0,1,294.901601,0.0,294.901601,741.1111111111112,0.39791820224887553,losing,False,248.47271867683543,False
pool1q0a7a94cfk4ph7gugj636tsuhhd98l2sfjv2adhaff2mvs7kmtl,NUFI8,340.0,0.03,1000.0,1002.830397,7827688.288283,1037.0,8,400.755403,1956.069843,2356.825246,741.1111111111112,0.5407494193403297,losing,False,143.7383194131399,False
pool1q0c5nnpfpyl8ks0fdm0h2p833yxj0gll237z362yluvs2nt65pp,CDT,170.0,0.05,100.0,110.599318,122.180874,2.0,0,0.0,0.0,0.0,741.1111111111112,0.0,no_rewards,False,0.0,False
pool1q0jmr57udknpq8k5qtgt5vgdjq9pzrzevf68966wxn8zgz7qy3w,EPOCH,340.0,0.015,50000.0,1101442.487135,3167512.758704,220.0,4,639.823866,538.808839,1178.632705,741.1111111111112,0.8633305538230883,losing,False,469.56532223348046,False
pool1q0memmdw4ktr88fkma53tqgkaqeq3wfc476le59rped4cu8tn4h,JOEY,340.0,0.0,25000.0,34698.483755,794058.012348,378.0,0,0.0,0.0,0.0,741.1111111111112,0.0,no_rewards,False,0.0,False
pool1q23kstu6ute8x43z95ahnwh04n9rpn6k0wzakq663ke75220682,,340.0,0.025,500.0,509.859258,2734.46657,29.0,0,0.0,0.0,0.0,741.1111111111112,0.0,no_rewards,False,0.0,False
pool1q2fh3cl6rx0wv5gry4qx5l4h65qpjf7x99xmq66nqj2fj5g6u9z,ASTCH,170.0,0.0,5000.0,21119.021546,1871840.038111,166.0,2,174.729796,414.485648,589.215444,741.1111111111112,0.2357673409295352,losing,False,80.80163198778526,False
pool1q34qp4ckh590gt99eadtz8w8ag3watavf5adj8qjs7guxmkgk8g,,340.0,0.01,100.0,1047.621962,1047.621962,1.0,0,0.0,0.0,0.0,741.1111111111112,0.0,no_rewards,False,0.0,False
pool1q3snnww4ggayr8hd6gd83ypx982yhwlhywlcew7yxq46jzyst2g,IOGP,500.0,1.0,64000000.0,0.0,0.0,,0,0.0,0.0,0.0,741.1111111111112,0.0,no_rewards,False,0.0,False
pool1q3xdrewrldt06rpjx6pzguzm847ujxnmajxrsr7dsthscz4htlv,MICRO,340.0,0.0,10000.0,11779.09216,15303.952338,7.0,0,0.0,0.0,0.0,741.1111111111112,0.0,no_rewards,False,0.0,False
pool1q42574l9xer3khqpshk8w2vc6md6zlah7493fp6zzv9mqurmufx,,340.0,0.015,5000.0,429.14441,429.14441,1.0,0,0.0,0.0,0.0,741.1111111111112,0.0,no_rewards,False,0.0,False
pool1q426xdlg94lcpgrnmfs8dkp9hu08my5rvw574mum96jhg8yhd5v,,340.0,1.0,20000000.0,7734.5417,0.0,,0,0.0,0.0,0.0,741.1111111111112,0.0,no_rewards,False,0.0,False
pool1q4f8t94fzl9eamju0km090z8sxaydk4na5pqjpklzuukjlr63u5,HAVN,170.0,0.05,1000.0,1697.600883,1697.600883,1.0,0,0.0,0.0,0.0,741.1111111111112,0.0,no_rewards,False,0.0,False
pool1q4l2wpswlanqszppj4tcvgw4j9wdjmadqky57dq0wqhg5tmhsxn,,345.0,0.05,15200.0,0.0,0.0,,0,0.0,0.0,0.0,741.1111111111112,0.0,no_rewards,False,0.0,False
pool1q5h54ekx7wwqpfz78y8dppyl6uv7rpyvvr8nhf4es434un4mpx3,BHMT,345.0,0.0,1000.0,2015.644521,3623.053501,19.0,0,0.0,0.0,0.0,741.1111111111112,0.0,no_rewards,False,0.0,False
pool1q5q3rld4nll02w8sqhf9582jcf22t99yt27z0pqksvpnv4rdra9,,340.0,0.03,0.0,64572.408101,53093231.610031,2.0,43,724.380162,11943.509314,12667.889476,741.1111111111112,0.9774245064467766,losing,False,467.6427888821088,False
pool1q5sspejl875flc0z6wh9y9zxkgqnk0y3aaw8jc0pkxs6cpavm4q,ONYX,170.0,0.05,0.0,5.665643,116198.318083,42.0,0,0.0,0.0,0.0,741.1111111111112,0.0,no_rewards,False,0.0,False
pool1q5za50d3sr707xkmjtyrs0v76ezxyj8g8uhggfk0wfl77aufd9k,,340.0,0.01,725000.0,14395.819559,315867.938645,14.0,0,0.0,0.0,0.0,741.1111111111112,0.0,no_rewards,False,0.0,False
pool1q66d2n39uvln4hazyzv8fyq977mpqus78sjd2369qfn7cptdeyh,KTN2,340.0,0.05,50000.0,59504.184531,6332772.911699,51.0,4,389.417733,789.216848,1178.634581,741.1111111111112,0.5254512139430284,losing,False,140.0332321505191,False
pool1q6lzp5x6tqg04chsxakupgq6x829nsx2dk5w8h043fnajm8d3uj,ADAIM,170.0,0.0,4000.0,11355.61722,186857.90105,61.0,1,177.572514,117.034,294.606514,741.1111111111112,0.23960309235382307,losing,False,88.34579644740461,False
pool1q6ydlweuzytf4wxdnr9h7qxalu7v3kg4c2t6m7uysn0r67jqx62,,340.0,0.0,8000.0,2.48148,19.73646,2.0,0,0.0,0.0,0.0,741.1111111111112,0.0,no_rewards,False,0.0,False
pool1q7k8mmnvsgthp94hpn8jrnacjewplvywq70eef90fv4nu7gedzp,LOGIC,500.0,0.0,0.0,200664.388705,339909.780415,52.0,0,0.0,0.0,0.0,741.1111111111112,0.0,no_rewards,False,0.0,False
pool1q7wrwstqkzhrffdzpw8ftfd4epmxywdjnp8384atjcnezchv242,SPEC,170.0,0.017,8601.0,8970.379954,1379727.001952,299.0,1,172.914799,121.696873,294.611672,741.1111111111112,0.23331831949025483,losing,False,80.13694429579243,False
pool1q80jjs53w0fx836n8g38gtdwr8ck5zre3da90peuxn84sj3cu0r,000,340.0,0.0,2000.0,4542.114802,6678728.820066,1072.0,7,341.171266,1720.25806,2061.429326,741.1111111111112,0.46035103358320834,losing,False,76.35094421226438,False
pool1q86d5lfjtyrq8yzkyc55dy5p4yw0qvgkp5nqgr9ld5fv6ustg8h,,345.0,0.02,1862.817955,3.070591,3.070591,1.0,0,0.0,0.0,0.0,741.1111111111112,0.0,no_rewards,False,0.0,False
pool1q8a7ym63gurl72wr32je0tv0lp4p2uh8vzzc6rn6un7ryslvqmu,LSSP,340.0,0.02,68000.0,68918.043598,4964595.904755,381.0,3,358.281922,525.753657,884.035579,741.1111111111112,0.4834388752623688,losing,False,102.18704671140574,False
pool1q8fqknvzyj9p4ezhxqdghlc7rnmwvwuku9eevgvl25cpjy385gg,PORTO,170.0,0.0,1000.0,2105.743249,1538620.429173,259.0,1,170.17053,124.432557,294.603087,741.1111111111112,0.22961540779610193,losing,False,75.30054697646148,False
pool1q8sll5g69z98q6mmu5teg7zn4fnlsqjyq898e6cxmec0cj9lk6r,MATRX,340.0,0.02,100.0,105.92712,13408.015848,4.0,0,0.0,0.0,0.0,741.1111111111112,0.0,no_rewards,False,0.0,False
pool1q8xqp4w6yzt3z7wd7359ywn6xfke2qj249gyxtru684ruk8kazv,,340.0,0.0,25000.0,208.038836,233.375391,2.0,0,0.0,0.0,0.0,741.1111111111112,0.0,no_rewards,False,0.0,False
pool1q9049mstrv5czwyylpf3xen08pmvsfsgtru4wf3zvc9uxat2sm0,SNEK,340.0,0.04,50000.0,50022.570203,9469561.228946,1744.0,0,0.0,0.0,0.0,741.1111111111112,0.0,no_rewards,False,0.0,False
pool1q9kwa675j2z53jecrs6pn3fqsc9ypxrsypu5dgu6hammqkagy22,TIGER,340.0,0.01,369.0,11672.021761,9155218.608679,105.0,9,366.031597,2285.390863,2651.4224600000002,741.1111111111112,0.49389570809595196,losing,False,104.01606813328712,False
pool1qa0t2lecmzmvzn6z7lzc439wvlgz0x04lvnqcdyzv4gywz3qehp,,340.0,0.01,100000.0,112042.785871,429249.821592,8.0,0,0.0,0.0,0.0,741.1111111111112,0.0,no_rewards,False,0.0,False
pool1qa2h3hha0m5he0429ym7tqvsn89nsddvn7wgkx3v8g6hsstdzc0,SNSKY,790.0,0.0,80000.0,107100.807,113790.332903,25.0,0,0.0,0.0,0.0,741.1111111111112,0.0,no_rewards,False,0.0,False
pool1qa6lqyu67ghpa0evxfu9nzqkj3h82qpfku82ec79zdwru4pd25m,CNODE,495.0,0.0,500000.0,670602.508833,42019177.883459,5177.0,49,717.925787,13736.013067,14453.938854,741.1111111111112,0.9687154547226385,losing,False,304.4797984052069,False
pool1qadgwr92pgx0yz3u9n63f0s9ugryaud6wxers850z6sfu06y3rg,VITAL,340.0,1.0,0.0,13486.823023,72209.836408,148.0,0,0.0,0.0,0.0,741.1111111111112,0.0,no_rewards,False,0.0,False
pool1qakys0fxx5p2fxcnsc2tyjpqa88q7qgtdh5t3a32hplv6fg25r9,DAPP,340.0,0.025,1000.0,1062.35835,34783608.501826,2147.0,39,619.070154,10846.711162,11465.781316,741.1111111111112,0.835327044377811,losing,False,360.10873187506775,False
pool1qarmuvc39q7ygl2affsuly2hs39mukcag9tunsnu8xudwv8mf00,,340.0,0.01,25000.0,25189.617709,28893.162406,5.0,0,0.0,0.0,0.0,741.1111111111112,0.0,no_rewards,False,0.0,False
pool1qatl6qf2zja8a3hyhn42ar5a54h9k0dn3hd2j4uxvz5mqn25zy5,,350.0,0.03,125000.0,0.0,0.0,,0,0.0,0.0,0.0,741.1111111111112,0.0,no_rewards,False,0.0,False
pool1qaxrj6n50naglqmzj5puq5sd0awgy9wnqmykpwmcah4vzhndpve,🐈NNSP,340.0,0.0,50000.0,78832.650804,931947.706288,50.0,0,0.0,0.0,0.0,741.1111111111112,0.0,no_rewards,False,0.0,False
pool1qc05c76autq4235sq20zu4vjwtl5m0xn4mxq9kg6e66uwz95kd4,EGH,340.0,0.05,0.0,0.0,70028981.011683,19.0,70,1354.107283,19268.038369,20622.145652000003,741.1111111111112,1.8271312664167914,edge,True,1102.3572826000002,True
pool1qcdw8uk5d9ehldhccy926u886qhr07xa354yrkamdde0qku53nx,ARMY,340.0,0.02,5000.0,5049.522212,15101.037507,12.0,0,0.0,0.0,0.0,741.1111111111112,0.0,no_rewards,False,0.0,False
pool1qcu4r9rw853pyvfznfeujfzxlku4xtvp8cas6c2y79hvuy22vl4,MPOL,340.0,0.0,100.0,127.679256,21868.233519,9.0,0,0.0,0.0,0.0,741.1111111111112,0.0,no_rewards,False,0.0,False
pool1qcvvyev6gdhdnggvypta045l0vtruawayq6gap29a99c755k8nm,,340.0,1.0,76800000.0,76896698.64204,76896698.64204,1.0,68,25934.930041,0.0,25934.930041,741.1111111111112,34.99465822623688,strong,True,25934.930041,True
pool1qcw5gq4zsxupu33q4g7d4hqw87tmlzclqut3c9wexczpwfmqfal,OvO,170.0,0.0,10000.0,15333.994669,208885.52737,31.0,0,0.0,0.0,0.0,741.1111111111112,0.0,no_rewards,False,0.0,False
pool1qd3hwt2hvkt2jn9lktcjqpdk9cz0mk8qdue35x00p7ud5g0268s,,340.0,0.15,42951872.0,0.0,66.488296,2.0,0,0.0,0.0,0.0,741.1111111111112,0.0,no_rewards,False,0.0,False
pool1qd6mlgr6u0yp2ddxn7gd5jr6pcflu5md3sff4xyu2ngeu503jkd,ACGW,345.0,0.15,100.0,497.625394,16318.140922,6.0,0,0.0,0.0,0.0,741.1111111111112,0.0,no_rewards,False,0.0,False
pool1qd9yemufpf2fctpd2zyx9v2lv3h4fne3v8jplse284gqxk8ketu,,340.0,0.03,100.0,164.620642,164.620642,1.0,0,0.0,0.0,0.0,741.1111111111112,0.0,no_rewards,False,0.0,False
pool1qdjx5xeeu6288ftmhmdr0c6mazkua7m07cydmr78ymfhz7jj7g4,1PCT,340.0,0.01,50000.0,51882.837597,221561.491531,123.0,0,0.0,0.0,0.0,741.1111111111112,0.0,no_rewards,False,0.0,False
pool1qdrzlpjyf8qvscu3wyttg6z9s475mfmlkk69ulpmlekgyx73fuy,,340.0,0.0495,1485.0,0.0,0.0,,0,0.0,0.0,0.0,741.1111111111112,0.0,no_rewards,False,0.0,False
pool1qds0ldd626j09nnpn3g3ne2fvn65phr6cz74k6xv8urtgygu9cp,PERDX,340.0,0.0,500.0,0.0,7759.002179,11.0,0,0.0,0.0,0.0,741.1111111111112,0.0,no_rewards,False,0.0,False
pool1qdw8vw3tk20e4lgcd9evd9u4hxj8zekdg2qpmnzdk83dcncavpd,UPLAY,345.0,0.02,1000.0,0.0,0.0,,0,0.0,0.0,0.0,741.1111111111112,0.0,no_rewards,False,0.0,False
pool1qel9h28zarup4g5dx95smeggfruq26k47lc8e6wmdzaaywyj63r,RAID1,340.0,0.01,30000.0,33806.430839,36731.86099,3.0,0,0.0,0.0,0.0,741.1111111111112,0.0,no_rewards,False,0.0,False
pool1qelp62ghdjald2mfsmfd4k82y0rnd2e8udypc8vu58fwkpaceml,KUMOJ,225.0,0.015,100.0,156.561817,379.485117,3.0,0,0.0,0.0,0.0,741.1111111111112,0.0,no_rewards,False,0.0,False
pool1qeqylk3pnenvt3j4mah2dafcnd3h8uc3fqhvfzrxlxf3xuvdvvp,LILIE,340.0,0.9999,750.0,4438.91422,1536173.805447,3.0,1,294.602935,0.0,294.602935,741.1111111111112,0.3975152046476761,losing,False,294.5810381627696,False
pool1qetkrhjs9fll3nthuxk6zp0ssanf3rszg5wh8x79mg67gsg7vjv,CARAT,340.0,0.03,50000.0,92793.714539,10794776.741555,40.0,16,507.712406,4206.828984,4714.541389999999,741.1111111111112,0.6850692134932532,losing,False,252.8720506753612,False
pool1qf0wftuxq20v4c0es83qgfunte4uxepx7jesy8nczxz2wv8yld2,,345.0,1.0,300.0,0.0,0.0,,0,0.0,0.0,0.0,741.1111111111112,0.0,no_rewards,False,0.0,False
pool1qfdzhvd4kttdew9klp89jtuts46dnecxdj36lwax9j2eyag0v6t,,170.0,0.0,0.0,2.384669,3.24472,2.0,0,0.0,0.0,0.0,741.1111111111112,0.0,no_rewards,False,0.0,False
pool1qfxukshs4fkcrflzdnxa2fdza5lfvew3y6echg8ckaa4q8m5hyf,NEDS1,340.0,0.02,250000.0,258159.663153,51180371.349508,4780.0,47,677.224193,13165.885006,13843.109199,741.1111111111112,0.9137957626686656,losing,False,418.4211474568192,False
pool1qg0g6hv2e50wevkqj34g0cya4f9audctayzp8wqwhxtdjnhn3tt,,345.0,0.06,0.0,0.0,551.719342,6.0,0,0.0,0.0,0.0,741.1111111111112,0.0,no_rewards,False,0.0,False
pool1qgmwcxs8d8qmr0vtvsqd9u8gugrventh5dcqukmu79e2sgfuu8t,CLAY,170.0,0.05,100000.0,110904.794056,8073410.479766,5634.0,8,307.936056,2049.77944,2357.715496,741.1111111111112,0.41550592263868064,losing,False,218.92564959658964,False
pool1qgsylc6kjv29zva4w783fuyf9xxhj78ktgjlxjvppest5ya9pek,TURBO,340.0,0.0,24000.0,0.0,10809.257028,3.0,0,0.0,0.0,0.0,741.1111111111112,0.0,no_rewards,False,0.0,False
pool1qh4jvncd9chmm5ru3sk3cqxuat83vj8v7rgl4x5lqfepcywvc9g,,340.0,0.0,0.0,12.3,19.424099,3.0,0,0.0,0.0,0.0,741.1111111111112,0.0,no_rewards,False,0.0,False
pool1qhnjcmyy9xrf00z4uj66yedje5ue2ukqte2hr6dmty9a2gz7tu5,,340.0,0.01,100.0,197.22628,197.22628,1.0,0,0.0,0.0,0.0,741.1111111111112,0.0,no_rewards,False,0.0,False
pool1qhs3cf9ymc2nvmrd2j8cs36cj9jdqgnqk6s9ngyvy2lz5s8rak8,PANL,170.0,0.04,166000.0,191785.787865,327507.077668,63.0,0,0.0,0.0,0.0,741.1111111111112,0.0,no_rewards,False,0.0,False
pool1qkd5y9azf2xx0gmrj68lrkcn59ldjmnpzd3y2rq3tvjp2vqljan,AMOON,340.0,0.01,150000.0,189795.882466,8374024.465486,525.0,6,386.341901,1382.279649,1768.62155,741.1111111111112,0.521300915892054,losing,False,129.93801188724748,False
pool1qku2yhky7sv4dfjfv42uyvauhehuqevk25aw952d7ulzqzx3jcu,ASPEN,170.0,0.005,250000.0,253877.488205,16089397.719238,1481.0,17,270.251873,4742.76681,5013.018683,741.1111111111112,0.3646576997001499,losing,False,177.218385201719,False
pool1qkvt06tjvd5mjf3yms9y6hp22uedn5ys6384pn8k3d4tz3d7j2z,,340.0,0.075,100.0,497.432393,497.432393,1.0,0,0.0,0.0,0.0,741.1111111111112,0.0,no_rewards,False,0.0,False
pool1qkwseukqpnezhh9gjcuhtse7wp7v8m8asgekl34lh3f5xnnl6z2,,340.0,0.0,5.0,7.614702,35.245729,3.0,0,0.0,0.0,0.0,741.1111111111112,0.0,no_rewards,False,0.0,False
pool1qle9cf4ycvz2ervhjsedsq8kkxdey4a9jxyuhhmj8wanx2xjqgn,,340.0,0.02,100.0,2.622622,10.27688,2.0,0,0.0,0.0,0.0,741.1111111111112,0.0,no_rewards,False,0.0,False
pool1qlkr6qu4mm38x77ldp2vnxn0gatgq4ernvvdw4pxze2tuyw5pfh,,345.0,0.0,500.0,501.04051,13156.203178,3.0,0,0.0,0.0,0.0,741.1111111111112,0.0,no_rewards,False,0.0,False
pool1qlpen2kkw8yc0pjyjjcg4zlswhrahf73f99y3ae85kjy6leqk7l,FOFA,2500.0,0.0,1.0,140.98411,8862.233701,89.0,0,0.0,0.0,0.0,741.1111111111112,0.0,no_rewards,False,0.0,False
pool1qlpjsz5j5vqs59cnu09j90agycj2xvrp45sv0v6euujj60up6dw,ROAM,340.0,0.0,10000.0,25635.068257,64422.20212,14.0,0,0.0,0.0,0.0,741.1111111111112,0.0,no_rewards,False,0.0,False
pool1qlps2dwr0qd0a7pjqr47apewf2lq42xv03zgentgwv9mspeh57g,,340.0,0.05,0.0,0.0,70017107.874195,5.0,77,1457.218011,21227.142213,22684.360224,741.1111111111112,1.9662611842578708,edge,True,1205.4680112,True
pool1qlxxw3zlgx0kgv2cel0n6z3a6yjs0w8grwtp5xwna8fm2g5tsda,,340.0,0.075,0.0,2.182349,60867.075946,10.0,0,0.0,0.0,0.0,741.1111111111112,0.0,no_rewards,False,0.0,False
pool1qm06f4n2hwgeqzm9lsc3rdyqcsvtt2d7z76carwxjv0e274mu24,ECO,170.0,0.009,5000.0,5086.738225,225604.832709,15.0,0,0.0,0.0,0.0,741.1111111111112,0.0,no_rewards,False,0.0,False
pool1qm656ca3pdnu3gfetusmslva555j3m3efaq5u44sgpdsjn7dg4d,ZACS,345.0,0.01,1000.0,1008.418929,1047.502152,3.0,0,0.0,0.0,0.0,741.1111111111112,0.0,no_rewards,False,0.0,False
pool1qmsck80ldwm23t4t5elxc857r82ph3urkt7tpyq65ntn2dv2ust,CAMP,340.0,0.0,20000.0,34280.445995,9187792.173469,117.0,7,346.426325,1715.947437,2062.373762,741.1111111111112,0.4674418178410794,losing,False,82.41506312222103,False
pool1qn77pnnf6cf22qjjfd2kadudmdc77rw0uxked3m2arnn2ea2f9v,BRIAN,170.0,0.01,500.0,6043.090583,315436.444973,14.0,1,173.609276,120.993362,294.602638,741.1111111111112,0.23425539490254868,losing,False,81.3610741045114,False
pool1qngadlcclnkqgdwd4l3vp5gmgdc7cpkfek76q7rzscqqk5ak9y8,UNIT,340.0,0.03,10000.0,20.0,1396.757037,4.0,0,0.0,0.0,0.0,741.1111111111112,0.0,no_rewards,False,0.0,False
pool1qnrqc7zpwye2r9wtkayh2dryvfqs7unp99f2039duljrsaffq5c,NUFI,340.0,0.03,1000.0,1002.829501,27309847.306499,4868.0,28,577.54841,7664.997826,8242.546236,741.1111111111112,0.7793007031484257,losing,False,320.3173054633065,False
pool1qp3j2cy4xje783x3a98y08yz6kwr3emu05zm2xyxryajjhmt48p,,340.0,0.015,100.0,1.089511,1578.596558,3.0,0,0.0,0.0,0.0,741.1111111111112,0.0,no_rewards,False,0.0,False
pool1qp7ge7rwk8ht63v8z6vkyw3g8em5qr5k0z0l6ta8mxjtzx4dzy8,EVE01,340.0,0.0,100.0,114.588717,183.132845,3.0,0,0.0,0.0,0.0,741.1111111111112,0.0,no_rewards,False,0.0,False
pool1qpn9lpmwp9p88vtp6gt20xdc5e7rf50ew42hp7gdnfltxqvfpka,WSP,340.0,0.05,10000.0,0.0,69.699931,2.0,0,0.0,0.0,0.0,741.1111111111112,0.0,no_rewards,False,0.0,False
pool1qprj52nh0j32p5vq290rludcfz58kujyszt5ztfvj2ymx43649f,,340.0,0.075,0.0,2.438019,7.033144,6.0,0,0.0,0.0,0.0,741.1111111111112,0.0,no_rewards,False,0.0,False
pool1qpuzf5kcxrmuf6qg2nnu9cs7hj2d6ke3fwz58l7rlefcy50caaa,ANFRA,340.0,0.03,107000.000119,172814.690889,286473.950053,14.0,0,0.0,0.0,0.0,741.1111111111112,0.0,no_rewards,False,0.0,False
pool1qpzz7fg5qn7ypklmjtajklh3yzjnhvkwx4se82qgymuqqm67w8k,,340.0,0.0,0.0,0.0,22.480437,1.0,0,0.0,0.0,0.0,741.1111111111112,0.0,no_rewards,False,0.0,False
pool1qq76dtlr0m9g6xlvngzq550j86cgtslphyjffz3pgpn7wazatdc,ATM,170.0,0.0299,25000.0,141511.025574,237284.471093,89.0,0,0.0,0.0,0.0,741.1111111111112,0.0,no_rewards,False,0.0,False
pool1qqenhz258k5k9nyjull6gkzg7s4f3ae8v7qxwpegeef9v0nsy3e,CHRTY,200.0,0.01,60000.0,67289.860036,1533154.252632,230.0,1,205.060082,89.607641,294.667723,741.1111111111112,0.276692764317841,losing,False,86.74144169621339,False
pool1qqlf3epa7m8780p2jx5689u2ql06tw026l5377tptk2zswrc645,CPS,340.0,0.03,1.0,19391.448848,3756201.412133,75.0,1,294.602081,0.0,294.602081,741.1111111111112,0.397514052323838,losing,False,82.68775065003649,False
pool1qqq0c53vaf5ju0n3fvujmyxwca0yhp65930evw9lngmr5705csz,ANP,340.0,0.001,350000.0,415604.57458,56288769.069837,1706.0,57,477.99562,16333.527801,16811.523421,741.1111111111112,0.6449716011994002,losing,False,215.1860149530539,False
pool1qqq6qqa0hpzvumv5p87ynczfmdj557xuwlc3289ke42g72z7f74,AHL,380.0,0.01,400000.0,690594.482984,10681653.934881,1571.0,14,657.566803,3473.037736,4130.604539,741.1111111111112,0.8872715482758621,losing,False,375.1385365944556,False
pool1qqq9tqyj69j9kygpxza3h82ynh8d0xlueucnu2yqum8nse8hj7y,SION,170.0,0.025,22222.0,63303.451594,2281165.834867,332.0,4,222.499653,868.528818,1091.028471,741.1111111111112,0.3002244193403298,losing,False,127.89110964317109,False
pool1qqqq02jxq3q9j93devp9pts90ctm8w3r0rgek97ngujpjgpw46j,ZENY,340.0,0.01,500.0,500.0,118639.005847,8.0,0,0.0,0.0,0.0,741.1111111111112,0.0,no_rewards,False,0.0,False
pool1qqqq4md2rfdt75qvh3x9cgmkrgkl74ctcj3fnxpu3ylcudl22ex,MASTR,340.0,0.02,10000.0,10015.018444,5145220.285578,1159.0,2,345.459948,243.166894,588.626842,741.1111111111112,0.46613786086956516,losing,False,86.25230104255016,False
pool1qqqq58jy30weq2an3px3maljdmawcwh6ml4hr8m9euq9z2n7wyz,COAST,340.0,0.035,500.0,500.0,712437.565504,17.0,1,294.602649,0.0,294.602649,741.1111111111112,0.3975148187406296,losing,False,82.83481912033426,False
pool1qqqqdktl6pq46td0mwut0qn30g7nlue0sete9wxl0hwsq37wrw8,STR8,170.0,0.02,650000.0,651516.112807,53171657.804493,6287.0,51,646.674218,14387.31185,15033.986068,741.1111111111112,0.8725739073463268,losing,False,553.807373380645,False
pool1qqqqpanw9zc0rzh0yp247nzf2s35uvnsm7aaesfl2nnejaev0uc,TITAN,170.0,0.01,250000.0,250002.026843,55155459.355858,4982.0,55,402.504116,15815.518967,16218.023083,741.1111111111112,0.5431090020989505,losing,False,308.86967112989754,False
pool1qqqqqdk4zhsjuxxd8jyvwncf5eucfskz0xjjj64fdmlgj735lr9,ATADA,340.0,0.01,1300000.0,1340017.23465,69227192.962241,3222.0,73,960.415497,20651.677968,21612.093464999998,741.1111111111112,1.2959129644677658,edge,True,703.0913475472572,False
pool1qqqqrwzy7njvjq9wph7usj5gghm3py9c97688ek8pgc7uem9cfz,FROG2,340.0,0.04,150000.0,150000.0,6433563.554631,1318.0,8,465.897795,1891.023702,2356.921497,741.1111111111112,0.6286476994002997,losing,False,217.35223867710067,False
pool1qqqqvmpm9v2l0tkwx4dpzth3g85lapxjug2j6sucnphyqlt4fuu,SALUD,340.0,0.0175,500.0,500.0,59023.768048,28.0,1,294.602629,0.0,294.602629,741.1111111111112,0.39751479175412285,losing,False,80.6707807500281,False
pool1qqqqx69ztfvd83rtafs3mk4lwanehrglmp2vwkjpaguecs2t4c2,WOLF,340.0,0.0249,5000.0,5001.761955,1331610.798694,1224.0,0,0.0,0.0,0.0,741.1111111111112,0.0,no_rewards,False,0.0,False
pool1qqqqzyqf8mlm70883zht60n4q6uqxg4a8x266sewv8ad2grkztl,FROG,340.0,0.04,100000.0,100270.678939,4429140.931084,1840.0,5,409.978901,1063.588293,1473.567194,741.1111111111112,0.5531949188905547,losing,False,161.33816916272787,False
pool1qqqyv9pn9typyqwcxqk5ewpxy5p27g5j2ms58hpp2c2kuzs5z77,ANGEL,170.0,0.025,55555.0,118392.690772,24800287.350602,3857.0,21,348.459914,5834.566337,6183.026251,741.1111111111112,0.47018579100449776,losing,False,256.13044870503563,False
pool1qqvukkkfr3ux4qylfkrky23f6trl2l6xjluv36z90ax7gfa8yxt,STAKE,340.0,0.008,50000.0,50039.540087,23079574.791553,1022.0,20,396.369136,5496.809915,5893.179051,741.1111111111112,0.5348309181409295,losing,False,134.05908980565337,False
pool1qr6jmmu8q2u44gzy2xarmnkq70c0ggz72nnh77qmevl62th69k3,,340.0,0.0,100.0,100.047271,602.043669,7.0,0,0.0,0.0,0.0,741.1111111111112,0.0,no_rewards,False,0.0,False
pool1qrmc270m32g080pks0uvyf0hhj7m8gyhgckkpy32l7nnzrll85v,,344.0,0.15,80.0,424.685339,537.982299,3.0,0,0.0,0.0,0.0,741.1111111111112,0.0,no_rewards,False,0.0,False
pool1qrp4nzmalqdgc96avaqjha9zp6mkahtzler6tvuupzlvvw786qn,,340.0,0.04,13000.0,41342.534276,96578.165534,5.0,0,0.0,0.0,0.0,741.1111111111112,0.0,no_rewards,False,0.0,False
pool1qsdg8ylzy4kv624drfgkzuqgqj3y29lw44qnvltepht2wegh58c,ADLF1,340.0,0.01,8500.0,4.191429,3168.038168,2.0,0,0.0,0.0,0.0,741.1111111111112,0.0,no_rewards,False,0.0,False
pool1qsql4xy359qgypnnh3hu3hm7ax4rs37gkas9tnhun03ygglxtth,,345.0,0.0,1000.0,2.267244,2.267244,1.0,0,0.0,0.0,0.0,741.1111111111112,0.0,no_rewards,False,0.0,False
pool1qsxhnvr03tg6jj7cl0y74jd63n85fgejm8tlqq7ct7fexfygkye,BRNS,200.0,0.015,50000.0,60961.350777,380628.725723,5.0,0,0.0,0.0,0.0,741.1111111111112,0.0,no_rewards,False,0.0,False
pool1qtscx3ge0rgmpffgqen5uup8r8tnav7a2veduweskqx7gf8gjec,,340.0,0.05,0.0,45376.831097,49458368.031853,3.0,62,1251.890195,17013.438818,18265.329013,741.1111111111112,1.6892071596701645,edge,True,1000.371169357169,True
pool1qu48wpwwarmkewhlwge9xs87sgt8gdnqq26nnre2v6c8up4fxwr,OBS,340.0,0.02,95000.0,210672.828429,3348450.894452,217.0,4,408.497298,770.332237,1178.8295349999999,741.1111111111112,0.5511957544227886,losing,False,165.13670554733937,False
pool1quj6cp7w4tarq7hrcdsjxlgcmnunm2xvnpvmj20l9nplue6rjxx,FGPX,250.0,0.01,60000.0,61499.999598,243777.518211,69.0,1,261.59908,33.054571,294.653651,741.1111111111112,0.3529822668665667,losing,False,132.056445462481,False
pool1qv3velgldz529zq904jy9qfrhdh0akwkkhylu2rymd6sw9m02cc,RVH,340.0,0.05,0.0,0.0,41.543134,3.0,0,0.0,0.0,0.0,741.1111111111112,0.0,no_rewards,False,0.0,False
pool1qvhss6kxmtl27nr4ugvypayhvt4a4vzll8p9csdg2v8q7d22llu,ASTRA,340.0,0.02,50000.0,50025.0,6089004.705791,907.0,0,0.0,0.0,0.0,741.1111111111112,0.0,no_rewards,False,0.0,False
pool1qvkdjemewy8phhrkdhscjcnh3947f5ae42rdfjkv6gkgkjtlfsg,RANMA,20000.0,0.9999,100.0,20788.631523,18423532.008033,12.0,17,5008.237312,0.0,5008.237312,741.1111111111112,6.757741500449774,strong,True,5007.744544922392,True
pool1qvqpd95v4k2ge6unntpettve72ntguk6qp9ktet572e7v4v9de8,,345.0,0.03,134.0,136.328469,136.644068,2.0,0,0.0,0.0,0.0,741.1111111111112,0.0,no_rewards,False,0.0,False
pool1qvudfuw9ar47up5fugs53s2g84q3c4v86z4es6uwsfzzs89rwha,LGNS1,340.0,0.1,10.0,271235.735581,41814233.447973,56.0,51,1894.200222,13130.206941,15024.407163,741.1111111111112,2.555892353523238,comfortable,True,1657.2155938380806,True
pool1qvvn2l690zm3v2p0f3vd66ly6cfs2wjqx34zpqcx5pwsx3eprtp,VIPER,170.0,0.0,401000.0,580739.024395,22508663.713553,1122.0,23,340.703194,6424.669644,6765.372837999999,741.1111111111112,0.45971945217391297,losing,False,247.61622654389114,False
pool1qw4h9v0yqy53m2yx6ngcj5w8394q7wtmfk06edlpvu0zw4gn9ku,CORN,345.0,0.05,6000.0,6097.624954,7727.136525,4.0,0,0.0,0.0,0.0,741.1111111111112,0.0,no_rewards,False,0.0,False
pool1qw5jc5u4k6ck47kdwtwh8msv6t82x5c6qx38hjaycnha6skrek7,,340.0,0.0,20500.0,4.593662,4.593662,1.0,0,0.0,0.0,0.0,741.1111111111112,0.0,no_rewards,False,0.0,False
pool1qwa8x4u4a2pff0xdv0haxpgk3tyrvl5adl2lpf3ztcftqruhea0,ELITE,340.0,0.0,200000.0,218488.156174,24495491.86086,2374.0,14,373.783615,3753.417881,4127.201496,741.1111111111112,0.5043557023988006,losing,False,111.14371323244296,False
pool1qwn9l4vzm4rsrd5kexuafqlsgg4ap877vsunqpm4yq89crm4aqr,,340.0,0.03,496030.845332,0.0,79.065199,1.0,0,0.0,0.0,0.0,741.1111111111112,0.0,no_rewards,False,0.0,False
pool1qxpjz94fpwdwnltngf036yjkh63nrl55xkshug56aukqqwn6gsn,TW002,340.0,0.1,100.0,100.296526,190162.391118,70.0,0,0.0,0.0,0.0,741.1111111111112,0.0,no_rewards,False,0.0,False
pool1qxpzlkxfem0q230hjp9f622c6yaej8qycwy34nwyt98axedf78f,,340.0,0.069,2.0,3.0,103.0,2.0,0,0.0,0.0,0.0,741.1111111111112,0.0,no_rewards,False,0.0,False
pool1qz9qfxcxsc46vpgrrj868scmttjp3y9xaehyn6knknegcsphq6u,KTO,340.0,0.0,100.0,11759.039354,37857.049966,3.0,0,0.0,0.0,0.0,741.1111111111112,0.0,no_rewards,False,0.0,False
pool1qzg0lsft8d6zz5vytz5td3f383ra8f46zsdnsa93dgrg2nf7ckf,,340.0,0.01,100.0,156.62584,509.235798,3.0,0,0.0,0.0,0.0,741.1111111111112,0.0,no_rewards,False,0.0,False
pool1qzlw72zfwhhc0ptvzdpld06szu39x9mlm6782efy6sluz932fx6,BCSH2,340.0,0.02,10000.0,10001.967599,3583143.987479,778.0,5,365.760925,1107.305929,1473.0668540000001,741.1111111111112,0.4935304835082458,losing,False,106.78584177066597,False
pool1qzlw756y0z6ehg9jkerrfrydr7qlvzl5pgset33h3h2akst593a,BCSH5,340.0,0.02,10000.0,10001.979702,2848311.389101,731.0,0,0.0,0.0,0.0,741.1111111111112,0.0,no_rewards,False,0.0,False
pool1qzlw76zztkg02rywyypyw6s0gtkg2zpkaxhl6cq7eauqg8h9659,BCSH6,400.0,0.025,500001.95,500023.706502,2858803.84162,411.0,3,494.87851,390.349104,885.227614,741.1111111111112,0.6677521124437781,losing,False,233.42700645966016,False
pool1qzlw7den2mlj0fmm65g0fnf46vyhzkhmdaf0f8v3s6skuue6rlk,BCSH4,340.0,0.02,10000.0,10000.0,11210038.376777,745.0,9,388.251194,2263.269651,2651.520845,741.1111111111112,0.5238771733133433,losing,False,128.78285381701434,False
pool1qzlw7z5mutmd39ldyjnp8n650weqe55z5p8dl3fagac3ge0nx8l,BCSH,340.0,0.02,10000.0,10065.132958,20546523.994721,1112.0,24,477.845705,6592.87711,7070.722815,741.1111111111112,0.6447693170914542,losing,False,218.27291355936964,False
pool1qzlwlpcsgflr9z3f24fg836tyq45p0kf5cnrp20s8v0psp6tdkx,BCSH0,340.0,0.02,10000.0,10056.630021,21118114.212429,831.0,22,465.696069,5877.680735,6343.3768039999995,741.1111111111112,0.6283755053973014,losing,False,203.29289062641524,False
pool1qzlwlyu92fsx94qu6u5nw3sy334f5yat3dv3jgx0grrsv0kp422,BCSH1,400.0,0.025,500001.95,500027.077179,4622151.151765,681.0,5,540.336133,935.23333,1475.569463,741.1111111111112,0.7290892349325336,losing,False,257.7408180250815,False
pool1qzz0flh92qkg0mjufaw9j2zk72lmvf5n2kuaslk4f8j4ze362w4,,340.0,0.05,100000.0,243.865225,287656.480848,632.0,0,0.0,0.0,0.0,741.1111111111112,0.0,no_rewards,False,0.0,False
pool1r04czz6aq4qnd8a3x2klzd6g20mrxns0ksrac0z0jn7uycgl7l2,VIRGO,340.0,0.03,30000.0,0.0,0.0,,0,0.0,0.0,0.0,741.1111111111112,0.0,no_rewards,False,0.0,False
pool1r0sxz0hygfc0266lhdclve6j3cwcwlth6dya6uey65yxjnwm7qc,BURN,170.0,0.0,200000.0,213221.093223,12118258.890431,415.0,15,244.82114,4177.581333,4422.402473,741.1111111111112,0.3303433673163418,losing,False,151.4926641982696,False
pool1r2249l40de8nlj77u77yzk8kxl3av4k09ztswcuqfexzcxwx3k8,LUCK2,340.0,0.001,25000.0,0.0,164.521435,2.0,0,0.0,0.0,0.0,741.1111111111112,0.0,no_rewards,False,0.0,False
pool1r2fph82mjhgu955cesn4yejjva4sk7uuh06yhwf8e9ln5djy5h7,CF6,170.0,1.0,0.0,0.0,0.0,,0,0.0,0.0,0.0,741.1111111111112,0.0,no_rewards,False,0.0,False
pool1r2g9wv7jyt7haygrmrc2tst2m8m9ssrr3c690ffp49uhywhvmdl,CRFN,170.0,0.0,750001.0,829130.546295,2721310.884499,122.0,0,0.0,0.0,0.0,741.1111111111112,0.0,no_rewards,False,0.0,False
pool1r2z2v45320taq385pny6gz80hyq3rsue8r8n0w9zpq0c7yjl9el,,340.0,0.02,1000.0,1014.627418,1068.520358,3.0,0,0.0,0.0,0.0,741.1111111111112,0.0,no_rewards,False,0.0,False
pool1r3ax7pd3cgad5kttench60ttr23kvfpx3vzvd6c3azppgw7q93t,PALM1,170.0,0.99,10000.0,15162.612772,2947534.009549,934.0,0,0.0,0.0,0.0,741.1111111111112,0.0,no_rewards,False,0.0,False
pool1r48usrtdxqzt6dmd02xgjss8xgqc9pc92cpkm4pykywnv7n33g6,,340.0,0.02,100.0,2.729004,2.729004,1.0,0,0.0,0.0,0.0,741.1111111111112,0.0,no_rewards,False,0.0,False
pool1r55hyfrd3tw6nzpkvf4rfceh2f04yph92fc462phnd0akp2s5r6,COFFE,340.0,0.025,101.0,1220.575569,31541162.910173,610.0,26,523.267601,7101.411727,7624.679328,741.1111111111112,0.706058232233883,losing,False,264.02683573741564,False
pool1r5r0z899up4kc9slygn7a2uhl9ama33sl6qwafvef28jgaf06hz,,345.0,0.01,5000.0,2.873438,1121.054874,2.0,0,0.0,0.0,0.0,741.1111111111112,0.0,no_rewards,False,0.0,False
pool1r5srulgd6gpav0sympqrkt9f4ykl06lh9sgk0p20r54v7759kws,DOG,340.0,0.0,50000.0,91442.538103,1105212.009452,117.0,1,294.656523,0.0,294.656523,741.1111111111112,0.39758751229385303,losing,False,93.173843391332,False
pool1r650ja5y4jy7xd6srjz8ujkumy8xpk8kqgrxu92g3nwyk5jf4zq,XRAY6,340.0,0.01,100.0,101.74195,145.1592,5.0,0,0.0,0.0,0.0,741.1111111111112,0.0,no_rewards,False,0.0,False
pool1r6dzsz6ju52hgelstefrrel4y8fsyt8ck9qgfvvmamgns4vh7w4,DAI,170.0,0.05,100.0,6793.363761,146568.178741,9.0,0,0.0,0.0,0.0,741.1111111111112,0.0,no_rewards,False,0.0,False
pool1r6lp6uumua0kvs069y0k5kh3t7acvv4pz9pfw3zs6rmmcs52z4z,DREAM,345.0,0.0007,10000.0,1.688197,1.688197,1.0,0,0.0,0.0,0.0,741.1111111111112,0.0,no_rewards,False,0.0,False
pool1r76pjed6q8k9y8lngcedqhv52zqzc2gczwzqc93x6kwq73xprtr,TTP,170.0,0.01,5000.0,5636.851952,123378.753542,5.0,1,176.882137,117.725407,294.607544,741.1111111111112,0.23867154917541228,losing,False,87.1290357411627,False
pool1r7tn56lj5j7te7zyj3wvqn0wyw8tr3g96chw6lwnqxjmgggrfd8,AKLEI,340.0,0.024,2500.0,10.0,70538.603305,25.0,0,0.0,0.0,0.0,741.1111111111112,0.0,no_rewards,False,0.0,False
pool1r80l6hsdftyfvqftjak0r6llnszdtnh2x7rvtllawzj7x3afq2k,LBRTA,340.0,0.02,50.0,104.437937,8685.979612,3.0,0,0.0,0.0,0.0,741.1111111111112,0.0,no_rewards,False,0.0,False
pool1r8938r4ts8f4t8nsp9xl9dktzapt7f67jgpsp4wrju39xrdnaye,VENUS,340.0,0.0085,70000.0,75939.036289,1828154.010915,186.0,3,367.030766,517.005764,884.0365300000001,741.1111111111112,0.495243912143928,losing,False,115.19743649417282,False
pool1r8lmsrdure385hz647kl2qjhyyxkdle4au5krjcsqed4x8227k3,MAYZ,340.0,1.0,5000.0,5160.278423,372010.999649,352.0,0,0.0,0.0,0.0,741.1111111111112,0.0,no_rewards,False,0.0,False
pool1r96tdg42e7qpxxef2fhzlusl4wtqjk24kznsj4ttar0f6adw0jq,,340.0,0.0125,1000.0,1.665757,1.665757,1.0,0,0.0,0.0,0.0,741.1111111111112,0.0,no_rewards,False,0.0,False
pool1r9dfv5360alp5dh020k050d4n4yh9h4gms9lf0srm43z5zk4d3s,,340.0,0.2,0.0,107.453029,115.453029,2.0,0,0.0,0.0,0.0,741.1111111111112,0.0,no_rewards,False,0.0,False
pool1r9fpxs4kcn80kylsjxs8tg3p50nk2s66qerfqtw4x70n5740nj9,,340.0,1.0,71000000.0,77021526.027575,77021533.507488,2.0,59,22125.804237,0.0,22125.804237,741.1111111111112,29.854908265817087,strong,True,22125.804237,True
pool1r9kse9x8ja0ajkyw8w96zw5c2aqeey6j85nmyqxhwt0rs090fu4,UPBIT,340.0,1.0,200000.0,31331920.741047,31331928.070136,2.0,33,9729.362003,0.0,9729.362003,741.1111111111112,13.12807466671664,strong,True,9729.362003,True
pool1r9mgl8cj0hyht0678cpdljt2pw353672jyy9ak00dzalglx2jq5,REPUT,170.0,0.99,100.0,115.624602,1348.625059,6.0,0,0.0,0.0,0.0,741.1111111111112,0.0,no_rewards,False,0.0,False
pool1r9qyjstrc050njg8lm7wxy5874mgu322vyljntdsm5qgxvjcewv,SHEIN,340.0,0.01,0.0,9.829592,32814.049187,168.0,0,0.0,0.0,0.0,741.1111111111112,0.0,no_rewards,False,0.0,False
pool1r9rc8f6xtl8fxmrvz3et9en0p8tp9aq0rzslfczawq6m7udqd33,ETO17,340.0,1.0,0.0,0.0,106.43319,1.0,0,0.0,0.0,0.0,741.1111111111112,0.0,no_rewards,False,0.0,False
pool1ra2su7cvnmr83pu9nvvz4a9carsgc9egc3e5fuk7h9pycyp5ela,LBF4,170.0,0.06,2.0,9.820727,87463814.895506,5663.0,90,1570.298061,21716.2284,23286.526461,741.1111111111112,2.1188429608695647,comfortable,True,1467.6940375510894,True
pool1ralkckmup253k79hap4chku450qyshezh4sasjqh0ltxu2gytlq,OYAJI,340.0,0.0,15000.0,16261.754719,553442.121335,25.0,1,294.618715,0.0,294.618715,741.1111111111112,0.39753649700149923,losing,False,81.45304276157577,False
pool1raua8hvrv65aq3gjuk0re4juzdpw4gnpkeq7lyl94j8cv2grye4,,340.0,0.075,0.0,1.434673,1120.93101,4.0,0,0.0,0.0,0.0,741.1111111111112,0.0,no_rewards,False,0.0,False
pool1rcd7qslz3xnpnk9u6tcwegy5r2574uf8suqu24ptg637jha3sr5,NINI,340.0,0.02,100.0,10016.833032,8255588.334437,138.0,6,370.249799,1397.363301,1767.6131,741.1111111111112,0.49958743493253366,losing,False,110.86490236930683,False
pool1rcdq9r6f0nwv376afk5dx3ugaumlhm4kx7g8tue74dlwgwsmd4l,GALT1,340.0,0.01,20000.0,5436.154854,9267.198215,1.0,0,0.0,0.0,0.0,741.1111111111112,0.0,no_rewards,False,0.0,False
pool1rcg65q6m4y2w49n0nvj570xfa3hsyarm5tjnnumy4xm3sw0d6lu,,340.0,0.0,0.0,203.182474,203.182474,1.0,0,0.0,0.0,0.0,741.1111111111112,0.0,no_rewards,False,0.0,False
pool1rct5guwnp6nk9f4ldn5tr3s42j0nm5rxeayv56lxua5ck47ex39,FIMI,340.0,0.01,10000.0,41051.097589,40897612.802004,2513.0,45,482.012488,12731.577247,13213.589735,741.1111111111112,0.6503916629685157,losing,False,219.44191596615798,False
pool1rd02pkrtvme3pd6fznltk62e4cr5ddgq5fmd080neu4mkt8r020,,340.0,0.03,2500.0,3004.708164,3009.507338,2.0,0,0.0,0.0,0.0,741.1111111111112,0.0,no_rewards,False,0.0,False
pool1rdlpngqqd54x2ek7s9m8hl5yrc7dx5mlm9wtdqatldm5jfrcgqt,,340.0,0.0,43000.0,586.687244,1099.411067,5.0,0,0.0,0.0,0.0,741.1111111111112,0.0,no_rewards,False,0.0,False
pool1re8cmjt895tpx8dx2veg0cew5yqtxnt82sll03e433a4ugnh9w7,RISE,345.0,0.02,30000.0,32813.934167,201158.528063,104.0,0,0.0,0.0,0.0,741.1111111111112,0.0,no_rewards,False,0.0,False
pool1reje63x6l2dh4t6d8ya3m04c9lypu4chc0cvn4jnk7lmus54ckn,MILL,340.0,0.02,1000.0,1007.430809,1010.076116,2.0,0,0.0,0.0,0.0,741.1111111111112,0.0,no_rewards,False,0.0,False
pool1rek8m67j3lrslpkrv5twxr5adpt2r5k3qq2huh6vgx8jkcw4qc8,UNTH,340.0,0.01,100.0,197.456153,197.456153,1.0,0,0.0,0.0,0.0,741.1111111111112,0.0,no_rewards,False,0.0,False
pool1renn86d9mty7jdq2qy32xk9lyl0lydcqx337e4504fzvvcye532,,340.0,0.0,650.0,0.0,0.0,,0,0.0,0.0,0.0,741.1111111111112,0.0,no_rewards,False,0.0,False
pool1repwaml372lx5kf3yw7568yhefa4d60r2d07un5gmykyv57ejxq,IND,340.0,0.0,400.0,406.405934,1620.880065,4.0,0,0.0,0.0,0.0,741.1111111111112,0.0,no_rewards,False,0.0,False
pool1ret0s9eqs27nvw0k7y6vvv7nzfhpx3a86qyjnl4np79sk29q8f8,edu,340.0,0.0,0.0,1.64403,7153.748966,3.0,0,0.0,0.0,0.0,741.1111111111112,0.0,no_rewards,False,0.0,False
pool1rf2q4a04tgrwpuj5xg4sf0dj737ytaqs8s6yuyps55r6s87x7v7,CPTN,340.0,0.01,1000.0,1000.986218,1000.986218,1.0,0,0.0,0.0,0.0,741.1111111111112,0.0,no_rewards,False,0.0,False
pool1rfwfql54dxqe2f3pht7c8xztq9c5wncdhcp542nk76dcgshtvdk,,340.0,0.01,200.0,257.63,376.518669,2.0,0,0.0,0.0,0.0,741.1111111111112,0.0,no_rewards,False,0.0,False
pool1rg4h4fc9j70w3jx86s3vc8vzd7hxwd4sz4j80d93hk7j7mm5dx2,,345.0,0.15,100.0,27.617078,27.617078,1.0,0,0.0,0.0,0.0,741.1111111111112,0.0,no_rewards,False,0.0,False
pool1rg8yt3kqrzdch8edul6fm7n6achgvfyg8n6zhrpx5a83scz83ys,CLYST,170.0,0.03,100.0,285.427333,174492.468281,13.0,0,0.0,0.0,0.0,741.1111111111112,0.0,no_rewards,False,0.0,False
pool1rglej4fkg4l99e5agyxsd5w977n5u7chq8wrpwsgmr80292fw65,HEAVN,340.0,0.02,1800.0,0.0,460.377578,1.0,0,0.0,0.0,0.0,741.1111111111112,0.0,no_rewards,False,0.0,False
pool1rhew9hdp6wpudh22k7gyjtv98r872hca064n8ug8lk3j65ae59a,HAX,340.0,0.0,0.0,9.975834,9.975834,1.0,0,0.0,0.0,0.0,741.1111111111112,0.0,no_rewards,False,0.0,False
pool1rhq7qyw4y2s80gstyevm6rhz2lsdsrcstawunxx5eld8csvuvlu,ART,340.0,0.0,25000.0,25041.076998,119570.753557,90.0,0,0.0,0.0,0.0,741.1111111111112,0.0,no_rewards,False,0.0,False
pool1rj6apcqxcvavaxp22f75zs9upphena7ntsnut2efvq98g4404up,APP,930.0,0.01,10000.0,26843.200819,1667318.845499,382.0,0,0.0,0.0,0.0,741.1111111111112,0.0,no_rewards,False,0.0,False
pool1rj8zkzk3dm0lmnjtafczqfp8sshmang8gg85eypjeh2e6cve0vl,STKD,340.0,0.1,0.0,8.79512,7516.719048,32.0,0,0.0,0.0,0.0,741.1111111111112,0.0,no_rewards,False,0.0,False
pool1rjxdqghfjw5rv6lxg8qhedkechvfgnsqhl8rrzwck9g45n43yql,XRAY1,340.0,0.01,100.0,869.891421,16563480.587921,2722.0,15,381.002412,4038.02917,4419.031582,741.1111111111112,0.5140962080959519,losing,False,118.66617701069718,False
pool1rk28hp58ptwapha9nc944ast32gln8a7hx6eue0gzuj7sndzrhk,NOCAR,340.0,0.03,5000.0,8911.318987,74000.41242,7.0,0,0.0,0.0,0.0,741.1111111111112,0.0,no_rewards,False,0.0,False
pool1rk2mshek3ln2uahk9xg2r2yf6z5u00h37g4jc2mkyt6yk0r2xw3,,345.0,0.15,100.0,9.490391,9.490391,1.0,0,0.0,0.0,0.0,741.1111111111112,0.0,no_rewards,False,0.0,False
pool1rkknx2m6h3dw6y6t8ux6fx65mxamgk207mdwtcc3yvas2yyrvxp,BTFND,345.0,0.05,1000.0,21.942491,23.613933,2.0,0,0.0,0.0,0.0,741.1111111111112,0.0,no_rewards,False,0.0,False
pool1rkyc3ss904h066sffergss99r9p2kqa4k6ds0g4u5ud4x7yaajd,1PCT5,340.0,0.01,50000.0,60046.46929,7186868.89598,507.0,8,376.858491,1980.410913,2357.269404,741.1111111111112,0.5085047104947525,losing,False,116.70042778548313,False
pool1rkz43352y9kmsvzqn3wp08t6qfz64j6at4gtmn74ge0tv7hqdhf,BLIZZ,340.0,0.0,600.0,1.0,2800.169685,43.0,0,0.0,0.0,0.0,741.1111111111112,0.0,no_rewards,False,0.0,False
pool1rm8rza3ff0cape54ddjclwwm6a4g5wx604t3y9mdlysdz898f42,,340.0,0.04,20000.0,501.115212,501.115212,1.0,0,0.0,0.0,0.0,741.1111111111112,0.0,no_rewards,False,0.0,False
pool1rmpv0h0pecysach8tj06vxx9wku2pdm74mk9cunx759v58q0hu2,SASA,340.0,0.035,80.0,1919.604158,41840887.66331,231.0,42,761.697941,11611.593177,12373.291118000001,741.1111111111112,1.0277783311844078,edge,True,505.9846703124478,False
pool1rp466amdpse0gsmdkteqpqmnm5fl4v0q8juwwq4xagwygwzu8ln,,340.0,0.03,450.0,507.102535,507.102535,1.0,0,0.0,0.0,0.0,741.1111111111112,0.0,no_rewards,False,0.0,False
pool1rpdfq9gm9ls0q8tnc2ssnpg5av3hm5ehktul7cfznjvjxyku2k6,PADA,345.0,0.075,100.0,240.619014,17387.273798,4.0,0,0.0,0.0,0.0,741.1111111111112,0.0,no_rewards,False,0.0,False
pool1rpfj2y4vddj8azwu9977a63s2cjl374pep98l6dhuqh5u9jctj0,BNP,345.0,0.06,2.0,29601.171163,49594.901658,12.0,0,0.0,0.0,0.0,741.1111111111112,0.0,no_rewards,False,0.0,False
pool1rpjjz68kmmetyxztmrstrwgz8lxf6v0d7vqgw98r5x8rc50jrdf,DEW,340.0,0.02,105000.0,111800.718198,4484964.728031,1405.0,2,351.082373,238.355143,589.437516,741.1111111111112,0.4737243413793103,losing,False,97.8561165089431,False
pool1rq4vahleea4yc38cr58klupl6g0w7ca07lc6kyvtcznp6649j5p,,345.0,0.06,0.0,0.0,3.678935,2.0,0,0.0,0.0,0.0,741.1111111111112,0.0,no_rewards,False,0.0,False
pool1rq6c8ntlsh2xl3le0utg4fpxqhag7fdlpzdykcld7dh9gtz8fxt,NOCAP,340.0,0.005,50000.0,119.945678,274.417916,6.0,0,0.0,0.0,0.0,741.1111111111112,0.0,no_rewards,False,0.0,False
pool1rq70y0sj8fnjgnuavsjtvk2qm6hjw2r9zfacd46z6z8c7tlgcmx,,345.0,0.05,100.0,127.046347,127.046347,1.0,0,0.0,0.0,0.0,741.1111111111112,0.0,no_rewards,False,0.0,False
pool1rqgf6qd0p3wyf9dxf2w7qcddvgg4vu56l35ez2xqemhqun2gn7y,HADA,170.0,0.01,50000.0,95149.445568,1393120.193539,60.0,3,225.415963,658.555177,883.97114,741.1111111111112,0.30415947031484253,losing,False,137.78953145171795,False
pool1rqgmaq82p2l3j2jknc2syky2xtgylevss39c7ffgpp5x56s5pt5,,340.0,0.04,0.0,29545.684962,17292688.223995,3.0,17,534.386359,4473.849013,5008.235372,741.1111111111112,0.7210610541229384,losing,False,280.4210188924154,False
pool1rqwhzyfvm8uh6qseqpkkz2uvga0ufr0aaavrw7nynytuxy9uj6c,,340.0,0.15,100.0,598.614966,598.614966,1.0,0,0.0,0.0,0.0,741.1111111111112,0.0,no_rewards,False,0.0,False
pool1rryu0ckdfzcrxuef98q78fzw25dh3lck8l0u3lq6zpv7x5a6qyd,CRHND,350.0,0.05,550.0,0.0,0.0,,0,0.0,0.0,0.0,741.1111111111112,0.0,no_rewards,False,0.0,False
pool1rrzlme4g2r49x7tcesdkuk5wqv5ks2dkq3ptapgnclgvkcxy9sc,DDP,340.0,0.01,341.0,342.417653,25012.719466,3.0,0,0.0,0.0,0.0,741.1111111111112,0.0,no_rewards,False,0.0,False
pool1rscmngzy9mzyy98kl7h38scshgmk4cw0cs6ed58mq68mw4uustm,,500.0,0.05,10000.0,1012.446209,1062.558799,2.0,0,0.0,0.0,0.0,741.1111111111112,0.0,no_rewards,False,0.0,False
pool1rsm2ara9zm9tq0gupcq4c7e3v7c8lwxlgjgh2zalgjf3669rlwq,,345.0,0.01,100.0,100.838685,100.838685,1.0,0,0.0,0.0,0.0,741.1111111111112,0.0,no_rewards,False,0.0,False
pool1rsrmpq6jnxnwh6z8wlzphnan4huyz6pymcgna2p5m93mz780xkw,,340.0,0.01,10000.0,2.38378,107.431117,1.0,0,0.0,0.0,0.0,741.1111111111112,0.0,no_rewards,False,0.0,False
pool1rte6kvv4z3f4fuq6np3qsmxh3pujem6rncpg58tuxc04gwmc2xn,,340.0,0.04,0.0,0.0,611.091876,9.0,0,0.0,0.0,0.0,741.1111111111112,0.0,no_rewards,False,0.0,False
pool1rthy0xp2syng0cydp85wvz973szmq2ns8u5p4hdedkwlyhry27w,MEDA🌌,340.0,0.04,3270.0,5629.894504,6559.270234,13.0,0,0.0,0.0,0.0,741.1111111111112,0.0,no_rewards,False,0.0,False
pool1rtnk3j8jv0wl0qz2j8xq4h5yeh0uvw3xj738fgl6wc4scxenkgz,MOKUM,340.0,0.02,10000.0,11238.837972,88209.888365,9.0,0,0.0,0.0,0.0,741.1111111111112,0.0,no_rewards,False,0.0,False
pool1rtnv5vj0glxu9w2mkl9ptev72enx75gjzdkc8urfhavr5reah0c,STKGR,170.0,0.0,60000.0,69040.130137,1090145.511414,70.0,2,196.556857,392.776609,589.333466,741.1111111111112,0.2652191473763118,losing,False,107.57331159433534,False
pool1rtr6nja4hh8j8hkrmevehw7009za3fu2vucv27rl6qdr6xttd09,BWITS,350.0,0.0,500.0,507.617122,2026.297299,2.0,0,0.0,0.0,0.0,741.1111111111112,0.0,no_rewards,False,0.0,False
pool1ru5ltcffgwnz6qdmccq9lcfu4zncygacm5fzvwz6tq9zcfwyl0v,,340.0,0.01,5000.000001,5017.621566,5021.439761,2.0,0,0.0,0.0,0.0,741.1111111111112,0.0,no_rewards,False,0.0,False
pool1rv3f2ctg35ke7t5azmaha6393skhvnhwedh96e6r703tg00wp77,,340.0,0.02,100.0,107.625218,5609.097091,4.0,0,0.0,0.0,0.0,741.1111111111112,0.0,no_rewards,False,0.0,False
pool1rven0s3l30qawndj2m8v0fwgc8rsthumda72l4wkgwdhx7qgdjw,NIFTY,345.0,0.0099,100.0,103.070019,103.070019,1.0,0,0.0,0.0,0.0,741.1111111111112,0.0,no_rewards,False,0.0,False
pool1rvjj8cp3urh7de07pm0ceqha2x4lxws69lhd4429dm6djfjsy4l,DINO,340.0,0.01,10000.0,11699.892626,25731190.880696,1989.0,22,404.179558,6077.297227,6481.476785,741.1111111111112,0.5453697184407795,losing,False,141.94864290788462,False
pool1rvng7n968748udkc5rxy4h9zp9hms4s3jsfwuues76ft28uc056,DIGI,340.0,0.04,215000.0,215034.199852,58610179.949236,3005.0,54,1018.150221,14903.335355,15921.485576,741.1111111111112,1.3738158904047975,edge,True,764.67284820407,True
pool1rw29y8c5md2rm4ynkrqhpm9saatd0a0xzyyc6xudelgkww5junh,RGDL,999999.0,0.99999,0.0,49982.472863,10057817.929316,16.0,8,2356.816646,0.0,2356.816646,741.1111111111112,3.180112415892054,comfortable,True,2356.793941228751,True
pool1rw3sdsrge8wa076403lrxey3zw557v3kpaw0kwaxwg02zjfv82k,,340.0,0.009,20000.0,0.0,0.0,,0,0.0,0.0,0.0,741.1111111111112,0.0,no_rewards,False,0.0,False
pool1rx2745qj65qrgcutmpydv9k3ld930puq52t7skcd3ennqh550zc,KUNI,340.0,0.0,1000.0,4664.621622,9197.820559,11.0,0,0.0,0.0,0.0,741.1111111111112,0.0,no_rewards,False,0.0,False
pool1rxgxstg6t7azlsrk4vuuwp0jgl9e776dg86zqzaa0qt6vz43n9r,RKD,340.0,0.9999,4.0,5967.403966,5817588.462074,7.0,5,1472.897241,0.113182,1473.010423,741.1111111111112,1.9874175665667162,edge,True,1472.870765358922,True
pool1ryyfhgm4rqa9pnykxuhxcmy6rdn0uyltufm9t86c6uskwv3aame,,340.0,0.0,32000.0,17.425265,17.425265,1.0,0,0.0,0.0,0.0,741.1111111111112,0.0,no_rewards,False,0.0,False
pool1rzhyuwfwdzksm9v2ze8playmvdv3u04x9a0tmhg2krx7kt2635t,,340.0,0.05,500.0,983.781249,983.781249,1.0,0,0.0,0.0,0.0,741.1111111111112,0.0,no_rewards,False,0.0,False
pool1rzlg6gtquajeyzpn5whh2alqzgdpy5ugha275z2haq79glqze85,,345.0,0.15,100.0,0.0,0.0,,0,0.0,0.0,0.0,741.1111111111112,0.0,no_rewards,False,0.0,False
pool1rzzz3sy88y05r8vqpejczv6zqntf6ayn3untjkn9kfud6nemcp9,,340.0,0.01,5000.0,0.0,0.0,,0,0.0,0.0,0.0,741.1111111111112,0.0,no_rewards,False,0.0,False
pool1s04pdfl3sv5gzuc80322rc4ne0xs7gekux7gtckvvwt7qutjy6w,MS9,340.0,0.025,30000.0,31873.926426,17850008.766554,124.0,22,504.243215,5977.753722,6481.996937000001,741.1111111111112,0.6803881461769115,losing,False,246.3295815465179,False
pool1s0cfkzheywsftgwp0yz7sq4rt5gyf7t5kfwj5a269kpxvndjn6q,OCEA5,500.0,0.039,15000.0,15099.617606,22772224.23314,970.0,32,853.873631,8573.93926,9427.812891,741.1111111111112,1.1521533251874063,edge,True,445.71942652369717,False
pool1s0kkragd8r2xyyms680l9eed443v3eufmarykpjfh2r6cpksm2j,SABAI,340.0,0.0,50000.0,53035.625881,625388.5907,16.0,0,0.0,0.0,0.0,741.1111111111112,0.0,no_rewards,False,0.0,False
pool1s2qefm0h0449tdwsh7w6gw7mn9n8d3w48zunslxdazlfghtn4wh,,340.0,0.01337,1000000.0,0.0,0.0,,0,0.0,0.0,0.0,741.1111111111112,0.0,no_rewards,False,0.0,False
pool1s2rj8t2a5tfv0rpsfak77g03h96uv3rqxp62t6jm3dh45g2e2pj,CRD,340.0,0.0,238000.0,280842.602645,1259292.580637,252.0,0,0.0,0.0,0.0,741.1111111111112,0.0,no_rewards,False,0.0,False
pool1s3z5qsg75dar26ykyzcz2u8wc2swgq7pyp7f9sdh5n06qh3jhq2,1PCT1,340.0,0.01,50000.0,59906.273568,5870866.011888,377.0,4,356.85819,821.652222,1178.510412,741.1111111111112,0.48151779760119934,losing,False,97.18271411955058,False
pool1s4a3y5ktdg7s08d6mntkctzc739h5n46t930jggef287cwz8pph,,340.0,0.005,100.0,163.039113,163.039113,1.0,0,0.0,0.0,0.0,741.1111111111112,0.0,no_rewards,False,0.0,False
pool1s4hxwet8ezjgfjxekeexezzyu2zhg302hpex6f683hvsw8qpd5v,KSTRL,340.0,0.01,2000.0,2007.823514,2007.823514,1.0,0,0.0,0.0,0.0,741.1111111111112,0.0,no_rewards,False,0.0,False
pool1s4ve6tap62x9khdvhkk9f8fj74ks5txuygsnu7wkujk3jd2c0jh,,340.0,0.0,15999.0,0.0,326.466865,4.0,0,0.0,0.0,0.0,741.1111111111112,0.0,no_rewards,False,0.0,False
pool1s54847dyrcpgxjvsjvhjjqjrkz3x6vevy77xaqje5nugxhp6j2g,,340.0,0.005,1.0,1.750033,79580.484349,3.0,0,0.0,0.0,0.0,741.1111111111112,0.0,no_rewards,False,0.0,False
pool1s6s6eyve0lmc4e0emzf2l68n9ya0rhrpdcq0jmkmmmxv2rkrx42,,340.0,0.2,50000.0,0.0,6713.133499,5.0,0,0.0,0.0,0.0,741.1111111111112,0.0,no_rewards,False,0.0,False
pool1s6se64qce5rjjjhh6ufcdnc54p8qg78mlhjm38lymx99sqysvzx,PAUL1,340.0,0.03,100000.0,100144.001581,57812409.491056,8352.0,54,833.409351,15076.272245,15909.681596,741.1111111111112,1.1245403536731633,edge,True,576.6467758459515,False
pool1s6x6kltycpxq82hyqhlqllqj3q5l2m8w499gvtu4xrfv29c0q2q,LOOT,340.0,0.0199,10000.0,10038.831416,2886869.008138,1866.0,2,345.809032,243.4169,589.2259320000001,741.1111111111112,0.4666088887556221,losing,False,86.98568651791017,False
pool1s79cqtwk5s24lcske704ckx7k2pagn8hc95rxvy3xfda6r62pg9,UK007,340.0,0.02,10000.0,10012.150627,112367.119728,202.0,0,0.0,0.0,0.0,741.1111111111112,0.0,no_rewards,False,0.0,False
pool1s7ddsvuw09dvk7et6t842vhdfcmq893y88y3ev9attn67mruf5m,ELLIP,340.0,0.03,1000.0,1007.81601,10342923.108806,1826.0,9,409.561338,2234.324315,2643.885653,741.1111111111112,0.5526314905547225,losing,False,152.3093728226902,False
pool1s7eglqwzl84xgvpr4pptylcgqhkjr4xk8d6y3k22plu3sagms25,SANP,340.0,0.015,100000.0,5517.45743,68318.927949,68.0,0,0.0,0.0,0.0,741.1111111111112,0.0,no_rewards,False,0.0,False
pool1s7vl4r9vr2etmr2pfhcvxu223e8asaxu96te3urd7gh3c2kl74a,,340.0,0.01,133.0,133.4,133.4,1.0,0,0.0,0.0,0.0,741.1111111111112,0.0,no_rewards,False,0.0,False
pool1s8347yjgmfguf0ynj69euw7r75w7usdrfheckpcrjrk2yfvnpwq,,340.0,0.05,0.0,0.0,70041469.433884,6.0,73,1398.297595,20107.654306,21505.951901,741.1111111111112,1.8867583740629683,edge,True,1146.5475950500002,True
pool1sa0uepv2uzwd0g8sh5lkjzgwkcxrg3z4m5wyzgfh93pnwupsm8g,,345.0,0.015,50.0,1292.868508,1293.493236,2.0,0,0.0,0.0,0.0,741.1111111111112,0.0,no_rewards,False,0.0,False
pool1samrdfdupytre8zuqf5y3sda0kxhp894yvjpnhwwczukwd4mx6y,,340.0,0.075,515.0,520.082,520.082,1.0,0,0.0,0.0,0.0,741.1111111111112,0.0,no_rewards,False,0.0,False
pool1scnq7w9rxgt2c4lax0y0ch0el2t9pjcyffhhzs2dfgt75u2zcq4,ALEX,345.0,0.01,5.0,17.619014,85278.509498,2.0,0,0.0,0.0,0.0,741.1111111111112,0.0,no_rewards,False,0.0,False
pool1sdare7xfd6tmak8ghek7kwgpgj6xzu0reppmw4t46rmcs0h6vr2,UTA,340.0,0.05,0.0,0.0,70057217.128289,10.0,66,1295.186866,18148.550464,19443.73733,741.1111111111112,1.7476284548725636,edge,True,1043.4368665000002,True
pool1sdvrd0sxh2mprqc3m9zmvrfccavzpz9r2uancg866hpec7nnt0s,FIALA,170.0,0.0,24000.0,43819.522731,1621415.402212,20.0,1,173.368159,121.260866,294.62902499999996,741.1111111111112,0.23393004962518738,losing,False,80.935578902387,False
pool1sf784g6eje8vzq9f5wu583eurhfq2ee9hzyhl46yezkuqqtmw07,NOVA,340.0,0.01,1000.0,1665.488752,1379558.619127,309.0,4,349.38619,821.70393,1171.09012,741.1111111111112,0.47143563868065963,losing,False,87.27093651370171,False
pool1sffl322qgsrsmkcedzzwk05396dkmj56pcepqvj6px3n2re3qu4,MOON1,170.0,0.02,1.0,53.422821,920739.96116,53.0,0,0.0,0.0,0.0,741.1111111111112,0.0,no_rewards,False,0.0,False
pool1sfjdu0xmz7vdmp6cufxd55gprp95g4p703zzr3upt70dst0fur2,,340.0,0.01,1000.0,3121.193746,1519935.174172,17.0,0,0.0,0.0,0.0,741.1111111111112,0.0,no_rewards,False,0.0,False
pool1sfuspqv9gyqn65vwu6e27dp6ju7gmqmgsnasqp6zxp6qqlzlpfe,SOLPI,170.0,0.01,30000.0,51841.960718,477635.917164,50.0,0,0.0,0.0,0.0,741.1111111111112,0.0,no_rewards,False,0.0,False
pool1sfzvwcqx77fkyfsmhpyhtkh2ef5ppezl2qtrl7jpe7q5up96ux9,,340.0,0.03,0.0,12.359567,12.359567,1.0,0,0.0,0.0,0.0,741.1111111111112,0.0,no_rewards,False,0.0,False
pool1sghd7rmq0ktp6xd8yp84m00530hhqxx94lsnswmajt2xxrzpyjk,TS1TA,340.0,0.99,300.0,64640.679849,65929.347054,12.0,0,0.0,0.0,0.0,741.1111111111112,0.0,no_rewards,False,0.0,False
pool1sghwg652uwe7ksmk5laxxft58j6km6prahvnddk3s6zgxek5qen,FLUX,170.0,0.01,7000.0,18412.150341,319130.686762,34.0,0,0.0,0.0,0.0,741.1111111111112,0.0,no_rewards,False,0.0,False
pool1sgrrjyfj3ujzqrgtgrt5sd9nlvsztmxm32ax79tlu4ghy58ps7q,,340.0,0.0,42.0,0.0,0.0,,0,0.0,0.0,0.0,741.1111111111112,0.0,no_rewards,False,0.0,False
pool1sj3gnahsms73uxxu43rgwczdw596en7dtsfcqf6297vzgcedquv,E7D,170.0,0.01,40000.0,101434.708855,189318.424827,15.0,0,0.0,0.0,0.0,741.1111111111112,0.0,no_rewards,False,0.0,False
pool1sjnh0ymk9fhhnusm7uksux5yhpfyhjfmseq5nuupsj6ezskc0pj,UPBIT,340.0,1.0,200000.0,35955162.68916,35955162.68916,1.0,42,12382.832225,0.0,12382.832225,741.1111111111112,16.70846926911544,strong,True,12382.832225,True
pool1sjrfgg0z0su3gun5xdsj5kvl34m5el3zf6mkaffukg9ucc0q4zc,,340.0,0.01,100.0,0.0,384.91939,1.0,0,0.0,0.0,0.0,741.1111111111112,0.0,no_rewards,False,0.0,False
pool1sjwdmeme5zs042jzwmdvxshhv27kepxke0mr02f2yzacsyd4wtu,CCV,340.0,0.03,500.0,502.750398,44028709.062381,5523.0,48,754.180677,13215.016549,13969.197226,741.1111111111112,1.0176350964017988,edge,True,491.9798107717612,False
pool1sk4s9cmjc9s5uw5zju76tnu3hjc7qj4geaeq7psy9yjay4a9nwd,,340.0,0.01,25000.0,2.170794,103.164846,2.0,0,0.0,0.0,0.0,741.1111111111112,0.0,no_rewards,False,0.0,False
pool1sk64cyef3v2m000eshsdz6ydu3j7rczuyv93dl76euyev7pslxg,SAIGO,340.0,0.01,50.0,50.706518,2687.08386,2.0,0,0.0,0.0,0.0,741.1111111111112,0.0,no_rewards,False,0.0,False
pool1sk6jvl4u8m4peddwqxzslgt82n57qy0rug2j0jfzkrjvy9f5mw6,,340.0,0.02,10.0,356.83051,356.83051,1.0,0,0.0,0.0,0.0,741.1111111111112,0.0,no_rewards,False,0.0,False
pool1sks9qwpygf9vmgeuh4n4a3s36k35c3qnz7pd4qqvw5825x62y3y,STEAK,340.0,0.005,100000.0,100301.28789,425457.471141,35.0,0,0.0,0.0,0.0,741.1111111111112,0.0,no_rewards,False,0.0,False
pool1sktjey6tdtgp6svf0d2nth7ruq3zjnhgg2dckpkveyeqk0jttgj,ENOV8,340.0,0.03,1000.0,1006.87363,4380.566007,37.0,0,0.0,0.0,0.0,741.1111111111112,0.0,no_rewards,False,0.0,False
pool1sktpderrlmwnw8l769aqqfmmv2sn2uatp4r9z84htt6kg7jauyn,,340.0,0.01,3350.0,0.0,3653.156184,2.0,0,0.0,0.0,0.0,741.1111111111112,0.0,no_rewards,False,0.0,False
pool1skykl3rncme7qzwy0t55wk258h4e4s9dyacrm3hnsya3u3k5vkw,SAFST,170.0,0.0,50000.0,21850.7343,35419.435808,17.0,0,0.0,0.0,0.0,741.1111111111112,0.0,no_rewards,False,0.0,False
pool1slwxj0t3575lx0rfw2x3z7dqf26jpls566pdwydvlk0jgw96lre,MORH,340.0,0.99,200000.0,212113.166816,18294443.253199,36.0,1,294.828114,0.0,294.828114,741.1111111111112,0.39781904437781107,losing,False,292.65532061973687,False
pool1sm2kmdn4f9rat3kl67y9drqcnnqc34zg4f4ufmnrfaj45gcv89d,LTES,170.0,0.0025,25000.0,172171.883282,1512507.302068,50.0,0,0.0,0.0,0.0,741.1111111111112,0.0,no_rewards,False,0.0,False
pool1smfwu5w54mnxea6dg7gwmkk6df8jauuf4h2x0cqew3dk2lgln2t,OHANA,340.0,0.0,1000.0,1298.008138,486843.783119,384.0,2,340.664426,248.541811,589.206237,741.1111111111112,0.4596671415292353,losing,False,76.37096108316373,False
pool1smy2r8jdvgna5ykhe8rrch7h4qalyfafyzyh0rmanmq0jxptww7,ZZZ3,340.0,0.05,50000.0,55612.897179,23242944.348651,210.0,31,799.711547,8334.716711,9134.428258,741.1111111111112,1.079071052923538,edge,True,548.5638986205032,False
pool1snauzgh8r7tww3emfmdt58dt4hpvyjc23j0nj3h0ql2wwzgdkp9,,340.0,0.0,200.0,218.055983,218.055983,1.0,0,0.0,0.0,0.0,741.1111111111112,0.0,no_rewards,False,0.0,False
pool1snvcmtdnssf6t8fhs7943uxmmujlt4f89yv58cp7m99cq5tw9hy,INDYS,340.0,0.0,67500.0,7.251029,2870.032726,7.0,0,0.0,0.0,0.0,741.1111111111112,0.0,no_rewards,False,0.0,False
pool1snyaulmp94axe7ltmqzlkztqn9axt5ykprjtxh3qgn35cred9pf,,450.0,0.095,1.0,0.0,1001.676644,2.0,0,0.0,0.0,0.0,741.1111111111112,0.0,no_rewards,False,0.0,False
pool1spakm5z76m4jvu3zn43yyw7659gj3zv5vtkgsvswdwm8q56zj5z,CMORE,340.0,0.01,1000.0,1008.054786,1019.915823,2.0,0,0.0,0.0,0.0,741.1111111111112,0.0,no_rewards,False,0.0,False
pool1spqkpaezku3knl9ug7txrlyzr8kkvdr0h75yyz262cx6gls6zlm,ADAC1,340.0,0.0,10000.0,17.115823,17.115823,1.0,0,0.0,0.0,0.0,741.1111111111112,0.0,no_rewards,False,0.0,False
pool1spus7k8cy5qcs82xhw60dwwk2d4vrfs0m5vr2zst04gtq700gjn,ZZZ4,340.0,0.05,50000.0,54897.575819,10266727.068949,112.0,11,499.800045,2741.446969,3241.247014,741.1111111111112,0.6743928643178411,losing,False,249.3961834665814,False
pool1sqpksswmxpgk6yxllyq9ad4qhtnt5qyz2pv5xmz6kkt5ujrgqwf,SJG,330.0,0.2,1000.0,11712.56843,119885.338432,21.0,0,0.0,0.0,0.0,741.1111111111112,0.0,no_rewards,False,0.0,False
pool1sqxvayj9w80g42w7chla9x56atj75jwxvkrkrtkcvcyjcak9wx2,,345.0,0.02,360000.0,0.0,0.0,,0,0.0,0.0,0.0,741.1111111111112,0.0,no_rewards,False,0.0,False
pool1sr82s7yvwwsy6q0geveawrglt8ss39jhsfz7d0p4a5y6kk30mdd,IOGP,500.0,1.0,64000000.0,0.0,0.0,,0,0.0,0.0,0.0,741.1111111111112,0.0,no_rewards,False,0.0,False
pool1sr953s548fudyhmfm082xp0mensv2gxzt4qpe466ykw0z3jjzvv,AIR,340.0,0.0,500.0,502.775251,2698080.95685,342.0,3,340.101336,543.706443,883.807779,741.1111111111112,0.45890734992503746,losing,False,75.15071769179686,False
pool1sru6yhj5q0zvfyyuappgrvssxzjumjsd3ekyeslhvwmv6hmmxzn,C1ST,170.0,0.0,10.0,796.985699,126432.886341,108.0,0,0.0,0.0,0.0,741.1111111111112,0.0,no_rewards,False,0.0,False
pool1sskadl6p2w0ttfr60y2ssfzcmrnaty4wt68v5glzd3e5vwkh7z5,ETO8,340.0,1.0,0.0,0.0,0.0,,0,0.0,0.0,0.0,741.1111111111112,0.0,no_rewards,False,0.0,False
pool1ssn7vj756vpv84h5vgkkvv5rzk0zp6pp2kdrqwfjsffu60djyy8,,340.0,0.019,100.0,197.62403,197.62403,1.0,0,0.0,0.0,0.0,741.1111111111112,0.0,no_rewards,False,0.0,False
pool1st58tj7nun3vynlhlmfawrn24ar0pshdle733vtkv43szxt2kq0,CETF,340.0,0.01,1.0,101.678007,2950.245494,29.0,0,0.0,0.0,0.0,741.1111111111112,0.0,no_rewards,False,0.0,False
pool1st9xr6arqq8f2hjsdz6urxejjwzpjkjceatnjuehhr9xuq6k4eu,,340.0,0.005,626.754414,627.877762,645.07951,2.0,0,0.0,0.0,0.0,741.1111111111112,0.0,no_rewards,False,0.0,False
pool1stjukmjtgs7rdvy8ucsc543f9y2ct56ss08zed392php7k0teaq,,340.0,0.02,0.0,2.443789,2.443789,1.0,0,0.0,0.0,0.0,741.1111111111112,0.0,no_rewards,False,0.0,False
pool1stvux7an3kp2p55na0p7eec2e7l66gqcpuc7yu9cx5242g4j2eh,CHUB,170.0,0.016,80000.0,86533.038206,304248.374036,18.0,0,0.0,0.0,0.0,741.1111111111112,0.0,no_rewards,False,0.0,False
pool1supp67ypelmgzuzqqvarc6czgmg3ggwpnrnfr90xpfcqqf8h05t,1PCT,340.0,0.01,50000.0,59557.310178,4128605.456612,656.0,4,360.363091,818.270228,1178.633319,741.1111111111112,0.48624704932533724,losing,False,101.79762069186589,False
pool1suuvhhetdpjmenal5j2uyjld26jke57xw2yz7gc4j2s3yhgd7us,,340.0,0.02,1020.0,0.0,4.427641,1.0,0,0.0,0.0,0.0,741.1111111111112,0.0,no_rewards,False,0.0,False
pool1suvska2n58hqxqzzqwpw3558072vkmng0jezzgtlsj625yk7gt8,ADAJP,170.0,0.0,100.0,5527.346561,563781.553292,16.0,0,0.0,0.0,0.0,741.1111111111112,0.0,no_rewards,False,0.0,False
pool1suy76cpk5lkpsmaqpecygl5j9na5du0xe2lrxd733dlwcus9j2n,,345.0,0.15,0.01,8.61875,8.61875,1.0,0,0.0,0.0,0.0,741.1111111111112,0.0,no_rewards,False,0.0,False
pool1svv9st22dywp9exwsltt7cdc4v2dyrf4zls00jesv2lzvpz45jh,SCAR2,340.0,0.0199,5000.0,5623.296281,200771.679284,150.0,0,0.0,0.0,0.0,741.1111111111112,0.0,no_rewards,False,0.0,False
pool1svzk9ckds6r83nvg2k7w9hszza2haqd9zu7fuyg37e8gg3dylrf,,345.0,0.15,100.0,97.620466,97.620466,1.0,0,0.0,0.0,0.0,741.1111111111112,0.0,no_rewards,False,0.0,False
pool1swe9nsv8lzugakjkfv04dn38scmq48wzynmn0lxasupuzmqcgjm,ADAGE,170.0,0.0084,110000.0,137240.390638,15503089.776631,1399.0,12,227.833844,3306.643147,3534.4769910000005,741.1111111111112,0.30742197841079455,losing,False,134.427219158602,False
pool1swuyjknhewtqcmh583jjpvlcl0p9h9hrt5l2f3v2hl6gchqrn40,ETO4,340.0,1.0,0.0,0.0,60000074.616946,1.0,47,13846.297801,0.0,13846.297801,741.1111111111112,18.683160451124436,strong,True,13846.297801,True
pool1swywvk87zmgypz45ura8d5af6aw5nrrgalt96raqm6ze2uqkhk0,,340.0,0.01,490.0,0.0,0.0,,0,0.0,0.0,0.0,741.1111111111112,0.0,no_rewards,False,0.0,False
pool1sx4e8rvx2xdxgkww2fpjtmvrnaftfrtfge29xcn72hh7kch5snf,UK1,340.0,0.0,0.0,33158.255337,154558.610469,32.0,0,0.0,0.0,0.0,741.1111111111112,0.0,no_rewards,False,0.0,False
pool1sxj5qufj25ssfk83jjxp4tw2py7vfceta63p2u8ymugtga9us8t,,350.0,0.0,2010000.0,0.0,115904.852882,21.0,0,0.0,0.0,0.0,741.1111111111112,0.0,no_rewards,False,0.0,False
pool1sxrkzy0ty37s2qx66cscqwucdqlvemtjl96ep36mqfrnku9lq8t,,340.0,0.1,0.0,1043.463985,1043.463985,1.0,0,0.0,0.0,0.0,741.1111111111112,0.0,no_rewards,False,0.0,False
pool1sy86l3j2aumxgsvp2nmw4ukuq2tc7drnqum9z8796hxnzksde4j,,340.0,0.0,2000.0,2134.769905,2443.472823,4.0,0,0.0,0.0,0.0,741.1111111111112,0.0,no_rewards,False,0.0,False
pool1sysgx87cwxnqy0pqn8g97gdhd0dmre9rw3jvpn2k7apuwa7cgkn,EVE6,400.0,0.04,10.0,21.514466,64558098.308022,2876.0,80,1326.734107,21952.188294,23278.922401,741.1111111111112,1.7901959464767614,edge,True,1003.1643196043884,True
pool1syt2h0690xyjhkr5mntv868xgl82m407e83e4sznaucpkr0lg85,,345.0,0.02,1100.0,1.120991,425.911053,6.0,0,0.0,0.0,0.0,741.1111111111112,0.0,no_rewards,False,0.0,False
pool1szah3sjg5vhd09pa0y6fcsyja2rttsztdp0gj8jpngqxz9kj0a8,,340.0,0.0,50.0,440.214474,2575.210991,14.0,0,0.0,0.0,0.0,741.1111111111112,0.0,no_rewards,False,0.0,False
pool1szgruqm2dlhkh5qh7rft28xz9gkxj6rzfncsuquf3vm37k63kqv,IOGP,500.0,1.0,64000000.0,0.0,0.0,,0,0.0,0.0,0.0,741.1111111111112,0.0,no_rewards,False,0.0,False
pool1szy2tdjj8a4av365wk3q2fqg9srllmt0383e6v9p664ng076x9e,XRAY5,340.0,0.01,100.0,739.261565,1152033.999243,420.0,1,294.602194,0.0,294.602194,741.1111111111112,0.39751420479760113,losing,False,77.33553173493951,False
pool1t0jheek3yftf0a9dgzgr2hc2wttwrcjyd5whdrek4ggcc5famre,POND,170.0,0.042,44000.0,60193.046816,109180.000574,85.0,0,0.0,0.0,0.0,741.1111111111112,0.0,no_rewards,False,0.0,False
pool1t0yyw270lyj70x2fdgxsl7re3rlc8q23fvy3gfpggulc5g6xe95,,345.0,0.003,10000.0,48.658496,0.0,,0,0.0,0.0,0.0,741.1111111111112,0.0,no_rewards,False,0.0,False
pool1t2e4v7ajh38qhjswqaavjqfsevyllhda24t2s2u6vhsavyhhqaf,GAJA,340.0,0.03,100.0,105.132223,105.132223,1.0,0,0.0,0.0,0.0,741.1111111111112,0.0,no_rewards,False,0.0,False
pool1t2mxyjvqsay4yl6vm5gqep5f76nm9wen3452zxa0nu2xugmsm6k,RXO,340.0,0.02,100.0,2.623018,10.277276,2.0,0,0.0,0.0,0.0,741.1111111111112,0.0,no_rewards,False,0.0,False
pool1t2zc29vmryg0z72jp3vh04awlxlrqf88jc3zfx7wm8dwjuhgch9,,340.0,0.02,310.0,332.637934,2944.132986,3.0,0,0.0,0.0,0.0,741.1111111111112,0.0,no_rewards,False,0.0,False
pool1t3xele4dr85qz797gv9n4gdcwtcmsv9wvn9jyavxhpc3qzu50fx,,340.0,0.015,900.0,0.0,0.0,,0,0.0,0.0,0.0,741.1111111111112,0.0,no_rewards,False,0.0,False
pool1t490d5nsl9v354mrppk4j8hla4n60gxjn206jfaxh4jts93tqpp,VELC,340.0,0.01,3500.0,0.0,0.0,,0,0.0,0.0,0.0,741.1111111111112,0.0,no_rewards,False,0.0,False
pool1t4q9v8vxf8ltx407cqkwq3sksgmq85e459jqsf34x0cxyfaqljw,,340.0,0.03,0.0,596.889206,596.889206,1.0,0,0.0,0.0,0.0,741.1111111111112,0.0,no_rewards,False,0.0,False
pool1t4zp4wlastva63rqk99k7578e2h3znqdk2arhzuegz6kgj0duc8,ROBOT,340.0,0.01,50000.0,1924.92923,87285.82187,6.0,0,0.0,0.0,0.0,741.1111111111112,0.0,no_rewards,False,0.0,False
pool1t50sl2erwfaey5du4e7gnp52fylplh5q4j24zkkxk9t5vsxfcvm,MONEY,340.0,0.0,1.0,11178.231656,501311.304333,10.0,0,0.0,0.0,0.0,741.1111111111112,0.0,no_rewards,False,0.0,False
pool1t5zgwakxfmqxgu7l65fk45u33frlqrvgsvzn7demdy0ejgrhq9a,IOGP,500.0,1.0,64000000.0,0.0,126.037603,1.0,0,0.0,0.0,0.0,741.1111111111112,0.0,no_rewards,False,0.0,False
pool1t69ww3neaf5z5jy3a3fjuw2drz50sw593u6gp00kq5fqz3n58h4,SDG1,340.0,0.0,1.0,12.068846,0.0,,0,0.0,0.0,0.0,741.1111111111112,0.0,no_rewards,False,0.0,False
pool1t6ek99u2dzj8sr606uqm3uz0tt4ejr4cpvwtqfwen6p2z57rrst,BD0,340.0,0.08,200.0,4909.388843,38624727.146935,95.0,21,808.415565,5378.232869,6186.648434000001,741.1111111111112,1.0908156049475262,edge,True,564.646549074552,False
pool1t6mnkhwj99hm0ckt8fkf85r84le9p95v2a3l874vfn947g5ajmu,,340.0,0.028,10000.0,0.0,4.098353,1.0,0,0.0,0.0,0.0,741.1111111111112,0.0,no_rewards,False,0.0,False
pool1t6n7rysk6wzm9wqxda6zxpzmm3j6256fs3mp06dc26n6503hhj4,DAVE,170.0,0.01,2000.0,2275.337349,37387995.244901,1474.0,23,236.457,6539.366945,6775.823945,741.1111111111112,0.31905742128935527,losing,False,142.4119564330142,False
pool1t6stu46gth7awdlrdmxmjhgrk9rjhez9qfnlhkhfvf0fj4q3h2a,,340.0,0.2,50000.0,0.0,20736.18856,5.0,0,0.0,0.0,0.0,741.1111111111112,0.0,no_rewards,False,0.0,False
pool1t6tyc9menh5uax38j89jgdyj0maz6e4mgx90n7xkcl7mu8fzqxu,BNP,345.0,0.06,2.0,28979.927733,35953.952048,9.0,0,0.0,0.0,0.0,741.1111111111112,0.0,no_rewards,False,0.0,False
pool1t6xhh2stg5k50sjdzjglp2h0j59vupwv3kur45efvkk7cps5hwq,1FAT,170.0,0.0,500.0,3318.561201,488389.672961,4.0,0,0.0,0.0,0.0,741.1111111111112,0.0,no_rewards,False,0.0,False
pool1t74ckqauwmn9ef5ye0h7c5wsgfd36zx24ue9wvj4vj95cl54aff,ORACL,340.0,0.01,2000.0,12716.61617,16603.514651,19.0,0,0.0,0.0,0.0,741.1111111111112,0.0,no_rewards,False,0.0,False
pool1t847w2hfv33qrra7q33nzq8epvcxv6ydshcq7w7j23c87xv2c2k,CAPO,340.0,0.0,1.0,360.083893,3051139.98747,1167.0,1,294.602081,0.0,294.602081,741.1111111111112,0.397514052323838,losing,False,75.0259165992259,False
pool1t8dkgz58qcqlak6nn5l5j4qqwvewwmjx85fxtsykk6w9j2e0ng2,GYS,340.0,0.04,100000.0,176560.685092,316504.596838,68.0,0,0.0,0.0,0.0,741.1111111111112,0.0,no_rewards,False,0.0,False
pool1t8gjk7jzvujfv9s8q992e6s7tp8na0q3j62g7s4ppzfmccus4jk,DEAD,340.0,0.03,340000.0,394254.532426,2804551.220874,395.0,2,381.571314,208.317078,589.888392,741.1111111111112,0.5148638419790104,losing,False,160.6565193162736,False
pool1t8tw057cgksma0f6pawcy7npnwfu0psx64jdr6sqhza55mdvkls,S2S,345.0,0.15,100.0,4.821258,1756.179682,4.0,0,0.0,0.0,0.0,741.1111111111112,0.0,no_rewards,False,0.0,False
pool1t93hrmha847r5gqazttyg29c9fxfv778w3kc5vf4q7vu5g4ec0r,STKPL,340.0,0.01,10000.0,44302.249497,140371.401029,5.0,0,0.0,0.0,0.0,741.1111111111112,0.0,no_rewards,False,0.0,False
pool1t9ckjy949dk97prfs6any8xdjyq9du6prnplx06n4fcn5jgukhc,SWADA,170.0,0.01,75000.0,81065.824263,125888.011378,6.0,0,0.0,0.0,0.0,741.1111111111112,0.0,no_rewards,False,0.0,False
pool1t9m69j5thv2ke9jt9hhsgxlag44z7erp2s2ukcpruwhwqarc9np,CEMA1,170.0,0.03,100000.0,124684.554464,4082224.663527,54.0,5,247.727774,1219.857538,1467.585312,741.1111111111112,0.3342653622188905,losing,False,158.03566656542708,False
pool1t9ve93m48au8m4w8x0m2exh55s0tf2jjk5rwj5hsuqegvvgfq4z,,340.0,0.05,100.0,100.0,100.0,1.0,0,0.0,0.0,0.0,741.1111111111112,0.0,no_rewards,False,0.0,False
pool1taadtauxnhqql7s58fztlmnsxg0680mdaz25yry42q4m5s47z8n,LOXE,340.0,0.04,5000.0,41657.154397,58610.815355,10.0,0,0.0,0.0,0.0,741.1111111111112,0.0,no_rewards,False,0.0,False
pool1tah22gjtc7ntrdezv49hysegcwpzafea35t6f4hn3wr2y4hz3vz,ACL,340.0,0.0,300000.0,307014.340103,370132.907255,34.0,0,0.0,0.0,0.0,741.1111111111112,0.0,no_rewards,False,0.0,False
pool1tamft50mh0vjm346d9lusczc8fxxyh5z6fk2eel38srwvz38d78,DGITX,340.0,0.03,5500.0,5588.125543,8105.935858,2.0,0,0.0,0.0,0.0,741.1111111111112,0.0,no_rewards,False,0.0,False
pool1tay8z4sq4a4gmyhnygyt0t5j84z8epwjra06wq28jnnmschkkuu,HIGH,340.0,0.01,1000.0,4893.657636,8243.710687,7.0,0,0.0,0.0,0.0,741.1111111111112,0.0,no_rewards,False,0.0,False
pool1tc6cy0cqknsm49cvsz0mksajfvlmh3vvcp8ngtmspycgx932w6g,TGEM,170.0,0.0,1000.0,16401.951264,1978640.148351,10.0,2,173.475014,415.731419,589.2064330000001,741.1111111111112,0.2340742317841079,losing,False,79.26251780078867,False
pool1tcctsz9jec45ugkcl8lyk8gz0yss675cnp63gazqalcwsx2dr37,,340.0,0.05,50.0,107.423153,1117.431611,3.0,0,0.0,0.0,0.0,741.1111111111112,0.0,no_rewards,False,0.0,False
pool1tcjzs5lp05ze2af8tk0pk3e3w6ey9ec0jpu9hxvck32mwxj9xwq,EARN,340.0,0.03,500.0,1554.551998,2213.682763,3.0,0,0.0,0.0,0.0,741.1111111111112,0.0,no_rewards,False,0.0,False
pool1tcmk6at0dmkytxgq5j4u7fgsx9kytvfu7gz22lrs8hp9ztu7arw,RATS,340.0,0.1,1000000.0,1000038.311684,3463296.098236,393.0,6,855.548396,913.416493,1768.9648889999999,741.1111111111112,1.154413128035982,edge,True,684.6207046866134,False
pool1tdh56dcqs0sjeq4ehfdamlnzvxkrr5zgsysnhlkphzdzwmw4nvw,NOVAF,340.0,0.99,1.0,1720.139506,114445.902941,71.0,0,0.0,0.0,0.0,741.1111111111112,0.0,no_rewards,False,0.0,False
pool1tdsrw0n33gmy0mzh7cgtn9p0jy5xwjxaa2s26gn2ewf8kg4nrzx,CAFE,340.0,0.01,100000.0,110684.647467,65205033.574325,6445.0,72,583.883863,20597.797802,21181.681665,741.1111111111112,0.7878492904047976,losing,False,321.53683539417443,False
pool1tdtzmmmak0tkte2j2hr223dfnqpdy85ypd66tddwywpeuknn2pn,CSWP2,340.0,0.5,1000.0,5375.3585,23197.956717,56.0,0,0.0,0.0,0.0,741.1111111111112,0.0,no_rewards,False,0.0,False
pool1tdvqgy6mq7lx7d345e276xmgmhh3s4zj8dzu6xzq5m7rx4tzkg2,ONYX,170.0,0.05,250000.0,251084.150106,51437571.00696,425.0,49,950.189646,13499.250453,14449.440099000001,741.1111111111112,1.282114964617691,edge,True,860.3801753225422,True
pool1te6e6yc3p46yvdakrpngk49npvfvkcutk0z5qpj5xwx9gswkkpz,,340.0,0.015,360.0,1.029495,1078.622707,4.0,0,0.0,0.0,0.0,741.1111111111112,0.0,no_rewards,False,0.0,False
pool1teg62xfrjvgahfukqhgd0q4wrkn7k0ee03tnju3klt63ws48w50,,345.0,0.05,20000.0,1.85427,1.85427,1.0,0,0.0,0.0,0.0,741.1111111111112,0.0,no_rewards,False,0.0,False
pool1tegyxvyvya2lsqd7w2nna3h63ffdq85l0v8tg44yeak77du8zxd,GLAS,340.0,0.01,500.0,583.646133,897.047887,2.0,0,0.0,0.0,0.0,741.1111111111112,0.0,no_rewards,False,0.0,False
pool1tem8k8927zvn5jg22g3mxuzhnu62jdnqvn523dduupce24vwlrl,,340.0,0.015,100.0,135.106409,135.106409,1.0,0,0.0,0.0,0.0,741.1111111111112,0.0,no_rewards,False,0.0,False
pool1tf73xqv234ye2crduemjpreuu4efrdfmpna3l9dwqy2uycvee9y,CHF,340.0,0.0,50000.0,59042.918006,92073.67008,6.0,0,0.0,0.0,0.0,741.1111111111112,0.0,no_rewards,False,0.0,False
pool1tf9e29shjqn9wcgf59fk4yrjqw2gq97wlkdqe92z2ngevhvkllg,BLABS,340.0,0.0,1000.0,1007.279271,1166.785736,2.0,0,0.0,0.0,0.0,741.1111111111112,0.0,no_rewards,False,0.0,False
pool1tfye5tfgd6x2mw5xwe5lr2y6cu9grnpvenj7dc8258xmq8cuc04,,340.0,0.05,5.0,9.436265,1203.009836,2.0,0,0.0,0.0,0.0,741.1111111111112,0.0,no_rewards,False,0.0,False
pool1tgt94w0gmhmg5yw2v366fsl39yh90ktxr8uk2xsx3alsyh0tywg,,340.0,0.0,1000.0,6.251228,17.988077,2.0,0,0.0,0.0,0.0,741.1111111111112,0.0,no_rewards,False,0.0,False
pool1th6xh9uks6rywerld5aya0gc3yswwrx3yus9zvehyqaky5c6utd,AVOC,340.0,0.01,100.0,5486.224997,196647.067231,23.0,0,0.0,0.0,0.0,741.1111111111112,0.0,no_rewards,False,0.0,False
pool1th8afnzy79jerwjg0cqgm3y4xz5pfphtfkggyqw0htz8ssujvf5,,345.0,0.02,100.0,0.0,416.934572,2.0,0,0.0,0.0,0.0,741.1111111111112,0.0,no_rewards,False,0.0,False
pool1tha2grue5rppsx2w93v5tljr5sshn2lz94ud9z3szlltz46s5k2,DPTUS,340.0,0.025,5000.0,0.0,29.706406,4.0,0,0.0,0.0,0.0,741.1111111111112,0.0,no_rewards,False,0.0,False
pool1thfkd47x8s84f2vfpxr6v0sfvhrtlwxdv0r7mtjaqvglgpuh9p0,RATIO,345.0,0.05,100.0,146.421921,154.24762,2.0,0,0.0,0.0,0.0,741.1111111111112,0.0,no_rewards,False,0.0,False
pool1thgpezwt4pvqhklhysnxrrclp0mfy2tg4qesxg8s5f7jg7802y0,,345.0,0.06,0.0,0.0,0.0,,0,0.0,0.0,0.0,741.1111111111112,0.0,no_rewards,False,0.0,False
pool1tj3u8pz6732uy2ut3s90e0j880jyu9j0ve9vtu9zj5xzglhdlqy,RPSP,340.0,0.0,1.0,7934.990662,5266467.094693,23.0,7,342.594862,1719.6197,2062.214562,741.1111111111112,0.46227192773613185,losing,False,77.99413795042037,False
pool1tjaz8a62743k5tzdd8lyd0sgf2lcvtk09jsz9etvas82zdamc2q,IOGP,500.0,1.0,64000000.0,0.0,0.0,,0,0.0,0.0,0.0,741.1111111111112,0.0,no_rewards,False,0.0,False
pool1tjd4vxjnr99jvlnrh35gmg7xqmphxjyftpdfn3mlv3zw60yw5y4,ARTSA,170.0,1.0,50.0,197.61919,197.61919,1.0,0,0.0,0.0,0.0,741.1111111111112,0.0,no_rewards,False,0.0,False
pool1tjr4zpndkvwkw3du3fvt59f5men6jhuevt7rpx6xw0wcct5kl04,SUGAR,340.0,0.0,60000.0,162716.780371,552946.104662,67.0,0,0.0,0.0,0.0,741.1111111111112,0.0,no_rewards,False,0.0,False
pool1tk3x77en700tk4w47xm8vzr0p490m29q6dknt77pakdyc4qmw65,STKHB,340.0,0.02,7000.0,0.0,0.0,,0,0.0,0.0,0.0,741.1111111111112,0.0,no_rewards,False,0.0,False
pool1tkexntwvhg0fqs2xnm7xg6ljqzjkpk0pl4nxxe3nf48ux8nucqy,ARTA,340.0,0.0,22000.0,19779.518614,63031.264003,103.0,0,0.0,0.0,0.0,741.1111111111112,0.0,no_rewards,False,0.0,False
pool1tkqjk8s3yqqyuspn4c44rjz7vgsu6kfxm4uvt89cejwryetpt6m,GAS1,340.0,0.02,80.0,97.236752,1691.306956,3.0,0,0.0,0.0,0.0,741.1111111111112,0.0,no_rewards,False,0.0,False
pool1tlgwdlde3v5aq3vlm7pk8l37tydmjjhucsf0g84xwjtwvwfsmhm,FIONE,345.0,0.02,100.0,102.425793,254.696573,6.0,0,0.0,0.0,0.0,741.1111111111112,0.0,no_rewards,False,0.0,False
pool1tll7ysfwe8cmsh7g336fh2qxf4jsxap5ssmhzrs9jpksg2g86zt,COMP,170.0,0.01,0.0,87.639078,87.639078,1.0,0,0.0,0.0,0.0,741.1111111111112,0.0,no_rewards,False,0.0,False
pool1tn49xn2jpq62uwff9lt8d25kfzhu3nzjkkytq8pc062n6c7h6tg,,340.0,0.05,100000.0,0.0,0.0,,0,0.0,0.0,0.0,741.1111111111112,0.0,no_rewards,False,0.0,False
pool1tn7rcvc5lln8frln5n9rfd9cg8kcrj4vlm3ycdquyx5s2mlhmtk,,340.0,0.05,0.0,0.0,70018997.56577,4.0,56,1147.885826,15349.8307,16497.716526,741.1111111111112,1.5488714293853072,edge,True,896.1358263000001,True
pool1tngckke7m227384rvehwdm9t47zmhuy6w6t9cgnetc3ujlsnwj6,SERVE,340.0,0.02,1000.0,0.0,10.0,1.0,0,0.0,0.0,0.0,741.1111111111112,0.0,no_rewards,False,0.0,False
pool1tnl3yxmj8848vq6meduhz9n5520a7dwsh05r5gfyvlatj87k3jl,SPIDR,170.0,0.01,30000.0,88642.643654,110503.928354,34.0,0,0.0,0.0,0.0,741.1111111111112,0.0,no_rewards,False,0.0,False
pool1tnymyv08dl3k9wyfz040vq626542ztm60wwyu7szwl5l6x9h3vl,VCC,340.0,0.0,0.0,630.277285,34529.416727,35.0,0,0.0,0.0,0.0,741.1111111111112,0.0,no_rewards,False,0.0,False
pool1tp7fzx8w3lrwwuwff9x7nlqr4r5n0awpq0krwnahvj387n7y22h,mtma,345.0,0.999,1.0,12570.985588,7152279.843989,24.0,7,2060.500376,1.714188,2062.214564,741.1111111111112,2.7802853649175407,comfortable,True,2060.230842202808,True
pool1tpd9mcw6y5mx05gv9rgfkl6y0vsdswqs8qdexmf8vstkqk0snau,,340.0,0.075,0.0,2.324504,1531.205348,3.0,0,0.0,0.0,0.0,741.1111111111112,0.0,no_rewards,False,0.0,False
pool1tpr44v3pxth9j0ff246dvsryxpanxwx52f024ws3ecvn72sgv55,,170.0,0.0,1000.0,13763.322397,51677638.27089,294.0,39,173.014732,11316.510715,11489.525447,741.1111111111112,0.23345316161919039,losing,False,78.04003431643503,False
pool1tpy5yawzpetcverves0h6xdycxgrstehfvrkygydt9jcqxwpw3j,MANA,170.0,0.0149,100000.0,104861.467281,15755149.708227,2092.0,12,242.235229,3294.349395,3536.584624,741.1111111111112,0.32685413208395797,losing,False,149.27357669002265,False
pool1tq03j8aa5myedlr8xj6tltstdsn5eprxq4cd4qr54mhv25unsyk,,340.0,0.05,50000.0,0.0,0.0,,0,0.0,0.0,0.0,741.1111111111112,0.0,no_rewards,False,0.0,False
pool1tqywsutw3wtgcvzrljdacgwmv5kfzm8f0ladml5frkckccd72gg,FBSD,340.0,0.0314,5000.0,5348.20198,172769.951176,3.0,0,0.0,0.0,0.0,741.1111111111112,0.0,no_rewards,False,0.0,False
pool1tr33ynaapce33pjc5ctvj7fju596gppsmqwna4smx0f2khnetjf,AARN,340.0,0.015,100.0,5.11069,5.11069,1.0,0,0.0,0.0,0.0,741.1111111111112,0.0,no_rewards,False,0.0,False
pool1trjvzzska2mnd8xjxvjz0kfart6cfsj232kk6ghrlnc7u2xyqx0,,345.0,0.025,100000.0,118707.045047,118707.045047,1.0,0,0.0,0.0,0.0,741.1111111111112,0.0,no_rewards,False,0.0,False
pool1trvj5seg8u2r5tz2usenfmz9vs8qnf3nc8aft6vr9uqhszdlrx0,,340.0,0.05,100.0,0.0,0.0,,0,0.0,0.0,0.0,741.1111111111112,0.0,no_rewards,False,0.0,False
pool1trxkcm5vnaj07htsmlfgjpwxmljy70ucs8z2n2qy8mvgxr73qlv,,340.0,0.01,2000.0,4655.404011,6959.450613,3.0,0,0.0,0.0,0.0,741.1111111111112,0.0,no_rewards,False,0.0,False
pool1tseacydhjcj6hext49ehs9zc9lea83azc8t7k9rqqqq0w5xhcky,,345.0,0.03,2700000.0,2008.182273,0.0,,0,0.0,0.0,0.0,741.1111111111112,0.0,no_rewards,False,0.0,False
pool1ttxsd0ls8w35mrluxa49v0vslt7a85pfusxxemxrkpasy27tkcx,KUCKO,340.0,0.0,2500.0,439.510085,3733.838513,5.0,0,0.0,0.0,0.0,741.1111111111112,0.0,no_rewards,False,0.0,False
pool1tuux2sctklrlzsh34w4gquz2wtundky30fvrn0qky5p7qr5n00d,,345.0,0.15,100.0,5.398685,5.398685,1.0,0,0.0,0.0,0.0,741.1111111111112,0.0,no_rewards,False,0.0,False
pool1tw2vq5vuxe5x8fse40ljx2mp53rdna9w0sktcq8ndr2nwj4ysgl,,340.0,0.03,8000.0,6807.441387,7493.027773,5.0,0,0.0,0.0,0.0,741.1111111111112,0.0,no_rewards,False,0.0,False
pool1twd9vvegn3fqq0f4n08p3aml2ud8q87njs49900rycj4sr5hhcy,AOAUS,340.0,0.01,60000.0,65345.893674,2539929.894163,294.0,2,348.844052,240.493604,589.3376559999999,741.1111111111112,0.47070411814092944,losing,False,93.24364177604456,False
pool1twu4rn366744tqq9g66ruy3rete6842z7nnm4vy0q5jaqd48867,HRBR,340.0,0.01,10000.0,30239.641679,114381.601955,82.0,0,0.0,0.0,0.0,741.1111111111112,0.0,no_rewards,False,0.0,False
pool1ty7lh3nvtwxlcpqg2x30fkr3j9ys6nprztr9m4zp3aajxyjk2vz,BEAVR,340.0,0.01,145000.0,277582.387355,10045596.003899,543.0,8,415.388815,1942.733004,2358.121819,741.1111111111112,0.5604946529235382,losing,False,160.2881257587881,False
pool1tyfdyg85t50lj69ehgmg90e4xr6y42he6pt8pvmau8v5x46fy67,AMANT,340.0,0.01,500.0,507.624954,1816.589374,19.0,0,0.0,0.0,0.0,741.1111111111112,0.0,no_rewards,False,0.0,False
pool1u0mc9ywfxl529atxyajuz3pgqnwgnk6w7lejjmjg22ucvn7z9vh,NERD,340.0,0.04,25000.0,25455.587639,8584478.546556,1825.0,13,489.543373,3340.652184,3830.195557,741.1111111111112,0.6605532769115441,losing,False,235.89770643790277,False
pool1u0u2s080a5plun4acn6s70xa3q98ct7skt88l7w6nnwwyl9ecym,VOLCY,170.0,0.0,76000.0,78378.299531,520126.598846,88.0,0,0.0,0.0,0.0,741.1111111111112,0.0,no_rewards,False,0.0,False
pool1u24fm2el64cd906xn9fjg8m8v6nra5zj5mpl0363un2jsyyuyup,,340.0,0.01,220000.0,76.837286,76.837286,1.0,0,0.0,0.0,0.0,741.1111111111112,0.0,no_rewards,False,0.0,False
pool1u283gl35gdj2l6c5cmg9crugf9aq7w6242pr88v6enr8u9q2vzj,,340.0,0.0,25000.0,149.184149,4557.490354,5.0,0,0.0,0.0,0.0,741.1111111111112,0.0,no_rewards,False,0.0,False
pool1u2d3guvld9rk0586lyhk2n8kvkzmem7czwdltgem0mgczqd3ygu,,340.0,0.025,145000.0,55994.905115,56403.104253,11.0,0,0.0,0.0,0.0,741.1111111111112,0.0,no_rewards,False,0.0,False
pool1u2fuz3fn5dfphf0cu0sewm4rnera445avenggle9sl4hy7rjzgv,,340.0,0.05,0.0,0.0,64020026.499591,9.0,58,1177.346034,15909.57465,17086.920684,741.1111111111112,1.5886228344827584,edge,True,925.5960342000001,True
pool1u2j98kgj8uj7zr7g3deuezfv7hzv3ercnetxd5c9ppjh23x20qg,TVRN,340.0,0.005,20000.0,22153.36525,46808.931253,4.0,0,0.0,0.0,0.0,741.1111111111112,0.0,no_rewards,False,0.0,False
pool1u2lghnv4ae3zy73ysjlgvxwj7tuqpmyfavk74j48g0gnqnyc692,ADEN,340.0,0.0,100.0,5350.020419,1448275.757612,75.0,3,342.008855,541.797689,883.806544,741.1111111111112,0.46148121364317835,losing,False,77.98778150685588,False
pool1u32s3ry3vjhqwhcrqz7p5u35cvzrx4tvdwydgvq6qm8720qrg0s,,340.0,0.2,50000.0,0.0,650.526789,4.0,0,0.0,0.0,0.0,741.1111111111112,0.0,no_rewards,False,0.0,False
pool1u3despkvw4sqeq2fv9ufrh5dxacf8vm0aax00elkdeelymg7f38,,340.0,0.01,25000.0,0.0,406.961542,1.0,0,0.0,0.0,0.0,741.1111111111112,0.0,no_rewards,False,0.0,False
pool1u3p6z3r2g5s7mazc0wmx8v0cyjjasusght53zm4kj436vs3u2th,,340.0,0.0125,1.5,1459.824302,21250.00151,11.0,0,0.0,0.0,0.0,741.1111111111112,0.0,no_rewards,False,0.0,False
pool1u3v7s93f2d968a8kce6zgfmckfx56ly626jkml6jv7tgweplrn8,,340.0,0.02,321000.0,12096.963082,12096.963082,22.0,0,0.0,0.0,0.0,741.1111111111112,0.0,no_rewards,False,0.0,False
pool1u4708qd88n0ux2capce6gz6zcjvtwfsfpdu28h6kkh5yskg9eck,,340.0,0.0,10.0,497.420337,497.420337,1.0,0,0.0,0.0,0.0,741.1111111111112,0.0,no_rewards,False,0.0,False
pool1u4sxd6x0qsy7evljt24vtnyhpxd098n609sfcmly6c096mr3jgq,SCAR,340.0,0.0199,5000.0,35578.862235,9072230.654241,580.0,3,352.912372,530.910659,883.823031,741.1111111111112,0.4761936053973013,losing,False,94.20444336936974,False
pool1u4u6jpf2verwtq2wjcrdr9ktnhgjpa7ag9qnnkfgqtxj2rh9d68,FOX,340.0,0.007,2000.0,2001.628342,2752.688285,3.0,0,0.0,0.0,0.0,741.1111111111112,0.0,no_rewards,False,0.0,False
pool1u53apdhreh9fjmxtrctx3kezhjduc4m2f7cfd09yd7p6jkc6k2z,,340.0,0.01,60000.0,65527.8417,197902.794041,13.0,0,0.0,0.0,0.0,741.1111111111112,0.0,no_rewards,False,0.0,False
pool1u56s0gg8xn8uqyzefwd38napn8jmrjqaum446alm38sgj3248re,RXG,340.0,0.02,100.0,2.622798,3361.294749,3.0,0,0.0,0.0,0.0,741.1111111111112,0.0,no_rewards,False,0.0,False
pool1u5nyr9y7fz4znep9utncyvjrnd57p77yt9lm4fu89fawswz7guj,TURA,340.0,0.0,500.0,0.0,0.0,,0,0.0,0.0,0.0,741.1111111111112,0.0,no_rewards,False,0.0,False
pool1u60gvu8qr69z4vx9wuqelxfhcuvjuxuvxyj9edf8rkmns0405ny,,345.0,0.06,0.0,0.0,145471.448917,5.0,0,0.0,0.0,0.0,741.1111111111112,0.0,no_rewards,False,0.0,False
pool1u6etszaexv9v4lrf8r5xtjk2rc8wqq9waq9akrn7l5az6tm6u7m,NNKA,340.0,0.01,29000.0,0.0,387.057472,1.0,0,0.0,0.0,0.0,741.1111111111112,0.0,no_rewards,False,0.0,False
pool1u6kpt8hgqcm596kukj97ghefmxn8ks2cgwg8qqe0gtgscnufk5p,ATLAS,340.0,0.008,500000.0,524290.151642,37313326.789121,3725.0,45,623.941712,12626.73289,13250.674602,741.1111111111112,0.8419003610194902,losing,False,364.0559585125147,False
pool1u6r6439cne2ymaa2sn98c4l8wqkgcsg6pj3wr523j92f6744qcu,,340.0,0.01,1000.0,0.0,0.0,,0,0.0,0.0,0.0,741.1111111111112,0.0,no_rewards,False,0.0,False
pool1u6rml05w6hpl3t3ft8zwng6quksexa97wsxgdpg5kj4f78hhv7h,,340.0,0.01,25000.0,0.0,2.562761,1.0,0,0.0,0.0,0.0,741.1111111111112,0.0,no_rewards,False,0.0,False
pool1u7mqtde27swkarngjsn5mmw3sy20zavlafgqkmg8qv2n2nwga0l,CFLOW,340.0,0.019,100000.0,126261.515553,16242453.551846,1631.0,13,432.958875,3398.34174,3831.3006149999997,741.1111111111112,0.5842023800599699,losing,False,175.01470420879014,False
pool1u7s8etmnm0y0ktls7kkvx2apnep5ercy7wwyljgw407yjzjastq,,340.0,0.0,103900.0,23.606797,61.914723,3.0,0,0.0,0.0,0.0,741.1111111111112,0.0,no_rewards,False,0.0,False
pool1u7zrgexnxsysctnnwljjjymr70he829fr5n3vefnv80guxr42dv,VILAI,175.0,0.009,61000.0,69057.845841,956774.099994,137.0,1,184.636585,110.030568,294.667153,741.1111111111112,0.24913482233883055,losing,False,92.68939952315392,False
pool1u84yq2lvnay4p9kh4vx7nqfe6efzfehe5mvkw3hf4a89uhmpqgt,BLOKY,170.0,0.0,500.0,515.494565,41809.45945,2.0,0,0.0,0.0,0.0,741.1111111111112,0.0,no_rewards,False,0.0,False
pool1u8f87frd3k6cy9lp4uk5faj53wfzh8smxjdpt8ua45f0x8s5v58,FGMT7,170.0,0.1,2e-06,9.820727,17429244.172587,4.0,14,565.444918,3558.984212,4124.4291299999995,741.1111111111112,0.7629691547226386,losing,False,479.9449665316298,False
pool1u8yequt4vq3jhajeegc02r3msnne6krayxuzrypaz8jkq5v5pux,HOSK,340.0,0.02,10000.0,10050.95492,402718.172143,555.0,0,0.0,0.0,0.0,741.1111111111112,0.0,no_rewards,False,0.0,False
pool1u99x2rr6trfznwakv0959llmxmtgc2nvanc067uugl3ejuvvnc8,WAV7,340.0,0.01,5.0,115741.552125,8891579.7209,4245.0,13,419.871025,3409.954003,3829.8250279999997,741.1111111111112,0.566542612443778,losing,False,160.93598310549868,False
pool1u9vgtxyupd36czsdvh3h9zr8eakdqesug8j6k2nw7nszy97z4m0,,340.0,0.0,100.0,144.47262,177.788132,2.0,0,0.0,0.0,0.0,741.1111111111112,0.0,no_rewards,False,0.0,False
pool1ua0lx5ap5tj9f5l7tyjflp766ca5yu93djh5hqvm4e0kjgw5k7v,1PCT6,340.0,0.01,50000.0,59755.155963,2118103.944853,426.0,1,294.657756,0.0,294.657756,741.1111111111112,0.39758917601199395,losing,False,83.33151095888086,False
pool1ua5exfeju4jc95yy595cykjh4x46998g8hrrvw2v5h9k7987a44,UPBIT,340.0,1.0,200000.0,31407058.858093,31407060.383026,2.0,31,9139.703807,0.0,9139.703807,741.1111111111112,12.332433922488754,strong,True,9139.703807,True
pool1uavevsqnddgyg9nrkn04f79qlx6x87a4ysvdvtxacvkfuzpva08,ETO18,340.0,1.0,0.0,0.0,0.0,,0,0.0,0.0,0.0,741.1111111111112,0.0,no_rewards,False,0.0,False
pool1uc4hd4qe0uf9dl9ajjxxyclvn6cxhhctfmzy82lsppwfq6a9hvd,MOON,340.0,0.0,9000.0,1150.44335,0.0,,0,0.0,0.0,0.0,741.1111111111112,0.0,no_rewards,False,0.0,False
pool1ucmm6rgdta0sw4qrcj3vml4wsr8pld495pptuypxg2uuvvlqest,READY,340.0,0.0,2650.0,3501.705624,20559.133742,5.0,0,0.0,0.0,0.0,741.1111111111112,0.0,no_rewards,False,0.0,False
pool1uda4kkzqn52fuyrwuchjxykdly8vj46yv3rc2h4zp9raunz4sgl,,345.0,0.2,100.0,97.624734,97.624734,1.0,0,0.0,0.0,0.0,741.1111111111112,0.0,no_rewards,False,0.0,False
pool1udkx9rmgzf08z7zz4p7ykpdqsdv5nf0w8uf38wrsdn5dzk9nq4g,JOY2,340.0,0.0,100.0,6646.831095,6179503.973852,139.0,6,341.535576,1426.077525,1767.613101,741.1111111111112,0.46084260629685153,losing,False,76.82061755104239,False
pool1udr30lxsqa799lyl9haxf0wzg8qsz3xaf2gtpqf4n2s064jrvsj,,250.0,0.02,10000.0,100.177788,59713.215367,28.0,0,0.0,0.0,0.0,741.1111111111112,0.0,no_rewards,False,0.0,False
pool1udt98825znk9uslz4v05gh5cd3s5e4g0cd9c4gzhcfpd2j2xm2u,ZORBA,340.0,0.0,30000.0,33920.108104,106221.065355,32.0,0,0.0,0.0,0.0,741.1111111111112,0.0,no_rewards,False,0.0,False
pool1udv42vs52wg34268zkfsgtrzuvyskphfavaf3n8tmf4tugm7et0,DANK,340.0,0.01,10000.0,339.024863,536.842986,3.0,0,0.0,0.0,0.0,741.1111111111112,0.0,no_rewards,False,0.0,False
pool1ue4ngerz28nkpstsr5p53qvl5ulq3jtmllj4my0d0n28yyrn4l4,STP,340.0,0.01,50000.0,109940.830619,11285118.209916,52.0,5,362.263209,1111.031012,1473.2942209999999,741.1111111111112,0.48881092668665665,losing,False,102.46905099454905,False
pool1ufh42ppqnet625mqql2fkc79p3emuqsnmf6s6ugxygqa75xgc8c,NEMO,340.0,0.0,50000.0,1.247066,55.519595,4.0,0,0.0,0.0,0.0,741.1111111111112,0.0,no_rewards,False,0.0,False
pool1ufp38a9zwlvvrzcyxaxdrvav50nd7az5lyuzh4t0h3qp2gqamsx,CAFE2,340.0,0.01,100000.0,107960.366345,13935631.356525,939.0,21,443.349914,5745.496043,6188.845957,741.1111111111112,0.5982232722638681,losing,False,183.02923201395595,False
pool1ugwj76z4cx6sywscud8ntd2m9tg3gyesmnnl35qr2l5mu06pe3x,JDFR,340.0,0.0,5000.0,5895.099116,5897.241761,2.0,0,0.0,0.0,0.0,741.1111111111112,0.0,no_rewards,False,0.0,False
pool1uhdcmcn36vq8kk3207tqjwp90t0nwr49pc498wh5vxmgqyr78d5,HLAL1,170.0,0.0,0.0,0.0,470.150759,1.0,0,0.0,0.0,0.0,741.1111111111112,0.0,no_rewards,False,0.0,False
pool1uhy50u9y76nd6z2xmzt3mta0yc7g3gdssef8lheyyg7zzymgzm8,NUFIA,340.0,0.03,1000.0,1005.635623,12762361.577199,2180.0,12,436.101381,3099.133011,3535.234392,741.1111111111112,0.5884426430284857,losing,False,179.07150811878768,False
pool1uj0r26e5ymqgre7zxqsapl2stlh36fc8n6mvrcdzjn247u2cf5l,,340.0,0.02,10000.0,0.0,0.0,,0,0.0,0.0,0.0,741.1111111111112,0.0,no_rewards,False,0.0,False
pool1uj4u73qgtprqre78q75fq2vkcrpfrcdreqcqkvn6u0m2k6nk2yp,EVE1,400.0,0.04,1000.0,1496.884303,51928654.783866,26046.0,60,1091.525809,16575.823063,17667.348872,741.1111111111112,1.4728234304347825,edge,True,779.1807836366746,True
pool1ujcu3myfg9wwvdyh2ks653954lamtufy3lefjs73jrr327q53j4,PUDIM,340.0,0.04,50000.0,116701.449807,13868008.295639,85.0,14,521.988106,3603.236406,4125.224512,741.1111111111112,0.7043317772113943,losing,False,269.7289197832647,False
pool1ujpy2536jz3x9gje5d5vuadzcpadl7pwrcsgq4laestu7mrs9hp,,345.0,0.05,435.0,444.287597,444.287597,1.0,0,0.0,0.0,0.0,741.1111111111112,0.0,no_rewards,False,0.0,False
pool1uk2f28awascuhrhuwrp7x6y87x8ch33vwx8jtmrysp7l5ngq78j,POWER,340.0,0.0097,135000.0,143675.786785,14069315.24313,6062.0,17,432.542879,4577.632041,5010.1749199999995,741.1111111111112,0.5836410661169414,losing,False,172.7803213377096,False
pool1ukeqarukv9gxwy9pt8jkr4qvad2yf87758g3xzemmvmtk8lrynp,CRDN1,340.0,0.02,100000.0,101745.898289,33560703.828878,5206.0,33,555.597747,9165.308129,9720.905875999999,741.1111111111112,0.7496821173913043,losing,False,296.5767158588663,False
pool1uklezq2zz38zldrjrgujqmvrnswfzmupakgfp5wzgln9zx8tcju,,340.0,0.01,1000.0,0.0,0.0,,0,0.0,0.0,0.0,741.1111111111112,0.0,no_rewards,False,0.0,False
pool1ul0t4hjnnhz4wgaghaa7hur77l7gp0akagmjx40r0kn8ct00vl5,THNKS,340.0,0.009,10000.0,0.0,0.0,,0,0.0,0.0,0.0,741.1111111111112,0.0,no_rewards,False,0.0,False
pool1ulx9ennungrtcucslrpz93cze5fddlg96h0wwj83p6fpsrvgz2v,GENKI,340.0,0.02,253467.828509,371459.14976,726734.869931,121.0,2,470.010324,119.57191,589.582234,741.1111111111112,0.6341968389805097,losing,False,343.05188337414984,False
pool1umflj8hjq873fs9r6aq2zvgs88zrs5xjswn2znkdaehlz2eqy59,BANC,340.0,0.0115,2000.0,38987.332604,333863.293725,13.0,0,0.0,0.0,0.0,741.1111111111112,0.0,no_rewards,False,0.0,False
pool1umukx8qjyjuatw0zznvhc7ma06wl6pdc2ly50d7uv3svkkefjml,FGMTO,170.0,0.1,2e-06,9.820727,3552505.439557,4.0,3,241.3824,642.423841,883.806241,741.1111111111112,0.325703388305847,losing,False,155.88263641465554,False
pool1up53z2kadt6l5xs359ckx477rpyvyg3favh25qrhqt2ujclpq3h,,340.0,0.01,10000.0,19042.538922,52578344.934402,57.0,54,501.273632,15407.854103,15909.127735,741.1111111111112,0.6763812125937031,losing,False,239.01864840694722,False
pool1upa4pa4qmcgaps4uactx9eas44rfwk9h0rxgua3l4xnf6wevfkt,FMS,170.0,0.0,26000.0,32764.369716,1375662.616151,16.0,1,172.968359,121.662796,294.631155,741.1111111111112,0.2333905893553223,losing,False,80.23098925498621,False
pool1upx7l0yrsxt4l94t5xfckahj6m7pt5dpmnx6u60sjxmn5p5mezs,TEN,170.0,0.0,88.0,4096.879391,371133.745371,65.0,0,0.0,0.0,0.0,741.1111111111112,0.0,no_rewards,False,0.0,False
pool1uq8l234306m76unyz8kuwnkvmtvazaks6vuvyx3a3khngavvcw0,PLTUS,500.0,0.01,1500000.0,1501685.646834,4724774.450889,890.0,6,913.872606,860.938644,1774.81125,741.1111111111112,1.2331114623688155,edge,True,626.8503813552799,False
pool1ur2y44cgsyf9l40y4xdc7w3cwy88vgmj95deatatzqnqqhrfp7f,BNP,345.0,0.06,2.0,17.639298,4577.375197,4.0,0,0.0,0.0,0.0,741.1111111111112,0.0,no_rewards,False,0.0,False
pool1ura3w5x8uy7mgzu0pd4kskap4hynt9zymt30h5macll4kuxpqnv,,340.0,0.01,5000.0,0.0,1.0,1.0,0,0.0,0.0,0.0,741.1111111111112,0.0,no_rewards,False,0.0,False
pool1urgvu6zk422j4xwtxa45lzpd6dm25msfthpkezr042secrtuwzc,CCV1,340.0,0.03,500.0,503.143007,31689019.050625,4987.0,40,683.499433,11090.061312,11773.560744999999,741.1111111111112,0.9222631029985006,losing,False,426.13699414865255,False
pool1us8dkk3y8j00qq5kscxxklyzwt74jgav226s2rtgaqxek7h8vc8,SWARM,170.0,0.04,2500.0,2676.678808,181005.235218,76.0,0,0.0,0.0,0.0,741.1111111111112,0.0,no_rewards,False,0.0,False
pool1usumnw5klscs76ycpmkgf5re5v8pul462g5mmzc0knxs5u04kag,ADAC,340.0,0.06,100.0,104.490348,3111.060806,5.0,0,0.0,0.0,0.0,741.1111111111112,0.0,no_rewards,False,0.0,False
pool1ut39vczq4h03vpzfcn7ssxa04qzkyj8nxu4nq4rfv0nsxz39c5y,TOBA,340.0,0.01,100000.0,100025.187409,267533.107972,13.0,0,0.0,0.0,0.0,741.1111111111112,0.0,no_rewards,False,0.0,False
pool1uthdnav2zc2hxpg2hyeyy545lnxtl8lqdcdqxjm0j8t5srmyvzj,ADAST,345.0,0.05,1000000.0,1142213.705034,36977457.547619,332.0,25,904.234668,6488.9063,7393.140968,741.1111111111112,1.220106748425787,edge,True,655.6578017026884,False
pool1utqhj9g53a5cwg7tyd8neky7jvjlgzuf470adc0e69cp5uuquzx,ZW3RK,340.0,0.01,75000.0,161818.076983,1832757.694179,81.0,3,392.995715,491.056668,884.052383,741.1111111111112,0.5302790757121439,losing,False,153.80915084723802,False
pool1uu35qfkmjyxwpm3pgptfgr0qga9j2fzkc0tsjplcx840x295xj9,CHEAP,340.0,0.0,0.0,299.897865,798152.982486,58.0,0,0.0,0.0,0.0,741.1111111111112,0.0,no_rewards,False,0.0,False
pool1uu5ve3qdv7zxpmger77u0kw7pm8l4apmgr5xy6wspceayl05vsd,COOLP,340.0,1.0,1.0,5.62425,5.62425,1.0,0,0.0,0.0,0.0,741.1111111111112,0.0,no_rewards,False,0.0,False
pool1uu65k00dp467qsszmqwl6udwnet3zszgx8n3kmn2aq84sae8ha9,NVL,170.0,0.9999,0.0,1368.524905,2756791.949169,539.0,6,1767.452802,0.159192,1767.611994,741.1111111111112,2.384868848275862,comfortable,True,1767.442816825137,True
pool1uup47u5lmet469pmaym077hvewcp30larj9ugap8580uya3rtuw,MPN,340.0,0.15,100.0,820.025746,847.675252,2.0,0,0.0,0.0,0.0,741.1111111111112,0.0,no_rewards,False,0.0,False
pool1uvv7r2zul9m2hm6jd56dygee9ddr7jnen5ysfy5z3xvez3m823z,F0RE,340.0,0.01,100.0,904.187162,921.763342,2.0,0,0.0,0.0,0.0,741.1111111111112,0.0,no_rewards,False,0.0,False
pool1uwk437q9npu9yhsj5r3qdnkq6r47wvyfzjp0c52932esg5rgnkx,HELP,340.0,0.03,100.0,107.413297,123.055182,3.0,0,0.0,0.0,0.0,741.1111111111112,0.0,no_rewards,False,0.0,False
pool1ux4es4p8kfq3u4nax564ukcte2vzepsz68dkgg24k7l7xh5786v,XC0DE,340.0,0.02,2300.0,4229.914009,12325.116723,3.0,0,0.0,0.0,0.0,741.1111111111112,0.0,no_rewards,False,0.0,False
pool1uy2z02pn4lczk7p2plvnkzrmltxmqs2t04d9ghx5t0vw6e4t0qn,AMSNL,170.0,0.02,100000.0,100017.267639,3393511.814735,78.0,0,0.0,0.0,0.0,741.1111111111112,0.0,no_rewards,False,0.0,False
pool1uyfg8ysc2fpmx8aclq3u06xx5u9rete5kq68aysfdvxj5a5wcza,,340.0,0.02,100000.0,2.477542,691.302336,4.0,0,0.0,0.0,0.0,741.1111111111112,0.0,no_rewards,False,0.0,False
pool1uyqvgumuy8azzs4mal9hp89lkpqjgvy32s9ahq4aqwprs9357ud,,340.0,0.01,5.0,0.0,0.0,,0,0.0,0.0,0.0,741.1111111111112,0.0,no_rewards,False,0.0,False
pool1uyvyxt9k9g038h567x8halej4x87j7m4r4zyz9lhv4dcv83husk,BLOOM,340.0,0.04,1000000.0,1000001.0,13243548.721822,2310.0,9,601.088893,2059.943647,2661.03254,741.1111111111112,0.8110644733133432,losing,False,365.89813610392383,False
pool1uzla0r73fvpnvxr07m98nfzlxcv3q26mkjz00cqjfh7uqsyjkju,1PCT1,340.0,0.01,50000.0,60227.480889,9847255.169201,204.0,13,396.041041,3434.523421,3830.564462,741.1111111111112,0.5343882112443777,losing,False,135.29561643410062,False
pool1v2dq9rex477rxqh7f8wwyprtc0qvxr3vvysvep7nj2qu68zdfaf,,340.0,0.02,0.0,7.425441,178.25985,2.0,0,0.0,0.0,0.0,741.1111111111112,0.0,no_rewards,False,0.0,False
pool1v2u8x73efaa7vlc342jdd4pdvdp9vmmgacc97tty6cljxrtxpse,STL,340.0,0.035,50000.0,0.0,258.64386,2.0,0,0.0,0.0,0.0,741.1111111111112,0.0,no_rewards,False,0.0,False
pool1v3avy78l7gvaemvgfmhsltydscukfew7kx3uz3sqx499wns07qz,,340.0,0.0,1000.0,0.0,2920.736444,27.0,0,0.0,0.0,0.0,741.1111111111112,0.0,no_rewards,False,0.0,False
pool1v3rzrj25ak30dhuyrupkxeddttetxzh4cz9ccpjlfxuh6d85d58,XRX,340.0,0.0,10000.0,13014.029022,45802.084316,40.0,0,0.0,0.0,0.0,741.1111111111112,0.0,no_rewards,False,0.0,False
pool1v46kmtavsty57aql824069j2p6wxpcpk3j25veqauu54kynydty,JIFF,340.0,0.02,1000.0,1032.235168,1032.235168,1.0,0,0.0,0.0,0.0,741.1111111111112,0.0,no_rewards,False,0.0,False
pool1v46s6ak79m3mlv65pjh7ypvsp7n6cc62a723dpwmhtn8uy4pld5,,340.0,0.01,10.0,22.420601,22.420601,1.0,0,0.0,0.0,0.0,741.1111111111112,0.0,no_rewards,False,0.0,False
pool1v4xevkf7fx08pzy7atsk59dds6p0sdyl6xmhwf4mh79x6l5p6kx,DIVY,340.0,0.02,1000.0,1829.949321,2514105.149447,520.0,0,0.0,0.0,0.0,741.1111111111112,0.0,no_rewards,False,0.0,False
pool1v5g4rmkk0394q6swgfusgzjjzrv9ajy8qntgpuumegka5xhpgam,COFFR,340.0,0.01,250000.0,260908.569108,428416.780953,22.0,1,294.721656,0.0,294.721656,741.1111111111112,0.39767539790104944,losing,False,209.67099621462205,False
pool1v5jj7xumvk4engwvqrxt0kfhpdkucqvydmmlwwq2x76hz99affw,,340.0,0.03,1000.0,1008.64031,1008.64031,1.0,0,0.0,0.0,0.0,741.1111111111112,0.0,no_rewards,False,0.0,False
pool1v5u6wzakuc25q3zpx04t8gjz3rgu60wuxkv2mh5nga23xjkc86s,MOKSH,340.0,0.0,200000.0,518451.136275,39829190.746204,1448.0,32,458.382421,8976.159645,9434.542066,741.1111111111112,0.6185070148425786,losing,False,196.83188079446063,False
pool1v62c7d92xv6gyh4x9rhfpkwzlpw2ypxk92xvzavakg3xypatklv,KILN2,340.0,0.03,100.0,3171.688182,76269858.766381,43.0,55,816.5335,15386.587194,16203.120694,741.1111111111112,1.101769340329835,edge,True,559.4941893343711,False
pool1v6mdg9xm9a80js00zx53c6nagcw5m0m970nm4my4pkrlyxq707e,,340.0,0.0,10.0,32.940795,35047.870439,36.0,0,0.0,0.0,0.0,741.1111111111112,0.0,no_rewards,False,0.0,False
pool1v6p29tne9m7773lw2da65qn3e58r64np0k5fj8sxns82g85j03g,,340.0,1.0,76800000.0,76886310.951384,76886310.951384,1.0,66,25171.358483,0.0,25171.358483,741.1111111111112,33.96435177616191,strong,True,25171.358483,True
pool1v6xpvq7argftng40s80804eyf4m7as45292las40jw0nxte295m,,340.0,0.03,100.0,106.0,163.755733,3.0,0,0.0,0.0,0.0,741.1111111111112,0.0,no_rewards,False,0.0,False
pool1v7q3xsa9u4ezatnsunuyw8646fc3fsvjju9a5x3835d6uf09pe8,MAX,340.0,0.005,10000.0,1.822839,845.859599,4.0,0,0.0,0.0,0.0,741.1111111111112,0.0,no_rewards,False,0.0,False
pool1v7v9248nczqdplztgn7fwf4x4sd59utl0rx4uj7wewslxruwplu,,340.0,0.01,1000.0,117.425837,119.116223,2.0,0,0.0,0.0,0.0,741.1111111111112,0.0,no_rewards,False,0.0,False
pool1v8cx78z8fqu4438vcmg20qlp4qujks8mrrlrcer6aa4f6eg9u2k,,340.0,0.03,5000.0,4848.608146,9665.378771,3.0,0,0.0,0.0,0.0,741.1111111111112,0.0,no_rewards,False,0.0,False
pool1v8gvy6tjp8x8wg5h4jw20p9up04lxgw0l0lgery9mz4h7h9x25n,300,170.0,0.0,1.0,11.061305,248610.085368,63.0,1,170.005543,124.596509,294.60205199999996,741.1111111111112,0.22939278665667162,losing,False,75.00977066265112,False
pool1v8h0h94vgnl54qx3jn0l0p3dya4tpjwcqqwmy0l74g0jxeavcwq,LNS,340.0,0.02,100.0,151.623414,722.02578,2.0,0,0.0,0.0,0.0,741.1111111111112,0.0,no_rewards,False,0.0,False
pool1v8lgn85mfvj0hhslfjz2u0nut43ahkhuzhfcm5aexjkewn8krle,IOGP,500.0,1.0,64000000.0,0.0,0.0,,0,0.0,0.0,0.0,741.1111111111112,0.0,no_rewards,False,0.0,False
pool1v8pu7txqydjmfhusgrfzvan4pragec3wu066cfmq2xpuvm2m8r5,TITOK,340.0,0.029,1001.0,1010.405929,1044.861494,3.0,0,0.0,0.0,0.0,741.1111111111112,0.0,no_rewards,False,0.0,False
pool1v8q93vtkf4vqqqus6ts772w8dr9h5tz99lnylfj40x3p7cutxx4,KCCP,300.0,0.0,11500.0,13281.657651,43936.647817,6.0,0,0.0,0.0,0.0,741.1111111111112,0.0,no_rewards,False,0.0,False
pool1v96277f457qtwhuq3ma9yjlacq4mjw9h4j3jfy5rjgjru5lyxea,FGMT8,170.0,0.1,2e-06,9.820727,61873691.728935,3.0,64,2038.455986,16816.077188,18854.533174,741.1111111111112,2.7505403109445274,comfortable,True,1952.956000055536,True
pool1v9gqa6n4em4aly7ew2trvhgrath4mrsp9tyc290l638nvqs5aej,IOGP,500.0,1.0,64000000.0,0.0,0.0,,0,0.0,0.0,0.0,741.1111111111112,0.0,no_rewards,False,0.0,False
pool1v9z04yz8cs2dvnmvfp2fmuhfvs8w784x6w6r8ah9xanugdzlmg0,GOOD4,340.0,0.003,4039.0,4041.788331,4429.041063,3.0,0,0.0,0.0,0.0,741.1111111111112,0.0,no_rewards,False,0.0,False
pool1va0dv0map5dqhaj8pyc3rg0500drqs0m5smcxme6xghnc7ygmw8,NEIGH,340.0,1.0,100.0,488.441878,491.315198,2.0,0,0.0,0.0,0.0,741.1111111111112,0.0,no_rewards,False,0.0,False
pool1vafsg5t78rnx3qr3fv7ys9h50pnvxqhd4l8tj629l5zk7tc39ch,SKY2,340.0,0.0216,10.0,30479.941107,3038957.713065,685.0,5,375.591362,1097.418766,1473.010128,741.1111111111112,0.5067949412293853,losing,False,118.91582203594632,False
pool1van29pcguetr6gwnyfwd2g4f68rt3vkgtvu9wjdj0xwpylngsdk,,340.0,0.04,100.0,107.224476,107.224476,1.0,0,0.0,0.0,0.0,741.1111111111112,0.0,no_rewards,False,0.0,False
pool1vazy9q3064xgmqn7fxwgysyuqfvlxlcn7dfcn79ydcn3kw2xuvm,,345.0,0.1,3000.0,0.0,0.0,,0,0.0,0.0,0.0,741.1111111111112,0.0,no_rewards,False,0.0,False
pool1vc8jhqtwjrjwsfk6a0enx47hd2ufg98c34ta6lvl0zv0uhpech9,MDS,170.0,0.0,50000.0,135705.730439,1493847.835002,176.0,3,234.859373,649.11212,883.971493,741.1111111111112,0.31690170269865064,losing,False,148.48945775440802,False
pool1vc8jp7uagxgh8trzx7r260ndcydz89ges8sws05cyv7jj8q8gqs,OCEA3,500.0,0.039,15000.0,15099.617518,38080720.529037,837.0,30,828.381862,8010.192911,8838.574773,741.1111111111112,1.1177566353823087,edge,True,420.11879331572726,False
pool1vcc9lngr8g2j8xh0kgy84nne026adr5zmvwagkda99spy23993l,HIGER,340.0,0.01,1500.0,1500.600798,1500.600798,1.0,0,0.0,0.0,0.0,741.1111111111112,0.0,no_rewards,False,0.0,False
pool1vce30junxx06g2ha8ww02cqgy644yj69ehhg2x95qe7323zfznp,ISPJ,340.0,0.0,168.0,531.912961,216694.039211,16.0,0,0.0,0.0,0.0,741.1111111111112,0.0,no_rewards,False,0.0,False
pool1vcmqgcykx4k3ngj2upkyhu424dsn85ansepz2xmdxg4mqw7w6ac,,345.0,0.04,100.0,120.425837,6269.245707,6.0,0,0.0,0.0,0.0,741.1111111111112,0.0,no_rewards,False,0.0,False
pool1vcwsfldh4gkzga4mc6p86y0vytkqfm9e2dy44hs00v34yeqnfaf,FVG,340.0,0.05,0.0,0.0,70074757.923317,11.0,63,1250.996554,17308.934533,18559.931087,741.1111111111112,1.6880013472263866,edge,True,999.2465543500001,True
pool1vd3rfulk3x3k6mafusvrtnzysx9qkcgcks9an2alcpm55msk63g,RAID5,340.0,0.01,30000.0,33997.782477,38411.279977,2.0,0,0.0,0.0,0.0,741.1111111111112,0.0,no_rewards,False,0.0,False
pool1vd9a6q0jknarhwfyg7mspplrgsxf8zsna7yjr7crrtqdwftl7yw,PATH,340.0,0.01,125.0,502.624954,502.624954,1.0,0,0.0,0.0,0.0,741.1111111111112,0.0,no_rewards,False,0.0,False
pool1vdcu0y6ujrwmnv4u50j6upxkjug7cx7zsaynjvgkcm2ycmajelc,COOL5,170.0,0.02,50000.0,51872.407421,4134124.723228,559.0,8,240.640916,2116.626094,2357.26701,741.1111111111112,0.32470288515742124,losing,False,148.70906789806355,False
pool1vddluuhcfrrflgmnczgzz472rc3g6h06hzz6hcv565nwcrelvma,CTRL,170.0,0.04,0.0,57.470277,57.470277,1.0,0,0.0,0.0,0.0,741.1111111111112,0.0,no_rewards,False,0.0,False
pool1vdh6kxcqt9mxavyv80ggnec6jjwms44ms30rhle3lt266aj8jgh,NEDS4,340.0,0.02,250000.0,255160.284115,26689318.991029,495.0,24,537.867403,6526.567292,7064.434695,741.1111111111112,0.7257581149925036,losing,False,280.27397736921546,False
pool1vdly044nj2r3vnghwq4s0z0uragd307wnsnsj4usdh3fu8jx6nt,,345.0,0.15,100.0,0.0,84.779426,1.0,0,0.0,0.0,0.0,741.1111111111112,0.0,no_rewards,False,0.0,False
pool1vekz9v9ntugs7g3flpg2q3au8tp7205zsyl9kh03g72s7rz5hvm,BRO,340.0,0.01,1450.0,0.0,3167.71251,1.0,0,0.0,0.0,0.0,741.1111111111112,0.0,no_rewards,False,0.0,False
pool1vemm9tq77upd9m6wtu7edw8wtju3ymnuq9wz43cfn35qk26ddqq,CNT,340.0,0.001,65000.0,0.0,1224.572507,4.0,0,0.0,0.0,0.0,741.1111111111112,0.0,no_rewards,False,0.0,False
pool1vev8z03vh7jwx3mfrgzrt9fltt97nupaxv8ffj4r5r8mgwts5ze,ADAOZ,340.0,0.01,60000.0,62841.623415,71197242.662463,6175.0,80,592.638262,22916.864401,23509.502663,741.1111111111112,0.7996618227886056,losing,False,329.8224428168218,False
pool1vevcjr87ce94hny28ra8yj5jjgalcqdhqs5xd44ru6k0qr3dsq9,,340.0,1.0,76800000.0,76889790.667561,76889790.667561,1.0,83,31655.218622,0.0,31655.218622,741.1111111111112,42.71318854542728,strong,True,31655.218622,True
pool1vfayajkdc0gw876lax5va6ygpfpsd8kz73k4y977emm3clnxlm5,KAYA,340.0,0.0,30000.0,30091.353388,83120.529905,33.0,0,0.0,0.0,0.0,741.1111111111112,0.0,no_rewards,False,0.0,False
pool1vflcm2fde9qyzcr0lkkv4httte3xep6sycasrtaxw6rt2me3vwp,OKNW,170.0,0.0,10000.0,71130.454911,1911832.401866,27.0,1,174.636289,119.977114,294.613403,741.1111111111112,0.23564116956521736,losing,False,83.17080056007842,False
pool1vgfc8fqul93hf6fnl9n23czssgw6xyqx2yjn0lxqmcmvvc839th,MSP,345.0,0.02,1000.0,1487.914206,1652.303744,2.0,0,0.0,0.0,0.0,741.1111111111112,0.0,no_rewards,False,0.0,False
pool1vgryztjlm0grah2g5gngd0vlmy4z3yrsm42h00hn967e5mqk4nq,,340.0,0.0,130.0,197.430721,197.430721,1.0,0,0.0,0.0,0.0,741.1111111111112,0.0,no_rewards,False,0.0,False
pool1vh4y864hcq2r66ak37w4dsnkhnsfxaaacs0p5s4vj5676m6txwm,HOPE,340.0,0.01,50000.0,57643.120292,9923913.807134,1464.0,15,404.259865,3987.369562,4391.629427,741.1111111111112,0.5454780787106446,losing,False,142.98873370375438,False
pool1vhsjmemxqg3ktv4hwqc09cxhhg6td86n9p3qwg5t5y6xc4dcddp,,340.0,0.02,3400.0,0.0,0.0,,0,0.0,0.0,0.0,741.1111111111112,0.0,no_rewards,False,0.0,False
pool1vhusc9c38uqkuspnecq6clcqadx86g8wpxfaadyxfwdrukh0kg0,MIST,340.0,0.02,32000.0,2.953199,2.953199,1.0,0,0.0,0.0,0.0,741.1111111111112,0.0,no_rewards,False,0.0,False
pool1vhzjtcrcyzy5ld05mj8edy5at37x4g7du8uvvss037h26h8s8z5,DIING,340.0,0.05,50000.0,94156.567305,595643.517692,67.0,0,0.0,0.0,0.0,741.1111111111112,0.0,no_rewards,False,0.0,False
pool1vj08te6uceklte43cy6canq7te45qjmmm0dhewy0kvstyjmgqzt,,340.0,0.0075,8000.0,8012.919654,8012.919654,1.0,0,0.0,0.0,0.0,741.1111111111112,0.0,no_rewards,False,0.0,False
pool1vjjrjt5ez7d7yh385vdxl83mxyg36as785cp5l50d6wsjqdavax,MOC,250.0,0.0,1000.0,2294.219804,24274.856251,19.0,0,0.0,0.0,0.0,741.1111111111112,0.0,no_rewards,False,0.0,False
pool1vkaycnf2sv8rxzv4nex8s2unnzahtjs8eht9ypua4takugjgaa0,,340.0,0.01,100.0,540.700677,540.700677,1.0,0,0.0,0.0,0.0,741.1111111111112,0.0,no_rewards,False,0.0,False
pool1vkc0dvuf8rxrch87umfayacgglrh8f88ef0f64xrdue5u2xjwfm,IFS1,345.0,0.1,0.0,0.0,12145340.402664,580.0,10,605.10208,2340.649126,2945.751206,741.1111111111112,0.816479568215892,losing,False,362.0751206,False
pool1vkngxunyagwen690yn36pa2v6jecyxgeavl9nva9dwzhu22fzt7,LOVE2,340.0,0.0,500.0,13310.120189,635028.338082,74.0,0,0.0,0.0,0.0,741.1111111111112,0.0,no_rewards,False,0.0,False
pool1vl0hlf4jecm3rk0vcc9mtpu5us2cv7hzlz396cgs8crc5df43mn,NUT1,340.0,0.0,10000.0,0.99851,79719.500205,14.0,0,0.0,0.0,0.0,741.1111111111112,0.0,no_rewards,False,0.0,False
pool1vl46tq6mxq3f5c4m2e2x3jlruutweahnv5adkjy2sskyc3lc4ge,,345.0,0.0025,100000.0,1.0,1.0,1.0,0,0.0,0.0,0.0,741.1111111111112,0.0,no_rewards,False,0.0,False
pool1vn0mxlvhm4l8pcft3jp5pxh4nhh89qevdg2xu6s6sdqvvs4ft28,FGMTD,170.0,0.1,2e-06,9.820727,1001521.428957,3.0,0,0.0,0.0,0.0,741.1111111111112,0.0,no_rewards,False,0.0,False
pool1vn4gsw8fdg85yh8urxs9t5ykyvap4uscewy08g2refxzxwztnga,,345.0,0.015,100.0,17.620774,970.921601,2.0,0,0.0,0.0,0.0,741.1111111111112,0.0,no_rewards,False,0.0,False
pool1vnsfv2qpt5gxte9prupjey8kw7ap7t6c8lc02ks4s3gtqplhgd3,1PCT4,340.0,0.01,50000.0,60471.637316,9943629.951424,472.0,12,391.200425,3144.705113,3535.905538,741.1111111111112,0.5278566454272863,losing,False,130.44588853310938,False
pool1vp5fev56urx924nyxj5qjvzcsh76e47c4lc8xruh0rdlv0n2kvt,REIT,340.0,0.25,5000.0,68.099678,21896.568233,21.0,0,0.0,0.0,0.0,741.1111111111112,0.0,no_rewards,False,0.0,False
pool1vpa84enqxhh5hnyypeqfshsgqhnjfzyddgq7z4tfmavh68c9s9p,CHAOS,340.0,0.01,21000.0,40604.81327,258667.034754,52.0,0,0.0,0.0,0.0,741.1111111111112,0.0,no_rewards,False,0.0,False
pool1vpav6vlznpwzrr82nvq7jenfxk4mwqk9jju9yx03dryqcg9sqnn,,340.0,0.0,10000.0,0.0,0.0,,0,0.0,0.0,0.0,741.1111111111112,0.0,no_rewards,False,0.0,False
pool1vqjyjsp6dawkj8tzmfpu39hvgnkph99qzarw4dll6yq76gpaa4d,VFS,170.0,0.03,500.0,682.725234,933272.462934,88.0,0,0.0,0.0,0.0,741.1111111111112,0.0,no_rewards,False,0.0,False
pool1vqm5n5d503uumuc89s5y4wuczrwe3tlgylt2u2uj7y276avr5pl,BIO,340.0,0.03,1000.0,1037.663616,1667587.576176,787.0,1,294.603219,0.0,294.603219,741.1111111111112,0.39751558785607194,losing,False,81.72064615561773,False
pool1vqq5mg8ccqemjr5ukfa48a767dqjsa7nas8xnpf7huvcz7amlv9,BNP,345.0,0.06,2.0,29739.759218,32109384.0581,14.0,34,933.708516,9082.762304,10016.47082,741.1111111111112,1.2598765583208396,edge,True,680.143585940472,False
pool1vquhv3kh6xkklckaenl8alyuhfsld57ef5573aqauueyqacx4ak,KIWI,340.0,0.02,400369.0,401158.716635,33241437.048609,6520.0,31,620.288337,8490.48519,9110.773527,741.1111111111112,0.8369707695652172,losing,False,362.5785920248925,False
pool1vr8tegnnjtvfe7me66qrchaq6ucmmxve6anuuypwn6s3zs6342s,WING,340.0,0.01,12500.0,0.0,1.800569,1.0,0,0.0,0.0,0.0,741.1111111111112,0.0,no_rewards,False,0.0,False
pool1vrpme37hyyysgl4n8uk87p0njvfejc8kswzn5yxmgf4dyxx8haj,,345.0,0.15,100.0,7.624514,7.624514,1.0,0,0.0,0.0,0.0,741.1111111111112,0.0,no_rewards,False,0.0,False
pool1vru3p8sswq5xkr38ceavad67t6krh6m6q0q42p59e6htkld4yxs,PTGR,340.0,0.02,740.0,0.0,53.706194,1.0,0,0.0,0.0,0.0,741.1111111111112,0.0,no_rewards,False,0.0,False
pool1vs689gkmqtrljtmcwd2690nzqm2yyq23wk2zzx5g0v0gs5ug64a,VAMP,340.0,0.008,750000.0,871985.885794,15745882.410874,39.0,14,578.899983,3557.041607,4135.94159,741.1111111111112,0.7811244148425787,losing,False,330.57792472571253,False
pool1vsdsgufhfellves050nf8mh5jzrvwwcq7qlxwkneyp8hv3z4w9w,MACH1,340.0,0.03,500.0,0.0,8.249917,1.0,0,0.0,0.0,0.0,741.1111111111112,0.0,no_rewards,False,0.0,False
pool1vtpn0drn5t39frknedmqq2jkhsfstwketsnvdm7cjzz674s30v2,BLISS,340.0,0.015,2650000.0,2931065.20405,21934095.164609,1568.0,20,1162.163515,4785.047265,5947.21078,741.1111111111112,1.568136676911544,edge,True,936.0193175136535,True
pool1vuhc5fl733g3twn856xsfjqusczvk68r6pvs6lqgtadzsf6fue2,SHARK,340.0,0.01,1000.0,2.386319,2.386319,1.0,0,0.0,0.0,0.0,741.1111111111112,0.0,no_rewards,False,0.0,False
pool1vujjarchz7tgec2xazavrsa0r8trf3u6840lgnq2p4kdsg0830y,,340.0,0.02,400.0,0.0,0.0,,0,0.0,0.0,0.0,741.1111111111112,0.0,no_rewards,False,0.0,False
pool1vurlp3ndgge8avz3h8lu2wzdqcwc8w4l5s43rzlk8p4pz0x5vla,,340.0,0.01,100.0,2048.719745,2832.349727,9.0,0,0.0,0.0,0.0,741.1111111111112,0.0,no_rewards,False,0.0,False
pool1vut3caulpx8eukzwy8xd5fyhst0w7x2frdfsacpzr3jzxduazh5,PNYX,345.0,0.15,100.0,104.786114,12395.137882,3.0,0,0.0,0.0,0.0,741.1111111111112,0.0,no_rewards,False,0.0,False
pool1vve4vgd0ncyjvalr6xzeaxqmfzvkqmxfswj7lyae8qsgqhta9wd,KOI,345.0,0.01,1000.0,1036.156147,3430.496643,13.0,0,0.0,0.0,0.0,741.1111111111112,0.0,no_rewards,False,0.0,False
pool1vvesqladm29fuzrv93px5qse0upw82a579lz9063xsfrz7yef7z,8SQRD,340.0,0.0,51000.0,108401.879937,128670.157061,17.0,0,0.0,0.0,0.0,741.1111111111112,0.0,no_rewards,False,0.0,False
pool1vw0rqsvfx0ngct7gfmlz5j2e4gap6sd9pwrmemhd488eyxvm88r,,340.0,0.0275,25000.0,1.0001,1.0001,1.0,0,0.0,0.0,0.0,741.1111111111112,0.0,no_rewards,False,0.0,False
pool1vwquf4wt465lhketcy2j7jwpz5l6l0ce6a79ga3y4wg7gc8egp0,CCP,170.0,0.0,10000.0,20729.297366,1188954.470819,63.0,0,0.0,0.0,0.0,741.1111111111112,0.0,no_rewards,False,0.0,False
pool1vx9tzlkgafernd9vpjpxkenutx2gncj4yn88fpq69823qlwcqrt,CRDNS,340.0,0.02,200000.0,202880.265075,67975318.529527,12531.0,66,778.296486,18662.458118,19440.754603999998,741.1111111111112,1.0501751685157419,edge,True,518.9584579689832,False
pool1vxpu476qrulzkk2u97emkfskmc2jx4mzznvupw0zf5206nx35vl,SNDC,340.0,0.02,300.0,308.097517,308.097517,1.0,0,0.0,0.0,0.0,741.1111111111112,0.0,no_rewards,False,0.0,False
pool1vxvdypctdecvc2j7xu9y8h2fdxvkpjy2pp8luwg2h6dx5jlv0nk,COOL,170.0,0.02,50000.0,53089.159843,20937219.255506,1328.0,25,331.812166,7002.921204,7334.73337,741.1111111111112,0.44772256281859063,losing,False,238.23454546509757,False
pool1vxz0deezj5c2950e7arpzfqxzq8zd9kawsullrzjw5rsq0yhxgr,ZZZ,340.0,0.05,50000.0,56807.006215,30370738.243627,221.0,32,810.60508,8618.483067,9429.088146999999,741.1111111111112,1.093769973013493,edge,True,559.3259610401906,False
pool1vy9qerf9fenp893mqrdm58uj45w3etutv4n0vdh8669uvqenkqr,MLMA,345.0,0.035,7e-06,8.080599,55295.941165,19.0,0,0.0,0.0,0.0,741.1111111111112,0.0,no_rewards,False,0.0,False
pool1vygvrczrlzapm25qf8w3cxz4gxv2azrp43xj6538tt225jjfcpw,1BEST,340.0,0.025,10000.0,10000.0,10000.0,1.0,0,0.0,0.0,0.0,741.1111111111112,0.0,no_rewards,False,0.0,False
pool1vyk3x4j2lfrj4y8t282xmwep936rh8gv2vqrkxghm2h67l2upjq,OMWCP,340.0,0.05,500.0,501.824203,548.340078,2.0,0,0.0,0.0,0.0,741.1111111111112,0.0,no_rewards,False,0.0,False
pool1vz59e00250xfjck8qd04kns89j56430wjzpdf37zfjnnyxttm37,,340.0,0.0,500.0,500.379251,639.847642,6.0,0,0.0,0.0,0.0,741.1111111111112,0.0,no_rewards,False,0.0,False
pool1vz9txqmdhxwegpy7uzrsap84z309veehqv3uh4s60qwxk0u7h06,BOOM,340.0,0.01,1.0,316.703083,34805.648941,9.0,0,0.0,0.0,0.0,741.1111111111112,0.0,no_rewards,False,0.0,False
pool1vzquqa6clffwsegafvyds0zkaqpjcw0hurq3a0xc8ape6h0xhkh,,340.0,0.05,2000.0,2010.436661,2010.436661,1.0,0,0.0,0.0,0.0,741.1111111111112,0.0,no_rewards,False,0.0,False
pool1w0jjajfvur53nxrlc4nnm73087lm39qfumeq8r449jwvz3wdx05,,170.0,0.01,15000.0,19450.060206,49094.167601,19.0,0,0.0,0.0,0.0,741.1111111111112,0.0,no_rewards,False,0.0,False
pool1w0s8vf9qse980vulgszvusw3800d6dlc7wkusr0aqvzlz75qgqg,LIBE,300.0,0.05,100.0,48377.244241,115946.884176,26.0,0,0.0,0.0,0.0,741.1111111111112,0.0,no_rewards,False,0.0,False
pool1w2alpqttaulpukcrz0j902kk8wmq68q9qm50c6npaypk7yypy5a,KIBA,340.0,0.0,2000.0,43395.128159,546133.327567,8.0,0,0.0,0.0,0.0,741.1111111111112,0.0,no_rewards,False,0.0,False
pool1w2duw0lk7lxjpfqjguxvtp0znhaqf8l2yvzcfd72l8fuk0h77gy,PSP,170.0,0.01,14000.0,14206.981555,131014.299433,35.0,0,0.0,0.0,0.0,741.1111111111112,0.0,no_rewards,False,0.0,False
pool1w2s88xpylulw3l8naaql9wzxqwra06n8c2lwklmph25zjkvwuvj,FLR2,170.0,0.0,4000.0,4823.917912,7101.346291,2.0,0,0.0,0.0,0.0,741.1111111111112,0.0,no_rewards,False,0.0,False
pool1w304gh8xwdcjxumdl5yhvu28j6eax9sf08tu98cp5eth27vy6ez,,345.0,0.02,210000.0,1.265299,0.0,,0,0.0,0.0,0.0,741.1111111111112,0.0,no_rewards,False,0.0,False
pool1w3ewp9s00evj200lnhwsy3dkn2yf3dg7zq7apj26a2dvv5r7hpg,,340.0,0.005,500.0,515.476511,557.294109,2.0,0,0.0,0.0,0.0,741.1111111111112,0.0,no_rewards,False,0.0,False
pool1w3q90q8cmfv5l0nxettd9pafpfhews2ta57e6xvr6s96swfkrvz,PPCP,340.0,0.035,0.0,0.0,0.0,,0,0.0,0.0,0.0,741.1111111111112,0.0,no_rewards,False,0.0,False
pool1w3s6gk83y2g3670emy3yfjw9myz3u4whph7peah653rmsfegyj3,ISLE,340.0,0.0,0.0,0.0,6086.32243,2.0,0,0.0,0.0,0.0,741.1111111111112,0.0,no_rewards,False,0.0,False
pool1w3xys99a8xmwcwse4tqpqmyqqzykryfc4w7cvvjusej0vnxdlrf,THANK,2000.0,0.9999,0.0,6680.084736,2683575.25782,40.0,4,1178.408322,0.0,1178.408322,741.1111111111112,1.5900562065967014,edge,True,1178.298255833512,True
pool1w404pkpkkw067ju4gjnyjdmqfex6wn92vrffhy9txhw5kxzupk5,BACON,345.0,0.01,1212.0,1230.53875,1353.492768,2.0,0,0.0,0.0,0.0,741.1111111111112,0.0,no_rewards,False,0.0,False
pool1w43rswva2e4hulr6ayxv4aaaf0fzvxjj5c8kv55xmm2auey5xvz,,340.0,0.13,0.0,0.0,0.0,,0,0.0,0.0,0.0,741.1111111111112,0.0,no_rewards,False,0.0,False
pool1w4am4s9w4gkt8r0245km62vtnnv9hhq6j68exzh2pyaxxfaq0gc,1PCT2,340.0,0.01,50000.0,54397.363474,437576.99137,138.0,0,0.0,0.0,0.0,741.1111111111112,0.0,no_rewards,False,0.0,False
pool1w4cetqsly2cz9fq2te95tnk2r56mh6ew6dmpyfctv2ldv8xuj9g,,340.0,0.04,30000000.0,74512902.7527,75431218.35326,19.0,75,24347.716666,283.902041,24631.618707,741.1111111111112,32.8529910035982,strong,True,24344.619537610604,True
pool1w4g7j8u97pvu2q7gsdaupnng0a2vmyllygfewhc29m2j5cehysn,MIMIC,345.0,0.15,200.0,1120.361354,18713379.183236,23.0,22,1265.749887,5215.500896,6481.2507829999995,741.1111111111112,1.707908393253373,edge,True,1036.2636258299603,True
pool1w50f20mpxwtal3plsqmgrx2xxlg84hn7ep0fhlcajkhu77k8tfp,,340.0,0.02,100.0,754.221182,754.221182,1.0,0,0.0,0.0,0.0,741.1111111111112,0.0,no_rewards,False,0.0,False
pool1w65amkyxhlstja5mp0vf7q2av5tm0m6zjsm9pll3xw36x6g8qte,CRBN,340.0,0.015,30000.0,108.710484,183.265277,11.0,0,0.0,0.0,0.0,741.1111111111112,0.0,no_rewards,False,0.0,False
pool1w6ez83j2lapmlzudtuuwygm9lwt23203keqj53n7yjdtwaamghr,,345.0,0.15,100.0,437.62183,758.507172,2.0,0,0.0,0.0,0.0,741.1111111111112,0.0,no_rewards,False,0.0,False
pool1w6l6rvhxtym5psec3mvgrjlg28d6hrv8g9jjexadzmxfgndfg2f,SIPO,340.0,0.039,50000.0,52746.107939,42677501.807012,1130.0,39,788.161515,10703.540297,11491.701812,741.1111111111112,1.0634863020989505,edge,True,533.811239093354,False
pool1w6vj437xqhlkasuhc2td09jd6vfem5e03nhhpn7yqxfkzrkamch,WINE,340.0,0.01,1.0,936.571018,4933.548654,13.0,0,0.0,0.0,0.0,741.1111111111112,0.0,no_rewards,False,0.0,False
pool1w728ekz4fs2f33qmqf7047hvwsmarjrv5l575ncnh7hkc0zdhgz,LAKCV,200.0,0.05,180.0,198.23158,8978.589044,6.0,0,0.0,0.0,0.0,741.1111111111112,0.0,no_rewards,False,0.0,False
pool1w7c2j0px43jmudhf48ezp7dy8j7904c9l3wc7809lhh2z026hch,STAT,170.0,0.025,750000.0,966592.336759,47978440.473194,6000.0,43,729.570961,11970.555504,12700.126465,741.1111111111112,0.9844285830584707,losing,False,638.6201057574455,False
pool1w7dk7rn0cflzzfr4fqvjpapn0rkz5ksmerx5tgwpm2gtj2gly97,,340.0,0.05,0.0,0.0,70021976.359346,6.0,62,1236.26645,17029.062559,18265.329009,741.1111111111112,1.6681256446776611,edge,True,984.5164504500001,True
pool1w7pt822hfgw30xnkwpjzz0sr5psejksqdcdw4l0ms33lsgynp2e,COOL4,170.0,0.015,50000.0,51787.763841,3996194.733374,226.0,5,206.185744,1267.10609,1473.291834,741.1111111111112,0.2782116485757121,losing,False,113.82340538021299,False
pool1w7y659w3ya4x4rd9ljp6rmcx70yj2t0s0nk97d6zgmymq0a2k7w,,340.0,0.0,150.0,2.742048,2.742048,1.0,0,0.0,0.0,0.0,741.1111111111112,0.0,no_rewards,False,0.0,False
pool1w8ham64lthvzzxzn5hknq4yrj8xt2nark409s2xmntlwvt4ag3r,1PCT7,340.0,0.01,50000.0,62340.381663,31670312.582957,574.0,32,448.603088,8980.485017,9429.088105,741.1111111111112,0.6053115130434782,losing,False,186.76949962890058,False
pool1w92z3lxwrycf3kmf075dja2fwem0luyjc4ysv2afh6sg554qjwn,STBL1,340.0,1.0,0.0,3.45586,3.45586,1.0,0,0.0,0.0,0.0,741.1111111111112,0.0,no_rewards,False,0.0,False
pool1w9cz3yyz8glemkwpn8hue6s89jrlhkap3nupzac7kdx77gj9am8,CHIPS,340.0,1.0,125.0,3.62535,3.62535,1.0,0,0.0,0.0,0.0,741.1111111111112,0.0,no_rewards,False,0.0,False
pool1w9hdxd0ydy7qrtxe2lceg80mpsyamwnaqyvu2v0yngj4cfkfu2t,NAPPY,170.0,1.0,100.0,18320.264518,773208.681218,4.0,0,0.0,0.0,0.0,741.1111111111112,0.0,no_rewards,False,0.0,False
pool1w9ksllt0ktnztjdzzlzaqfh7tzspu09xf5l08flz0cadyq0dv3j,,340.0,0.01,4000.0,0.433758,96.794849,3.0,0,0.0,0.0,0.0,741.1111111111112,0.0,no_rewards,False,0.0,False
pool1w9u6rtvuzke9cq5q4x2r7g8xlt6lqmcd2tugzpjpj5w5xv0eyws,FGMTG,170.0,0.1,2e-06,9.820727,1002007.201339,2.0,0,0.0,0.0,0.0,741.1111111111112,0.0,no_rewards,False,0.0,False
pool1w9yeaaadjz9563tf2h7katrlujvxnywda8el8z66h02ckccx95x,SUI,340.0,0.0,31000.0,37031.303449,806018.505695,206.0,0,0.0,0.0,0.0,741.1111111111112,0.0,no_rewards,False,0.0,False
pool1wamhqzxcn7psr3rrqvg35wwjwmj8qktnvgyncj2vzyaqx9hkmsz,,340.0,0.03,77.0,97.624556,97.624556,1.0,0,0.0,0.0,0.0,741.1111111111112,0.0,no_rewards,False,0.0,False
pool1waplz6cz4t2uss0qcst8wkqj52rzhy9vfr5jr9se9pjx7ucjcfm,,345.0,0.15,100.0,0.0,49.782708,1.0,0,0.0,0.0,0.0,741.1111111111112,0.0,no_rewards,False,0.0,False
pool1wc2kuqz7w36j4xc7x8aqekgjhmy4ggknddqqfuw4mr3pu9f8wxn,,340.0,0.0,30.0,49.055495,49.055495,1.0,0,0.0,0.0,0.0,741.1111111111112,0.0,no_rewards,False,0.0,False
pool1wc2vw2x2xu2van4acthhk08xtucm8ddpuphmw0ahnc99qtz4a64,CRBN,340.0,0.0099,500.0,545.512809,10234.624867,5.0,0,0.0,0.0,0.0,741.1111111111112,0.0,no_rewards,False,0.0,False
pool1wccveh5l4gvns7egngqdd4qk27w0kxqc68jjrnnkgjxz6zwt7ws,YUZUP,340.0,0.005,100.0,12986.502173,133413.201569,17.0,0,0.0,0.0,0.0,741.1111111111112,0.0,no_rewards,False,0.0,False
pool1wdrg5vtv3nrh0mqmfua5qmj5p3zchzay2cz80jwfxxwrx7gp402,ACP,170.0,0.01,33333.333333,38011.607853,188578.10319,9.0,0,0.0,0.0,0.0,741.1111111111112,0.0,no_rewards,False,0.0,False
pool1wdujj7tmux5nuwnpeksgncendr3mj8ecsjcddpzx9gewc3flp4r,ETO6,340.0,1.0,0.0,0.0,50000403.921781,3.0,56,16497.716528,0.0,16497.716528,741.1111111111112,22.26078691934033,strong,True,16497.716528,True
pool1wdzyy2lwc8rd5y9vxwkyxpv62dsa270jepjgy9fa3zpqgeuszun,KIBI,340.0,0.05,100.0,1713.953346,230572.257588,5.0,0,0.0,0.0,0.0,741.1111111111112,0.0,no_rewards,False,0.0,False
pool1we0xjccr3vc4ypnmhzsgwp7sxpsytu8dtv0syeqmtrllvcex68q,JUNO,170.0,0.0,1000.0,1051.265409,1430588.031949,188.0,0,0.0,0.0,0.0,741.1111111111112,0.0,no_rewards,False,0.0,False
pool1we9umarzn0l6jp8mcm98y28lxuuzcurzpjldnjwtgdhgw068mnr,,170.0,0.0299,70000.0,71074.992968,215828.120472,64.0,0,0.0,0.0,0.0,741.1111111111112,0.0,no_rewards,False,0.0,False
pool1wewygdzelh9m4m0kj8u70pmr957lxkzl8km4mttsrdd7wht00vu,,340.0,0.02,3000.0,21236.561856,215401.611468,20.0,0,0.0,0.0,0.0,741.1111111111112,0.0,no_rewards,False,0.0,False
pool1wf7wk3802jxtkmek6uprm77cgqx53t4qep9kwkl078w3yw0ff69,DNEWS,340.0,0.05,75000.0,75035.21265,17416797.161263,3356.0,17,592.596258,4363.344295,4955.940553,741.1111111111112,0.7996051457271364,losing,False,339.02373682841795,False
pool1wg3xyzscx4qp0d4zmvlh7ksw8cupqcnegulmezl0cp77vtwlvgr,PrepU,340.0,0.03,10000.0,6.644858,635.138393,5.0,0,0.0,0.0,0.0,741.1111111111112,0.0,no_rewards,False,0.0,False
pool1wggqaqs4pw2l4vml0k0p2kmvpq7pme3fl6smwc8cjjhvvuun9ww,XST,170.0,0.01,4810.0,5391.04427,24423.188121,28.0,0,0.0,0.0,0.0,741.1111111111112,0.0,no_rewards,False,0.0,False
pool1wh23dzv4mjrm2lv5y5k3pk9yx8dpggd63ma6duesvzvvymawpny,VENOM,340.0,0.0,100.0,7.441721,5265.858289,5.0,0,0.0,0.0,0.0,741.1111111111112,0.0,no_rewards,False,0.0,False
pool1whk6lawmfz4zq5fw8zghglp23452gnm9zgs59nqafhpexwcvute,WA1,340.0,0.048935,50000.0,93421.664486,20245052.841265,106.0,21,651.828545,5536.009591,6187.838136,741.1111111111112,0.8795287713643177,losing,False,400.95933168015966,False
pool1whmm0hkxunyhxsr6dfjpx2tpvd05qhev820lx9vcmvqa5wjc6nh,1COMM,340.0,0.0085,402000.0,410208.141931,63827992.704907,871.0,74,659.668176,21173.106272,21832.774448,741.1111111111112,0.890106984107946,losing,False,398.58482696952007,False
pool1whzghlghkuqn8qf3ehpm3a4rugv0xxmgzau43zqer2awy2rngef,,340.0,0.03,10000.0,10.0,20369.775749,4.0,0,0.0,0.0,0.0,741.1111111111112,0.0,no_rewards,False,0.0,False
pool1wjsshqjpl3n6zlscnfvyy9gxklkav2dvfyprfye6l0kewyvv6yj,SAFE,340.0,0.055,180000.0,195298.048369,388710.120285,40.0,0,0.0,0.0,0.0,741.1111111111112,0.0,no_rewards,False,0.0,False
pool1wjt7mjhdaj857hwk3qg2wswn30ghjczm2qetrs7k6sjc20x4hfx,,340.0,0.5,1000.0,1000.0,1045.574031,3.0,0,0.0,0.0,0.0,741.1111111111112,0.0,no_rewards,False,0.0,False
pool1wkaj4sy8set0fzrzgeyl8a8du9fg9fmx06yau2hyfemfy7k5mse,NODRS,340.0,0.02,1000.0,1000.0,1000.0,1.0,0,0.0,0.0,0.0,741.1111111111112,0.0,no_rewards,False,0.0,False
pool1wkk7mlwet6pgqk9gd706trlw25vnu9a7ygvrugap0swjcfty7vd,,340.0,0.05,6050.0,1.322858,1.322858,1.0,0,0.0,0.0,0.0,741.1111111111112,0.0,no_rewards,False,0.0,False
pool1wll3vr4v605eap9hpjfpda5cjegqfkjt8hrz3kkxpnffqejhav3,,310.0,0.01,6500.0,6505.049207,198032.517267,152.0,0,0.0,0.0,0.0,741.1111111111112,0.0,no_rewards,False,0.0,False
pool1wlzug8x3xu6dy60pdj6mrkcpvc0fa0cjje6fzxegl4f8ua97dvw,TIPFS,170.0,0.03,100000.0,100460.144794,101624.051863,13.0,0,0.0,0.0,0.0,741.1111111111112,0.0,no_rewards,False,0.0,False
pool1wm5pnu72efdcvjm34r7ykkxx2h549swddjrn6r2aqy3tvjc4l57,FGMT6,170.0,0.1,2e-06,9.820727,50715688.558724,5.0,60,1920.615536,15755.509314,17676.12485,741.1111111111112,2.591535205997001,comfortable,True,1835.1155524976969,True
pool1wm5quxelvgk8q50jyfznf9asvelp9zf0tk2wu4jazlw9yj4uctw,EU01,170.0,0.035,250000.0,294405.489505,661194.994556,297.0,1,227.982676,66.797371,294.78004699999997,741.1111111111112,0.3076228011994003,losing,False,177.12707051553508,False
pool1wm89xjqp96t3mlun3pa5suxa3t4s5lluq239en0nxl7pcm5tprc,SHOP,2500.0,0.0,1.0,2569.152315,77822.631972,82.0,0,0.0,0.0,0.0,741.1111111111112,0.0,no_rewards,False,0.0,False
pool1wmyr8pp6f3rll0hdxed6e8kkxzvj9ur0ecc45sttan3fqcfldcm,,340.0,0.05,10000.0,10010.883882,10010.883882,1.0,0,0.0,0.0,0.0,741.1111111111112,0.0,no_rewards,False,0.0,False
pool1wn5cmtuzkgqfnh6htjplu7uleq5qxk4thc6wtm2fjrgmspqutaj,CCPL,170.0,0.0,10000.0,1.368283,25034.110563,64.0,0,0.0,0.0,0.0,741.1111111111112,0.0,no_rewards,False,0.0,False
pool1wn7g7fs8nhqnkkzcafzucl6x6spa6rj980kkkg0rcnyajg62lur,,345.0,0.05,100.0,497.625262,529.535642,2.0,0,0.0,0.0,0.0,741.1111111111112,0.0,no_rewards,False,0.0,False
pool1wngesrk9ju3x7fzmuqae49lp385k5khgmtz97rza629pwg86nlj,SKYW,340.0,0.0,0.0,7.510763,10923.301128,3.0,0,0.0,0.0,0.0,741.1111111111112,0.0,no_rewards,False,0.0,False
pool1wnpac2c9am0h3yx2luh9tlsdhcpz2tmfyqjm8g8f67afk7fa6mh,FNX,170.0,0.05,10000.0,28233.524245,1393444.068876,45.0,0,0.0,0.0,0.0,741.1111111111112,0.0,no_rewards,False,0.0,False
pool1wnshjhwqv9j7fgd4tkynpsqr0xczns4pghljy5j4z4qjj7qy4d4,GXY,340.0,0.0,1.0,346.365722,3041.656534,18.0,0,0.0,0.0,0.0,741.1111111111112,0.0,no_rewards,False,0.0,False
pool1wntxmftndrsj7y4aqles8knl3nfuyj22l83jun02yyx9s962gm3,CBROS,170.0,0.01,70000.0,78472.688428,125481.656662,17.0,0,0.0,0.0,0.0,741.1111111111112,0.0,no_rewards,False,0.0,False
pool1wp0yez530qyyxu6nzeej9m9f2sma2w4r54hkw7dfewtts7qqvwc,,340.0,0.01,100.0,108.656116,296.679888,3.0,0,0.0,0.0,0.0,741.1111111111112,0.0,no_rewards,False,0.0,False
pool1wp7vqk4mkx0w0wxzpy8avhft4qwcg60xldwem2uh9n4pw777fhz,,200.0,0.03,1000.0,1459.361389,35599.554527,16.0,0,0.0,0.0,0.0,741.1111111111112,0.0,no_rewards,False,0.0,False
pool1wp9p6rlpratng7rhrvyz6mcjqsl04laxxvvuu06umc5vghacqa4,BNP,345.0,0.06,2.0,17.639298,25985.487932,7.0,0,0.0,0.0,0.0,741.1111111111112,0.0,no_rewards,False,0.0,False
pool1wpj6th0242z6l2s7zl357a6rv8s7a4lq9x0p74mev453qczweyf,ROCK,345.0,0.005,500.0,6235.559617,6235.559617,1.0,0,0.0,0.0,0.0,741.1111111111112,0.0,no_rewards,False,0.0,False
pool1wpmjtfqcwvtcs9znpuulk99yk2zz6pfh0c4k9f2xlcspgqjndk2,MS4,340.0,0.025,100000.0,102728.446046,43848103.781943,295.0,42,668.449749,11709.619453,12378.069201999999,741.1111111111112,0.9019561830584707,losing,False,410.6800730663376,False
pool1wpp9pslecqwv4wjr4gfhcsv9hmagz882q6fl6umwup8guxy5whm,,340.0,0.031415,150000.0,6.638814,6.638814,1.0,0,0.0,0.0,0.0,741.1111111111112,0.0,no_rewards,False,0.0,False
pool1wpzr2xafvtne6cnvlyzjqf8dlj2dg7tgkv3vu4zt687266ep7wg,ZOD,340.0,0.0,14500.0,24.683173,1290.897318,16.0,0,0.0,0.0,0.0,741.1111111111112,0.0,no_rewards,False,0.0,False
pool1wr5ky4r3hz6hxenllvxpuncg7jya8gv89jta03059w9eqqjy6c6,CREAM,340.0,0.0,100.0,153.115046,413.801996,4.0,0,0.0,0.0,0.0,741.1111111111112,0.0,no_rewards,False,0.0,False
pool1wr79nyuty7wjgkey5vlfx9rn0x5ecxgge5mq45fpftqhye2shc0,BTV4,170.0,0.02,2.0,9.820727,15625689.428787,8.0,19,278.552134,5318.887442,5597.439576000001,741.1111111111112,0.37585745217391303,losing,False,185.45219294969456,False
pool1wrjg8fts9cus0eq8jyf5wqsfe64e8tvrquxgff3tyze4qal4hwq,TPOOL,340.0,0.018,1000.0,16808.304223,156347.645108,10.0,0,0.0,0.0,0.0,741.1111111111112,0.0,no_rewards,False,0.0,False
pool1wsar9vtmyghy3htc7gz0gwq70ap0v7wrq9hq83qwx5auvzfm6fg,ARAT,345.0,0.0222,100000.0,0.0,38892.613362,1.0,0,0.0,0.0,0.0,741.1111111111112,0.0,no_rewards,False,0.0,False
pool1wsr9ehtfvc4cs3rzfv65jjv7w7pe3xngw58mtt0ex4jck5frw79,S0716,340.0,0.01,500.0,9.823411,928.651575,2.0,0,0.0,0.0,0.0,741.1111111111112,0.0,no_rewards,False,0.0,False
pool1wsug8q6kjtje0hzwp68lchwll0046t6huua3f7p35fttx7fcwm8,FSTR,170.0,0.0,2000.0,7.597052,7.597052,1.0,0,0.0,0.0,0.0,741.1111111111112,0.0,no_rewards,False,0.0,False
pool1wt0pf4u2xktp0f7apveu242w6nkm4ltk3m8g039lvuhwq4zdtf3,ECO,340.0,0.025,100000.0,111040.79599,40487651.752092,3489.0,46,705.765638,12846.31844,13552.084078,741.1111111111112,0.9523074575712143,losing,False,447.9650895070026,False
pool1wthsvhhxueqfd9eqjdj8pgyprhr4gptn5g63z9rdrtelcfumnvg,UPBIT,340.0,1.0,200000.0,35280961.566711,35282171.315574,2.0,36,10613.855323,0.0,10613.855323,741.1111111111112,14.32154391409295,strong,True,10613.855323,True
pool1wu4f8u7apml5nke7mjcvj2fvn0apfychx2957lf9gcuzxa07w6g,H4T1,340.0,0.03,10000.0,11462.324834,31019.794875,4.0,0,0.0,0.0,0.0,741.1111111111112,0.0,no_rewards,False,0.0,False
pool1wumx7h5vnkjwhv0rycjwdqd8cykvr380etvszgevquxwz02p5wx,SOLAR,340.0,0.01,100.0,110.623414,3736.643762,3.0,0,0.0,0.0,0.0,741.1111111111112,0.0,no_rewards,False,0.0,False
pool1wun8t7nt4daw2zgv0vj7cmwru97vsw0fccucjzuvs7y0qlc8xyv,BCW,340.0,0.05,1.0,1128.380425,5073005.86704,4.0,8,441.267,1915.549653,2356.816653,741.1111111111112,0.5954127436281859,losing,False,189.57299637039745,False
pool1wunach3tra8tmaqgft9ryg6ndxt4y83z2vuzmaztwzdr5x7ylh5,,345.0,0.03,100.0,0.0,0.0,,0,0.0,0.0,0.0,741.1111111111112,0.0,no_rewards,False,0.0,False
pool1wuu2at4ccsqnlaw9q080wz7y0hq7m5utclffjfn3g0vd2j9xs8j,,345.0,0.0,5000.0,0.0,816.886634,3.0,0,0.0,0.0,0.0,741.1111111111112,0.0,no_rewards,False,0.0,False
pool1wuxqvk0flqtdj58aaqn8m8w2qheawpvgrhmqnry7uk6pcrwnp4a,ETO21,340.0,1.0,0.0,0.0,0.0,,0,0.0,0.0,0.0,741.1111111111112,0.0,no_rewards,False,0.0,False
pool1wvaj307ee8jfewv9qjtgk0q3elmpe5lz4n2dec2303062f7dc4c,,340.0,0.05,0.0,0.0,66930423.547037,13.0,73,1398.297595,20107.654302,21505.951897,741.1111111111112,1.8867583740629683,edge,True,1146.54759485,True
pool1wvezktuplgsgwxvccvaw6vyq3l8v3ecupe56apngyjuaw4jxg9u,,340.0,0.04,2500.0,4091.928741,12622.608709,8.0,0,0.0,0.0,0.0,741.1111111111112,0.0,no_rewards,False,0.0,False
pool1wvgf640twac8y7raqfz8hlqz4sajyw2gfpcxkq80wygekcx2402,VINA,340.0,0.01,1000.0,2043.866091,3503.566282,2.0,0,0.0,0.0,0.0,741.1111111111112,0.0,no_rewards,False,0.0,False
pool1wvhd4nf6mar2x0zaek2te6lqkrckk9mxtjctezy878a3zprru7s,AD247,340.0,0.0,500.0,5331.404045,43905.870176,16.0,0,0.0,0.0,0.0,741.1111111111112,0.0,no_rewards,False,0.0,False
pool1ww3v7euue6vkzstk2gm5r2s9jsnj9zgtvvscfcmhwfxlzpfgap2,kowln,380.0,0.028,1800.0,3394.170995,18083.50641,4.0,0,0.0,0.0,0.0,741.1111111111112,0.0,no_rewards,False,0.0,False
pool1wwjj0tcr6w9nvk0jpvnrqq9p7ukn7wux0h669wcw25t0zmx3zfh,,340.0,0.0,1000.0,4957.047843,21927.7585,3.0,0,0.0,0.0,0.0,741.1111111111112,0.0,no_rewards,False,0.0,False
pool1wwzctexlp70mj00vv65mlhwhwresn58s9x7jl4tswvkg77eu7n7,UKADA,340.0,0.01,100000.0,102384.350515,3297991.96131,576.0,3,362.164929,521.973,884.137929,741.1111111111112,0.48867831499250364,losing,False,107.95942981482992,False
pool1wx9rs2z0nuzds7aj9dvptwcruxputh3dvvfcavnwr6hkjvly20w,IAGON,340.0,0.0,100.0,100.0,545.391716,4.0,0,0.0,0.0,0.0,741.1111111111112,0.0,no_rewards,False,0.0,False
pool1wxktpcvaceu8zcsmjk5k0nu2nldm762ra6m9ept87fcvsqucdkx,IGF,340.0,0.0,1800.0,1845.225224,1845.225224,1.0,0,0.0,0.0,0.0,741.1111111111112,0.0,no_rewards,False,0.0,False
pool1wxn9nsl8rvxa6r8e5eaak0ml6etfxnz2n9vqrmsw5nzgyexgkrn,,340.0,0.01,250000.0,540385.525086,2035983.841387,705.0,0,0.0,0.0,0.0,741.1111111111112,0.0,no_rewards,False,0.0,False
pool1wxpzjtfr79pdfs6m6vg6xmcqjh79ff9d6sgzfdpvs2q26swahew,DMOON,340.0,0.015,129990.0,140807.753681,242898.865872,7.0,0,0.0,0.0,0.0,741.1111111111112,0.0,no_rewards,False,0.0,False
pool1wxzumlr95mjxhgxnd6cmxcey38pwe5zwu0ly2mlme07qy8n00r9,STRIP,340.0,0.05,1.0,47.622886,187.71668,3.0,0,0.0,0.0,0.0,741.1111111111112,0.0,no_rewards,False,0.0,False
pool1wydmv34dnmz4ek9s3p9jwaslwuutfyt8wlxt0mkunjkcufznl97,JUP,345.0,0.01,100000.0,255.78398,551.27766,3.0,0,0.0,0.0,0.0,741.1111111111112,0.0,no_rewards,False,0.0,False
pool1wyfau3rlkckr3clr4mkyxn9vdlrkup0fj7uyyflfccmms24gm3a,TERA,340.0,0.01,300.0,802.756096,15027141.9843,1260.0,17,386.929297,4621.311261,5008.2405579999995,741.1111111111112,0.522093504197901,losing,False,124.59330595917757,False
pool1wyu23ahrnql8hc0y5jx00y2evnmw05d2rxnyqlgqq4lxs93q7ue,USA,170.0,0.0,10.0,180542.304681,183212.219553,11.0,0,0.0,0.0,0.0,741.1111111111112,0.0,no_rewards,False,0.0,False
pool1wz27a9pvd2jat98s375lxaaj7qxy405km4vzp83wn5vtwp59kvh,BRADA,500.0,0.0,0.0,6511.333313,5256012.100393,1906.0,3,500.475472,383.329814,883.805286,741.1111111111112,0.6753042350824587,losing,False,76.0019765369392,False
pool1x08dl5dy0wsu6y9xp55drk4xeycgjnvutqdqm8wsqn5pwm6yx4k,,340.0,0.5,500.0,1013.555226,1239.63184,7.0,0,0.0,0.0,0.0,741.1111111111112,0.0,no_rewards,False,0.0,False
pool1x0necz9ktlnah9505f3fkdncrlepz0q2gyfp4r7pjxnq53qw5kx,MEGA,170.0,0.01,10000.0,35254.75712,79522.327493,17.0,0,0.0,0.0,0.0,741.1111111111112,0.0,no_rewards,False,0.0,False
pool1x0pr0y3hzlju5gxera9zt8fnxgzmqa4dqhm0wwu8ympxz37dwqw,GCHO,340.0,0.03,200.0,200.0,371.383728,4.0,0,0.0,0.0,0.0,741.1111111111112,0.0,no_rewards,False,0.0,False
pool1x0qm7xsyh2za3ltprxsgael544je4hg8tc3q3v5gv232z8jt4wp,PPCX1,340.0,0.035,1000.0,13878.851401,10879535.472678,3782.0,6,391.724125,1375.893329,1767.617454,741.1111111111112,0.5285632871064467,losing,False,136.32528262997795,False
pool1x2h98z6e5xvrg5zw3v3dlu8hqdtj6lhp6r3w5ge7rvcqcx3pafq,KTN4,340.0,0.05,50000.0,61225.994819,3507483.008208,52.0,6,435.077219,1332.872491,1767.94971,741.1111111111112,0.5870607152923538,losing,False,187.72172090875034,False
pool1x3wuw3ungmrq5padffsqne82fx5uesy6dc2qmj83xyanq4rgnz0,,345.0,0.03,500000.0,3.0,18460.783481,3.0,0,0.0,0.0,0.0,741.1111111111112,0.0,no_rewards,False,0.0,False
pool1x5dfpgp987e4jhxvgczr3wv50nv2pwd873tlx3uthvcasm422q6,QXT,340.0,0.02,50000.0,73070.728133,7671238.648608,1093.0,4,364.601169,814.033205,1178.634374,741.1111111111112,0.4919655953523238,losing,False,107.37486990123293,False
pool1x5ge78ks6jc0j8nsfwyqqhk2ukxlkvz7zxlm9utgk6405hh490n,IOGP,500.0,1.0,1000000.0,0.0,0.0,,0,0.0,0.0,0.0,741.1111111111112,0.0,no_rewards,False,0.0,False
pool1x7j89z3n7y7g8syk06nahcrwkdphhw6dymt8r3gf8ulyksrzh5t,ALLIN,340.0,0.015,2550.0,3430.32573,1211090.341699,349.0,0,0.0,0.0,0.0,741.1111111111112,0.0,no_rewards,False,0.0,False
pool1x89ssjp53eczthatft9w74749558nsz3pq5jn056634pgt5m58s,HOPE2,340.0,0.0,100.0,6295.257727,5681725.686643,39.0,7,341.908186,1720.307157,2062.215343,741.1111111111112,0.46134537841079454,losing,False,77.20180160626958,False
pool1x909haq22shn2479qtzkkr9ww2s9nr7v9xzyhxefg50yyt3lzfy,,369.0,0.0369,500.0,0.0,0.0,,0,0.0,0.0,0.0,741.1111111111112,0.0,no_rewards,False,0.0,False
pool1x96hyvvamshl5ymcpdshz4ymqjp33vvz9s8dx06xxwpzzkhgra7,,340.0,0.01,0.0,6.821475,106.115657,4.0,0,0.0,0.0,0.0,741.1111111111112,0.0,no_rewards,False,0.0,False
pool1x9ar8wy7ljw83ppe6y9p6h2yskrmf5dfa0td36ypk6vtgqzwqh7,,340.0,0.025,5754.0,5754.184727,6008.222335,4.0,0,0.0,0.0,0.0,741.1111111111112,0.0,no_rewards,False,0.0,False
pool1x9kerklpmyrzx22z944l9n8x9gn8s597vqy4hsllujetue8e5g8,,340.0,0.0125,1000.0,0.0,29.887832,5.0,0,0.0,0.0,0.0,741.1111111111112,0.0,no_rewards,False,0.0,False
pool1x9q4jf3zwftwygeeulku8xtlywmtmzwxjk2g3fz3j5mlwjqnr3p,,340.0,0.03,25000.0,38979.307969,745150.8457,48.0,0,0.0,0.0,0.0,741.1111111111112,0.0,no_rewards,False,0.0,False
pool1x9tc05u8dqefrdyw9pgxn72szr7p2peyd7xgqs3l28s76f59c0y,STBL5,340.0,1.0,0.0,7.900602,7.900602,1.0,0,0.0,0.0,0.0,741.1111111111112,0.0,no_rewards,False,0.0,False
pool1xa7zku52cj6aagevv5z685jm2ljhpqsekrrcrulpmkqrknnt2kz,,340.0,0.015,100.0,662.831859,1060.257602,2.0,0,0.0,0.0,0.0,741.1111111111112,0.0,no_rewards,False,0.0,False
pool1xamkqfkkfm4eldv88jhdcm5uzs8kd3p776e789hqv8yfzjgqh9s,,340.0,0.075,0.0,1.434673,184.798262,3.0,0,0.0,0.0,0.0,741.1111111111112,0.0,no_rewards,False,0.0,False
pool1xaudqyen24fz02vhu9qa2ry44suzfk8z3lh7sc6qx7c3gpweww2,OCEA7,500.0,0.039,1000.0,10099.619278,690882.251649,168.0,0,0.0,0.0,0.0,741.1111111111112,0.0,no_rewards,False,0.0,False
pool1xaxps54m30n35fegcweum3c86pr7xp2mmcvfsd007v9ps9xu8js,DECNT,340.0,0.025,0.0,7.219836,5172.169595,23.0,0,0.0,0.0,0.0,741.1111111111112,0.0,no_rewards,False,0.0,False
pool1xc6la5z92seku86c4rdnuvxjdc3fh8pdtanlgxdy99cxjrkhzkd,,340.0,0.2,50000.0,50098.49646,2139766.562145,6.0,0,0.0,0.0,0.0,741.1111111111112,0.0,no_rewards,False,0.0,False
pool1xcesfga2h2fh7s4es4v2nsu4npc3ayg5x93m4mvt7whn2pfswma,,340.0,0.06,2.0,7.621654,7.621654,1.0,0,0.0,0.0,0.0,741.1111111111112,0.0,no_rewards,False,0.0,False
pool1xcn2yddehm5ncjx0p24vkguth4rta7zv3getcztflxs3kh9rexd,MONAD,340.0,0.01,314.0,331.868674,391496.094873,204.0,0,0.0,0.0,0.0,741.1111111111112,0.0,no_rewards,False,0.0,False
pool1xcslzgl6t2pcdr0u8ef2zkjhdyxy8xmgvzp0mcdgrw4k5gtg94s,4FREE,170.0,0.0,5000.0,23681.86339,606122.429265,29.0,0,0.0,0.0,0.0,741.1111111111112,0.0,no_rewards,False,0.0,False
pool1xcy8wtzrmzdhr2sqjjm8qe0hrxr4dc23zsv9mdfegahv5t0jud9,,340.0,1.0,10.0,2.450653,335.336647,2.0,0,0.0,0.0,0.0,741.1111111111112,0.0,no_rewards,False,0.0,False
pool1xdcg6kg0g4y3wqf92f8uh44urz06suglhff036k5yak2g0m8zlc,00000,340.0,0.0314,32000.0,34065.438468,51874.793209,32.0,0,0.0,0.0,0.0,741.1111111111112,0.0,no_rewards,False,0.0,False
pool1xdgzul0qespnz56zzrckwf4hcryyql9ypc4tya2dlu9a22h43ag,BIKES,170.0,0.02,100000.0,100759.426072,300490.6404,42.0,0,0.0,0.0,0.0,741.1111111111112,0.0,no_rewards,False,0.0,False
pool1xdwe294ntvnken52vsaar7edxpxeths4dvsm84pm4chyq70r0ny,,340.0,0.2,50000.0,0.0,105.303081,6.0,0,0.0,0.0,0.0,741.1111111111112,0.0,no_rewards,False,0.0,False
pool1xed948ze4guhrkt9zxjmecjvgkvgf8gd8skkzgtacz6gsyk9m5c,WGM,340.0,0.05,0.0,0.0,70469365.847114,10.0,76,1442.487907,20947.270235,22389.758142,741.1111111111112,1.946385481709145,edge,True,1190.7379071,True
pool1xfj4dazvq0fszalwm30zr85ka9t65mwpq3vfrprdw35mwan3vq9,CNFTA,340.0,0.025,1008.0,1501.139082,1505.382425,2.0,0,0.0,0.0,0.0,741.1111111111112,0.0,no_rewards,False,0.0,False
pool1xflehvzad4wr6rrvf6eea65jst5af0r4k0rh4xvmnqgvkzt3xjt,EVE9,400.0,0.04,10.0,13.096331,14.5784,2.0,0,0.0,0.0,0.0,741.1111111111112,0.0,no_rewards,False,0.0,False
pool1xftlxx9slpz59thcgtwgdj3k9e0ntn3p4qnmzs3r84dkx0hccjc,SPS5,340.0,0.05,1000.0,15012.343507,22732473.225919,307.0,19,606.171445,4991.289604,5597.461049,741.1111111111112,0.8179224895052473,losing,False,354.5876921033851,False
pool1xj5f7a79lnc9v0gjn00fkf2lyzexngka59tpcew5rrkyqveagpt,GREEN,340.0,0.0185,1000.0,2714.570705,417764.372838,178.0,0,0.0,0.0,0.0,741.1111111111112,0.0,no_rewards,False,0.0,False
pool1xjhzgchsl2ccvc5pj3aqytv9hh0jnaz63wtfnw4th07tjypm46x,SECUR,170.0,0.03,100000.0,104230.275241,53964726.958629,2668.0,51,643.656757,14330.140378,14973.797135,741.1111111111112,0.8685023707646176,losing,False,549.876935003695,False
pool1xjqjwe0t7uw7wfdygvt99e5wjcuz6ex6rcx2p067aqxp6tsgwgm,NVET,340.0,0.3,100.0,83262.276353,19689453.523497,28.0,27,2646.817072,5307.442176,7954.259247999999,741.1111111111112,3.571417338530734,comfortable,True,2462.101506677622,True
pool1xk3ck79lra9c9x5c684lylvg8vlexmh0eh7w90t6s0zvw6k5vn7,,340.0,0.075,0.0,2.572427,1749.049326,4.0,0,0.0,0.0,0.0,741.1111111111112,0.0,no_rewards,False,0.0,False
pool1xk8xt05lck3sm86yzwu2xgrser0t7g4jzrvqhks9u9tg2tca52s,,345.0,0.01,10000.0,0.0,0.0,,0,0.0,0.0,0.0,741.1111111111112,0.0,no_rewards,False,0.0,False
pool1xkrqy49edygfumvw9jxna55c373cmckzqq92m57ng82ycpykcmz,,345.0,0.05,7000.0,102.61655,102.61655,1.0,0,0.0,0.0,0.0,741.1111111111112,0.0,no_rewards,False,0.0,False
pool1xkwnlr34tjrnkz6u4c0p36cju3xuls4dyynsdkf6cv22ksuhz6q,MURA5,170.0,0.015,500.0,1253.492626,17038958.777643,592.0,14,229.603106,3894.496562,4124.099668,741.1111111111112,0.30980928845577205,losing,False,136.02990401830687,False
pool1xlfty06hg6q23qvcaxwv3p9ke7ff9n34qpr8tpxt2zflyq20ceh,SAKE,340.0,0.009,25000.0,104410.890092,29901590.938043,702.0,26,431.214976,7229.179176,7660.394152,741.1111111111112,0.5818492929535232,losing,False,169.51697598637233,False
pool1xlgmew766a2ndakrn4sn63t00sf5z99w4ncd7k75r5thxqyln92,,345.0,0.015,100.0,103.613734,7395.261117,6.0,0,0.0,0.0,0.0,741.1111111111112,0.0,no_rewards,False,0.0,False
pool1xlphlhnjvfeh40vcqf9fdewztsj6kyxq6604kaccpv00umjfu0d,FISH,340.0,0.05,500000.0,559993.258506,11684913.15209,5177.0,12,645.86373,2895.160177,3541.0239070000002,741.1111111111112,0.8714802953523237,losing,False,406.1031829774211,False
pool1xlra52x2es7dmsvpmcp2922h89h346awe7yuu664e50yvrzaaqe,CTAX,20000.0,0.9999,100.0,16784.58036,26522872.928245,11.0,26,7659.657065,0.0,7659.657065,741.1111111111112,10.335369353073462,strong,True,7658.899079276518,True
pool1xlst0jw9safmz3c8m56zvl4m65y306dcp48hdks8ursmsz2awm2,OOH,340.0,0.05,0.0,0.0,55.452642,5.0,0,0.0,0.0,0.0,741.1111111111112,0.0,no_rewards,False,0.0,False
pool1xm4nalvh3yd7pzczlr84w4jlzymwqrnshlpv80u8s6zex997kc6,,340.0,0.04,100.0,0.0,11.7,1.0,0,0.0,0.0,0.0,741.1111111111112,0.0,no_rewards,False,0.0,False
pool1xmftxwzqqkug8uzl2n2yvxhm6k0tx4rjtel92wjgvrlfk0uqy8c,,340.0,0.1,110800.0,0.0,3496.676876,9.0,0,0.0,0.0,0.0,741.1111111111112,0.0,no_rewards,False,0.0,False
pool1xmlq3sgssww6kwu8dupgxukzhlk77j40p9c4r3qux3j5z2ysk2c,CF2,170.0,1.0,76000000.0,76301499.880772,76301499.880772,4.0,76,28867.21013,0.0,28867.21013,741.1111111111112,38.95125804647676,strong,True,28867.21013,True
pool1xmn8ag7jctcpdqk9jtrzk9s7qgs4f3cehkxhtelgpag6c7fjxdm,,340.0,0.01,100000.0,1.0,9074.692322,55.0,0,0.0,0.0,0.0,741.1111111111112,0.0,no_rewards,False,0.0,False
pool1xmsdhync6k6grkkj7tuycskjpseykpr24luhlazl5nsngsy87gm,EVE3,400.0,0.04,1000.0,1496.484437,34752816.166715,26732.0,33,773.261603,8941.515402,9714.777005000002,741.1111111111112,1.0433814733133433,edge,True,460.9895729479585,False
pool1xmtmp6cmmmaatkn3jd9dlht8xjyf7xnqmrurs59kj2ygxuz2jkd,NRVN,345.0,0.15,500.0,8359.218487,60796.509272,4.0,0,0.0,0.0,0.0,741.1111111111112,0.0,no_rewards,False,0.0,False
pool1xn4kqt45xh3udf87kmtkdfz8xh9qn6trlqsf39eusk23ufmxhgr,SKY3,340.0,0.02,5.0,25946.723865,6675821.014079,1018.0,6,373.989938,1393.622055,1767.611993,741.1111111111112,0.5046340992503747,losing,False,115.29929426459398,False
pool1xn6rwtc6m7hnf66006uk3r0yp3yt5cq7u95esu3xg4mk52cva8w,LIVE,340.0,0.03,500.0,500.624074,509.631061,2.0,0,0.0,0.0,0.0,741.1111111111112,0.0,no_rewards,False,0.0,False
pool1xnaxushl47aeha3mr3uwnxcfkvzj0um6c4zxdr064d3y68z646c,ALPEN,170.0,0.0,0.0,4795.654826,656319.655154,8.0,0,0.0,0.0,0.0,741.1111111111112,0.0,no_rewards,False,0.0,False
pool1xnfhm27l9sts2mq85qp2dp0yhw5xw0nt7vxxaa4a89zngykvxu4,EMUR6,340.0,0.01,340.0,0.0,0.0,,0,0.0,0.0,0.0,741.1111111111112,0.0,no_rewards,False,0.0,False
pool1xpeupsjcwntlt78ak74kk9ymfhn2pac000yu9dp42qlpz58f0un,BAT,170.0,0.0,420.69,422.524743,10708.776174,5.0,0,0.0,0.0,0.0,741.1111111111112,0.0,no_rewards,False,0.0,False
pool1xpfe5q3v3axrjdc8h38taaa93frq3m9pfewxk46x4r6jgy2yj5n,MAPLE,200.0,0.05,100.0,118.301369,2509.402123,2.0,0,0.0,0.0,0.0,741.1111111111112,0.0,no_rewards,False,0.0,False
pool1xply0kq63yvhwl6v090yuf4mxwrq37rse75w69ddw4k7sxwnxd8,,345.0,0.99,100.0,117.322622,188.239958,4.0,0,0.0,0.0,0.0,741.1111111111112,0.0,no_rewards,False,0.0,False
pool1xpptvfwpqau6qg7j8e4qatkzeartxm7ezux95evgv4zm6xxd3px,,340.0,0.05,25000.0,2.007228,2.007228,1.0,0,0.0,0.0,0.0,741.1111111111112,0.0,no_rewards,False,0.0,False
pool1xrrrr8gldqz8pjxj6j8c638a9py04xuv66kfgn2dlsx9g52te0t,JP3,340.0,0.05,50000.0,56520.740646,12686180.163783,101.0,19,625.182798,4973.335825,5598.518623,741.1111111111112,0.8435749898050974,losing,False,374.5544179393833,False
pool1xru6f3fflzwkptgm68pncrsncg9ngllv0jk8jnz40m7wusfhazk,OASIS,340.0,1.0,0.0,5031.389035,20881020.302975,1643.0,22,6481.245778,0.0,6481.245778,741.1111111111112,8.745309145727136,strong,True,6481.245778,True
pool1xs34q2z06a46nk7hl48d27dj5gzc6hh9trugw2ehs9ajsevqffx,SNAKE,340.0,0.01,5000.0,10089.26243,55324109.375093,964.0,49,483.502703,13937.340749,14420.843452000001,741.1111111111112,0.6524024478260869,losing,False,221.04847331487244,False
pool1xsj9s3mfpztls97x7jjql0msmeh5v3wa5vyqhmmmsx8jzsqxrsv,,340.0,0.03,100.0,3151.305083,74503161.569544,4.0,71,958.146912,19958.608921,20916.755833,741.1111111111112,1.2928519052473761,edge,True,701.1077845963601,False
pool1xt0gxs63r5vgjsrzhm7jfuhuqzga9pf8kqvp38qmdzn3wjxudvr,,345.0,0.015,1e-06,2.228964,2.228964,1.0,0,0.0,0.0,0.0,741.1111111111112,0.0,no_rewards,False,0.0,False
pool1xt0z35f0ms6xt5r8swhtd2xcymqxvk42m8fk5q8fnw8hjhr6yax,,340.0,0.01,50.0,95.940954,97.510309,2.0,0,0.0,0.0,0.0,741.1111111111112,0.0,no_rewards,False,0.0,False
pool1xt7mjrtnsew3v33lu8sf93upf20sxhmcrfnpm82ra46yxk7uy45,ETO3,340.0,1.0,0.0,0.0,57000082.283388,1.0,67,19738.339418,0.0,19738.339418,741.1111111111112,26.63344149355322,strong,True,19738.339418,True
pool1xtrwqwu6jn896szjwsyxxjczl6hc9sq4lh5ax68f7dt3gc0y9rx,NERD2,340.0,0.04,2500.0,2500.0,2908834.798432,1095.0,5,386.255813,1086.768307,1473.02412,741.1111111111112,0.5211847551724137,losing,False,132.07443624836435,False
pool1xucruwwxsym3u9v0m4ex3az5d4vpz9xu877vsl9udpt0q237e9m,KLF,340.0,0.05,0.0,0.0,70024275.249265,4.0,72,1383.567491,19827.78233,21211.349821,741.1111111111112,1.8668826715142426,edge,True,1131.81749105,True
pool1xvaagsvl9prlr20hvg2qv434yss5c88r2ml6n43wcpepxmw85lj,DCONE,340.0,0.0,100.0,5229.422524,9370713.798879,67.0,5,340.632288,1132.378655,1473.010943,741.1111111111112,0.4596237769115442,losing,False,75.78017428245406,False
pool1xvfzclnwf0jyc9ekqmamshha9dmw8mpzd9ykgxjjpxnuwdv6mzk,PERK1,340.0,0.015,50000.0,68423.871581,69407.858617,42.0,0,0.0,0.0,0.0,741.1111111111112,0.0,no_rewards,False,0.0,False
pool1xwqye6mlftwjg706acz5fjqz7gmf4qdye99zsjl03a4ru68ghee,ANET,170.0,0.02,100000.0,735829.786948,2875811.413335,31.0,4,443.147069,735.701849,1178.8489180000001,741.1111111111112,0.597949568365817,losing,False,373.8684300458136,False
pool1xwy9ulstsdfwuh0q0jc76hjalvmh2mfal004ep6ka38k5z4zmh3,ZBP,345.0,0.02,5000.0,5007.027031,8490.580319,3.0,0,0.0,0.0,0.0,741.1111111111112,0.0,no_rewards,False,0.0,False
pool1xx3wxlhxu2l8qcvdvealhsry8r0ge966lmpp45ztkte77lx3qq0,,340.0,0.0,1000.0,0.0,903.951793,4.0,0,0.0,0.0,0.0,741.1111111111112,0.0,no_rewards,False,0.0,False
pool1xxhs2zw5xa4g54d5p62j46nlqzwp8jklqvuv2agjlapwjx9qkg9,SWIM,2000.0,0.0,0.0,6007.91814,13584036.011311,3108.0,14,2000.939587,2123.488016,4124.427603,741.1111111111112,2.699918483208396,comfortable,True,76.7909721037564,False
pool1xxjcu9djguspkrctjgszvzcagy7pzy8vxqfaqtl5xy9824fz2qg,BAND,340.0,0.03,1000.0,0.994008,0.994008,1.0,0,0.0,0.0,0.0,741.1111111111112,0.0,no_rewards,False,0.0,False
pool1xxvcz8dem4xufzn74v2y7fs709mfw3tpq963thzg5en5jrkv67a,DUBAI,340.0,0.03,100000.0,100016.617727,351058.244001,118.0,0,0.0,0.0,0.0,741.1111111111112,0.0,no_rewards,False,0.0,False
pool1xytvsd9qnvqxpthh9p8k85e823trvn3npxeur8kr9zhkqz5uls9,ADV,340.0,0.0,250000.0,254542.51035,72166189.765524,5058.0,78,419.929865,22580.839126,23000.768990999997,741.1111111111112,0.5666220067466267,losing,False,155.8631134556748,False
pool1xznpgmkfkf4f5wzks85z778v2s94vhmjxc60m8tphvypj6jp2w2,MGATE,170.0,0.999,2000.0,2387.264208,44430.609479,7.0,0,0.0,0.0,0.0,741.1111111111112,0.0,no_rewards,False,0.0,False
pool1xzpjn9f5nk52lnfzskuxey3r3h5fh8z78389qsd6vwyfcqum796,SLAV,340.0,0.0,100.0,101.376006,196.688199,3.0,0,0.0,0.0,0.0,741.1111111111112,0.0,no_rewards,False,0.0,False
pool1xzsckz6hd64pnle2c88e3gccccyfs7w6eauxuffpcc5sx2mtekx,ITRG,170.0,0.05,1000.0,3390.625033,41917.006186,16.0,0,0.0,0.0,0.0,741.1111111111112,0.0,no_rewards,False,0.0,False
pool1xzu4pva0k4y6geukd9uvvl3t3s8q8alzwahf575y5fj6cnkd5y2,,170.0,1.0,22000.0,50479.585041,3300309.402014,18.0,3,883.880981,0.0,883.880981,741.1111111111112,1.1926430028485755,edge,True,883.880981,True
pool1y046n8u3uz552nmhz9wx7jv2gn9lytyvwlntetkyavvq52nzqzs,PRIME,340.0,0.005,250000.0,36.313357,38.198719,2.0,0,0.0,0.0,0.0,741.1111111111112,0.0,no_rewards,False,0.0,False
pool1y0lq6rjckxxly36gf3wdsxzjzg97mq9c90una3vfq8pu77g7zkf,MESH,340.0,0.0,22629.391454,10.0,121135.163694,230.0,0,0.0,0.0,0.0,741.1111111111112,0.0,no_rewards,False,0.0,False
pool1y0mz6yevqk34gk4tml37a62h69tg59sfz6vslzv4sf5fvsjhvpw,,345.0,0.02,50000.0,0.0,16093.637749,8.0,0,0.0,0.0,0.0,741.1111111111112,0.0,no_rewards,False,0.0,False
pool1y0s5vwg2rdvfnynyhhgh08hdrd74p6rfhwxzvrxvfnrvjuddyf2,ILUKA,170.0,0.0,0.0,168.05761,168.05761,3.0,0,0.0,0.0,0.0,741.1111111111112,0.0,no_rewards,False,0.0,False
pool1y2433yepkpw5xwps004zlz23xuja9xp2ckplak5lp72qss37333,UPUP,340.0,0.01,50.0,99.430944,153.279888,4.0,0,0.0,0.0,0.0,741.1111111111112,0.0,no_rewards,False,0.0,False
pool1y24nj4qdkg35nvvnfawukauggsxrxuy74876cplmxsee29w5axc,ADACT,170.0,0.0,130000.0,154045.198244,673754.864616,96.0,1,198.516023,96.205831,294.721854,741.1111111111112,0.26786269970014986,losing,False,125.23651528996388,False
pool1y44fkeps7ftnnf495a7grfrwtt7hxcntaenyzu4x4vah5cud0mt,,340.0,0.02,340.0,40.052708,6137.984146,32.0,0,0.0,0.0,0.0,741.1111111111112,0.0,no_rewards,False,0.0,False
pool1y49e700dnx8lpvznmysgzw203mjq6l7um85ka4ys6x0zcwgs77w,NAP2,340.0,0.03,20000.0,21806.858754,5152218.521563,32.0,7,398.742484,1662.792523,2061.535007,741.1111111111112,0.5380333367316341,losing,False,142.75185444897704,False
pool1y4yyg9zq2000akup68w68r0m42td2h2h5cz282ua4u985nzszkv,HUADA,340.0,0.02,100000.0,100042.43095,100080.187162,4.0,0,0.0,0.0,0.0,741.1111111111112,0.0,no_rewards,False,0.0,False
pool1y53awxsm6cmksp8qht8qfq5f5c69t6mrgrdcresk5y0ecv2yj93,RAMEN,340.0,0.02,175369.0,175685.954872,5570857.546718,1032.0,4,382.719418,796.46449,1179.183908,741.1111111111112,0.5164130077961019,losing,False,131.2094497404727,False
pool1y6gnk7t3n6rvpr67f68mehxgqs5x24n0esz9l5j7m4aqzn4e0qw,,340.0,0.03,0.0,66218.753498,58947880.16356,2.0,57,851.496724,15940.821884,16792.318608,741.1111111111112,1.148946104347826,edge,True,594.7354804592514,False
pool1y6z9q5hgneup3j5s40jauhd6wq6qux7gkcfwnzfaynnsu0edy2g,Pool,340.0,0.03,100.0,2173.973909,41601394.550377,2.0,43,710.461726,11957.43265,12667.894376,741.1111111111112,0.958644008095952,losing,False,453.425159042443,False
pool1y89sy2e927hvvt66wnukx5xnnrarzxrt55eypttaw3n06u0uam4,BBO,240.0,0.01,10.0,10640.550809,513380.749063,145.0,0,0.0,0.0,0.0,741.1111111111112,0.0,no_rewards,False,0.0,False
pool1y8g5sk4maqzpg6k04t0e8x296xtumuph7k4ya8rsfqh9xhc5a7h,APULR,345.0,0.05,100.0,101.421657,767.476074,3.0,0,0.0,0.0,0.0,741.1111111111112,0.0,no_rewards,False,0.0,False
pool1y90zp3ysrwzttwqhm2gjc7gp4d7tg2n6zsw3sp3lyk7vjxc56d6,BROI,340.0,0.025,50000.0,0.0,0.0,,0,0.0,0.0,0.0,741.1111111111112,0.0,no_rewards,False,0.0,False
pool1y9rdlv5tksudwrx47afjx47grd4tyh24zccffjtp32u0cfpegvk,SPP,390.0,0.5,100.0,398.167164,3325286.078824,33.0,7,1226.207795,836.007552,2062.2153470000003,741.1111111111112,1.6545532466266866,edge,True,1068.7266473086015,True
pool1y9xftc4cq0svcv0gjdtusnvllrg5v5rn0d24g8r4m7tnsem6ve8,IOGP,500.0,1.0,64000000.0,0.0,0.0,,0,0.0,0.0,0.0,741.1111111111112,0.0,no_rewards,False,0.0,False
pool1yc6f3cqsc7jfh07hcns64v5cp8720mve870pgxf2wkr3u8l7tse,HYPER,170.0,0.018,300000.0,401373.443001,30181757.738412,3396.0,30,439.539475,8407.561163,8847.100638,741.1111111111112,0.5930817503748125,losing,False,347.4541695713666,False
pool1ycksh8m4ees8jf6f9muvpqxmprj7j2wk72h2qxcn7ykswv408w6,,345.0,0.15,2000.0,2002.623942,7050.428078,5.0,0,0.0,0.0,0.0,741.1111111111112,0.0,no_rewards,False,0.0,False
pool1yd67ecxptd70flavhu9m4x9pj460fpy3pttlcfs5wvjlwzs79vw,APRIM,400.0,0.02,490.0,5.154646,5.154646,1.0,0,0.0,0.0,0.0,741.1111111111112,0.0,no_rewards,False,0.0,False
pool1yd67lvc04eztwrpnefqh3g4dsydmezwgrg6ce4km728v6sg8zwf,FRADA,170.0,0.02,50000.0,91354.284305,1507552.765073,198.0,1,179.89601,114.761108,294.65711799999997,741.1111111111112,0.24273824437781105,losing,False,92.43765190344467,False
pool1ydcx8pf36rttvgyak63kqpgkqgrwp94k6a723zsxer0sja9t3d8,,340.0,0.01,2000.0,2491.88882,2491.88882,1.0,0,0.0,0.0,0.0,741.1111111111112,0.0,no_rewards,False,0.0,False
pool1ydgmfmxpuateqwz028lpgypsdchs5m0tzes732qdragdg4jp0uf,1FOC,340.0,0.002,26.0,26.631686,39.983004,3.0,0,0.0,0.0,0.0,741.1111111111112,0.0,no_rewards,False,0.0,False
pool1ydz2znwyh3409v55r3psgc70w2ykvqjkkagx3f5ep96vgp0vlmr,,340.0,0.01,10000.0,10746.446871,17853.779131,3.0,0,0.0,0.0,0.0,741.1111111111112,0.0,no_rewards,False,0.0,False
pool1ye4zrxf0w7d7drq5wmat36dlzq270dxy9rhgcwufnaja644vwr9,NUFIH,340.0,0.03,1000.0,1007.81601,18962.062967,11.0,0,0.0,0.0,0.0,741.1111111111112,0.0,no_rewards,False,0.0,False
pool1ye53d6kl460egekdnunjl4tx5zhs5puze8nqkfxyjuae7364w74,,345.0,0.06,0.0,0.0,147.661322,3.0,0,0.0,0.0,0.0,741.1111111111112,0.0,no_rewards,False,0.0,False
pool1yechqtexl9r7esg5scwynqalmjrpd5l69wkwrrw54y0x26eljpq,ICRYP,170.0,0.03,100.0,202.349,1584.279164,6.0,0,0.0,0.0,0.0,741.1111111111112,0.0,no_rewards,False,0.0,False
pool1yemdr25t4g3ev038yn433dt58d8p52nee7kmcykjlhye6hshu9m,AA2,340.0,0.99,20000.0,0.0,305514.840437,49.0,0,0.0,0.0,0.0,741.1111111111112,0.0,no_rewards,False,0.0,False
pool1yet04d4ykpp7me8uc2jx2glxrx88kt9uhmv6jeh7xkmtu5zucna,AUTO,170.0,0.0,100.0,100.0,274276.115049,211.0,0,0.0,0.0,0.0,741.1111111111112,0.0,no_rewards,False,0.0,False
pool1yfacynd0va3rw27tjldfz05f6hfjhfv36wwdhn3dy2hfqq00w8y,PARAD,170.0,0.01,50000.0,62680.039603,103157.35999,27.0,0,0.0,0.0,0.0,741.1111111111112,0.0,no_rewards,False,0.0,False
pool1yff3j4xqhmunrccjsdh0u9qxrws7xdqhagjx5lqktklwj67u5s3,CDNC,340.0,0.02,25000.0,48065.845166,131290.813771,31.0,0,0.0,0.0,0.0,741.1111111111112,0.0,no_rewards,False,0.0,False
pool1yfxhjwwlzr5da82h77jy83nkuryh970ey6zypd89fy6qyuxfppe,,340.0,0.025,1000000.0,9.825875,9.825875,1.0,0,0.0,0.0,0.0,741.1111111111112,0.0,no_rewards,False,0.0,False
pool1ygamv2t9lw03khcxpe75rjd4p8lnn36hux3deeg3hrc3jwrx43z,IOGP,500.0,1.0,64000000.0,0.0,0.0,,0,0.0,0.0,0.0,741.1111111111112,0.0,no_rewards,False,0.0,False
pool1ygmlrra5qn95zw6afntvzxpdpzz67vtqjr4dmslerua2c092a6j,SSLDN,340.0,0.02,2000.0,2012.598774,28467.273615,7.0,0,0.0,0.0,0.0,741.1111111111112,0.0,no_rewards,False,0.0,False
pool1ygrwdlhn46gehyay2duxp8ynh57drxg0lgf9huymxlpvukdv0k6,NAKED,340.0,0.02,0.0,2.625614,2.625614,1.0,0,0.0,0.0,0.0,741.1111111111112,0.0,no_rewards,False,0.0,False
pool1ygsyw93csvam58nf63gttknj9dvj3zxh54h4eh0kals7kdf0nx6,ELDEN,170.0,0.0,1000.0,38622.69101,1875360.672043,51.0,1,172.566179,122.037015,294.60319400000003,741.1111111111112,0.2328479176911544,losing,False,79.52268538692945,False
pool1yh7ksvg54nger73ldnf22cgwyh0dnm4aerahdd0kdukjqeacy32,,340.0,0.05,0.0,0.0,53282186.152522,25.0,53,1103.695514,14510.21476,15613.910274000002,741.1111111111112,1.4892443217391302,edge,True,851.9455137000001,True
pool1yj9xduuwzvdkcwm2mc9x893zq684x7pyah4ja8zmzplgvxz6wgk,SPIR2,340.0,0.0,250000.0,253666.136809,19161704.55593,572.0,10,374.536326,2562.499973,2937.036299,741.1111111111112,0.5053713544227885,losing,False,112.88815808402501,False
pool1yjeekxeu402msk7pnj9vkrtr9glf95jd2tzwwrld309m2flq7yu,,360.0,0.05,100000.0,0.0,0.0,,0,0.0,0.0,0.0,741.1111111111112,0.0,no_rewards,False,0.0,False
pool1yjz9nhtlvnl9rx46t2kfufwxd338m0kw0jxaj86pqfthse837z8,ADM,340.0,0.01,5000.0,101.831463,951.058658,3.0,0,0.0,0.0,0.0,741.1111111111112,0.0,no_rewards,False,0.0,False
pool1yl76e0fhq0kcfy2jqs2mt6hl9xeyrnesehqp0p4s896lwv7hrta,1PCT9,340.0,0.01,50000.0,53307.727934,333920.146695,124.0,0,0.0,0.0,0.0,741.1111111111112,0.0,no_rewards,False,0.0,False
pool1ylcl727memzjqypjaxg0jl0l40l3gy3vmtt0llwpjufwwdmptks,,340.0,0.03,200.0,201.0,201.0,1.0,0,0.0,0.0,0.0,741.1111111111112,0.0,no_rewards,False,0.0,False
pool1ylhh4u260wz52zpct0ce8txh8alm0zmjaf4fn69yz09xs68y70v,,340.0,0.075,0.0,1.434673,1.434673,1.0,0,0.0,0.0,0.0,741.1111111111112,0.0,no_rewards,False,0.0,False
pool1ylkps8vax4nzxe507a0mx2svu3p8w2mkvdhyjqu7rl78q9rehh9,,340.0,0.0,100.0,447.564264,612.166543,4.0,0,0.0,0.0,0.0,741.1111111111112,0.0,no_rewards,False,0.0,False
pool1ymmhkw7r5xj372w7gwel66fwtvqw4uv08j0fs2wycee96qv32j5,NBLRN,170.0,1.0,100.0,122.078687,122.078687,1.0,0,0.0,0.0,0.0,741.1111111111112,0.0,no_rewards,False,0.0,False
pool1ymqwfp9p8m6g09a6ca0mkm0nmc0ezgnvhtj0vpsvnmyjvy8zh7z,EMGAL,170.0,0.005,500.0,547.629794,547.629794,1.0,0,0.0,0.0,0.0,741.1111111111112,0.0,no_rewards,False,0.0,False
pool1ynxx88cq0y8vg8yrq3jrw6epm7rq9a8859v34sq9lzjy7ztg90u,EVE,400.0,0.04,1000.0,1496.696377,43567783.909423,25965.0,37,820.359058,10063.165163,10883.524221,741.1111111111112,1.1069312626686656,edge,True,507.697424791785,False
pool1yqd4ln05uj7qd0fs657yufwa29an8lu49farezn0x6a9xph9h49,,340.0,0.05,3000.0,1.0,1.0,1.0,0,0.0,0.0,0.0,741.1111111111112,0.0,no_rewards,False,0.0,False
pool1yqw3cxc8c9v34305ccz5sx5r4c7tx04ph4w2x8n2hczhurt9j0h,,345.0,0.01,10000.0,0.0,0.0,,0,0.0,0.0,0.0,741.1111111111112,0.0,no_rewards,False,0.0,False
pool1yr0cv3dtmhcfgqa6yetvmf769ngk89e6tepecmjrmjl2jzcw2lm,EASY1,170.0,0.0,200000.0,212188.98176,36982003.989568,1222.0,42,240.072696,12142.744538,12382.817234,741.1111111111112,0.32393617151424287,losing,False,145.61767683837044,False
pool1yraracv4ntq9azvjw2nkw8g4xluujalz8fpt2stz8rw6k0zueuv,,340.0,1.0,5210000.0,5558095.162523,5558095.162523,1.0,3,886.11864,0.0,886.11864,741.1111111111112,1.1956623328335831,edge,True,886.11864,True
pool1yrprrg6segrjprav2xjnvtgl57w6er3ttjskg70fjtwc524u0k4,SORA,170.0,0.01,500.0,1206.074434,1206.074434,1.0,0,0.0,0.0,0.0,741.1111111111112,0.0,no_rewards,False,0.0,False
pool1yrqqa03ea5fdh5hnap99k4actjtj6ypeeauuwrvf8d3zw9ywvye,,340.0,0.0,100000.0,105784.616973,223369.624235,25.0,0,0.0,0.0,0.0,741.1111111111112,0.0,no_rewards,False,0.0,False
pool1yrycp4fjyd0al60xw826jdju35zazqmfny53r07efucuvlvnej7,,340.0,0.01,10000.0,0.0,11124.857359,7.0,0,0.0,0.0,0.0,741.1111111111112,0.0,no_rewards,False,0.0,False
pool1ysnxzyr2ck49pxafgq52tt8wzdhpcsqw3jxdftf7u2whgtmry3k,MPN,345.0,0.15,100.0,1.439125,222.264982,4.0,0,0.0,0.0,0.0,741.1111111111112,0.0,no_rewards,False,0.0,False
pool1yt868wrp9s2x5pehe96del9m3nwasme62yw02vww3kg6zwzspcz,XRAY3,340.0,0.01,100.0,851.572072,9402940.437783,3143.0,10,366.293872,2577.096684,2943.3905560000003,741.1111111111112,0.49424960239880056,losing,False,103.9410820137049,False
pool1ytfsdx0zjdum8qwrk6urv6u6gxvlnd3r93j8p8ckj57wz3aaudu,CATS1,342.0,0.0,100.0,1001.592742,5805.804939,3.0,0,0.0,0.0,0.0,741.1111111111112,0.0,no_rewards,False,0.0,False
pool1ytszp582dm9u5un6mevt9czgcnuqhflwfr9ly4ukpeqcughryqh,LEGA,340.0,0.02,800000.0,929298.01489,4944386.247584,80.0,0,0.0,0.0,0.0,741.1111111111112,0.0,no_rewards,False,0.0,False
pool1ytyw34lckr8k9dhn59h287wqry5lk6waqtfhxe6v94v4gsaa7vx,CZBE1,340.0,0.01,10000.0,40526.713752,559100.637812,24.0,0,0.0,0.0,0.0,741.1111111111112,0.0,no_rewards,False,0.0,False
pool1yu9y9qvqu2d399qvzcy2ugnrsw4vh8uzsufq8jhyfrsjk563jqc,VHOSS,340.0,0.02,500.0,518.512949,518.512949,1.0,0,0.0,0.0,0.0,741.1111111111112,0.0,no_rewards,False,0.0,False
pool1yuq5ck8d6fssa3ju004wn9nap3ll06hd60a6tau4ptj8sqhtgsn,MIDFI,340.0,0.0,22000.0,38377.46739,296471.711481,22.0,0,0.0,0.0,0.0,741.1111111111112,0.0,no_rewards,False,0.0,False
pool1yv4s4v3rjgzfwj4zxm8sy24e2vq6zaexp8eudyrk9rx7yhwaxke,MERK,340.0,0.025,10000.0,10538.623483,12457.455168,6.0,0,0.0,0.0,0.0,741.1111111111112,0.0,no_rewards,False,0.0,False
pool1yv8lps0rx4xxppwpm0vea852wwu6lg78xh3qfss7dmftq2gqy3r,MADA,340.0,0.0055,100.0,100.61875,941.459492,4.0,0,0.0,0.0,0.0,741.1111111111112,0.0,no_rewards,False,0.0,False
pool1yvf4nxph69ztm0tgj73ummxq45kfjhecyad26e3xc2002xgzalg,CCV4,340.0,0.03,500.0,503.122459,26330288.663834,3225.0,26,559.725736,7094.259142,7653.984878,741.1111111111112,0.7552521175412292,losing,False,302.5100219280389,False
pool1yvwry5gmqta5tug7gjmfr33c2whdjf88tfykqckaxsdcgcd482q,ZENA,340.0,0.025,1000.0,3585.830129,24945.338267,5.0,0,0.0,0.0,0.0,741.1111111111112,0.0,no_rewards,False,0.0,False
pool1yw05sn4p9972p6lsdw9g4twvwxdf72rqtfuvwn0wp736vh4azfn,TLB,350.0,0.025,60000.0,94.57784,104.596453,2.0,0,0.0,0.0,0.0,741.1111111111112,0.0,no_rewards,False,0.0,False
pool1yw8qh0jnnl6eumgzt77fulfhgmyzda39zcndgvyc27ffu6jeh5w,,340.0,0.01,3.0,4.613646,4.613646,1.0,0,0.0,0.0,0.0,741.1111111111112,0.0,no_rewards,False,0.0,False
pool1ywpt43nttzjd7883wafg255mh0hmjypwe65ercw6p2sxg5lt7ez,EVE4,400.0,0.04,1000.0,1496.019088,42746454.499379,31255.0,42,879.335685,11468.9755,12348.311185,741.1111111111112,1.1865099197901048,edge,True,566.3448012127297,False
pool1ywt7jqfsmxg0yplku4mtdwtm476rp72z6fns9mhevf7u72pkupj,UNIQ,340.0,0.03,1000000.0,1107292.894106,1266169.987413,17.0,0,0.0,0.0,0.0,741.1111111111112,0.0,no_rewards,False,0.0,False
pool1ywwtv7clgpjs88ysgpcntc6gemlrsy4037eulquswmtlv55cuzx,NIANO,340.0,0.0,1000.0,1299.718599,334983.467732,557.0,1,294.603215,0.0,294.603215,741.1111111111112,0.39751558245877056,losing,False,75.8520491619128,False
pool1yy7vaszhqx7h02rp8ey0p84yy5zv2r2awzddzceeaurrs8klzxt,FFR,340.0,0.0,25000.0,62725.562131,560422.041988,25.0,0,0.0,0.0,0.0,741.1111111111112,0.0,no_rewards,False,0.0,False
pool1yydna77k2j8yq4fw08d202z664g3fvavfvqjg5g4lxmwzsa9k9u,,340.0,0.02,100000.0,0.0,0.013127,1.0,0,0.0,0.0,0.0,741.1111111111112,0.0,no_rewards,False,0.0,False
pool1yyv7vx5zhhsd60jp4tl72vpznwvpvjp35m4z7jr42ugkxmndyv5,AZTEC,340.0,0.02,5000.0,12404.009796,1063108.825415,199.0,0,0.0,0.0,0.0,741.1111111111112,0.0,no_rewards,False,0.0,False
pool1yz3fnqnsqhqpkc2tjqn4dkws8nnr8a5kcs50g780nh0wk8tgnp2,ADAES,170.0,0.02,100.0,1150.170096,121474.055092,84.0,0,0.0,0.0,0.0,741.1111111111112,0.0,no_rewards,False,0.0,False
pool1yzd344e32exxzjnjet4l466zcfnte5rnzveywvztxdxug2yu7m4,FAT,340.0,0.02,41000.0,52702.613912,86563.559386,5.0,0,0.0,0.0,0.0,741.1111111111112,0.0,no_rewards,False,0.0,False
pool1yze2j2m286u2evnsphkaz3uyx805wxrg9qqn9ftns43kypl45kq,SILEM,170.0,0.0,250.0,801.046031,1173.718794,2.0,0,0.0,0.0,0.0,741.1111111111112,0.0,no_rewards,False,0.0,False
pool1yztpevpmfyyz2eu4dklmgfx8g0q0vme7ppdsnawcpnwxs3vfxy7,,340.0,0.06,2.0,44.454085,44.454085,1.0,0,0.0,0.0,0.0,741.1111111111112,0.0,no_rewards,False,0.0,False
pool1yzu4lp7f8ua7negffj8mmwfylx4ckhsu00a4gtf630rlcwnl7gd,,340.0,0.2,50000.0,0.0,380.119872,7.0,0,0.0,0.0,0.0,741.1111111111112,0.0,no_rewards,False,0.0,False
pool1z033qtxzsn7c9az4fzz8z0ewnynzcuq2dy54v6tfyqz5vfjkmv0,TILIA,340.0,0.02,100.0,1313.079088,1313.172885,2.0,0,0.0,0.0,0.0,741.1111111111112,0.0,no_rewards,False,0.0,False
pool1z075ym5pdu9cmeqzassp97z36ctkvuvg7pcxjzluyv5zqgau4xg,,340.0,0.012,5000.0,0.96975,1097.287644,5.0,0,0.0,0.0,0.0,741.1111111111112,0.0,no_rewards,False,0.0,False
pool1z26udkezqtry8xtca2u9f807ptf0llcv70rnr3j2357gqgrs79f,TIG,340.0,0.01,48400.0,190.425486,190.425486,4.0,0,0.0,0.0,0.0,741.1111111111112,0.0,no_rewards,False,0.0,False
pool1z2afpmku5v8yapjf29s3w6m0yk6gc49ytpngscum5nmjz2d8aah,FHLN1,340.0,0.01,10000.0,10419.483385,162736.774442,2.0,1,294.612778,0.0,294.612778,741.1111111111112,0.39752848605697144,losing,False,91.11657804305368,False
pool1z39sker5renxhep9m7z8aae2yh56940gwykptfcf053473mwy8t,KYOTO,340.0,0.01,50000.0,73275.408708,435837.118781,47.0,0,0.0,0.0,0.0,741.1111111111112,0.0,no_rewards,False,0.0,False
pool1z44fjvz77atzgwcwmwtls7skggnczlx8e30pugqn6ugajjrzgc3,,340.0,0.05,1.0,27.624822,27.624822,1.0,0,0.0,0.0,0.0,741.1111111111112,0.0,no_rewards,False,0.0,False
pool1z46azf72z9yjlq6rpngwn5syg5xup8jcwguu2t259ngl5cnv2ds,BNP,345.0,0.06,2.0,55972.860871,32268510.413106,14.0,28,832.118907,7416.739414,8248.858321,741.1111111111112,1.1227991248875562,edge,True,578.7591482589785,False
pool1z4d4s883ul7h6vsrmg9s3t64df2vcx02h8tqtm8sq5yqw62pu44,SEOUL,340.0,0.0,580.0,598.620245,782.05456,4.0,0,0.0,0.0,0.0,741.1111111111112,0.0,no_rewards,False,0.0,False
pool1z4f2vmmwckcm6c4fmhn3vmymhsg8gjukx5905g54hlhqs9kaht9,LIVIN,170.0,0.015,50000.0,55483.003499,609949.921582,24.0,0,0.0,0.0,0.0,741.1111111111112,0.0,no_rewards,False,0.0,False
pool1z59y9zk6kvyzl9fv7evxpnry8sk6ymxuee0lc6kw2rkvzh6f077,TPM,340.0,0.045,100000.0,2.623282,2.623282,1.0,0,0.0,0.0,0.0,741.1111111111112,0.0,no_rewards,False,0.0,False
pool1z5h4jhmhqrd2ndrhn3w7kr8nvcqwunds53hrs6vpzr882x4n3la,SDA,345.0,0.035,100.0,102.2287,102.2287,1.0,0,0.0,0.0,0.0,741.1111111111112,0.0,no_rewards,False,0.0,False
pool1z5rt6kn6yvuczj44qla73mfyln9l55lw0jkz6x4kjw00u32zec3,,340.0,0.99,0.0,0.0,7200223.257221,1333.0,5,1461.680298,11.329457,1473.009755,741.1111111111112,1.972282261169415,edge,True,1459.02965745,True
pool1z5uqdk7dzdxaae5633fqfcu2eqzy3a3rgtuvy087fdld7yws0xt,OCTAS,340.0,0.009,50000.0,478268.607208,57045426.478407,5219.0,46,568.720519,12977.147458,13545.867977,741.1111111111112,0.7673890061469264,losing,False,308.16105297119003,False
pool1z724xxqgzf9a30eejsa4edznmv8hgy27ssxqfcpqz42sc6lfqwu,YYC,340.0,0.02,10000.0,22173.033306,117044.474006,17.0,0,0.0,0.0,0.0,741.1111111111112,0.0,no_rewards,False,0.0,False
pool1z7n2ruhmxmv77f6cqhd3wsy6774h2wuay77agxuf2y9mj8q55vw,1PCT2,340.0,0.01,50000.0,64025.723033,51819587.955457,1113.0,42,475.078784,11899.614,12374.692783999999,741.1111111111112,0.64103584047976,losing,False,213.0418517211726,False
pool1z9m2kxeat06t30yf6ar7sqpert0cjdgxzcv2dv36dcwcqcqtgk4,,340.0,0.99,0.0,0.0,12751037.620728,2399.0,11,3211.61666,29.005094,3240.6217540000002,741.1111111111112,4.333515733133433,comfortable,True,3208.9655364600003,True
pool1zc5l0d0j9d0969z7ssphjdq7rfexhnhrfdp2e88sv05ujlaxfk3,WWW,340.0,0.999999999999999,1.0,41171.677195,524969.208121,7.0,0,0.0,0.0,0.0,741.1111111111112,0.0,no_rewards,False,0.0,False
pool1zc7vxe3ymyej76h8wu8gm79chtt7w9c3adkza4uhrjvagr9w4zp,KRSNA,340.0,0.025,5000.0,5137.602487,6242882.273459,785.0,2,346.430354,242.784797,589.215151,741.1111111111112,0.46744725427286354,losing,False,88.26797460811632,False
pool1zcdptx4spapxquc0rpeu33ucc3x08g9wxsmm0qchqg0dgxrh6g7,,340.0,0.01,100.0,516.425793,516.425793,1.0,0,0.0,0.0,0.0,741.1111111111112,0.0,no_rewards,False,0.0,False
pool1zcdwn5z04gw7m0n7qzwx9gqn8a9l3wfcvejc3wrdxfuhc88usua,MASAI,340.0,0.035,1000.0,1007.477141,1032.212606,3.0,0,0.0,0.0,0.0,741.1111111111112,0.0,no_rewards,False,0.0,False
pool1zd5jmdvhgcqja28at800tle5qltucce5979x3jgdv0g9qcmw268,,340.0,0.01,100.0,161.673712,288.527792,2.0,0,0.0,0.0,0.0,741.1111111111112,0.0,no_rewards,False,0.0,False
pool1zd728035u3406eff69h9a8gj8tg927qe62xwvg4leghwvs5hhmv,AZSUN,345.0,0.0,100.0,202.625746,207.832165,3.0,0,0.0,0.0,0.0,741.1111111111112,0.0,no_rewards,False,0.0,False
pool1zdl39pvapcaj5um8nyduaq2vmn64dqwz4qlhnzurnca8zetk74s,MRBEE,170.0,0.01,83350.0,87018.66106,172517.002538,12.0,0,0.0,0.0,0.0,741.1111111111112,0.0,no_rewards,False,0.0,False
pool1zdn25g5v2qlcnerghvj60djfzzex9q6aysr3mdqz37x7qryesjj,FLAT,345.0,0.07,150.0,536.789741,14048.722416,3.0,0,0.0,0.0,0.0,741.1111111111112,0.0,no_rewards,False,0.0,False
pool1zdtqtsu3l3ytatzyvrq48d4mpnll9c5evwfq6taxkmn9vvdz839,RANKT,340.0,0.008,10000.0,19413.259664,16193625.019773,111.0,13,372.070186,3457.904896,3829.975082,741.1111111111112,0.5020437292353822,losing,False,109.50533173752308,False
pool1ze57pe06f82s3v8ugjqxrny56sj63vs26sm5q879ahkkq69zn0c,,340.0,0.0,10000.0,0.0,3520.782752,9.0,0,0.0,0.0,0.0,741.1111111111112,0.0,no_rewards,False,0.0,False
pool1zeamhwsgj7n5wh499krl3dn2dp94tmeeh53q6g2jlm60jag2jwm,SBP3,340.0,1.0,0.0,7.456549,50000010.043149,2.0,49,14435.501962,0.0,14435.501962,741.1111111111112,19.478188554422786,strong,True,14435.501962,True
pool1zevtw8lsd6xh45v2mfw3ay5rqtgyt5dm77daglqwjnpgjgc0ynp,,340.0,0.0,400.0,890.431425,998.257168,2.0,0,0.0,0.0,0.0,741.1111111111112,0.0,no_rewards,False,0.0,False
pool1zeya2r53sxmqh2ux3ssfsrqerergnw2hjxmp63r83ntwverpqwm,NICE,340.0,0.01,100.0,2341.525475,351261.147459,28.0,0,0.0,0.0,0.0,741.1111111111112,0.0,no_rewards,False,0.0,False
pool1zf7aswkv5ll0ej9fcg45jf6cqt2ee7tn3l2wq6zyx05t7a5srus,,340.0,0.1,500.0,500.0,15660.7428,2.0,0,0.0,0.0,0.0,741.1111111111112,0.0,no_rewards,False,0.0,False
pool1zfd0gl76h3f0ammgp4gu0qvt99qcqkn5a895wv0q779d6p9dz5u,TDSP,200.0,0.0,20000.0,60002.011455,115478.445794,12.0,0,0.0,0.0,0.0,741.1111111111112,0.0,no_rewards,False,0.0,False
pool1zfhww5y28t303z6uyq3w47pkhfmxww9dsn89vrxteplg2zjkekl,CARE4,170.0,0.05,150000.0,155416.164863,1008268.820054,169.0,2,252.403466,335.947091,588.350557,741.1111111111112,0.3405743919040479,losing,False,175.83976818091128,False
pool1zga7fc8swn5l4rha04ddq07m2rc8rh9vxqmc56j4k2l2xy4lw22,SHUA,340.0,0.019,1000.0,15034.167539,432709.188215,251.0,0,0.0,0.0,0.0,741.1111111111112,0.0,no_rewards,False,0.0,False
pool1zgjk3dzwcwd02juqntuzknr368hvxjxy8l8uzkxvgu4252d7ekf,,170.0,0.03,100.0,2719.122559,73385757.053698,3.0,66,748.905061,18694.839797,19443.744858000002,741.1111111111112,1.0105165740629685,edge,True,656.7584755259616,False
pool1zgxvcqf0dvh0ze56ev2ayjvuex3zdd3hgxzdrcezkx497mv3l7s,RSTK,400.0,0.04,1000.0,1497.137029,58637804.212983,30195.0,62,1115.053879,17091.384549,18206.438427999998,741.1111111111112,1.5045704514242877,edge,True,800.701950724755,True
pool1zgzyp6nt5084e8renptskpyaksd79uvl4hrfvnszpxyfzdt86k8,CBOSP,340.0,0.01,4000.0,12194.217427,16427.714276,15.0,0,0.0,0.0,0.0,741.1111111111112,0.0,no_rewards,False,0.0,False
pool1zj4h7kc6v53q9r8x3fwzfuayf2frwme8u5k86gu0uzeeuvqxgul,CHEEK,340.0,0.03,10000.0,10743.367467,8461324.693461,1467.0,12,439.796292,3095.564564,3535.360856,741.1111111111112,0.59342828005997,losing,False,183.0726465772604,False
pool1zjjr7qm06ywwwd03fpc40u24uxt3kruesr6knpmdzj3ejxytjf0,,340.0,1.0,0.0,0.0,0.0,,0,0.0,0.0,0.0,741.1111111111112,0.0,no_rewards,False,0.0,False
pool1zk6uxgptztrxxamzd0ugrtu84xg8mjymd2xcdvxqazpruqt9r3x,OCEA1,500.0,0.039,4000.0,10099.619366,3845127.203154,616.0,3,515.9378,367.8516,883.7894000000001,741.1111111111112,0.6961679460269865,losing,False,108.58430422324368,False
pool1zkdaju2rjefa52uh6yh6etsxla0x6aqs6p6wm245y5szk7k3msd,A3C,340.0,0.025,15000.0,16025.017691,1611761.387348,634.0,1,294.61902,0.0,294.61902,741.1111111111112,0.39753690854572704,losing,False,82.61945919491693,False
pool1zkdc6ve9nndk7vxnjlalhqt4hr5h8auz5qzjk7lrjrqtv23yuy5,CLOVR,170.0,0.01,101000.0,101416.98451,60386032.505086,1435.0,45,322.69101,12937.057733,13259.748743,741.1111111111112,0.43541515592203894,losing,False,228.76954174504723,False
pool1zlsrcv64qzzahdky99r3e2m0wd68uav3d7f5nxegalhj66r8nnj,,340.0,0.0,100.0,104.493534,104.493534,1.0,0,0.0,0.0,0.0,741.1111111111112,0.0,no_rewards,False,0.0,False
pool1zm5nqvrdwmslk682d9qemd9fn8htg2rxlprxjuh0ae5l6sqzz3h,ADVAN,170.0,0.0,61000.0,63044.258887,291128.64466,6.0,0,0.0,0.0,0.0,741.1111111111112,0.0,no_rewards,False,0.0,False
pool1zm5qw9r7fz25t2epjgvzynsj3gp5puxcwy7363zy3265ujndfaw,,340.0,1.0,76800000.0,76898309.065866,76898309.065866,1.0,85,32418.818164,0.0,32418.818164,741.1111111111112,43.743532755022486,strong,True,32418.818164,True
pool1zmfpd5r5vfwjmwm4cgy53exe58h7plnecny3t4948yw7zumzp4c,ALPS,340.0,0.025,75000.0,80134.559039,13172027.710692,5814.0,7,393.289271,1668.652846,2061.942117,741.1111111111112,0.5306751782608695,losing,False,136.45929810652993,False
pool1zmhvvzlqp0xrhhqjhxyvfuct83wk4w85jckfkypz4fskcjzze2x,ASC,170.0,1.0,1399.0,15236.282403,6518417.629273,4.0,5,1473.018374,0.0,1473.018374,741.1111111111112,1.9875810143928034,edge,True,1473.018374,True
pool1zmj5rkpvhdknscjrgul4cxw4xhaqfhfcjqv9kffmhd0zvdx6rvd,TMHH,340.0,0.01,2.0,5.223772,5.223772,1.0,0,0.0,0.0,0.0,741.1111111111112,0.0,no_rewards,False,0.0,False
pool1zmtm8yef7725p9n7x433m50kvv9xpzjujnny9m5t960g5qm30ua,1PCT1,340.0,0.01,50000.0,51240.587872,200499.131785,60.0,0,0.0,0.0,0.0,741.1111111111112,0.0,no_rewards,False,0.0,False
pool1zn4wnk52kmfjy9mw4z85p6wn9kzrn94l9h5gys8r2k2w57mdnhh,ENVY,170.0,0.0,1000.0,105948.300852,614062.652958,52.0,0,0.0,0.0,0.0,741.1111111111112,0.0,no_rewards,False,0.0,False
pool1zn9hjcmfddhcp2aj9xxuvz7z40rasyatkgavr8ryyz72qdfwtrj,PLUSH,340.0,0.01,250000.0,266594.867229,28338142.411168,2637.0,28,492.901406,7763.888702,8256.790108000001,741.1111111111112,0.665084355922039,losing,False,233.01947363654872,False
pool1znp7z30qfdgwcwel4htqmwapfm2h05ml32ttt8znevtz2vwnqwt,,340.0,0.0299,500.0,602.616946,607.393771,2.0,0,0.0,0.0,0.0,741.1111111111112,0.0,no_rewards,False,0.0,False
pool1zpkqlcpu5gyk0s5e9263y5n7vzmkgrtpca0u4xpxan02w8ld0nr,,340.0,0.0,5000.0,0.0,37100.472832,196.0,0,0.0,0.0,0.0,741.1111111111112,0.0,no_rewards,False,0.0,False
pool1zpsk3ql6qgzkgqncrlzulf9dype3km52rcdnajn5ttddwhhc3vj,,340.0,0.02,5000.0,6734.321082,6734.321082,1.0,0,0.0,0.0,0.0,741.1111111111112,0.0,no_rewards,False,0.0,False
pool1zqcz8zt9v07ygj06zr28lwm85s20f6w2qdcdltjyd0wuklydqnd,GCP,340.0,0.0,1000.0,1038.414281,2771.955524,4.0,0,0.0,0.0,0.0,741.1111111111112,0.0,no_rewards,False,0.0,False
pool1zsasyr8lvmw6w2ds8h05ppxknphk45c9q76vz7wwvf9dvl0d3x9,ERBIL,340.0,0.03,1000.0,1047.43063,1414.368751,4.0,0,0.0,0.0,0.0,741.1111111111112,0.0,no_rewards,False,0.0,False
pool1zsfyca7vnftr3ywzhwq07whjev9nau2j65mq6kehnpvvccstlzz,GARU,345.0,0.05,6350.0,2.0,12.851369,3.0,0,0.0,0.0,0.0,741.1111111111112,0.0,no_rewards,False,0.0,False
pool1zsjkw3y0kyhce6esgat3r3vec9z9rwud79lpv00u84646pu7rvf,NETSC,340.0,0.0,100000.0,0.0,7875.024694,4.0,0,0.0,0.0,0.0,741.1111111111112,0.0,no_rewards,False,0.0,False
pool1zst2k3wnmtq69vqzm086q9m7v7dn3gpsu9fgxy2vasew6l8nlt0,SBR,340.0,0.0,1000.0,1097.23002,8898.676607,2.0,0,0.0,0.0,0.0,741.1111111111112,0.0,no_rewards,False,0.0,False
pool1zsyqzr04g5pr3nv7vfk8ldc3uf0xljc8yftdsqpxxqpychpxj65,AKANE,170.0,0.005,30000.0,73732.08087,621328.227594,11.0,1,185.339425,109.295203,294.634628,741.1111111111112,0.2500831821589205,losing,False,102.03156365273489,False
pool1zt2d9aa8ck62uyy985yny47hr0f6cmf2hnxzke0up0lc7zcp65f,46S,170.0,0.01,25000.0,27662.686351,96743.016455,67.0,0,0.0,0.0,0.0,741.1111111111112,0.0,no_rewards,False,0.0,False
pool1ztk6dcj2nc3plnujf3ek6jqngtx8hcryufz56lyumemlcy2xxn0,IAGL1,340.0,0.99,10.0,20.72464,5367231.04509,1568.0,2,586.712151,2.484215,589.1963659999999,741.1111111111112,0.7916655710644676,losing,False,584.0544221948087,False
pool1ztpwatlnzskuruwe7hxwvu6xjsv6l24835pyvpx7lslccy3xx9a,POOL1,340.0,0.0,10.0,11.286634,12904.708556,4.0,0,0.0,0.0,0.0,741.1111111111112,0.0,no_rewards,False,0.0,False
pool1ztz3370gwds2v7hjzgtns33f7kw0qp0zjx34esg3dvlcycnnte5,,345.0,0.015,100.0,106.623722,106.623722,1.0,0,0.0,0.0,0.0,741.1111111111112,0.0,no_rewards,False,0.0,False
pool1zvm45jj5wz6kgfr2xfg75rx0auzxaedu4ulddhnrzk4uwuyuvpn,ERA,170.0,0.0,40000.0,42027.624659,224235.289344,52.0,0,0.0,0.0,0.0,741.1111111111112,0.0,no_rewards,False,0.0,False
pool1zwqrrwpr5zx7c3f4ukpu4r4fz5c2hkwx9vwqka5068urgqvpjzr,CAR,170.0,0.03,40000.0,40000.0,2185594.37523,229.0,2,190.022368,399.271235,589.293603,741.1111111111112,0.25640199580209894,losing,False,99.55886077614863,False
pool1zwvfvst3jldarh3sgjn07c3vk5yw8jz6p9m9xty5cakgqed6c9t,TEST,170.0,0.0,100.0,0.0,211.872711,1.0,0,0.0,0.0,0.0,741.1111111111112,0.0,no_rewards,False,0.0,False
pool1zx0lmhdymz23e702clzyywdw522nh66eqaseaye8sue3cyfzkar,KUDOS,345.0,0.04,100.0,105.36168,413.096001,3.0,0,0.0,0.0,0.0,741.1111111111112,0.0,no_rewards,False,0.0,False
pool1zx293a3jpjh9sln53uhlc34ccnppl6sze22rrcmt04enzapl935,,345.0,0.005,100.0,300.822669,300.822669,1.0,0,0.0,0.0,0.0,741.1111111111112,0.0,no_rewards,False,0.0,False
pool1zxklu387uqpzpteqfk48enkuwyjvq0qawc2wvrdym540zk0yqps,,345.0,0.06,0.0,0.0,130379.542594,3.0,0,0.0,0.0,0.0,741.1111111111112,0.0,no_rewards,False,0.0,False
pool1zy0mg8thm4au4cqaz5gz4ah9ms6894e2vqkl9a6l2uq4vas3yam,,340.0,0.0,500.0,0.0,25843.549105,6.0,0,0.0,0.0,0.0,741.1111111111112,0.0,no_rewards,False,0.0,False
pool1zydxfglzuvv6septzwzfgyslcdjsytealqmflft7kc57j9tqcvz,,345.0,0.2,500.0,554.406801,631.051742,3.0,0,0.0,0.0,0.0,741.1111111111112,0.0,no_rewards,False,0.0,False
pool1zyjvzvvkppsepsv4d75t2lmxt5p3cpn73pw7jk9gstxh78aa9ah,MYR,170.0,0.0,100.0,495.099942,14679.7755,4.0,0,0.0,0.0,0.0,741.1111111111112,0.0,no_rewards,False,0.0,False
pool1zytydvyy3qztrs8l2xyggvkfcjctp23m2hc3aj7sudnzgny79cg,PSYA,340.0,0.01,20000.0,25093.336552,6685941.939352,873.0,12,383.828224,3151.669102,3535.4973259999997,741.1111111111112,0.5179091478260869,losing,False,122.46285784500431,False
pool1zz7x8ergn02chznayj9fjds2gk5q6prmpdr49faspd65kzqsrjs,AUTO,170.0,0.0,100.0,7214.187694,63834744.672648,2871.0,67,172.211487,19564.252661,19736.464148,741.1111111111112,0.23236932278860567,losing,False,77.22201080978554,False
