pool_id,pool_name.name,pool_name.ticker,pool_name.description,active_stake,live_stake,pledged,live_pledge,blocks.epoch,delegators,epochs.0.no,epochs.0.data.epoch_stake,epochs.0.data.delegators,epochs.0.data.block.minted,epochs.0.data.reward.member_lovelace,epochs.0.data.reward.leader_lovelace,pool_update.active.margin,pool_update.active.fixed_cost,pool_update.active.pledge,saturation
pool1026f3pyjhxjafmtjyyny5ytuh2kraxakfa8eu5h844uv2upzxvq,,,,3274899715555,,1300000000,,5,9,285,3274899715555,9,5,3146421766,437363825,0.03,340000000,1300000000,0.0496
pool102kv4jtzs5cp2s58qa8esmdxc6awsu4a8smtlgkyylq7gvzgdwv,,TROFI,,5047432217,,5000000000,,0,1,285,5047432217,1,0,0,0,0,340000000,5000000000,0.0001
pool102s2nqtea2hf5q0s4amj0evysmfnhrn4apyyhd4azcmsclzm96m,,YULI,,6481489374,,1000000,,0,2,285,6481489374,2,0,0,0,0.005,340000000,1000000,0.0001
pool102vsulhfx8ua2j9fwl2u7gv57fhhutc3tp6juzaefgrn7ae35wm,,BNP,,65844169341403,,2000000,,53,8,285,65844169341403,8,53,35404096593,2599939664,0.06,340000000,2000000,0.9968
pool1030as3pp5684ghgf4kzcpv4p2jnmkmme7j363t95690zwxp7wa0,,888,,1184195409631,,50000000000,,1,40,285,1184195409631,40,1,367778719,340000000,0,340000000,50000000000,0.0179
pool1030vz0wxheg0dvarr8hmeavelpszmp52qucs68c7wc9uga6n6e4,,ROMER,,7993385682120,,50000000000,,8,2668,285,7993385682120,2668,8,5257027963,393500144,0.01,340000000,50000000000,0.121
pool103455uc7a3477q8pdmzvny884qtlv9vhm2csxvqx2cadwuk36sq,,EDEN,,61171783573482,,1000000000,,50,1697,285,61171783573482,1697,50,32509615993,1247979616,0.025,340000000,1000000000,0.9261
pool1043kkcc2uwmdf76wg6jy80tkgwztzprep2rakyypmwc4637c2xe,,BNP,,17639298,,2000000,,0,1,285,17639298,1,0,0,0,0.06,345000000,2000000,0.0
pool104avq7309gjm0fxms69yqusxy8zf888k4mamngg5vnc6vculpzq,,NUFIB,,35052604293395,,1000000000,,27,3634,285,35052604293395,3634,27,18380455190,909009094,0.03,340000000,1000000000,0.5307
pool104gtn3hvp9lz5l6wevhjj98e45s7rfaa4zzvk9pex7nn786qncr,,PILOT,,7863901203254,,325000000000,,9,575,285,7863901203254,575,9,5929112228,340000000,0,340000000,325000000000,0.11900000000000001
pool104re5tajgh4mpp7c744khap56lf609cfjlna5ysjkum8qn8fel9,,TOKYO,,657229510502,,100000000000,,1,8,285,657229510502,8,1,319531299,351319507,0.03,340000000,100000000000,0.009899999999999999
pool104ug5smdp7ykd8qjcvk9vwjm8yjldwldymcq2zlueymzje6mu3q,,,,3950714158,,2000000000,,0,2,285,3950714158,2,0,0,0,0.01,340000000,2000000000,0.0001
pool104v7kzpq86r0wnfsz8r7jeld2raap92qq84trjcqk62zyh9akqt,,SEAL,,4250119493494,,60000000000,,4,49,285,4250119493494,49,4,2516170300,340000000,0,340000000,60000000000,0.0643
pool104yydru8l6rjg0c9jryy9luw2s7r9ye4u5x835kvhkngy24986h,,GER,,8490790445,,5300000000,,0,7,285,8490790445,7,0,0,0,0.005,340000000,5300000000,0.0001
pool106l8sgu50wpw3nmqkmhlgzl5cctw428ruem2rpwjklg46nprex0,,,,502365742,,100000000,,0,1,285,502365742,1,0,0,0,0.025,345000000,100000000,0.0
pool106p2jjwuwagq2as7cdzx4y6cyc2pdj7a3h3vv5cvkvnskegff3w,,VOLT,,51538786066053,,1000000000,,42,2487,285,51538786066053,2487,42,29370620168,637646604,0.01,340000000,1000000000,0.7802
pool106skp44rrmuvnwhy89mxcxgagcsr920kremevqlan68xvl2say4,,RIMTK,,486859789,,444000000,,0,2,285,486859789,2,0,0,0,0.02,340000000,444000000,0.0
pool107attaqquuq5ne2ch0hx0qcnlkzzr2683s4gml4ywnqvgj6pak9,,CCJ5,,372425786643,,10000000000,,0,8,285,372425786643,8,0,0,0,0.048,340000000,10000000000,0.005600000000000001
pool107nx44v67sgca9mkl6gjqg3l03vauh5crp58rm5shve4kp0zfjf,,,,1924758046,,1250000000,,0,3,285,1924758046,3,0,0,0,0.01,340000000,1250000000,0.0
pool107qfdeg9wlpt9yntg7650kzval6ahl696jr2ca20763ukzr0tzw,,SRP,,333829870076,,50000000000,,0,4,285,333829870076,4,0,0,0,0.01,340000000,50000000000,0.0051
pool108zdflss3ayqlm5c7vr6mtqj2uwl99vk28ur8dv4zswdzt6yauc,,AZUR,,52485175280788,,500000000000,,50,5490,285,52485175280788,5490,50,33652654776,1055093422,0.02,340000000,500000000000,0.7946
pool109a9tnt8zsmwr3cvmghrmtxrxj5utyf87hexrn6sncqls7pg3gu,,,,8744307749,,3000000000,,0,1,285,8744307749,1,0,0,0,0,340000000,3000000000,0.0001
pool109ee6weyn52awvu30gspwmp6xwws98z0dhzcw2dqupc6vv6mkg6,,,,4016900639,,2000000000,,0,3,285,4016900639,3,0,0,0,0.02,340000000,2000000000,0.0001
pool10akpqvczl93ep4rc59c0aqyn3dm0env2ydysuwmdm670wl24pd8,,,,46030163062492,,1000000000000,,40,4986,285,46030163062492,4986,40,26799587990,1044603607,0.025,340000000,1000000000000,0.6968000000000001
pool10capak8jppvj8h46e35xdth6h22pahtr3lcgscrpa06jzv0xn8w,,SWAG,,15057755988830,,100000000000,,17,561,285,15057755988830,561,17,11328985588,636629497,0.025,340000000,100000000000,0.228
pool10cpz0zepq23hm6lrk8vgnsdwl772lasq9caaemvw9kh9ktxqygk,,,,2197229932,,2000000000,,0,1,285,2197229932,1,0,0,0,0.03,340000000,2000000000,0.0
pool10cqp98vsdtam5p4xkfuleahy99vcdggsfdl4cszxcefmcheexma,,BNP,,65911602671072,,2000000,,56,5,285,65911602671072,5,56,37421467374,2733715494,0.06,345000000,2000000,0.9978
pool10cz0gm5zu74clhrxp9mm7ulslves04wyfxaqzr4sjr2zv7qjpnv,,,,451940733611,,100000000000,,1,20,285,451940733611,20,1,150167000,343773419,0.01,340000000,100000000000,0.0068000000000000005
pool10d303wup90j39mmvysf0lhr2xmr3mf38y5vs577nmlq6yy8n666,,CBCP,,59875155238,,2000000000,,0,10,285,59875155238,10,0,0,0,0.04,340000000,2000000000,0.0009
pool10efuydxjnasr0309lqklmj9xahupdnzqd59r5dqjeh4twz06tr0,,F4ADA,,14268424726213,,300000000000,,18,328,285,14268424726213,328,18,12197029286,465848672,0.01,340000000,300000000000,0.21600000000000003
pool10eltx2wej46e62ulmwzm35xfu0azu47yvpjper7gwhncqe74vg6,,CHIL,,5052394274214,,35000000000,,6,595,285,5052394274214,595,6,3817187021,454814967,0.029,340000000,35000000000,0.0765
pool10ez5uusmzx7ep6pee6hmqr79z5ee0lhgzdelzgptexh9xq3ar4e,,SACT,,291471501,,100000000,,0,2,285,291471501,2,0,0,0,0.03,340000000,100000000,0.0
pool10ez60e4t8t70nyfqa9awm7zwwphy8kpfmhrppttx02z6xeyzgyk,,PGWAD,,11503398328,,3000000000,,0,6,285,11503398328,6,0,0,0,0,340000000,3000000000,0.0002
pool10fvfzepq2udukqm3t8thyf66qn5k36paltt4ptexl9pl6j92tfj,,,,297451347544,,295000000000,,0,2,285,297451347544,2,0,0,0,0,340000000,295000000000,0.0045000000000000005
pool10fxpa6wkv0wc6wcmahcnz4wvvfx9m7547sevxrge3nfuv7yh8m0,,GRANA,,99779634829,,30000000000,,0,31,285,99779634829,31,0,0,0,0,340000000,30000000000,0.0015
pool10glz67jju4f3gjs84pse79vsl6d34k764hs4cq6fwplkxzf277w,,COVE,,43592524375,,500000000,,0,3,285,43592524375,3,0,0,0,0.03,340000000,500000000,0.0007000000000000001
pool10gt8f0wkg8cdvnd9tnvj74kdtv88w4j704vkvl8xwhwjg0mgmcl,,SAITA,,109475606953,,100000000000,,0,3,285,109475606953,3,0,0,0,0.015,340000000,100000000000,0.0017000000000000001
pool10h9j9hazmtszyfyty7e6vj3usr6v0jdzvraqcxxs27rtqp7hsgc,,,,1002443936,,1000000000,,0,1,285,1002443936,1,0,0,0,0.01,340000000,1000000000,0.0
pool10hex9l4wjgqarvhr94xgyh9frv5lhtajhrj4dah0kl65jtws30k,,CSN1,,31251368498072,,20000000000,,24,127,285,31251368498072,127,24,16527530988,658820220,0.0189,340000000,20000000000,0.4731
pool10j307gzqx5cuqxzgnycg9rwyyutjy2eqyhnkmu2umj6cctcvrqq,,,,209520435278,,108146000000,,0,5,285,209520435278,5,0,0,0,0,340000000,108146000000,0.0032
pool10jc6vdgc8c2r6xur02a04rezrptqnryz4f2avpx0j825y0pnl09,,,,8569559676,,3500000000,,0,2,285,8569559676,2,0,0,0,0.01,340000000,3500000000,0.0001
pool10jd7mphm0mmrnfvyytzs3tfrmjmtkvalfx8nql7tae06v0rkjk3,,DOS,,62434273765,,1000000000,,0,5,285,62434273765,5,0,0,0,0,340000000,1000000000,0.0009
pool10jn0wjlh9y3w2ygq84u2llvlnxfz3lc4g0ssqlmpp3w3y2d2lw5,,EARN,,8929407618752,,100000000000,,11,99,285,8929407618752,99,11,7053789973,717664262,0.05,340000000,100000000000,0.1352
pool10jqlkjfn2rtlc6hp95p8k4h04h3dfmdcgnga6umwp2rpukpg20l,,CCIO,,449549017335,,410000000000,,0,9,285,449549017335,9,0,0,0,0.01,340000000,410000000000,0.0068000000000000005
pool10kya8ug3wr6cwnzm0qdcppjtuwfwmnvusu2uenscz4dg7pl07qv,,WAV2,,46614178961681,,10000000,,38,1,285,46614178961681,1,38,,,1,340000000,10000000,0.7056999999999999
pool10let2ne3rdnhf6pvhauqcsf7f83hkagp4lfs792frrmu5up7xa7,,SWELL,,4989581674299,,100000000000,,6,183,285,4989581674299,183,6,3871307230,340000000,0,340000000,100000000000,0.0755
pool10ljdn3zwsh7vjkxf6t250423l5qy487x83st7m8a53jxznrkw5g,,,,4899288194187,,1200000000000,,3,75,285,4899288194187,75,3,1347190620,349101311,0.005,340000000,1200000000000,0.0742
pool10mf43thtl3keag50mrlvqa78xkwg7harmu4w5yzr3k7jvw0ap43,,JORGE,,1972384123809,,200000000000,,1,40,285,1972384123809,40,1,303724470,340000000,0,340000000,200000000000,0.029900000000000003
pool10mrxnxzfz5rwgnv4cza7a6fmz49qrxauzyffw490hr2jghzmtsp,,,,123645417719,,500000000,,0,4,285,123645417719,4,0,0,0,0.0199,340000000,500000000,0.0019
pool10n5e9hupkx0fs39fmhzpusdhd25vh6twxyq2n5dncegpkumhuz5,,,,1996240668,,1495000000,,0,1,285,1996240668,1,0,0,0,0.01,340000000,1495000000,0.0
pool10nug2zc80t6tz64awqr0362kfsh6yvje6xz2a6appzhzwe25nc5,,,,9093808801,,12000000000,,0,2,285,9093808801,2,0,0,0,0,340000000,12000000000,0.0001
pool10nwac5phcc4vkjvux5mw6gvdzlxurkd944e5yx9yyfa8sqs35t7,,,,985119813781,,0,,0,226,285,985119813781,226,0,0,0,0.02,340000000,0,0.0149
pool10p3g22454ly7eaurlur5wc9d9ual2fnfwy7a6e7k09z3yf929k9,,OUROS,,5947094010784,,2500000000,,5,202,285,5947094010784,202,5,2929479402,434133190,0.029,340000000,2500000000,0.09
pool10p6wd9k0fwk2zqkqnqr8efyr7gms627ujk9dxgk6majskhawr6r,,BBHMM,,4595988564728,,550000000000,,2,67,285,4595988564728,67,2,900049407,393740109,0.049,340000000,550000000000,0.0696
pool10p7hdyghmkfuuxep4slslvjs2fk0hechqwadc2348e6g2x8hta6,,SBPIO,,5893313,,100000000,,0,1,285,5893313,1,0,0,0,0.15,345000000,100000000,0.0
pool10pmpya78vv23pngluf7hwpg9lerepmqdmdu47huf5vsskt56wzq,,,,247210196,,200000000,,0,1,285,247210196,1,0,0,0,0.015,340000000,200000000,0.0
pool10pvwz69qz468m79ysw8qjcav5z830sv4zmeprru2n4anyuxwj9l,,,,124122312269,,0,,0,2,285,124122312269,2,0,0,0,0.06,345000000,0,0.0019
pool10q2fhzwe4f5k2llny65z5z2fuhrpk3x56fdc0782djdq58p9uee,,KURIS,,2501096918282,,100000000,,2,8,285,2501096918282,8,2,1093686574,340000000,0,340000000,100000000,0.0379
pool10q33p4hx4wqum6thmglw7z5l2vaay4w6m5cdq8fnurw7vjdppcf,,SPKL,,119801519307,,1000000000,,0,9,285,119801519307,9,0,0,0,0,340000000,1000000000,0.0018
pool10qga0nn20tshk5vhhr38kwy7ax0s48q49zgaev24gxm465wvspj,,,,59699192935,,30000000000,,0,13,285,59699192935,13,0,0,0,0.03,340000000,30000000000,0.0009
pool10qmnswfc22zm0fscg80gkwqz65ujwjkqmctv8g9l9l58wqtelgg,,WAAUS,,36349159141608,,30000000000,,38,645,285,36349159141608,645,38,26631094328,555295022,0.008,340000000,30000000000,0.5503
pool10qrz84cvz95zg8saf43ruhs5ulczuuqm2d3jn6d8xkkkzgzfje7,,,,3063506031691,,44325545672,,0,8,285,3063506031691,8,0,0,0,0.015,340000000,44325545672,0.0464
pool10quq4wlghwrvmhdzc7geq22pyhzegccwj56ax2g8hx0cjfahufs,,SPS2,,50641753021276,,10000000000,,46,402,285,50641753021276,402,46,30995773914,1972377097,0.05,340000000,10000000000,0.7667
pool10r8gk6z4epj36rluw3klk5k0uzfcdc0rw9cu0zuyxw56quaksrv,,SIMPL,,2347964611605,,0,,2,11,285,2347964611605,11,2,,1434240698,1,340000000,0,0.0355
pool10s8x49tu6wcne63rqv6gmnhwpcg4kg8r4s3ncv6q7uxx76jvlwg,,,,7879173570,,5000000000,,0,3,285,7879173570,3,0,0,0,0,340000000,5000000000,0.0001
pool10sdw2cfjnqav3sztasq8ce57395lyh0g6g5n573uerlev9whhe3,,,,44361930449,,10600000000,,0,2,285,44361930449,2,0,0,0,0,340000000,10600000000,0.0007000000000000001
pool10tqeu6d03p6rnalqlvdshmpsljxaq2c0ww6draq6xm8lgyl2a3p,,CASP,,2363326507021,,100000000000,,0,103,285,2363326507021,103,0,0,0,0.02,340000000,100000000000,0.0358
pool10u90lv7ayyfdulnt004h2wg42yff22c8vjlnqjxv7pytypuaykv,,,,6191563367,,45000000000,,0,2,285,6191563367,2,0,0,0,0.025,340000000,45000000000,0.0001
pool10usr6ag036ujwhmm85km8w0skjn3fp3dwnktt8sje4lfvwhu40u,,WALDO,,2081122,,66000000000,,0,1,285,2081122,1,0,0,0,0.019,345000000,66000000000,0.0
pool10v6uh7yan2dg8utwpgurj6th3u3s3q3m2lcg8z9mxtncvx72dhc,,,,1000000,,100025042945,,0,1,285,1000000,1,0,0,0,0.03,340000000,100025042945,0.0
pool10v7h74a4tvwjdyxrpvxgy0p2as7256jyzmhfgtqv9mwxzwgtwdm,,PANJ,,118646463516,,1000000000,,0,3,285,118646463516,3,0,0,0,0.03,345000000,1000000000,0.0018
pool10vx5da4l9p354dxjwwmka9mg0ya5vh4g8xzkxev6hrfd745wlwg,,STACK,,1293176842073,,500000000000,,0,23,285,1293176842073,23,0,0,0,0.02,340000000,500000000000,0.0196
pool10w6dqsuflhrczmvle5awchzcteskxke3ce0anmnvza2n2uv3u2f,,,,877669802452,,25000000000,,1,13,285,877669802452,13,1,360516713,340000000,0,340000000,25000000000,0.013300000000000001
pool10w8gmhnprfmhdlp6npjt8d3ts64ng4qxsu0mr33dhpxpzwn4rgt,,,,2915210,,10000000000,,0,1,285,2915210,1,0,0,0,0.02,340000000,10000000000,0.0
pool10wcmpvjmmv7ph7cz2263f52yckvnnwu5kdppwqgu74s2qhe7l7m,,4TUN8,,1255637370657,,200000000000,,1,17,285,1255637370657,17,1,303166523,355098406,0.04,340000000,200000000000,0.019
pool10wfvyl284h0eyzjtwndh8kvu36lqvptusq4nxtv52pmazpyvfud,,ACT,,16652636595179,,120000000000,,22,90,285,16652636595179,90,22,15020390623,647345155,0.0199,340000000,120000000000,0.2521
pool10xmmn972gyza7nj8q4cyy0vrpn6kqzmdz2ut7ynnc8d0ycxlvw3,,MATE,,50072422361,,101000000000,,0,1,285,50072422361,1,0,0,0,0.015,340000000,101000000000,0.0008
pool10ya6hxrssmyhl560gqyalhqxudkgfjdlc0e4krww6wweyaeajs8,,NKR,,19191825986307,,40000000000,,20,133,285,19191825986307,133,20,13959964203,340000000,0,340000000,40000000000,0.2905
pool10ysem79xjxd223plxqws0fheawd78znr3qs4h2h422gmxa40amu,,LUCY,,48543701056,,3100000000,,0,17,285,48543701056,17,0,0,0,0.01,340000000,3100000000,0.0007000000000000001
pool10zfvfwgsmqu8l53y2p48hjrw5etpxzd5c0jrz727g784y89xkpr,,ORCA,,161710010839,,125000000000,,0,4,285,161710010839,4,0,0,0,0.03,340000000,125000000000,0.0024
pool10zyf32q3w3n9x940j6yqgkwuegzn77p94wcmpku6gvmrqw8a97d,,XSP,,48535742427202,,20000000000,,45,66,285,48535742427202,66,45,30730088526,1521533951,0.037,340000000,20000000000,0.7348
pool120563wl92yssz66evk4u9lxm7zh6gk2wws0zfe8ep4e0gc77ypt,,,,2263950538592,,20000000000,,0,114,285,2263950538592,114,0,0,0,0.99,340000000,20000000000,0.034300000000000004
pool120jxy0dz2nw3e3lh5khnn8khprd6upe6tmzktgs8w9afkrkrm0z,,,,24517443393,,20000000000,,0,1,285,24517443393,1,0,0,0,0.01,340000000,20000000000,0.0004
pool122gfj3ynz5ch8cfkx0tt5dsfpnf36sujcvrvxzqjm28yym8vv8x,,,,76737407,,500000000,,0,4,285,76737407,4,0,0,0,0.02,340000000,500000000,0.0
pool122gklgk6gep3dm5grag0kavzzxcwk4kxxrqegfygghjpgch6pns,,,,130066707124,,1000000,,1,2,285,130066707124,2,1,346722654,355084143,0.04,340000000,1000000,0.002
pool122y8c6dqkf864l0uxxnz8uz60dcrxvdm5w6j302z7ft0265f3xu,,,,1022380236690,,1000000000000,,3,3,285,1022380236690,3,3,337506,367174379,0.015,340000000,1000000000000,0.0155
pool123fz95jxlu2fgqteredsqxml553rt9lsu9ef352kagm7qlejem4,,,,116717832284,,7495000000,,0,6,285,116717832284,6,0,0,0,0.02,340000000,7495000000,0.0018
pool123gn9my6u32zea8l3uk889rjj2qf2tfagcz67q4v4r9ccjjtge7,,SNY,,497625746,,100000000,,0,1,285,497625746,1,0,0,0,0.15,345000000,100000000,0.0
pool123v70pyw5tzkdwwgug56j6qy2msg9hpvww0jpapqvcg96ep4nj8,,GADA,,2942460545,,100000000,,0,2,285,2942460545,2,0,0,0,0.01,340000000,100000000,0.0
pool124lm97s6f4satl7xz0ulzgg6tv30tskry3zcntwrz68n60v5yne,,SHARP,,325453931136,,100000000000,,0,28,285,325453931136,28,0,0,0,0.025,340000000,100000000000,0.0049
pool12584mjtgz3fhgpx823qht56gycnfnezg6aqqthazv4qdxkd5c46,,DOLCA,,3305255186890,,50000000000,,1,121,285,3305255186890,121,1,361840030,347544965,0.02,340000000,50000000000,0.05
pool1258yqnsegc3k7raqcdkxu4893aqexxljflmg9g96yfha2qytayv,,1PCT2,,5004044388453,,50000000000,,7,246,285,5004044388453,246,7,4419034546,386845282,0.01,340000000,50000000000,0.0758
pool125dv3t0m9rgag9lcfr8xv059vfll059kyarv0ce8kyldsamx47m,,STKME,,388678645226,,87000000000,,0,7,285,388678645226,7,0,0,0,0,345000000,87000000000,0.0059
pool125mzd9dmxlkvg0g3fuwl96rxd4jmzha77d9evnetldzl66lvpvz,,,,3345578198092,,15000000000,,2,26,285,3345578198092,26,2,1066842278,361884447,0.02,340000000,15000000000,0.0506
pool1262tkyavd3qylxlmalzpe0u4dhe3t3zvvey088w58epksevpj2k,,SHRMP,,1238586221,,1000000000,,0,2,285,1238586221,2,0,0,0,0.03,345000000,1000000000,0.0
pool126f65lklaqw39jgx9wl8klqtx99evewxk0x5yc2jzzp5wfs8fde,,XPPX,,117639386190,,119000000000,,0,13,285,117639386190,13,0,0,0,0,340000000,119000000000,0.0018
pool126kcx3ve6xedpdk8gm9gtgs5x2h77tuwe5hjjcrp2nshu2xv8l3,,ADAAF,,2647043882,,2500000000,,0,1,285,2647043882,1,0,0,0,0.0799,340000000,2500000000,0.0
pool126mkma8nv5axltmz7mmg8qz9e70nmhnf58hwx5772fhwgkhk6ag,,NAP,,43481092731442,,20000000000,,40,171,285,43481092731442,171,40,27433273353,1190539736,0.03,340000000,20000000000,0.6581999999999999
pool126ut5j5qz5wg09sjxrjugmjhqyslgam9cyj7a275y99l6n3gql0,,BIOME,,59996401321,,10000000000,,0,9,285,59996401321,9,0,0,0,0.02,340000000,10000000000,0.0009
pool127gdv243hfcrapslaqq0nnh64u2gts72gtrt4888g6g2z0zsu64,,TTS17,,2797506176648,,28000000000,,10,726,285,2797506176648,726,10,6522557889,340000000,0,340000000,28000000000,0.0424
pool127ukuja6g9ty9ep3stddddcxnpns9d586snm9j9dv7ay7z8qvzp,,,,311722182108,,25000000000,,0,4,285,311722182108,4,0,0,0,0.01,340000000,25000000000,0.004699999999999999
pool127xwsah7jllutuhen8vl7sve5278h7hhxtnys3cl438dyhuwgjg,,ARTZ,,17436974948013,,1500000000000,,9,178,285,17436974948013,178,9,5502579155,524490104,0.03,340000000,1500000000000,0.264
pool127xz8pls3lr6nct6w274ph2g4u83vqajgykf3l9ll772gvmju8z,,,,4843144518,,2000000000,,0,4,285,4843144518,4,0,0,0,0,340000000,2000000000,0.0001
pool128r8qqgl9zgy3ff4759a2qslyauu5takaec3nxx4a6mvj3ys8da,,BTCAO,,15935063897373,,1000000,,25,8347,285,15935063897373,8347,25,17014705342,700000000,0,700000000,1000000,0.2412
pool128sj7hpet8874ycvxml85wlv9eyd8pehjhnj3clcvhrr5g5s9qj,,BIZ,,13456933998,,10000000000,,0,1,285,13456933998,1,0,0,0,0.01,340000000,10000000000,0.0002
pool128zxs504x4ulqjkyml5vmcgc99md0zc9327578m6t82txvgg4tv,,CAPYB,,5967189144,,5000000000,,0,3,285,5967189144,3,0,0,0,0,340000000,5000000000,0.0001
pool129557r2j5fdr4hjjz3e2n3t4ypt9rvkpy56pq3y7rsw7jzvalq0,,,,108131988652,,104000000000,,0,4,285,108131988652,4,0,0,0,0.025,340000000,104000000000,0.0016
pool12967a8v8vaz5d7pvphhdnmq0slrg4d3n0wp772fgm04e2g2m9gv,,PYUR,,2487350976757,,750000000000,,1,20,285,2487350976757,20,1,251216159,348738205,0.01,345000000,750000000000,0.0377
pool129h7fcs8yjks48u2e69ehe72w7zp0f08rn6squtazateyfu8ms8,,FABLE,,25760587477,,25000000000,,0,5,285,25760587477,5,0,0,0,0.03,340000000,25000000000,0.0004
pool12a4mx8ztxg7dwatm6lmfm36q7eyygkt3y3h29tklvcp6vyxp0nt,,,,122866461965,,50000000000,,0,12,285,122866461965,12,0,0,0,0.03,340000000,50000000000,0.0019
pool12ahq8y9v2n3h2xha4292y4h5rwz2vvjqqmerny0klhhmwn54aq8,,USONE,,49749965152,,12000000000,,0,3,285,49749965152,3,0,0,0,0.025,340000000,12000000000,0.0008
pool12ame5t8hdltyl30npznvhn23kxnvthk82j9p7dr4uew3y92uqes,,EoK,,6504413405011,,30000000000,,7,171,285,6504413405011,171,7,4602218695,386727318,0.01,340000000,30000000000,0.09849999999999999
pool12crd62rxj8yryvshmgwkxza7um3uhaypwdjeel98lnkf529qdw5,,0PCT1,,327846722908,,1000000,,0,47,285,327846722908,47,0,0,0,0,340000000,1000000,0.005
pool12d3th585ga2w593eu5zqnkahsnlczjpqxemjc0qhku7awnhvn8a,,H3ART,,17090877886,,10000000000,,0,5,285,17090877886,5,0,0,0,0.01,340000000,10000000000,0.0003
pool12dcwy586prq83qggtfvaxwdpys9dw4sl2yahrdjyjxsqzcq84rk,,,,787585932527,,10000000000,,1,5,285,787585932527,5,1,11338515,340000000,0,340000000,10000000000,0.011899999999999999
pool12e2nev8uef544wahzz4sdvcn00xhnr6x40pjda4edllugl4lktn,,LADA,,115970815988,,1000000000,,0,44,285,115970815988,44,0,0,0,0.01,340000000,1000000000,0.0018
pool12eht6dqxpzqj87xuextrpufz2gxmt4reuesuw26r2utzw0kw906,,CAN1,,835152777270,,40000000000,,0,20,285,835152777270,20,0,0,0,0.00314,340000000,40000000000,0.0126
pool12ehtdu5hfffpeqg968gtpqcnjv7hwfj3tshxcw8lg37tqcquhaq,,,,4882958971169,,10000000000,,7,99,285,4882958971169,99,7,3905956972,480788628,0.03,340000000,10000000000,0.0739
pool12eml4wy7xh9uqq9ldrtu37xqepjpaz5heq8sjr3fdddj7h9j00t,,,,201798746608,,50000000000,,0,6,285,201798746608,6,0,0,0,0.05,340000000,50000000000,0.0031
pool12ep0z3h2qhfcmsl7h7ldpgf4cfjlur9v9lqwl8xjwd3qked73f5,,,,521623964157,,25000000000,,0,7,285,521623964157,7,0,0,0,0,340000000,25000000000,0.0079
pool12f2r9xf4wvht030xwjhpjvy5yptr275qr2qcydnx57jkxyfzz2w,,FREE1,,620068394184,,300000000000,,0,18,285,620068394184,18,0,0,0,0,340000000,300000000000,0.009399999999999999
pool12f3wfgks8s7ga6kltjl98ayljysu3gtgcdx7wsrw4702sfkl3v5,,SIMON,,1277937158,,400000000,,0,2,285,1277937158,2,0,0,0,0.02,340000000,400000000,0.0
pool12f68ksfmsthe4r9xx2up9x4zx43tstu3psmjvk57papsv8vu9re,,,,3176118087,,1000000000,,0,2,285,3176118087,2,0,0,0,0,340000000,1000000000,0.0
pool12fclephansjkz0qn339w7mu9jwef2ty439as08avaw7fuyk56j6,,RDLRT,,8573077931580,,225000000000,,6,105,285,8573077931580,105,6,3749359783,458962644,0.03,340000000,225000000000,0.1298
pool12fr472y9lwzjy055gpuvpxdy5slpe0ej20pykdeatl59zg9ren2,,CARDX,,254720191820,,49000000000,,0,11,285,254720191820,11,0,0,0,0,340000000,49000000000,0.0039000000000000003
pool12fzerww0hmk0fyvaujz5t2kg6hl4n8daz85rqy5jk8qk58r59y6,,ZETE2,,2651115448854,,1000000000,,1,44,285,2651115448854,44,1,161696084,340000000,0,340000000,1000000000,0.0401
pool12g5x8nd79xn7x0kgy59wrshck5swkg5lek7z74guylh9uk6dmsq,,VINC2,,1633307214761,,10000000,,2,4,285,1633307214761,4,2,951554295,350953222,0.01,340000000,10000000,0.024700000000000003
pool12g6gfm5c4q7rzwwxdmh0xdxk07tyvujp6d9tke2m46k7q7cz7p0,,NDE,,60271173127314,,2000000000,,47,5,285,60271173127314,5,47,32357300142,1340903170,0.03,340000000,2000000000,0.9124
pool12gqhv4vf0y7vngzd3umchjz3yhkqaaalwzltsngpdykgyud5rhz,,,,472207417400,,40000000000,,0,60,285,472207417400,60,0,0,0,0,340000000,40000000000,0.0070999999999999995
pool12h408zlkavwxw4wkw96mt8unjs8sn27k0yk4yhz4pzvsx0wvmq5,,,,32237234681410,,0,,35,3,285,32237234681410,3,35,22854748746,2196855838,0.075,340000000,0,0.488
pool12h63026uqx73v83zjtw8f07tnq2pmg6jredmqlyjd99tjdlal4w,,,,115616913205,,25005000000,,0,17,285,115616913205,17,0,0,0,0,340000000,25005000000,0.0018
pool12hh4dvqyxhlv3lu9mkyvpnskma642fj3zv3s8xlau42ak9m60hf,,MANT,,5255684286882,,0,,5,140,285,5255684286882,140,5,3091951601,372485801,0.01,340000000,0,0.0796
pool12hmkuq2khrwaqz44aajawp0n92mpyk3nhexgujd9xtu3q4exnau,,CRZPA,,1020051507,,1000000000,,0,1,285,1020051507,1,0,0,0,0,340000000,1000000000,0.0
pool12j2umr85c59j9tvktgtpswettgh59hlffa2xge3y9a58cdj99ex,,,,1173053343,,1000000000,,0,1,285,1173053343,1,0,0,0,0.01,360000000,1000000000,0.0
pool12jnulzs7j8lsku4r2a7q6tee6tt66872vwhqh8jxvgzn6837jtl,,1JPN,,37456096638896,,100000000000,,37,301,285,37456096638896,301,37,25871460306,601991380,0.01,340000000,100000000000,0.5670000000000001
pool12jqfrwhuv2jn0uymwmud2d63gp5drj08fjfart9dxgpu2tmj8a0,,IOGP,,2925923,,64000000000000,,0,1,285,2925923,1,0,0,0,1,500000000,64000000000000,0.0
pool12kdg7dmdfh0t9hmy43pvl38ftu5dvppyn86wgkc4jq8557xkyz7,,RENEW,,3137624426,,30000000000,,0,1,285,3137624426,1,0,0,0,0.015,340000000,30000000000,0.0
pool12ktz62g9d32nq0cdk9jyyqg6kquj7lnmx776at5h598supql0t2,,CTEC2,,5028246160222,,10000000000,,8,3,285,5028246160222,3,8,2517720712,3208481692,0.5,680000000,10000000000,0.0761
pool12l453n0jtxqq88cgwgr67z06ldyhqqvwxgkn0sgungjfvhtp2el,,EVERS,,48524864922580,,1000000000,,38,12005,285,48524864922580,12005,38,25710639982,1195702415,0.03,400000000,1000000000,0.7345999999999999
pool12lsfsh2s8yt8dvrt9m8kgrgr6ktntngvn2vad60xlqz7kxz9fxr,,POP4,,39102590396094,,50000000000,,42,84,285,39102590396094,84,42,28254293430,1829226212,0.05,340000000,50000000000,0.5920000000000001
pool12mca6l778v2e5wq5a4kc08h6grcv9j6f7yykt9wyjttckfxksvg,,,,1014271248,,500000000,,0,1,285,1014271248,1,0,0,0,0.01,340000000,500000000,0.0
pool12mmcc4rc2fzfv7gyv8h06nvnsrm3m7erzdv8x6gzvjxlu2lf09n,,1PCT3,,54628553558952,,50000000000,,56,394,285,54628553558952,394,56,39285504845,738579017,0.01,340000000,50000000000,0.8270000000000001
pool12mug8xkllalh7ck7srgu9975avv3vuufqr534acr3020kzcn8gy,,,,547625350,,500000000,,0,1,285,547625350,1,0,0,0,1,340000000,500000000,0.0
pool12mvua605f7w2gs90d580ywzyyf96je0y5q6zwcz2l76tcdqa8y9,,,,507423329,,500000000,,0,1,285,507423329,1,0,0,0,0.005,340000000,500000000,0.0
pool12n6lycv28kjtkzecfz2a3uujyxy6ewuwjcmjq84my67psqmgagv,,MANT,,47618938160976,,100000000000,,41,670,285,47618938160976,670,41,28672653172,630866744,0.01,340000000,100000000000,0.7209
pool12nhydvz643puda5jjc7hxyphk9685n8tlsgeenfvtttckd803e5,,,,1621362,,0,,0,1,285,1621362,1,0,0,0,0.1,340000000,0,0.0
pool12npqvgkkaajetsg2c70q9r0lsgz30rne2tqyyvq2axe2zm43zc0,,CP1,,1087982321,,1000000000,,0,2,285,1087982321,2,0,0,0,0.03,340000000,1000000000,0.0
pool12plmfgtqk4nj0wse5wnr49xth22fjacxm0gxg3wc88ewzztpwf5,,,,317838694,,100000000,,0,2,285,317838694,2,0,0,0,0.0199,340000000,100000000,0.0
pool12ppnqj78z7fnztw7rwg2gd0e0zpr3mq9gs3hgxe0n6fhkzfmzu4,,ADA01,,4823411,,25000000000,,0,1,285,4823411,1,0,0,0,0.01,340000000,25000000000,0.0
pool12pupdkq80hxxcje94kjgc75x9vsqsgaz65upnmx7k7zmvc3rpd5,,,,1006212464,,1000000000,,0,1,285,1006212464,1,0,0,0,0.04,340000000,1000000000,0.0
pool12pvaxxcv3sgad5jqgfnggn337y76kp02uauptkufjjjes7nxwfm,,SVRN,,854722072390,,144777000000,,0,38,285,854722072390,38,0,0,0,0.016,340000000,144777000000,0.0129
pool12pwp8hln0cjsxv0h2a0463qsakkhwetfhyqw7vzmpwd2jdj86n6,,KAP,,202635901061,,200000000000,,0,2,285,202635901061,2,0,0,0,0.01,340000000,200000000000,0.0031
pool12ql6www8aa8usn98azlkz76d2htxtm9swalvyac27rlq6mdkxc7,,IOGP,,64328591517480,,64000000000000,,72,1,285,64328591517480,1,72,,66226914376,1,500000000,64000000000000,0.9739
pool12qrgswlflndwp3met59zmuclqp4wryn4e9428gm7n8vwymnhvng,,VALOR,,526932642896,,10000000000,,0,20,285,526932642896,20,0,0,0,0.05,340000000,10000000000,0.008
pool12qtv7kyrx8g0d5890alk6dkc6n6nyfx80synspvqafjrqd3ergz,,ASAHI,,7714497285561,,40000000000,,12,26,285,7714497285561,26,12,8223315323,340000000,0,340000000,40000000000,0.1168
pool12r08n33avu33ncstukwxyr440mgaazmuclay38v0yt34xytu2dq,,FALCO,,3388181063050,,42000000000,,4,47,285,3388181063050,47,4,2451217225,390574780,0.02,340000000,42000000000,0.0513
pool12rkpcc250wh03m74lvaqhnj8t89umae2v22gqg5rf470yhg6l4v,,GOSLO,,49101732050,,26000000000,,0,9,285,49101732050,9,0,0,0,0.01,340000000,26000000000,0.0007000000000000001
pool12rruj0mjqzaf8ryg7ny0x77y80lpdxd7zh4kgg5zyy0r2rzue0q,,INFAR,,877523851778,,2500000000,,1,8,285,877523851778,8,1,369616951,345656441,0.015,340000000,2500000000,0.013300000000000001
pool12rs385dd534g8gtdtmnvlhq63whdvc6vnuzxa5cpx843zdy73qy,,TERA2,,38213557888444,,300000000,,41,671,285,38213557888444,671,41,28553859543,340000000,0,340000000,300000000,0.5785
pool12rv575nj9cfvy0r4th7jtz5x3nt6waht0qe5fdr58ucx77tk7pu,,4BIZ,,5647630894,,5000000000,,0,1,285,5647630894,1,0,0,0,0.01,340000000,5000000000,0.0001
pool12t3zmafwjqms7cuun86uwc8se4na07r3e5xswe86u37djr5f0lx,,NORTH,,54610925802291,,10000000000,,50,2183,285,54610925802291,2183,50,35325599662,340000000,0,340000000,10000000000,0.8267
pool12tlu3dm864fzxgcjp9jrsykcmcvxskjtqwy07z982avqx3n9dp2,,,,26564040020,,18308000000,,0,4,285,26564040020,4,0,0,0,0,345000000,18308000000,0.0004
pool12tvj2j05hh6gtsvw349vuesyn0zphh75u7vadh5rkjs566s2ty5,,,,12797432450,,4000000000,,0,5,285,12797432450,5,0,0,0,0,340000000,4000000000,0.0002
pool12u28yewx8ycf6dj77lzpj6vvhjwp6veh6kxpc63h8fqnqqtlwmu,,NOOPS,,1019302418561,,60000000000,,1,552,285,1019302418561,552,1,348217321,343749308,0.01,340000000,60000000000,0.0154
pool12udshcl3ycj4qpxes28n0ugsye23h89rj8z2a5ast4482m08xe7,,QQQ,,33186211362711,,0,,25,22,285,33186211362711,22,25,790900,17926405625,0.9999,9999000000,0,0.5024000000000001
pool12ugg9qr63jpk85cex2gfyns87dnwt2eavpqs0enx8mqnqdjgyrt,,MS13,,10007441014,,10000000000,,0,1,285,10007441014,1,0,0,0,0.04,340000000,10000000000,0.0002
pool12ur7gf2psr2grf83u6gturpv2je6vxq9rkg8malygdxqkwnqc5h,,,,6012861930,,13000000000,,0,7,285,6012861930,7,0,0,0,0,340000000,13000000000,0.0001
pool12va8zrqehhwuz39trxgq6dagzjyq3qjenqd96jy9qvwwx2372zv,,BNP,,65902964279104,,2000000,,52,2,285,65902964279104,2,52,34725386413,2561614387,0.06,345000000,2000000,0.9976999999999999
pool12vk3een3z43fhc8aph3276g0p0ehj3wrh3qt4xmaxa72sqnkqfq,,VENO,,517433845,,500000000,,0,1,285,517433845,1,0,0,0,0.01,340000000,500000000,0.0
pool12vksla7wxusvhx0th4eh0aa0qgsm9sgs9u33t6s0qc35y0u6kyu,,,,627945519197,,2000000000,,0,11,285,627945519197,11,0,0,0,0.02,340000000,2000000000,0.0095
pool12vs4c3cm0tr49c7alrevfs0xa5g3s4al4fn46h33e69uusat04v,,BLOOM,,52748189535659,,1000000000000,,42,2327,285,52748189535659,2327,42,28151725021,1535793385,0.04,340000000,1000000000000,0.7985
pool12vv4c6z7yf8j4m2amzej4j8tn2d4dxklqk5nqztz7wl02gratjp,,RETIR,,886367835098,,0,,2,166,285,886367835098,166,2,1026500752,340000000,0,340000000,0,0.0134
pool12vyqstpuv48tgs2ygf57npl6phzscrfll46lyq6tw4l4xknp54k,,,,65146618105,,30000000000,,0,5,285,65146618105,5,0,0,0,0.005,340000000,30000000000,0.001
pool12wpfng6cu7dz38yduaul3ngfm44xhv5xmech68m5fwe4wu77udd,,APEX,,62503776655,,50000000000,,0,6,285,62503776655,6,0,0,0,0,340000000,50000000000,0.0009
pool12x6z2am9fxpw7s8wfjpsdd4jm2v5wdj62fshv00ztpxr6jy3ztp,,MIAS,,593799895,,100000000,,0,2,285,593799895,2,0,0,0,0.01,345000000,100000000,0.0
pool12xyhj4ktuhy0gage20p3e6z6r3s0tun7lmsk89lxv4y5wh93t0g,,,,1621362,,0,,0,1,285,1621362,1,0,0,0,0.1,340000000,0,0.0
pool12yfqjghmn47qajajqduf2rd83qxtdhva8j0qdctmla4v5w3mhq4,,,,3557619602426,,31544000000,,2,33,285,3557619602426,33,2,1082293793,345471546,0.005,340000000,31544000000,0.053899999999999997
pool12yscr8j3zs34ewxrwlk0p2w5uvgcnrzywpp78ddjsj8kxd530f9,,GERO,,4972630768778,,50000000000,,6,462,285,4972630768778,462,6,3949767100,340000000,0,340000000,50000000000,0.0753
pool12z39rkzfylvn9wfe8j6x9ucq6g2l4mw4azj70y0gd8ejczznyj3,,BRAVO,,52931619640972,,310000000000,,44,5656,285,52931619640972,5656,44,30197702346,646951404,0.01,340000000,310000000000,0.8012999999999999
pool12zcqkql458zh0pxvpw9qad8mceccdatk2lm0cpxfql557lhve8y,,,,14622111253,,2000000,,0,5,285,14622111253,5,0,0,0,0,340000000,2000000,0.0002
pool12zf0upyw2yljvrjfy4kaedpl48jjhq8gr0xhpsvn6xs3cv4z9k4,,SCAR3,,6362710058,,1000000000,,0,3,285,6362710058,3,0,0,0,0.0199,340000000,1000000000,0.0001
pool130hx49xrg3cjtdqnqegmn03z8fgu6juenyctws0feh6ekdy0fam,,RAVEN,,176263578190,,1500000000,,0,10,285,176263578190,10,0,0,0,0.05,340000000,1500000000,0.0027
pool130sxcuaxh2yc4chs68c4jsep4v7zfhgdqutm60ngdvt9sa2ga06,,,,1535480602550,,600000000,,3,65,285,1535480602550,65,3,618706113,376295636,0.02,340000000,600000000,0.0232
pool130u9tm5kzsjkzlt4zq989s33fne5n9qahkdcmamh688wzrk78g6,,HAUS,,4515315649,,500000000,,0,2,285,4515315649,2,0,0,0,0.02,340000000,500000000,0.0001
pool1328ql2v48e4q93eml8r5w8qgcg8yqe7ved90la3qrjmw7pnty9l,,,,63931807434024,,63000000000000,,62,1,285,63931807434024,1,62,,56760370194,1,340000000,63000000000000,0.9678
pool132tyjuruq8lajz9gpg5fh4h0nyqu8rz0t6ja3vnufgm3yqrdv6d,,,,6004249732,,6000000000,,0,1,285,6004249732,1,0,0,0,0.02,340000000,6000000000,0.0001
pool132wlg2axv5elynquuwt40tc2av9pl0583axmvu4hwch9unh29y3,,WADA2,,16434614645,,10000000000,,0,2,285,16434614645,2,0,0,0,0,340000000,10000000000,0.0002
pool134qwr4wczuvr5r9zvylhmxv2dtpevgtz4khn65tk4a7tkh9cd52,,WAV9,,55297860581,,100000000,,0,1,285,55297860581,1,0,0,0,1,340000000,100000000,0.0008
pool135kjd2etxznjgrk40m8ut2dh5mjen5ud6gag4fukmxg8xxtf887,,ZEL,,2232764293,,100000000,,0,2,285,2232764293,2,0,0,0,0,340000000,100000000,0.0
pool13682rvnneuwl5j7tfh0zfp2t808zujjdrw499qkahuxd6zqxz00,,,,1000000,,761705955,,0,1,285,1000000,1,0,0,0,0,345000000,761705955,0.0
pool136903m0kag2amlga2ypcz8wnf7d552qgy5t6vz2pqlzuq2kyshy,,DEEP,,131426826336,,200000000,,0,14,285,131426826336,14,0,0,0,0.03,340000000,200000000,0.002
pool136ahugdvaenv8ed0d3m9af4dxxtzu7u3vpfq4mxk7qq6xuvd0ca,,BLOXB,,325441983953,,50000000000,,1,8,285,325441983953,8,1,258471758,353202902,0.035,340000000,50000000000,0.0049
pool136mu955m4fl6stzq9rjrsww92xftwnjr85997zykeqylc9h3k8u,,ODA,,3092547,,100000000,,0,1,285,3092547,1,0,0,0,0,340000000,100000000,0.0
pool136wr0g23dw9daekuyqtgk366vywms6meespgpm3hdguxqczaaug,,DDLT,,25956698848261,,100000000,,18,1568,285,25956698848261,1568,18,11915878836,968080651,0.05,340000000,100000000,0.39299999999999996
pool137cuaqqktk0rhh3a9zj4rchr75qm07pgzgekprle5qyq2xk2nzq,,PDT1,,232235372094,,100000000000,,1,14,285,232235372094,14,1,212654643,343772737,0.01,340000000,100000000000,0.0034999999999999996
pool137fwd42fzdpddzxh56gxntpke3hcm5scr7f0fwn9f3xrsd4pu20,,,,2496625878,,2490000000,,0,1,285,2496625878,1,0,0,0,0.01,340000000,2490000000,0.0
pool137j9xuzycq4jxfpsmjnc75w2wnpz68khlwvsh69kt5negg6ldhg,,WHITE,,4180178504186,,50000000,,1,55,285,4180178504186,55,1,372284565,343771204,0.01,340000000,50000000,0.0633
pool137v8645ntsr26rmmq048r9g4j2xywfratlzhx9s0jvmqynh8etp,,,,4424341,,1000000,,0,1,285,4424341,1,0,0,0,0.01,340000000,1000000,0.0
pool137x32lrkprphrd0aa8x4jqz98z6lc0wawlc88hdjeps4qe408ad,,KUBE,,16238107051003,,5000000000,,14,24,285,16238107051003,24,14,9335314972,631123817,0.03,340000000,5000000000,0.2458
pool137z0e424exkl23u59a6p8q2mvzqsw8sxlv2gy8vs8zmkqzq2wk9,,MAVEN,,118110975061,,30000000000,,0,3,285,118110975061,3,0,0,0,0,345000000,30000000000,0.0018
pool13846y7q7tng3endxhet9qdcz5w0fjs09ytcye4dm5g54wmyqeqr,,BSP,,18062921669020,,40000000000,,13,355,285,18062921669020,355,13,8687305440,430002435,0.01,340000000,40000000000,0.2735
pool138e249zh9l93azsf2pf7wyhxyayzcxdhsrg3vqpfx665c8xa348,,LGND,,53694740,,500000000,,0,1,285,53694740,1,0,0,0,0.01,340000000,500000000,0.0
pool138m7hevnvp664cmtralju857t5k7e4frpnaevtgpuykggr50kne,,ITC,,45868958778955,,10000000000,,45,6340,285,45868958778955,6340,45,30379674254,1605671328,0.0399,340000000,10000000000,0.6944
pool138ympy6qjnq35snr5utt072dzt4lnzppyjauuppce4heqn2rgjc,,FLACH,,3198848573605,,50000000000,,3,5,285,3198848573605,5,3,,2151744727,1,400000000,50000000000,0.0484
pool139ffqrvyqu9sgsekk3pu9t7jxx872w655vses7d4q4sxxyd257a,,ADATH,,919034061530,,0,,3,169,285,919034061530,169,3,1743860439,358107984,0.01,340000000,0,0.0139
pool139l6650n4u0gg9fmnd3aczp62q5xwngp299pwwhe2mj7sm5vqs6,,,,280348678,,0,,0,2,285,280348678,2,0,0,0,0,340000000,0,0.0
pool139q8kztma4y347zvf4je8y3yc7fdf3zhmn6l48qaaflcw630gr7,,,,465703059197,,100000000000,,0,11,285,465703059197,11,0,0,0,0.025,340000000,100000000000,0.0070999999999999995
pool13annzt9hjfc822f0ejvxjf7fsmxd6cc28whpk5kagec6ggfmm7u,,STSH3,,39882195033467,,1000000000,,5,16717,285,39882195033467,16717,5,3077904257,507022382,0.05,345000000,1000000000,0.6038
pool13c9mnvfx4nvwvkszxcprwlv60fh3tteef50hhhv9yxptsua2v70,,DARK,,64007308692907,,68000000000000,,63,4,285,64007308692907,4,63,,57863814957,1,340000000,68000000000000,0.9690000000000001
pool13crd2ljx87988umk22er6ynwadfwdqupdpcq6prc6v59z62kxse,,BLOOM,,20051545181001,,1000000000000,,15,799,285,20051545181001,799,15,9492280316,756523640,0.04,340000000,1000000000000,0.3036
pool13emfyzp87amgcma2sr7v3cdk4l4asy548yuhqv4p5xgw2zjal5j,,,,11376951367239,,2500000000,,9,3,285,11376951367239,3,9,5806870806,645693233,0.05,340000000,2500000000,0.1722
pool13f63dxux2xh0hswdrq45f0446cpvwjlyccjpjhkf7cfn6y5d6mn,,TCA,,683264860891,,5000000000,,0,12,285,683264860891,12,0,0,0,0.05,340000000,5000000000,0.0103
pool13fg83xz9t4yunpzjmcras7kqpyssl6247uqva53s6jntskmhvc7,,,,93032422192,,500000000,,1,10,285,93032422192,10,1,123634225,340000000,0,340000000,500000000,0.0014000000000000002
pool13ft2syyqvrd0x89hcyskvz3dymqz6xavq646x2gy79lq6lrthrx,,VKP,,91768404029,,1000000000,,0,5,285,91768404029,5,0,0,0,0.03,340000000,1000000000,0.0014000000000000002
pool13gyxktxqh8umjn3dh2uk9nucacnegl0ppcsfg236hkfhcg8asxf,,OGER,,17758678,,50000000,,0,1,285,17758678,1,0,0,0,0.15,345000000,50000000,0.0
pool13hc7e9axpm0c4us03rwcw996t8zyz5452p0hpa6ehpy2z6gnqae,,AZER,,52983116604,,7000000000,,0,19,285,52983116604,19,0,0,0,0.025,340000000,7000000000,0.0008
pool13jf2uxjk7c2cl6nfllvnrdd6sv4eeq9zvwx23u3wrf97kvufj7x,,,,9676791325072,,0,,12,4,285,9676791325072,4,12,,8605055258,0.9999,9999000000,0,0.1465
pool13l0j202yexqh6l0awtee9g354244gmfze09utxz0sn7p7r3ev3m,,DUCK,,283592079949,,1000000000,,0,15,285,283592079949,15,0,0,0,0,340000000,1000000000,0.0043
pool13lswc5y4zycu9u63ktssp6rnczt97fy54cqk4s2ehwjawg5tlh6,,XMOO,,274921280,,200000000,,0,2,285,274921280,2,0,0,0,0.004,340000000,200000000,0.0
pool13lz5g3f0kef09j5jvlw4t0dq7ejugl5q8sh0r8yyaxhdu04z560,,ADACP,,3100645989,,5000000000,,0,1,285,3100645989,1,0,0,0,0.02,340000000,5000000000,0.0
pool13m5c3jtlvg2mgk5chl5zu8adsdk47qumlpxmuspcd3855m8t73r,,,,3702022794924,,36000000000,,5,13,285,3702022794924,13,5,3118010422,437380603,0.03,340000000,36000000000,0.055999999999999994
pool13n4jzw847sspllczxgnza7vkq80m8px7mpvwnsqthyy2790vmyc,,,,168714011171,,50000000000,,0,12,285,168714011171,12,0,0,0,0.03,340000000,50000000000,0.0026
pool13n97kqrn3rauruvq6kmqxmu9f3hwzq6rq06wf7lm8e2kvuuyr9t,,IKIGA,,95641912132,,35000000000,,0,2,285,95641912132,2,0,0,0,0.02,340000000,35000000000,0.0014000000000000002
pool13nxvgx29ce2mn45ngcj0qmj567sy6qhg8gllve0e84w2gdp6fqh,,,,73585631,,10000000,,0,1,285,73585631,1,0,0,0,0,340000000,10000000,0.0
pool13p67qys4zaa52phfv39dd7da5zh2vvr26gt7fwmx20slj6e6pmd,,,,79075477038,,50000000000,,0,22,285,79075477038,22,0,0,0,0.02,340000000,50000000000,0.0012
pool13p725l7vqedxvkrstaq7myguewcktjglapwls3re7wakxdv90fw,,ANCO,,1222082779,,100000000000,,0,2,285,1222082779,2,0,0,0,0.015,340000000,100000000000,0.0
pool13p8rkc9nv8umw98qdvjqv0tmwgjmzlmyedrd3m50pjpp58ek53a,,,,116330953,,40000000,,0,1,285,116330953,1,0,0,0,0.02,340000000,40000000,0.0
pool13pclvkwxee4znt7qc55k8ny89zvdkvfrt04dtd99zjm5vs2tws5,,CCJ2,,54166821364266,,100000000000,,44,172,285,54166821364266,172,44,29671277694,1838856842,0.048,340000000,100000000000,0.82
pool13pt7us94nw782t5v4d89sz8zqn8hcn8r8r7hhph5mvxvvp3c76v,,DIGI6,,992633005858,,215000000000,,1,30,285,992633005858,30,1,279496507,343776997,0.01,340000000,215000000000,0.015
pool13q8kl9s0kufpl0vjmnrk2f2nz9nle3k9l3pnzh4negaf7kmd80p,,,,3324258379,,1000000000,,0,2,285,3324258379,2,0,0,0,0.05,340000000,1000000000,0.0001
pool13qdkwy5y88ncr5qpjrh8hgtf94d0zw4wuhgezjg3hvlyyrh37c7,,SECUR,,15822546077283,,100000000000,,10,208,285,15822546077283,208,10,6521180146,340000000,0,340000000,100000000000,0.2395
pool13qqaukspw73rcpxj0qmvlahm4ch5dc0rr2qfx02hxgzncvqe0nc,,LEAKS,,995534363119,,0,,1,9,285,995534363119,9,1,301749262,340000000,0,340000000,0,0.0151
pool13qze0weztaxl9uje7gjryzs85mwlx0cn9pgdnkdxs3xvu78tsr3,,,,6433944784,,25000000000,,0,12,285,6433944784,12,0,0,0,0,340000000,25000000000,0.0001
pool13r377w5pmy4tmhuvw0cf9q23asslzjytsruwa27tdnflq7hfjgk,,,,60162376129879,,20000000000,,58,1831,285,60162376129879,1831,58,411149862,41182278304,0.99,340000000,20000000000,0.9107999999999999
pool13rx88l4d5gpw69e586tfcdeuzmx6f2ys95pqjnlnmlzrs739h0y,,btcs,,38603367996308,,3000000000,,29,160,285,38603367996308,160,29,,20795833340,1,340000000,3000000000,0.5844
pool13s6u5zjngelr5uddhqygqqf5tcup0g3ajenma6amy9zuu7e97gm,,CTL,,249110759352,,200000000000,,0,3,285,249110759352,3,0,0,0,0.01,340000000,200000000000,0.0038
pool13t6cwz9hhr8xm29pc94zyg5tx3kteqeu8gw2nc3lhzatqegzp6z,,,,62642912919826,,20000000000,,65,2280,285,62642912919826,2280,65,460769317,46152087142,0.99,340000000,20000000000,0.9483
pool13tnpm4fq90zfq0v47ad4pmk25t5dvrh3udhcr5wv7mm9uq6g787,,,,6749185,,0,,0,1,285,6749185,1,0,0,0,0.001,340000000,0,0.0
pool13u45a953lme8y835e5upndqp50r887dha7gt26v6hcaeup4aavx,,QET,,1729423021,,1729000000,,0,1,285,1729423021,1,0,0,0,0.0199,340000000,1729000000,0.0
pool13ucz6778ywff5pmcag4pcknq9gm6j04qtgh65cu9c5mt73t5ulv,,GLOBE,,137761299094,,50116000000,,0,8,285,137761299094,8,0,0,0,0.02,340000000,50116000000,0.0021
pool13vlrmzhm84jxe06fmjhs5qxwznrlpx6drpszf9x7ukfwslcq9c0,,CBS,,103166538638,,10000000000,,0,8,285,103166538638,8,0,0,0,0.019,340000000,10000000000,0.0016
pool13w9mcp8af4ef8vwsw624ams38w7hs0chvtjknz2t3pcxkm8w9m2,,,,252325925575,,5000000,,0,1,285,252325925575,1,0,0,0,0.99,420000000,5000000,0.0038
pool13ws3wf9skw0ngg3aze482tdxqsnfmvf4vgy46cux599mxm8n27g,,8BALL,,1058630031947,,808000000000,,4,19,285,1058630031947,19,4,675944287,365313089,0.01,340000000,808000000000,0.016
pool13wwxqu7sj9cunca3gc8lunqtz8e5un9phrhq52870ful6jw6usm,,,,4155211604964,,50000000000,,3,30,285,4155211604964,30,3,1784040917,340000000,0,340000000,50000000000,0.0629
pool13wzpwavanfpkr4r4j30plrlc6dn6p822lkt22zdllmy7q8y7s90,,CARBO,,1300537803341,,50000000,,0,120,285,1300537803341,120,0,0,0,0,340000000,50000000,0.0197
pool13xh3tgwzhr3hn25v5m2dnvqnfcmnzghcfah5t7kzufkywuy7w7v,,,,15236181986045,,100000000000,,9,264,285,15236181986045,264,9,6014090732,401155919,0.01,340000000,100000000000,0.23070000000000002
pool13xj62peuvfhdx25ll39rx0wef04zmnm3e4rpzw62vn7esdscfaa,,CUDA,,34111622240,,25000000000,,0,19,285,34111622240,19,0,0,0,0.01,340000000,25000000000,0.0005
pool13zdrhek6m4n947grhrm0772zt09lrm2vzkffsla25e7yq6xqjkg,,FPOOL,,55817552659,,50000000000,,0,5,285,55817552659,5,0,0,0,0,340000000,50000000000,0.0008
pool13zh79cqv3y36cgknzagwegp8y0kuzel2j046jmup97hhjwk5myw,,,,1048274981224,,100000000,,4,45,285,1048274981224,45,4,2292716174,403228657,0.025,340000000,100000000,0.0159
pool13zkcgp7se22046p9gczt98au93dw85q2g7m3zany4kzf66y46x0,,TERO,,19505293268,,2252000000,,1,14,285,19505293268,14,1,277656490,345508565,0.015,340000000,2252000000,0.0003
pool13zq5jktx7xmngfer82nkrs8aqjklmydntxdqzttas328yuttgx6,,,,154458858802,,100000000,,0,19,285,154458858802,19,0,0,0,0,340000000,100000000,0.0023
pool14048xr6uxg2hcakgwevh6zmsj02sw4xsyaxk033dws6tjnaljup,,,,142178099449,,125000000000,,0,14,285,142178099449,14,0,0,0,0.03,340000000,125000000000,0.0022
pool140hfh3ns34wzjcyz0wcmx3du493cwl3c92hsr0z8kns5gts09gf,,,,319954879490,,8888888888,,0,72,285,319954879490,72,0,0,0,0.00888,340000000,8888888888,0.0048
pool140j5dhrhhvpa259wa6wmnqzt8ha872mqa7hg92u8v4e2ym8t9hx,,,,36109977087,,1000000000,,0,3,285,36109977087,3,0,0,0,0.01,340000000,1000000000,0.0005
pool140x77a7cz2j689lmxf836qpjtc3y83rka28v6gpswxdw2mag62e,,UNDR,,17604364181714,,250000000000,,17,63,285,17604364181714,63,17,11327030135,694739054,0.0299,340000000,250000000000,0.26649999999999996
pool140xj040w37pcufxdhpjne03sn2rd0fxys4m2c0sgjw5pqjnlx8f,,LAKE,,193942959411,,25500000000,,0,21,285,193942959411,21,0,0,0,0.02,340000000,25500000000,0.0029
pool1429egqgv60r3nxlp6cvs08qcffv7duddjvyjd0pt6wzhj7akda8,,,,5306968207653,,50000000000,,5,166,285,5306968207653,166,5,3175787254,372462462,0.01,340000000,50000000000,0.0803
pool142cpn2gm89q72srv9pt7jtt7p7yg43a8ltfqhz3jp3t3xuh7x48,,QUASR,,10324370808,,100000000,,0,2,285,10324370808,2,0,0,0,0.045,345000000,100000000,0.0002
pool142xwjhpcvtp7tahpmn8tlnek7smefp9wn66z67j8vjpmjxqdg56,,EDEN,,12302227126518,,1000000000,,12,302,285,12302227126518,302,12,4928536375,423913792,0.01,340000000,1000000000,0.1862
pool143x8nhnr3j9mpzvhayuaen0y8l350guj6yd8mhmhhuupvuah3hh,,XSEC,,169222782173,,580000000,,0,11,285,169222782173,11,0,0,0,0,340000000,580000000,0.0026
pool1442wwr8zzdpcu8uwnglackzr3u5ggrmfxsjja0s7aef66hk2fuc,,PASTA,,38410600325,,20000000000,,0,12,285,38410600325,12,0,0,0,0.01,340000000,20000000000,0.0006
pool144cfav5vd6vwaej6cspzea3pjfvdcjg86uzv9phxegz87ynw2zz,,,,160730261,,114509625174,,0,3,285,160730261,3,0,0,0,0.03,340000000,114509625174,0.0
pool144m894gswuy3se407ma5870nkaw5ylykrak73gf4kpepj50ulfa,,CLUB,,1218862834479,,0,,2,145,285,1218862834479,145,2,999750497,372823803,0.03,340000000,0,0.018500000000000003
pool144rdq5wqavym37k37dcagng7p4le9rfsr6gt6jjw6va95c3luxg,,,,512197807385,,100000000,,0,6,285,512197807385,6,0,0,0,0,340000000,100000000,0.0078000000000000005
pool1456lrrp0a3gsgkmyx0rm8wkdmdku75tfdlu9xvpffvxmqmjkwee,,ADPL,,3442222424767,,25000000000,,3,21,285,3442222424767,21,3,1704989427,430575311,0.05,340000000,25000000000,0.0521
pool145ak0czqxe97ef38zjupk0pz5yk7pahcyrdfee2lrnsnwawj6dc,,TIA,,18034908424262,,10000000000,,15,999,285,18034908424262,999,15,9720682289,807289738,0.045,340000000,10000000000,0.273
pool145syjlq30ph60rwwutnuxf73p029vag7tq7tv4jfj07nkh6spvs,,G4UR,,11428696723,,11000000000,,0,3,285,11428696723,3,0,0,0,0,340000000,11000000000,0.0002
pool145v4l7yyrrfsgwq99yl7rtr6xa3jmdj738wlwtv8tkp4qgvvl9t,,GDANE,,204006845,,490000000,,0,1,285,204006845,1,0,0,0,0.005,340000000,490000000,0.0
pool1468w3at8dg7r4t006rh84k6haw7nnht3ymy9zln33hzvztpyjum,,,,117447309,,100000000,,0,1,285,117447309,1,0,0,0,0.03,340000000,100000000,0.0
pool146tvhyjes5recygg5sfwsy97rpcadr9tdhlmdmwm4jddkd784p2,,,,25304281560,,16000000000,,0,15,285,25304281560,15,0,0,0,0,340000000,16000000000,0.0004
pool146u0r8qh0jg6rd3th76q6cepwm03nya4pkvfj08juqrz7wxnfv9,,PINAS,,7622358,,100000000,,0,1,285,7622358,1,0,0,0,0.02,345000000,100000000,0.0
pool147en6w8f9cplnn5x7qt4ese7fpacmmcwuffrtu0yqxpaz4agppr,,STI2,,17165344213652,,37000000000,,15,1282,285,17165344213652,1282,15,10172444321,495851989,0.015,340000000,37000000000,0.25989999999999996
pool147t2chee9vcyjxtafwd8emkjj88f9dra0xa2clgwlr6m7tzdzvz,,GIGAX,,6463203839,,10000000000,,0,9,285,6463203839,9,0,0,0,0.03,340000000,10000000000,0.0001
pool1484zq40k4xg69t55z4fqz78zz6j3t9pvlw4jd635w692xhfzkka,,,,30471557042,,30000000000,,0,1,285,30471557042,1,0,0,0,0.01,340000000,30000000000,0.0005
pool1488f5rzus7kpu3zr6zwyw8mdy0rj4m3knssv58enurgsx40msjf,,,,1087461798,,500000000,,0,3,285,1087461798,3,0,0,0,0.02,350000000,500000000,0.0
pool14a2cm3gxv5alhfsfz93zktvmss9wdjqespkh2yn4rahy2dayynz,,,,7745917440,,7745917440,,0,1,285,7745917440,1,0,0,0,0,340000000,7745917440,0.0001
pool14a39gegmmc0xp7u3vr2lxggpphjm97nef6d35ytrukfwqvavj8j,,,,50149636595,,5000000000,,0,5,285,50149636595,5,0,0,0,0.005,340000000,5000000000,0.0008
pool14azlz8eaqymgg3f58f3q2h0gk5vfxgumc045jm3lyvsuuugh5nd,,,,7545919595,,5000000000,,0,3,285,7545919595,3,0,0,0,0.01,340000000,5000000000,0.0001
pool14cautfm2e8jxv79tv59grnryjxs8f2wewz66wup695xgu7wjnvr,,,,1266349394543,,2020000000,,0,73,285,1266349394543,73,0,0,0,0.005,340000000,2020000000,0.0192
pool14cq4fchmmqjygwjw4zexmqqd6a7caxptjnvseyu6wanjuppv4vk,,CH1,,1261370420491,,3000000000000,,1,3,285,1261370420491,3,1,,340000000,0,340000000,3000000000000,0.0191
pool14cteh4nuwyvqadavujaf8qy05g208y66ddmct4vwlzurj0zluet,,NOBES,,404310161334,,1000000000,,0,135,285,404310161334,135,0,0,0,0,340000000,1000000000,0.0060999999999999995
pool14d9malnn8pmyjfr3fagp8k6a04mavehffa9mh5c852ny53krcfl,,,,106900793466,,50000000000,,1,8,285,106900793466,8,1,91924899,347543107,0.02,340000000,50000000000,0.0016
pool14dswwngc8j92uek927jced2lfc7c4pa4ss9gry9nu9rhkc7a055,,VRIJ,,202119603655,,100000000000,,0,11,285,202119603655,11,0,0,0,0,340000000,100000000000,0.0031
pool14dz6syalxmtlykaudkk50t9xtve0ne2rvtsgqmyvfeg5cxx68n4,,,,149056073889,,1000000000,,0,5,285,149056073889,5,0,0,0,0,340000000,1000000000,0.0023
pool14e7g4xmj77s7sy5uajwvdmvejmjcvhkf449tasq3tz80gv098t8,,,,57373089243,,50000000000,,0,3,285,57373089243,3,0,0,0,0.05,340000000,50000000000,0.0009
pool14e7gept0fycjzh333z2pqgh2vhzr86uu3y3u4n3ursu76qxzf5k,,,,2021055091,,100000000,,0,5,285,2021055091,5,0,0,0,0.01,340000000,100000000,0.0
pool14ecpt42vvd8eytuqpkvqq55u83dqqu2g4wwhj2kylue6utptm63,,,,128315530501,,0,,0,5,285,128315530501,5,0,0,0,0,340000000,0,0.0019
pool14enw2643rn9nn6yzv60jyz3hj4kxs0jvap87lkgsqykh508jxm6,,STSH2,,54039098553086,,1000000000,,32,20070,285,54039098553086,20070,32,21468351154,1475095406,0.05,345000000,1000000000,0.8181
pool14ew090sndtesemvvdk4w06ht0pc2wrmx9ttdtj2jqza22r4s99v,,,,10496509,,10000000000,,0,1,285,10496509,1,0,0,0,0.01,340000000,10000000000,0.0
pool14f58kf59ec7ymk7mm5w07advfgs6a2guur3g5zyf45uvyvl80t4,,EVE5,,1497617298,,1000000000,,0,1,285,1497617298,1,0,0,0,0.03,400000000,1000000000,0.0
pool14fjmlppz76667ws3jl5luejf2wgztuhpsftulvh3ucc65anqgve,,XSP2,,6767609798224,,20000000000,,4,23,285,6767609798224,23,4,2423216369,433563407,0.037,340000000,20000000000,0.1025
pool14fka0t3prjrldjkavqc6vs0zyngq7jw9edek57js94g9v4r25rg,,,,32504902094,,30500000000,,0,11,285,32504902094,11,0,0,0,0,340000000,30500000000,0.0005
pool14fm2a0njalnl8g5zh3ep07um6nyul8qhxm9pyudtvccs53acjkn,,,,64560997939,,10000000000,,0,2,285,64560997939,2,0,0,0,0.00875,340000000,10000000000,0.001
pool14g73qj0qz05ymqg7dp9kxdu8jr7uuzm6z6n3jwxpvqskghhmhng,,TWIN1,,506399718648,,100000000000,,0,24,285,506399718648,24,0,0,0,0.005,340000000,100000000000,0.0077
pool14g7yxpecpp2vt25nc7mjtf8q5g8n362wxksvpxz5fht35khqs0t,,EPOOL,,10000000,,10000000,,0,1,285,10000000,1,0,0,0,0.1,340000000,10000000,0.0
pool14ga04y2dec7vmahzstd2c5mjsw7vq0v62mwclqynvy2wsc5g40p,,WAV6,,16494952270039,,10000000000000,,12,1,285,16494952270039,1,12,,8817913630,1,340000000,10000000000000,0.24969999999999998
pool14gw9d5yhxf5t6k68tqvpa95hragu78yuyr7lm9gz9d9dx2yz9s4,,EUADA,,69398894064,,8850000000,,0,27,285,69398894064,27,0,0,0,0.015,340000000,8850000000,0.0011
pool14gzj8a99u43j2gu3z0wcyedvdca27m2lx7msqxywl3lrcyrvmys,,,,313285815,,0,,0,1,285,313285815,1,0,0,0,0,340000000,0,0.0
pool14h7cjyklnrf2ylu6g2z89n5zckeyprw36lstw7lw5kvqwc4xw2d,,HIMAL,,399662919517,,23000000000,,0,8,285,399662919517,8,0,0,0,0.019,340000000,23000000000,0.0060999999999999995
pool14hhs6ruwnuaf4fzsmx89mvmjl2qhyy5jnzyk2le03886kj6z9yp,,OKYM,,5242827420169,,1000000000,,4,9,285,5242827420169,9,4,2510417353,357698471,0.007,340000000,1000000000,0.0794
pool14hp04q89xy58gh9jjvfra5x8lfzd7jes3jljwcjrh0rcjqkss7y,,CCOOP,,789557670,,100000000,,0,1,285,789557670,1,0,0,0,0.15,345000000,100000000,0.0
pool14hsxa2zfwzvy9ncdjwnx0xkcltjmdydeayxfju7suuuewv0dnke,,KROM,,111160441861,,50000000000,,0,3,285,111160441861,3,0,0,0,0.01,340000000,50000000000,0.0017000000000000001
pool14hxhjjw9x8pcdkfnhtdtvgyjcqn5vspyztcln929rzepyey245z,,AOZR,,1048560125,,100000000,,0,2,285,1048560125,2,0,0,0,0,340000000,100000000,0.0
pool14hxmqyr2scw34fzml8k69ye85x4krzyexnu6serl6vdgjs5zetn,,,,116061188704,,10000000000,,0,4,285,116061188704,4,0,0,0,0.02,340000000,10000000000,0.0018
pool14kd9lt3gsdhv48j9w4vgcufw0txdvz932xwh9dapkpv2c0j4ytd,,FRNTR,,36246166108,,16000000000,,0,13,285,36246166108,13,0,0,0,0.0199,340000000,16000000000,0.0005
pool14kddecyyn0vjm07kr7vctnqnn3dt668dna63epdly220z4kgss7,,CUAN,,215077727,,100000000,,0,1,285,215077727,1,0,0,0,0.01,340000000,100000000,0.0
pool14kg79f3v5lqfvp5etqvmy6m9kuzpnd80w5cl44qrl8tpuk00quc,,HEX,,435058678314,,109000000000,,0,15,285,435058678314,15,0,0,0,0.042,340000000,109000000000,0.0066
pool14ku0z9rx9yx34zl00jtxtpyv6ehytfl8fewztavx7qvju7nrtr8,,BOT,,623197926818,,0,,1,10,285,623197926818,10,1,229274366,347529944,0.019949,340000000,0,0.009399999999999999
pool14l293trv4pdm7uv7pfunq3sawyvf8m00qlfuahenc3uyujqnstf,,,,84596513616,,50000000000,,0,19,285,84596513616,19,0,0,0,0,340000000,50000000000,0.0013
pool14lka9609z3f9kpj0cy2kddupypg0mw2sevehu949hwccsrghrym,,,,599487628,,1400000000,,0,2,285,599487628,2,0,0,0,0.01,340000000,1400000000,0.0
pool14lr9ef5a22ng5xcu2rhpkkc86u5fp24r5gnj6hvnjxmsv8t8rtj,,FRUIT,,290508383937,,310000000,,0,83,285,290508383937,83,0,0,0,0.031,340000000,310000000,0.0044
pool14mfyw7sm2md5svfwh8wf3qpmfqhr8egl6d7j8e5pwpg7vf0crz5,,,,69432657051,,60000000000,,0,3,285,69432657051,3,0,0,0,0.01,340000000,60000000000,0.0011
pool14mm59ntjqzphjr6chrww639cdr3yjce4qcwzc5jkk38y22u7uc6,,ZZZ2,,56798525356113,,50000000000,,63,123,285,56798525356113,123,63,42560190085,2582339522,0.05,340000000,50000000000,0.8599
pool14msuc40fcjvwl2g6f9p2dxx24ekj7qvemla3pzkke6p86d4swzp,,CUTE,,6990597640020,,5000000,,5,446,285,6990597640020,446,5,3240626230,340000000,0,340000000,5000000,0.1058
pool14mumny7t9l4ydjkqkllylxzzvwf0s5te9vujqet82eszj3d6ccm,,,,1000100,,25000000000,,0,1,285,1000100,1,0,0,0,0.0275,340000000,25000000000,0.0
pool14n0rhrcukundhm9jqtk8fksq6vkzdra4tdgmu3emkrqy7ume8sy,,SAK,,256247080,,100000000,,0,2,285,256247080,2,0,0,0,0,340000000,100000000,0.0
pool14n77mmxh6a2d9k05jamzdwsws2ayvkyje8uc7led958p63at3aj,,SECUR,,6800218908405,,200000000000,,6,18,285,6800218908405,18,6,3391842948,340000000,0,340000000,200000000000,0.10289999999999999
pool14nzt6708j4jgu5f5ajxgp0pdfp42jqraum585dy2r7vt5zulyd8,,BN1AU,,6455060488,,4500000000,,0,5,285,6455060488,5,0,0,0,0,340000000,4500000000,0.0001
pool14p6lu0454w4wq6gsxxftqdz43x3tuv3teunp8kgu08tacgf43gd,,,,497625174,,100000000,,0,1,285,497625174,1,0,0,0,0.15,345000000,100000000,0.0
pool14pm8aq4eu6ms4r5egy6j4g0ny76cpqgy40qgyxa8c4f02kj98wg,,,,3579225114920,,70000000000,,5,28,285,3579225114920,28,5,3130348008,372468694,0.01,340000000,70000000000,0.0542
pool14pp4yawyt9nqqzles0azyel4smzcy55ath07zzt4pk9pw6t8vwx,,,,4861284201,,300000000,,0,11,285,4861284201,11,0,0,0,0.01,340000000,300000000,0.0001
pool14prutdqlndelj94pdz6h03yjh8c2qrmvgzrh4f46nryn2024u90,,ADAMP,,3807649110,,1000000000,,0,2,285,3807649110,2,0,0,0,0.2,345000000,1000000000,0.0001
pool14pwff25hl70dusazjckjqvzft35ew67t33x49hwjm5j7y675ere,,,,117618178,,100000000,,0,1,285,117618178,1,0,0,0,0,345000000,100000000,0.0
pool14pxhk34wlpu2azrnwy9ah8hrzxgffhqthcxcp620209eupfjfcn,,1337,,3080298665,,100000000,,0,2,285,3080298665,2,0,0,0,0.01,340000000,100000000,0.0
pool14rpgdxcawg7zjqv0xl793nhmle76n6r5kqe3j2mvvkdg5llxzg3,,YASP,,149763176041,,52000000000,,0,3,285,149763176041,3,0,0,0,0,340000000,52000000000,0.0023
pool14rs7ky0p867k0fe9mk3uug9c6w0mwlz3sllh7rpwxcqacr70s8t,,KIKO,,110497619322,,110000000000,,0,1,285,110497619322,1,0,0,0,0.029,340000000,110000000000,0.0017000000000000001
pool14skj6e4rpjanzclx3fc880xnl8xafgg63tmw93t9xspvwx985qu,,EVRST,,51040821297210,,1000000000,,42,5839,285,51040821297210,5839,42,28621174118,1285617269,0.03,400000000,1000000000,0.7726999999999999
pool14strkpqykx0rahz2xe8nnl6x8vyezhssdnzxk7jrktpgvst3tp8,,,,6629283225,,100000000,,0,4,285,6629283225,4,0,0,0,0.01,345000000,100000000,0.0001
pool14u30jkg45xwd27kmznz43hxy596lvrrpj0wz8w9a9k97kmt4p2d,,,,17983873775537,,30000000000,,10,259,285,17983873775537,259,10,6580370591,579110473,0.035,340000000,30000000000,0.2723
pool14ujg8l2x6fm5jm07jd6jftktt35dzsnefl2jmx9d8vr4cxxkt5d,,,,49472466655,,7000000,,0,25,285,49472466655,25,0,0,0,0.03,340000000,7000000,0.0007000000000000001
pool14uzms3qp0mmxur6kerz4g3kxjyd050278wgy8mqd3pux6d4czfy,,UCP,,16252564583,,5000000000,,0,3,285,16252564583,3,0,0,0,0,340000000,5000000000,0.0002
pool14w5ask2gdumhsqwjft86qhrlm306hvyr7a0pzhkwrsznjsy6ar3,,PTP,,18311549792,,4800000000,,0,8,285,18311549792,8,0,0,0,0.01,340000000,4800000000,0.0003
pool14w9tn4w30dwd2lfv4cwjg2a2e3ukfd0nqrydx37fjzf7z5f5jnk,,KOBE,,1195021583171,,500000000,,2,50,285,1195021583171,50,2,1020430882,367362198,0.025,340000000,500000000,0.0181
pool14wf6e8l64wktss9f30tjzm5th8u85vlc3sc4ulw87tfqkhdl3x6,,THRIV,,1419493374931,,910000000000,,2,98,285,1419493374931,98,2,851032406,376138843,0.035,340000000,910000000000,0.0215
pool14wk2m2af7y4gk5uzlsmsunn7d9ppldvcxxa5an9r5ywek8330fg,,SMAUG,,18611398628007,,1000000000000,,18,576,285,18611398628007,576,18,11887169298,340000000,0,340000000,1000000000000,0.2818
pool14wlry07ztuujxw7lkcpms78jdznp6u0mhhhuhm2crsf7xczldtx,,,,1220399848,,500000000,,0,2,285,1220399848,2,0,0,0,0.03,340000000,500000000,0.0
pool14xn92tl40w4wzkqjwn6y6jqdnkj69xfxcenmympgsarvk6hkqkp,,,,21902976132,,100000000,,0,7,285,21902976132,7,0,0,0,0,340000000,100000000,0.0003
pool14xr4q0726234u4dl9k46amv4g24ahmj2ju642fzp39pevk3wx6r,,ATMR,,246922997237,,12500000000,,0,14,285,246922997237,14,0,0,0,0.02,340000000,12500000000,0.0037
pool14xrvhggk8ftp9qwkaes882890zcatea89y7ay8thu8kvspmk705,,BIDO,,231250951318,,25000000000,,0,3,285,231250951318,3,0,0,0,0.01,340000000,25000000000,0.0034999999999999996
pool14y230zspjkhezehue4p2d9q87xh3p8a0vnpugzdty7gwcruepps,,FAST,,21580131813,,12000000000,,0,7,285,21580131813,7,0,0,0,0,340000000,12000000000,0.0003
pool14y3wr9lkqyeg8z8pwuprmjwahr0ydu0pjs8usy2g93mugtpx622,,GAR,,162110596,,100000000,,0,1,285,162110596,1,0,0,0,0.05,345000000,100000000,0.0
pool14yezww4csqq4ny9xwl45e3vckvrd7rkw2j4f350wl2mqqw6shcf,,MnM,,500879094,,500000000,,0,1,285,500879094,1,0,0,0,0,340000000,500000000,0.0
pool14yp80pjw9xj5audldk56zqcvehy3ewmrejg8kf6py2k5gz42pew,,AMP,,40051475895,,25000000000,,0,6,285,40051475895,6,0,0,0,0.02,340000000,25000000000,0.0006
pool14yrwkr6vxx46pz8zf5dehy2jfwu7pgf0vn4e6u0v97c5ckh9ddl,,WAV4,,166850857260,,1000000,,0,1,285,166850857260,1,0,0,0,1,340000000,1000000,0.0025
pool14z5zuqy98d956cktyjuztaj7u4a4wje88c8ewznqdh6uxwlpnj4,,LINUX,,7095727985,,200000000000,,0,3,285,7095727985,3,0,0,0,0.03,340000000,200000000000,0.0001
pool14zdcvdec8qmqzsat5wg3a2h9f0u5yzrgjew534z8u3gs5durnjz,,PAUL,,27095709182373,,100000000000,,17,3006,285,27095709182373,3006,17,11437382904,695065203,0.03,340000000,100000000000,0.4102
pool1509aw97y38yl6cpamvpzv58hh9c6lxrggxssya9twj9f6xxd394,,HKB,,56466463023,,10000000000,,0,12,285,56466463023,12,0,0,0,0.00111,340000000,10000000000,0.0009
pool150hft90uw7tzr9uvj7tqkjp4u98a9hl20llj3n9ew76kkfm768r,,MONKY,,2291269148118,,3333000000,,3,77,285,2291269148118,77,3,1475722974,358128343,0.01,340000000,3333000000,0.0347
pool150n38x8gquu4yt5s0s6m3ajjqe89y68x96dh32tq8a4es2l6dvp,,ETO1,,65156541518791,,0,,42,2,285,65156541518791,2,42,,30117693405,1,340000000,0,0.9864
pool150tmra3wtm5vhwpn7ndku3djcw030mkvr54ph7gvgp7ugeq0m5m,,,,63932609897109,,63000000000000,,50,1,285,63932609897109,1,50,,45774618892,1,340000000,63000000000000,0.9679000000000001
pool1525d8qqw9cjykckqk9dgz6xmxdevm68zyspz90ac58p4v2gr6zm,,MED,,1345094418430,,1000000000,,2,42,285,1345094418430,42,2,1046802966,350861926,0.01,340000000,1000000000,0.0204
pool152ha79a677s2skr5n9cethtg549nljxm2vlzqfgaf8hq67q3790,,,,109144588,,96000000,,0,3,285,109144588,3,0,0,0,0.05,340000000,96000000,0.0
pool152ns2rs77pscm3mtmnymhwsvq8uglcdc3cvucvsc4jkds5k4te5,,TETON,,803429398011,,550000000000,,0,27,285,803429398011,27,0,0,0,0.03,340000000,550000000000,0.012199999999999999
pool1533ly347ggl6je42ta7l7dv262hg07n8p4y8v32npgvajl6rxqz,,MONTY,,31284898457,,4000000000,,0,4,285,31284898457,4,0,0,0,0.01,340000000,4000000000,0.0005
pool153dhk7t4yxagany2dyglnenh3h9hgunnjjr2magfuf3hqgdphc3,,,,104366167,,100000000,,0,1,285,104366167,1,0,0,0,0.005,340000000,100000000,0.0
pool153lhpqpcms4a73metcjd439h8yzvht2yyjluuav9vfsv75gtf7l,,AGG1,,20514973879,,1000000000,,0,3,285,20514973879,3,0,0,0,0,340000000,1000000000,0.0003
pool154hq0j6u6ydz62mtlu7xaj78mhreyp0zsv2kq7f0qmne2fu4t7y,,CTEC,,43356922079987,,30000000000,,36,37,285,43356922079987,37,36,25205294509,594786719,0.01,340000000,30000000000,0.6564
pool154kk65lzfuwq4zhp8s3fj0m5e5rf0gr5a38v83r9ldy6w8vmw5u,,,,12873548349,,100000000,,1,7,285,12873548349,7,1,340236994,347541764,0.02,340000000,100000000,0.0002
pool154sjkrwdu80wp6mnjvkwk55aj53l4v37z4zwulfak74vcxg60x0,,ANZ,,1274229219977,,64000000000,,3,76,285,1274229219977,76,3,1710073716,340000000,0,340000000,64000000000,0.019299999999999998
pool154tctt8r4je5perl9emrdyx4uc0p645vufr8432uu3ed64n5yxm,,UNIFY,,31238375794,,1000000000,,0,3,285,31238375794,3,0,0,0,0.05,340000000,1000000000,0.0005
pool1553w8qvrpxaxz7jgcktn679qgw2u6n89m955p4jxgkxfuj53afc,,VOLT2,,5256430293,,5000000000,,0,2,285,5256430293,2,0,0,0,0,340000000,5000000000,0.0001
pool1554z79tjljh37v2n9ga8r32c9nzmhd7y6pl8x6jyly22xwrm4yk,,,,5075783,,0,,0,1,285,5075783,1,0,0,0,1,340000000,0,0.0
pool155cu3s06js3llfh07vnzepatfuvt3s5s7uwldt9rzz55wz7pugt,,SPS,,65168816939353,,10000000000,,61,264,285,65168816939353,264,61,41205068974,2509900044,0.05,340000000,10000000000,0.9865999999999999
pool155efqn9xpcf73pphkk88cmlkdwx4ulkg606tne970qswczg3asc,,IOGP,,64328684743223,,64000000000000,,56,2,285,64328684743223,2,56,,51509839109,1,500000000,64000000000000,0.9739
pool155x3l57d4xu52t93f9r55cqaysej4pc2dl3jkc9d6w5ckyu6u7n,,,,253498427426,,5000000000,,0,25,285,253498427426,25,0,0,0,0.03,340000000,5000000000,0.0038
pool15676jwlm6gancffzs2jg9vf5xwzmspyktw75dl4kaucyst4qt8q,,,,1374194708988,,4000000000,,4,15,285,1374194708988,15,4,2362609314,415869384,0.03,340000000,4000000000,0.0208
pool156wg3relgtlhwu55z3wpqurtaprguefe9tzrakhuqyyc60553au,,LAB44,,935386219015,,500000000000,,1,26,285,935386219015,26,1,157306028,343778577,0.01,340000000,500000000000,0.014199999999999999
pool1570hpvwg22nm8uat505mj5hm6p6z26528nuwvrr7r5nh6yavdqt,,,,1000000,,15000000000,,0,1,285,1000000,1,0,0,0,0.01,360000000,15000000000,0.0
pool15730lwmu7vrffkl40wtjrnctsfd840fl5jmuw230r0d65a74k5e,,,,942823411,,200000000,,0,1,285,942823411,1,0,0,0,0.005,345000000,200000000,0.0
pool157e2zadjusu6esf9mmx37nf63ep2gazdeln5mh04ylpcvz59g5c,,AION,,2430007445916,,200000000000,,0,107,285,2430007445916,107,0,0,0,0.015,340000000,200000000000,0.0368
pool157sjc5een0ptynrn6ettx6zr2gl8wm8ymjtwuyravqmmcs45d20,,,,12440621,,0,,0,1,285,12440621,1,0,0,0,0.035,340000000,0,0.0
pool157wrsl3pzfj500grm7p3582y2vhl7velprfj5uxx8har6v2whya,,,,256580041269,,100000000,,0,26,285,256580041269,26,0,0,0,0,340000000,100000000,0.0039000000000000003
pool158ag8p06qm4apd750ekep6een9cdldqsq434ll2mp0ykgunmguy,,ALPHA,,1351403746937,,10000000000,,2,16,285,1351403746937,16,2,636136815,372887526,0.03,340000000,10000000000,0.020499999999999997
pool159e0enndxfq5kqcgzc6dj05a8lmf9wvkychulqss07klq6j7d64,,,,1501613602,,1000000000,,0,1,285,1501613602,1,0,0,0,0.01,340000000,1000000000,0.0
pool159lt33zgmwm4ehyhr39lw5gv4flncg0lswxrrny8fnc4uun4h74,,MOONX,,5157919772,,0,,0,2,285,5157919772,2,0,0,0,0,340000000,0,0.0001
pool159ygj92rz4td2pk0zrz7c2k6z8wu32rq7pcj47elymexs8nlkzl,,MDFKA,,22932717587,,500000000,,0,9,285,22932717587,9,0,0,0,0.0125,340000000,500000000,0.0003
pool15a04yc72q4tfkwaweu86l0764urswee8c3zxperyrdq4kx8nvua,,1PCT4,,52273864234078,,50000000000,,46,27,285,52273864234078,27,46,32205152449,666796988,0.01,340000000,50000000000,0.7914
pool15amxxauxh409wcuc87e0tusfzuka0wfvxhxmpt6vugqgsw6j4d6,,KITTY,,1300259544,,1000000000,,0,2,285,1300259544,2,0,0,0,0.01,340000000,1000000000,0.0
pool15auyy282239uj3z4uah4y74wu5exdy5lpwegj6yn5pzy7g4rv3r,,BNP,,65900970057250,,2000000,,62,4,285,65900970057250,4,62,41465627358,2991867154,0.06,345000000,2000000,0.9976999999999999
pool15ccmgcc4k9t8auxw9v4dfjmrl2kqnuevawn8z6n7xv09utw9hh3,,4ADA,,38021356663308,,300000000000,,29,785,285,38021356663308,785,29,19912915597,749619805,0.02,340000000,300000000000,0.5756
pool15cy4p3axu0m6sfrmxsp46z5cevx3ruksfwjl48730cgx24j4ydz,,TECH,,586163593479,,101000000000,,0,5,285,586163593479,5,0,0,0,0,340000000,101000000000,0.0089
pool15d62znf04qymt6ve536tt5y9ky979ly4um5zmgz9m850vu7wuv7,,NUFID,,51831926185492,,1000000000,,62,3,285,51831926185492,3,62,42795229550,1663589618,0.03,340000000,1000000000,0.7847
pool15d6xp2dhv8n8kx8syc4drruqyclkkmg58se6npeevhkdxprjq5q,,,,53258595884,,25000000000,,0,23,285,53258595884,23,0,0,0,0,340000000,25000000000,0.0008
pool15d764rw53wuy5vtp6wcd7rt2g9snxzeumnzqqfnjskkj57ktrd0,,,,2844294379,,8000000000,,0,3,285,2844294379,3,0,0,0,0.01,340000000,8000000000,0.0
pool15dp6dchtfwml32ls8xuzu4u3xx6kjekc3kvn0enexefxj90hw3c,,CRYPO,,69111136325,,1000000000,,0,9,285,69111136325,9,0,0,0,0.03,340000000,1000000000,0.001
pool15em5uvfe8ujs3ny6ydcnynazvxhnk7dq9hu8zp4qf5jmknx32jn,,,,183584209277,,1450000000,,0,120,285,183584209277,120,0,0,0,0.99,340000000,1450000000,0.0028000000000000004
pool15f9qklmaajysmwx9n3rkgc5s2g3rfffz4x8spnedtzdgq43tpe2,,WEQNT,,9644047676696,,0,,12,365,285,9644047676696,365,12,7974990969,587937897,0.03,340000000,0,0.146
pool15fgwk5vxn34efj79qlfzuahdpu6ax8x2hkchyh8mehdh23q0nqz,,BNP,,65910210348018,,2000000,,66,4,285,65910210348018,4,66,44161692463,3163968261,0.06,345000000,2000000,0.9978
pool15gdh4w26ax66aa2j5ehwcvm46as3jx0v7mhu678y7m5q5s80dwk,,RYZE,,1845212517,,0,,0,2,285,1845212517,2,0,0,0,0.01,340000000,0,0.0
pool15hd4snjh3e3xz808lzjqv2keq7dzukw2xdzzvcksjy4rqzal3yc,,D13,,257580809426,,50000000000,,1,5,285,257580809426,5,1,293425363,349838850,0.013,345000000,50000000000,0.0039000000000000003
pool15j6hdfel6c6zcr8gu39qgp5xkrs264yn9hm8ynhaydjtxvmznxq,,ASKP,,1463694093331,,20000000000,,2,51,285,1463694093331,51,2,1085970675,340000000,0,340000000,20000000000,0.0222
pool15jc92k3rhksa3uf92sluqhhnnetx04l49xttslx67kuxz5e36e4,,MAYA,,7887349485,,2505000000,,0,4,285,7887349485,4,0,0,0,0.05,345000000,2505000000,0.0001
pool15jlf23neurgga440wxfux2g4pk0pwjm0t9mvvzvs0npvy59mdpn,,,,1822883,,2500000000,,0,1,285,1822883,1,0,0,0,0.02,345000000,2500000000,0.0
pool15ju4ktqmtha9vry4mf44hr2psf807n4achj76z8uhawgw9462kx,,,,1961051196420,,20000000000,,1,47,285,1961051196420,47,1,364793927,346788742,0.018,340000000,20000000000,0.0297
pool15jzfzmh3s4vnhm2qm3p5e0632kv8nuw2luxarqrzpa8a6cgnthk,,,,101250210,,50000000,,0,2,285,101250210,2,0,0,0,0,340000000,50000000,0.0
pool15krrlqfd3uc8nea2tw8z3wl2v0fny4enhu3q892988zv7dhv0vk,,,,17945108079,,10000000000,,0,5,285,17945108079,5,0,0,0,0.015,340000000,10000000000,0.0003
pool15ku704knemz35g8qavzj0tx4jrl947qs9zc6t0vflhlj6lp2ud5,,DCT,,3829344680006,,5000000,,3,10,285,3829344680006,10,3,1544775705,358157276,0.01,340000000,5000000,0.057999999999999996
pool15l4plz3r2lm5x48lz78ph7qh8w89zd7ewrg62gvwv7u7kw6tmns,,,,53230921301,,25000000000,,0,2,285,53230921301,2,0,0,0,0.05,340000000,25000000000,0.0008
pool15l8p8v8yzdjvl3vml6qafx0wgy4k6t938jl0qy24wslgw7xlhc2,,,,10047069,,10000000,,0,2,285,10047069,2,0,0,0,0.05,345000000,10000000,0.0
pool15lc77pueslcx44ezd87rykg3l9ks6kk2ckq3xxknsl8q2drkqn3,,,,4819294923,,1500000000,,0,4,285,4819294923,4,0,0,0,0.04,340000000,1500000000,0.0001
pool15lp37f7da0guj662jcxy0eyc49s5gxudcd93j8qz4nfcvuhrsf9,,SCV01,,9435755633599,,100000000,,7,96,285,9435755633599,96,7,4661573538,340000000,0,340000000,100000000,0.14279999999999998
pool15m78a3nfcepn8ekyzx6sa8yexg7cqseer2ktu26f7l9jjq0e502,,NOBI,,22579665211585,,3000000,,15,9,285,22579665211585,9,15,9894206309,860815961,0.05,340000000,3000000,0.3418
pool15mfkj8sl7estcmmd5a07afrx5f4hlz3pcr6p6ay5pfmrjfl2hlf,,DOXA,,2836457749469,,320000000000,,3,61,285,2836457749469,61,3,1564074790,358140507,0.01,340000000,320000000000,0.0429
pool15mv5w2vvfv2kplkrt40ylylyvdudv5axq5nyw6ln3v0gkd2auew,,NLD,,6755710250664,,10000000,,5,422,285,6755710250664,422,5,2980182846,469965433,0.04,340000000,10000000,0.1023
pool15nww4436eq733eypdq7vnllsnqyrwftw434xkvpm2mc2kfue2ux,,SEED,,8835775425998,,1000000000000,,8,1051,285,8835775425998,1051,8,4233939894,555887864,0.04,340000000,1000000000000,0.1338
pool15p326nmjaj47v9u2392tlnngyr5hnj6gru84al3s0akdu9mj004,,PLTUS,,2080612621064,,500000000000,,2,153,285,2080612621064,153,2,694841444,509270543,0.01,500000000,500000000000,0.0315
pool15plk69huszwt6mpamzacu07un6r5u89vhfyq5dvm8u39yhqq2dc,,SSS,,30839363155977,,100000000,,31,10,285,30839363155977,10,31,,22236276518,1,340000000,100000000,0.4669
pool15pmdr6nw3g6mmt7regefp2lrx3njah0gpwsnqm794c4wsr23062,,METAX,,12525999304771,,100000000000,,8,447,285,12525999304771,447,8,5203563160,393984269,0.01,340000000,100000000000,0.18960000000000002
pool15qpzcchpqrqcjuxkfl4h6ruvpzh7yc0y63p475j546f2wrkdyvc,,EEL,,1495959176007,,5000000000,,1,19,285,1495959176007,19,1,364051311,340000000,0,340000000,5000000000,0.0226
pool15r7xg0vrrv2yu8wj3866eap8ftkuxvdk5rjz2lh4xajjq5v3p5d,,NUFI0,,40623901721627,,1000000000,,46,971,285,40623901721627,971,46,31647630084,1319516038,0.03,340000000,1000000000,0.615
pool15szqnwzxu6dgc0emrga2yrjksj76pke4f663ecpyvlhpxq3wpf5,,,,1201506748767,,750000000000,,0,12,285,1201506748767,12,0,0,0,0,340000000,750000000000,0.0182
pool15t2zmpej2qep4n9z6lx854r9lyrq3y4ahdj9kn0dk2qj237xhln,,NUFIG,,53046223249941,,1000000000,,56,3,285,53046223249941,3,56,38621857375,1534513204,0.03,340000000,1000000000,0.8031
pool15txd36fltfgc63qq0yxtpqt88eu76s0yhugn9a6q7f4zspq6k5f,,ARM1,,16054044509221,,100000000000,,12,32,285,16054044509221,32,12,7859008217,422896621,0.01,340000000,100000000000,0.243
pool15uuf0sz5w0kp50wmflxml8ffnz880402nvj54e40e7l8x06y5e6,,MEA,,159805326477,,20246000000,,0,19,285,159805326477,19,0,0,0,0.02,340000000,20246000000,0.0024
pool15vx9ytnkzgee76j4jxswg5hdsq8hkfrhp0dkm8l6psj8cx9z9m4,,FUPM,,105336231648,,60000000000,,0,9,285,105336231648,9,0,0,0,0.05,340000000,60000000000,0.0016
pool15wfu7td5r4k27erk5q5wt06x59skxxyqj206tdnfmfmk7pd3rp3,,,,215735957176,,123000000,,0,29,285,215735957176,29,0,0,0,0.005,340000000,123000000,0.0033
pool15wj590e6gsmpmttrxjd0emck09a0h9tazd2ww77q6duyvg8lyum,,HUSKY,,32411153441992,,10000000000,,28,1295,285,32411153441992,1295,28,18927572930,933101425,0.03,340000000,10000000000,0.4907
pool15wk0wjrau5pv6rp6w34g3mjxqejkfj3yak0xa9m63upcxx63myh,,MCA,,367800532446,,1000000000,,0,7,285,367800532446,7,0,0,0,0.05,345000000,1000000000,0.005600000000000001
pool15wkxegrfflzcyhurrjxsm9ljqtz09xr5rtnqsarnp7hmsz5um3t,,STSH1,,53486309598281,,1000000000,,48,16110,285,53486309598281,16110,48,32366328928,2048767171,0.05,345000000,1000000000,0.8097
pool15xdvllxmlzhz0ct3u35wv3gmzxym06zwg3l6ltuqmcsmv9jq527,,,,25825259,,500000000,,0,1,285,25825259,1,0,0,0,0.15,345000000,500000000,0.0
pool15xfeh7v3kr5j4unyeszxnfvy349d4h8s92h4xdwl2hct6n0wgah,,,,939083298,,700000000,,0,1,285,939083298,1,0,0,0,0.02,340000000,700000000,0.0
pool15xgej4c7ns20y5pt7dc5vq6yj87ss5sl2ffucmh5j766j90ppur,,1PCT5,,30631851627476,,50000000000,,30,108,285,30631851627476,108,30,20820298144,551945038,0.01,340000000,50000000000,0.4637
pool15xsnapsr0fyfjywqnqug0dn4hpv70ayehz8frk9qrgzass43wsx,,,,50128484481636,,1000000000,,54,2,285,50128484481636,2,54,,38722924404,1,340000000,1000000000,0.7589
pool15yg3kdx84gs7j3t4smvyudvq9v95emyj885uh80h8gpg20j39c0,,,,7454250398,,7200000000,,0,2,285,7454250398,2,0,0,0,0.01,340000000,7200000000,0.0001
pool15yyxtkhz64p7a8cnax9l7u82s9t9hdhyxsa3tdm977qhgpnsuhq,,SECUR,,32786475079268,,100000000000,,31,1351,285,32786475079268,1351,31,20907601315,997873223,0.03,340000000,100000000000,0.4963
pool15z7890uxn6nwl2yufxgrdsvjrpd0kzngvudfm2z2yafsjgkfndg,,ZOHAR,,59663723905,,1000000,,1,3,285,59663723905,3,1,342039866,375004396,0.05,357000000,1000000,0.0009
pool15z87p296y3m7eq8pwuu8qs6h2v4d2ctnx3yd2vqpl6txkkdvl5h,,MUEN,,268314820624,,10000000000,,0,11,285,268314820624,11,0,0,0,0.03,340000000,10000000000,0.0040999999999999995
pool15zms2hm7rqffqcdm2kzkv7kz02w6j0kzkhyvn0c4dfctjaaqggt,,,,299190862942,,300000000000,,0,15,285,299190862942,15,0,0,0,0,340000000,300000000000,0.0045000000000000005
pool15zn2lqq4849ujttuthaycpamnyr8ae9k2pn2fkrlfzzsx4ek0tc,,LABO,,14435224267463,,10000000000,,17,1328,285,14435224267463,1328,17,11448329781,695352297,0.03,340000000,10000000000,0.21850000000000003
pool15zrj43nldc357nas0g7glm09wqhtyexxs64skq52mtg6sdrsjzd,,,,6738263,,1000000,,0,1,285,6738263,1,0,0,0,0.05,340000000,1000000,0.0
pool15zrkyr0f80hxlt4scv72tej8l8zwrcphmrega9wutqchjekceal,,ZETE,,54299401755326,,10000000000,,54,2351,285,54299401755326,2351,54,37730704929,724100047,0.01,340000000,10000000000,0.8220000000000001
pool1628y4cuysuspjhcfhmx3te5ctd2vhuak9eft757947zsz5rtx8h,,,,91409049996,,20000000000,,0,19,285,91409049996,19,0,0,0,0,340000000,20000000000,0.0014000000000000002
pool162ejhdrf7m5te4hpuzagrpck6vt78undp2flx9as3lww6uvs4lq,,BNP,,65847351963721,,2000000,,63,2,285,65847351963721,2,63,42139933055,3034892431,0.06,345000000,2000000,0.9968
pool162g6067hj0z3tyxrn7e0wmcz36yqp6nxu3e4x5ahkwvnygsuwqk,,BIZAR,,952026078325,,100000000,,0,57,285,952026078325,57,0,0,0,0,340000000,100000000,0.0144
pool162l5mllj07f6ca7vz8ej5cydxtse0pzxlrdhfqpj6gusylylpxn,,,,5485909457,,11050000000,,0,2,285,5485909457,2,0,0,0,0.01,340000000,11050000000,0.0001
pool162szyrlrwes7qwy0za4ekufgyljfz0lac9t8h8svzale67n8vl4,,MAKL,,496719173,,449450697,,0,1,285,496719173,1,0,0,0,0.01,340000000,449450697,0.0
pool163aacna7n8tgphz40prapjgkrkpvsfttaqt56yeg2psd2umnxqu,,,,50425749,,1000000,,0,1,285,50425749,1,0,0,0,0.01,340000000,1000000,0.0
pool163q9zuwpt9wr8rruuhw2mz6w6em25mhtrv58f8nz9aywj7vzer7,,DARTH,,289666945,,289000000,,0,1,285,289666945,1,0,0,0,0.01,340000000,289000000,0.0
pool163upd22vyphcg5gu90f0vm44gc04qwak6fl7vphdg0fxcp0ga8k,,,,778464005,,760000000,,0,1,285,778464005,1,0,0,0,0.03,350000000,760000000,0.0
pool163zjztxp65euqyrv3w2zernnuh6khqx85hydrwenyeqvvw8v636,,IADAP,,1647577588,,100000000,,0,2,285,1647577588,2,0,0,0,0.019,340000000,100000000,0.0
pool163zy9c8e9dqhxgzuf6rqnn2gewasn37mewq9wpxz90sl7rtj60h,,,,214771499323,,21000000000,,0,7,285,214771499323,7,0,0,0,0.02,340000000,21000000000,0.0033
pool1646vlaras0deljthqtfl9dpdw2xsna799l0kayyu9v44cql4ky0,,IOGP,,2925923,,64000000000000,,0,1,285,2925923,1,0,0,0,1,500000000,64000000000000,0.0
pool164g26r07tugjhpvj94n6v29gtrg4pu6pjcyf6lq4j670u990ztk,,47c,,909217505,,200000000,,0,3,285,909217505,3,0,0,0,0.02,345000000,200000000,0.0
pool164qmul3ag6cc7eh7vuvdde895apz0l9a6p5s56xgf9re2tx4wyf,,CHOSN,,7492000192,,400000000,,0,8,285,7492000192,8,0,0,0,0.01,340000000,400000000,0.0001
pool165cyssah9wcnkuqq339c9fam5wga3x7zl6kw4ktltq5x68tlu4w,,,,6840976160,,1000000000,,0,3,285,6840976160,3,0,0,0,0.03,340000000,1000000000,0.0001
pool165uzxp7wngre355fekttvhcs3977aweshz8cawv0q5gygdv5yuv,,,,67491819322,,20000000000,,0,4,285,67491819322,4,0,0,0,0,340000000,20000000000,0.001
pool1668w66pcrdjmavz0c7vym7s4d3xm7578jy0fqzhk55677t4etud,,KARMA,,1620001400481,,100000000000,,1,19,285,1620001400481,19,1,59191990,351342321,0.03,340000000,100000000000,0.0245
pool166dkk9kx5y6ug9tnvh0dnvxhwt2yca3g5pd5jaqa8t39cgyqqlr,,VIPER,,17774928926943,,401000000000,,11,1362,285,17774928926943,1362,11,7372003071,340000000,0,340000000,401000000000,0.2691
pool166vvvlk496szmtn4uz6wgcq6djryjk70grpap02yxyspjzkr490,,,,714554548534,,25000000000,,1,8,285,714554548534,8,1,359343858,340000000,0,340000000,25000000000,0.0108
pool167n02n48l5hfgfu6e46xq8n3yefccm9dcnmefkmxuymhc8ncrjm,,,,2689502728,,0,,0,2,285,2689502728,2,0,0,0,0,340000000,0,0.0
pool167rklq6c7hj8nt3g880x94pn2wc8kgqx5s8ml988y0qcccr6qsl,,MADT,,3362115550539,,70000000000,,4,11,285,3362115550539,11,4,2437510294,390579869,0.02,340000000,70000000000,0.0509
pool167zl76srpt5a2gthpsq0ye9z4fpray5vsh7xyzcn63hd5mnw7fa,,NUFI4,,60955918093499,,1000000000,,54,248,285,60955918093499,248,54,37218050723,1491640619,0.03,340000000,1000000000,0.9228000000000001
pool168235cjpsrvwnvddmhc7dmtcqr7c40j2mlrph3qvuxk3jqls0wy,,OMEGA,,4738366,,625000000000,,0,1,285,4738366,1,0,0,0,0.01,340000000,625000000000,0.0
pool1687dfgyljnhamx05h6r04zdllv68exatshhd0jny4q56skc0926,,TRUEC,,3360713955,,3355000000,,0,2,285,3360713955,2,0,0,0,0.025,340000000,3355000000,0.0001
pool168djt9vjw3289y03hwefm9lhsg6xww624fkk52w55nt765l44wl,,1PGO,,1000000,,10000000000,,0,1,285,1000000,1,0,0,0,0.01,340000000,10000000000,0.0
pool168t0xlm0dtdgf7d5w2mrm7ulsw4czpw297yvrpke9pmjcc9hz7k,,CCJ4,,22617846340081,,10000000000,,21,11,285,22617846340081,11,21,14005294801,1046537437,0.048,340000000,10000000000,0.34240000000000004
pool1692dxqqcsavymwz28w44t2jhyjnakvj4l3gwz2dqrarmc2k6dkh,,BLUE,,538606930031,,10000000000,,0,16,285,538606930031,16,0,0,0,0,340000000,10000000000,0.008199999999999999
pool1693h5jn424n7kazynt4h9r6fe8u8wtsp7us2me60msq5kpv390n,,,,60769724188,,26169000000,,0,10,285,60769724188,10,0,0,0,0,340000000,26169000000,0.0009
pool169mewaur9ma6ffw6x90xhjj0sk9j8yu3ynqz20jh03dj20syqwc,,,,12683789417,,9680000000,,0,4,285,12683789417,4,0,0,0,0.01,340000000,9680000000,0.0002
pool169t8r0420lfrgr47c46kym3na4r2vqvla5wtahl7z9akgwr8eqf,,,,9007030507,,9000000000,,0,1,285,9007030507,1,0,0,0,0.01,340000000,9000000000,0.0001
pool169ys5c50sk66ayy99jtjfmj0a367wkv3hm9c5d0qg7w2u7ya5zz,,,,5221704218,,5063417955,,0,1,285,5221704218,1,0,0,0,0.03,345000000,5063417955,0.0001
pool16a23pum2srw5xmkknvw8dtc8ynqedx3wecmhacez4chrv9huvyg,,BEAR,,10108243895,,10000000000,,0,4,285,10108243895,4,0,0,0,0,340000000,10000000000,0.0002
pool16agnvfan65ypnswgg6rml52lqtcqe5guxltexkn82sqgj2crqtx,,SPIRE,,65975264304136,,500000000000,,71,5633,285,65975264304136,5633,71,49847873600,340000000,0,340000000,500000000000,0.9987999999999999
pool16ajaae2n5lsyr4f9k9uz5y8tpf0996tw640dzu7chwp2wdrnz6a,,,,1419833387407,,10000000000,,2,53,285,1419833387407,53,2,912079908,340000000,0,340000000,10000000000,0.0215
pool16azs8wsv28h54zleuvr7hq2tuecsqa5kuzj2rgpxxjxfc0k06el,,,,795959522810,,505500000000,,2,8,285,795959522810,8,2,751279999,340000000,0,340000000,505500000000,0.012
pool16c9eedf69xgj9mtnxauxudaeugtwv8p5k3wcausqklkmvgvmk8f,,,,226811671363,,100000000000,,0,11,285,226811671363,11,0,0,0,0.0199,340000000,100000000000,0.0034000000000000002
pool16ceelqjus36kgzkcscnjstv0upva203vvzv8zdpv06h9cjgzynz,,,,4496432921,,1795000000,,0,1,285,4496432921,1,0,0,0,0.01,340000000,1795000000,0.0001
pool16cnz5x84vfjzxtsdg53zvly3vqumkjpshpl2fe5nmuyl6srx4m8,,,,424944583172,,10000000,,0,7,285,424944583172,7,0,0,0,0.025,340000000,10000000,0.0064
pool16cy45uggzv3ah3s5m960v9vuxlx47sfnezpszuhcwl99z7nq8kq,,NIXE,,31795858817,,1000000000,,0,1,285,31795858817,1,0,0,0,0.01,340000000,1000000000,0.0005
pool16d004c5q7k7wyf223kgct26zjcpjqql04rvnx8vtc0t5ckmnzaa,,ICORG,,1298516313,,13000000000,,0,3,285,1298516313,3,0,0,0,0,340000000,13000000000,0.0
pool16dk66d47thmteth783kt2cw9uh0zc4xsdvlqrwadz7vnyaev8cv,,,,6453117,,2000000000,,0,1,285,6453117,1,0,0,0,0.03,340000000,2000000000,0.0
pool16dn08xad2p49akw8h6wjcr9tn9le6jxyv366yjrvhpfzxtscuyr,,,,9959689,,200000000000,,0,1,285,9959689,1,0,0,0,0.04,340000000,200000000000,0.0
pool16dxn8c697qrqtzl3xe695trtde2hvgw0qtd65208ruaq70hv4ud,,CENT,,1495913719698,,30000000,,5,26,285,1495913719698,26,5,3035041698,404924534,0.02,340000000,30000000,0.0226
pool16e2x06wk8ufyakgrzq0c9p5tmfhl6w0c80raxr0xtg5g7aakhgh,,CDN,,1615043697150,,100000000000,,0,11,285,1615043697150,11,0,0,0,0.01,340000000,100000000000,0.024399999999999998
pool16eua0zalaln7q0s9u7jzlyygqad0pu2l2qdxx8r8ueqrw2jdhqf,,ETO9,,52746878910795,,0,,32,1,285,52746878910795,1,32,,22946814022,1,340000000,0,0.7985
pool16fjt5c3fwmlxtmgdr9qhttlgpyn7x7dvy009umpagtltkhzdsnh,,,,19412559683,,100000000,,0,10,285,19412559683,10,0,0,0,0,500000000,100000000,0.0003
pool16frhs8wyqj3j5p20zkqj45mvhpj58fwcfh66gn646fy7q46xpnc,,INVT,,557018052,,2000000,,0,2,285,557018052,2,0,0,0,0.03,345000000,2000000,0.0
pool16fyda57p3c8gp5r6gmcq5tvqsp6mnzwvkxswgznkuh8wztrp6vv,,HRMS,,45451941149864,,100000000000,,42,2150,285,45451941149864,2150,42,29003178366,935224435,0.02,340000000,100000000000,0.6881
pool16g4atk6yaj7hxexrlhyf96gtxts3kjs5wszvxmq0paw3xdre68q,,,,30755193760,,10000000000,,0,9,285,30755193760,9,0,0,0,0,340000000,10000000000,0.0005
pool16ga833sw8tzuvv83gq2gp6zyuwhj3lka4nevnauj5grpuq8y2al,,UNIF1,,656519525,,100000000,,0,3,285,656519525,3,0,0,0,1,345000000,100000000,0.0
pool16gkhcchdyqr7a9vtupchcdaq4nu77tq9t0ny0k9m877u7zv03v2,,0000,,4907951720,,1000000000,,0,10,285,4907951720,10,0,0,0,0.0199,340000000,1000000000,0.0001
pool16h592cgxkwxd4xz86sgpznzd5pgs68fjmcrd5j30gfuezd5yeya,,BTADA,,224756554432,,100000000,,0,4,285,224756554432,4,0,0,0,0.02,340000000,100000000,0.0034000000000000002
pool16hs0jxw7h6pwg3ru7rcq3yvg4csj7lhmcpj68kqem2sh5nt8mwk,,NUFI7,,35036587332686,,1000000000,,39,3424,285,35036587332686,3424,39,26761194587,1168391622,0.03,340000000,1000000000,0.5304
pool16j549cl7ftj9ejw9sx5v50zjyuh8l49stmakrfrea4rxy0e7us5,,WRHP,,183572768,,100000000,,0,1,285,183572768,1,0,0,0,0.01,345000000,100000000,0.0
pool16j6m34wg86tm9nvs5r7crreunk888z9ucacxxfaf95sfys7vdz0,,,,828679251464,,100000000000,,1,15,285,828679251464,15,1,17569799,347546947,0.02,340000000,100000000000,0.0125
pool16j6wmwsljcc2qn6dr2d6akjas3er887vhekyej77ynyjvh2fj5n,,GOTO,,221060569984,,100000000000,,0,10,285,221060569984,10,0,0,0,0,340000000,100000000000,0.0033
pool16jczz0dlv557vgywgftd4m3vwnwjnl38wpn7wu5gqryz7aedahd,,,,8898534,,71000000000,,0,2,285,8898534,2,0,0,0,0.02,340000000,71000000000,0.0
pool16jefdagcsgzyek9jytzfezx5ajvfkytjgghaps64hzz6uzkpc0e,,NGS,,1419395618827,,12400000000,,2,20,285,1419395618827,20,2,1070575503,350942559,0.01,340000000,12400000000,0.0215
pool16jhjt6nly4s5thsjc0yek6h9prwtkqhq6dff2mkjypweut69zh3,,IRN,,1577976,,0,,0,1,285,1577976,1,0,0,0,0,340000000,0,0.0
pool16jtszaecta7rey84rteah39gv53pw7953u37fhrqm49xwfdtdjd,,BNP,,67395590410487,,2000000,,72,7,285,67395590410487,7,72,47279187498,3357928621,0.06,340000000,2000000,1.0203
pool16k4j05txqlhj7j0wdkwgmzafasham6d37z4jcn9qqfns6a2tjhx,,FELIX,,108420073,,100000000,,0,1,285,108420073,1,0,0,0,0.01,345000000,100000000,0.0
pool16kja6em4zlu8cmlr5la32yrsx5jqpejdqktadw9nv3cwx2s6ccf,,,,1259320532,,0,,0,1,285,1259320532,1,0,0,0,0.025,340000000,0,0.0
pool16knnvtezwzmgpnu8v03wht6y4u7mwfc7qz6y2yk62w4as4qymat,,LAMB,,3548520707150,,50000000000,,2,653,285,3548520707150,653,2,1049695610,367308954,0.025,340000000,50000000000,0.0537
pool16kus5xvdysgmtjp0hhlwt72tsm0yn2zcn0a8wg9emc6c75lxvmc,,EDEN,,56444287841298,,1000000000,,38,3536,285,56444287841298,3536,38,21975205536,1745652267,0.05,340000000,1000000000,0.8545
pool16l9ph0cm42qk4h8wqlka3fw7ws7rvnj5n59xzy8ky4l8gnudugk,,RKDN,,14644135196,,4500000000,,0,8,285,14644135196,8,0,0,0,0.05,340000000,4500000000,0.0002
pool16lwqfp7cpvzwn6mhu0gj3h4aa5k6j9my0he4mgjjva5f7vvnkw2,,ANEW,,198402263483,,30000000000,,0,17,285,198402263483,17,0,0,0,0.015,340000000,30000000000,0.003
pool16m6c5rcpm63k2606lkqadg3x5pykjwr4pthhj9h4ancquafwhjl,,,,287686372,,100000000,,0,4,285,287686372,4,0,0,0,0.01,345000000,100000000,0.0
pool16m8xz3av9e3lwnxgu0jfnuwckgayev63zpzcu56hsxx7vy4eqzn,,EZP,,578221271607,,550000000000,,0,5,285,578221271607,5,0,0,0,0.01,340000000,550000000000,0.0088
pool16nnl8ymck6c20x86lfd5p9q3yp9w749cam26y985459ww6kjtz8,,ska1,,80006768357,,50000000000,,0,5,285,80006768357,5,0,0,0,0.05,340000000,50000000000,0.0012
pool16nz6k74zsm9x5fyh2wa0pt9cn75hfscfvqsxup0vl0vqqthwnkz,,,,56088080082531,,20000000000,,56,1861,285,56088080082531,1861,56,397163145,39758414066,0.99,340000000,20000000000,0.8491
pool16p7t60zfvdda4l47khsd9jwwszysxxed50lxxg76lzuyvqg26nm,,WADA3,,112960400654,,100000000000,,0,1,285,112960400654,1,0,0,0,0,340000000,100000000000,0.0017000000000000001
pool16p8y0pzx8yx7vz6eqksw9xjhh3tzeymvxcstrgtk8ncw75356yw,,ZPCT,,10067566729,,1000000000,,0,1,285,10067566729,1,0,0,0,0,340000000,1000000000,0.0002
pool16peur3vpmak6c579excrqumfz9486zd56svshdclhre3cv5z848,,,,20223969547645,,600000000000,,25,55,285,20223969547645,55,25,17167043336,516076686,0.01,340000000,600000000000,0.3062
pool16pg8zc9zxxfjksquvjs6ljxuy8ng9xf79ekqekap98a8wjzuttg,,,,4293688628578,,1000000,,6,384,285,4293688628578,384,6,3817134922,419254199,0.02,340000000,1000000,0.065
pool16pk3nc2g7580vwurn7t6qfjge70cc8ylvqkt0cnzsnktc5j38qp,,,,146400814451,,0,,0,19,285,146400814451,19,0,0,0,0,340000000,0,0.0022
pool16q7l6eh624s05s7gl3fy7a3fn5z3qtm299lzlw3tlfde5p9c32s,,JOKER,,85079787,,50000000,,0,2,285,85079787,2,0,0,0,0,340000000,50000000,0.0
pool16q8rhnyj65mtfz8rvf38ernr0jlcr5gcdpjzv0wgtqvcc5yw7g7,,,,1602648928,,100000000,,0,3,285,1602648928,3,0,0,0,0.01,345000000,100000000,0.0
pool16qhf24jz4pdru0gqrh9rwnvv9v05a6fq73g4md6mawavz2fg5v7,,,,2253698846,,100000000,,0,2,285,2253698846,2,0,0,0,0.027,345000000,100000000,0.0
pool16r0t5fwwnehltxhh7wfstl8rwvjpz4npdn0s5jd36j0ysflw7ef,,NANI,,14988564542900,,100000000000,,17,28,285,14988564542900,28,17,11472592613,565358033,0.019,340000000,100000000000,0.22690000000000002
pool16r36znhvh3h2lk55vu89hsx3ug94sx2etqv9s2006d8awufhaz7,,,,1167312267,,0,,0,2,285,1167312267,2,0,0,0,0,340000000,0,0.0
pool16rgkmc6gw7w07udz0gztuz4zvd4arnwck3mmdp0g7hqdjnzf6fn,,EMPR,,3932746643,,500000000,,0,7,285,3932746643,7,0,0,0,0.005,340000000,500000000,0.0001
pool16rn3ecl5mlczwlk0trljht0r4y8ll742gaywh8c0z780uqeztgq,,JETT2,,25334826145,,25000000000,,0,1,285,25334826145,1,0,0,0,0.05,345000000,25000000000,0.0004
pool16sjl6t8exdrenygxhramgc7vs7hjv7ga35caj4cexgzdk7mrpxr,,,,20467915978,,5000000000,,0,10,285,20467915978,10,0,0,0,0,340000000,5000000000,0.0003
pool16tcjctesjnks0p8sfrlf8f3d3vrp2fdn2msy80sgg3cdjtayu3z,,TAPSY,,55284648313951,,5000000,,38,980,285,55284648313951,980,38,26621919395,609155238,0.01,340000000,5000000,0.8369
pool16tpere5llvqsr9nsves08aq7jxgwfw2rzneank4ng557stqzedf,,,,23846468927,,10000000000,,0,3,285,23846468927,3,0,0,0,0,340000000,10000000000,0.0004
pool16uf3j299ndwd3xmv6fvh648pc3s4c3y80g2t0y2rwew3xz6c3aa,,GLOB,,5048424334,,3000000000,,0,2,285,5048424334,2,0,0,0,0.02,340000000,3000000000,0.0001
pool16uja2pt05ddq9mzcsw9xkv40qdl7sm00nvpj0h4arn0fgl2xrae,,,,304209629439,,100000000,,0,4,285,304209629439,4,0,0,0,0.02,340000000,100000000,0.0046
pool16v0jqnz2zuqsdrf6z94ec5rx9ds0xeghsvmddauzt6j5w2u7lsm,,IBEX,,10435942566288,,5000000,,14,16,285,10435942566288,16,14,9302960212,631112520,0.03,340000000,5000000,0.158
pool16vkczv2z6tmynp7up0hj8pjd3ajzh6h28p5cl4uul4hkskksjke,,MOJTO,,39322044919,,2000000000,,0,13,285,39322044919,13,0,0,0,0.01,340000000,2000000000,0.0006
pool16vxqq0ttyvfkt84f6ksncskgdk0r9w8ulaum0af8cmmfgsf5hua,,,,113068208,,100000000,,0,2,285,113068208,2,0,0,0,0.02,345000000,100000000,0.0
pool16w2mssm03rrk5jzkcvxyma77zcxx4vsjhwz77hka33gnsk9j47n,,,,369985094234,,25000000000,,0,16,285,369985094234,16,0,0,0,0.015,340000000,25000000000,0.005600000000000001
pool16w2y9xnpdjt22klzhuwcz9jpvyyq8640mepljcwx4mjmsvpqk0y,,,,24961088165,,53000000000,,0,7,285,24961088165,7,0,0,0,0.02,340000000,53000000000,0.0004
pool16wfrrl0vhq5ldqa2u3kz8mm9r7l5pmlqqu0667gfjykfkyv98ge,,ADAMX,,3365344276281,,1000000,,2,13,285,3365344276281,13,2,1073202554,350943439,0.01,340000000,1000000,0.0509
pool16wt6mzvytu9key68efv7cx6zfkqn0d9kzlnt746cyuv0zj3nxh8,,,,265205465537,,10000000000,,0,8,285,265205465537,8,0,0,0,0.01,345000000,10000000000,0.004
pool16wz7g5qp6y5m0qp3c28543rpzqsaw6w9kcxlhy5zslnwq4qglcw,,BEACH,,12064832280,,10000000000,,0,3,285,12064832280,3,0,0,0,0,340000000,10000000000,0.0002
pool16wzwfc8l09f0pe8d4mtzvnavm5ydsrfrchgddtxrm7qfw7wnfwg,,JAG,,22504342065,,10000000,,0,2,285,22504342065,2,0,0,0,0,340000000,10000000,0.0003
pool16x0sjyw7rurtka3apuy46mvd53qm3e6yppt3t4alklp050qr3up,,,,3325392195725,,500000000000,,2,12,285,3325392195725,12,2,920996606,340000000,0,340000000,500000000000,0.050300000000000004
pool16xpa8km92m0cq9unn84cezy8ygl2mr90t5qvvauswfm9yqyj524,,FRESH,,7000075269,,1000000000,,0,4,285,7000075269,4,0,0,0,0,340000000,1000000000,0.0001
pool16y2dn9e7cw07wtergytxr36qlydfe7aj92xhv59e6pzezgwxtv8,,,,5047235563,,105000000000,,0,3,285,5047235563,3,0,0,0,0.025,340000000,105000000000,0.0001
pool16zjsdvuxa39w9k48c9ds7sne4c9lhclmmcly53cdat4nu7l36f6,,BMP,,1195264859032,,100000000,,1,8,285,1195264859032,8,1,361596219,355083647,0.04,340000000,100000000,0.0181
pool16zx2pradv3pdv6tkp2dnll3d7u8sdwld884f228xl62vy2msdt0,,MORNE,,3418772150908,,50000000000,,3,26,285,3418772150908,26,3,1746112398,376234904,0.02,340000000,50000000000,0.0518
pool16zymwv7r24sgcxg43z4ce0g0mw0yt6zdxehcgwyksj456y0ef4a,,,,507236356,,500000000,,0,1,285,507236356,1,0,0,0,0,340000000,500000000,0.0
pool170028ak8q37qf4e5lf7z8eyuscgcrqgzn9lh58a4g9ngzd83a0h,,AQUA,,1331185694235,,1000000000000,,2,51,285,1331185694235,51,2,186070961,375613951,0.0325,340000000,1000000000000,0.0202
pool17037mqf5k46e6jpaue46lfy55v827re9cgm3qp8vsp33q8zufvy,,BEAN,,3080875,,13300000000,,0,1,285,3080875,1,0,0,0,0.035,340000000,13300000000,0.0
pool170hmssk80z2ameg7jhj5m8psnkjejcc77vfpd0875yggxhhntd0,,21ADA,,1748163394487,,25000000000,,1,255,285,1748163394487,255,1,337826731,347550572,0.02,340000000,25000000000,0.0265
pool170jjhp3s7gw23clx6yvfdfvv9t6egwazjhk3gy5y0xnq6y8mjjt,,CALVA,,68016331992,,101000000,,0,6,285,68016331992,6,0,0,0,0,340000000,101000000,0.001
pool172gxn08m64vyfvpn926t3q8md5qf0q9k3y6kqz6krj8ry0tntmz,,,,552424253,,550000000,,0,1,285,552424253,1,0,0,0,0.01,340000000,550000000,0.0
pool172vhywk0n2m7r47a8wq78xzc7nnytu3x78wyftmdedvjyzxjc7s,,,,2105455092524,,0,,0,4,285,2105455092524,4,0,0,0,1,340000000,0,0.0319
pool173f5kzeuz485kshvga3t7un8u699w2rgn77apjx078xd73kzj6y,,,,347620334,,250000000,,0,1,285,347620334,1,0,0,0,0.01,340000000,250000000,0.0
pool173mzegwuu0pjcrt60ekelzj5haqr8r5e4e0n45qh9jdz7xm5kh8,,ROCKY,,53194303385039,,80000000000,,48,7937,285,53194303385039,7937,48,33460331811,675755377,0.0099,340000000,80000000000,0.8053
pool173qemdqfjnkrjzykmc0j4nqmxuuhvvv42pawt4xka3k2vwmd4mr,,CHLA,,16248460885,,100000000,,0,2,285,16248460885,2,0,0,0,0.01,345000000,100000000,0.0002
pool17499z7lt392dd3pf3vn30e69cver0gqqaja5rdnyerpv6zdzgkd,,,,25811382867,,1000000,,0,1,285,25811382867,1,0,0,0,0.04,340000000,1000000,0.0004
pool1749t2act40esvfj0w0g0ear7l3hrnjfc8l5rl8eznuh8vunjl86,,,,47045238825,,10000000000,,0,8,285,47045238825,8,0,0,0,0.01,340000000,10000000000,0.0007000000000000001
pool174l2m5n04t06x4kjprfel67w0xch76c2td32ljv6veh8xxe7eee,,JRNY,,129504601415,,20000000000,,0,8,285,129504601415,8,0,0,0,0.025,340000000,20000000000,0.002
pool1750p8pnt7dp86xs7jlkrcm3zue3d8gps4sngzts3rj2v7vrz7ul,,,,64051853427206,,63000000000000,,53,1,285,64051853427206,1,53,,48541031256,1,340000000,63000000000000,0.9697
pool175gxtzacpcm90adjpvlhjmfpj4ft2a3zuqsgm558hf3q7ra2vf9,,CSK,,81275372466,,10000000,,1,4,285,81275372466,4,1,64964726,343771392,0.01,340000000,10000000,0.0012
pool175jklkquzts0u05axap90uqpym5knnjxky396mz95hhauwyzswe,,ANADA,,17849641546,,1000000000,,0,2,285,17849641546,2,0,0,0,0.01,340000000,1000000000,0.0003
pool175p7tqqgmduq6r5ad7jca2c4jz6tp3rslz7jffx7zru3cakdmt2,,GQSRN,,1703024863,,401000000,,0,2,285,1703024863,2,0,0,0,0.015,340000000,401000000,0.0
pool176g2kl2usep3wxmkpa032hz43h9xn6wjxae6u0a4almhweyhyg5,,,,4034054399,,3000000000,,0,2,285,4034054399,2,0,0,0,0.02,345000000,3000000000,0.0001
pool176z4pf0r9p6hqvp8m333sqm6vx8tj93q5yyunyv5478m5yp8j07,,RETIR,,38983959380620,,1000000,,50,9,285,38983959380620,9,50,35009444823,695416863,0.01,340000000,1000000,0.5902000000000001
pool176z588sp2zyrnh7wzu47q7e6tkug4p73djpkksgjmt4e67dj77f,,,,1996333852,,1800000000,,0,3,285,1996333852,3,0,0,0,1,340000000,1800000000,0.0
pool177fdptmzxyncd0k5xut6gvq0cu30e0s9ffsl5ch9uxp7xnev57d,,,,41485090624,,5000000,,0,4,285,41485090624,4,0,0,0,0.01,340000000,5000000,0.0006
pool177q3zxxyqzp5kffeh5jxssnxk7rwnpkf04628kcsf0cyj6jaklw,,ADAHR,,331772461512,,9721000000,,1,47,285,331772461512,47,1,364759126,340000000,0,340000000,9721000000,0.005
pool177usa2dglguukv50466mhtktuzlnhhvfand23tyf5k5w6yyy527,,LUCIE,,101232267,,6800000000,,0,1,285,101232267,1,0,0,0,0.05,345000000,6800000000,0.0
pool177vmfdzp3vakdp5h6mr3htlv7glc2xt0yepgdarzc054jjxdjrf,,,,13227502531,,11800000000,,0,2,285,13227502531,2,0,0,0,0,340000000,11800000000,0.0002
pool177xu75tv2wqnz2cg879yekswm3wqqvwfgzhulkglrfksslsyj9r,,PUP,,10607113974,,2000000000,,0,5,285,10607113974,5,0,0,0,0.034,340000000,2000000000,0.0002
pool178j8pevk04pay4lgz29c9y52k30xql7uaj5zdsqzpa9jwkuhqn5,,CASTE,,479917265929,,180000000000,,1,19,285,479917265929,19,1,175461338,346794201,0.018,340000000,180000000000,0.0073
pool178yk6ddgn3z0d04mmdcth430hpp4pyx06jyelvh6xdkngm68rmk,,,,4317196081572,,50000000000,,4,9,285,4317196081572,9,4,2399407400,440654025,0.0398,340000000,50000000000,0.0654
pool1796kveuwxrquwhwnne5g99er50q6alcaf7yjf3kd6xr5vemfaqc,,,,32251351027548,,0,,25,4,285,32251351027548,4,25,16233433826,1659039884,0.075,340000000,0,0.4882
pool179dpweul0jsfv9ls67ner4n286fh6hqtskaw6nux97t52dt5gxa,,GET23,,1047641190,,1000000,,0,1,285,1047641190,1,0,0,0,0.01,340000000,1000000,0.0
pool179rm8hz6zw9v9z5ghs85vf4q7vlanvqurxanxzrszjshwaarkck,,CROW2,,2053054419714,,0,,0,125,285,2053054419714,125,0,0,0,0.0399,340000000,0,0.0311
pool179u2dtcn92xv7n05dldlevt6hcu5v3p7g4aaqva2fm8qjzu7lpc,,RISUP,,4463089053,,1000000000,,0,7,285,4463089053,7,0,0,0,0.02,340000000,1000000000,0.0001
pool17ahr5ygy48vpdfnatqn2z4wfu2te4quapk2yx3k50ce6kd7feg0,,ST3AK,,53035822601452,,2789000000000,,40,5191,285,53035822601452,5191,40,26482090025,908542853,0.02,340000000,2789000000000,0.8029000000000001
pool17ajuw0arwq8klfe4xy8tcqj4yetp8kerl4amzn5dsnne20wlnsa,,,,177171423502,,10000000000,,0,321,285,177171423502,321,0,0,0,0,340000000,10000000000,0.0027
pool17aqvu5856kvgxtkd6l3v5wmncexp4tf88pyz3qamlpjlyuwn4vj,,OPTIM,,1090830478623,,1000000000000,,0,19,285,1090830478623,19,0,0,0,0,340000000,1000000000000,0.0165
pool17avt6lvjmmrdcknlywkjp06n6nw0wmq7mpxqgjfgnn7gkqzrppy,,,,11595058881,,1000000000,,0,4,285,11595058881,4,0,0,0,0,345000000,1000000000,0.0002
pool17cqy0mkm7p3ufv9k3h37w040x08cx6je23y6jrkgmts3x9g78tu,,,,1099446667448,,0,,0,7,285,1099446667448,7,0,0,0,0.05,340000000,0,0.0166
pool17cv6zzmue6npvlzlz6trf6p5k4mnnskm3ysctuh048c7k9s64jz,,,,63913957776169,,63000000000000,,67,1,285,63913957776169,1,67,,61334038838,1,340000000,63000000000000,0.9676
pool17d6yemu3wsv9t3lf507z6vuu00slpyw3qstavfdtztjjy42qcp7,,,,99280884,,100000000,,0,2,285,99280884,2,0,0,0,1,345000000,100000000,0.0
pool17dag45ldepvckqdxvvppwdy4w8qczsz0awtutqyj2pzashn3ds2,,,,18859609022818,,20000000000,,18,684,285,18859609022818,684,18,12399309249,464369275,0.0099,340000000,20000000000,0.28550000000000003
pool17dx6ld5544pngfc4w6ere708zmjga7wmykeelqhqt4tpkjcpup2,,,,4000000,,176500000000,,0,1,285,4000000,1,0,0,0,0.02,345000000,176500000000,0.0
pool17e2p709fg8vk60py86hqrl4gwnttuspm9hfvv46jgh0xuf72jqx,,,,64035727317418,,63000000000000,,56,1,285,64035727317418,1,56,,51285792808,1,340000000,63000000000000,0.9693999999999999
pool17e4rdh59t4fmn4g3p02xvs853katrjzge830tsmd3sfdc645yvt,,GAIA,,3961777962463,,0,,2,118,285,3961777962463,118,2,1050506025,372818559,0.03,340000000,0,0.06
pool17edtg9kt83mpguyh87u6ju2fkgjta4jjmmyzj9n8tsf4uwalg7h,,,,22827116229,,10000000,,0,7,285,22827116229,7,0,0,0,0.03,340000000,10000000,0.0003
pool17efkfughtdy0hrnvetwplpg6jj8d97w3v2stdzkr4fy7vyrcrvd,,ALP,,506697525,,506000000,,0,1,285,506697525,1,0,0,0,0.025,340000000,506000000,0.0
pool17etnr2ngwpnqwuvdzszzd36u67kzcsrs8scuxf0a63hezy9zvpv,,ARARE,,1281383833,,5000000000,,0,2,285,1281383833,2,0,0,0,0,340000000,5000000000,0.0
pool17f450fgggph94ectjspqersd3u88cggvf3nu45k3xj2fwdqxjpp,,,,94912118,,10000000000,,0,1,285,94912118,1,0,0,0,0.03,342000000,10000000000,0.0
pool17fe35dqnr3cletecgjwaewvfq00ykwnd69elgtk87ncxjyr72dx,,,,1273621918,,1176000000,,0,1,285,1273621918,1,0,0,0,0.01,340000000,1176000000,0.0
pool17fge0jukcp0vqwu0chh3jh4g0emt4rat8vxucrx5n8s5qz6fegp,,TRADA,,3307886681318,,25000000000,,3,12,285,3307886681318,12,3,1777134973,358115061,0.01,340000000,25000000000,0.0501
pool17gaxq64v2gtl8s8z9hhtkyqv9786fts4lmpsde3r69662jg9mh8,,NKLS,,9871258311,,5000000000,,0,4,285,9871258311,4,0,0,0,0,345000000,5000000000,0.0001
pool17gvd032slmxg267lp8rwcykkfa52txm8ylefhmdsdkytzugrtaw,,STPZ1,,696519568853,,12000000000,,0,23,285,696519568853,23,0,0,0,0.01,340000000,12000000000,0.0105
pool17hn4l9t5dyyq4sst5jwqhzvrgv74ctyahvhtcmshq3u47qpdxhd,,MAZE,,154744531224,,1097000000,,0,4,285,154744531224,4,0,0,0,0,340000000,1097000000,0.0023
pool17j4er5hpzkzyzpqzc98hxc7srvt5pvuye9q86mcrxluhjjj2aaj,,PIXB,,1004721989,,10000000000,,0,2,285,1004721989,2,0,0,0,0.015,340000000,10000000000,0.0
pool17jd3l8a64jsddmjdxjxw6t0l798ktpxdqm246lk7arucz32fupq,,MAP,,23493433346,,1000000000,,0,3,285,23493433346,3,0,0,0,0.99,345000000,1000000000,0.0004
pool17k0rf90x8qcre7nrw5x4mgsfgy49njyqdq884qunm4fkslu6nye,,IRON,,205715719845,,5000000000,,0,10,285,205715719845,10,0,0,0,0.009,340000000,5000000000,0.0031
pool17k2dpgvx8spkdhgf5j7x5u7pqjpvlwa76sugwen8l3xtk7kq3c4,,,,7809778844,,105000000,,0,6,285,7809778844,6,0,0,0,0,340000000,105000000,0.0001
pool17k568pj9x6qwmvutn97p5wgzvgmjf7m46sz3vzudq62swqdfh4a,,KDK,,120363176,,90000000,,0,1,285,120363176,1,0,0,0,0.15,345000000,90000000,0.0
pool17kew7rtakc7g6qzydntann5umw08xq3ll2j7spk7en4kvff69fa,,BLOOM,,20782805533710,,1000000000000,,17,715,285,20782805533710,715,17,10875739412,816134430,0.04,340000000,1000000000000,0.3146
pool17ld9mxvs034r58rqgkmacgfvvyjxn84accxg7w3vd7pvzkm09gy,,,,4446153458,,1950000000,,0,2,285,4446153458,2,0,0,0,0,340000000,1950000000,0.0001
pool17ldnu9mcllycx0klst77xzk2s7qhu2xshrgrg9zy74842476era,,LIBRA,,5138230211,,100000000,,0,2,285,5138230211,2,0,0,0,0.05,340000000,100000000,0.0001
pool17m2zg7dcg54a8gz2jgkwz2s3fzzth2gyf466k7sy4dl7wchp3lv,,YOLO,,1001670616,,1000000000,,0,1,285,1001670616,1,0,0,0,0.03,340000000,1000000000,0.0
pool17m39tt99rq96gv9s4cp7u93auavams3khrdtzfapngxgjs3tj7s,,,,5885306,,2500000000,,0,1,285,5885306,1,0,0,0,0,340000000,2500000000,0.0
pool17mr554wv653z4ttr3rydt5dsxg6r28ysu5mlz9cc5ax32gsleh9,,,,65647853316,,40000000000,,0,18,285,65647853316,18,0,0,0,0.0299,340000000,40000000000,0.001
pool17nzscpkuc30pk84wvm6zxpef2pq9vsjrlf34hr9gglndjqyx39n,,PIMX,,204902937,,100000000,,0,1,285,204902937,1,0,0,0,0,340000000,100000000,0.0
pool17p4ue73dvnjcnz25996uzpg50cy89l829ltjceee5mc3s2p502n,,FYTO,,333232772784,,5000000000,,0,34,285,333232772784,34,0,0,0,0.05,340000000,5000000000,0.005
pool17p8a9e5ljeucdvmsl62a667y7lwwx9xzwzjulwu7df2q7854mh4,,AGC,,12539500580,,25000000000,,0,8,285,12539500580,8,0,0,0,0.05,340000000,25000000000,0.0002
pool17pappd4r69ag7ud695he8rhygzh80qvtdtv8k25hjyggzz8gc53,,,,1053239172,,1000000000,,0,1,285,1053239172,1,0,0,0,0.0298,340000000,1000000000,0.0
pool17prxq27zm9fx65zc0phqsx5t75366eyeyd7dajkuvjt7kde8ua0,,,,32706726842,,100000000,,0,3,285,32706726842,3,0,0,0,1,345000000,100000000,0.0005
pool17pv7m8h5dxsyt55upay8n8ake2cgcz4mcr737um2tl8d2wthzqr,,MEDIA,,24789896354632,,5000000000,,16,413,285,24789896354632,413,16,10712855605,562956539,0.02,340000000,5000000000,0.3753
pool17qu9sh6u53stvpykqgs539fsrke7x8fj4e52tlc7uzhp75vk0wl,,,,1224901613,,1000000000,,0,3,285,1224901613,3,0,0,0,0,340000000,1000000000,0.0
pool17qvfg2g843gw6lurru282kkex6vp3pyj6zwj99j4u6k7zvmva5a,,1PCT4,,58430100072673,,50000000000,,63,630,285,58430100072673,630,63,44249815471,788826517,0.01,340000000,50000000000,0.8845999999999999
pool17qw99lv9euu3xya8czf334ef9mwelzpg6frqmj0s2qw6y8prwlr,,,,18067306465,,16000000000,,0,3,285,18067306465,3,0,0,0,0.01,340000000,16000000000,0.0003
pool17qxacnpw0kh0c6w9py5lmjjlm7cka3ff03c3lw7f7mctsatwcd6,,VNFT,,5820689,,1000000,,0,1,285,5820689,1,0,0,0,0.005,340000000,1000000,0.0
pool17r3u34ywld6sehe9dd5t40ygq7rmc6yfw2k0h0hpllznwlmwsnn,,ADAR,,103666023962,,100000000000,,0,3,285,103666023962,3,0,0,0,0.0195,340000000,100000000000,0.0016
pool17rjst78s67lvellg8s586rf076jxa3wnsdz730f4xk2zwuhrtej,,NORTH,,56906669021388,,10000000000,,48,813,285,56906669021388,813,48,34025443927,340000000,0,340000000,10000000000,0.8615
pool17rns3wjyql9jg9xkzw9h88f0kstd693pm6urwxmvejqgsyjw7ta,,0PCT,,13925243671366,,10000000,,12,345,285,13925243671366,345,12,7738532242,840000000,0,840000000,10000000,0.2108
pool17s3mr9c4ejjfq20dz0ls9ggskc770kt267s9xmw93payzdswwgg,,FIKA,,3923738740775,,50000000000,,2,91,285,3923738740775,91,2,1060754409,359699296,0.018,340000000,50000000000,0.0594
pool17s9pcsnhgueer24p4lk53ruglr0r8009yxfrqvwgk5gx6r44cpe,,PROOF,,31775293076,,1000000000,,0,7,285,31775293076,7,0,0,0,0.01,340000000,1000000000,0.0005
pool17taqml487n9t4r9a6ppvf9qv0qlw2lu4zcrzwfdsfcv6xp7uqym,,PSB,,409378258110,,50000000000,,0,27,285,409378258110,27,0,0,0,0,340000000,50000000000,0.0062
pool17tfres65n2elunrcmkg3t24s48j8mh5kklzrg6pzcu42x7shmrv,,,,1064722281456,,120000000000,,2,33,285,1064722281456,33,2,963656520,348211527,0.0075,340000000,120000000000,0.0161
pool17v3ttt2rhr0ve60gy70y9pqtt30u5quhch98dw2sgvc7uez3fng,,UKADA,,6351229497078,,100000000000,,2,6,285,6351229497078,6,2,1066387484,350948175,0.01,340000000,100000000000,0.09609999999999999
pool17v4te44hk9p80028ads7znxatmxenj3jverwlg2qq2f3wwr5exs,,,,12465331916,,1200000000,,0,3,285,12465331916,3,0,0,0,0.01,340000000,1200000000,0.0002
pool17vmnsj2w5nn6r0rqc4ucr655dryqh2p7cj5jrmtd99wt5ldhjth,,HHAM,,31034665537,,30000000000,,0,3,285,31034665537,3,0,0,0,0.0199,340000000,30000000000,0.0005
pool17vxd9znag3zf8u6hs97s24t38elu4f2tehu6tj6rhuvqgrfvkgd,,STID1,,596434150,,0,,0,1,285,596434150,1,0,0,0,1,340000000,0,0.0
pool17xextu09ghdfcmsq83whq0a45geg83jxe4qt94sevu087tzdzkl,,ONYX,,50430356677191,,250000000000,,49,2277,285,50430356677191,2277,49,34146982641,688389828,0.01,340000000,250000000000,0.7635
pool17xh922cr9skc0fqk7sr8at6xx6eluh5qyv9p7ca2x0mtc3st0mz,,SEA,,18495168082,,40000000000,,0,6,285,18495168082,6,0,0,0,0,340000000,40000000000,0.0003
pool17xtz3a8ppy9prj4e2e5t5ggk6p68ls305x5pyyxdxc2lut0ltm2,,ZLNDR,,7426233,,0,,0,1,285,7426233,1,0,0,0,0,340000000,0,0.0
pool17y0uw9jraxxtqk4mhgkhkye2v6jqzn84u8hl68l9xwq3cvm2vqw,,ADNT,,337232519873,,100000000000,,0,17,285,337232519873,17,0,0,0,0.025,340000000,100000000000,0.0051
pool17y4pg5j8z8zklmplel2l3l705zx706w3mrac2etns0uccehx3nr,,,,1035861646,,1000000000,,0,1,285,1035861646,1,0,0,0,1,340000000,1000000000,0.0
pool17ym7vuptkzd6h7yvey7f8hlavsme6h2rhklre6rslaw9gfvekag,,VRITS,,39231571186,,100000000,,1,8,285,39231571186,8,1,370019275,342828162,0.0075,340000000,100000000,0.0006
pool17ynruzy9lvq0x55ks22vtf4lrrdrw2ucydh4tfzhg9kkyeaw8nf,,ASN,,2208663727301,,1000000000,,5,669,285,2208663727301,669,5,3118018947,371937892,0.0099,340000000,1000000000,0.0334
pool17ywx7vha7t8snj3xzwm9863lvnpke0ufqjtx94mh49sf28srg9m,,,,1000009,,100000000,,0,1,285,1000009,1,0,0,0,0.15,345000000,100000000,0.0
pool17zl07hpz2tvjq4m32sa4l6avjdq0azz2f8nf00lj2m5k53mhnas,,GDAY1,,1726558169348,,16180339887,,1,6,285,1726558169348,6,1,366825452,343771401,0.01,340000000,16180339887,0.026099999999999998
pool180fejev4xgwe2y53ky0pxvgxr3wcvkweu6feq5mdljfzcsmtg6u,,CHIEN,,42169770311,,50000000000,,0,2,285,42169770311,2,0,0,0,0,340000000,50000000000,0.0006
pool180pfdeg9shtdu47hcjdw2kcxhz7r6pz3juzej8mkdjvtjt7mkm0,,SOLO,,4353417313795,,0,,4,214,285,4353417313795,214,4,715946327,378059611,0.015,340000000,0,0.0659
pool18243r3ncukrk54jrx3mnr2k6lvu30dy7y6uj252cyldhqze7qe3,,,,1854143391,,340000000,,0,3,285,1854143391,3,0,0,0,0.05,340000000,340000000,0.0
pool1829u4wxz0hdatsc0sczd0r3362wxk82qlqncjw5ksx7ngne07w0,,LEAVE,,2638000,,0,,0,1,285,2638000,1,0,0,0,1,340000000,0,0.0
pool182un8pvu5u907z4p3zz5kedrwxxytjt06rr085r84fdwuucu53g,,IAPYX,,1786420446,,1000000000,,0,1,285,1786420446,1,0,0,0,0.01,345000000,1000000000,0.0
pool1835qw65tsy3x7mta5dfdmfq4mvqzn9cpvf9keaca0nqgvguk7j5,,MS10,,56593228941504,,30000000000,,53,103,285,56593228941504,103,53,36706119505,1281770873,0.025,340000000,30000000000,0.8568000000000001
pool183usq53j55v86q3eguw37xaqy67au9n5terk474sevuu6jy7266,,,,54250714333,,300000000000,,0,64,285,54250714333,64,0,0,0,0.03,340000000,300000000000,0.0008
pool1850xvydng5mkjzkwqw6566y7e6hsrgakc3y87jrnqrkrwdjua2p,,BITA,,15256773795985,,10000000,,14,208,285,15256773795985,208,14,9358195669,340000000,0,340000000,10000000,0.231
pool185de843ugva6zjfd9wz988xg80fwke6cjavkwup5e45fjrw6uha,,MTL,,1103998050,,100000000,,0,2,285,1103998050,2,0,0,0,0.01,345000000,100000000,0.0
pool185dh39am38ersspz7ctgwuv6jq3le6yc4972puuamls4uucpqrk,,MLION,,3210035936,,1200000000,,0,2,285,3210035936,2,0,0,0,0,345000000,1200000000,0.0
pool186wnrzw2zq20wt6p9aer6z33vqgv4xaxm6445fa4g4wr559e0j8,,INF1,,251000039,,250000000,,0,1,285,251000039,1,0,0,0,0.001,340000000,250000000,0.0
pool187k9uqvh2dacad2qyfyex7ct8q0jxepk45026s9h7mkxx9pn7at,,CHESS,,14812911415220,,750000000,,15,13,285,14812911415220,13,15,10104441847,600499150,0.025,340000000,750000000,0.2242
pool18872nzahx0h2f7j58pxrn5rjektn8na8p4amv08x2xj8qkht30g,,MNKY,,1845151942013,,20000000000,,1,188,285,1845151942013,188,1,324593493,343736928,0.01,340000000,20000000000,0.0279
pool188rwerlxm4se6qzlz7g9mh3zrccuh492ma0wemuuvyf3zgstqy4,,,,298633188254,,60000000000,,0,44,285,298633188254,44,0,0,0,0,340000000,60000000000,0.0045000000000000005
pool1892ry20mvu6tvrmuua5gdmk7unw30w7tf8scpllpyq8w2sdwvc7,,1GURU,,3584959064893,,20000000000,,3,28,285,3584959064893,28,3,1787183723,349056617,0.005,340000000,20000000000,0.054299999999999994
pool189j5mz6wa0gfrakwvn2tar7qt309qxrmsgde5v6qwm892n6re3v,,CCJ,,10737496764986,,100000000000,,7,45,285,10737496764986,45,7,4414765143,564730044,0.048,340000000,100000000000,0.16260000000000002
pool189lsf6c2upyhmrzddyvyfjxxkqnte9pw8aqx7f4cuf85sjxlm02,,,,25868851516220,,100000000000,,16,1016,285,25868851516220,1016,16,10867668201,562659429,0.02,340000000,100000000000,0.39159999999999995
pool189utwzy5p5vrahvtmj368fymvr40fv4m0nc9005dek2nzpafljq,,,,46227867433,,10000000000,,0,6,285,46227867433,6,0,0,0,0.025,340000000,10000000000,0.0007000000000000001
pool189ysyxejgdu0d5u323cajq40ec6wsacq3yav3ul7fdxs6mhdhr0,,,,250144018148,,5000000,,1,7,285,250144018148,7,1,290194796,343772183,0.01,340000000,5000000,0.0038
pool18aklqwussc7j6y9nap8vxst4ht8s6sv76ge9799rzv3lcrau7yg,,,,1384177109,,250000000,,0,4,285,1384177109,4,0,0,0,0,340000000,250000000,0.0
pool18c2qgn5fv5vfhsvqjvn20j943qjaegs0dylgpsmmwz2lx03n76k,,BETTR,,222071171681,,35000000000,,1,32,285,222071171681,32,1,313729359,343771839,0.01,340000000,35000000000,0.0034000000000000002
pool18cmnmy7nhs9lqtu9h67es8mgkdka8csn9m6e8xvrpz5ksh004jt,,,,3142010773,,1000000000,,0,3,285,3142010773,3,0,0,0,0,340000000,1000000000,0.0
pool18cr7st8wvagllpgq23y70ncnejux2dmxrsdc45hyalk67e63jg6,,XSY,,46045248068,,2000000000,,0,4,285,46045248068,4,0,0,0,0.01,340000000,2000000000,0.0007000000000000001
pool18dmncsu0wwzfnje42udk3eeld3z0zwjpjxname3lp8a9kpah28w,,BOS,,306726822852,,400000000,,1,2,285,306726822852,2,1,356834798,358854462,0.05,340000000,400000000,0.0046
pool18dqp26atwr6rd7z6suxjmguqy8zym5a3tgtveuazqsjwyeafrz6,,,,266665872,,100000000,,0,1,285,266665872,1,0,0,0,0.018,345000000,100000000,0.0
pool18e0uhtm4pspfrnktwguypytjfgwz6dw6zzn3gulpdjfx7qd0439,,MINES,,18837227039,,1000000,,0,6,285,18837227039,6,0,0,0,0.01,340000000,1000000,0.0003
pool18e48wynvkevefs0c5yuh705u6tpy0m4xflg506kp0r6vga9gkmr,,,,497625350,,4000000000,,0,1,285,497625350,1,0,0,0,0.05,345000000,4000000000,0.0
pool18e63pk226vwk7j3khen2nsgs2wt3q6c7u3rnu7jzm9mtxrj54hu,,,,110302485733,,36000000000,,0,11,285,110302485733,11,0,0,0,0.005,340000000,36000000000,0.0017000000000000001
pool18ecuhr75yr6zt9e707shkj5w9p664syqnkt8gmmlkydg27z39xt,,,,1089319198,,50000000,,0,3,285,1089319198,3,0,0,0,0.01,340000000,50000000,0.0
pool18en4vtxkjt3u5x6ctu9l3nqmr6pm3r7akxgu84450xdvkr4j827,,EQITY,,5114922901,,3000000000,,0,2,285,5114922901,2,0,0,0,0.03,340000000,3000000000,0.0001
pool18faprtnhaqppzq6w7wf73flkfn2wnumufdkcmyx7a6d4579u3jn,,ANDES,,48789705203,,1345000000,,0,13,285,48789705203,13,0,0,0,0.01,340000000,1345000000,0.0007000000000000001
pool18ffq94mvagkvrlqtaz87xdvft66gcfdad2e05ngrwy7gge48tc4,,,,4172007552,,1000000,,0,2,285,4172007552,2,0,0,0,0.15,345000000,1000000,0.0001
pool18fldcktken22hfd3tyx8qwes46lv6jhv43jhns8gg24k2rta4al,,,,1212621566,,1000000000,,0,1,285,1212621566,1,0,0,0,0.01,340000000,1000000000,0.0
pool18fw3qgzt4u094hn8kf82n6jye5y96csamj0f20dja8tnq4ad0hy,,,,10843473,,1000000000,,0,1,285,10843473,1,0,0,0,0.05,340000000,1000000000,0.0
pool18ge7phqv3c25kssr9pw6dx32muk4tpkhfjvj676yra5hk6enwv8,,ROT,,6672049,,200000000,,0,1,285,6672049,1,0,0,0,0.015,340000000,200000000,0.0
pool18gg869xqpx2vf4u8tnsqeep7txv24yw7tmcd7fv6tqdagznda9p,,,,8194069017,,5000000000,,0,8,285,8194069017,8,0,0,0,0.035,340000000,5000000000,0.0001
pool18gxqszcsk9yt0jsnzc293556x5t0cd0xdepr69wta9rh23349j5,,,,5018662003,,5000000000,,0,1,285,5018662003,1,0,0,0,0.15,345000000,5000000000,0.0001
pool18gys2arurr8su3qssvh7vjcn42k5clgrvdxah8mxcg5xquvfu8p,,,,282898406342,,50000000000,,0,36,285,282898406342,36,0,0,0,0,340000000,50000000000,0.0043
pool18heqrjtge2emf2hes4mdxkr76y99zztkqk4qtjr9dul0vuur0yu,,RX78,,5827286996888,,10000000000,,5,17,285,5827286996888,17,5,3197843137,365318219,0.0078,340000000,10000000000,0.0882
pool18hk4akqtnktgsptxll625lksugwpc4r30nzjgz4pxtufqgw5gdd,,,,1098918770233,,100000000,,4,7,285,1098918770233,7,4,1984272010,441219575,0.04,340000000,100000000,0.0166
pool18hkq2t8ss45h4fkr92f52flhc4mpzedx5mcz4xhnpj0dzp76028,,XYZ,,6041769410591,,22000000,,5,95,285,6041769410591,95,5,3016324220,404978410,0.02,340000000,22000000,0.0915
pool18hlnw3rz65pamejn65xxu5hjygpr7ktjcxl7dv2fp7kc274zaz3,,KOREA,,80661226069,,8000000000,,0,2,285,80661226069,2,0,0,0,0,340000000,8000000000,0.0012
pool18hzjrr0xhadznttzq0va5vdhz2xyzjrju5ac7ztkwajdg80uvw4,,,,5039034222514,,100000000000,,4,172,285,5039034222514,172,4,1887812804,400684295,0.0239,340000000,100000000000,0.07629999999999999
pool18j287g2sccele52hhxc0csk2ghfghwndqm9yahdqnhjks840wtq,,APE,,708792954701,,25000000000,,1,85,285,708792954701,85,1,354179161,349414537,0.025,340000000,25000000000,0.010700000000000001
pool18j42fxelgk53gumv8y7f039mscg6kl2lvmktfcs5aymqvx728d8,,BNP,,65871306584480,,2000000,,62,3,285,65871306584480,3,62,41465544271,2991867154,0.06,345000000,2000000,0.9972
pool18jrsaddmrwtrdycydmk3zv0fxawnv0q8xh7f6fyp2r247zz9tc5,,SUNNE,,918440480806,,0,,1,41,285,918440480806,41,1,375421610,340000000,0,340000000,0,0.0139
pool18kntpr58f3pgs5wmzx84jrxq3tvt28aums9jsftyzzzfu579m2s,,,,1502600000,,1000000000,,0,1,285,1502600000,1,0,0,0,1,340000000,1000000000,0.0
pool18kpfz02v3knfp24k4a3zv50h5eva5s90slwtfvae3n5rq4zfget,,BNP,,65861261515655,,2000000,,62,3,285,65861261515655,3,62,41466144775,2991867154,0.06,345000000,2000000,0.9971
pool18kqld2q9z9ajant4skyayzgllamfc2qg30jrs75ecq69unjwh9p,,BBOSS,,117075368131,,10000000000,,0,8,285,117075368131,8,0,0,0,0.04,400000000,10000000000,0.0018
pool18kv6jmmtks4jwyt8tpvfc2kakh6wkcggjtehyj78yk9r7t2t2ex,,,,5567851096,,100000000000,,0,7,285,5567851096,7,0,0,0,0.019,340000000,100000000000,0.0001
pool18l6lvx95vl5p88zfh7xjkx073s9gufpz4sa5q43fu7auqunjhg3,,,,754477564096,,300000000000,,1,5,285,754477564096,5,1,68143240,340000000,0,340000000,300000000000,0.011399999999999999
pool18lc8uxyrnuurer7hr77xqh83cp667jazlghe2qetvzfqvxjtdqc,,,,8602239,,100000000,,0,2,285,8602239,2,0,0,0,0.0075,340000000,100000000,0.0
pool18ljuhhw27t85zddz0pvsmsjsz5k0mlz03pzsxgh8qarcsw5wycc,,CAFE3,,26750213916,,100000000000,,0,1,285,26750213916,1,0,0,0,0,340000000,100000000000,0.0004
pool18lwlvq4j8yxgrsuvyqntmyq7wyeql5t9nhmtg0cx0uqa6n5hplm,,,,57425793,,10000000,,0,1,285,57425793,1,0,0,0,0.015,340000000,10000000,0.0
pool18m6dvfkxqex40geqnvtyavhadzwja9mcnhwuy035u69tydec784,,CONDE,,3424480256,,1500000000,,0,5,285,3424480256,5,0,0,0,0,340000000,1500000000,0.0001
pool18me06fpnm53xylyg59n8yvhy3xtvjetra3tan5trrvr6yuvm8pd,,,,14392043238,,15000000000,,0,4,285,14392043238,4,0,0,0,0,340000000,15000000000,0.0002
pool18mege8wvzzdvh8cxx6ncnqyvacl4lxukw495c87xmz8qcdl6lj8,,1PCT6,,43107476647459,,50000000000,,49,579,285,43107476647459,579,49,34293194135,688331243,0.01,340000000,50000000000,0.6526000000000001
pool18ml3ex5ra5wkv00vxx0mw876s2xe0058z37mpzv263872nasmv0,,,,7475689,,100000000000,,0,1,285,7475689,1,0,0,0,0.03,340000000,100000000000,0.0
pool18n5hw3960p7su9dvw08w3nf7sgky52qzwkpatv3zsf52qy0vnk6,,DECEN,,261449993529,,100000000,,0,12,285,261449993529,12,0,0,0,0.01,340000000,100000000,0.004
pool18n7kk90klq4uf45j6pguqskyrxe9eprgfgrjhr7cpvdxzus3zn8,,,,2029803,,25000000000,,0,1,285,2029803,1,0,0,0,0.03,345000000,25000000000,0.0
pool18nx24xhkcewezxvrjgdpt9pgt69pefr85m8qa8fdjd4m6p7egw9,,,,93505493,,50000000,,0,1,285,93505493,1,0,0,0,0.01,340000000,50000000,0.0
pool18p3wzqhpgs932rx2lew3dtrge4uvumjx4lz0kzthlntt6shz4rg,,NUFIF,,53039355494871,,1000000000,,48,3,285,53039355494871,3,48,33057335674,1362411317,0.03,340000000,1000000000,0.8029000000000001
pool18p7p752cjnf9z8g70ygkre5cstwmgfatzuqm0tm3n2xf739j8k8,,SAGAN,,493517334309,,45000000000,,0,37,285,493517334309,37,0,0,0,0,340000000,45000000000,0.0075
pool18pnta4kfff66kq5shjrdsdr8ce2heu38t6x5nv7hylrcc0hpksk,,,,2754864654041,,10000000,,2,7,285,2754864654041,7,2,208711401,350975019,0.01,340000000,10000000,0.0417
pool18q92uyx3973u3qt64nxf8p7us58gwkytrn0c3ed2a99s5uc9usc,,FREE,,101755827403,,100000000000,,0,5,285,101755827403,5,0,0,0,0.03,340000000,100000000000,0.0015
pool18qddv82sx8p22uxzdrf0qx9lkewxadlr9ef45kpcf7dzz3n56qv,,ALFA,,216642334665,,240000000000,,0,12,285,216642334665,12,0,0,0,0,340000000,240000000000,0.0033
pool18qlwnav8ca79dqlw5grnt96f0pxe4awdyvrdpxde89ln7th9utp,,,,5188399695,,5900000000,,0,1,285,5188399695,1,0,0,0,0.005,340000000,5900000000,0.0001
pool18qmfd3ljn2dynsw6f8knt04m6cyhe6jmtz54mfw8mun7u9vqqx6,,VIPER,,1025873186719,,90000000000,,0,11,285,1025873186719,11,0,0,0,0.01,340000000,90000000000,0.0155
pool18qzks8vdf0yu0u5ccf8aaj35q6zfutdcfgrssuvdjmgtyykr922,,one,,126997026350,,32700000000,,0,9,285,126997026350,9,0,0,0,0,340000000,32700000000,0.0019
pool18r2y72aue5nmv489xtnfxl36vzusq95qst6urd87yd5hgzms04c,,ALPCH,,136413585084,,27400000000,,0,30,285,136413585084,30,0,0,0,0,340000000,27400000000,0.0021
pool18rhzlrv83a7ygj7cp5uv8dx07qkn5drhe8nh6f3qvhv66xcyj2m,,SIPO2,,27122104357444,,50000000000,,22,124,285,27122104357444,124,22,15023396747,725987766,0.025,340000000,50000000000,0.4106
pool18smcfsj807acqhtqvcwt7naywt7ad5704n5krjexuvtnxlvfxur,,,,33457582,,20000000,,0,2,285,33457582,2,0,0,0,0,340000000,20000000,0.0
pool18sqt4qwprlt6ytg8pu2qpz262j9vhlzmtwn2fwvhpcnzc0u5ynw,,1WJG,,20603691,,5000000000,,0,1,285,20603691,1,0,0,0,0.03,340000000,5000000000,0.0
pool18te4aqp0umd6xunyps0mlg9tzk4dcjh30wgntqu8kf2n7k3y88f,,,,4896572958,,1000000000,,0,2,285,4896572958,2,0,0,0,0.01,340000000,1000000000,0.0001
pool18v6rlcg506atlkkhy8sdgtnm5efzjjjshk9axyvp8fa35txspr8,,,,101227512,,100000000,,0,1,285,101227512,1,0,0,0,0.075,340000000,100000000,0.0
pool18v9r8afalh50l4lstct2awdc3zspnvurcs7t45nv29uc2mnxc6c,,LONDN,,33995387885329,,0,,27,1194,285,33995387885329,1194,27,18647478619,530220699,0.01,340000000,0,0.5146000000000001
pool18vej0s9gska8c847aj95g9v24duuxg2g63d5cuqngnxew643jw9,,ADV2,,63493926564935,,250000000000,,67,2098,285,63493926564935,2098,67,47427585753,340000000,0,340000000,250000000000,0.9612
pool18vyjg6jlyt2jywae7ndzv0f7xkrsexxgyhunxrlgm3zaku0327k,,,,140791021550,,0,,0,2,285,140791021550,2,0,0,0,0.06,345000000,0,0.0021
pool18wvcp69ju0qtx63c2qwjz3djvf2nxgwyx5e4a5vt9r84gpnuhjt,,,,45118036460,,30000000000,,0,7,285,45118036460,7,0,0,0,0.01,340000000,30000000000,0.0007000000000000001
pool18wvrpuz4uftxs83gf39ynh7cy3nds8q0hs7u7yuelu4e78w237s,,,,167039934153,,20000000000,,0,25,285,167039934153,25,0,0,0,0.99,340000000,20000000000,0.0025
pool18xjkr4xpscwxsatewj9lqc6z74vw90qycjd0wrypeqej673j5u8,,TAM,,5735987988202,,2000000000,,2,7,285,5735987988202,7,2,1061169273,372825296,0.03,340000000,2000000000,0.0868
pool18xqt8enh3fcqq9jvczkmcyaxzapyg7yp9najj96gg0gmxjuglyx,,AMOUR,,19031763252,,100000000,,0,7,285,19031763252,7,0,0,0,0.04,345000000,100000000,0.0003
pool18xyhhrlxp6svh3rpr8fe8ts88ymn7xatgd74305t8548ccgtacq,,WORLD,,6672312497852,,1000000000000,,4,532,285,6672312497852,532,4,2089714696,416053366,0.03,340000000,1000000000000,0.10099999999999999
pool18xykgvvvxej2e5ap04ks72d8fdke4qsqeh30satznyrtj88634d,,TQWS,,3764649210287,,1015000000000,,2,48,285,3764649210287,48,2,781960109,340000000,0,340000000,1015000000000,0.057
pool18xysavc2dazzvc7xaqyh6t966zlawgupkdzyfc0yspt76ggxw6g,,,,3310954096320,,1000000000000,,5,87,285,3310954096320,87,5,2135298114,421414143,0.025,340000000,1000000000000,0.0501
pool18y056s0echkc44dwnnd0hwanmrlnecxvkluwn339ukhnwnaz5v6,,,,100000000,,100000000,,0,1,285,100000000,1,0,0,0,0.15,340000000,100000000,0.0
pool18ytpk5m7fun45j9julxq0x06dcwzmfdads3ha5rmp3qqqd5lreq,,,,1000000000,,1000000000,,0,1,285,1000000000,1,0,0,0,0.05,340000000,1000000000,0.0
pool18zf8txwv8lmtpq2src8wrhz0pjut5qft8h5tfxnctwc95r7jvvj,,Malu,,3993341017319,,25000000000,,6,128,285,3993341017319,128,6,3814542524,458729198,0.03,340000000,25000000000,0.0605
pool18zn7wa345uytjgds9hypn3jugnzqtfm4cny7anskkcmgwwxtwca,,1PCT7,,4832142015326,,50000000000,,3,159,285,4832142015326,159,3,1707444179,358129000,0.01,340000000,50000000000,0.0732
pool19042p8xye9udlgxgxn6n358hx0u0mjuegcwpxradk3vpkqgf54t,,,,2920621038,,100000000000,,0,1,285,2920621038,1,0,0,0,0.035,340000000,100000000000,0.0
pool19066qvd5dv6vq7fh5a5l7muzk6nc5fw8zq3w4tclyrhvjvlyeuc,,ETO2,,65000007358959,,0,,66,2,285,65000007358959,2,66,,47327803922,1,340000000,0,0.9840000000000001
pool190a9js7lk9lvmrngre7w268z9tz9xs9yz77audvw8ag4jerfdhx,,307,,16074756025006,,100000000000,,15,153,285,16074756025006,153,15,9994949922,652635332,0.03,340000000,100000000000,0.2434
pool190fke89hjqyyvsc0snhnzrgg3wjjchf0y7n79jlal0yuj8060xt,,EMMY,,512621610,,500000000,,0,1,285,512621610,1,0,0,0,0.05,340000000,500000000,0.0
pool190gglea2zvf8vch44jnmpkzljyzvk3u84gpaj4l4ypwc2lpf27m,,,,3680622859,,1101148896,,0,8,285,3680622859,8,0,0,0,0.05,345000000,1101148896,0.0001
pool190vx20f4ptv93u8em69pl74y6kux0mgl6kpzwmq6xvx8qvza429,,,,286406865065,,121000000000,,0,6,285,286406865065,6,0,0,0,0.01,340000000,121000000000,0.0043
pool192xshj2cu50qfy2pm5cck8lnm9lxv2tjquznqjdkkzw6y5hnzl6,,,,12182499551,,10000000000,,0,3,285,12182499551,3,0,0,0,0,340000000,10000000000,0.0002
pool193cdhdpaedcev7x6qps3eps7s4sh2v8k6v9yr4tc2ulujq4982d,,14ALL,,507449333,,500000000,,0,1,285,507449333,1,0,0,0,0.01,340000000,500000000,0.0
pool193eeqrm9vfx5y7d7u7766zskcr0ss0pnypy8sn30mlar29s49zv,,,,8011900705781,,1000000000000,,10,2,285,8011900705781,2,10,1405,442897819,0.015,340000000,1000000000000,0.1213
pool193rdch53x9c53rmftlqgzj22vmz6w8z8hhut2ckzd2zej45zpap,,ALLEY,,5443882265,,10000000000,,0,3,285,5443882265,3,0,0,0,0.01,340000000,10000000000,0.0001
pool1947a6fc2nkguajeutzhhwfnumd0pfszlekcmlg4n7h7y7lgtedx,,,,158697722142,,100000000000,,0,8,285,158697722142,8,0,0,0,0,340000000,100000000000,0.0024
pool194rde70lnsrdu692j6hzrth2ka08l2t4g9mj0xl8tyfmuny7faj,,COW,,9618398,,100000000,,0,1,285,9618398,1,0,0,0,0.05,345000000,100000000,0.0
pool194usk2h8vcq6yw89xs5asrvw22g08kcfy72xyfrnnkg6qrhtlfw,,AUTO,,525327195114,,100000000,,2,12,285,525327195114,12,2,49840612,340000000,0,340000000,100000000,0.008
pool195gdnmj6smzuakm4etxsxw3fgh8asqc4awtcskpyfnkpcvh2v8t,,SUNNY,,64447980364315,,1000000000,,55,1635,285,64447980364315,1635,55,38438409445,731443091,0.01,340000000,1000000000,0.9756999999999999
pool196fz9gd7n0jnn2rwpcqqdyf9j5q3na6qwhhy0k6j9ysx5f3u7r4,,,,5301451942,,5000000,,0,3,285,5301451942,3,0,0,0,0.02,340000000,5000000,0.0001
pool196kpy0628pdlm0qpedsnnnctrunyx3cvt0ugalrj4a2mxr72uk6,,,,5363534249496,,100000000000,,5,14,285,5363534249496,14,5,3131805105,404889083,0.02,340000000,100000000000,0.0812
pool196tul7axlt0qzqvs7rx4glfdkpsjlsh68tdkl7y87q3uztcvd5k,,ARM,,5879394,,5000000,,0,1,285,5879394,1,0,0,0,0.015,340000000,5000000,0.0
pool197e83k4u53l6txk8yr83007efgavngua8wnwp00w3xrqw3pmr4x,,CREUS,,59022780278569,,0,,56,17,285,59022780278569,17,56,39652085260,499274988,0.004,340000000,0,0.8935
pool197rexraxmzk5mv36h2yfy8p4lwxzlqyenjk50r0q8dchz4gp26j,,AADA,,209013311734,,100000000000,,0,27,285,209013311734,27,0,0,0,0.023,340000000,100000000000,0.0032
pool1980svf2cxnfy66s5jgjv7y22xud75z9kfe6n0c3y54s62w56435,,HYPE,,927745701614,,25000000000,,1,191,285,927745701614,191,1,153599989,340000000,0,340000000,25000000000,0.013999999999999999
pool198dphfrsfal4ezddmpamqeder9lj4fk60c83aagrxmqxk2yyvnh,,SIGNL,,497298160,,50000000,,0,1,285,497298160,1,0,0,0,0.15,345000000,50000000,0.0
pool199a44nvtjr0c5xlanz4p5c0nywu8l6k5hz3t2he0hq7wvljnsrt,,ALoop,,7942657962,,25000000000,,0,5,285,7942657962,5,0,0,0,0,340000000,25000000000,0.0001
pool19a88drt8dx3wu29e85vcl96wjsjt9vlnlj5tr4ydjqq86sfa84w,,,,1699400140094,,1200000308687,,0,31,285,1699400140094,31,0,0,0,0.02,340000000,1200000308687,0.025699999999999997
pool19ae6xhzsscypyha0sszv90xwjsh20hxecxjpcqynshfawvwxqnn,,GENE,,5443046417465,,1000000000000,,11,76,285,5443046417465,76,11,5959106096,476399162,0.018,340000000,1000000000000,0.0824
pool19asxjgd6ah9ddzauwede4wpt9vsp6s4ax5nz297wt47evc9sn7z,,,,38368739011699,,7890000000000,,34,2483,285,38368739011699,2483,34,20472589752,804483341,0.0125,500000000,7890000000000,0.5809000000000001
pool19at4pzt6ghethuls7ehr0v5x65cg7mj0zun79eenefa074yfcz8,,,,24434162135,,75000000000,,0,3,285,24434162135,3,0,0,0,0,340000000,75000000000,0.0004
pool19aw7zl62a72fy0vz2g8tj7raxzqhw2775ynymyvaeayvk8xf9er,,HUG,,9142801182,,100000000,,0,6,285,9142801182,6,0,0,0,0.02,340000000,100000000,0.0001
pool19c39hucr2p6ra4v6c5qwqt4zgc6ugchu7cs4yal7ndetsnrmzju,,FAIL,,24997824863,,0,,0,1,285,24997824863,1,0,0,0,0,340000000,0,0.0004
pool19ccud9eawdghzqg8425g8upxqws9r64f35f3cvv3vpxdcl879cn,,,,4497622534,,4410000000,,0,1,285,4497622534,1,0,0,0,0.05,340000000,4410000000,0.0001
pool19d5anp46tkzvf8xmqmxrtedr6lvw55snk65zfep2srsd2qe2wcc,,ADAC2,,36920446,,10000000000,,0,1,285,36920446,1,0,0,0,0,340000000,10000000000,0.0
pool19ddv2pe786q8zqjzvw50u60y2aau7wl76sg3pnkc4j92wcx2kp2,,NEXUS,,110126739,,1000000000,,0,1,285,110126739,1,0,0,0,0.01,340000000,1000000000,0.0
pool19dgzjpt2uvnkcca9cnrzkvrre4p6587esw4c8wgty0397c552a7,,ALABS,,601413121,,100000000,,0,1,285,601413121,1,0,0,0,0.15,345000000,100000000,0.0
pool19dn3u8tjh2zxdyh00tcsftstzs80nh73rnnp4nj6mwa0whe4t45,,,,18986824995,,100000000,,0,1,285,18986824995,1,0,0,0,0.02,340000000,100000000,0.0003
pool19dn4vmk5ayatdjshpnyvxy6w4fef0zfl585sfpls6l2wvn0xxjn,,MJ23,,37278812738,,10000000000,,2,2,285,37278812738,2,2,17255481,356413352,0.015,340000000,10000000000,0.0006
pool19ejln2jcpg5dphc8m5nh8sya49sycsqj0v2cjxw6nku966cc8nu,,POP,,42622225092238,,50000000000,,40,106,285,42622225092238,106,40,26896248916,1757501188,0.05,340000000,50000000000,0.6452
pool19f6742plmyxw4w4tzhew003q67cf2w7c66v28mtk6f7fxf80ak7,,,,516461389,,2000000,,0,1,285,516461389,1,0,0,0,0.03,340000000,2000000,0.0
pool19f6guwy97mmnxg9dz65rxyj8hq07qxud886hamyu4fgfz7dj9gl,,BERRY,,18506318451007,,45000000000,,19,420,285,18506318451007,420,19,12773944908,539680028,0.015,340000000,45000000000,0.2802
pool19frt3kaxxk4vr4x3wnaapntu0ul0dsesu77wfqaawc5h5ffgfgt,,,,2147967795729,,750000000000,,1,59,285,2147967795729,59,1,126698729,358449901,0.0499,340000000,750000000000,0.0325
pool19gn0qwekjqurwa7hk0d4uk78plesxdxjmjfmupnuqfwlqauhrn5,,MS12,,10007441014,,10000000000,,0,1,285,10007441014,1,0,0,0,0.04,340000000,10000000000,0.0002
pool19gz6ffzagyh9daymscvyc64maq2xf4s05w5upthferlnwd7vgr8,,SAK01,,10137954961,,5550000000,,0,2,285,10137954961,2,0,0,0,0.02,340000000,5550000000,0.0002
pool19hfx5wua6gmjerzg83es62j85m63u5wqdd9fcfy0dhf6cs8kx02,,,,3827434210228,,2500000000,,3,23,285,3827434210228,23,3,1789427430,358112882,0.01,340000000,2500000000,0.0579
pool19ht066hngsjfnv3mfsc8u9fgzl4w5qcrmh8l6zppwph6s2t7jn4,,4GOOD,,4503330214823,,1000000000000,,2,119,285,4503330214823,119,2,813516535,372980137,0.03,340000000,1000000000000,0.0682
pool19htgqp804d3v22clhv7wnx0wfzh0uhrcu95yjkhag0xwgwnv2t7,,,,1502600000,,1000000000,,0,1,285,1502600000,1,0,0,0,1,340000000,1000000000,0.0
pool19huts3m38qd9ptd385g8am699jhn3xrews0ycxsz3z05s4h9qdv,,,,101283602445,,500000000,,0,8,285,101283602445,8,0,0,0,0.01,340000000,500000000,0.0015
pool19jyw8flky7da5y20jtdme4utwd8sa0l5pletmnny06w9xx05eqc,,BNP,,65900403304408,,2000000,,60,4,285,65900403304408,4,60,40117645158,2905816601,0.06,345000000,2000000,0.9976
pool19k4azhj8tye5wwy5pfj7q6m938m8fg5nglds5dkhtfwnvcg3s0k,,,,428085092486,,36000000000,,0,33,285,428085092486,33,0,0,0,0,340000000,36000000000,0.006500000000000001
pool19k9grwq9cdswn4k7vxzmwcls24jj3466g4s4xr5vucehcqpslfy,,ADV4,,500863686,,250000000000,,0,1,285,500863686,1,0,0,0,0,340000000,250000000000,0.0
pool19kzem4wxy08yt4wn643hf5kgxwtmvtcw64pfuyu2pggucvtnd5f,,,,2099593019,,0,,0,1,285,2099593019,1,0,0,0,0.01,340000000,0,0.0
pool19l206haluae6wyzm7tjpt3gln9paa5m9s4fedec2u09fqz300ht,,ETO10,,64999997816010,,0,,70,1,285,64999997816010,1,70,,50196155675,1,340000000,0,0.9840000000000001
pool19l88dk44c38a6w724zrzvj55q9xqh9zjfhq6g45dc8csurs0gxe,,ACA,,14699757326294,,50000000000,,18,10,285,14699757326294,10,18,12148902531,717115125,0.03,340000000,50000000000,0.2225
pool19ld34dteejm5z5avr858easgmxuusay9u8avw27upfjw22t9th7,,,,218520554,,155000000,,0,1,285,218520554,1,0,0,0,0.15,345000000,155000000,0.0
pool19lxuukjsg5frly5uycdnthq6g2xxc46vmtnddwpjlh077v00ace,,ORANG,,311163107318,,2001000000,,0,2,285,311163107318,2,0,0,0,0,340000000,2001000000,0.004699999999999999
pool19lz8nyz0jjpdrdtnjaar4untk4th23gpg5s7aegn7480zff4vgq,,MS5,,63589875854763,,100000000000,,59,569,285,63589875854763,569,59,40869296299,1389684711,0.025,340000000,100000000000,0.9627
pool19m70myhhv6a74fu66patflmy3ug7c97q98nx6247xsunw0pl9m6,,CAPEY,,80458110462,,30000000000,,0,7,285,80458110462,7,0,0,0,0,340000000,30000000000,0.0012
pool19mmp7v06nwup40yvk9sehzxn4ahvle03gc3sfk8pxpma5rnfhr7,,,,112657519057,,75000000000,,0,4,285,112657519057,4,0,0,0,0.025,340000000,75000000000,0.0017000000000000001
pool19n2rjlddd0afs02cgd86mehptwaajv5kndtfcuqzdmgzq06lq0n,,NAO,,26564199287,,100000000,,0,3,285,26564199287,3,0,0,0,0.05,340000000,100000000,0.0004
pool19n5ml38q5uedy8kgwwwtlsa3p9tmfcef0lfjp42k7j9d5mpgs2m,,SLR,,465122953590,,4000000,,1,186,285,465122953590,186,1,343843584,340000000,0,340000000,4000000,0.006999999999999999
pool19nfs9chtv37vfawvpyf0x2shfhns9hpwy3qfckvpm4dmq0nrl8m,,,,5460467205,,1000000000,,0,4,285,5460467205,4,0,0,0,0,340000000,1000000000,0.0001
pool19nhmxfd2tts089nx742g8jtc2ynwstkhp2594y0wwp6d5we25f6,,,,4412288584,,1000000000,,0,6,285,4412288584,6,0,0,0,0.023,340000000,1000000000,0.0001
pool19nu8lt0vwycv0eqezpyjquawfklxtjjx9s0ac0f22mgp2ggpsvy,,,,65848894112645,,2000000,,63,17,285,65848894112645,17,63,42144414127,3030192431,0.06,340000000,2000000,0.9969
pool19nw9emug78q4uxwr8lv0glvmmzwr6lhylgy4ztaagjsjvyqjylw,,,,7859786738841,,25000000000,,8,331,285,7859786738841,331,8,5387654159,340000000,0,340000000,25000000000,0.11900000000000001
pool19pyfv4xnln8x4l7auw0n0skk3hd97shun707hrw5d4s553ys74x,,TITAN,,3593655348341,,250000000000,,3,171,285,3593655348341,171,3,1531558011,376308300,0.02,340000000,250000000000,0.054400000000000004
pool19q034g07ka2ltwc3wwjeu79w29nlafc0w2ppne5ppu5wud60rgq,,HEDGE,,14715140211917,,50000000000,,16,21,285,14715140211917,21,16,10984646192,451360037,0.01,340000000,50000000000,0.2228
pool19r33az023gn3n8p2x35hq00j2dxc8vwln0nanpcfuvc8759cvkz,,,,128026819912,,25000000000,,0,11,285,128026819912,11,0,0,0,0.0499,340000000,25000000000,0.0019
pool19r8kcmqpajlm6h5q0lv8jye0q7evdur39wfsgs4z98fcqpz9lct,,BLOOM,,37489083553517,,1000000000000,,32,629,285,37489083553517,629,32,21217569632,1248390203,0.04,340000000,1000000000000,0.5675
pool19rjjay24ez2ezgqkyqvna6uwc5ur9lt489gwvrv7ve5exlcld3x,,MBCG,,1270417181187,,24000000000,,0,44,285,1270417181187,44,0,0,0,0,340000000,24000000000,0.0192
pool19rs2895l5ghjn4d38c9qpqn2d44amqx7cqd3easdav5m786w6ng,,IRF,,377279872,,1000000000,,0,2,285,377279872,2,0,0,0,0.015,345000000,1000000000,0.0
pool19seeqvu6hfr3qru6kx3rp4khymssa82j00jfm3d6k3ua590wdwv,,RUBY,,4008772925,,1000000000,,0,3,285,4008772925,3,0,0,0,0.035,340000000,1000000000,0.0001
pool19sk7acvpdxszed5hmckt0wmqxljalartue7d7d4a7qhwuw0n0ws,,ELON,,1070705943,,1000000000,,0,2,285,1070705943,2,0,0,0,0.02,345000000,1000000000,0.0
pool19sw24xucdkukhyjyyaw7ffkldez6lmfsew2vq4mzsktmckwhhxr,,KATZ,,5723697934,,100000000,,0,2,285,5723697934,2,0,0,0,0,340000000,100000000,0.0001
pool19sydze39a8dccylczqe2m4nnslpreytxlj5fu400nqxkg8wvgx8,,BNP,,17639298,,2000000,,0,1,285,17639298,1,0,0,0,0.06,345000000,2000000,0.0
pool19tgayrt6zusdfjgtpga5mxjh6s4ep7t7es8t5d6ee4u5qtf65n4,,BGADA,,30273462652,,25000000000,,0,4,285,30273462652,4,0,0,0,0.01,340000000,25000000000,0.0005
pool19u2lzwnmkz3gqqmx9sahhys8nqvwzkl8dqu7m474m0zsj3acjfj,,,,532618310,,510000000,,0,1,285,532618310,1,0,0,0,0,340000000,510000000,0.0
pool19u3glj3t9c0nsyzgrd6zdhnj0ed5dk67wmv3fs6nc0702xzh94y,,,,424751354,,50000000,,0,2,285,424751354,2,0,0,0,0.01,340000000,50000000,0.0
pool19ufezgx63kzn7z57g3qsuekzjhjgjk4d40v5ny3jzwnpc98326f,,NOUT2,,6887975295,,1000000,,0,2,285,6887975295,2,0,0,0,0.01,340000000,1000000,0.0001
pool19ut4284xy9p82dd0cglzxweddfqw73yennkjk6mmp650chnr6lz,,ELEMT,,616819362639,,100000000000,,0,39,285,616819362639,39,0,0,0,0.019,340000000,100000000000,0.009300000000000001
pool19uynx6nxcdksmaqdcshjg487fap3rs3axyhrdqa7gdqgzgxss4y,,JAPAN,,28720468124147,,50000000000,,36,109,285,28720468124147,109,36,24158932195,1614041512,0.05,340000000,50000000000,0.43479999999999996
pool19vpp0udh6qtu5dv9dwssamqsttx7z7n9ml2wed67j0pdkck9vnj,,,,970607188098,,11886000000,,0,13,285,970607188098,13,0,0,0,0.023,340000000,11886000000,0.0147
pool19w5khsnmu27au0kprw0kjm8jr7knneysj7lfkqvnu66hyz0jxsx,,ATAD2,,50046715268338,,1300000000000,,40,2263,285,50046715268338,2263,40,27439232682,765554206,0.015,340000000,1300000000000,0.7576
pool19wulgnewwpeszs8gpccyk3snjefx0rp9qnenu4nk93wqxv4w2rc,,GRID,,825474560,,500000000,,0,3,285,825474560,3,0,0,0,0.02,345000000,500000000,0.0
pool19wypxkajsrhk9cce8me6yyp3cx2yvq3823nesqgn8d78ju8crwq,,,,315485410857,,25025000000,,0,15,285,315485410857,15,0,0,0,0.025,340000000,25025000000,0.0048
pool19x60wat4eu8sh42s05th8l4p6e9rmmnc6g2a64lj4npag7zj5cx,,SNODE,,2000000000,,100000000000,,0,1,285,2000000000,1,0,0,0,0.008,340000000,100000000000,0.0
pool19x70rusuwenqn7c8kkmm52je8t3nntfjazfm3hcaku9z6qzxnjs,,,,28772173646,,28000000001,,0,2,285,28772173646,2,0,0,0,0.05,340000000,28000000001,0.0004
pool19xhza3f7nye6j5p6stsnkpvadejztnqvck0ge3l2uy9gvsvy05f,,ARUBA,,174968922,,0,,0,1,285,174968922,1,0,0,0,0.01,340000000,0,0.0
pool19xyfanyp28j6j07dxgwdjp0wur6seqmyyu64qgzstzl7s47pvpj,,VLHLA,,104379012366,,5000000000,,0,24,285,104379012366,24,0,0,0,0.01,340000000,5000000000,0.0016
pool19y6kk0p4x50463xxvqlgdlha5v7suw3w6cdrpn8nmfwhzkmwmza,,,,669774019433,,100000000,,1,2,285,669774019433,2,1,363919288,351312648,0.03,340000000,100000000,0.0101
pool19ygh8apuc2qz0u9kr4wj9qj33xhw70n7z286xll0g6ltgccuq42,,GHISX,,484980046330,,10000000000,,1,15,285,484980046330,15,1,193933641,345660201,0.015,340000000,10000000000,0.0073
pool19z9ac79g48kekg2xghx3afj6qp5skr9ar590w0huhc8nxn9s5j9,,,,2247385101240,,500000000,,3,3,285,2247385101240,3,3,1448684434,702253738,0.2,340000000,500000000,0.034
pool1a2055ynlql84eznr5sqcnm8yrsgy5lun0phjtvmeh6f9gx4h5n2,,YOGA,,1900585678047,,25000000000,,1,19,285,1900585678047,19,1,364193053,347543365,0.02,340000000,25000000000,0.0288
pool1a23v7jcg9dfl66mz4ftw42xc2gzufwrdxqxzltcesue4jn0pd5r,,,,3034902384,,500000000,,0,2,285,3034902384,2,0,0,0,0,340000000,500000000,0.0
pool1a26gnntcj3j5v7ng599qncn7uuav2sp560xwlkvp3pqlj822jtl,,NASA1,,1222471073,,1000000000,,0,2,285,1222471073,2,0,0,0,0.05,340000000,1000000000,0.0
pool1a2gt2mvuf5zvtqlvw2xgks2efze3p4r985ft62q64lua7gx7lal,,,,1553808599668,,10000000000,,5,70,285,1553808599668,70,5,2970593216,340000000,0,340000000,10000000000,0.0235
pool1a2nh3ktswllhwf07fjahpdg5mpqyq7j950pyftq9765r6t4cefl,,OCEAN,,44570939400339,,25000000000,,46,2403,285,44570939400339,2403,46,31968567021,819904106,0.0147,340000000,25000000000,0.6747
pool1a3ekt9me035qgju0en2w39vjns9ggtewnc9fugsmpgczvgtl6u9,,SA8,,19870362043625,,168000000,,18,28,285,19870362043625,28,18,12339504855,465773647,0.01,340000000,168000000,0.30079999999999996
pool1a3kdettzvvlqvkl9m9hwe63ggeq5fgvz0twqew5c62dzx99vsed,,LEAD,,16264099169226,,25000000000,,13,454,285,16264099169226,454,13,8689165134,429957050,0.01,340000000,25000000000,0.2462
pool1a3u8zuz7fqavxgl48s8k37w8w6njk7zevlzyfjdlzxfexjcue6a,,AAA2,,10330792197151,,0,,15,226,285,10330792197151,226,15,10109914383,625900710,0.0275,340000000,0,0.1564
pool1a40qpxlsqwjk4a9yk636dcawly4dcrd6l26tghjxlr37cmlrwv4,,RPO,,197125746,,100000000,,0,1,285,197125746,1,0,0,0,0.15,345000000,100000000,0.0
pool1a44j6jas4sjhh3qc96r8rmhsdjxjuntuzxr3440jzwjjcysl9ca,,MELD,,63213191542898,,20000000000,,47,1200,285,63213191542898,1200,47,332273409,33372473903,0.99,340000000,20000000000,0.9570000000000001
pool1a44zldps27avv82mamm2lj33mrrkqdzt39nyrgn5dkk3jtm0wrp,,,,1046278380450,,3000000000,,0,19,285,1046278380450,19,0,0,0,0.01,340000000,3000000000,0.0158
pool1a4qtpgce7cu6wzc79fx7qrc3938hkl2gf8c2h5jugvm2gnu86l7,,,,63452698172065,,8440000000000,,46,3073,285,63452698172065,3073,46,30111027961,998517083,0.015,500000000,8440000000000,0.9606
pool1a58fg4u3mcr2zwyqlc4dqd6mnwqjmcussmpmcml9lrmszwedmfy,,,,4988631386,,100000000,,0,2,285,4988631386,2,0,0,0,0.0075,340000000,100000000,0.0001
pool1a600v0jd2z3yajazd80phln3exekumm7g56d9yvlrh6vx8dx2fc,,POP3,,27135183940692,,50000000000,,28,96,285,27135183940692,96,28,18717701374,1327147908,0.05,340000000,50000000000,0.4108
pool1a6ccp9fpgn40r2jl7fapjv3224swqf72z5gt4cgwctnk5etfjlr,,,,397703845235,,40000000000,,0,25,285,397703845235,25,0,0,0,0.0165,340000000,40000000000,0.006
pool1a6v2wt0m8wjra80zuw00sfdxn4w52cna96gcaglzvred6gnsusx,,MS1,,54063062222410,,100000000000,,52,102,285,54063062222410,102,52,33751149274,3482066685,0.085,340000000,100000000000,0.8184
pool1a6ysvnx24xsjh2f6ehgmx7yu9q45fd7lsk88v2swxkek7pkxtgp,,VIVI,,16049471216824,,15000000000,,13,38,285,16049471216824,38,13,8783988147,519669056,0.02,340000000,15000000000,0.243
pool1a734a2f7kex3t9vh6f7rv7j554w4s0tgw324hkngeufsv92gzct,,,,5040443709,,1000000000,,0,1,285,5040443709,1,0,0,0,0,340000000,1000000000,0.0001
pool1a7gj89pcxm7h63le3hjkneappj3m5kuqeg4t8fa5rn5d6z2nhkx,,,,12298865763962,,100000000,,8,9,285,12298865763962,9,8,5233982091,501901183,0.03,340000000,100000000,0.1862
pool1a8902n5s5z8cgehphzj8ujwv6wf7dycnrdx4ekfz9cwmwj2fenu,,,,169476078120,,25500000000,,0,11,285,169476078120,11,0,0,0,0,340000000,25500000000,0.0026
pool1a8pdhput9y2rum69s452rv4nkhe0aqf3xzxys3fguvk6zemhq97,,TKY,,457436181645,,5000000000,,0,4,285,457436181645,4,0,0,0,0.01,340000000,5000000000,0.0069
pool1a9j9dtdppvfq94w84ns59fnrptz3cj2mkwpmku57e2yf5k6a4ae,,ayame,,3622402,,1000000,,0,1,285,3622402,1,0,0,0,0.05,345000000,1000000,0.0
pool1a9u5zphfgqlgl0s9nvdzw2863a5xeahfq4jl0wj59vku5kv9ykm,,HAW,,30734150078,,0,,0,6,285,30734150078,6,0,0,0,0.01,340000000,0,0.0005
pool1a9xyvnnfjnujzy0n2mpf4rztdwrssraw5p5f06mqlgn4s06z0nw,,LAGO,,314281089234,,15000000000,,0,5,285,314281089234,5,0,0,0,0.02,340000000,15000000000,0.0048
pool1aaa4rk9exk0scgjh7a247p4hdgkuq887kau8vnf9c6xqcjwca7e,,CYPAY,,47821475,,1000000000,,0,1,285,47821475,1,0,0,0,0.03,340000000,1000000000,0.0
pool1aan2l68g2763ff552tuagazc88m0f8jrq2202z0m0lakcdpw5qa,,,,56115826650,,50000000000,,0,2,285,56115826650,2,0,0,0,0.01,340000000,50000000000,0.0008
pool1aasrxs9vpr97rjlqqwpp5gnju9tp9dgtsmqqvmsy8hryuuepvra,,NEP,,902965056363,,1000000,,0,10,285,902965056363,10,0,0,0,0.01,340000000,1000000,0.0137
pool1aavk93lvhqfhskga397sadl0w30tul9sp587gh7r8mt625zxze8,,,,4635813844066,,2000000000,,2,7,285,4635813844066,7,2,1071483605,350944981,0.01,340000000,2000000000,0.0702
pool1ac0erf0qsxt9v75gmch3rq9548m889s7tshpwppp5wgqy5j32mh,,AXNSA,,3628791036452,,1000000000,,0,23,285,3628791036452,23,0,0,0,0.01,340000000,1000000000,0.054900000000000004
pool1ad7ez845cr9qv6ad4k459kqdtdv6tn5evwy4yw3xakmy5mkxlm5,,,,50133586932104,,1000000000,,44,2,285,50133586932104,2,44,,31552012478,1,340000000,1000000000,0.759
pool1adhpjj009c0jekumqswj5jux6nvrw7v2k0wlu57vfjh7gd5wyh9,,ADATA,,1123252242847,,880000000000,,0,31,285,1123252242847,31,0,0,0,0.01,340000000,880000000000,0.017
pool1aem3z6d3sac6mdrdptxcgh6pvrxhz3fkphuy4mg34sssspha6rn,,,,1803613162,,1800000000,,0,1,285,1803613162,1,0,0,0,0.018,340000000,1800000000,0.0
pool1af7dmzgcyp9kc5lyrtrtpsce58l6j5cjvc8wavkwmzlr53ym50v,,SHARE,,1809171229589,,250000000000,,3,62,285,1809171229589,62,3,1481373707,340000000,0,340000000,250000000000,0.0274
pool1afv4cmmjdkujtd5r9t63090a3frwwqy8f3e46gz003vyzjcj63r,,,,13040921707796,,150000000000,,10,835,285,13040921707796,835,10,6598597610,476528096,0.02,340000000,150000000000,0.1974
pool1ag6ae29hrcjhcjaqp56hwhwj9geszjerwqrkjz6xndmcq3u9k80,,,,2965137706,,1900000000,,0,3,285,2965137706,3,0,0,0,0.045,345000000,1900000000,0.0
pool1agk62kg0s9606v78exurl53mqsdu44d6qeuzypur5e7ku6gpgzp,,,,560336098132,,1000000000,,1,10,285,560336098132,10,1,197650052,500000000,0,500000000,1000000000,0.0085
pool1agq2knlhqpxvn2h70gepq6hare2atuwxkknryfppnfutv2av4ej,,WAV8,,2552664743689,,100000000,,1,1,285,2552664743689,1,1,,717088263,1,340000000,100000000,0.038599999999999995
pool1ah5jv4mrq0z7g4wuhjjnc24kfwqekwcap0wqmsr57thfg8mpr4n,,HWSP,,1544341958,,500000000,,0,2,285,1544341958,2,0,0,0,0.02,345000000,500000000,0.0
pool1ah9fqr5pwdtjtw82nkkcskak4vtc2xjz70mkyselzvalgzd3jlt,,SYLV1,,935884509916,,5000000000,,0,10,285,935884509916,10,0,0,0,0.015,340000000,5000000000,0.014199999999999999
pool1ahazpr2yz5gljk2m4q8g7wnmq7m2sr9unhdfmr5arhqrjnntwdz,,ADV3,,12457077976643,,250000000000,,12,600,285,12457077976643,600,12,7949175601,340000000,0,340000000,250000000000,0.1886
pool1ahw4989fry5qhxemm5dy55syj8xy7sl0cvhycpcsxlmpsz9x853,,SITG,,106792820684,,5000000000,,0,7,285,106792820684,7,0,0,0,0,340000000,5000000000,0.0016
pool1aj697twgk5kt7c6kjtkpwejqqhljvf3hzsmsamswzy42v24cw5h,,KYLEK,,28571716722,,15436500000,,0,4,285,28571716722,4,0,0,0,0.05,340000000,15436500000,0.0004
pool1ajjz83zx620n7fyr0gvfaz0k0udc6x09rdnkqrgaxu9qwcz97qe,,,,205618530,,100000000,,0,1,285,205618530,1,0,0,0,0.01,345000000,100000000,0.0
pool1ak9ecffxqkzqqlz52djsewkj3strcryaqxugpucx2hpev58kw25,,ISIL,,3349086173952,,300000000,,6,12,285,3349086173952,12,6,3909658256,379626699,0.01,340000000,300000000,0.0507
pool1akl30anedgzrf2pxnuqqeukt4p6992lnnjvk0j9rrr69vtqka7k,,,,103609021022,,50000000000,,0,11,285,103609021022,11,0,0,0,0.019,340000000,50000000000,0.0016
pool1aksxtgqz36vtvnf3rrgrzz9qxrvjv4p2ukqcdyv5q66s5eqhql9,,,,6444552,,110000000000,,0,1,285,6444552,1,0,0,0,0.03,345000000,110000000000,0.0
pool1akt37u42nfegyf3atv6c3c64da7dwa9grt9kjxa8zwj9qr4y8u2,,LAMP,,587174044445,,20000000,,0,12,285,587174044445,12,0,0,0,0.02,340000000,20000000,0.0089
pool1al783um2muyhrpcj779y46z0qtnd0nteu0y5jt7252nl26dt0h0,,GOLGI,,57242092085,,10000000000,,0,26,285,57242092085,26,0,0,0,0.005,340000000,10000000000,0.0009
pool1alukhlxd53jat03vgt5h4dxxqyaapzefhk9yrl40e4r3x5cr5au,,,,32186479516244,,0,,22,2,285,32186479516244,2,22,14265513424,1497695098,0.075,340000000,0,0.48729999999999996
pool1amehrafjnlcrjsjr6942xk50lea4qz4x63kcpva3xatkvjd26ry,,,,264412200335,,52500000000,,0,5,285,264412200335,5,0,0,0,0.005,345000000,52500000000,0.004
pool1ap29p59japhsunqkknkrdm4wh4f8krrvhft66zhns43evawjd03,,SNOW,,9437099307,,0,,0,10,285,9437099307,10,0,0,0,0.02,340000000,0,0.0001
pool1ap4k28jflxcyekms0rjp39ruuydrvwrek2ca267w8mwyvknpx87,,,,124497618310,,100000000000,,0,1,285,124497618310,1,0,0,0,0.015,340000000,100000000000,0.0019
pool1apts5675m9f6tkp4ed2jeu35azt7a0hxd3dypzjvwr2hxu6lg9a,,ANON,,782417522,,0,,0,1,285,782417522,1,0,0,0,0.007,340000000,0,0.0
pool1aqg6fvhcaulvss2ruvpx6ur9vj7pejvdcxv6xp0qlwuwx94evf0,,SARGA,,31046731307998,,25000000000,,31,3644,285,31046731307998,3644,31,21405987550,777239418,0.02,340000000,25000000000,0.47
pool1aqr4843pgkyaq6p2557vgnxsxwnj5s5em2xusf5k4ya4uzk3w5l,,,,10302857614,,5000000000,,0,2,285,10302857614,2,0,0,0,0.02,340000000,5000000000,0.0002
pool1aqslsnawz622pd8367tgsu2atfm3lgk9xcdw5rh3c6rgzca33yq,,,,2489731980,,5000000000,,0,3,285,2489731980,3,0,0,0,0.01,345000000,5000000000,0.0
pool1aqt8ycgfpavswxxs7m7n8rz4atqlanpcmf73gq50rmr8um7nde8,,,,37902112555445,,50000000000,,26,20,285,37902112555445,20,26,17366983532,1255425742,0.05,340000000,50000000000,0.5738
pool1arsqn9w87wpqlm0sre66gs79dcs0jmwulytgke3vut7u62lttu7,,LATIN,,3175235216164,,50000000000,,2,305,285,3175235216164,305,2,996107170,340000000,0,340000000,50000000000,0.0481
pool1arx4x8ecnxu46xrpfj88hwm25j9gcy8080szvf62a0avke556v5,,SPG01,,126950777238,,3500000000,,0,36,285,126950777238,36,0,0,0,0,340000000,3500000000,0.0019
pool1asfgkqtmjuusclgx72xpzvpw336gkulchtstsx9lsj9uqzjckv0,,BASHO,,3097840339161,,4000000,,5,4,285,3097840339161,4,5,3110446908,469817591,0.04,340000000,4000000,0.046900000000000004
pool1ast5kjj9zer9sp02f5w44nyqsc54589l2glyp5fhsg3awqs5axk,,,,77544907940,,10000000000,,0,10,285,77544907940,10,0,0,0,0,340000000,10000000000,0.0012
pool1au6mugzekrwccr2eek6qa8vlzpnv7efu7qmup26xe2jfk9vhtce,,OBAMA,,25114309203,,14000000,,0,4,285,25114309203,4,0,0,0,0.025,340000000,14000000,0.0004
pool1aua33jlfntjm7a3xc5d63jmxuycwlwkv7xx0mu04zfjeyc4up7c,,GIBS,,511697133,,500000000,,0,1,285,511697133,1,0,0,0,0.02,345000000,500000000,0.0
pool1aum2mx8ds554pfm45el2wn3lr7lsnphlggxzhk3qlpl56qnffm2,,AMM,,5527505054518,,10000000000,,5,9,285,5527505054518,9,5,3171545018,404912043,0.02,340000000,10000000000,0.0837
pool1aupuaddm9ac3g0y37wrkqe33ufe4u7a2uacfe5xudw8ruhtav0m,,,,1796458764,,0,,0,1,285,1796458764,1,0,0,0,1,340000000,0,0.0
pool1auwfzangu7s9uagapchhmac87jy3k87a3dxhp23vadtw5m5dswl,,JPN24,,160375623003,,100000000,,0,3,285,160375623003,3,0,0,0,0.017,340000000,100000000,0.0024
pool1avrc505uzld32hjr78pxra8jtmxvwaxdttxq2zxsjearwsy0quc,,WPool,,62536197711,,50000000000,,0,6,285,62536197711,6,0,0,0,0.03,340000000,50000000000,0.0009
pool1ax6nusmcp8h8alsqmueqvxu46h37fmvfyr2y6w9l6486cy2rq06,,,,321624382,,20000000000,,0,1,285,321624382,1,0,0,0,0.01,340000000,20000000000,0.0
pool1ax8znp3yeeh0udrr2vvtm4wkxjldwv4mywycn573km7fu20y5xa,,,,46693025169556,,50000000000,,45,12,285,46693025169556,12,45,30306970964,1936813876,0.05,340000000,50000000000,0.7069
pool1axeed9wqmyvm8ttgdkpazx5dr0e6ezhucnzarpua0zpdg8ycqwl,,,,200630347343,,100000000000,,0,6,285,200630347343,6,0,0,0,0.03,340000000,100000000000,0.003
pool1axgtae69sdv7tnqru3enjdln0hff9k7n8awlh9xxzq92cdgmq53,,,,7620000,,0,,0,1,285,7620000,1,0,0,0,1,500000000,0,0.0
pool1ayfjmnrv5vg6tfducvysn360re6qfwuv2rhc4ph6jk33ztuxlhq,,1PCT5,,13464361325615,,50000000000,,13,418,285,13464361325615,418,13,8745273160,429913004,0.01,340000000,50000000000,0.20379999999999998
pool1aznnuv8rx07e6djpheq3kh05r7zwm0z672u8vd8tr3yxsnegkp4,,SURGE,,1005364479,,500000000,,0,2,285,1005364479,2,0,0,0,0,340000000,500000000,0.0
pool1c0nsyh46ucuwn9xpf8jhq05zvxdnrztuncwkflrgf7quyvh82q0,,MINI1,,37903965146,,11000000000,,0,5,285,37903965146,5,0,0,0,0,340000000,11000000000,0.0006
pool1c0qt93ydpjdndag5v9fsmzjv0hm87ehstqn6ttvrr60rw9d6uaq,,PACT,,52106700223,,51000000000,,0,2,285,52106700223,2,0,0,0,0.005,340000000,51000000000,0.0008
pool1c0t0xzlpu7nhprxhnlepnapek47waww3m54ek6gaufnpjrl5j0m,,,,37917639493,,10000000000,,0,2,285,37917639493,2,0,0,0,0.15,345000000,10000000000,0.0006
pool1c0x4nzehdf7yyvqdn5z558ydrwf0f0wpeeduj5ujgcrx66xyvkl,,,,548307395,,500000000,,0,1,285,548307395,1,0,0,0,0.02,340000000,500000000,0.0
pool1c0xj2fa97zuz4phld87atg6yphz3hju409fm5xgnwuuvqww25qj,,SAPIO,,887425882830,,25000000000,,1,244,285,887425882830,244,1,359981167,343756875,0.01,340000000,25000000000,0.0134
pool1c24g8qlmmhxrutsaus20dzy84vnaws2839ssqltcaqnwsa4ssy5,,,,298231438093,,100000000000,,0,5,285,298231438093,5,0,0,0,0.025,340000000,100000000000,0.0045000000000000005
pool1c25428845rm7sp2cja9jgahpr5kll29srjdzzh84pu84uzanqfc,,,,5905631385763,,1000000,,8,14,285,5905631385763,14,8,4948571071,340000000,0,340000000,1000000,0.0894
pool1c2hg4uh9x9lfljxsf5ufppwg72p3y5gu95zskmpvdmyf70w6g6v,,PULSE,,171083073,,150000000000,,0,1,285,171083073,1,0,0,0,0.03,340000000,150000000000,0.0
pool1c2utlagkpht4zj0jetsf245c258geuxnjqp9kf4f2z9rutx9dz4,,QCPOL,,1329376349504,,25000000000,,2,72,285,1329376349504,72,2,1071590305,340000000,0,340000000,25000000000,0.020099999999999996
pool1c2wa8326fulnkq42uerra78pue48pdwsqru2dhp5xrhsgzqmlsc,,,,3775055431361,,0,,4,52,285,3775055431361,52,4,2456904482,340000000,0,340000000,0,0.0571
pool1c2wf97p3j9gfvfjshj99ufxerpy3aznm8tzr2fd0ua465s26th4,,P2P,,16510009392071,,10000000000,,17,147,285,16510009392071,147,17,11839834451,343000000,0,343000000,10000000000,0.24989999999999998
pool1c38rf777lz0lweuz856xtetz2p2tfq04xfles089839tclt4dp3,,,,43837857077,,10000000000,,0,8,285,43837857077,8,0,0,0,0.019,340000000,10000000000,0.0007000000000000001
pool1c39qg80pu8596huf5kh6cmfuxp8yzxz4kfqc4csfz7xdcwfwcnc,,,,1621362,,0,,0,1,285,1621362,1,0,0,0,0.1,340000000,0,0.0
pool1c3ecg6h4m73a2mftmdm9mz3gxklxmnzuwzl9e38lzd4y26qcm8a,,COSMC,,24958748608169,,300000000000,,19,165,285,24958748608169,165,19,12810072403,672577065,0.025,340000000,300000000000,0.3778
pool1c3nygcxsmd4g9ukk60ln4n9dmu6684pu6mstp3mvjpmruwm8hax,,CRF,,159081547,,1000000,,0,2,285,159081547,2,0,0,0,0.015,345000000,1000000,0.0
pool1c45udwv2kdjcth5fvnhlklsz2tutw8spl9tcwnfw7m8cxl8eanm,,,,143243433207,,70000000000,,0,7,285,143243433207,7,0,0,0,0.01,345000000,70000000000,0.0022
pool1c465ftax734tzx0kr36nudtmjy66zzwqgmct7ktpff46u8hrl0e,,UMA,,12284439473,,2000000000,,0,2,285,12284439473,2,0,0,0,0.001,340000000,2000000000,0.0002
pool1c4tqc60574fgcyqdy53vyv4dusjpj2zd9grm65avn6cz7equ0g6,,EIP,,1910986179,,1900000000,,0,1,285,1910986179,1,0,0,0,0,340000000,1900000000,0.0
pool1c50yum9j2pj66p6qyjwxd6h6z8scvysxq2hlrnw22vgs5rq2547,,BNP,,65843333405716,,2000000,,63,3,285,65843333405716,3,63,42139794004,3034892431,0.06,345000000,2000000,0.9968
pool1c55n72ag3tz8g7rntzuu9a86u7eugsy008xl3xsje8kwgvz2vdz,,,,51014616548663,,30000000000,,36,42,285,51014616548663,42,36,24569699147,1231753805,0.035,340000000,30000000000,0.7723
pool1c5lxn8j87vhvc5rgtgytzzy9ujfyslh55lccr5r25ceyjxfdxav,,,,159666574499,,50000000000,,0,7,285,159666574499,7,0,0,0,0,340000000,50000000000,0.0024
pool1c759wl8hlwdgnua07rqwqqgt95kn2h92rylk8uwqvl2njdnzgtw,,SENJU,,192626148690,,1000000000,,0,3,285,192626148690,3,0,0,0,0.005,340000000,1000000000,0.0029
pool1c7fwfs90r2v6z5zeyhkwhklfc3dcccfu53d7kstd3x84jurpy55,,,,226696512682,,70000000000,,0,9,285,226696512682,9,0,0,0,0.015,340000000,70000000000,0.0034000000000000002
pool1c7jrfce3zxkk9s9enzpvwj8fuayvx3pdzc2k2es6mrw6gsfcjep,,EDEN,,63611797195434,,1000000000,,56,2226,285,63611797195434,2226,56,37142450428,747207649,0.01,340000000,1000000000,0.963
pool1c89d4drtwn0048mekkdkzllz559ahnntxelyw2mppxnmc36hjlx,,CLIO1,,45571670334749,,1135000000000,,33,534,285,45571670334749,534,33,22338316244,575145570,0.01,340000000,1135000000000,0.6899
pool1c8enfyd0rt39p4wr9h840y3d2xtqylxq5rsu3ku8gld45swgtne,,NBLWR,,12513453422,,10000000000,,0,1,285,12513453422,1,0,0,0,0,340000000,10000000000,0.0002
pool1c8f3ffu2g0eatw4fctjpq5q48pppzst0yg90fgj23637uhhhx23,,BNP,,65897195775869,,2000000,,60,2,285,65897195775869,2,60,40117404815,2905816601,0.06,345000000,2000000,0.9976
pool1c8k78ny3xvsfgenhf4yzvpzwgzxmz0t0um0h2xnn2q83vjdr5dj,,,,541561415390,,50100000000,,1,8,285,541561415390,8,1,397267,340000000,0,340000000,50100000000,0.008199999999999999
pool1ca862gvy5r06k5l3hulsphtp20tvuxqef0arzcyejdf365c5nrs,,CHILL,,3241299265,,300000000,,0,5,285,3241299265,5,0,0,0,0.01,340000000,300000000,0.0
pool1cace8zqecz9rkxfyleephhwd4xj9r4yw70cgxne2jz6e7xusjcn,,ST4U,,42662757005,,20500000000,,0,3,285,42662757005,3,0,0,0,0.02,345000000,20500000000,0.0006
pool1cadkaz3uejj3j5jja8j59tzm4rnc3j23l2kt4w3je6jmv8k095f,,DROID,,52317237993,,5200000000,,0,2,285,52317237993,2,0,0,0,0.01,340000000,5200000000,0.0008
pool1calq8kjzrvp83l80rtvgmulausl99q4tjfkz2lp227vkymd5wgg,,ODIN,,3568392522721,,180000000000,,5,842,285,3568392522721,842,5,2995491256,404103407,0.02,340000000,180000000000,0.054000000000000006
pool1caulv7s08g0jnptzdc69qycptacu7fzahny2epzh7sh9vhqz6xz,,NUFI1,,45628574474679,,1000000000,,41,1785,285,45628574474679,1785,41,28168520641,1211769945,0.03,340000000,1000000000,0.6908
pool1cc0zqv42utrsffvgy4e5tfln3unrjk4f6q952rt56y3dzmerptw,,YOUR,,77199502,,5000000000,,0,2,285,77199502,2,0,0,0,0.03,340000000,5000000000,0.0
pool1cc76kmtcpf6vht32ya5ke9er74dnpy4jh5qpy4klqwp87ygdsu6,,,,31791941591617,,500000000000,,26,889,285,31791941591617,889,26,17470416492,684433012,0.019,340000000,500000000000,0.4813
pool1ccr56kt2f5tzjvztlkf8zhkpvaawkduwfye8ydsk646lz0m4h5x,,APOLO,,15950220718391,,275000000000,,13,129,285,15950220718391,129,13,8658700660,519871200,0.02,340000000,275000000000,0.2415
pool1cd7u9yenr0vkzh9kj7nhhy28ye289muhcdgnhyvz7r3z7jwcxl9,,WAAC,,233766240263,,25000000000,,0,12,285,233766240263,12,0,0,0,0.03,340000000,25000000000,0.0034999999999999996
pool1cd987kw92e3nmjywcfwfws79a09rwp0p0xj5mdtr39qukxgp9uf,,,,5511026531716,,30000000000,,6,141,285,5511026531716,141,6,3802050152,478707560,0.035,340000000,30000000000,0.0834
pool1cdkv8070twtzhpeznc42wql8fre2edkc48watnuf2pmqcp93qjy,,NOMS,,319631172624,,50000000000,,0,7,285,319631172624,7,0,0,0,0.05,340000000,50000000000,0.0048
pool1cduc7ut6grhqyavrmm3gzcdf4qfdsjk7vdwcxy9c0r5fyaxh2sq,,POOLS,,7411818998349,,10000000000,,6,290,285,7411818998349,290,6,3682962183,494317751,0.0389,340000000,10000000000,0.11220000000000001
pool1cejaj3e490r9ejf854k3pw0kagglczuaqp69g6g5jzyfxjxgn4h,,Croco,,99442997,,50000000,,0,1,285,99442997,1,0,0,0,0,340000000,50000000,0.0
pool1cekk85r4z2c49nhz54j3hfzvkcv86rkuvyra49hf8rjdua0lk4f,,STP,,677372872,,20000000000,,0,3,285,677372872,3,0,0,0,0.01,340000000,20000000000,0.0
pool1cew2q6pge250exctkq26lyl0w95923xxa54thd79nv8xy9j3xe6,,ARRA,,3167964581720,,50000000000,,2,39,285,3167964581720,39,2,120413004,356473335,0.015,340000000,50000000000,0.048
pool1cf7mqj0xd8z4jqhr7nf565mxuvepk8euv5t6ehmuwe49kfz9llr,,TOKAI,,28650573668411,,100000000000,,29,71,285,28650573668411,71,29,20281799716,442322635,0.005,340000000,100000000000,0.4337
pool1cfwwnvmd4887j4m2d0kk59244t2a3qufs3y04hjwcea3z8ywgp8,,,,502252900,,500000000,,0,1,285,502252900,1,0,0,0,0.015,340000000,500000000,0.0
pool1chqha8s7n7uqgjczzh8fkyslrw9xxu3ah75pc99h5vyt5nnuvgg,,,,47608008194,,25000000000,,0,6,285,47608008194,6,0,0,0,0.03,340000000,25000000000,0.0007000000000000001
pool1chtam5czevzk2ttctvltpsc8twlwf6zzyh7kj3jkz72gks975sn,,NUFIC,,32262435705399,,1000000000,,27,5,285,32262435705399,5,27,18450239873,910643866,0.03,340000000,1000000000,0.48840000000000006
pool1chxjq4stjq2q635q8lv3vpszu0jqntxh3ltl97s5de4rz0rkdn3,,CRTX,,2342124049,,500000000000,,0,3,285,2342124049,3,0,0,0,0.005,340000000,500000000000,0.0
pool1chzrvd7wzmw8ufsehctn8fmf7ca27xf7d6f5tpreat7kxx6hwf9,,MOBC,,3312787516463,,1000000000,,0,12,285,3312787516463,12,0,0,0,0.03,340000000,1000000000,0.050199999999999995
pool1cj2uh0ylps28czcjslnz85v2zyf8mld0w5tuqp3amxk4jjwfkgd,,,,693898648226,,10000000000,,0,54,285,693898648226,54,0,0,0,0.01,340000000,10000000000,0.0105
pool1cjjtz6enkc76yytlf2zd86ngdu60e705vq7wq940ncu6506s6n2,,,,33028229053281,,50000000000,,31,9,285,33028229053281,9,31,17489227476,4718953345,0.2,340000000,50000000000,0.5
pool1cl3fhy6me0nf5jnxahk997r0529aumt967kw4yml5vraq94mdk4,,RAID,,38554804224,,30000000000,,0,4,285,38554804224,4,0,0,0,0.01,340000000,30000000000,0.0006
pool1cljrz5vyw7jp2mp23nt9ywn2wdg5ulamhalw6d3mng326laxs77,,,,32258231071523,,0,,32,2,285,32258231071523,2,32,20867846147,2035511052,0.075,340000000,0,0.48829999999999996
pool1clkt34hufs3k4gfnd2rl8gy9zlzzdgr9838y0k2hwfuhy0mh2t9,,,,24061062436,,100000000,,0,3,285,24061062436,3,0,0,0,0.9,340000000,100000000,0.0004
pool1cmaafeyy52ppz62jqmsm20c5p8nua7xx95lkkf96ktmqqj3w5td,,EDEN,,17333223902351,,1000000000,,9,388,285,17333223902351,388,9,4384883953,402264486,0.01,340000000,1000000000,0.26239999999999997
pool1cmdq8atcy8x7lfhh09vdumveuh0ywsx0269ur774nvzkyhma37d,,MOMO,,2577957070237,,40000000000,,4,29,285,2577957070237,29,4,2486724839,340000000,0,340000000,40000000000,0.039
pool1cmm5tjl7ke60jgkkq5ne8xmgjdmxlqd7m5u3xv8nk8ek2rt6my7,,,,518314970,,10000000000,,0,1,285,518314970,1,0,0,0,0.03,340000000,10000000000,0.0
pool1cmqpzlsrrjup8zg6qaperz868u64dlt7uvvdszsr658mvzz9qq0,,TREK,,21025870981114,,1000000000,,18,280,285,21025870981114,280,18,12234738461,654217288,0.025,340000000,1000000000,0.31829999999999997
pool1cn0dqtplwf67fds40hgkf0u5rm4q4azev5qutmgkw5hdyvue2ue,,NEDS2,,13006056950708,,250000000000,,9,212,285,13006056950708,212,9,5575031196,432083597,0.015,340000000,250000000000,0.19690000000000002
pool1cpqpw923842ple6gnkjl0k2z238uwm4s8xh53ryzxcavu89rp9p,,HUSKY,,1539416371039,,10000000000,,4,22,285,1539416371039,22,4,2287849034,415887128,0.03,340000000,10000000000,0.0233
pool1cpqzd83axxlqxkeyuauwsmyqwud4jekjjvfmr0mp0mrrsnz3dng,,,,62901375787,,7000000000,,0,2,285,62901375787,2,0,0,0,0,340000000,7000000000,0.001
pool1cpr59c88ps8499gtgegr3muhclr7dln35g9a3rqmv4dkxg9n3h8,,LACE,,489321764631,,75000000000,,1,23,285,489321764631,23,1,314444744,343772949,0.01,340000000,75000000000,0.0074
pool1cpzz6aqljgk97ks728xa76wqg96kj79ndc3gasx7kdnr74wrk70,,7CS,,8906278,,1000000,,0,1,285,8906278,1,0,0,0,0,340000000,1000000,0.0
pool1cq25dmlt5974x8tqg3e4dlzvrxefcce2atpnwlfp7ad5ugec9fp,,BEAST,,46498233364062,,1000000000000,,43,51,285,46498233364062,51,43,28950724134,1259014846,0.03,340000000,1000000000000,0.7039
pool1cq283yxznkuj3wmu7r6q2sxrqquz8rr0vu3403utc0ggx37vjzs,,,,31117560236,,18000000000,,0,17,285,31117560236,17,0,0,0,0,340000000,18000000000,0.0005
pool1crprz3rdcwvfxmc0s4gxquh3qeqmscww2qfvpl93q52yyn7agsc,,WOW,,3159870800906,,50000000000,,8,53,285,3159870800906,53,8,5259441615,393979857,0.01,340000000,50000000000,0.0478
pool1crts5gmqr34gsrn6wvrhfs9yqp0ynu8t2t4r350xp80s6pc56ue,,BREAK,,4586525881284,,25000000000,,4,91,285,4586525881284,91,4,2455726476,340000000,0,340000000,25000000000,0.0694
pool1csg5dsc26uu5u8ktdcxrh00ptvum6274hzfu8yrncev0kg4jg5a,,,,14553077488,,10000000000,,0,2,285,14553077488,2,0,0,0,0.025,345000000,10000000000,0.0002
pool1cshuf0jy40a83glgwakert9czfnqrpyq6zwqly2705mrwkajuhu,,TGN,,12068846,,1000000,,0,1,285,12068846,1,0,0,0,0.01,340000000,1000000,0.0
pool1cspe7naf0mtntwyysqxk6czah3jlh6v4cja8pdfju932yxsehnm,,CBH,,79611278512,,50000000000,,0,3,285,79611278512,3,0,0,0,0,340000000,50000000000,0.0012
pool1csrtagrya4hc5pectc20s8s7am3e6vpdjj6antqzvn2lgmm5afs,,,,4286073907656,,1000000000,,3,17,285,4286073907656,17,3,1622817404,354504632,0.008,340000000,1000000000,0.0649
pool1csxhfwdyyk34ex983a0thlffak8pugjx86z9xhprz34zw7qmye2,,,,516850090,,500000000,,0,2,285,516850090,2,0,0,0,0.01,340000000,500000000,0.0
pool1ct346jetdmd2nn3475ckgehmgvgrwah4lu0rtgy374wvu6ka27q,,ETA,,344995670405,,175000000000,,1,19,285,344995670405,19,1,180656786,340000000,0,340000000,175000000000,0.0052
pool1ct59zfxfvtv74k3mmukq5faq7kc48wuxrstyxtd02pxluwf6mkh,,,,1221895666391,,5000000,,1,33,285,1221895666391,33,1,218052746,343780616,0.01,340000000,5000000,0.018500000000000003
pool1ctfxzwgqakxujmn95dfvprcm0h3dtzjh408apk0cewl0c4r6gg3,,ROAR,,4233056,,0,,0,1,285,4233056,1,0,0,0,0.02,340000000,0,0.0
pool1ctzja2cdwyeqnvehmrlclc5wrn9w9acwklk3acn73jrx56d66vs,,OCEA2,,45808913177689,,25000000000,,50,630,285,45808913177689,630,50,34815360415,862545571,0.0147,340000000,25000000000,0.6934999999999999
pool1cuccvs6vdlrxw67kwvzdx3gcl3ha0402mkhhseqmre7u7vdkwev,,ADAGO,,1800806143221,,400000000,,1,338,285,1800806143221,338,1,374604960,340000000,0,340000000,400000000,0.0273
pool1cuqnuz57puz2qd3enr9vtkcp7z92ge4h2ks6j8zzknztx3283q7,,BRAVE,,1301656099012,,25000000000,,1,106,285,1301656099012,106,1,368771459,340000000,0,340000000,25000000000,0.0197
pool1cus3lsxn962f3tx30shytad9u8487jpnqz6875tahxr26waf2dv,,,,1312830726450,,1000000000000,,2,11,285,1312830726450,11,2,18466810,345479127,0.005,340000000,1000000000000,0.0199
pool1cuufgqx2wymaavuuuuewrcywksqql299ugjxcw5hf8gux3ed3lc,,APPY,,6298255368,,5000000000,,0,2,285,6298255368,2,0,0,0,0.0199,340000000,5000000000,0.0001
pool1cuzhrcpp676p4u9yk2vrtj7utmq2dy4ey56uw6znml2f5hrpgpw,,MIAMI,,695031021,,500000000,,0,1,285,695031021,1,0,0,0,0.01,340000000,500000000,0.0
pool1cx79cuquzjdm0c6xk3ace333zcq83v44p68vx7edpfufzkp8m35,,,,15095620733228,,50000000000,,9,30,285,15095620733228,30,9,6011168447,401167055,0.01,340000000,50000000000,0.2285
pool1cxd9pkptpkd6supm4dh0tlu9jfx63l4xjnn2fkvxk50y2j67665,,CARL⭐,,112414724989,,1000000000,,1,5,285,112414724989,5,1,205754334,343055145,0.0081,340000000,1000000000,0.0017000000000000001
pool1cxl0gk32hwe6sckdmy2zydkl7wrk8npjay0u3u5zsglwvkqmjen,,BNP,,65770172250046,,2000000,,48,3,285,65770172250046,3,48,32033936309,2384813281,0.06,340000000,2000000,0.9956999999999999
pool1cyha5jsy6g06w699tw4awy2jw7gxj0azm38yzetr7zls7rkl0t0,,PLUTS,,8383884321,,5000000000,,0,4,285,8383884321,4,0,0,0,0.01,340000000,5000000000,0.0001
pool1czlxfj2dyc2lt2gcrhhxyqhgzcpza845yjr6k262e2vqsysrylu,,VTX,,883632279,,1000000,,0,3,285,883632279,3,0,0,0,0.03,340000000,1000000,0.0
pool1d0329t36ac7udkqe9k5w4g4jpn8xrqfjh2u5jrrm4h4d50wkz2c,,ECWB1,,1271100812,,1254000000,,0,1,285,1271100812,1,0,0,0,0.01,340000000,1254000000,0.0
pool1d04sakv5um2c8yrp3lm9ncncupgl7f7zw0lz2yuz3jrzsxvf42n,,,,30209989930,,50000000000,,0,4,285,30209989930,4,0,0,0,0.1,340000000,50000000000,0.0005
pool1d0m6dxdvqcltvyvjjha2v5hyq4rxf4xzs7j95v00hpxvzuu7wqp,,,,136294558590,,2000000000,,0,10,285,136294558590,10,0,0,0,0,340000000,2000000000,0.0021
pool1d0vm9y545l3y2g9pamx45k4e498nllhd8wy4289vw8mt70am2r8,,PLANT,,15243031768409,,25000000000,,13,48,285,15243031768409,48,13,8504068896,771324814,0.048,340000000,25000000000,0.23079999999999998
pool1d0ze7l6t8gjng564zsfyd7uw7snenpsjh9dacawdpr9g27djq8f,,DEVIL,,806394525071,,1000000000,,0,73,285,806394525071,73,0,0,0,0.01,340000000,1000000000,0.012199999999999999
pool1d25d0c06al8geglarw7yd4nqh65nws82d7v04yrv2eec7rwcjlk,,COMET,,515619014,,500000000,,0,1,285,515619014,1,0,0,0,0.01,340000000,500000000,0.0
pool1d2cl6yayuxp0wv0v7dtvu0s52vglg0x4z2lz27d6x4ewj72nk2a,,,,399839841371,,40000000000,,2,59,285,399839841371,59,2,981347901,340000000,0,340000000,40000000000,0.0060999999999999995
pool1d2egcm0kgymy7c8au40j527tz0udwvhafkh0yh0nwf9rcu4nms2,,CECIL,,104734641463,,50000000000,,0,5,285,104734641463,5,0,0,0,0.01,340000000,50000000000,0.0016
pool1d2smneyj9wkee0vkqm5se44t4x44fugq2agw7k775s6yqqcu7zr,,FIX,,2352268929712,,11000000000,,3,109,285,2352268929712,109,3,1676125628,467013531,0.01,450000000,11000000000,0.0356
pool1d3gckjrphwytzw2uavgkxskwe08msumzsfj4lxnpcnpks3zjml3,,CRFA,,8806316315114,,1000000000,,8,73,285,8806316315114,73,8,4708477882,447861518,0.0199,340000000,1000000000,0.1333
pool1d4387s7mszjkeg5w0xppzxdtzsj7aahfqdgeef24emyh70mccmw,,,,46096646397,,45000000000,,0,1,285,46096646397,1,0,0,0,0.3,340000000,45000000000,0.0007000000000000001
pool1d4tuk5ln88x5s9xcck4lfz8u4svdvxzsh2ue9rnmqrxm6a486uv,,,,1801494,,220000000,,0,1,285,1801494,1,0,0,0,0.05,340000000,220000000,0.0
pool1d4vwleazneeaz5uxq9lp0m6dfx3h00ja76dzac8r48qs6kryr75,,,,41442864063,,5000000000,,0,4,285,41442864063,4,0,0,0,0,340000000,5000000000,0.0006
pool1d5lk27jlkaj6dx7ndexjzmdqtt5hnnpx5224awz83ye0v28ve42,,AHOLY,,11689089940,,500000000,,0,4,285,11689089940,4,0,0,0,0.03,340000000,500000000,0.0002
pool1d5zrmzgskqzse485j7p5cly2290xyffr2tyq9d8ngkzyxjjxwtm,,ELLY7,,567187874343,,1000000000,,1,8,285,567187874343,8,1,371346652,343770944,0.01,340000000,1000000000,0.0086
pool1d63tmq02tgtk7yd6g62p9h44w4xqdgz9y8jkmcrztfmmqga540m,,CELL,,76611378875,,17356000000,,0,6,285,76611378875,6,0,0,0,0.01,340000000,17356000000,0.0012
pool1d66wvltjn768rm2ywdzpetzx034z7vanrlz8mrpn9us8zjcyjaf,,,,70461217059,,51168940178,,0,2,285,70461217059,2,0,0,0,0,340000000,51168940178,0.0011
pool1d68p6akmj0a7d5plrcmnekf3srycsay0g92x4azs985rgf9vkg2,,,,1207559844,,500000000,,0,1,285,1207559844,1,0,0,0,0.025,340000000,500000000,0.0
pool1d6x9pl4uz5daucpaql34ma2aewrxnlkcrkuahf9ut6ruxzakrw7,,VapE,,2021136270719,,20000000000,,1,80,285,2021136270719,80,1,365671051,347542367,0.02,340000000,20000000000,0.030600000000000002
pool1d70vllztcsgx3ku8h5vnukzz2a7lpzjxfjmuqqvxtj9kq27hygs,,LIV,,5112398097247,,230000000000,,7,57,285,5112398097247,57,7,4385290620,410269567,0.015,340000000,230000000000,0.0774
pool1d76p7zfn2ydq577z4wsvmnl2lx4cxa3s5vplfuhvr8qfw8hd05j,,KYSN2,,38124383561901,,100000000,,29,241,285,38124383561901,241,29,20012296521,728804718,0.019,340000000,100000000,0.5771999999999999
pool1d7kyk2sypjq8ka8s5ud28vsa7dd5f3n6u5hu96rzsfwh5z0g4l7,,,,32788411666,,500000000,,0,7,285,32788411666,7,0,0,0,0.99,340000000,500000000,0.0005
pool1d84ma9ssangjw5swgn74j0lmv44ysjftglsjatllv68hytgekht,,,,6982636211,,6400000000,,0,1,285,6982636211,1,0,0,0,0.05,340000000,6400000000,0.0001
pool1d85unpsumsxmq4kfvy0prju3n983vp3ajuavmt2r5tyzw2jtpcw,,TRIBE,,4598045909,,700000000,,0,4,285,4598045909,4,0,0,0,0.01,340000000,700000000,0.0001
pool1d9g45764jtjzagrmy5ndtrx4pua7l9sr4nh08l3mqs43xe6wnh9,,SS63,,14049847706264,,9000000000,,15,4,285,14049847706264,4,15,10240128582,496251373,0.015,340000000,9000000000,0.2127
pool1dadzh387unlwu37ek693hy9a7w49r22mrmrl9y0fjfhhqe4qtpe,,CMINT,,507621786,,500000000,,0,1,285,507621786,1,0,0,0,0.02,340000000,500000000,0.0
pool1dcjycc5mvj9svh9ys482078mnqutu48k3zj7uqzswj7m54a7hzr,,JUST,,422579871910,,25000000000,,0,5,285,422579871910,5,0,0,0,0.02,340000000,25000000000,0.0064
pool1dde9jvej6nr4yqfnnlx5ydn036zv7yr098y4p2qs7cvn2l3kuj8,,PWP,,5119687,,100000000,,0,1,285,5119687,1,0,0,0,0.1,340000000,100000000,0.0
pool1ddg6t2h9kj6lqlec4ncjs945lzj43m3ggrgdhf5sgzhtygpkznz,,FAIR,,60237277116722,,100000000000,,66,1266,285,60237277116722,1266,66,46647821674,574656953,0.005,340000000,100000000000,0.9118999999999999
pool1ddgcpgjcyawxw95se9x8qnc8gxgwjr4fqrk4vk6v9x47s0ggpjp,,1PCT8,,40525582062142,,50000000000,,31,923,285,40525582062142,923,31,21514912366,558621886,0.01,340000000,50000000000,0.6135
pool1ddghnthymd3duklvx5pfunymqg29xe4vlmy89u2efyjdktn33kz,,BOOST,,216880419109,,61000000000,,1,25,285,216880419109,25,1,286367731,340000000,0,340000000,61000000000,0.0033
pool1ddskftmsscw92d7vnj89pldwx5feegkgcmamgt5t0e4lkd7mdp8,,,,4000924534,,7149000000,,0,10,285,4000924534,10,0,0,0,0.05,340000000,7149000000,0.0001
pool1de64gn0cm6uz73s48vs0t4chvm02efcppzwf89uy2ejny2nwgsq,,,,419329692972,,100000000000,,0,19,285,419329692972,19,0,0,0,0,340000000,100000000000,0.0063
pool1denmfptpdhy2vp8q92ttrmalf3kynyv7aguudqzeq83d7zpcaeq,,ACP1,,1014601114234,,10000000000,,2,19,285,1014601114234,19,2,771908913,372862249,0.03,340000000,10000000000,0.0154
pool1df9rj4n0t3zlpak7xnh4ue6t3yh9zlw7a02w4l8askp77up25rt,,VEGAS,,1766267611416,,100002000000,,0,67,285,1766267611416,67,0,0,0,0.02,340000000,100002000000,0.026699999999999998
pool1dgmuwu0txducah4pes4e2avlcv98wedml33kdz7ujtrrxk8xv9y,,XORN,,822694331919,,250000000000,,0,13,285,822694331919,13,0,0,0,0.013,340000000,250000000000,0.0125
pool1dhf4dt395f0c0ujnscazvzvw73ynzgwvtf5k4y9c907hwjdyaq4,,JSP,,13012250739715,,10000000000,,12,145,285,13012250739715,145,12,8232030470,340000000,0,340000000,10000000000,0.19699999999999998
pool1dhfz7yak8wqmpvm5luf8ey44aewa9hcrldz0ea3rhh97jmrru5j,,FIDE,,215507640,,520000000,,0,2,285,215507640,2,0,0,0,0.03,340000000,520000000,0.0
pool1dhzv896pw40c4tw23w4h2ux5yzm47r59h8qaqhu89shwkugqygj,,,,9612285023,,505000000,,0,13,285,9612285023,13,0,0,0,0.005,340000000,505000000,0.0001
pool1dj4l8qma9zzqqzhsawdkvxrs7qyqyv70kn56ywdqqazscvcqvva,,K9K,,839195540593,,50000000000,,1,60,285,839195540593,60,1,343400706,351317232,0.03,340000000,50000000000,0.0127
pool1djg8jsygtculv3q2qdrxtnpxfq003pdxcvlw2pvfupq7jm5xpgp,,ADAAP,,21782656332062,,10000000000,,24,168,285,21782656332062,168,24,16412137972,677417825,0.02,340000000,10000000000,0.3298
pool1djq5whlgkv44ml0rque95t93zh0zdfrxqd7sa3mtkjvmx5nf3xs,,CURIE,,29390011289,,5000000000,,0,22,285,29390011289,22,0,0,0,0.01,340000000,5000000000,0.0004
pool1dkt4rqtjs6j6d8snna60s2g002ddcj5h62nee59mvsznk20q300,,ELIK,,4738356953,,1000000000,,0,23,285,4738356953,23,0,0,0,0.01,340000000,1000000000,0.0001
pool1dkvtrl00gss4qq776uflw02mfnrzt46x4gjyyh5dxpe6xdfypdg,,,,1623020157778,,250000000000,,0,7,285,1623020157778,7,0,0,0,0.5,340000000,250000000000,0.0246
pool1dkww2vlysa8lsnuf5rca979zdsyr3zvt59hu7e420yxfunkka2z,,TRUE,,12103215402446,,40000000000,,17,183,285,12103215402446,183,17,11551827075,600721581,0.022,340000000,40000000000,0.1832
pool1dl4695wfl79k7gtzt87gsf8gsqeq97yzuvaq0d4zxhz6c0nlf4g,,,,202623678,,200000000,,0,1,285,202623678,1,0,0,0,0.03,340000000,200000000,0.0
pool1dmqzwuql5mylffvn7ln3pr9j7kh4gdsssrmma5wgx56f6rtyf42,,BNTY1,,19248135020360,,1000000000000,,20,388,285,19248135020360,388,20,12742024107,761433793,0.03,340000000,1000000000000,0.2914
pool1dmuaa0wmqrwwx467p48fu83y5w7wdkxf8xlgymmfc73kjy3vxg7,,,,2486679,,0,,0,2,285,2486679,2,0,0,0,0,340000000,0,0.0
pool1dmugaarr3nq0679fa02kqunlfmcyxdxfy3quc9x9s69zquty478,,BNP,,17639298,,2000000,,0,1,285,17639298,1,0,0,0,0.06,345000000,2000000,0.0
pool1dn3n8tdykm0qasrz2whv765ncsvxne33h6pdtn92rrk82quk0a0,,HOSK1,,78146517551,,40000000000,,1,4,285,78146517551,4,1,184044152,340000000,0,340000000,40000000000,0.0012
pool1dnszy9spu7m4u9s8jqh95myuqapujwcju593eqczgl56khllyuc,,WOOK,,338967508686,,100000000000,,0,11,285,338967508686,11,0,0,0,0.015,340000000,100000000000,0.0051
pool1dny787kkt067gfl0rts25rlq32v8npc2fmxvg70nkgt66vhp8e0,,,,14506853013,,8000000000,,0,6,285,14506853013,6,0,0,0,0,340000000,8000000000,0.0002
pool1dpu6kslgxlg3ccrwxldl8e6r7ylnq0yalafmucp0yc7k6qegtt0,,FARM,,4087068584061,,31250000000,,0,65,285,4087068584061,65,0,0,0,0.02,340000000,31250000000,0.061900000000000004
pool1dqlgn7smehsnj5ztz8almy2036lfhrdjv79nmg9tmje0zzt620h,,POA,,8779160820438,,10000000000,,11,467,285,8779160820438,467,11,7239340597,566498506,0.03,340000000,10000000000,0.1329
pool1drrfl4ef8uwaqsyjpssdp8epsflnwdjdku0gx7ycc6qnsqfqv32,,NFTY,,1071001059896,,50000000000,,2,57,285,1071001059896,57,2,1011928638,372834590,0.03,340000000,50000000000,0.016200000000000003
pool1druxd2syfrvqvepxh60fz0qhralcesruphh5atujuh0jktjy0ma,,BSSP,,17839622702112,,10000000000,,21,1332,285,17839622702112,1332,21,13913502539,630649312,0.0199,340000000,10000000000,0.2701
pool1drv9qkh2tgqqucc0jp8cwswpmmkfzdd898ja7ac0uwm9j5d44tq,,NIMUE,,2748759929273,,250000123456,,2,51,285,2748759929273,51,2,668373184,340000011,1e-08,340000000,250000123456,0.0416
pool1drxprf675xarfzwwa4wvmwzjy0vadksczs9er7rpssemxdg7gdg,,,,1273425925,,1000000000,,0,1,285,1273425925,1,0,0,0,0.01,340000000,1000000000,0.0
pool1dsqxx4ehzudlaygj5p75eptkdz3kzwcck9qrft4aq02a5vf8agf,,,,127244136823,,120000000000,,0,2,285,127244136823,2,0,0,0,0.02,340000000,120000000000,0.0019
pool1dsvkdd2t3wnn3mrm27q0572zl2z36lkw3cl2cf4z0c24vad28v2,,,,1621362,,0,,0,1,285,1621362,1,0,0,0,0.1,340000000,0,0.0
pool1dswpls43u0s6cpt0dh2d6npm0rnxh5qcjm9xax9y6fp3uq880xm,,RELAY,,81986492818,,10000000000,,0,5,285,81986492818,5,0,0,0,0.01,340000000,10000000000,0.0012
pool1dtdnw35f68t646ysajrhz2mq2ch59mj5ukfemqf40euyww6zdsm,,CRZ,,7777824395,,2500000000,,0,16,285,7777824395,16,0,0,0,0.025,340000000,2500000000,0.0001
pool1dthnjfd48kvqsn52nmqpghqhwrn7k4lcfnfdycfmknqe5xpkjcd,,,,244782472456,,205000000000,,1,11,285,244782472456,11,1,33984105,343771984,0.01,340000000,205000000000,0.0037
pool1dtnh8fgcq459u3c2m922hqu66gry5k6yx9f49lr9c7302csd8u5,,CHMP1,,1993708,,400000000,,0,1,285,1993708,1,0,0,0,1e-05,340000000,400000000,0.0
pool1dts0h87pntgmsffp6mjtnahfht2dz5zjjeeujhzmtn6wgctcuzd,,DSIO,,760790557689,,235000000000,,1,12,285,760790557689,12,1,256899294,343398573,0.009,340000000,235000000000,0.0115
pool1du3r4a7xq60hg2x0wcz7lw5ya3qs74rk258c8kanp93rsqdqu45,,,,966204375735,,100000000000,,0,129,285,966204375735,129,0,0,0,0,340000000,100000000000,0.0146
pool1dum9ya0d8dufl3alf4xska5acuq3w4p2a6fu5v50jnh9xzexsxt,,ESP,,15003425614265,,1000000,,16,75,285,15003425614265,75,16,10991912258,451245838,0.01,340000000,1000000,0.2271
pool1dv4yvcrl2kefasd4qxf8pzu695npqqfdzvlyauh2xqfhgf6ng8d,,ION,,4002646854,,10000000000,,0,1,285,4002646854,1,0,0,0,0.04,340000000,10000000000,0.0001
pool1dv7s5fn4m9dee8ncvx5hktfmsnx6agydhn798rfdqjazuwr84gc,,BOBA,,1687872191189,,500000000000,,0,22,285,1687872191189,22,0,0,0,0,340000000,500000000000,0.0256
pool1dww6s8stvm7dl2n8740s3v5rnxmsuqcl8jcnu64g7cds5w29pft,,1PCT3,,58043890690853,,50000000000,,49,100,285,58043890690853,100,49,34340934854,688325252,0.01,340000000,50000000000,0.8787
pool1dwz6exl0220n6zm5pp9ehnn4g2vtrwtxem0nvgcrl6amvnryp2g,,TROUT,,345006601482,,100000000000,,0,5,285,345006601482,5,0,0,0,0.03,340000000,100000000000,0.0052
pool1dwzuzhw50z4y5a8uqptupy4ju05tsm4ywelf9eqzgz6d50n03g2,,,,1502600000,,1000000000,,0,1,285,1502600000,1,0,0,0,1,340000000,1000000000,0.0
pool1dx5t3yqhzh3v5ch7add7836tg0ey255tjz87spjvws4j2gjp9yg,,,,117364557266,,27000000000,,0,11,285,117364557266,11,0,0,0,0.03,340000000,27000000000,0.0018
pool1dxkf7k3qwnpgpxqfye8y9jvk7lver3fk8dq7c4dpzezyyx8cf5c,,SPACE,,10350347941961,,100000000,,14,333,285,10350347941961,333,14,8874779711,340000000,0,340000000,100000000,0.1567
pool1dxwgzj66pual956mnv9delkelg873yvgr2dd8s279m0hxqvr475,,APOP,,32832021438478,,250000000000,,33,1578,285,32832021438478,1578,33,22417416743,573962416,0.01,340000000,250000000000,0.49700000000000005
pool1dy7tz7eyf2qal2jcns4qwm4xqn34gc4rj9dz34kfs6zuju477k7,,CSP,,6008368836136,,10000000000,,5,202,285,6008368836136,202,5,2686854260,372583130,0.01,340000000,10000000000,0.091
pool1dye0sw6hv4jee7wemgc6dnxhaquuz7sxkktz2tpm2ekcsqyyj9l,,XMEGA,,62376071182,,1000000000,,0,17,285,62376071182,17,0,0,0,0,340000000,1000000000,0.0009
pool1dym0upg3atdr3j7z98890hdr9wxm9gn7ydmgndr2lfpzsda2jvj,,LGLP,,1750059371,,1500000000,,0,2,285,1750059371,2,0,0,0,0.01,340000000,1500000000,0.0
pool1dzdxps32uqhva9q9urx4lm7m0nhlczjjccwy9kv4t2d3krsn4m7,,ETO5,,52170157652980,,0,,62,2,285,52170157652980,2,62,,44459452169,1,340000000,0,0.7898000000000001
pool1dzg3862e2dl7ah29azwg3murxe409gqu844dx2kcufzcx5vpywc,,,,10495264164,,10000000000,,0,2,285,10495264164,2,0,0,0,0.019,340000000,10000000000,0.0002
pool1dzkrcxlqgamf3dwgyh89nrx2xkwm7cfju9mp54eyqwulku73jxs,,,,32237283085259,,0,,29,3,285,32237283085259,3,29,18884475611,1874166265,0.075,340000000,0,0.488
pool1dzp3lpf0f55ez4lsjy0tw36xkydchnr9cplnhfl2zd53qwdhq7q,,,,3348295084,,1000000000,,0,3,285,3348295084,3,0,0,0,0.005,340000000,1000000000,0.0001
pool1dzq7728vsl8alh46l7vdz7wa5pxt2kx58glwnteymaz7c6jmv4t,,,,18695784118,,8000000000,,0,3,285,18695784118,3,0,0,0,0,340000000,8000000000,0.0003
pool1dzz5se25fp696axykcw6wwp3yl4fk44jc62yeflrquvfxlktldq,,ACP2,,2159988406591,,10000000000,,3,12,285,2159988406591,12,3,1527828566,394402942,0.03,340000000,10000000000,0.0327
pool1e0jyj79d3ady680wajgcd4vgndqjdlf65777pz5939ehseqaem3,,FRONT,,190316460104,,15000000000,,0,5,285,190316460104,5,0,0,0,0,340000000,15000000000,0.0029
pool1e3sle58uk700s4rl035qnscnfcv5ulxah4m7829qpcvjudc9k8a,,EXLN,,14640105,,10000000,,0,1,285,14640105,1,0,0,0,0.01,340000000,10000000,0.0
pool1e3y7u0rtq2zskc7ansvtrd4p3vtv9hglyztzcvsvlk22w9t40v0,,CRPL,,39839986675,,1000000,,0,4,285,39839986675,4,0,0,0,0.01,340000000,1000000,0.0006
pool1e489239duee8dykj7ejx7dmazstwn6y6wfxc0kjaxw5hke5j4nv,,MINT,,186423245509,,10000000000,,0,8,285,186423245509,8,0,0,0,0.035,340000000,10000000000,0.0028000000000000004
pool1e4tjrl3ve7dcqwa70pexds6f8llk0txx09gm3r4m472ej4p6473,,1PCT8,,38744857107118,,50000000000,,38,421,285,38744857107118,421,38,26503193175,609371005,0.01,340000000,50000000000,0.5865
pool1e556526sqwugxwnmeumt9lhj5jukklg8vv3ynk75xt9vs7adr5y,,CHEAP,,26171264927211,,500000000000,,13,439,285,26171264927211,439,13,8585257002,579490967,0.009,500000000,500000000000,0.3962
pool1e5efe78z67djz6juekzw2hqpu3tn9eaqmekdnqn2am6j25kmrt8,,,,3502420645,,3500000000,,0,1,285,3502420645,1,0,0,0,0.042,345000000,3500000000,0.0001
pool1e603j2p4q346w8knqt2a8c96n8t9l5u4qdrv4kk50qvpgvh8hax,,,,3436576043606,,3000000000,,2,10,285,3436576043606,10,2,1058260579,350837074,0.0099,340000000,3000000000,0.052000000000000005
pool1e6cgqk2gs73aw6hekp4tgxrcchska08rc2kuysmuky3acyp5yn8,,,,37151409302,,25000000000,,0,3,285,37151409302,3,0,0,0,0.015,340000000,25000000000,0.0006
pool1e6chrtr2p5ycvppuye3x82ytp84ycw0pes6zmkw972upz3g8wms,,,,865881428988,,25000000000,,0,6,285,865881428988,6,0,0,0,0,340000000,25000000000,0.0131
pool1e6z3jnnvu9zqxlk60hkfjym2vj3mvgysy6h8l2xxyj5j220vlsd,,UAE,,36083420487,,5000000000,,0,2,285,36083420487,2,0,0,0,0.015,340000000,5000000000,0.0005
pool1e7mwu80pmsjqdf8lu7rsfdj5sldashslll0hpj7rhx3w6xpwkq7,,NIZI🌈,,180485428067,,100000000,,1,5,285,180485428067,5,1,310938279,340000000,0,340000000,100000000,0.0027
pool1e8vr85ank99g6fx2r7tjel2mh2jyfppnqy6nmp8vr0arys65n05,,RELY,,12337944081737,,75000000000,,18,193,285,12337944081737,193,18,12242798993,591428363,0.02,340000000,75000000000,0.1868
pool1e98xlcgj80c3rdmm27v5hnvrdtut52e65uk0ema7ctfag596vr2,,COSD,,15318592833113,,300000000000,,14,101,285,15318592833113,101,14,9446682999,534063843,0.02,340000000,300000000000,0.23190000000000002
pool1e9tp0emvvg9sc4ds9h4nhwk8qpn6869qwnas2qywu9ep2reaaxe,,LORDB,,1024832879472,,20000000000,,1,58,285,1024832879472,58,1,292591632,347552275,0.02,340000000,20000000000,0.0155
pool1ea34czsr90yc63fmv4gj4tetp7ds7c4jhpj6vqg4yw40wvygdl3,,SMILE,,1156841715946,,10000000000,,1,69,285,1156841715946,69,1,365320139,343771638,0.01,340000000,10000000000,0.0175
pool1ea568m9q882n0tx5d4vxff2dmz2n7rq5h62hx5ystq625m4tcfu,,NUFI6,,34962892122653,,1000000000,,36,2031,285,34962892122653,2031,36,24689312332,1104246473,0.03,340000000,1000000000,0.5293
pool1ea9mdplehlxeqhv8ax9ldh36gltqqma7c5cm30jw09r2y30646r,,LEAVE,,2451000,,0,,0,1,285,2451000,1,0,0,0,1,340000000,0,0.0
pool1eaetnqdddl6pw3my4urw4nlcy004pjpgnt3fpypr36qt2v8c6ck,,,,77381127,,1000000,,0,1,285,77381127,1,0,0,0,0.03,340000000,1000000,0.0
pool1eaeynp2hs06v4x8q65jfm2xqcd3dc80rv220gmxvwg8m5sd6e7a,,HODLR,,18035596047,,20001000000,,0,5,285,18035596047,5,0,0,0,0.01,340000000,20001000000,0.0003
pool1eal2z34ugj8a0ckykd6xx45dz6jwdgz4cuvutk320cp4w8t2sm4,,,,160582390095,,20000000000,,1,8,285,160582390095,8,1,257009780,341886001,0.005,340000000,20000000000,0.0024
pool1ec5lvdyd9dghpezzeqfzn48yvw34ff6u6m9tlh08kjjaxx4nxmk,,RAID2,,35726773751,,30000000000,,0,4,285,35726773751,4,0,0,0,0.01,340000000,30000000000,0.0005
pool1ecqt8vmkmu2mteqlkcxl4v6hp0ngzmgpx6k6wp2hp8tguq88u4l,,,,32376848729,,20000000000,,0,2,285,32376848729,2,0,0,0,0.015,340000000,20000000000,0.0005
pool1ecvcst7k9eul4ggnljh0jw2s5nc2tyfmyzsx3xg3kmmz6ptgfwj,,NUFI2,,35680144988602,,1000000000,,36,1145,285,35680144988602,1145,36,24670648629,1103673771,0.03,340000000,1000000000,0.5402
pool1ed2usjswfh2hfyvatwuwl959y5g4fkf63uxtadcuez0l2rjn747,,,,2991233818,,1000000000,,0,3,285,2991233818,3,0,0,0,0.02,345000000,1000000000,0.0
pool1edm3pa2da0dz2sq9mgfqgf8nr2tjtnplhnvkdwuwd6j0ylmfxpp,,,,1096704345,,100000000,,0,1,285,1096704345,1,0,0,0,0.15,340000000,100000000,0.0
pool1efacpnedlfrhe9sa6s4jzq839s5q4qdrl70em0za57xg6t38d3s,,ADACH,,4526443797389,,150000000000,,5,34,285,4526443797389,34,5,3031885687,437063164,0.03,340000000,150000000000,0.06849999999999999
pool1efcy26vzdpn42c042ylynmx568m0csfle5yvkumh3v5xjhdraxk,,,,4509885719939,,1900000000000,,4,39,285,4509885719939,39,4,1422044607,390867528,0.02,340000000,1900000000000,0.0683
pool1efj8td645z33mr8h0ww5y5s0lz6jwj7e54cj4mv44s2269r7d4f,,ABBA,,4896802047,,1000000000000,,0,5,285,4896802047,5,0,0,0,0.02,340000000,1000000000000,0.0001
pool1efvema2ps2tzhvkpgg9d9j7uzr3a7lzv9tavrr5ppecr28gr4kd,,TITW,,152721455980,,30000000000,,0,33,285,152721455980,33,0,0,0,0,340000000,30000000000,0.0023
pool1efxh54fk0dj5uu2e4eu08klxl5ys3saphv3kec33kw3xv8738sc,,KRONO,,13749649679060,,5000000000,,10,589,285,13749649679060,589,10,6612971671,510257803,0.025,340000000,5000000000,0.2082
pool1efy92dh3zsmgu8xsm6t6vsg63ca2da634w0aa9vynrx2k83988u,,,,119966728,,0,,0,2,285,119966728,2,0,0,0,0,340000000,0,0.0
pool1efzvmtxl4n9z8ylegk9jhctclu44z7k0qg82mp2kp2ytqa9xgf0,,1PFP,,22785166316,,3000000000,,0,1,285,22785166316,1,0,0,0,0.01,340000000,3000000000,0.0003
pool1eggah53ghqwlsm2u4upwnm3s9et8m5yd4p56shaqtm7vql6zm4h,,,,4846713236,,0,,0,5,285,4846713236,5,0,0,0,0,340000000,0,0.0001
pool1egunxfppwtglyu3t864uq76y0zu05s7pjda3e9g95nwlwc5ye2h,,AUSST,,4356021271092,,650000000000,,6,47,285,4356021271092,47,6,3458966769,359856604,0.005,340000000,650000000000,0.0659
pool1ej26ntx26lz2k0lagcqc8ww9gyrc04gnvjz6gqdlhy58sg5yfwa,,,,2226095429490,,1200000000000,,4,22,285,2226095429490,22,4,973181194,416071750,0.03,340000000,1200000000000,0.0337
pool1ek2m5zuydqcgqv3s5mlh55tr8gp76yuxe4hj4s7xtxajyc94rx3,,,,1221941,,0,,0,1,285,1221941,1,0,0,0,0,340000000,0,0.0
pool1ek4yc2mvmettdmkl7wjfpcjkp60xssq2urr9hc8ffx5ss73wdm0,,,,4323021723,,500000000,,0,3,285,4323021723,3,0,0,0,0.05,345000000,500000000,0.0001
pool1ekcsyzwexl7p2kwxxh34hy28l6772vrmff7jwmuxsa6u6fzty9z,,ADALO,,65826435521198,,200000000000,,67,2968,285,65826435521198,2968,67,47479607406,340000000,0,340000000,200000000000,0.9965
pool1ekhy5xsgjaq38em75vevk8df0k0rljju77tljw288ys5kumqce5,,SOBIT,,40596153024380,,1000000000,,50,1266,285,40596153024380,1266,50,35005945520,695373723,0.01,340000000,1000000000,0.6146
pool1ekv86vn3km5tu5etn9nlul5uzv5e2lpvtm5w9j4m9nwfzvuslfh,,,,3287085420759,,10000000000,,4,33,285,3287085420759,33,4,2470108329,390569631,0.02,340000000,10000000000,0.049800000000000004
pool1el6ze57482qzf830l6h2y9uj0l9fr5g7xzur89d4d806y896vgf,,,,328694384953,,280000000000,,0,24,285,328694384953,24,0,0,0,0.01,340000000,280000000000,0.005
pool1elhwejflhj060whs842647qk50frje36d66xlpqzvd767xvqk6t,,INDIA,,9980878114,,1000000000,,0,2,285,9980878114,2,0,0,0,0,340000000,1000000000,0.0002
pool1ell3xjtspzzz4vtsatscan6rheltf7j3hh2s8qsam2h3jvcxzm9,,OCEA4,,44271731117238,,25000000000,,47,526,285,44271731117238,526,47,32709697693,831039192,0.0147,340000000,25000000000,0.6701999999999999
pool1em78lxydsj8kew9ujtalkvvy5htxj4nwf5dk49uw3vyz6m4efjs,,JETT1,,124975425240,,25000000000,,0,7,285,124975425240,7,0,0,0,0.05,345000000,25000000000,0.0019
pool1em9u4sf0lzkz4ammtcmakymunpf0l7445ayh3e7fpvryw640fc6,,NLAP,,2046835520,,2000000000,,0,1,285,2046835520,1,0,0,0,0.00315,345000000,2000000000,0.0
pool1emzm3hmzww5ff7qq20y8xpwtfdkxn00dkhnp0uzrsp9m778ectu,,,,1590252135644,,1000000000,,0,6,285,1590252135644,6,0,0,0,0.02,340000000,1000000000,0.0241
pool1enul577he3e0s500lv8z98m6k936uecz2rpckxxmmk8c7k0n2rd,,PXLZ,,4105738688,,100000000000,,0,3,285,4105738688,3,0,0,0,0.03,340000000,100000000000,0.0001
pool1ept87cczsj37l6wuwem6ed0teuu5ed5ljp6kldusqnx7xhsp02p,,,,8519609601,,1000000000,,0,8,285,8519609601,8,0,0,0,0.005,340000000,1000000000,0.0001
pool1eqa7kxx4xg35cu4rqj4exkvzhenscgh8wxez0gl7hsagygp79kr,,PILOT,,35773739729571,,1050000000000,,32,5614,285,35773739729571,5614,32,21301338142,902981774,0.025,340000000,1050000000000,0.5416
pool1eqc4jwuez8yyerwlyjwenh99dlvmn6t6n3qjym70ulf5u8xr6lq,,VOLVO,,5577986,,100000000,,0,1,285,5577986,1,0,0,0,0,340000000,100000000,0.0
pool1eqj3dzpkcklc2r0v8pt8adrhrshq8m4zsev072ga7a52uj5wv5c,,,,1119899368365,,69,,0,39,285,1119899368365,39,0,0,0,0.0125,340000000,69,0.017
pool1erd30yrzqx4nvevnqu3cxmgv5nh6reau5ycxdulde7vq68zcrlz,,,,101924863,,100000000000,,0,1,285,101924863,1,0,0,0,0.042,340000000,100000000000,0.0
pool1es67mveksd22l9alfh5cht6w2krc7lcrq3zvxcpaj5hwxgmhg3m,,ANEJO,,2474096544129,,25000000000,,3,56,285,2474096544129,56,3,1769793852,358115055,0.01,340000000,25000000000,0.0375
pool1esalxy6na9c4gz3gfwma5vx04tztp4qn3cpmhhu9qylv56pdsa3,,,,48369670,,0,,0,7,285,48369670,7,0,0,0,0.01,340000000,0,0.0
pool1esd3cqme3zzvvdnsx3p6ywudn6p86mqyz7fpvqpegxv2qzmtes0,,SRN,,3294331353364,,25000000000,,2,21,285,3294331353364,21,2,1080192815,350942278,0.01,340000000,25000000000,0.0499
pool1esgq3g4ll90ylfqg4rvdft06cdppyqc8urancufle6yrgpp5grw,,,,513263388288,,25000000000,,0,11,285,513263388288,11,0,0,0,0,340000000,25000000000,0.0078000000000000005
pool1esrdl3mj4pflc70p2rx5trz920v8d4796m6h2yqwpq39x5dmmxg,,RUG,,4814305300354,,46555000000,,3,19,285,4814305300354,19,3,1740689285,394350478,0.03,340000000,46555000000,0.0729
pool1etfar35l4tf6vam3gvqf5dnaq7levz32vgw4p00jzk7q7twg2te,,POP2,,48887327057065,,50000000000,,56,185,285,48887327057065,185,56,37790352348,2331301730,0.05,340000000,50000000000,0.7401000000000001
pool1etgtwnwu4lmtw0dwdtmjvp9fh7wx2fk4e6jt725ysp5f7sjd5vy,,,,27055767528,,5000000000,,0,4,285,27055767528,4,0,0,0,0.01,340000000,5000000000,0.0004
pool1etnp6cpcped9ac67hwkfjdt9839dhrjd0a0daf9swssaush04j7,,,,26530111,,100000000,,0,1,285,26530111,1,0,0,0,0,340000000,100000000,0.0
pool1etu9qtmx2dhf2yu0hu3uzj4au8gnpyx54m6jhy5876pwsulrcmc,,BNP,,65899394003466,,2000000,,57,2,285,65899394003466,2,57,38095873759,2776740771,0.06,345000000,2000000,0.9976
pool1eu4s4jmjam94dgzm56mejgk5k3l7m7unk95296c7t73xqgp6kfr,,BNP,,65845866667827,,2000000,,68,4,285,65845866667827,4,68,45509989224,3250018814,0.06,345000000,2000000,0.9968
pool1euzg0c7npjm9dld4f7n5kj7as6n5d8ts8q6qt4rer50p5p9nr6g,,Saar,,212221584,,500000000,,0,2,285,212221584,2,0,0,0,0.025,345000000,500000000,0.0
pool1ev8fwfccn8gr0zcz3uyps0t0mcrefc6s95wjc6aed3ngc86y5rk,,ZEIT,,8014581083197,,31000000000,,10,276,285,8014581083197,276,10,6720628512,401480072,0.009,340000000,31000000000,0.1213
pool1evg78egp8gfqae273kvmmdee2dnt6vty60dpwdespg4hujznh3a,,SQUID,,19653859451441,,50000000000,,17,419,285,19653859451441,419,17,11638693579,434859429,0.008,340000000,50000000000,0.2975
pool1ew5543rzgp7vs5qvmc0c42zucz9v6d3vct2zsa74erjfjen2p2d,,UMKR,,4618002,,3000000,,0,1,285,4618002,1,0,0,0,0.03,340000000,3000000,0.0
pool1ewd9g9zcz6tvlytk0plfj3e8jq645l0xr4n62epa49dgv9h43an,,BNP,,65872878320805,,2000000,,61,5,285,65872878320805,5,61,40796620520,2944141878,0.06,340000000,2000000,0.9972
pool1ewrm7y47s9hv6hxku9n5gfnsuspymp0qqpwgvgm9rvm37cek2h6,,A4G,,15071445167885,,25000000000,,17,19,285,15071445167885,19,17,11533806796,576932419,0.02,340000000,25000000000,0.22820000000000001
pool1ews5ryrhl5az8egrvun68x2wdhgvthxjtx7m380ksc6rzxkqz2f,,,,4927563134842,,10000000000,,2,109,285,4927563134842,109,2,1003134732,372871800,0.03,340000000,10000000000,0.0746
pool1ex3e0w92rktrqvyen48dl58cp8efp7vfn3ealgdd8fkhqqychgd,,,,421539307523,,10000000,,0,32,285,421539307523,32,0,0,0,0.01,340000000,10000000,0.0064
pool1ex4gapjdtnpf9u8fxe560x6p6elcaf3ysxsdskc5h63cv0zq5cv,,,,74645261262,,69420000000,,1,16,285,74645261262,16,1,20571942,344755018,0.01,341000000,69420000000,0.0011
pool1ex7p88tnq3d6d3dsqtlc3632tp2t8eurc352mwf9phu3w8n3vz7,,LOOPS,,149450107358,,50000000000,,1,9,285,149450107358,9,1,243608952,347543927,0.02,340000000,50000000000,0.0023
pool1ey0gxeyesszrsshc6zjlzamr7z0f2d29e3ut0ppg4j4gxduyn5r,,KYBBN,,8268111943561,,1140000000000,,9,250,285,8268111943561,250,9,5211094316,401379743,0.01,340000000,1140000000000,0.1252
pool1ey97shazvk483tzqsvda6hvh8z0kld4g5ssxanrgetddgcf2mns,,INV,,15097427025,,2000000,,0,1,285,15097427025,1,0,0,0,0.01,345000000,2000000,0.0002
pool1eyccsl45l8f7sdplfs770460l2uqe9xfne4l64xvwewd22fcl9a,,NRDCO,,3046065934,,300000000,,0,3,285,3046065934,3,0,0,0,0.03,340000000,300000000,0.0
pool1ez2sr7r6tzfa6s7zwrkxqx5layzmke2znsya3w6t9al0sv0332y,,,,800767166937,,150000000000,,0,25,285,800767166937,25,0,0,0,0.02,340000000,150000000000,0.0121
pool1ezh8sewqgzy7267yvy0jssz8q7amce37x3dhmfl22j8lwz6wjrd,,DAN2,,16165198829135,,100000000000,,16,602,285,16165198829135,602,16,10769210489,561223240,0.02,340000000,100000000000,0.2447
pool1ezs39nendjwjxwdq0wx79k0v2dfc2tv2ewgjsppd96g57ke5x3l,,LAZ,,28548833679,,10000000000,,0,2,285,28548833679,2,0,0,0,0.04,400000000,10000000000,0.0004
pool1ezskfrplms9h6hxcw7adqghmfrtpn6cy7ax8ajrm5kn0crvl6sn,,IPIB,,465018933382,,15100000000,,0,18,285,465018933382,18,0,0,0,0,340000000,15100000000,0.006999999999999999
pool1ezvjwn64vfune2hxvt5xklsmjq3qykm0mgt3r27zuveuvtehkdh,,,,7366586129,,6900000000,,0,1,285,7366586129,1,0,0,0,0.025,340000000,6900000000,0.0001
pool1f007ygdyxyl3kjs9fr8466q0ql3qmhc2yrr0y4rdxt3s5g9ftsd,,DEE,,5015584460139,,100000000,,4,38,285,5015584460139,38,4,2408426179,358966162,0.0075,340000000,100000000,0.0759
pool1f0ez2657ea4vkchctqkw6cfdx68fdw4tfv7r20k9ncnh6vezp7g,,AQRS,,15206379104832,,150000000000,,8,11,285,15206379104832,11,8,5211366884,475014481,0.025,340000000,150000000000,0.2302
pool1f2pf8da5vxq8mams3gdqhs2m2yk8wngdesu0cjxkpd9jk7a5v0m,,BGOOD,,37450011122,,100000000,,0,3,285,37450011122,3,0,0,0,0,345000000,100000000,0.0006
pool1f2pqecfn9x8kzgjeecyjk7cnqj0nyu84uaj2ptr0xdjr5w9qepc,,,,24923870,,25000000,,0,1,285,24923870,1,0,0,0,0,350000000,25000000,0.0
pool1f3ptnevzpgwjx32az75u7nth59gkqxe5h5qld86a8vm0j5jrms3,,,,18074137832,,1100000000,,0,11,285,18074137832,11,0,0,0,0,340000000,1100000000,0.0003
pool1f488flg33j9vqzdce87t0e0g6mhjj7aacd4209pg93c77lrpywz,,,,169201583048,,20000000000,,0,30,285,169201583048,30,0,0,0,0.99,340000000,20000000000,0.0026
pool1f4lvg6px40kelh4kala6jxn6fnugtyhrtw6hgzgr7ar7ymtr7jd,,,,5005087881,,5000000000,,0,2,285,5005087881,2,0,0,0,0.01,340000000,5000000000,0.0001
pool1f4rs6v0cpsqa09ueddp6hhl8xwdwtdqglvcuce26srxdwmzxl6v,,LSS,,5592772528288,,200000000000,,10,101,285,5592772528288,101,10,6514140426,476621501,0.02,340000000,200000000000,0.08470000000000001
pool1f5ml07llzd2ndk5mrdl0gvtkkaq72v2hxusla795ksnms4tae66,,ADABP,,9471895,,8000000000,,0,3,285,9471895,3,0,0,0,0.03,340000000,8000000000,0.0
pool1f5qqm7029znkuzl84s9qjr4rctr4mrfsnlnl5yvcsspd6fec4tk,,NEO,,15096161461730,,40000000000,,19,42,285,15096161461730,42,19,12974551417,605732654,0.02,340000000,40000000000,0.2285
pool1f5zye57nw6nsrczkkzkpd8avayar7j48zjw5pu2e5k38ssm2yhd,,TRUCK,,96066541093,,40000000000,,0,4,285,96066541093,4,0,0,0,0.01,340000000,40000000000,0.0015
pool1f6jtzz94508d6x47cct4umuh5c2jpajdyd892hfrrfzquyyza8m,,,,63694368000618,,63000000000000,,58,1,285,63694368000618,1,58,,53054726310,1,340000000,63000000000000,0.9643
pool1f8erepj5w5nth5xfxgxnwpz59jzywt6zdwfr50jzjwfwksmg9ek,,NUFIE,,52999360535333,,1000000000,,55,3,285,52999360535333,3,55,37926291556,1513000468,0.03,340000000,1000000000,0.8023
pool1f9jpccuyf2enxlacrqvwzt3cmx6rgft7f4gpkgqn2v74c6jatyf,,,,35437328521,,300000000,,0,4,285,35437328521,4,0,0,0,0.01,340000000,300000000,0.0005
pool1f9sru9g2f2am9p5tekwt0e7yrvqcatt4f7eq95uc95jcypw03hl,,NUFII,,55918699928916,,1000000000,,53,3,285,55918699928916,3,53,36534544327,1469974996,0.03,340000000,1000000000,0.8465
pool1fa0ydxjq23eq3nucw6ek46dj8p6vxq4t32ex822jhwhx5fyvzze,,ZAZEN,,910342644,,18000000000,,0,4,285,910342644,4,0,0,0,0.01,340000000,18000000000,0.0
pool1fatmstlhqf93wyhlnvpdr0ud78hj8k6cnk2062lqkcvpq6lw8wu,,IVA,,1627682015,,3000000000,,0,2,285,1627682015,2,0,0,0,0.015,340000000,3000000000,0.0
pool1fc3m8hdjj76n6llxextpc60tt63w5ygwgvf2ekzr3k222kxxdkg,,BUNNY,,5000000,,4000000,,0,1,285,5000000,1,0,0,0,0.03,340000000,4000000,0.0
pool1fd0q9h8974y6psejmzczlywy8fgxxy07rn2ynrwu734aqwq540p,,,,65743219989378,,0,,63,15,285,65743219989378,15,63,42141647694,3034892406,0.06,345000000,0,0.9953
pool1fd6geyevpsg26s7q58fvuv2eh559n5p9vv3ctxjs74v6g7lkew4,,ECO,,1002621654,,1000000000,,0,1,285,1002621654,1,0,0,0,0.04,345000000,1000000000,0.0
pool1fd8qnudvhz2hanlccdsfrwdxmmwwfryalrmy6a6y62cgqfx3ujz,,MOST,,102289936458,,125000000000,,0,4,285,102289936458,4,0,0,0,0.009,340000000,125000000000,0.0015
pool1fe68cpruydltthqrdac4ckfdsgxnxv363znn6x0x6sqvsj6rzy2,,,,1273425925,,1176000000,,0,1,285,1273425925,1,0,0,0,0.01,340000000,1176000000,0.0
pool1ff2hr0sukqqd75jr2rh3wrmnesxqgpq42dgd6rm3ungnqp904ue,,BD3,,202623678,,200000000,,0,1,285,202623678,1,0,0,0,0.03,340000000,200000000,0.0
pool1ff8xnapzllnlwh3zevzktqmjx5dhq2uxxz4e4xnu878xqgmfghx,,PRO,,17597359992,,14000000000,,0,7,285,17597359992,7,0,0,0,0.029,340000000,14000000000,0.0003
pool1ff9edraw8jjzguvyr4lkm2x0ce9lmr8sewwdgs76x9d879n7sxz,,,,4230811518,,500000000,,0,2,285,4230811518,2,0,0,0,0.01,340000000,500000000,0.0001
pool1ffk864w0jyhzxls03utk3mpd7ckzgrum5s29a0zmnd32u6jfp4t,,ADAS,,1006667297,,0,,0,1,285,1006667297,1,0,0,0,0.005,340000000,0,0.0
pool1ffrre548h22n68ln29xph3qezrag3z8ad0kg8yzu6epds3qr58k,,OCEA6,,4644676237622,,2000000000,,9,165,285,4644676237622,165,9,5386065961,340000000,0,340000000,2000000000,0.0703
pool1fftlhn68f3lejs2u39pcd5q33zgwnlumrp20dr6cqqkxwyuft2r,,ARKA,,20118264074,,1000000000,,0,17,285,20118264074,17,0,0,0,0.25,340000000,1000000000,0.0003
pool1ffuv59d0rdp0jsgxa9x5r8pvmaexvuufeu43kpxl3u2qut3ljq4,,,,41454624672287,,50000000000,,44,7,285,41454624672287,7,44,24945038500,6583805189,0.2,340000000,50000000000,0.6275999999999999
pool1fg42yz0qpu5jd0gd3g5xty4mm6jdxkje8szag8h798nyyxw6zd3,,CCJ3,,39818047046102,,100000000000,,37,133,285,39818047046102,133,37,24883005144,1597805596,0.048,340000000,100000000000,0.6028
pool1fg5fs0jks9459pf5qxvdvv3l7rzemj0q8e2lt6unxx5m7fv3tzn,,CFLO2,,1694089470318,,100000000000,,1,83,285,1694089470318,83,1,348276494,347170498,0.019,340000000,100000000000,0.0256
pool1fgj2ua0rz4dkq0hmmkv7syuccda96slh40wex2w7vsnxujuvjtv,,CUJO,,73751497040,,10000000000,,0,25,285,73751497040,25,0,0,0,0.03,340000000,10000000000,0.0011
pool1fh4sh2telea0tfdy39h0drx6uq566yt9gf24edpz7335sclx39z,,CANUK,,43080839178534,,25000000000,,40,877,285,43080839178534,877,40,27485612575,908196070,0.02,340000000,25000000000,0.6522
pool1fhqxu97na8j7lyfqmvx7qrpkrpakmmekgp6gm4w0476vxk8vj3j,,STORM,,483169949513,,1000000000,,0,6,285,483169949513,6,0,0,0,0.02,340000000,1000000000,0.0073
pool1fhv5ptycez7r7lpmx9qjt3s83flpegzx0anynun45rlhuzn7kwk,,TOFU,,115227323254,,100000000000,,0,6,285,115227323254,6,0,0,0,0.01,340000000,100000000000,0.0017000000000000001
pool1fjdsl4zajjt5rv8panvnp89g6pnvt2t3e6za8hcf8yw2zncnl07,,BYOB,,51948033,,550000000,,0,1,285,51948033,1,0,0,0,0.02,340000000,550000000,0.0
pool1fjxud865hvsg3us4t5ndv6jhjcssj5rg2eq783664wpn720deqr,,,,95574299724,,10000000000,,0,6,285,95574299724,6,0,0,0,0.019,340000000,10000000000,0.0014000000000000002
pool1fk7lk6x7j6jkxuvl0het8nmunra4g7370mw29f286dv9ylegutq,,WISH,,3315789441164,,100000000,,6,12,285,3315789441164,12,6,3943099129,340000000,0,340000000,100000000,0.050199999999999995
pool1fkfn8l8t09mplwpxkg3et39llpr5p7l63ter94hkj38tw6fnh3g,,FAM,,70092723312,,0,,0,6,285,70092723312,6,0,0,0,0,340000000,0,0.0011
pool1fl0gdfcmzg4jf3hw839epdteuazm23nff44vddap00r0sm5gvvk,,OMNI,,40857143515,,40000000000,,0,10,285,40857143515,10,0,0,0,0,340000000,40000000000,0.0006
pool1fm57fshvdlrgs5pnpk78tnxha0me28equyy96vj0xm85gy5chv0,,BANDA,,41600989359041,,500000000000,,35,2764,285,41600989359041,2764,35,23949874703,340000000,0,340000000,500000000000,0.6297999999999999
pool1fmcv9p7vv754rwc0p6ud2mgm76vnn0gq0gngrk7rq400vsvhsvs,,JAZZ4,,39373942172266,,50000000000,,41,80,285,39373942172266,80,41,27553022272,1793363686,0.05,340000000,50000000000,0.5961
pool1fmgus36uc0jf0wlspfvzwfn04mz34kwrensmqgfzkv7t58dejw4,,GRAB,,6228792108686,,200000000000,,6,113,285,6228792108686,113,6,3784222332,379660667,0.01,340000000,200000000000,0.0943
pool1fmrd4ds793ja4c5muy7hwj6q7kssuhtx22em4udmvx6957z9m0u,,TLP,,936185642,,800000000,,0,2,285,936185642,2,0,0,0,0,340000000,800000000,0.0
pool1fmykj5jqxtpxu0285209ar37taw52p68q87nmg6vpckhwrtje5w,,,,6150247244235,,100000000000,,3,16,285,6150247244235,16,3,1747002335,376244515,0.02,340000000,100000000000,0.0931
pool1fn8mfqp4jt6097ygqrze5rjzg3y5s8fktxszqgs9mg22jvr42dx,,DARK,,4400588949592,,25010000000,,2,227,285,4400588949592,227,2,1086952790,340000000,0,340000000,25010000000,0.0666
pool1fnvj5za9k5ev88l8tw0nh3n4tn582gvf3d6vmuv7nh4ustqecn5,,,,67661033497,,100000000,,0,7,285,67661033497,7,0,0,0,0,340000000,100000000,0.001
pool1fpkjz7j77m5ukhjx5xvspfttrs0578kyxa9hgn0458hk55wp784,,,,32252841603551,,0,,37,3,285,32252841603551,3,37,24177896380,2304419028,0.075,340000000,0,0.48829999999999996
pool1fpu5xurq3jx5rn626ejcx0dzzzk5lmtvdl2qkj9l4kw2sjp50dz,,MS6,,60705372582396,,100000000000,,51,144,285,60705372582396,144,51,35280349851,1246202012,0.025,340000000,100000000000,0.919
pool1fqwnqk3phwa2s5thgym8dw34pv0z67m526uqprnjh93cvzxymef,,NUFI9,,34551747817789,,1000000000,,37,3004,285,34551747817789,3004,37,25376214087,1125524772,0.03,340000000,1000000000,0.5231
pool1fr7npgpz50d2a4uqdawgww23vy5mxg2x7rhaz3qvr7s55zzee3h,,,,4516735341,,3000000000,,0,6,285,4516735341,6,0,0,0,0,340000000,3000000000,0.0001
pool1frxut5ury0r2clgpvr0dewlsvc233ft7g6v7vx8msepy5068evn,,,,698292896,,500000000,,0,1,285,698292896,1,0,0,0,0.01,350000000,500000000,0.0
pool1frz0ds4nhg4t0e30jadc5kwx35kzj2vfp9eak9ehh2727m4dqnv,,,,1435053441806,,100000000,,1,264,285,1435053441806,264,1,286395827,354302203,0.025,345000000,100000000,0.0217
pool1fs2m5rmlx66crcwwrrsf2pcxjhvk7kzdurcqusd3v5gm65cufnj,,BIRD,,10911708414533,,125000000000,,5,378,285,10911708414533,378,5,3153375536,372479365,0.01,340000000,125000000000,0.16519999999999999
pool1fsck5keruz5n4qyes46s9rvrnxcrn8hukemgxazzlxpp6g66fzh,,,,145754762394,,0,,0,5,285,145754762394,5,0,0,0,0.06,345000000,0,0.0022
pool1fspfv7z8l8755une5vt8drk7aufenxlucnl0p09sy8vxjw5kz3y,,,,9035161676,,1000000000,,0,4,285,9035161676,4,0,0,0,0.001,340000000,1000000000,0.0001
pool1ft4xjlz9uw0r0ewcgtkgeakqrfc5azxmxwsm5pt94dv67mw4rgd,,1LOVE,,6549776741649,,712000000000,,5,186,285,6549776741649,186,5,2864777901,372508962,0.01,340000000,712000000000,0.0992
pool1ft4z335t0eclqwlxdktam5wphf47swfpzgxe4fslnjz5y70hq2p,,MDRS,,13113084590,,1100000000,,0,5,285,13113084590,5,0,0,0,0,345000000,1100000000,0.0002
pool1ft6jvmft8tg3lwzg6wfsprlex3ncuq5cnckwycavqk5q63jhrhv,,FRCA🍁,,156338107564,,25000000000,,3,7,285,156338107564,7,3,55857466,340000000,0,340000000,25000000000,0.0024
pool1ftfgs9lp0l4l07glvemrzu86pqvxrvzsn85lc3hathlq5ddsw49,,RAID6,,27922197678,,30000000000,,0,2,285,27922197678,2,0,0,0,0.01,340000000,30000000000,0.0004
pool1fts0a4clzu7wyhdqw48cpg2kwvstzeqddtwj34pxfw9jgvznu0q,,,,32196631965492,,0,,42,2,285,32196631965492,2,42,27520385422,2573327005,0.075,340000000,0,0.4874
pool1fu567g42mlv9f7enek7zeh94c0aht98w44du7s29t0elzd9yazz,,,,3529121099802,,1000000000,,1,140,285,3529121099802,140,1,348532740,343776414,0.01,340000000,1000000000,0.053399999999999996
pool1fu69ry8k9qxfque9hng3lxcq7g30pykg38mtahah8x4mzpgls3k,,,,2466257747142,,250000000,,6,36,285,2466257747142,36,6,3898699246,359815055,0.005,340000000,250000000,0.0373
pool1fu6ppur5uumrpydpeswzrvfg4epr68xw39aar9rcu56tk5ukat3,,,,38227860688,,1000000000,,0,5,285,38227860688,5,0,0,0,0,340000000,1000000000,0.0006
pool1fuaj2fz0wq8rp8pz9455d78pgvedjyuf48gl5y6d7h72st5wmy9,,TIKI,,531673809,,519000000,,0,1,285,531673809,1,0,0,0,0.01,340000000,519000000,0.0
pool1futpazj04ukh0754m6wexrr9gdezmrl6e0pksyhpc9gjql44l0y,,SMBU1,,451088384,,50000000,,0,2,285,451088384,2,0,0,0,0,345000000,50000000,0.0
pool1fuzqy5r9x98826zv6wp40tr27uplemmstkd57cuw8jh5v5m90vn,,247,,8085018247027,,5000000000,,2,340,285,8085018247027,340,2,845435366,345514357,0.005,340000000,5000000000,0.12240000000000001
pool1fv5vleayk43pds6e20kguxr6lsh87sdcf47y92hm0hyt6vn6sfz,,CTP,,2426761,,1000000,,0,1,285,2426761,1,0,0,0,0.01,340000000,1000000,0.0
pool1fv79c5hthyat6ygfsepsk2la6j4p5t2ewh36ut6fvhj378mg74p,,LIDI,,443984288,,11000000,,0,4,285,443984288,4,0,0,0,0.0295,340000000,11000000,0.0
pool1fv9f8phzn7hp623ypw6ctf73a98hd7nrh8wm7glpcuhf64856g2,,,,310352722699,,25000000000,,1,37,285,310352722699,37,1,339707720,347543255,0.02,340000000,25000000000,0.004699999999999999
pool1fvuy9r4ndp432yuh059q4fekh42t4d42qjhgz5qxlr8jctrp5l2,,,,1000000,,1000000000,,0,1,285,1000000,1,0,0,0,0.02,340000000,1000000000,0.0
pool1fwg2x8pwwxverf0wqtk3pnqtywlah9em3ywyvhskafvm5z3e7kr,,,,18269664,,100000000,,0,1,285,18269664,1,0,0,0,0.1,345000000,100000000,0.0
pool1fwhu9w2z82n5r7hdeu8ayl9tywraursthd78mxxekr6zzdjgpkm,,MARS,,615625827829,,2000000000,,0,6,285,615625827829,6,0,0,0,0.25,340000000,2000000000,0.009300000000000001
pool1fxlf6mqxeuptm7ztwdpp2zdwm7tsfcy3fweu7euyf6aduuh6u42,,SLICE,,49964604163,,10000000000,,1,17,285,49964604163,17,1,290924912,347542279,0.02,340000000,10000000000,0.0008
pool1fxmancs3dmc9l0s7u7zrj8334m9nvzam5t5hnuuf4c7cjr6867m,,CONGE,,60209935328705,,100000000000,,51,1249,285,60209935328705,1249,51,35800789801,702445257,0.01,340000000,100000000000,0.9115000000000001
pool1fy57yj7fq4n640h0r7yzchgytvx747nl85lkct7pc8faywwsyy2,,,,20004709713,,20000000000,,0,2,285,20004709713,2,0,0,0,0.025,340000000,20000000000,0.0003
pool1fy5aaf5gz2646dghhm8u899mj6hyznn428sqhdx3tmqmsdy6rcz,,,,779257936073,,760000000,,0,65,285,779257936073,65,0,0,0,0.01,340000000,760000000,0.0118
pool1fyp482ntshhm9zfz4nv7pmsaeakscf5mnuzcxuvtqf6t56fc7l0,,KYSN,,32848018233482,,100000000,,25,1338,285,32848018233482,1338,25,17186242549,674062949,0.019,340000000,100000000,0.49729999999999996
pool1fys325gzr7kpcjclyy93sx97nm2y4n8raj3830cyez5pqagkfcg,,,,24456037843033,,20000000000,,19,1183,285,24456037843033,1183,19,6597280723,6968523132,0.5,340000000,20000000000,0.37020000000000003
pool1fzw8nfwq608cg2y690re25zg082taztprmkcv3s8dw7zwhlqmdk,,H4C,,117201672463,,1000000000,,0,4,285,117201672463,4,0,0,0,0.04,340000000,1000000000,0.0018
pool1fzyyw44hv3me9xya55cnhsfntrx97vz2evz97x4gx88wwx64q6q,,KTOPB,,1147576454444,,3000000000,,1,19,285,1147576454444,19,1,342531639,340000000,0,340000000,3000000000,0.0174
pool1g0fvxf4ewt0j3hplp09dv4ak2uv5ay3ftw8upk80d8kx2ca5syn,,,,148091537,,100000000,,0,2,285,148091537,2,0,0,0,0.01,345000000,100000000,0.0
pool1g0hsnjnt0du3kp33gjua3npncngr3yg4ak2zfdhd4zvmy6r8hyd,,EGGS,,5414316351642,,225000000000,,1,141,285,5414316351642,141,1,335165465,347571543,0.02,340000000,225000000000,0.08199999999999999
pool1g0kz4tgejenj72j8m6dpvtds4l4w4ynk2rpx5lrz2q3ev835kru,,,,2121941054,,80000000,,0,5,285,2121941054,5,0,0,0,0,340000000,80000000,0.0
pool1g0nq3m3fnvd245k4favcvutn09vce0yshg535f68d2xa54vy0cc,,1PCT3,,44277485418210,,50000000000,,51,377,285,44277485418210,377,51,35704506668,702613591,0.01,340000000,50000000000,0.6703
pool1g0t2a93g5e2j7wj0clmk73fhd8cjcj4xn383yt7xvdyhq37m0kk,,,,107845589,,0,,0,1,285,107845589,1,0,0,0,0.06,345000000,0,0.0
pool1g2htk67ngtrw5mz6npgu3tugmcuqfgu0lxm8m26d7x79w75xupn,,,,980449336347,,100000000000,,0,29,285,980449336347,29,0,0,0,0,340000000,100000000000,0.0148
pool1g2zsavkscwrzz0tqqwwykkyganyedlzgqc63fneq6nvzc7rwdzp,,RBA,,2205608102,,100000000,,0,2,285,2205608102,2,0,0,0,0.015,345000000,100000000,0.0
pool1g3ssnndd8e7lcmstkjl9ane9mup0eshv3aklg63u5tznwl4ch87,,VRSTK,,56236632498636,,1000000000,,51,18628,285,56236632498636,18628,51,34618691290,1471271201,0.03,400000000,1000000000,0.8514
pool1g3wjq2yyg7hxteky9eym8fhc9xdtut63ss46a96gxndhqjgerqv,,,,402111223665,,42000000000,,0,27,285,402111223665,27,0,0,0,0.01,340000000,42000000000,0.0060999999999999995
pool1g4th3pqfzh4zajzrhlh8y6wpuztrkzxwt5wd7q578894j06gwfc,,FEEL,,121605181566,,25000000000,,0,37,285,121605181566,37,0,0,0,0.019,340000000,25000000000,0.0018
pool1g58rl2yvgf3ewek4psqjlh77q8z2m9f3rjz4mpf0zemmvrmn0et,,,,334029080041,,100000000000,,0,32,285,334029080041,32,0,0,0,0.01,340000000,100000000000,0.0051
pool1g5gcxs48ur9y6kvycy44e9n8wn254fltvjklcf29jxfp23x2wjx,,,,17243787133,,0,,0,3,285,17243787133,3,0,0,0,0.015,345000000,0,0.0003
pool1g5gmej3cj67td4pmvmacnls8nuq0gjld2pwfeg3jwpxujdx6lmu,,,,17696599477860,,5000000,,23,285,285,17696599477860,285,23,15760704445,688946138,0.0216,340000000,5000000,0.26789999999999997
pool1g5hzwhlsya3pqxzkkf97308z4zp0kl5hjdaypaqd3fwjgkaq4hk,,,,41126749462,,25000000000,,0,7,285,41126749462,7,0,0,0,0.02,340000000,25000000000,0.0006
pool1g5k0fks847av9zdayg05htnj8wx0ah7jmnwwqlt63rjdzyjr93n,,ADAMS,,157432366464,,5000000000,,0,7,285,157432366464,7,0,0,0,0.01,340000000,5000000000,0.0024
pool1g5mr8pq4ewpxl8x5fpvmjhnscdt5mk7vlrndsrkpenencrl6jy9,,,,1101596046,,1000000000,,0,1,285,1101596046,1,0,0,0,0,340000000,1000000000,0.0
pool1g637quu9s4v8e30s8y2jg8zfejsne9s8mg985q62y8jfu4khtqg,,,,220848661,,220220220,,0,2,285,220848661,2,0,0,0,0,340000000,220220220,0.0
pool1g6g2d09le8hd6nv9jhyavewdnw8tu0ndst4lqysd00ru24cav0a,,ONYX,,42545254554645,,0,,42,403,285,42545254554645,403,42,29185351436,638317266,0.01,340000000,0,0.6441
pool1g6rm3p7695z7xfhp629hcsj09njun2fnsz03pjrshw8rgs7pluc,,,,51919454330,,1000000,,0,10,285,51919454330,10,0,0,0,0.0222,340000000,1000000,0.0008
pool1g77ac5d7efytjc2rc3c8lnwl9snmlp8p7858fp06teqv6pcf694,,PINK,,7098977181123,,25000000000,,5,32,285,7098977181123,32,5,3242857376,340000000,0,340000000,25000000000,0.1075
pool1g79uyzvt9mm3z7jdcxnp36n4egm4z6l8c6n9l2mk8ae2yf5zman,,ABC,,4280720886858,,10000000000,,1,15,285,4280720886858,15,1,375426397,340000000,0,340000000,10000000000,0.06480000000000001
pool1g8emzhrurqdqqnshs3rvxw3hn35x6sz24xdddqqenk9cxtemfd4,,,,260986856506,,1000000,,0,5,285,260986856506,5,0,0,0,0,345000000,1000000,0.004
pool1g8w64u3sx9mrvhwrdfvysw4g4wnffkjfp5zds3ur6svwzdhwhx9,,KNGHT,,4100140413,,30000000000,,0,1,285,4100140413,1,0,0,0,0.015,340000000,30000000000,0.0001
pool1g8y2gz4sk7xhyaj469jlj3njyu5dlvqa7t7v9c2gk0yc69879z8,,1PCT0,,46666045251833,,50000000000,,40,614,285,46666045251833,614,40,27941538344,623695030,0.01,340000000,50000000000,0.7065
pool1g9dq4q05spsaxm0u3cqxyszycjyukzvdufc72etgtc875el0key,,FLOKI,,25152332953,,16000000,,0,5,285,25152332953,5,0,0,0,0.035,340000000,16000000,0.0004
pool1g9v6nnrn8x7jcj26mqernsh3h97g6gyhamttzg8q39yvjr60g7k,,,,544054637160,,80000000000,,0,37,285,544054637160,37,0,0,0,0.015,340000000,80000000000,0.008199999999999999
pool1ga0h4pv0psju8z3j7l852elq92c7xshuspt27jklnx665r4l2q8,,,,14776577,,1000000,,0,1,285,14776577,1,0,0,0,0.01,500000000,1000000,0.0
pool1ga8rg7snafqj5t24zf4xr8cz7tl576ett05qf93qhcamgmkqmj3,,,,1667561771,,250000000,,0,4,285,1667561771,4,0,0,0,0.005,340000000,250000000,0.0
pool1gaq7x3ejv47cykw2wrcyt99f3gcy3ayyuxsf6gqvd8j2jf90w4h,,,,2646822,,25000000000,,0,1,285,2646822,1,0,0,0,0.025,340000000,25000000000,0.0
pool1gas95lqlch5pj5e4lwg78gxlq7km9xfurfd557x4tgwk5kktd04,,NEDS3,,1759044820347,,250000000000,,0,13,285,1759044820347,13,0,0,0,0,340000000,250000000000,0.026600000000000002
pool1gavc60d7mz7vvhsh7grcrc8pmcy0zugrnxh3dklwx0sjsdva6sj,,CHILD,,10000000,,10000000,,0,1,285,10000000,1,0,0,0,0.05,340000000,10000000,0.0
pool1gccvexsjcp6z6aua47cdpwf05jz5s8vj58amyl7k7e4lyzy67e9,,AGMOS,,55791002471,,50000000000,,0,4,285,55791002471,4,0,0,0,0.01,340000000,50000000000,0.0008
pool1gclysx2h7fndj0jdajlmwvqr8q9tzu3rurjknacu0ff954fsg9a,,1PCT0,,61431493090417,,50000000000,,50,1665,285,61431493090417,1665,50,35056485471,695501124,0.01,340000000,50000000000,0.93
pool1gcqq0gt4hmgvq942x0s57lf3f4mhtexuuzgjrsmtj0kmsmqz32z,,,,11000000,,45000000000,,0,1,285,11000000,1,0,0,0,0.008,480000000,45000000000,0.0
pool1gdgjzmp96kk0d0sj482655wqlq8jtc4t9xw8xzfwfx4tjyq73hw,,LUNA9,,3406551634503,,250000000000,,0,11,285,3406551634503,11,0,0,0,0.02,340000000,250000000000,0.0516
pool1gdh3wpppagqde3cu3ggjyhxt7dq7nfrs0z96ekcsmfeq5k7zzxv,,AMIGO,,56348136141,,1000000000,,0,2,285,56348136141,2,0,0,0,0.01,340000000,1000000000,0.0009
pool1gdng276yudrye9s4qrl6ylwwnyc5fagtcp44pwcqmgy62zng607,,ADAST,,23744110932589,,250000000000,,26,76,285,23744110932589,76,26,17380400614,1059012521,0.039,345000000,250000000000,0.35950000000000004
pool1ge9c0gw40pzkcuj0xx6kevxz0hvwce7ac207lw2dtd58y957f74,,CSPMX,,126522989,,100000000,,0,1,285,126522989,1,0,0,0,0.06,345000000,100000000,0.0
pool1gemjwq0dus4l0m0ulvqmhjmnu99y55ehuwd39u2nezav286y8d4,,,,529416497816,,100000000000,,0,37,285,529416497816,37,0,0,0,0,340000000,100000000000,0.008
pool1gf8a46j6hvhad8e48hez4084x34snpua8k7t3kzy9w42q6w60z8,,GRADA,,30474590915,,30000000000,,0,10,285,30474590915,10,0,0,0,0.005,340000000,30000000000,0.0005
pool1gglca5t7h2tky6jrhp08sxsf3mecvh0xk6sc4v3mcpfzc8jwu2w,,,,11743099328,,10000000000,,0,1,285,11743099328,1,0,0,0,0.009,340000000,10000000000,0.0002
pool1ggx3akymhzl5d7r8jd4cc2nmnvl8t8gkrerd2cwvd0vc29lwje9,,,,366954030590,,75000000000,,0,40,285,366954030590,40,0,0,0,0.01,340000000,75000000000,0.005600000000000001
pool1gha260s6hx855p49fc735w78p0kcp4hyxl8glymp5k5muk9jkgm,,,,6218976767225,,100000000000,,5,377,285,6218976767225,377,5,3036036166,469687151,0.04,340000000,100000000000,0.0941
pool1ghd48gmcn3ks8fz8wswd2fhma4ug8qq80m7gspfph2wajuvcsk2,,,,2181228258891,,1000000000,,0,25,285,2181228258891,25,0,0,0,0,340000000,1000000000,0.033
pool1ghfmak7eu4t6f7ep8jkspt586l828z54xnxfw732yxlngtny0uh,,NOBLE,,107494235234,,50000000000,,0,8,285,107494235234,8,0,0,0,0.008,340000000,50000000000,0.0016
pool1ghsq6nqsdmxxep9jrfml0j6jk935uhq7d9l5a0ltllev7nk2fa0,,,,33275450413,,25000000000,,0,17,285,33275450413,17,0,0,0,0,340000000,25000000000,0.0005
pool1gjmerqh4wxl553enqeqgc6m3r3gt6yspdg29jy6nuypa6k2tpdt,,,,62611596094205,,0,,55,28,285,62611596094205,28,55,34010273318,5423002026,0.13,340000000,0,0.9479000000000001
pool1gjy4ds5fetharnl6y09xxnk9xmvxa6hx2q6cgkjp6094w7ee55z,,YEAH,,52794118132,,5000000,,0,4,285,52794118132,4,0,0,0,0.02,340000000,5000000,0.0008
pool1gk2kmn8vx7z73rmmfg47pxm03cj6m5v06qqjtgeum95nz5hn8tl,,FIGHT,,218901741011,,10000000000,,0,38,285,218901741011,38,0,0,0,0,345000000,10000000000,0.0033
pool1gkpzl9jq38vx5j8evv8qrpljddxmh2gp8trmrczvgs7gyzmugtu,,,,50110348351670,,1000000000,,40,2,285,50110348351670,2,40,,28683647707,1,340000000,1000000000,0.7585999999999999
pool1glgf2t0wp6ktpf7arvzelhfuqkqpwttdsxjf0684rhg7vwmvpv2,,,,406043348640,,199000821299,,0,3,285,406043348640,3,0,0,0,0.02,340000000,199000821299,0.0060999999999999995
pool1glh4wd2aq4akzulv4umza4c0k6g5eycca4lmh0c6zg6wzkf7tqw,,FLADA,,57660356462,,50000000000,,0,4,285,57660356462,4,0,0,0,0,340000000,50000000000,0.0009
pool1glll6eskvg5f4jcep5trqcgqa8zpekfv8d8a6jrprvcwum6u5jn,,,,5589282833,,10000000000,,0,2,285,5589282833,2,0,0,0,0.025,345000000,10000000000,0.0001
pool1gm4mcrf8mytfetsj6ykulrmv4j70y7fhceawgdg2h09t5rtt7cf,,ALTZ,,1835487877774,,500000000000,,2,21,285,1835487877774,21,2,423576565,361944743,0.02,340000000,500000000000,0.0278
pool1gmwp956mrfn5hcs7rp7nasa7xpwmx84kkkclyx48xwuh5dltmpj,,OBLUE,,158530782,,100000000,,0,2,285,158530782,2,0,0,0,0,340000000,100000000,0.0
pool1gn5txrx7ay0pxs7cj70ewxpqx64sqnptnkc4u3zghxv8y2y9sxr,,,,529823907074,,54000000000,,0,25,285,529823907074,25,0,0,0,0.02,340000000,54000000000,0.008
pool1gp4qs5ed9j5d6z8288sg9hy2ehp28v6dp3ghh58ypt67zhn8r77,,SBC,,15773914172,,100000000,,0,5,285,15773914172,5,0,0,0,0.015,340000000,100000000,0.0002
pool1gp9248q30knnwccvktwsvnzjzklu5c70mgxd08q0kv0u502r6l5,,OXYGN,,2705758259,,1000000000,,0,5,285,2705758259,5,0,0,0,0,340000000,1000000000,0.0
pool1gp96eegsljwfqdjejxpx3vmwhr9dmtqrjswqwu23tcll2sq2ga2,,,,10216178674,,0,,0,6,285,10216178674,6,0,0,0,0.02,340000000,0,0.0002
pool1gppqnqfguctp6gu0q8l5wjhye0ny28yzfx93hkr384cfsezru0f,,CAPEX,,47386009779802,,150000000000,,31,1611,285,47386009779802,1611,31,21656184119,537080963,0.009,340000000,150000000000,0.7173999999999999
pool1gprrm7gehg9wlupqsvyf59l52q8wgr3y46p656r66t7zy7j2z66,,MILK,,10689635,,1111000000,,0,1,285,10689635,1,0,0,0,0.01,340000000,1111000000,0.0
pool1gpvmemj3xvl3ecqewr53a7vfg5ahemare9lpu0jm052y2zpweyd,,,,1273542929,,1176000000,,0,1,285,1273542929,1,0,0,0,0.01,340000000,1176000000,0.0
pool1gpz25s2aasmqnh9tg8a2rxmyxuvmj5s779htxk295e9ajnzjflc,,MUGGY,,11660794650127,,10000000000,,12,147,285,11660794650127,147,12,8051227817,381373231,0.005,340000000,10000000000,0.1765
pool1gpz97nhqges80ggnefeshg3n4grprrltdvzqr8sz5fvxg3lekqh,,,,20021625268,,5000000000,,0,1,285,20021625268,1,0,0,0,0.001,340000000,5000000000,0.0003
pool1gpzkwf3ntp7ky6yvyky8q6qu4dyup5y6v4pxzn56yut8sqp6k53,,IOGP,,64328597689869,,64000000000000,,69,2,285,64328597689869,2,69,,63467460982,1,500000000,64000000000000,0.9739
pool1gq3500u0hf7zjwfxsr45zqx036sw0faphejv6lasr2wewck7k04,,,,585712088662,,40000000000,,1,18,285,585712088662,18,1,350534454,340000000,0,340000000,40000000000,0.0089
pool1gq7zwmtpnj7wufnv97xhx43eqhla3trc3803r3rcwppszc6vh9y,,,,3386074774443,,20000000000,,7,11,285,3386074774443,11,7,4599247529,386800686,0.01,340000000,20000000000,0.0513
pool1gqf605yxhmyfasdjhf8yxcesztgzuek9gfuvy2dnyj5cyp8zga3,,OLEUM,,3733619864921,,1000000,,2,45,285,3733619864921,45,2,1034307696,350601160,0.01,340000000,1000000,0.0565
pool1gqk5pzqmrc9c6030m5sj2s3560ymm5ymq3hqjmz6vfdmx4mw5gs,,HIST,,109662259482,,500000000,,0,15,285,109662259482,15,0,0,0,0,340000000,500000000,0.0017000000000000001
pool1gqmjahruyhxvec59g9wh0z67aqxa2k3n4al4lyafv08xk90zl2z,,,,64790546383,,11000000000,,0,4,285,64790546383,4,0,0,0,0.015,340000000,11000000000,0.001
pool1gqp9e65nqy0q08dvqst6mk9fyc96sdels5drncsdz5d82dpw5gg,,,,4113986752,,100000000,,0,2,285,4113986752,2,0,0,0,0.0095,340000000,100000000,0.0001
pool1gqvrgg7zycvf65ydkjeph72t0yx0f5ykzd9f477zh4f3smwk997,,SAND,,7659445040417,,100000000000,,5,138,285,7659445040417,138,5,2851757295,405147759,0.02,340000000,100000000000,0.11599999999999999
pool1grgycym8cf0xmgjjr7gx7udmkpu93hqaygysy5myx6ghx8dvl5r,,THOR,,45536773903547,,100000000000,,32,5813,285,45536773903547,5813,32,21508391668,1020293310,0.03,340000000,100000000000,0.6894
pool1grja4t9cne39v5u4g9aw0qujmm5mpnxqpshqy5lnqv0ezdkyglk,,,,919397734465,,100000000000,,1,15,285,919397734465,15,1,246784732,345666252,0.015,340000000,100000000000,0.0139
pool1grlhzfvd93ea4832tm36hwd7y4h8ghnlwnp3awx5heffjttgf0u,,BNP,,65861853651590,,2000000,,54,3,285,65861853651590,3,54,36073594136,2647664941,0.06,345000000,2000000,0.9971
pool1grz62pdyyakffeymsjxpkz4x9382y3zhfa8zu28tk2fpqxm6p5l,,KAWAN,,3779310574391,,30000000000,,1,446,285,3779310574391,446,1,359944717,353192313,0.035,340000000,30000000000,0.0572
pool1gtphgrdj8sluxm9e7ca2spcwcq2p0dxj9zf5v0yv3gsagzq704n,,ADAFR,,58175563557611,,3030000000000,,61,4800,285,58175563557611,4800,61,40740096772,1153891162,0.0185,340000000,3030000000000,0.8806999999999999
pool1gu0jszyrg82ah4qhusx7lm90gsx5n9czsa48ast8tfegg5ztzuc,,,,666871527581,,0,,0,6,285,666871527581,6,0,0,0,0,340000000,0,0.0101
pool1gu33fszp9ek0w9fkdt2xpnp4vznvvv2vhktc0dypa8fr53lc9pc,,TESLA,,8627973305940,,200001000000,,10,131,285,8627973305940,131,10,6616294037,408356873,0.01,340000000,200001000000,0.1306
pool1guauavq4yp99rack3a45jr952f0xv7dtsw3vvx7zevey59k5lfd,,,,10189997194,,10000000000,,0,2,285,10189997194,2,0,0,0,0,340000000,10000000000,0.0002
pool1guu57lrw9hf3xm5vm4e9vern2ffskgtsmj3uklxs62n86ggq45l,,PBS,,302336946,,1000000,,0,2,285,302336946,2,0,0,0,0.15,345000000,1000000,0.0
pool1gvr5c6ctkvk7qkgsqd6nu6d9etmt70n0kph4lmv0kq0hsmhqcd4,,,,1003204263,,1000000000,,0,2,285,1003204263,2,0,0,0,0.01,340000000,1000000000,0.0
pool1gvydgpt2nt6zchvt6fyc5h3w5g24nrrw54tskm0mkc6hqh4ye5n,,AP050,,496831786,,50000000,,0,1,285,496831786,1,0,0,0,0.02,345000000,50000000,0.0
pool1gw5jqvykr3kk30x7v2lf8zjn40vajl5szq0w9wmmtfs2k5ujytj,,,,11171089077,,10000000000,,0,3,285,11171089077,3,0,0,0,0,340000000,10000000000,0.0002
pool1gwljutrkqx7km7ec2e8u93y0tvd8w07mgz2aaeqj75h9q7tntmq,,,,32230983604444,,0,,34,2,285,32230983604444,2,34,22194246470,2143074242,0.075,340000000,0,0.4879
pool1gwnu7f7qgaruxph8gn3u28qphvquvnj63elyd3r0nndacj9g9pa,,JAZZ2,,42056706137072,,50000000000,,42,132,285,42056706137072,132,42,28236321627,1829226241,0.05,340000000,50000000000,0.6367
pool1gx2pz27mgupdqynr54s57jrepc3n28yx0wlx0j5ypka55aan9qx,,LUCKY,,1954208353363,,1000000000,,1,16,285,1954208353363,16,1,306334152,341890145,0.005,340000000,1000000000,0.0296
pool1gx6eawfvnhckevmlzhfz9j3uzj92j2wgww0mdd2fu5d4zd4wvaa,,BSSP2,,27509066188075,,10000000000,,25,244,285,27509066188075,244,25,17182480186,690146814,0.0199,340000000,10000000000,0.4165
pool1gxu8g9fke4yydpaycwkumsrjz88uuq72tpe8yy3ndtx9uy9fv3j,,,,63924989109888,,63000000000000,,55,1,285,63924989109888,1,55,,50350756031,1,340000000,63000000000000,0.9677
pool1gyf5nm2d4le3l6uh4j8340xugfc5zyn7u32j4hpk4vhusvtqq2n,,,,19711246606,,10000000000,,0,4,285,19711246606,4,0,0,0,0,340000000,10000000000,0.0003
pool1h0524mtazrjnzqh5e4u060jsfk8lpsqqjfpa5gygjwuhqu34wvt,,JAZZ,,37760890674257,,50000000000,,33,136,285,37760890674257,136,33,22114148416,1506463438,0.05,340000000,50000000000,0.5717
pool1h08araxldht60j00vp8lzllmwyevjwqd5zwyprc62536gk4s5ge,,,,18737033,,125000000000,,0,3,285,18737033,3,0,0,0,0.0275,340000000,125000000000,0.0
pool1h0jfkyfqt729vxhq8ndxffcqn2afjhzzlwqecrvsufgu5sag0sj,,RAID3,,140647951973,,50000000000,,0,5,285,140647951973,5,0,0,0,0.01,340000000,50000000000,0.0021
pool1h0prd5vcdv6uk7hglztdcqfp5czjqxdydxkxkdhg8rrk22mr4ym,,SIGN,,346504174699,,1000000000,,0,32,285,346504174699,32,0,0,0,0.01,340000000,1000000000,0.0052
pool1h0tfxrhgvx6g730dunefjqn44qxxka3hfavjakuelsa6y7k0e7v,,,,504320083565,,15000000000,,0,4,285,504320083565,4,0,0,0,0,340000000,15000000000,0.0076
pool1h0v99elmvl50rqk778ue6g49r3mtgq3z4draq6pzy0nqv000frd,,OMEN,,38747701320,,1000000000,,0,9,285,38747701320,9,0,0,0,0,340000000,1000000000,0.0006
pool1h26acqctjzuzk04uxc35mt5eavnlr5wyaqavmdqhd3s2zr8v7nm,,BABYL,,420082031,,10000000,,0,2,285,420082031,2,0,0,0,0.02,345000000,10000000,0.0
pool1h290edu6y50y09ulac7t6krculahk9fjwzvx4hqeqc7l2ruttku,,LION,,788225897035,,200000000000,,0,15,285,788225897035,15,0,0,0,0,340000000,200000000000,0.011899999999999999
pool1h2q3cyle9yrjv4g6qvwqyrm5vk9qj38gtqndvavpqf6lkgpqvj3,,REACH,,476652900,,400000000,,0,1,285,476652900,1,0,0,0,0.04,500000000,400000000,0.0
pool1h2vtxz36m93e2dw9mn4luh64372t794qsjcpgt3fqpnycc8qh3z,,,,778107357109,,500000000000,,2,15,285,778107357109,15,2,221353594,340000000,0,340000000,500000000000,0.0118
pool1h3aejp7fln74mwaraqjn65ve3j5zwqr7wk0pasct87wpkv0aspm,,BEAST,,13801155234002,,1000000000000,,14,145,285,13801155234002,145,14,8760490326,632248692,0.03,340000000,1000000000000,0.2089
pool1h40kkf28nr3amhs6nsmqn75aderg6cutmygr47czu2dw2dxzvgm,,,,57743669644,,30000000000,,0,20,285,57743669644,20,0,0,0,0.02,340000000,30000000000,0.0009
pool1h4gwh638485yd0xcw0pkrm935nvm4aecqsxjx2yzzz0u6dfj73q,,SEBA,,1536832812747,,0,,0,128,285,1536832812747,128,0,0,0,0,340000000,0,0.0233
pool1h5368szqrqvfy7txc5r2lyay0xx4fvp2w38mswplqknax8l9wl2,,OSADA,,12373447069,,500000000,,0,8,285,12373447069,8,0,0,0,0.015,340000000,500000000,0.0002
pool1h5jtxde8j86qrnqzj32ugn480u7gw5xw8wqy5d227rl3vfg58qz,,PEACE,,2701076050390,,51000000000,,0,54,285,2701076050390,54,0,0,0,0.024,340000000,51000000000,0.0409
pool1h5kewwuh5jh6cuq52nwu5w7g8488qsp8ja7ahs8p2ln8ygde8xf,,,,8247425397,,8000000000,,0,1,285,8247425397,1,0,0,0,0.01,340000000,8000000000,0.0001
pool1h5uycju7n5puxn2ckfkpza550rf6jk4twr6ef0hsmxft78ajt6q,,IOGP,,64328594017480,,64000000000000,,59,1,285,64328594017480,1,59,,54269277533,1,500000000,64000000000000,0.9739
pool1h5xdez7j0ncewgxs4m8fykjt9jzuy86t8e0m7m7m2l79w4jzzk2,,GOOD,,203250629,,1000000,,0,1,285,203250629,1,0,0,0,1,340000000,1000000,0.0
pool1h66njz7qg7p3sa9dd8mptfhsy04pyxr9ca0v8zwkcz3eyg3g3au,,BNP,,65927990040926,,2000000,,60,3,285,65927990040926,3,60,40117486792,2905816601,0.06,345000000,2000000,0.9981
pool1h6l7mhtqqvkgq5hyvkrjrrwddulx7zc6mxlrsezsspymckuuext,,Trump,,120120813666,,1000000,,1,11,285,120120813666,11,1,292301727,343771524,0.01,340000000,1000000,0.0018
pool1h6p3z8kyu22ffwyqh4fjgj2wh9j3h9wprdlxef6wsy2lwcz4nt4,,FORBP,,258242152513,,100000000,,0,2,285,258242152513,2,0,0,0,0,345000000,100000000,0.0039000000000000003
pool1h6q8jj55dn6727yydlypu0rz4sflf2enxhs0thqydmddgu3shl5,,HAZEL,,164803877816,,350000000000,,0,2,285,164803877816,2,0,0,0,0.03,340000000,350000000000,0.0025
pool1h6sgs4c4hn0njy5ah9dxn7rjlwe2rfhxj86mumggaz887hevftk,,,,2049613250,,2000000000,,0,2,285,2049613250,2,0,0,0,0.04,340000000,2000000000,0.0
pool1h6xjscpyekfvc8e8udgluvyqmz0etgy8dakuxu8apw0a5yxfzyz,,BEETL,,2001426277,,2000000000,,0,1,285,2001426277,1,0,0,0,0.005,340000000,2000000000,0.0
pool1h7eevnu53zdfujqfzldw4jgdjh475u0glvtruwrnmdmycn6jdzs,,,,685976530923,,100000000,,1,9,285,685976530923,9,1,347028738,343772077,0.01,340000000,100000000,0.0104
pool1h7nugww5y2q74435nadg6gggsj20nj5v3dq0w2gjwp3qvrpvgzh,,DOGE,,27597982,,500000000,,0,1,285,27597982,1,0,0,0,0.01,340000000,500000000,0.0
pool1h8fnr4vlfcv9l4jlv9epalghy3zgjpye4wv85c4rafpvvfztsk7,,JANUS,,53224747703,,250000000000,,0,4,285,53224747703,4,0,0,0,0,340000000,250000000000,0.0008
pool1h8uur6gvtcsw0cdjgnt5njc33ajefgg756xllkd45w7zsml6ydd,,,,15095679393,,15000000000,,0,1,285,15095679393,1,0,0,0,0.03,360000000,15000000000,0.0002
pool1h92047jmdgtp4ft2cw8gkf3a5745vffca97ay5stt72rkxm37kl,,,,10030997221,,10000000000,,0,3,285,10030997221,3,0,0,0,0.01,340000000,10000000000,0.0002
pool1h9jr0f9evk3raxlljq6mt4gj7ej4v82afvnlc2wh28rwy2d8lsy,,RUNIR,,309240142966,,100000000,,0,10,285,309240142966,10,0,0,0,0.01,340000000,100000000,0.004699999999999999
pool1h9srecg2zs3dpmgwh0llvuv4vhg2jtwmud4kahlsgd4djdtvner,,NGY,,5027504382,,1000000000,,0,3,285,5027504382,3,0,0,0,0,340000000,1000000000,0.0001
pool1ha4z9zne9z7he43qf0tzv9pdq8cdj63xfrj8s246u89lkcwmq7w,,,,653545140203,,30000000000,,1,88,285,653545140203,88,1,342135769,343772383,0.01,340000000,30000000000,0.009899999999999999
pool1ha70qvqwnmnwpa7e575y9tgyx47aw29rvkz73mnf42z5wet5dr3,,IOGP,,1481480,,64000000000000,,0,1,285,1481480,1,0,0,0,1,500000000,64000000000000,0.0
pool1haus36sw7cwyg8jdeg882mentse5txac7fmeew8ketuwky6q602,,BD1,,202623678,,200000000,,0,1,285,202623678,1,0,0,0,0.03,340000000,200000000,0.0
pool1hcg8sa642l0xeygkzvpgn3sfj5s2yeuzpws7a0gypyy7grrjcje,,,,1569433619744,,10000000000,,2,118,285,1569433619744,118,2,900174502,361863482,0.02,340000000,10000000000,0.023799999999999998
pool1hdglvd3xn5m0glqx3l8cy73ajdlxzn7ztlvzwuythj95kwnmvwe,,,,998000000,,1618033988749,,0,1,285,998000000,1,0,0,0,0.0777,345000000,1618033988749,0.0
pool1hdug72ukeepdxqxz0new8e3nhq5cykkn3prky9wgrz5tgyf4ty2,,,,86400572400,,10000000000,,0,18,285,86400572400,18,0,0,0,0.025,340000000,10000000000,0.0013
pool1he2mzyycwk9hsp8hp2yr0fn808yzrs3xsdm6gr3qvfjm2z58zm4,,,,26948866434,,0,,0,3,285,26948866434,3,0,0,0,1,340000000,0,0.0004
pool1heks0vmxkfka2amg9c8yn8qdsxvgmzelfx6jhpfkj8ht5mn0r2m,,ADA,,2157539684443,,25000000000,,2,72,285,2157539684443,72,2,1057402949,371727860,0.029,340000000,25000000000,0.0327
pool1helzgcd9sjm9xtyh9mw2wy06gekh6r52s6mx987q0p8lvklwura,,,,5829897429255,,31500000000,,3,175,285,5829897429255,175,3,1801849786,340000000,0,340000000,31500000000,0.0883
pool1her5uyhxcxeyxws60jrft4kkczc2uxyz3z2sq24582z9kvwsng0,,AIVS,,81142270333,,0,,0,9,285,81142270333,9,0,0,0,0,340000000,0,0.0012
pool1hfn7yuwfyhmmqe4qpaxfewuly7cnemc6kqkv5npytj9vcrskh6j,,AMINT,,1269353015948,,50000000000,,3,115,285,1269353015948,115,3,1688843980,385293776,0.025,340000000,50000000000,0.0192
pool1hg8vu74hyaj5qm66ys83c0gmr44j66g2k8s9sns4htw27whsqwf,,FUJI,,2062719440,,1000000000,,0,2,285,2062719440,2,0,0,0,0.01,340000000,1000000000,0.0
pool1hg9yyezrm6dslw9q767n5tlu0qk2ccvd4k9946vv7ymgvsvnttf,,,,97623898,,0,,0,1,285,97623898,1,0,0,0,0.02,340000000,0,0.0
pool1hgksl8y3637f88zhet6g8j8seq2kzp6v2qt4ct2maxaxzt0pmmj,,FMSP,,1058461802,,500000000,,0,2,285,1058461802,2,0,0,0,0.02,340000000,500000000,0.0
pool1hgnu0u6t3cpr8lm642as0968yhazm5fgqh58n7g0dzc9cw7hwy7,,ABOBO,,41787310964,,30000000000,,0,8,285,41787310964,8,0,0,0,0,340000000,30000000000,0.0006
pool1hhlzudyzp80xch7r0vamq58hpdnspagutvgqwptsmr0tk2425vf,,,,572915210,,900000000,,0,2,285,572915210,2,0,0,0,0.04,340000000,900000000,0.0
pool1hht4pctn70tqdsd0zwuxv8d8cz6l5scjzaquty7vamyzy78eqvc,,ACL,,57012925201008,,750000000000,,42,1203,285,57012925201008,1203,42,29153149375,638460157,0.01,340000000,750000000000,0.8631
pool1hhy7qvgc2lmjlwg8z6yag67yjylrquy9hgxwyhgps5e07m8h0ep,,BICEP,,1346339337258,,1000000,,0,110,285,1346339337258,110,0,0,0,0,340000000,1000000,0.0204
pool1hjjj584gq0ynqf06g036a4a0stpm90asrdfskpasqjxf5948ygv,,,,9819948176791,,1000000000000,,4,277,285,9819948176791,277,4,2233847529,390768955,0.01999,340000000,1000000000000,0.1487
pool1hjlkmtquuanfvvumfwsu395gdrmt36kda0x6wwwpz4kqctg5lyy,,STARS,,57548997,,35000000000,,0,1,285,57548997,1,0,0,0,0,340000000,35000000000,0.0
pool1hjpax8lf2hmct63xxrspe9zzmmywcrzw89yg3nacu0axzy0latu,,GG63,,10261924157,,9000000000,,0,1,285,10261924157,1,0,0,0,0.02,340000000,9000000000,0.0002
pool1hjszxsd493fmr99g2d8evnqlrlurscu00n8jv9mz8qm42f7jvln,,RAINF,,2081558351,,999000000,,0,3,285,2081558351,3,0,0,0,0.0399,340000000,999000000,0.0
pool1hk58eyf4gtm54rx3nl7p236wtm2c68dmg2femcrqg9z6qeajcc9,,,,3620147495345,,200000000000,,4,2,285,3620147495345,2,4,2308530352,340000000,0,340000000,200000000000,0.0548
pool1hkklrx9ac7w57d79mnv76rxlgq4acg5ecwhyep7k3zn0u5cz2k9,,AZUR3,,301359682302,,500000000000,,1,10,285,301359682302,10,1,1572983,347541935,0.02,340000000,500000000000,0.0046
pool1hkpgddlnya3pgktj3sxdraa8x8400vhaphcudvym9ye22esak43,,ISP,,36233636407293,,50000000000,,40,150,285,36233636407293,150,40,25448928714,3182478024,0.1,350000000,50000000000,0.5485
pool1hl9tn0qpujfss69h6jr3wepc0e7tuczchpfu7nu4ma006u5scfw,,HISTK,,2566700791,,400000000,,0,2,285,2566700791,2,0,0,0,0,340000000,400000000,0.0
pool1hmsu89xujecvetms68tn2ehfmq7yqvgl6xsf796z4v9ukzdqlp6,,,,31240563968,,25000000000,,0,6,285,31240563968,6,0,0,0,0,340000000,25000000000,0.0005
pool1hmtm4mukp5gs7fgrp0k997lveh4psq9qpeqa6ldugq9nsfcdxmp,,ADALY,,2334054196118,,30000000000,,3,7,285,2334054196118,7,3,1734615501,394346592,0.03,340000000,30000000000,0.0353
pool1hn7hlwrschqykupwwrtdfkvt2u4uaxvsgxyh6z63703p2knj288,,,,368437609741,,100000000000,,0,7,285,368437609741,7,0,0,0,0.02,340000000,100000000000,0.005600000000000001
pool1hnj0zh5putfdnljuqc0s97yuakd9ve22w5l3fkzqj5zmkwnj3e3,,ISTAN,,33870955522,,1000000000,,0,5,285,33870955522,5,0,0,0,0.01,340000000,1000000000,0.0005
pool1hnnfvsq3xlln6vz7d2xmk6kqekd5z4ctmfpdad8g8kr0yk8kdfd,,AZDFM,,641713600,,1000000000,,0,3,285,641713600,3,0,0,0,0.02,340000000,1000000000,0.0
pool1hnp560z9e5acwux8tjguxq36j9r255zuf02u7z2d46dvcf5zhns,,LCP,,2558408692180,,333333333333,,1,126,285,2558408692180,126,1,324392609,340000000,0,340000000,333333333333,0.0387
pool1hntu7agmt8u5j9c20ejen7dvq0jfkvkpnul3mrdd8tppqvwfvt2,,BLOOM,,36600961754729,,1000000000000,,43,1456,285,36600961754729,1456,43,28588387924,1564789891,0.04,340000000,1000000000000,0.5540999999999999
pool1hnxgzyzsyk89gnsnvfuulw63k3r05t4z8yg5lk4gsa0aygj384a,,,,1643170,,200000000,,0,1,285,1643170,1,0,0,0,0.075,340000000,200000000,0.0
pool1hpyxwr3cut3t7mz696zqve54qj55yp6c3jzau83uyg4qyqmchxj,,,,1623624206,,1500000000,,0,1,285,1623624206,1,0,0,0,0.03,345000000,1500000000,0.0
pool1hqlvn3qndgkne52uhe5347nlysmmec73ys9vduk96rs4jzjjyxm,,ETO7,,50699990247526,,0,,52,1,285,50699990247526,1,52,,37288572787,1,340000000,0,0.7675
pool1hqwxta8p0j8ffkyle5mf6yg80tucqzh8q9mszws60xe5ja06nwa,,LUKE,,5822840798530,,150000000000,,7,139,285,5822840798530,139,7,3422365400,340000000,0,340000000,150000000000,0.0882
pool1hr39htmhccu8692uctc3kxaye3jjc6t7366t7st4tvc37sp7gfq,,,,17577359806,,17500000000,,0,2,285,17577359806,2,0,0,0,0.01,340000000,17500000000,0.0003
pool1hr4t5a052rh773vml9pra5planumw2tjn9cg6nsrzq64jdz907s,,,,95574308385,,50000000000,,0,8,285,95574308385,8,0,0,0,0,340000000,50000000000,0.0014000000000000002
pool1hr7pgag6z3sqxrzss6vh28j2d5qgrz884had2p4kuu97uazn2de,,,,1005200114,,1000000000,,0,2,285,1005200114,2,0,0,0,0,340000000,1000000000,0.0
pool1hrfv7z55k4m2q6ghemu56r3zkw7dt5wd5xay5yw7an7p7aw33ac,,WEN_K,,57223552999,,1000000000,,0,3,285,57223552999,3,0,0,0,0,340000000,1000000000,0.0009
pool1hrv8gtrm0dgjg6zyss5uwa4nkruzfnh5vrdkr2sayj7x2nw6mjc,,,,15468506840146,,100000000000,,11,107,285,15468506840146,107,11,7406315242,453189201,0.015,340000000,100000000000,0.23420000000000002
pool1hs92p06tqy5vl8c7lx0dnxwf8exe92450rq99vk3u5sckuc7m26,,,,50134308614429,,1000000000,,46,3,285,50134308614429,3,46,,32986194863,1,340000000,1000000000,0.759
pool1hsq2jrulgj97tna2femdhsfn2wurkkwt8uk9uvs42h9zs0a783p,,JAZZ3,,36449132425885,,50000000000,,30,101,285,36449132425885,101,30,20071929591,1398875842,0.05,340000000,50000000000,0.5518
pool1hsrf8xr4cysmyt0570yt25vjah86773vc99h8ps8r57yvfrf48m,,,,3869934,,1000000000,,0,1,285,3869934,1,0,0,0,0.01,340000000,1000000000,0.0
pool1hsz96n0ptdpfd7mvxju3q27a2zrufvxy04ydyf64l66dqke8uq9,,,,504861371,,500000000,,0,1,285,504861371,1,0,0,0,0.01,340000000,500000000,0.0
pool1htf4qwm5t82mefqkns5p7d5w30rk8xdduty434vchq2hcvwt6ka,,,,289087484635,,210000000000,,1,7,285,289087484635,7,1,90334214,347545542,0.02,340000000,210000000000,0.0044
pool1hty4gkjyf0rgdzvxjwfpf3406d6s9xc56gksx2u9lxsz6yyeswm,,DURIA,,11699540886,,11500000000,,0,2,285,11699540886,2,0,0,0,0.01,340000000,11500000000,0.0002
pool1huyzkfxwnttj7r4530hv7gc5v6mzk75vuzysc75aemu85mae9vd,,TOSHZ,,355824968007,,100000000000,,1,27,285,355824968007,27,1,244362369,347546448,0.02,340000000,100000000000,0.0054
pool1hv3kxx8fl60hkt3g0hfc37wt6vkt9cl26szxsnrjpjgmv3f247v,,,,59969817003,,50000000000,,0,10,285,59969817003,10,0,0,0,0.01,340000000,50000000000,0.0009
pool1hv3yae6keeeu2y7eusejx4swd2myfkurldt7lasn2qu4xk20j8m,,BLESS,,4020450761928,,40000000,,2,153,285,4020450761928,153,2,1078983990,350941803,0.01,340000000,40000000,0.060899999999999996
pool1hvevy8qu5lwg7ul66xmzvwv8zwdgdradsg9ncvrflm7dvy407e0,,HAMDA,,43557435682,,72000000000,,0,4,285,43557435682,4,0,0,0,0,340000000,72000000000,0.0007000000000000001
pool1hvl0yy8vrcuh747hj6eqyh75hp2spdy6263hlrgjmvtwkjxy904,,,,113064599535,,100000000000,,0,6,285,113064599535,6,0,0,0,0.02,340000000,100000000000,0.0017000000000000001
pool1hvxm77j5xuuzx4avrn2jk7desqsr3pxqskfytpxz0e24qjtqayd,,,,2478080,,99000000000,,0,1,285,2478080,1,0,0,0,0.009,340000000,99000000000,0.0
pool1hw3cgyx7tvxh2fpd46k9sqgruu5pfnzt4nxuyv2w7nlmusutda2,,THREE,,4810350888902,,33333000000,,4,86,285,4810350888902,86,4,2411295996,427184343,0.03333,343000000,33333000000,0.0728
pool1hwlghkwnjsjk8370qt3dvp23d7urwm36f95fmxcz3np2kghknj9,,PEGA,,20310012802918,,500000000,,16,404,285,20310012802918,404,16,10794543534,674017821,0.03,340000000,500000000,0.3075
pool1hwnl625swgnlp5w7e8dqz0chlz3kl05tm2lawwy8xq2l5uz5h0y,,,,500000000,,15100000000,,0,1,285,500000000,1,0,0,0,0,340000000,15100000000,0.0
pool1hx6pg79jq9kxvkzcr2kywdrwsjtys8dyt04ay5j60h0rjtxxkng,,,,19569608152,,19000000000,,0,2,285,19569608152,2,0,0,0,0,340000000,19000000000,0.0003
pool1hx8lstpc7aa37u24pq344gu0a5mv8fu4mxpr2xz62gtgsjqpx8p,,ZILLA,,27066411,,5000000,,0,3,285,27066411,3,0,0,0,0.075,340000000,5000000,0.0
pool1hxdcr4u22lytge79hr5hds39e90jsdmhafphdgnn4hlqvl4qlt7,,TRADE,,10227670856,,1000000000,,0,2,285,10227670856,2,0,0,0,0.01,340000000,1000000000,0.0002
pool1hy08gpvzkutxkg3ccxwmkzqaun9cd0styl4dtpqp2yxq2rjxehj,,,,32233622886714,,0,,37,3,285,32233622886714,3,37,24174419507,2304419028,0.075,340000000,0,0.488
pool1hy28g3gywvf25yu6xvfepwa8zhhtkk83kekfdenqujycvqjc96g,,BLU,,165515887416,,20000000000,,0,19,285,165515887416,19,0,0,0,0,340000000,20000000000,0.0025
pool1hysp9sd0h4k8ll8sxnl0k3gqatd9axzjnaxs7488mw9gze40jp9,,,,401810143519,,2000000000,,0,147,285,401810143519,147,0,0,0,0.02,345000000,2000000000,0.0060999999999999995
pool1j099ctc7kcc9fa78dz5qwsy2g0n96lrgletwxvxmyzh4zd7ck0j,,PRIDE,,2803686850947,,10000000000,,1,26,285,2803686850947,26,1,372770282,340000000,0,340000000,10000000000,0.0424
pool1j0pz6ujg38vhsxfhu6dj993xur3ca0h9dq0f0zzwf5s4vru4amq,,,,3005403264612,,1000000,,3,2,285,3005403264612,2,3,181003679,1970137441,0.9,340000000,1000000,0.0455
pool1j22mzxf5x4gw9zltvey3g9nw2d99skasjcm0xl2mtesk54ffy77,,,,880966060,,200000000,,0,2,285,880966060,2,0,0,0,0,340000000,200000000,0.0
pool1j2g7nwksj60fszcz6pxsf2hyzny9ch673en08xjlx05jwxeh2uz,,,,21509937091,,21000000000,,0,2,285,21509937091,2,0,0,0,0.01,345000000,21000000000,0.0003
pool1j3azwphh66wk6efre3ezjjw8mqljqmnxe5qr9tyfmjdq6eqe5fc,,VTRA,,177935758,,100000000,,0,1,285,177935758,1,0,0,0,0.0475,345000000,100000000,0.0
pool1j3d3uglt02kl49cau39rthpwa6xtrtmetj473mse9shrjafpnh8,,,,1674125231228,,100000000,,3,12,285,1674125231228,12,3,1201118989,430563239,0.05,340000000,100000000,0.0253
pool1j3t6mhgndeuzqkpcj6csyxfhsr2fkgwknk6e4tjeeqhnc52fjc9,,7SEAS,,197625306,,100000000,,0,1,285,197625306,1,0,0,0,0.1,340000000,100000000,0.0
pool1j3umdcuxcewcxz98wm3sx5xqwgxx0v7z376xyjfq4jgejpvv8fz,,MASTR,,11621013071129,,10000000000,,13,19,285,11621013071129,19,13,8889427345,384921256,0.005,340000000,10000000000,0.1759
pool1j43qxndehnatgf7ffjwgauca68wx3swr4906d2qprf4dw6tcget,,,,85251736836,,22000000,,0,7,285,85251736836,7,0,0,0,0.05,340000000,22000000,0.0013
pool1j4nkshfytq8tww99ttfwvrmv8n7yq2tvuw0xlphelzzw6vfghwq,,TAPC,,2123859086921,,10350000000,,1,73,285,2123859086921,73,1,376716984,340000000,0,340000000,10350000000,0.0322
pool1j5ukjmhn96jslmcd6k3ymj3vnjf3wpjn9sarhk7m7vtkv7ll2w3,,REDH,,3517607643078,,15000000000,,0,89,285,3517607643078,89,0,0,0,0,340000000,15000000000,0.0533
pool1j6490a90qefvsqxdurf99z9ld50rtthaz9ms6c8xh78s52veuq2,,CETH,,7088217990315,,25000000000,,7,2279,285,7088217990315,2279,7,4513013182,409782044,0.015,340000000,25000000000,0.1073
pool1j6dh3ynys827j38976q0q3s3c9hpzgx40kjcq4472h6m7d3t0hm,,KIND,,12188180236669,,100000000000,,13,483,285,12188180236669,483,13,8629608407,609316967,0.03,340000000,100000000000,0.1845
pool1j6jx6knedgcysdyjcdchlq9hcmhc062jttck9lav7a8aklta6mk,,BNP,,65897291596069,,2000000,,64,3,285,65897291596069,3,64,42813999909,3077917708,0.06,345000000,2000000,0.9976
pool1j6zqawj6f58lp4p00t26eqe58gxx4pa3cudlzpkv23y92nlxjzd,,GURU,,39756924288176,,0,,47,761,285,39756924288176,761,47,32173144529,1219219924,0.024,420000000,0,0.6019
pool1j742gcsul7u8c05rsqmkgpkvj5qadj0pew69nctu6crqy9wjjn4,,BONE,,445487960510,,62000000000,,0,15,285,445487960510,15,0,0,0,0.01,340000000,62000000000,0.0067
pool1j74j54cx4u7pu629hs7tes6d3ffm8hnc8zes2shf7m8q6x0j5pk,,,,46228319063,,12000000000,,0,10,285,46228319063,10,0,0,0,0,340000000,12000000000,0.0007000000000000001
pool1j7cypyjzhcfuy0gsuc2vtd48cpsc0utmqkq09fjlp5dgsjrs7pg,,,,2030740206,,5000000,,0,3,285,2030740206,3,0,0,0,0.03,345000000,5000000,0.0
pool1j7sphrhrqtlj32k3alhnnnp3pfxq0n6mwels9ysnfaw563wpue7,,,,3655415029639,,10000000000,,4,25,285,3655415029639,25,4,2520626422,340000000,0,340000000,10000000000,0.0553
pool1j8355yxxpfuhqyda4lrj8c9cdghaang3wvwge8jq8nlxurvfqv7,,LvLUp,,1136999830044,,20000000000,,2,13,285,1136999830044,13,2,1089687842,340000000,0,340000000,20000000000,0.0172
pool1j8grqucdwwcr0cwzxrtw30vqcptg0jdlrmauq5w7ytvqx6nf5np,,VINCI,,1901505960604,,250000000000,,1,117,285,1901505960604,117,1,331685256,343776723,0.01,340000000,250000000000,0.0288
pool1ja80t0htscp6v6htjr276ycj7v08h5ds6ued7qyr4avzztj8wfz,,,,20127517020,,1333000000,,0,2,285,20127517020,2,0,0,0,0,340000000,1333000000,0.0003
pool1jc24u7v5xsaw9dw6s0vftjat8ssc8ru4c0uhrj8zpm3usnrp03t,,HALO,,62073782426,,3000000000,,0,6,285,62073782426,6,0,0,0,0,340000000,3000000000,0.0009
pool1jcn4al6m62h0dyqcfpvar272dquuqjhfmsyc0uwpaum42l5xp4s,,NTRE,,89965089472,,20000000000,,0,13,285,89965089472,13,0,0,0,0,340000000,20000000000,0.0014000000000000002
pool1jd33dsshcmepweqwmrgn9jc0lqfnammnua8yc2qq9w0txxkawt6,,BNP,,65902570427676,,2000000,,50,3,285,65902570427676,3,50,33377057277,2475563834,0.06,345000000,2000000,0.9976999999999999
pool1jdeg5kn8m77t873vufp9hty99fl0f3huvf8uzylk2ydz50l6a22,,,,4533847303346,,1000000000,,5,88,285,4533847303346,88,5,3153422989,404921063,0.02,340000000,1000000000,0.06860000000000001
pool1jdha0n3hwxk3w94m5jlmf4245zg5xxe4560e46yef6qyc2v3c8f,,AZOTA,,8284488282,,5000000000,,0,3,285,8284488282,3,0,0,0,0,340000000,5000000000,0.0001
pool1jdhjfcu34lq88rypdtslzwyf27uh0h3apcr9mjd68zhc69r29fy,,NUFI5,,35217270020376,,1000000000,,34,2836,285,35217270020376,2836,34,23242277990,1059504350,0.03,340000000,1000000000,0.5331
pool1jdth3p9nesd83n493f4hhtf236ggxakndyjmuhgtdlrgwwkr8um,,,,38140257038,,15000000000,,0,2,285,38140257038,2,0,0,0,0.015,340000000,15000000000,0.0006
pool1jdthgk808h2dtl2a8m2xdu7lefwsc59gmd5k5y27vsw8xlmhhda,,LINK,,2985504,,1000000,,0,1,285,2985504,1,0,0,0,0.025,340000000,1000000,0.0
pool1je2n5smmnyn3lh92xrp8nepjyfp596ypga6pmdecwtcrcj9uvec,,YOADA,,1915571470027,,150000000000,,2,91,285,1915571470027,91,2,1058460379,340000000,0,340000000,150000000000,0.028999999999999998
pool1jeu6mkn43sc8y0yf5jwtfy6g5yc7lmyt3psm2tlue7pfg8deygg,,,,20021821569,,5000000000,,0,1,285,20021821569,1,0,0,0,0.001,340000000,5000000000,0.0003
pool1jeu74g86ys4fekhykqcww99kdsq3nlym8a6kfw8s8ff3vskad70,,KAIZN,,52438250359531,,5000000000,,44,2580,285,52438250359531,2580,44,30315574920,1118253337,0.025,340000000,5000000000,0.7938
pool1jezf7dcx26edfpxmpuh05yen64a9cj44xm2ggsapcxrtqewfek2,,CURRY,,16476411431095,,1000000000000,,14,49,285,16476411431095,49,14,8876409374,606950473,0.0274,340000000,1000000000000,0.2494
pool1jf4f4kr5f8hg0q5jdns7uplkuuvv4qkewnvx6sdsm3c3zeye5r8,,,,3729195804314,,100000000,,4,156,285,3729195804314,156,4,2457902150,390573471,0.02,340000000,100000000,0.0565
pool1jf4kt5qvyx4plvv7gna2y2f7xsjh3mt2szk2ff23ryd8qg826hj,,NEWM,,10989680321051,,10000000000,,7,149,285,10989680321051,149,7,4137073726,527948599,0.04,340000000,10000000000,0.1664
pool1jfpqnr6yepr8g7pvnws7y4wyp0sy543gzypm8zds4dv7szaf9ll,,,,35313466639,,25000000000,,0,8,285,35313466639,8,0,0,0,0.04,340000000,25000000000,0.0005
pool1jg3fmnmc9n52sgzslhhvhye5e3xeqmrwkekdhh82sma47r47zg0,,NUFI3,,21891682733930,,1000000000,,22,1993,285,21891682733930,1993,22,14942490603,802784736,0.03,340000000,1000000000,0.33140000000000003
pool1jg4awqhdz454uylkhwxsnghfy00yz3ehzmz2mq6q5xvsudav482,,,,14926750051475,,100000000,,12,5,285,14926750051475,5,12,8015934155,587951775,0.03,340000000,100000000,0.226
pool1jgwu8lq3dqddnnx7prymcgcyrqy0fdlghg33he2hmw9t2gma3zd,,KIWI,,3377137447010,,175369000000,,3,74,285,3377137447010,74,3,1659939548,376264624,0.02,340000000,175369000000,0.051100000000000007
pool1jh2a2hqz65wdd6d7vmhxyt22ua0m2slugq322yz3qcsvscmqdz2,,,,6024559109,,2000000000,,0,5,285,6024559109,5,0,0,0,0.01,340000000,2000000000,0.0001
pool1jh4caf4afnjdgne8m95addh93e7zf6zlnx0pk5flcvylsps7nsp,,,,999825743,,1000000,,0,1,285,999825743,1,0,0,0,0,340000000,1000000,0.0
pool1jhca0ycgclhc3ae860llt8fwtgvkw4p44m0khs2df5xawk4kx8t,,BTPUL,,18823078251,,0,,0,9,285,18823078251,9,0,0,0,0,340000000,0,0.0003
pool1jhzf2mm6zdlhl6w89uhgx8nq8p6ykcc86qq58vjy0ejyxrrksfj,,LOVE,,46568359593252,,10000000,,53,662,285,46568359593252,662,53,36004208280,1473062779,0.03,340000000,10000000,0.705
pool1jj2hvts3ryffy5txm7w0am3zt7s7sehdf8rrwfesjmr7shv0mgl,,FIDA,,9925542295908,,100000000000,,16,354,285,9925542295908,354,16,10890980785,451355837,0.01,340000000,100000000000,0.1503
pool1jjry6f6q0swaq457ft9eclaxaskvrxnpj0v3w8edsyfryml3vj6,,STACK,,50918495987914,,50000000000,,38,537,285,50918495987914,537,38,26130968164,879375839,0.02,340000000,50000000000,0.7707999999999999
pool1jk25l2pejpdzq8vdjlxrr05th49v9tgd78fqrtxvuw3rumpfc6t,,GROW,,22239819332330,,555000000,,17,550,285,22239819332330,550,17,11303722824,814357604,0.04,340000000,555000000,0.3367
pool1jk9na2mu29wwap6pprs0c98j3rvh4jva95f5m3hxnwq86tk9c0l,,富士山,,3410523664,,1000000000,,0,2,285,3410523664,2,0,0,0,0.01,340000000,1000000000,0.0001
pool1jm220zs5txnxe6nt89hajtm6hwsf902e2dwjrtfuq33uw835g65,,CHAMP,,3564432047679,,25000000000,,5,45,285,3564432047679,45,5,2958335049,404977695,0.02,340000000,25000000000,0.054000000000000006
pool1jm84g92qcju3nvatf5fvxxw9n09pke3292jh3tv82x2t6d5zynn,,MKBRO,,43523893912,,0,,0,3,285,43523893912,3,0,0,0,0.0018,340000000,0,0.0007000000000000001
pool1jm8s3r3xq4kpawavy096rqle964exle3lxwnpvx62wjnwadwd5l,,NARU,,954612885488,,100000000000,,0,112,285,954612885488,112,0,0,0,0.01,340000000,100000000000,0.014499999999999999
pool1jmg0vmtnwzvk6zsle8rcs282slcyumq5pcl8vj0ek2mk5t2lvf3,,SADA,,128196515182,,35000000000,,0,8,285,128196515182,8,0,0,0,0.01,340000000,35000000000,0.0019
pool1jmw0strgchxurvgamymrexjn2lypxslexaz0q7la3078vnple57,,,,21348793323,,10000000000,,0,3,285,21348793323,3,0,0,0,0.03,340000000,10000000000,0.0003
pool1jp3rc7t9chgjhpky4hxqj9zxwrleqz0r8hhqlt5m88gn5tnycn5,,CHINA,,51003944757,,1000000000,,0,2,285,51003944757,2,0,0,0,0.02,340000000,1000000000,0.0008
pool1jp3wtdhgpeu6qf53upw5rupaqwtl7pzvcuuyyn0f8u3xgx5755y,,MARTE,,127516066154,,25000000000,,0,8,285,127516066154,8,0,0,0,0,340000000,25000000000,0.0019
pool1jp67hct7n86tdkr7qxrfh3q0xl973rl6986aawxkrqz6wq4ymc9,,69DN,,433641072816,,1069000000,,0,16,285,433641072816,16,0,0,0,0,340000000,1069000000,0.0066
pool1jpezycd8q3l6a255dv8wt7vpt4aay8llqakdn7vkum5swes4hu3,,BOLT,,1174383224258,,5000000000,,1,194,285,1174383224258,194,1,297386181,351324983,0.03,340000000,5000000000,0.0178
pool1jpf30a2f8t7vsshs5f4whty8fy0rcah8cx5qw0y7hjaj73aulwe,,REAL,,10957374567,,3000000000,,0,4,285,10957374567,4,0,0,0,0.01,340000000,3000000000,0.0002
pool1jpfk79j3vzx3hnpqshl99m90qk3jsj4hg0pmxc8szz4juz8d653,,,,1369055455946,,5000000000,,0,24,285,1369055455946,24,0,0,0,0.03,340000000,5000000000,0.0207
pool1jpsuu8gchpv0zx4vvf49es2da4u0qnth3pvx6w6us469k62qw47,,BHIVE,,584639832,,500000000,,0,1,285,584639832,1,0,0,0,0.02,340000000,500000000,0.0
pool1jpz5m45ff4r6tnq7n5tw63fkhpmw3cyv8sn569w24x8lj3kl68c,,ADP,,5688574029622,,10000000000,,9,398,285,5688574029622,398,9,5812056807,401187380,0.01,340000000,10000000000,0.0861
pool1jq3s8emkm332n7vd3n57amjzspvt3hygh4wqsyp33psugvw7zc0,,,,503345087,,500000000,,0,2,285,503345087,2,0,0,0,0.01,340000000,500000000,0.0
pool1jq7083uth03spzhg5ag6gfgg24ux6fjuhng8vj2wdz8jkukqvcl,,,,5507073133,,400000000,,0,2,285,5507073133,2,0,0,0,0.075,345000000,400000000,0.0001
pool1jq7r3evstu2c040vlry8tgvpwf0mfvft86cxecwjpwcuvvqfu2r,,CCV3,,24543833431686,,500000000,,33,2496,285,24543833431686,2496,33,21975384737,1501622239,0.05,340000000,500000000,0.3716
pool1jqd58lrtl7w7vd999l5w8upxrj22hzc0fx50qx5mgmls63jsrzd,,,,21686660579,,100000000,,0,3,285,21686660579,3,0,0,0,1,345000000,100000000,0.0003
pool1jqdvgk0csfnwftkzn6vyz7fq8s3606uu6k7wa9xrn0jpzg4r304,,,,62008737134,,25000000000,,0,10,285,62008737134,10,0,0,0,0,340000000,25000000000,0.0009
pool1jqfk2y5wked4sjpx9sqxn6dmut8hq2n9qlreymqtpxuc5l38fl0,,,,2004870515,,1000000000,,0,2,285,2004870515,2,0,0,0,0.02,340000000,1000000000,0.0
pool1jql92je87mrx5gpjhmwr6a8a766cktcf5p0p8wd0wxq87nu80yf,,DIGI5,,7902642144099,,215000000000,,8,189,285,7902642144099,189,8,5174487992,393981213,0.01,340000000,215000000000,0.11960000000000001
pool1jqw9cv37w0eewvdr36w2kacd2w9wh5uwm2y3vmc0fmdfc0ax26l,,LIX,,4292800202486,,80000000000,,4,497,285,4292800202486,497,4,2425720495,390466076,0.02,340000000,80000000000,0.065
pool1jqxp8hn0ywdrg3clzha9c2u7qh3zsh68u55wh50vdmecupc5rxs,,,,3182444199,,2000000000,,0,2,285,3182444199,2,0,0,0,0.01,340000000,2000000000,0.0
pool1jr90qgglajrga8pftpt6eevtrpxnznjkg7gvrqnehm64qmg8m7s,,,,108377301325,,20000000000,,0,16,285,108377301325,16,0,0,0,0.02,340000000,20000000000,0.0016
pool1jre4hpk3hwzlzh64nfsjkhe6gp4006sy2v8ktqre2qth7uswrtf,,,,1405846073123,,1000000000,,2,21,285,1405846073123,21,2,263040509,375073986,0.032,340000000,1000000000,0.0213
pool1jrn3nlmzt4r99fh5z450nnwqerwljzn426ffknfs9x8gcqgffst,,,,13863677994,,25000000000,,0,25,285,13863677994,25,0,0,0,0.019,340000000,25000000000,0.0002
pool1jrsmda62uar63wrndmdg3jupdtmmtsxmnqt66r3mm33wj2fd2yh,,,,509766415,,500000000,,0,1,285,509766415,1,0,0,0,1,340000000,500000000,0.0
pool1jrst9acplgqk95469zu68xv5xj802lqxe682jjsd39z26ddj8ur,,8888,,8297770729,,8000000000,,0,4,285,8297770729,4,0,0,0,0.0088,340000000,8000000000,0.0001
pool1js3l2kgut64prz0q0a8px7qtyduclfm3h2kuvrl5gfzmy0waxyt,,Gunda,,16916486,,50000000000,,0,1,285,16916486,1,0,0,0,0,340000000,50000000000,0.0
pool1js570lkcs6t3pwsj3eda0zz43mc5gm922ae5rdxcfn84gu5uyrg,,ASSET,,1667159812353,,150000000000,,0,31,285,1667159812353,31,0,0,0,0.02,340000000,150000000000,0.0252
pool1js763t3yw63ffsxqpume8974z03hdlm4nddnezhfla6dskln37v,,MYC,,1105339129,,14000000000,,0,1,285,1105339129,1,0,0,0,0.01,340000000,14000000000,0.0
pool1jslaut45plz6ek7grjyzxz6kzgerr7p5204h9sprh3msw6d8yht,,,,17118516065723,,60000000000,,22,156,285,17118516065723,156,22,15226770644,494397635,0.01,340000000,60000000000,0.25920000000000004
pool1jst7rrhucnp93hepezv5yqy6fx982xs2v0udwfc5ea6my3kfak7,,ESTK,,49300478915265,,1000000000,,45,13095,285,49300478915265,13095,45,30390414264,1340661156,0.03,400000000,1000000000,0.7463
pool1jsv2hveu0n6sw7zesdcmc8cfle2xp5w7ma6qlt4xvh62cxly5wc,,BNP,,65884718740287,,2000000,,58,8,285,65884718740287,8,58,38774307426,2815066047,0.06,340000000,2000000,0.9974
pool1jsxk3ymqv2gdc6mhqk52544g2aun4zhq5wgx6n32l5s3jlne70n,,AKYO,,2960221087990,,1000000000,,3,18,285,2960221087990,18,3,1787793931,340000000,0,340000000,1000000000,0.044800000000000006
pool1jt7d6ak3m8gnjyxtuxfswe258xzwda80ndl0a57vv5m2zv8h6at,,CARDs,,8413262352516,,1000000000,,9,5324,285,8413262352516,5324,9,5832568821,461956374,0.02,340000000,1000000000,0.1274
pool1jteau4duu849z6udwkam2jzppe2zd3lwlyp05r37lguj2c2v8hy,,,,1683440801,,1000000000,,0,3,285,1683440801,3,0,0,0,0.01,340000000,1000000000,0.0
pool1jtwq2ned2ggxmef07zq6legsa8vjntje04rkhwa325n6j5689an,,,,257757233364,,500000000,,0,1,285,257757233364,1,0,0,0,1,340000000,500000000,0.0039000000000000003
pool1ju00mkurj9t920staddyd3ln9r98kktx38jrer0zp82eg8x36jf,,,,114848902,,5000000,,0,1,285,114848902,1,0,0,0,0.02,340000000,5000000,0.0
pool1ju5tzz5jdszg47fcuhzjq5e3nk6mays73d5csskr4lfucg397c3,,,,3660289835795,,2000000000,,4,36,285,3660289835795,36,4,2497699655,365284557,0.01,340000000,2000000000,0.0554
pool1ju8f57hyvaa32tp85r468kuedvmjmcy56f8u9968drea57p50l5,,AICHI,,49545000167628,,100000000000,,52,435,285,49545000167628,435,52,36691361103,524826999,0.005,340000000,100000000000,0.75
pool1jufp9k6gmyusvch65ra8yk2s7wu6cx5fsgnltl83p93ejg6h3xg,,FUND,,3181318279095,,500000000000,,2,197,285,3181318279095,197,2,918421215,340000000,0,340000000,500000000000,0.0482
pool1jug4sp78wkx4fd90vh2ljaq5xqvv6kksjg4ckz7c68ga6fllyvu,,AYMAN,,19188274570,,10000000000,,1,2,285,19188274570,2,1,175115356,351313105,0.03,340000000,10000000000,0.0003
pool1jv4yvr5edp7qp690hk3qfudwmw28n2wygjxyhaecqkzeqh0wlem,,WEED,,108277991004,,420000000,,0,13,285,108277991004,13,0,0,0,0,420000000,420000000,0.0016
pool1jwdy9q7jagvh32lckh2ycs4vcvefmjah897runp39tw8glalwzv,,MCTS1,,3455496837,,500000000,,0,5,285,3455496837,5,0,0,0,0.04,340000000,500000000,0.0001
pool1jwgt6tydz6f4kw7la2hxxqwzq0m8spj3reyju08nm07xjnlg3d0,,,,12113861972953,,0,,16,4,285,12113861972953,4,16,10259524407,1175005526,0.075,340000000,0,0.1834
pool1jx4ss2zjage3cw0wht3450328y82yeprmq4fr3e2qtac2rhezkv,,ZZZ5,,51527709096563,,50000000000,,49,268,285,51527709096563,268,49,32760513932,2066910458,0.05,340000000,50000000000,0.7801
pool1jxddxmgd8w7wv5tqjuv7cmh5qyegwwzt6sxjt0pw4ayn2u53ret,,,,505846488,,500000000,,0,1,285,505846488,1,0,0,0,0.1,340000000,500000000,0.0
pool1jxv3my3c70e8pfr0cgm6esatehey2ml3v0qk8x236aw32eu0fcy,,COINZ,,347038672865,,100000000000,,0,19,285,347038672865,19,0,0,0,0,340000000,100000000000,0.0053
pool1jyutduy73e5u9877uns3k9rm0tf4r24j8lrn4xtkjpl3q5sn5mw,,KOALA,,7040487603790,,500000000,,5,238,285,7040487603790,238,5,3026760750,401831351,0.01902160583104,340000000,500000000,0.1066
pool1jz4vmzq5zkedem6wep8c99fxatxgvymlvdzs9qxxn7xsuv4m8um,,,,6001245,,100000000,,0,1,285,6001245,1,0,0,0,0.01,340000000,100000000,0.0
pool1jz5ljsnj4fzmk84j0wcw9ldy866dn07nzqg2ktyuyjvfvr3jgtq,,DIGI4,,36267338747456,,215000000000,,30,515,285,36267338747456,515,30,20522230833,869882407,0.025,340000000,215000000000,0.5489999999999999
pool1jzext4easy3qp2zzly9aqx7fl9p6wyasmjfkywxxsmq2jcx2pwt,,CNUK2,,220881805672,,50000000000,,0,30,285,220881805672,30,0,0,0,0.01,340000000,50000000000,0.0033
pool1jzk8rwf2fs5l02dmm6pm5tnw9stmd8jpmvsy54085vu2u2656re,,ETO11,,65000027647561,,0,,56,1,285,65000027647561,1,56,,40156924539,1,340000000,0,0.9840000000000001
pool1jzzwh6cpressu62sdzn5l2yrmtz7mf2l4jnhzpa47sqxg8e9xkh,,DOC,,106384750309,,75000000000,,0,6,285,106384750309,6,0,0,0,0,340000000,75000000000,0.0016
pool1k0d5szkmzsw6035ytsm8dv75d4ewu5gkm7c7dhsjug9uvkaunz3,,,,96634341,,100000000,,0,1,285,96634341,1,0,0,0,0.15,345000000,100000000,0.0
pool1k0h45kcsfynjfyplgn6qpaw40n3cvlcrdryez04x40ayq6w9dgh,,,,7054091,,100000000,,0,1,285,7054091,1,0,0,0,0.2,345000000,100000000,0.0
pool1k0sdhxunrkpv6dqdhhn3wkul8ytxhskt9erw94h66xe46nsqp0c,,ON1,,1256711289574,,500000000,,1,10,285,1256711289574,10,1,373067131,343770896,0.01,340000000,500000000,0.019
pool1k0ucs0fau2vhr3p7qh7mnpfgrllwwda7petxjz2gzzaxkyp8f88,,POLY,,16240718220952,,1000000000000,,14,511,285,16240718220952,511,14,8849997903,340000000,0,340000000,1000000000000,0.2459
pool1k0uv5fhsr74we0w7gfkv6m7r9rfpvgz2u7v66ppe0vxsvj0pzvt,,,,619446385,,100000000,,0,2,285,619446385,2,0,0,0,0.9,340000000,100000000,0.0
pool1k0xa8wlsntmjhtw2shj3tspqd4kjyquw9tuyx5s7zz5jsyw4y2p,,WMOPS,,16885477920408,,150000000000,,9,786,285,16885477920408,786,9,4732353291,340000000,0,340000000,150000000000,0.2556
pool1k0xrqp03mn9u3q3sadndd6vu9udl5v38xpzyw0shm8sskuxw2av,,JP2,,57659611448635,,50000000000,,52,160,285,57659611448635,160,52,35073744180,2187851673,0.05,340000000,50000000000,0.8729
pool1k3q59pcnugrhmlr37kdrhfu045pwcxmuram8aj7v225wxj4r3t6,,,,57810925,,10000000,,0,1,285,57810925,1,0,0,0,0.02,340000000,10000000,0.0
pool1k3qcz2ruwtgv0vduu6jhzu7d7uu6ca7sxz7lc3sxzwxay98k842,,BNP,,65814752067147,,2000000,,58,6,285,65814752067147,6,58,38769347948,2819766047,0.06,345000000,2000000,0.9964
pool1k3sjc2sypvtrgne7gc7mlgv5pfu2pn4zdlyky9tkxzmckcp9mxr,,,,1070532056339,,100000000000,,3,17,285,1070532056339,17,3,1586122295,394364513,0.03,340000000,100000000000,0.016200000000000003
pool1k3wpsc8q8za2qeptx5kv73r76hs5gvp59gga6ad6u5hnj3scy3q,,CPU,,15236387393595,,4000000000,,16,50,285,15236387393595,50,16,10874197280,562697398,0.02,340000000,4000000000,0.23070000000000002
pool1k4ejdzlnd83l8f8xm5t0m4uv5q0tzexpm23f6cg7lzzayrquzqw,,MS8,,57818333614249,,30000000000,,51,115,285,57818333614249,115,51,35309059978,1245911596,0.025,340000000,30000000000,0.8753
pool1k4gwt0kxzpzz60needzsqsqng5jp9flmwcdxhs4pjvgrv6m400y,,,,26248154941,,25125000000,,0,3,285,26248154941,3,0,0,0,0.0085,340000000,25125000000,0.0004
pool1k53pf4wzn263c08e3wr3gttndfecm9f4uzekgctcx947vt7fh2p,,VAULT,,1164668701828,,10000000000,,1,45,285,1164668701828,45,1,360523101,340000000,0,340000000,10000000000,0.0176
pool1k63gzudxnchvnj5c0t6s2vurqu8ke84uplr7nemknzpl2w37vn3,,,,27751653463,,25000000000,,0,2,285,27751653463,2,0,0,0,0,340000000,25000000000,0.0004
pool1k6altfangsst2mmxg8a9wvg3dppyszu8ckfzd3uv6azgw3z2txy,,ELITE,,4422998586010,,300000000000,,4,255,285,4422998586010,255,4,1905349266,340000000,0,340000000,300000000000,0.067
pool1k6jheduzrrahqc3nt3htpqhphne74l224fc45yqzqfg9j2j2qqc,,,,94208796497,,5000000000,,0,3,285,94208796497,3,0,0,0,0.01,340000000,5000000000,0.0014000000000000002
pool1k6knum588fm9fe5tmljeytyx65rv6h5jn8au824t86zt62nyd9e,,ZONE,,17898738314520,,0,,21,315,285,17898738314520,315,21,14196814822,487523226,0.01,340000000,0,0.271
pool1k7asvr2vd28jxw25fsh9pxckt5ykadhn8ua4x88vu39dzquvqvh,,PRIZE,,356879460825,,300000000000,,0,11,285,356879460825,11,0,0,0,0.018,340000000,300000000000,0.0054
pool1k7ku4sqvepztwqfvqj7wjadcsw96mancwyf8spty9tm0jfnwls9,,,,20878708022,,20000000000,,0,3,285,20878708022,3,0,0,0,0.01,340000000,20000000000,0.0003
pool1k7phpkumqxxvvf5rg690xg5u2vnqmh2sykl0l0h3z0692lzx3hq,,CXPA0,,18916555161,,25000000,,0,8,285,18916555161,8,0,0,0,0.005,340000000,25000000,0.0003
pool1k8l84smxjczp2mpqmn7qsd23j7h4vd7rwagdscsrjecvgplkmw8,,,,1000000,,600000000000,,0,1,285,1000000,1,0,0,0,0.02,340000000,600000000000,0.0
pool1k8mxlherc4vmfk9pmxs0rk27qmu3sqy0gsdck4gwduz57xsepak,,LOFI,,32616871712,,100000000,,0,9,285,32616871712,9,0,0,0,0.01,340000000,100000000,0.0005
pool1k93a7tazk6uhy0pe26pau9hthyn9kmtdcdl9er5kw9w82fl5j2w,,LIFE,,546818694398,,450000000000,,1,7,285,546818694398,7,1,41628571,363617860,0.05,345000000,450000000000,0.0083
pool1k99yncea8tq9pfeks3yymyj6fwjf4apx0s490j09m4y66vtyufr,,PUMP,,1985845548514,,6942000000,,3,205,285,1985845548514,205,3,1745380195,340000000,0,340000000,6942000000,0.0301
pool1k9akj380hxlhv4qksmtwdffarag6y05qc6vehdzalyqwyw3388v,,,,20499622050,,20000000000,,0,1,285,20499622050,1,0,0,0,0,340000000,20000000000,0.0003
pool1k9xjmvud972vng83669mkveaedteaprnfflqv047y66ugtqjyyq,,,,498625042,,100000000,,0,1,285,498625042,1,0,0,0,0.15,345000000,100000000,0.0
pool1ka8q6my2a5fennpr2nmrj5yzma27d2fkev8lmpfq90kxzjszwgm,,,,366625702,,100000000,,0,2,285,366625702,2,0,0,0,0.02,345000000,100000000,0.0
pool1kadxtp5d8lf4s0jz8qens8gsfsptahf6s0ynjtvjussmzvzzk8a,,META,,266232180410,,200002000000,,0,14,285,266232180410,14,0,0,0,0,340000000,200002000000,0.004
pool1kccqxg032r6dcqqpvmv87azttcug5ug6cur9pa7qkuwc5ze4pxa,,HUDO,,1007623194,,0,,0,1,285,1007623194,1,0,0,0,0.03,340000000,0,0.0
pool1kchver88u3kygsak8wgll7htr8uxn5v35lfrsyy842nkscrzyvj,,STKH1,,51516032648370,,50000000000,,47,272,285,51516032648370,272,47,32701732471,940811606,0.018,340000000,50000000000,0.7798999999999999
pool1kck3hegpzrc96s29x8egn6jmrajdrvslqldyl09sntu2sw4urst,,ANMNT,,132166522,,100000000,,0,3,285,132166522,3,0,0,0,0.01,345000000,100000000,0.0
pool1kcnh9avc9jgelajcja7y6wsvjdaulkqj02azcszjvm3pwmksr0l,,MS7,,59772239725634,,100000000000,,61,167,285,59772239725634,167,61,42261558587,1425555335,0.025,340000000,100000000000,0.9048999999999999
pool1kcwfpv65agclgu9p6eetn6x4q0zexzgr5v2cl9255qlwjjqr56v,,,,1773860,,10000000000,,0,1,285,1773860,1,0,0,0,0.01,340000000,10000000000,0.0
pool1kdfrzk74f4salnv0679z4f8nurxgau6zh9y4gedskzevuxdt8xe,,,,166428904488,,1000000000,,1,14,285,166428904488,14,1,316484527,340000000,0,340000000,1000000000,0.0025
pool1kdfznpenxa9wwcz8tweump45k5h78h8hl4slv78fdypsug9ypc6,,DOW,,6648557757491,,10000000000,,5,9,285,6648557757491,9,5,3241554524,343245449,0.001,340000000,10000000000,0.1007
pool1kex5e83gzs7v84zjh6hpuglaalrn4qqdxykesap3q7v7y8rn22d,,BAMBO,,9217427985,,100000000,,0,2,285,9217427985,2,0,0,0,0,340000000,100000000,0.0001
pool1kez2gdqpwq2d3xd5k5q4enea59sp8tmgqsyt0rtmgxvuyykz8qg,,CSPS1,,87411595581,,35130209624,,0,5,285,87411595581,5,0,0,0,0.04,345000000,35130209624,0.0013
pool1kffetqjt06qvk4995tz3e3q9h3c8cdq9eedrz8qr3ynnc63qckz,,LUNA,,2005978886451,,1000000000,,0,115,285,2005978886451,115,0,0,0,0.03,340000000,1000000000,0.0304
pool1kfu02878dsz2l2pml9r42fvh32l4zn3msjvgfx077q3yx2xgul8,,WOMEN,,353701137909,,25005000000,,0,38,285,353701137909,38,0,0,0,0,340000000,25005000000,0.0054
pool1kg8fqjwsunsy0rk05pn946fzwrcm0ds9dhtllqwzvc822l6utk0,,,,105890680318,,1000000000,,0,15,285,105890680318,15,0,0,0,0,340000000,1000000000,0.0016
pool1kgwaa6fhpaqu8v4hrk35lzjhjsa6typ55ammszhd2q7zkxv5v40,,BNP,,65885137039654,,2000000,,60,5,285,65885137039654,5,60,40122240363,2901116601,0.06,340000000,2000000,0.9974
pool1khgrpe9tann7ywfppvd0zn46jyd03yqnaea98hnhqunewechx5u,,,,814889029687,,25000000000,,0,6,285,814889029687,6,0,0,0,0,340000000,25000000000,0.0123
pool1khku6wh5mh3xprdw3crqye0mzwzhk3cxzv2unnusa0c0sjqac2g,,,,59960108334,,25000000000,,0,6,285,59960108334,6,0,0,0,0.03,340000000,25000000000,0.0009
pool1khwvmpepwln70f9yqfcj858mud577tg5j8rg559m2k49z7xj5lg,,PCPC,,389836021,,1340000000,,0,1,285,389836021,1,0,0,0,0.02,345000000,1340000000,0.0
pool1kjcnrqhv5dqds32qy8qsc8ffswy20kwvf04f73td3nuezvgl9nn,,2six4,,197023084198,,100000000,,0,20,285,197023084198,20,0,0,0,0.03,340000000,100000000,0.003
pool1kjd9ff9u5ytq4atavv2dfsg3pvxqw8d50642pzmpn386zel0ka8,,HASH,,12948797054177,,101000000000,,11,62,285,12948797054177,62,11,7138381180,642204322,0.04,340000000,101000000000,0.196
pool1kkfkdces5mdcyc9dn2hgg3463jggjvw3h89nejjarkz25uavaqu,,1PCT9,,43620244476973,,50000000000,,44,489,285,43620244476973,489,44,30761516727,652439994,0.01,340000000,50000000000,0.6604000000000001
pool1kkmk9dnzrrjtnsejttydecmq63x4dpkln70yfledaednj7mf7rk,,LUM,,1722790870006,,2000000000,,1,7,285,1722790870006,7,1,152112760,407568439,0.0238,400000000,2000000000,0.026099999999999998
pool1kks6sgxvx7p6fe3hhnne68xzwa9jg8qgy50yt3w3lrelvns7390,,lido,,54965233121,,1000000000,,0,18,285,54965233121,18,0,0,0,0.04,340000000,1000000000,0.0008
pool1kkwd6say8twq3z9e36v57adw02j2x52ascd6eumxy5zd66qm4fa,,NDE,,236369090621,,10000000,,1,35,285,236369090621,35,1,365085961,351312638,0.03,340000000,10000000,0.0036
pool1klgdy2s253lys70su3k8nhdct4yg8mucrms038p0ugxvk6ajxwr,,DGAIT,,499244057,,480000000,,0,2,285,499244057,2,0,0,0,0.01,340000000,480000000,0.0
pool1kllc67fn00yqpffw8e9dqnlcaa733h9u5nwx97vhtjlw2t5e56j,,KEEN,,9892022,,1000000000,,0,1,285,9892022,1,0,0,0,0.015,340000000,1000000000,0.0
pool1klq8yy3rr6k4ez7uwkzz5ku3yuym3eeg6g2ne3p9f4hnzfycfkl,,,,32254538190253,,0,,29,2,285,32254538190253,2,29,18882727486,1874166265,0.075,340000000,0,0.48829999999999996
pool1klwddp9hysrplwmkaa8h3d65rg9qtz4hhpsw7uvz3e0pj8r3lrg,,PECHY,,266456398021,,25000000000,,0,13,285,266456398021,13,0,0,0,0,340000000,25000000000,0.004
pool1kmauk27t4lcgwz8u2gqldveur74s8nzjt24had305ugc2uy8d4j,,,,16495349014,,1000000000,,0,5,285,16495349014,5,0,0,0,0,340000000,1000000000,0.0002
pool1kmsr376syqkluhxvv8k2axugqw7unjmlkwhfxjxtj7cw7qcn0jn,,,,22629073472124,,100000000000,,24,318,285,22629073472124,318,24,16466548560,677554726,0.02,340000000,100000000000,0.34259999999999996
pool1kn059wyuuff0srprtvufv327th542l4c25e5hhcmwlsjymwr32d,,,,504683670,,500000000,,0,2,285,504683670,2,0,0,0,0.02,340000000,500000000,0.0
pool1kncthgd5fqw8d7hpz08wnmpdqh0e88s5trgl97palhsgj5h3xen,,XSTAR,,627727271354,,100000000000,,0,55,285,627727271354,55,0,0,0,0.03,340000000,100000000000,0.0095
pool1knwd92dnngrypyvj3egguuxtl8g8elxarlvaqsyjewvh7sjla2g,,,,16419455969,,14009822531,,0,3,285,16419455969,3,0,0,0,0,340000000,14009822531,0.0002
pool1kp7au7kju3v23yth6nsse4jhxzweud48nmc7m6akpdq57ztq4zv,,,,63942858901003,,63000000000000,,61,1,285,63942858901003,1,61,,55847010479,1,340000000,63000000000000,0.968
pool1kq95y8auvg8s5t7u7vjryewj2wewxrzqmgkpwtw94dryqx0xcwt,,PROTO,,17144100062,,5000000000,,0,3,285,17144100062,3,0,0,0,0.01,340000000,5000000000,0.0003
pool1kqnkeu8uyxg3welmvk9w8046dg8xs4qq77s70ljr2zsegw8lwr8,,,,37237676,,10000000,,0,1,285,37237676,1,0,0,0,0.001,340000000,10000000,0.0
pool1kqpy3de52m07versalrkqd57w2qh5cze3wupwrgx39m5gvtkjct,,,,583789929,,480000000,,0,2,285,583789929,2,0,0,0,0.01,340000000,480000000,0.0
pool1kqrsr700m267q9tz4pw4rjeg69nkahk5wuy3kkw479y56fqfy9t,,,,3311297242,,3250000000,,0,2,285,3311297242,2,0,0,0,0.015,340000000,3250000000,0.0001
pool1krznhwu3h5pu2stuslr53z5rme50t6384macsmylcnljwc7yjky,,LEAF,,26873845104018,,150000000000,,26,280,285,26873845104018,280,26,17841465704,706338735,0.02,340000000,150000000000,0.4068
pool1ksazs9mzcuyr3mfrvw48dc5wkgsjceztakymmv7jpxle7l2nfs0,,TOAST,,14533340835457,,50000000000,,15,1010,285,14533340835457,1010,15,10104106633,443533250,0.01,340000000,50000000000,0.22
pool1ksfzungz56vxa9sy6hr54v5hf6qx8rmcu6734gqm3qlxucveed6,,EUSKL,,218795178772,,5000000000,,0,52,285,218795178772,52,0,0,0,0,340000000,5000000000,0.0033
pool1ksh2u6kktx74ugv8jadrdqttwyjz9074ke82xt6j0qgfvdn43a5,,,,5351080092127,,1000000000,,7,260,285,5351080092127,260,7,4013202971,386941267,0.01,340000000,1000000000,0.081
pool1ksh2zpeeqe0rpcug63up5l66g3kr5vf58jraeun82rur6m4g6xz,,TRUST,,774296692553,,200000000,,0,29,285,774296692553,29,0,0,0,0.005,340000000,200000000,0.011699999999999999
pool1ksrg8a964464las0ymw88slrwxkychjz9lh09lqltu5m7nw3pq0,,QUEEN,,30914131313772,,10000000000,,22,1608,285,30914131313772,1608,22,14512560492,510473633,0.011,340000000,10000000000,0.46799999999999997
pool1kterawv22xya864tqjy9pq2ftmuptlggywtqt3p7adexg7qyl6u,,INDIE,,1078465069254,,10000000000,,1,26,285,1078465069254,26,1,19305776,352830714,0.034,340000000,10000000000,0.0163
pool1ktg9hvae8kluwnr29khma3mxd7ffjj9k5l0yjdqlmazjclv4j3d,,,,2618354,,500000000,,0,1,285,2618354,1,0,0,0,0.075,340000000,500000000,0.0
pool1ktgug7wwf9k4hcsuk68ftkh8xs5n0333fzxyw9sagz8njhlskgm,,TREE,,1994360401277,,122000000000,,5,52,285,1994360401277,52,5,3040865773,340000000,0,340000000,122000000000,0.0302
pool1kv53mzjwqjp4aw48rczj8vm6hejwfnfwa634czyx5tw5qq3tata,,GRC1,,15055036696295,,46000000000,,13,31,285,15055036696295,31,13,8863337873,429775020,0.01,340000000,46000000000,0.2279
pool1kvd03hq8kp0hnxq9lq598a5amrvauj9m386rwx7ydawvjdskwnh,,CAKE,,2225591699017,,500000000,,1,205,285,2225591699017,205,1,357590706,340000000,0,340000000,500000000,0.0337
pool1kwc5wf94ly3jalgp43svkpsaqvf439qx5np3ty4q08vz7syv6kp,,,,4506128988,,3000000000,,0,5,285,4506128988,5,0,0,0,0.01,340000000,3000000000,0.0001
pool1kws3qltazad72c4r0t9qd2ss86zcezzmq04nkx8eg85960ld5t4,,,,3538520386,,500000000,,0,2,285,3538520386,2,0,0,0,0,340000000,500000000,0.0001
pool1kxedw6c34730h344lz0s0z6848005qrs096l8l2whcwly3rcl27,,,,1439534,,0,,0,1,285,1439534,1,0,0,0,0.075,340000000,0,0.0
pool1kxfg47ms0mlszthp5j8uqpmqp6575j0nfusqne5sd7ggy3ntlsz,,WAVE,,4040553687,,2000000000,,0,2,285,4040553687,2,0,0,0,0.01,340000000,2000000000,0.0001
pool1kxfvv8e8u9crfgy3fp89hlchehutrjq9wv7hax7dxs3lsjuw9kc,,,,72001708301,,50000000000,,0,2,285,72001708301,2,0,0,0,0.0099,340000000,50000000000,0.0011
pool1kxsrst6skutusnkng7pj3mucwftp686wzkqxthglwdz0v8s6teg,,VERVE,,5855502124,,5000000000,,0,2,285,5855502124,2,0,0,0,0.0314,340000000,5000000000,0.0001
pool1kxtzkv3ylyc48hgjqkwe93q2vkx67vgzag9tvqfalhwsjs43w9u,,ADAAT,,82854509082,,160000000000,,0,4,285,82854509082,4,0,0,0,0.005,340000000,160000000000,0.0013
pool1kxzfswkhgcmyahh6lfjpy5uxh75qzsnlyprh3450av9jghsda89,,,,12621038,,5000000,,0,1,285,12621038,1,0,0,0,0.03,340000000,5000000,0.0
pool1kyn4xguhrd600j4y9kvksptzjk8k4hz5rdcrxx3qw3jksuwjnwz,,,,2488192396,,100000000,,0,3,285,2488192396,3,0,0,0,0,345000000,100000000,0.0
pool1kzf7zw2y05e7lyd7ht0nluh39fzmurm2wuvshvut6l6twu0el44,,キティ,,588723980163,,4000000000,,0,3,285,588723980163,3,0,0,0,0.01,340000000,4000000000,0.0089
pool1kzx3c62vymxv7grsq94m4dg24xzdnngajar6hfv8gvhsuzljygj,,SIR,,547488305,,500000000,,0,1,285,547488305,1,0,0,0,0,340000000,500000000,0.0
pool1l06jygvntdfqt77td6g5rp9s4nycue0vq837jmrygyktke23pcy,,NVSTX,,17326775133771,,10000000000,,17,337,285,17326775133771,337,17,10489052789,923816594,0.05,340000000,10000000000,0.2623
pool1l0f7d56gwgdyct6vev88mnuf4ankx2fpm53plr8g6rd6zxz6del,,,,17208422822307,,5000000,,12,72,285,17208422822307,72,12,7864353946,422917539,0.01,340000000,5000000,0.2605
pool1l0pmgdsymmdntuyan4snj88q8nm9axemwefu5ymkuq2s6gr90cn,,SWIM2,,9740101508162,,0,,8,337,285,9740101508162,337,8,5252759317,420833879,0.015,340000000,0,0.1475
pool1l0xxnn5vmlyu60pdjcrx2740048r8swj9jv6ks2n8umezp2jh62,,,,8126227033477,,30000000000,,8,18,285,8126227033477,18,8,5238154468,474937051,0.025,340000000,30000000000,0.12300000000000001
pool1l29evaq9jz5k8r5t2jx2q7vjcamwlk3754h4p7xen0mn6f3le20,,GREAT,,283339833692,,100000000000,,0,6,285,283339833692,6,0,0,0,0.03,340000000,100000000000,0.0043
pool1l36xrzcwh9pqtlgmea66cqv0z6z2lvgse3nce50xajcnqzyuwg9,,,,1756357096696,,100000000000,,0,76,285,1756357096696,76,0,0,0,0,340000000,100000000000,0.026600000000000002
pool1l37xvdpcl49kr3wscpjp9pr854g06nnjrlndtu3h7k6pvfapgap,,,,58850710995185,,1000000000000,,46,104,285,58850710995185,104,46,31318575699,1158516741,0.025,340000000,1000000000000,0.8909
pool1l3rf0h8s6fdw8g4vy8qg7fw3wwj8jdm3hg0wwwycnvj8xcl2ps8,,WALL,,3669073138,,1000000000000,,0,7,285,3669073138,7,0,0,0,0.012,340000000,1000000000000,0.0001
pool1l3u6jww4npkx2e0utcsmkhwjjgnp43w62exrqwzm8wudg0457e5,,ACE,,194324908240,,0,,0,6,285,194324908240,6,0,0,0,0.01,340000000,0,0.0029
pool1l4gza884cpv5868j2rjfvxmg795u0p4sgsf5cer4nv88k8gu6wv,,HORSE,,2600831930,,0,,0,1,285,2600831930,1,0,0,0,0.02,340000000,0,0.0
pool1l4synes9s3swlf5r5rsfpede3582r4km2wd94xctceyaudv9zx3,,STAYK,,244669489432,,3000000000,,0,53,285,244669489432,53,0,0,0,0.01,340000000,3000000000,0.0037
pool1l54esv8h5xjry9ms3jq4mnf49vwt3yuxl5fdudp7jpdx2swuaah,,,,19453176,,4700000000,,0,1,285,19453176,1,0,0,0,0.01,340000000,4700000000,0.0
pool1l54qvzlg2jfalkcram9kxsa8vcmgy0fz845q5gptjq8k20kzg2r,,RADAR,,15190349823443,,100000000000,,13,14,285,15190349823443,14,13,8837327137,429863526,0.01,340000000,100000000000,0.23
pool1l5jfc3zv4nue29uqh32fvz9khstd24azmxjltus3s90ckzw37p8,,PLRS,,55886648,,50000000,,0,1,285,55886648,1,0,0,0,0.01,340000000,50000000,0.0
pool1l5kwfudnqrhw3k4lwzcppu36nun9puvvr7xnanuz8a2zx4jaek5,,ADOPT,,4957378040093,,250000000,,1,218,285,4957378040093,218,1,357759449,355844459,0.042,340000000,250000000,0.075
pool1l5t2lytxxx7jn0ujd5ssmfzaf24g2gjzjeddqmqjgun0z7r3gwv,,AFRIK,,3498876882334,,101000000000,,2,39,285,3498876882334,39,2,1038555817,361884589,0.02,340000000,101000000000,0.053
pool1l5t63fc4c5gd35mc7ynj7pfvpjwhny0fp6v96jawpurmj5nnyyv,,KNYN,,110864824595,,96000000000,,0,2,285,110864824595,2,0,0,0,0.0095,340000000,96000000000,0.0017000000000000001
pool1l5tmww2aqkhl3lfcrced6xpsd30pzx65p6v4e48v29g4jtlvf3d,,,,2621434,,100000000,,0,1,285,2621434,1,0,0,0,0.15,345000000,100000000,0.0
pool1l6aeyn35nkqkn9lqqlwqnpraakdzuukjrqprcrj3sctk6hhe32k,,OYSTR,,2792153794369,,400000000000,,5,249,285,2792153794369,249,5,2486369685,436913093,0.03,340000000,400000000000,0.042300000000000004
pool1l6hkustv67tynh66w46mys94wsxhwddgp28k3r5twwlsv80uw0k,,CASCH,,1244176458314,,50000000000,,0,34,285,1244176458314,34,0,0,0,0.025,340000000,50000000000,0.018799999999999997
pool1l7280wqes4sqeyt4jer5wadyhhu656najdw74cqhlzg9y9qf4dk,,,,1847010,,0,,0,1,285,1847010,1,0,0,0,0.075,340000000,0,0.0
pool1l7elukrgntsdwrt0hyu6sshw0rk05y82k4sjwse8u79hkhf862z,,BNP,,65872213776861,,2000000,,67,8,285,65872213776861,8,67,44840511884,3202293537,0.06,340000000,2000000,0.9972
pool1l8dhyusppgl08l83am4tx78mejas3lyeshlwcfnkknxpzv8pssp,,,,52551771536,,10000000000,,0,3,285,52551771536,3,0,0,0,0.01,340000000,10000000000,0.0008
pool1l8myd66tqjk75kh7uk9k8nyl20sd4qs33s4tzzn927ujyl7ahyk,,KURD,,2104898169875,,500000000,,0,103,285,2104898169875,103,0,0,0,0.03,340000000,500000000,0.0319
pool1l92x52u37neuc2w38wrgeu3esu9qzddmzvkvyuf9vfk5gav8nxl,,,,106390212072,,100000000,,0,11,285,106390212072,11,0,0,0,0,340000000,100000000,0.0016
pool1l94sgzqe8902rg87s3w6qxq78xwmny3yuvygaqhmc3qmy7nmj5a,,,,10150113983,,3000000000,,0,6,285,10150113983,6,0,0,0,0.01,340000000,3000000000,0.0002
pool1l9sgp7p5m6c6054ru75x077dc0frev2tkm5zjllmkl6z6rtq8tp,,ADANL,,26714135069,,100000000,,0,8,285,26714135069,8,0,0,0,0,340000000,100000000,0.0004
pool1la0t0gsskwejyfca5lchw5aqd5g8hknxdu6tuyqp0ttjxl6zt35,,HUNNY,,9520062398234,,5000000000,,9,22,285,9520062398234,22,9,6079881111,370569689,0.005,340000000,5000000000,0.1441
pool1lagcrwhhy24grdxpetj5vwwey6z8ncp7gx9gdd5p7gnd5f6urcc,,GAMER,,23773148810,,20000000000,,0,3,285,23773148810,3,0,0,0,0.03,345000000,20000000000,0.0004
pool1larpvn53yyufaf8fh89nrrpgruqcq8mgxrtdxp5y87cqse3yfg2,,JP5,,31692940910095,,50000000000,,27,95,285,31692940910095,95,27,18042232215,1291288212,0.05,340000000,50000000000,0.47979999999999995
pool1lcl9j8zzqtcd4g2gf5zgexcqmnmjtvje707hupngymjhq43yk3s,,,,10460894502,,10100000000,,0,7,285,10460894502,7,0,0,0,0,340000000,10100000000,0.0002
pool1ld9hkah2dkzh73pvh9tf6xr0x28us34msv3zcv2sase5vhvq962,,KOPI,,32066509603255,,1000000000,,39,1473,285,32066509603255,1473,39,27041507854,560992127,0.008,340000000,1000000000,0.4854
pool1ldq57epl0w8xfz2tmnfjrg26m70207va95334zzwvc3d2evdtca,,,,7619014,,20000000000,,0,1,285,7619014,1,0,0,0,0,340000000,20000000000,0.0
pool1les50pm26wpf8gym7cda470xgfswukzhyykvhyfsfl4dcu2ezj4,,SGTRS,,3466747354226,,1000000000,,6,2,285,3466747354226,2,6,3838862615,458876590,0.03,340000000,1000000000,0.0525
pool1lfnlxfxxwvjadesxzm4c7grgs3elj70vfdnpjwjmg0ufsqnq52t,,HISAI,,9047062503626,,100000000,,8,7,285,9047062503626,7,8,5377519650,358888471,0.0035,340000000,100000000,0.13699999999999998
pool1lfq0eh3gykruhnuc84lutfhxupwwxfh3ylfuyrt67khjkcj9r6y,,UNST,,1677238701298,,10000000000,,3,12,285,1677238701298,12,3,1381125070,340000000,0,340000000,10000000000,0.0254
pool1lfvzgsrghmugvpym868mh29288ez0nncz680mamzjygu2jpuwcd,,NORTH,,6363069234334,,10000000000,,8,345,285,6363069234334,345,8,5299521306,340000000,0,340000000,10000000000,0.09630000000000001
pool1lgf0ep9wenr6cfe8673n2qq9s2n74xpu6la8xvce6tz0kzp7wpu,,,,2547625350,,2500000000,,0,1,285,2547625350,1,0,0,0,0.05,340000000,2500000000,0.0
pool1lggexjlgptq67rynttj67742rlyfg5gkmcx08x3daqlg63sz35m,,,,10021782002,,10000000000,,0,3,285,10021782002,3,0,0,0,0.01,340000000,10000000000,0.0002
pool1lhgjma5lejn65er7lxfsqxa0lgcv9r9wrntse9wjm834qp89chh,,,,9100733921424,,100000000000,,4,1934,285,9100733921424,1934,4,2373565482,365215227,0.01,340000000,100000000000,0.1378
pool1lhvpgr8lhsf6h03v9zqxm74pa63rdxx4yuvkqfw4tv9fua8t37a,,OSAKA,,17483595611729,,1000000000,,15,98,285,17483595611729,98,15,10073753558,652537800,0.03,340000000,1000000000,0.2647
pool1lhwzsyhh7dmw9wuz7qxnml2z5ef5303lp7jxgss2qnat22sprgx,,UNION,,903527645767,,50000000000,,0,10,285,903527645767,10,0,0,0,0.01,340000000,50000000000,0.0137
pool1lhz4gsk5ezdl5s4mv2kxgrkhzzhad6me2v0xmwuyt845vensdlc,,SECUR,,35514101454402,,100000000000,,30,1112,285,35514101454402,1112,30,20272318282,976202241,0.03,340000000,100000000000,0.5376
pool1lj9t0saaxejj6drmxefgejwuy47lx4ewwruwvn3uttyuw6f5389,,ADBV,,501251536,,7000000,,0,1,285,501251536,1,0,0,0,0.08,340000000,7000000,0.0
pool1ljkk4073wy35jmk70nhags9tc4m8qd2gsckn62656n387fuvxx9,,,,10626177265,,10000000000,,0,2,285,10626177265,2,0,0,0,0.03,340000000,10000000000,0.0002
pool1ljlmfg7p37ysmea9ra5xqwccue203dpj40w6zlzn5r2cvjrf6tw,,AAA,,30392497114370,,300000000000,,33,549,285,30392497114370,549,33,21919412778,984448410,0.0275,340000000,300000000000,0.46009999999999995
pool1ljpfctjjpye6m3xqnckdwwvwqwgwkyjut3mulzczg427v8mske7,,MMTR,,1575199473839,,10000000000,,2,2,285,1575199473839,2,2,1071790840,361883530,0.02,340000000,10000000000,0.023799999999999998
pool1ljywsch33t7gaf02aeeqkqpuku0ngpwl9fm04t7u5sl5xyunmgp,,AUTO,,26781804050734,,100000000,,21,800,285,26781804050734,800,21,14473227638,340000000,0,340000000,100000000,0.4054
pool1lk0hu3njxgra3emgfa73268el89qzytecff0fzz982avvjsw3l6,,IMPI,,719156290754,,10000000000,,0,10,285,719156290754,10,0,0,0,0.025,340000000,10000000000,0.0109
pool1lkpj6fa4l0sy39qfvyl4pcsnnd22y8np8j98vzwula2kuxgers4,,JOY,,41959027217425,,50000000000,,38,761,285,41959027217425,761,38,25599841508,881846263,0.02,340000000,50000000000,0.6352
pool1lkuwrel3s8er6v0snw69gumsaugydz9n0vl87n7mygh576mwcy0,,ATFF,,178902268652,,25000000000,,0,9,285,178902268652,9,0,0,0,0,340000000,25000000000,0.0027
pool1ll03hrl9daqeatu47gxl3laguuk8n854w8heecwf4xtlxhg4vxp,,,,1000302326,,0,,0,1,285,1000302326,1,0,0,0,0.01,340000000,0,0.0
pool1ll76vzv3atayse60wym6wms3mhpyvn55cuayxxtzjpetg03xpdp,,ROSE,,6108803936,,500000000,,0,6,285,6108803936,6,0,0,0,0,340000000,500000000,0.0001
pool1llfrhf0htc528jcmp9dr2tzsjnt93y2gkjfjn5znjh9a79avwv7,,WMTX,,18290512580,,10000000000,,0,2,285,18290512580,2,0,0,0,0.02,340000000,10000000000,0.0003
pool1lllmq2jgcqrag5c77lpc5m34fsqn63leadyx9tzx842n66ly3ql,,,,3636595730218,,100000000000,,1,89,285,3636595730218,89,1,141943264,340380155,0.001,340000000,100000000000,0.055099999999999996
pool1llwfa6erdh7k87j06y2z9999jcc84cnezwhg9e2sulrgwzrsug4,,,,4613866,,100000000,,0,1,285,4613866,1,0,0,0,0.15,345000000,100000000,0.0
pool1llxh8l0h8g9ghz3nrzh7ndvev4x43vnk72nsemzm795vxqs6dp8,,JP4,,39068041003676,,50000000000,,40,94,285,39068041003676,94,40,26893360644,1757501153,0.05,340000000,50000000000,0.5914
pool1lm3mahzpzxzzdxnftcamjc9zkqs37z46lq49c0fmtpyj5cy3rsj,,CFH,,5393611856,,3000000000,,0,5,285,5393611856,5,0,0,0,0,340000000,3000000000,0.0001
pool1lmfdaxm9xjp4enwezryf9q427fzw5zcyk40qe5qgd338za9x65e,,,,30108318283,,1000000,,0,2,285,30108318283,2,0,0,0,0,340000000,1000000,0.0005
pool1lmqvtamlkm4vdcq3yjs2zxhsx2ejy9tafs66zsmpwvk3jq0zhyu,,,,1228988416980,,25000000000,,0,12,285,1228988416980,12,0,0,0,0,340000000,25000000000,0.018600000000000002
pool1lnk67xp7jsc2e3yyun3fpaqvkx0f3c8q0ml29ge85udeghn2gvn,,WIRA,,199510503027,,487000000000,,0,2,285,199510503027,2,0,0,0,0,340000000,487000000000,0.003
pool1lnr8t7pxvq3vfg8c5lc7yjcq39haws4ntu28xpxzx4zyya9ntny,,KKS,,45667181493224,,0,,50,5,285,45667181493224,5,50,34444115001,1410281907,0.03,345000000,0,0.6912999999999999
pool1lp9wmr8dkcceta5we999nvlfh9um06cd6sggtt5523eawf7mtg4,,YYG,,5019744099116,,1000000000,,3,18,285,5019744099116,18,3,1028106369,394709569,0.03,340000000,1000000000,0.076
pool1lq3afnaqyrwpk5vfn3qmdfqjzquz90wv8c5l0a32qweqcfpwan9,,,,131363728070,,20000000000,,0,2,285,131363728070,2,0,0,0,0.01,340000000,20000000000,0.002
pool1lq7t0qg273vp8t2wzmeyj7sdq2vhu2v87jjplgurpfxcs9afnr3,,,,28723294859150,,50000000000,,26,16,285,28723294859150,16,26,14621249280,4001702613,0.2,340000000,50000000000,0.43479999999999996
pool1lqeg5d3jpwr3nvra568nk28sr8lttyr6cf4yyssdx6qtxea9nmr,,,,47629286153110,,50000000000,,45,22,285,47629286153110,22,45,30307523582,1936813884,0.05,340000000,50000000000,0.721
pool1lqpymyzg9glc88r7urptuv0d8t2tu9ty7xtshvxmgpu0j4lp8p3,,VINCE,,53967836987061,,250000000000,,48,2881,285,53967836987061,2881,48,33580226131,680516893,0.01,340000000,250000000000,0.8170000000000001
pool1lqucyxuvjktfmpf7fd28j54cfgamyrxed344vnwlm9wqkwjeqwk,,SPS3,,49130002458765,,1000000000,,34,276,285,49130002458765,276,34,22799074029,1540513253,0.05,340000000,1000000000,0.7437999999999999
pool1lqukx9x2k456l62lak7dwux9h73rqwr4m65e2377qgjrsszjp5k,,VITRA,,1097624426,,1000000000,,0,1,285,1097624426,1,0,0,0,0.01,340000000,1000000000,0.0
pool1lr54356svvdz4yeqrq69wn6la2025l9r65pm26xxl466gxqqs83,,,,525372401,,10000000000,,0,1,285,525372401,1,0,0,0,0.03,340000000,10000000000,0.0
pool1lr5ku0p3jhykdf3a2kcr0tyra30qvzrtl02dr6uyv98rxdsy3k9,,STAKE,,16653808369830,,10000000000,,13,532,285,16653808369830,532,13,8951466495,340000000,0,340000000,10000000000,0.2521
pool1lr9vvcf5r5jgkgv5ly7z2lh068ymzg4xmqk5f8pu2k23vt25x7a,,HYGGE,,2717311927909,,0,,2,110,285,2717311927909,110,2,975823553,340000000,0,340000000,0,0.041100000000000005
pool1lrgpe8s7yskeqwvgu4t6tmkmh8eqwu0xj56yvufpxcn2kjgn7ss,,HUB01,,3315346446,,3815541999,,0,1,285,3315346446,1,0,0,0,0.15,345000000,3815541999,0.0001
pool1lrnyqdlrj97d0ju5j6d9xa8prw0xeyumfd53rz5wk3gf7czqzjz,,TYGAR,,3353624850733,,100000000000,,5,158,285,3353624850733,158,5,3164338795,365970817,0.008,340000000,100000000000,0.0508
pool1lrxa9zp8y6e38aur5naqe0tthjxh4g5vw6ycnkgtyge9utf0dcn,,,,2011451304,,10000000000,,0,2,285,2011451304,2,0,0,0,0.03,340000000,10000000000,0.0
pool1ls80gx9sen3qc7s6c7u2ajw6hk8faqanljugcg5tfukp6qscetv,,LGBTQ,,20980630377173,,0,,24,846,285,20980630377173,846,24,16432971978,676272319,0.02,340000000,0,0.3176
pool1lskcfz80qg2kr2p6776kl9emjn8ulkqsqse7um7skz4y2lwa0cu,,CERO,,30301377403229,,10000000000,,26,969,285,30301377403229,969,26,18135226488,340000000,0,340000000,10000000000,0.4587
pool1lssudmnyy4vlzrvpmw4539xwklnx0lm2murc9t7n25u9sg2ce3n,,PREV,,45008273297,,45000000000,,0,1,285,45008273297,1,0,0,0,0.02,340000000,45000000000,0.0007000000000000001
pool1lurfk0k0wwx54hlg8a7zp3jtstu57u59aeq7aketl55hknmmtu0,,TNTM,,62998771890582,,1000000000000,,62,3449,285,62998771890582,3449,62,43448788676,500000000,0,500000000,1000000000000,0.9537
pool1luwt2c73ng94v20qv75dcyduml727s39w3yr8xvx6eue6ae58h2,,QSTKE,,1561825022,,500000000,,0,3,285,1561825022,3,0,0,0,0.01,340000000,500000000,0.0
pool1lv7v8r8ge22agkuv2astu503d42v749p6rp3sg8l6twuwqm525c,,,,5341736360,,100000000,,0,2,285,5341736360,2,0,0,0,0.15,345000000,100000000,0.0001
pool1lv9e0n4sc3uv5gpxhx5s6060pplz29m9nzwrsh6ml35y59wz22v,,,,6549614927,,500000000,,0,2,285,6549614927,2,0,0,0,0.01,340000000,500000000,0.0001
pool1lvh0pd5n8c3cjzhgef9y6vfh7cver24hdve6ysnwpa42ys5emms,,RAOOL,,14593226569945,,40000000000,,9,7,285,14593226569945,7,9,5914038871,523448817,0.03,340000000,40000000000,0.22089999999999999
pool1lvsa8e0dw6z8g2fkw7prnfa7627wuy5jjexaadck6w5sxw5xkvm,,DIGI2,,41717061283600,,215000000000,,42,652,285,41717061283600,652,42,28889961037,1085260321,0.025,340000000,215000000000,0.6315
pool1lvz69haw6382vedyphwph7ns08nratm469nv2a6da4ykqqgl56q,,,,776680907425,,100000000000,,1,12,285,776680907425,12,1,365786198,345656801,0.015,340000000,100000000000,0.0118
pool1lw0xmaytyuqcka58s50tkl2tmc5qyvq2nplyqs4cfdvuvu76pmu,,,,5373346963,,10000000,,0,2,285,5373346963,2,0,0,0,0,340000000,10000000,0.0001
pool1lwp52dj9762g7uk2jk3czwywxqaa4753v7x2v56qr5l2znkky4h,,PMP,,1000713424,,1000000000,,0,1,285,1000713424,1,0,0,0,0.02,340000000,1000000000,0.0
pool1lwpyvezcedsv222m35e4cfxg8kza2y8quqftsaau4klfsmptz6c,,,,20085736069,,10000000000,,0,4,285,20085736069,4,0,0,0,0.02,340000000,10000000000,0.0003
pool1lxg4rf0aqqachwft52hs9mtwlmpfyw6jqxyulz0pcfj25d4uaqd,,BNP,,65903674924302,,2000000,,61,4,285,65903674924302,4,61,40791621759,2948841878,0.06,345000000,2000000,0.9976999999999999
pool1lxhlu48gq0606mj6k20mh56zz804zf7narxvmty4pd3mgee65e5,,ORPH,,57580778650,,50000000000,,0,2,285,57580778650,2,0,0,0,0.01,340000000,50000000000,0.0009
pool1lychj3krdah22cjhxguzhfx7qhwlfgl7t9fv42pcems9zvknahx,,,,30316939796,,30000000000,,0,5,285,30316939796,5,0,0,0,0,340000000,30000000000,0.0005
pool1lym9xt9e88y2emmlh2nlefyrq933a3eda2xhrvrzxurk7s5h8e7,,TITAS,,11596602788,,7767428609,,0,2,285,11596602788,2,0,0,0,0.01,340000000,7767428609,0.0002
pool1lyxxsvl8tulypzj6rql4yaw9rsh6q6237fmfmj76a4mfsrz40gk,,BOX,,38196529743,,25200000000,,0,10,285,38196529743,10,0,0,0,0.01,340000000,25200000000,0.0006
pool1lyz6na2h9c6e7j44ntlu2h2sdytxswunyjw7p5ctgf467dsyryz,,,,49771696305,,40000000000,,0,4,285,49771696305,4,0,0,0,0.01,340000000,40000000000,0.0008
pool1lz3w3u985gvtf6rs4p3rxe7ht7vkenn6c8a76am25fwf674dag8,,FBSD1,,167840350324,,50000000000,,0,2,285,167840350324,2,0,0,0,0,340000000,50000000000,0.0025
pool1lzrg40g7vwgrxf52h40mjv77wywajekkfr5p63gcaa6gxrnqy2t,,,,5192901743161,,6000000000,,4,69,285,5192901743161,69,4,2429987033,390339645,0.0199,340000000,6000000000,0.0786
pool1lzupr43772kfux007sdt02vlx7uzmfcplrwmxntdztxmwv9myrj,,CRCI,,991520242260,,57000000000,,0,87,285,991520242260,87,0,0,0,0.02,340000000,57000000000,0.015
pool1m0mwqg6ktv62jtz7yq7hq6jttklchcemjzmqfmz3n5rk5rpxpfk,,,,10538263197,,535000000,,0,7,285,10538263197,7,0,0,0,0,340000000,535000000,0.0002
pool1m2tgjxn880a3v6w4v3uf3kz9kduhvtr97slmpwnppd6r63230sm,,,,2888286,,123450000000,,0,2,285,2888286,2,0,0,0,0,340000000,123450000000,0.0
pool1m2vhhprqwktsxldpgqdw0n88m7gw4fgcux2ttx9jsczxy0tvux4,,,,6173287652,,5000000000,,0,3,285,6173287652,3,0,0,0,0,340000000,5000000000,0.0001
pool1m3gg43uhtetn4hmw79u8836dyq8qe4cex8qnn6mks5egza7n6tp,,ULTRA,,3743424595772,,1000000000,,3,67,285,3743424595772,67,3,1773990856,376043421,0.0199,340000000,1000000000,0.0567
pool1m3tqw6s5dphrlkxyr97faxk4cm3gwejv54mtyfd6w34dsx429eu,,ECOP,,34272768405,,100000000,,0,2,285,34272768405,2,0,0,0,0,345000000,100000000,0.0005
pool1m3wam7j8xjahp5mq03rfkcfcy45kevzfyekmdy74x8ghgpm5cdz,,,,674688596159,,27700000000,,1,14,285,674688596159,14,1,350831951,351315233,0.03,340000000,27700000000,0.0102
pool1m4eermea82e3ratp2a9zncchvf348lxv0vpchpz0j78nkahaz0d,,GORIT,,2008207578,,1000000000,,0,2,285,2008207578,2,0,0,0,0.05,340000000,1000000000,0.0
pool1m4enp55hp80tf6xl7k6f6593wnyu3pr83xfvef9x3ktdw9m0em5,,AZUR2,,18356907748919,,500000000000,,17,1855,285,18356907748919,1855,17,10070831987,459326626,0.01,340000000,500000000000,0.2779
pool1m4nc6ea8htk9t58yx43sqluln7cp2a6qmzq257uudrvtkue8vw3,,,,28263803477,,25000000000,,0,4,285,28263803477,4,0,0,0,0.01,340000000,25000000000,0.0004
pool1m4r66650ugw2xshz3gtred6wdxcn65v48r0r6p4vy64dy276q8h,,,,32259818775890,,0,,31,3,285,32259818775890,3,31,20206785704,1981729456,0.075,340000000,0,0.48840000000000006
pool1m5chjwkxs3w5l43uf4y9ys2pprqxv86ffdm0fr4n38np2c7mhg6,,,,55651486,,500001000000,,0,2,285,55651486,2,0,0,0,0.01,340000000,500001000000,0.0
pool1m5q0tz2rnf5zqpjzuvweg3ny8gqsy7f9jsdhd670pxvu6wm6qnu,,,,6190369472,,5000000000,,0,3,285,6190369472,3,0,0,0,0,340000000,5000000000,0.0001
pool1m62sl6rauje9cknrkhwl39tc4hujudkd7gp478dpz7tagmjr8wm,,,,55881167494128,,35000000000,,52,3645,285,55881167494128,3645,52,36476802882,668430577,0.0089,340000000,35000000000,0.846
pool1m72aev9redfms3u6x5qu8405kdxfhdd05zj8qcpwqj8p6cytqpg,,,,61135612829,,30000000000,,0,10,285,61135612829,10,0,0,0,0,340000000,30000000000,0.0009
pool1m765d89k82sgwrdfepvkp7dmerwjwkdmnf5flppf4a2gwvtr32n,,CHMOD,,97224520,,10000000,,0,1,285,97224520,1,0,0,0,0.02,340000000,10000000,0.0
pool1m7eljcrzd593cawzwpts00mmnxnj52kr9da8r264r7c4kfd4m0h,,,,42391314955018,,0,,35,8,285,42391314955018,8,35,21535299081,3558561964,0.13,340000000,0,0.6418
pool1m7hcz7w6d2lk8ma8gm7x9hv5jfdq8u9384m6q462pjntsgfr982,,,,598948515942,,1000000000,,0,22,285,598948515942,22,0,0,0,0.03,340000000,1000000000,0.0091
pool1m7vr5mjsvs82kh5yp95pr9s5wdldf2v8r6rmpv8z57ypxmrkqsa,,,,14941235057,,5000000000,,0,48,285,14941235057,48,0,0,0,0,340000000,5000000000,0.0002
pool1m80jrruqnynpuqvmm5cyhxjqy2q8pnnpyu40sd02z0gkzehqxua,,,,50779346202,,50000000000,,0,1,285,50779346202,1,0,0,0,0.01,340000000,50000000000,0.0008
pool1m83drqwlugdt9jn7jkz8hx3pne53acfkd539d9cj8yr92dr4k9y,,BKIND,,18754232134428,,5000000000,,16,117,285,18754232134428,117,16,10493209217,843449144,0.04,400000000,5000000000,0.2839
pool1m9h0ndgxlgxa63wsszv7a6l4x8lur35wktlnrycme6t852xrq76,,VVM1,,26510426336,,20000000000,,0,8,285,26510426336,8,0,0,0,0.015,340000000,20000000000,0.0004
pool1m9wry4wyr95jcjmqmwqphegawffy63c4y2jrwfnqeyc5x87d7m3,,GUIA,,16476449032,,9000000000,,0,11,285,16476449032,11,0,0,0,0.015,340000000,9000000000,0.0002
pool1ma472xwxkcsagcff388vspvz60dms4lujr27f0ma4jegqmtqhh7,,,,2918874500,,2000000000,,0,2,285,2918874500,2,0,0,0,0,340000000,2000000000,0.0
pool1madkc465h6e9887ctj2adnky2t46km277wt3rs97hlzukzl4rx9,,DEM,,610656796,,150000000,,0,3,285,610656796,3,0,0,0,0.5,340000000,150000000,0.0
pool1maknvmsdvk240a7w8rclvq2lu5pzk906cuh9cw7j30z76ff257u,,,,13326638545920,,750000000000,,18,120,285,13326638545920,120,18,11340214796,623533029,0.0225,340000000,750000000000,0.20170000000000002
pool1mayjfth7yz6mpd4hhtcwl974ut8hld8hls2f07rrdul3ypqt9rm,,LFG,,590466872,,180000000,,0,2,285,590466872,2,0,0,0,0,340000000,180000000,0.0
pool1mc4h5pk0juqfd5lj08d09d9tfeyd86v7se4kq2jyu9j0jy8ey4y,,,,605093268645,,10000000000,,0,13,285,605093268645,13,0,0,0,0.02,340000000,10000000000,0.0092
pool1mc6f3tvzp59yfn2przflkq9q6k00g0hfpyck5t5whjs8qdcjuj3,,,,6498768243671,,0,,6,173,285,6498768243671,173,6,3913947997,375662640,0.009,340000000,0,0.0984
pool1mchqp2fr7mwsz6jrpplxpr0ekmwafev8arl57wwxfck5x0dwv60,,,,65457238869,,100000000000,,0,9,285,65457238869,9,0,0,0,0.01,340000000,100000000000,0.001
pool1mcvq2z34f9cfdmkd97famsh20ekqtndw246ny5e8ug3mxfdf4zq,,HIVE,,528942758752,,10000000000,,0,29,285,528942758752,29,0,0,0,0.01,340000000,10000000000,0.008
pool1mcwcfl96ew79rmj4zxehr33p55e4e62dt4whyr2vqesswp9mmvz,,MYB,,4875944543101,,1000000000,,7,16,285,4875944543101,16,7,4678568695,340000000,0,340000000,1000000000,0.0738
pool1mcy3qe7slsz8wmxan7cutrk3sh0z4t44cy6n743f4ca07a76227,,DNTR,,12946042920,,10000000000,,0,5,285,12946042920,5,0,0,0,0.0033,340000000,10000000000,0.0002
pool1md2zw92j6ye2m2dl34x6pvp8phdpjcknay72tzrz4vcq523druq,,HOOAH,,71162895942,,52500000000,,0,4,285,71162895942,4,0,0,0,0.025,340000000,52500000000,0.0011
pool1meljzszklf23y97ka5sjqwasnel50xe5ar68gz70slm0jmt2wxs,,MRPHM,,320915619334,,1000000000,,0,78,285,320915619334,78,0,0,0,0,340000000,1000000000,0.0049
pool1mfgqn8n658vjdcvg3xgtr3qyet64fht0dzsukqeznxw36z8g2k6,,CSN2,,40377981473,,10000000000,,0,9,285,40377981473,9,0,0,0,0.0189,340000000,10000000000,0.0006
pool1mfm9nf0fc2wknc94dxyedny3vxtmv4t05arq7czyxsmg7qcy76n,,BYADA,,1517175298864,,1000000,,3,19,285,1517175298864,19,3,252735668,376266606,0.02,340000000,1000000,0.023
pool1mgpcx225587y9uf2zcwrputd3kj70jfpf654ca86dehuw5qk5pf,,,,225444438725,,75000000000,,0,3,285,225444438725,3,0,0,0,0.0299,340000000,75000000000,0.0034000000000000002
pool1mgpzhdjucv0hyyndzq08la7m5h645wmsat35gxy9fv6au9k7eg4,,,,997620818,,500000000,,0,1,285,997620818,1,0,0,0,0.015,340000000,500000000,0.0
pool1mh4ng2ldxk4sqfppzu6r4knxrk6e87e9c4wgrred84uy7xauzlh,,CCV2,,29435488769184,,500000000,,29,3254,285,29435488769184,3254,29,19302032140,1359566720,0.05,340000000,500000000,0.4456
pool1mhmgvgflp2v0v5260fcqv5hz988zygt5zk84lq45x3tmcl0aa67,,CCOL,,268060674787,,3000000000,,0,17,285,268060674787,17,0,0,0,0,340000000,3000000000,0.0040999999999999995
pool1mhww3q6d7qssj5j2add05r7cyr7znyswe2g6vd23anpx5sh6z8d,,,,2046885750115,,18000000000,,1,28,285,2046885750115,28,1,358497930,351848381,0.0314159,340000000,18000000000,0.031
pool1mjehcx2qu7trxuzugdywuvdyqs8zx8kph23y6c7hhx69z50acun,,,,522519193349,,2840000000,,0,27,285,522519193349,27,0,0,0,0,340000000,2840000000,0.0079
pool1mk9k389xy5szdzyc0fpty66fu93rhwnar3202vy0d7w9ue2rycu,,,,83100004719,,10000000000,,0,7,285,83100004719,7,0,0,0,0.01,340000000,10000000000,0.0013
pool1mkw6psku0jvaw60uqleul9jxlmyt2xet3urjrgu6735ryxtga60,,CRYL,,1018502925,,15800000000,,0,2,285,1018502925,2,0,0,0,0.15,345000000,15800000000,0.0
pool1ml8hj9zhv5esld4dwuxrkda0ktclw4g5xfggg86nw3majud2uf6,,,,548606340,,100000000,,0,1,285,548606340,1,0,0,0,0.15,345000000,100000000,0.0
pool1mldur87x0z7j5wrfw0uh04twv0jem4c0cafsl3lhexfnka2ngxh,,,,1357926436,,1000000000,,0,1,285,1357926436,1,0,0,0,0.02,340000000,1000000000,0.0
pool1mltwh4elef39dkuuz058lgfuvx79c5wcnz3szau3arhsyq22ace,,PARTY,,146111220746,,25000000000,,0,7,285,146111220746,7,0,0,0,0.03,345000000,25000000000,0.0022
pool1mm7avcuw8v6f86esqtt6xx6rkagryrfq22y994snes832rjs2mt,,,,20533540054452,,600000000000,,17,187,285,20533540054452,187,17,11572832597,458669256,0.01,340000000,600000000000,0.3109
pool1mmrdxw97yt9q22yaece43h7em2fhsgumrww7za9jdwt9xraehp4,,,,1331065709221,,1000000000000,,1,35,285,1331065709221,35,1,93048929,340000000,0,340000000,1000000000000,0.0202
pool1mmrh2l3t5r7w5l7e82ven0e595vhgvu0hyf4ttrgcyejq8gwqcm,,FKAI,,101693463422,,0,,0,4,285,101693463422,4,0,0,0,1,340000000,0,0.0015
pool1mn0ydnu5tt4w80y3dxdsajddhdz03p6mudk8vlh55r5exqywxhh,,,,1865490,,1000000,,0,1,285,1865490,1,0,0,0,0.01,340000000,1000000,0.0
pool1mn6relcs7dn2fqzfq5yjlwxa49d900p5sdpw62jlx45k2djgwe4,,RED,,3988371804508,,12059000000,,4,33,285,3988371804508,33,4,2494567856,365283648,0.01,340000000,12059000000,0.0604
pool1mnalcegg8lv2rkf3hqnwva2fxg75j3hs9mdzqc3tvxpjzcpmvcc,,ETR,,6510330292803,,50000000000,,10,26,285,6510330292803,26,10,6604392458,476649907,0.02,340000000,50000000000,0.0986
pool1mnghpud4rypv76fgq5urhzaujlevp94tjxug6556e9qyua43ktl,,TRDMK,,7239900795,,100000000,,0,4,285,7239900795,4,0,0,0,0.15,345000000,100000000,0.0001
pool1mnhywmx87p5dlsk86szshumnn5pljdnacr0e8zsq2v32ckh5wyf,,,,1488901317838,,100000000000,,0,80,285,1488901317838,80,0,0,0,0.028,345000000,100000000000,0.0225
pool1mp2fsmtyedzql9252ahwu7259hwcdtayjqy0jg3a5f2fupfusp8,,,,50141576883288,,1000000000,,55,2,285,50141576883288,2,55,,39440015597,1,340000000,1000000000,0.7591
pool1mqy259k253xryf4hvdq0n72n2uvadcgp34r0fxwpqzm0z5n0qp6,,SPS4,,44475089058086,,1000000000,,41,240,285,44475089058086,240,41,27394467744,1782962636,0.05,340000000,1000000000,0.6733
pool1mr95wmscrwj04kf9746sx539qeffj3mg5ndez5rzv8k5cdwjc0t,,,,366998721891,,240000000000,,0,8,285,366998721891,8,0,0,0,0,340000000,240000000000,0.005600000000000001
pool1mrv06cwwdjnp6zz6y8wq7epav5eywka75r2k2xqy58ez6dge9cf,,,,933193231603,,10000000,,0,27,285,933193231603,27,0,0,0,0.03,340000000,10000000,0.0141
pool1ms47yxn0gnjly5txqrm0zv95vdp7863zwdawf2ccmlvlg5pmldp,,,,12339799840,,10000000000,,0,1,285,12339799840,1,0,0,0,0.001,340000000,10000000000,0.0002
pool1mscll7kd2y9c56kv7thv7kv99wjvrr72uwpmuhphaltjz0pkuqa,,RARE,,14928513599486,,50000000000,,16,51,285,14928513599486,51,16,10654467523,785440153,0.04,340000000,50000000000,0.226
pool1msfz0v3yrzl3k5njsm92uw59cfs5uepajs4a62rxfm5xke9d2zr,,,,1047231164,,600000000,,0,1,285,1047231164,1,0,0,0,0.01,340000000,600000000,0.0
pool1msh7sfurmkgcqswwqg5guf3cxgqz4rkkc57g6f9te5u6y385hhj,,PRCS,,99709637341,,78380790000,,0,2,285,99709637341,2,0,0,0,0.01,340000000,78380790000,0.0015
pool1mtlhhdajrx7a5r5acyp3g4rjrmv72tymvf5r8jme32276x7jgvs,,FORUS,,187604844425,,1000000000,,0,6,285,187604844425,6,0,0,0,0,340000000,1000000000,0.0028000000000000004
pool1mtnhc34ylrthfu7vzja3em2j5csaq3ewd5z294hs8xw2w6nupuf,,,,51242089444,,33000000000,,0,12,285,51242089444,12,0,0,0,0.025,345000000,33000000000,0.0008
pool1mtvfxpeczh9gkgj42j30c5zgudnt6evns4gny07p8nml2qrthav,,,,505508976759,,60000000000,,1,57,285,505508976759,57,1,312547624,351274402,0.03,340000000,60000000000,0.0077
pool1mugxe86p0p6fzeesthdzkuk3h9xtndf4my9cznmxtmpvujzlw4f,,Kings,,5102987630,,5000000000,,0,2,285,5102987630,2,0,0,0,0.01,340000000,5000000000,0.0001
pool1mukzsec605hfk2tsx4r4xd2rjfjytua8puge5pa0g82rgqm0kt9,,,,4084467124,,10000000000,,0,6,285,4084467124,6,0,0,0,0,340000000,10000000000,0.0001
pool1muqaevafaztxkcmkumndhpeellmjedmf5w63w3ek2g965mp6ne7,,,,26829267266,,25000000000,,0,3,285,26829267266,3,0,0,0,0,340000000,25000000000,0.0004
pool1mut4phum9hegtl8m2r68gpjh5x8w8t6zwf75zrphhp3qwwrrpgt,,,,52763086729992,,30000000000,,51,468,285,52763086729992,468,51,35300483088,1245746190,0.025,340000000,30000000000,0.7988
pool1mux3kuy5tvxy6etqaejgxl99fcp9a2a7wy8z2mmgxcnnuu52ju8,,,,327727367728,,30000000000,,0,23,285,327727367728,23,0,0,0,0.01,340000000,30000000000,0.005
pool1mv7z7jzats0g3s36rd6sk08ew6wg4pf7ulu9uvd6grpdc0mh7e0,,,,1087822733,,1000000000,,0,1,285,1087822733,1,0,0,0,0.05,340000000,1000000000,0.0
pool1mv9jm887f4gdpr0f5p8rerewjsdgvd29lt2awtdnmj3ggkq973a,,,,10273213981,,10150000000,,0,4,285,10273213981,4,0,0,0,0.035,340000000,10150000000,0.0002
pool1mvtjl73f2d57mvzgkzjmsqh36lk427dhreurx334klqww6sx7xm,,,,1077942846318,,100000000,,0,5,285,1077942846318,5,0,0,0,0.025,340000000,100000000,0.0163
pool1mw8jpnmxd22vw4h68uqw70nx24vfju4aav9rznesc4vnjnt68g4,,,,21607608612,,500000000,,0,3,285,21607608612,3,0,0,0,0,340000000,500000000,0.0003
pool1mwn4z72mesfacx7rgjphlnmw34afhkw7msuqueh68n80zduarq2,,,,2451378923,,400000000,,0,3,285,2451378923,3,0,0,0,0,340000000,400000000,0.0
pool1mwp8ewtzmun0426v9z0h9um2amswgfzn78rckfl2fc3t5sy0m5g,,AACC,,10123996774566,,10000000000,,7,48,285,10123996774566,48,7,4586826623,386818746,0.01,340000000,10000000000,0.1533
pool1mwv76cr0znehqxe23xk4ylhr0j6gwsjxf2cvwjxm0ewdgcjzw3e,,,,8442161,,100000000,,0,1,285,8442161,1,0,0,0,0.15,345000000,100000000,0.0
pool1mxapcaxj3xnym065w8vqpurgtkk6gssxad5y25rhh6ucc2dw4em,,CAST,,5031637523,,5000000000,,0,1,285,5031637523,1,0,0,0,0.02,340000000,5000000000,0.0001
pool1mxqjlrfskhd5kql9kak06fpdh8xjwc76gec76p3taqy2qmfzs5z,,IOG1,,62392585112287,,5000000000000,,56,987,285,62392585112287,987,56,34396203166,3159761912,0.07,340000000,5000000000000,0.9445
pool1mxv85lq4lvuqx8r83lmwlvqhtnu3qjy0lldhsv83rfnj5ed7vyg,,,,4480678178,,1000000000,,0,4,285,4480678178,4,0,0,0,0.006,340000000,1000000000,0.0001
pool1my7sevxtc4dfvj626q0ujqqukntfa2v0uuydq6wd8x8hvml03rn,,POWER,,1243741215774,,500000000,,0,224,285,1243741215774,224,0,0,0,0,340000000,500000000,0.018799999999999997
pool1mysnlxv87ludyudax6gh3n0lmhgvs96e9qzqs5yhns0hyfk0wh7,,ACS01,,2655830727,,1000000000,,0,3,285,2655830727,3,0,0,0,0.008,340000000,1000000000,0.0
pool1myvgx4ef424e6nw2strqq7dxcepav52plyyhxrk0avaw7y098l2,,COOL2,,46258262616823,,50000000000,,34,745,285,46258262616823,745,34,23430707764,821362688,0.02,340000000,50000000000,0.7003
pool1myw0304x7q2zuk24pzmf2rwwcwlh9p29pnj257zzjcd9j29s4xl,,,,340417081,,100000000,,0,1,285,340417081,1,0,0,0,0.01,400000000,100000000,0.0
pool1mzf0vc58p7ktgs5gqzqrcwtrs4xnlpd5v9thzl7gahqj7f7aqye,,MPN,,1132205,,100000000,,0,1,285,1132205,1,0,0,0,0.03,345000000,100000000,0.0
pool1mzn7a7h4ghv35d7hm7lepzcc8vkwq38qajnnuqalc60mkl0recn,,,,884116556,,300000000,,0,8,285,884116556,8,0,0,0,0.05,340000000,300000000,0.0
pool1mzry5s8pkfy42ul2xevaq7dk6qae8247hqd8serm3ms06glvny0,,SCP,,11237914053,,191000000,,0,2,285,11237914053,2,0,0,0,0.01,340000000,191000000,0.0002
pool1n0tqrkw62zmr20h9jz5ev2ph428ym49wt2z0mq4vlylf5u0sv7y,,LANKA,,60507990542,,25000000000,,0,8,285,60507990542,8,0,0,0,0.05,345000000,25000000000,0.0009
pool1n20x3spgcj72k0azl85gxt72qzr2eq7sr53tlmwdg8wrz60ynzn,,MAMAK,,459642339105,,50000000000,,0,23,285,459642339105,23,0,0,0,0.0001,340000000,50000000000,0.006999999999999999
pool1n2j7zmw69gf3weqp3wae234p3lykjks49c84mleqgmnmg4jht3y,,YORK,,81778703852,,50000000000,,0,17,285,81778703852,17,0,0,0,0.01,340000000,50000000000,0.0012
pool1n2xsp494r7dz6rdf5zm9vq6u2fdqeg8ugfp6d02xansmqt7z7c7,,,,5685076012,,5000000,,0,2,285,5685076012,2,0,0,0,0.02,600000000,5000000,0.0001
pool1n2yp66zk6m33sg8k20hsvmk9tw7xeeswzdcfxhnx9hm9jkxv5k4,,ONE1,,14855513375875,,100000000000,,16,1257,285,14855513375875,1257,16,10923457190,451120678,0.01,340000000,100000000000,0.2249
pool1n353xqapcq8wtyskm8cj4g04t8rv03lteyl30c42zug7kzv8vqz,,NES,,5679608817,,0,,0,2,285,5679608817,2,0,0,0,0.05,340000000,0,0.0001
pool1n38p88x37klt80cg4qhgps7786svg5aupg0xejuvernhz84wwsj,,,,50737884423,,50000000000,,0,2,285,50737884423,2,0,0,0,0,340000000,50000000000,0.0008
pool1n3agd6rep8jw3gff684mja56ns6wqmshayu0av7hxcgx7f4pnwy,,,,4095742493,,1097000000,,0,2,285,4095742493,2,0,0,0,0,340000000,1097000000,0.0001
pool1n407tju6ysxeh5phal6pcqkcku3wzacxpreua292ms04xzraq6n,,RYU1,,2745118253211,,120000000,,5,54,285,2745118253211,54,5,3156853935,404655943,0.02,340000000,120000000,0.0416
pool1n4fq4gw6snzqjep3pylj8dc6aaa4xgn78gl58k360dqdw6a58g8,,PEPE,,5201814884804,,42000000000,,5,38,285,5201814884804,38,5,3092766268,459781755,0.0369,340000000,42000000000,0.0787
pool1n500map6vvxwkxnrw5m9vgmjqrmtaxuuxkgqvzz7699c7qc550v,,TEXAN,,1040289175650,,190000000000,,0,54,285,1040289175650,54,0,0,0,0.005,340000000,190000000000,0.015700000000000002
pool1n52mcyvll6hw864xtqdqqyjwj6953aquqj0u4j23780tc0zc426,,,,1085056745055,,100000000,,0,5,285,1085056745055,5,0,0,0,0.025,340000000,100000000,0.016399999999999998
pool1n5kljtvdhg29vrhr6uefqk76dpepzfwuvsw8zd0z5yqfuqj7x8a,,,,373766428311,,25000000000,,0,4,285,373766428311,4,0,0,0,0.01,340000000,25000000000,0.005699999999999999
pool1n5shd9xdt4s2gm27fxcnuejaqhhmpepn6chw2c82kqnuzdtpsem,,ZOE,,423425417751,,5000000000,,1,109,285,423425417751,109,1,343581646,351302281,0.03,340000000,5000000000,0.0064
pool1n5ytegzw3enscfw4t8wsjytrz228agvm9c3xaarce7pgjzftdtx,,_Q_,,371193333887,,25010000000,,0,25,285,371193333887,25,0,0,0,0.005,340000000,25010000000,0.005600000000000001
pool1n62v2xsrnpyyaav2mgauwzn40u8hfzavt520vsaehz252v2tf7u,,GUILD,,527625746,,500000000,,0,1,285,527625746,1,0,0,0,0.2,345000000,500000000,0.0
pool1n63w8h83hutkw6kww4hvewk30ljvvylfw4lv7y59ynd25a8yfqp,,,,54246324317,,20000000000,,0,2,285,54246324317,2,0,0,0,0.02,340000000,20000000000,0.0008
pool1n6qqnvjfzskcq9zdld5pnp8q3ktd28pqsh5tkmvarqcayr76puv,,,,1033396238846,,10000000000,,1,67,285,1033396238846,67,1,295964579,343762735,0.01,340000000,10000000000,0.015600000000000001
pool1n6w5q9hw3gj6574uts75mkyrqcm702n240fxlk5df4sf7a7vlvk,,,,42661328920,,100000000,,0,2,285,42661328920,2,0,0,0,0.02,345000000,100000000,0.0006
pool1n6z7rf722heq35v2dxvstfwezgdt8cv0mftpv4r9jay3wjk2kkt,,,,4229099383226,,5000000000,,9,7,285,4229099383226,7,9,5969251015,401152398,0.01,340000000,5000000000,0.064
pool1n73klrhjp7ez9fxvzkwpfk96xd6752urpyu9nncqdw93jdu07s0,,SPORT,,3298512657310,,10000000000,,5,11,285,3298512657310,11,5,3231225948,340000000,0,340000000,10000000000,0.0499
pool1n7s5kpymwd0zsld8q23tpf7z5esjaqwmnnzzssee5630zpx5ww0,,RABIT,,431798099733,,150000000000,,0,13,285,431798099733,13,0,0,0,0.01,340000000,150000000000,0.006500000000000001
pool1n7zh6hu89v9lz6d8ggjr9xll8q8jqr5aa4qxkfnlfh2uj39802c,,ARIA,,400944493,,100000000,,0,1,285,400944493,1,0,0,0,0.1,345000000,100000000,0.0
pool1n7zhzk2zyvqywfj476s4xk9h0xzncsq37469d8cyg37lsngvvqp,,PUB,,45851821,,10000000,,0,1,285,45851821,1,0,0,0,0.024,340000000,10000000,0.0
pool1n8r5ecd9vuxxquu8zhrn3ltprn7uk2k90nyvnavegkcqkl94x30,,VEGA,,556575100434,,200000000,,2,13,285,556575100434,13,2,1076455749,350941772,0.01,340000000,200000000,0.0084
pool1n8xmcjuadnkn8kk9axtjt3ahx5amj4nc8446grdjzfdrzl77xh6,,,,148435878,,100000000,,0,1,285,148435878,1,0,0,0,0.15,340000000,100000000,0.0
pool1n96ql32ct37n8w0l9ddhnc2t8tv0uyd6kuhzua8uxy63xs35wgl,,,,2944965,,1000000,,0,2,285,2944965,2,0,0,0,0.02,340000000,1000000,0.0
pool1n9vs3ye3939ae8x6jfkf0unksj7q05zgsk2fnm8lhve95w3j0rs,,ZOOM,,1354324795,,1000000000,,0,1,285,1354324795,1,0,0,0,0.015,340000000,1000000000,0.0
pool1n9wslu03uufl86uw6glnk5vca952c82gk7qd9mftvxqej3ywj8k,,GEST,,3280155546,,1500000000,,0,6,285,3280155546,6,0,0,0,0.015,340000000,1500000000,0.0
pool1n9y5dfdgqcssqkw6emewuty89q65u0wnmj2yup6krdyn6h5g49t,,,,1194442134,,500000000,,0,3,285,1194442134,3,0,0,0,0.02,340000000,500000000,0.0
pool1nas73ykumj4ns95yawdxc2kfam5cj6yqw8sejgl4g844vnvuxzc,,2BIT,,11882349638,,500000000,,0,3,285,11882349638,3,0,0,0,0.02,340000000,500000000,0.0002
pool1nc8vcafsgemc2jx7mmze3sppakahrl4z5qqauw6znr93jfyqv6j,,,,105598999277,,100000000,,0,10,285,105598999277,10,0,0,0,0.01,340000000,100000000,0.0016
pool1ncg357pkgx29g6jrwunk94pwxe409ktxyrw8s0k66vwkc4qdgnu,,BIMI1,,25002422757,,25000000000,,0,1,285,25002422757,1,0,0,0,0.05,340000000,25000000000,0.0004
pool1nchr83fc0hrykvhlnh64n3wlt5vkdu727xjep59znrwzs589jdd,,CANDY,,611099736401,,10000000000,,0,3,285,611099736401,3,0,0,0,0,340000000,10000000000,0.009300000000000001
pool1ncst8jldzmwa4s874u3x4q7seqjyq3njc89a2w2056m2ywktd6w,,PROUD,,1624121,,0,,0,1,285,1624121,1,0,0,0,0.02,340000000,0,0.0
pool1ndtsklata6rphamr6jw2p3ltnzayq3pezhg0djvn7n5js8rqlzh,,,,42319565194,,10000000,,0,14,285,42319565194,14,0,0,0,0,340000000,10000000,0.0006
pool1ndu9fpv7prmp6r6k23lzx6fcpjlvh6upl3w8ghldys467u6vvrl,,STAG,,1405326847,,1000000000,,0,2,285,1405326847,2,0,0,0,0.039,345000000,1000000000,0.0
pool1nee5kmpzv0qfz7lu258fe9ylgxh68lsqqdmjgw7jnheej3usn35,,IOGP,,64328591517480,,64000000000000,,79,1,285,64328591517480,1,79,,72665642162,1,500000000,64000000000000,0.9739
pool1neennc0qzax6hznv9v0zw4yylu357542yg8e30n92jf4uexd6j3,,DEEPP,,25485927979,,500000000,,0,2,285,25485927979,2,0,0,0,0.01,340000000,500000000,0.0004
pool1nf8990yn76kp9csnfrrl9aar7z8l7pas0jlfu637us5n6sgycem,,ZADA,,9619058,,100000000,,0,1,285,9619058,1,0,0,0,0.15,345000000,100000000,0.0
pool1nfje5mrmse7m2ru34ye5pzpm4wkv30sj3fqm9rxxffevue7wdhq,,,,10007448057,,10000000000,,0,1,285,10007448057,1,0,0,0,0,340000000,10000000000,0.0002
pool1nfsrjxsgwt9k6zsp8eg64wq25z9c2gqmqx6gqnugsrraz4sa3a8,,,,3336954879229,,0,,2,7,285,3336954879229,7,2,1066165645,350944967,0.01,340000000,0,0.050499999999999996
pool1ng0wg25mkdkcmryzh5dcw70p0462z7svegxr9c7d2k5cqf9tt2k,,,,466984959,,54000000000,,0,1,285,466984959,1,0,0,0,0,340000000,54000000000,0.0
pool1ng3vqzrhn3z45yjdscv3q37n26g2pj3vp99rfkgv6225y8lqg8j,,EVE2,,51218666767638,,1000000000,,45,25751,285,51218666767638,25751,45,30225625135,1335544513,0.03,400000000,1000000000,0.7754000000000001
pool1ngky6qkcfwg4y6pdz5m8mrmtknpp2sv06fh0lh02fqmevzcfxf6,,,,12551513452,,10000000000,,0,1,285,12551513452,1,0,0,0,0.001,340000000,10000000000,0.0002
pool1nh9j5qucsddxkzn3m4dm4gxkhwtpya4wm4e0ye2u0puaqgkcm65,,,,243064317817,,250000000000,,1,3,285,243064317817,3,1,1341556,340000000,0,340000000,250000000000,0.0037
pool1nhd907krga9dh69kf0jg4tl0764rravepy337gptvsknxyyx94k,,TOPO⚡,,1782539990233,,65000000000,,0,570,285,1782539990233,570,0,0,0,0.005,340000000,65000000000,0.027000000000000003
pool1nhls8e9swnyshldgjknku4npreax075nw0ltrkmrarh4w3skxt9,,DAN,,35342941283047,,100000000000,,33,813,285,35342941283047,813,33,22666593421,922912006,0.025,340000000,100000000000,0.535
pool1nhlv5z2lsptzgcp9ype0mppc7zyndm66ypm4sw5hy27ewdchqx0,,PPCX2,,65528791245025,,1000000000,,52,2405,285,65528791245025,2405,52,36520049227,340000000,0,340000000,1000000000,0.992
pool1nhstzc6dk7d04k83yfccyrylzewhpd422kall4u6a5ck5c0pw3q,,K2P,,929871418,,100000000,,0,3,285,929871418,3,0,0,0,0.01,340000000,100000000,0.0
pool1nj6ywxadn9uky0fj457pflc5kdq0q3hz5ke6ut3u3at4k6uucv2,,,,1127970053496,,425000000000,,1,29,285,1127970053496,29,1,226218141,352585512,0.0333,340000000,425000000000,0.0171
pool1njs6ejpvdkt3cee7u8ekqyunmufm82jjrehtg42xd28m7zhzn5v,,SSCC,,126660459,,0,,0,1,285,126660459,1,0,0,0,0.03,340000000,0,0.0
pool1njzry7kcm6p0skyqr5hkn8j454c5mjjyeavfwxxytzz5za8v6ud,,,,52791882952,,100000000,,0,5,285,52791882952,5,0,0,0,0.02,340000000,100000000,0.0008
pool1nkjntlhtjrts0zgutt93kgqx20fjw28su7p5ccg5v6d07x744vg,,CARDA,,46127302814,,5200000000,,0,7,285,46127302814,7,0,0,0,0.006,340000000,5200000000,0.0007000000000000001
pool1nl74emh67vuyt8cgv6gwhjnrctxgrpqlrdzznj4l3lh5j8lj3ah,,KTN,,34916358469979,,50000000000,,36,32,285,34916358469979,32,36,24167445845,1614050995,0.05,340000000,50000000000,0.5286
pool1nn6dyvy92wz4g83dv63w5zxtnq7v6pl2hcs85u99j4lgyv56l9q,,BIDU,,25002623018,,25000000000,,0,1,285,25002623018,1,0,0,0,0.025,340000000,25000000000,0.0004
pool1nnfwte5lhr8rxjye4a8m8krt5fsu6fs2g39g6ccq09nqqf8sekw,,,,25300000,,100000000,,0,2,285,25300000,2,0,0,0,0.04,340000000,100000000,0.0
pool1npdsmx25352qzj33rk2mtvc6u7c339qs0vv7gy43t7kpcapw95d,,,,628205826617,,100000000000,,1,6,285,628205826617,6,1,310325772,347169879,0.019,340000000,100000000000,0.0095
pool1npx8wwtj8knlavx6h7spcj7sk6n6dd5qa0npk9fcdefd542y9vx,,,,150610962,,100000000,,0,1,285,150610962,1,0,0,0,0.01,345000000,100000000,0.0
pool1nq0jx33p0sfa2fux33yklkzssck4kfgaqlgnlc0a7a9ggqzhgnt,,,,325268611,,100000000,,0,4,285,325268611,4,0,0,0,0.15,345000000,100000000,0.0
pool1nq4gzf2rg2awcy6muzxtdsv7v6a50ds2m3l45szrxhyp29xmjmg,,,,3000000000,,490000000,,0,1,285,3000000000,1,0,0,0,0.005,345000000,490000000,0.0
pool1nqm7rm98j5z027kdfcf09kunacz2w672xzx2ucdxacs954r5dul,,SANTO,,100115143202,,1000000000,,1,9,285,100115143202,9,1,355358026,340000000,0,340000000,1000000000,0.0015
pool1nqveuw4q2yw9u9x6yzy260skdwc309krsx32hmgvpyp962mu996,,,,962901541,,700000000,,0,2,285,962901541,2,0,0,0,0.01,341000000,700000000,0.0
pool1nr2pl3yqx65hq6y2r8unlnrejfkypeh84zezf44u7glcz50yzet,,KHAN,,14869828665678,,26000000000,,20,17,285,14869828665678,17,20,13349901621,970155196,0.045,340000000,26000000000,0.22510000000000002
pool1nss40t2xhh7ntgp8ca73u2xd8kzyn3dgtf9jfh0y57kxul9zt82,,,,2505935802,,15000000000,,0,3,285,2505935802,3,0,0,0,0.01,340000000,15000000000,0.0
pool1nt2cscruqlyaweml7sffh0fqqgw9vxddceukedxkecq8wyfrha4,,MGC8,,507683047,,505000000,,0,1,285,507683047,1,0,0,0,0.02,340000000,505000000,0.0
pool1nt6t7kjdsyqxh7uwsg0xgwqqddz3rtgedh9atevzp56ksafz5x3,,,,231224987388,,60000000000,,0,27,285,231224987388,27,0,0,0,0.02,340000000,60000000000,0.0034999999999999996
pool1ntfxj2jgvhzen8e86ed679ctukar3vj538ywyyq8ryld66jj4sx,,XRAY2,,381259479581,,100000000,,0,45,285,381259479581,45,0,0,0,0,340000000,100000000,0.0058
pool1ntr0gyvdenpqm9uwwguaw028ayuuck2vx580l2r3radvg6m38pl,,FAY,,1906192392377,,324900000000,,2,61,285,1906192392377,61,2,841975327,393701087,0.049,340000000,324900000000,0.028900000000000002
pool1ntwurms3f0j4kqe5wfpg9chlasylp0lmuw72m4fn66vnuyrvs8v,,MANGO,,1317245387948,,180000000000,,1,15,285,1317245387948,15,1,313584107,340000000,0,340000000,180000000000,0.0199
pool1nu6c26gql6yhnpagsp6nt0phc36vfjr5q9x0eerm5534gy4jqul,,,,103373852904,,5000000000,,0,13,285,103373852904,13,0,0,0,0,340000000,5000000000,0.0016
pool1nudasuv0lljpe0tswcverqvlh0v4226vgnpsuxn0e9nkvnvcvne,,STI,,46436858281619,,50000000000,,38,4384,285,46436858281619,4384,38,26337347944,742914894,0.015,340000000,50000000000,0.703
pool1nuhdrn8v7jrqpqtyrjhqqd2jtjff2pks6sz7qfsurp96vqdswz5,,,,10833336497,,10000000000,,0,2,285,10833336497,2,0,0,0,0.05,340000000,10000000000,0.0002
pool1nusynxpeg9u8ea7s9snmc7cf25apfk0guzdu4dwxz0uwjr378xt,,,,23959418968,,5700000000,,0,10,285,23959418968,10,0,0,0,0.0183,340000000,5700000000,0.0004
pool1nux6acnlx0du7ss9fhg2phjlaqe87l4wcurln5r6f0k8xreluez,,,,69734133961,,25000000000,,1,25,285,69734133961,25,1,165075569,340000000,0,340000000,25000000000,0.0011
pool1nv2v58ts5wdct8yg57ujnv7meru8wz72xpxvqn7ckgsu2kq8fqa,,,,15897412116,,13500000000,,0,6,285,15897412116,6,0,0,0,0,340000000,13500000000,0.0002
pool1nwcu3al5vfm7t3dtvyuu4hlmlvezd05c5v386q90hlptks4mqw3,,AARD,,948894873513,,450000000000,,1,3,285,948894873513,3,1,179372803,342834009,0.0075,340000000,450000000000,0.0144
pool1nwddjgvjrke3e2gu6m0a7y04alhgcx4egec6dd9gahr5sz0p5u9,,BZH,,142716801063,,60000000000,,0,16,285,142716801063,16,0,0,0,0.01,340000000,60000000000,0.0022
pool1nwfzutmm6et5yt6mdk6d3ls57qfmwje0hwcepr3dn68mu9wl0pd,,GAIN💎,,101920831696,,100000000,,0,3,285,101920831696,3,0,0,0,0,340000000,100000000,0.0015
pool1nwt6mxqus3tpzrshky5h5kykz9rjpxmacrvw0z6yak9uk5p5045,,DNEWS,,28650362625409,,40000000000,,29,2421,285,28650362625409,2421,29,19344465559,1359729144,0.05,340000000,40000000000,0.4337
pool1nwvfpwq36ea6ne5czpvpun7pr89qcg654kmu6ml4vjc2xzwlx4u,,BNP,,65880295900181,,2000000,,54,2,285,65880295900181,2,54,36073261141,2647664941,0.06,345000000,2000000,0.9973000000000001
pool1nx2g7dzc90uu47e8kp057r59g8z5sz6v0x76wsph8xpcqzqycv7,,FLY,,146699619058,,1000006619057,,0,1,285,146699619058,1,0,0,0,0.0147,340000000,1000006619057,0.0022
pool1nydxffhrmpn0ft6wpg4l6cwp2jr2glxvx5hxr69xknl0s5p603w,,,,1761721093919,,1000000000,,1,11,285,1761721093919,11,1,347506453,346604420,0.0175,340000000,1000000000,0.026699999999999998
pool1nyf8x2xrlmfqwy9shqrlx2csentnzyjmxr0r3w0ljuaqz5ek7qz,,1PCT6,,27859619610702,,50000000000,,29,109,285,27859619610702,109,29,20096423396,544766865,0.01,340000000,50000000000,0.4218
pool1nyh6jcznks8wvlek7r7rlvg9hfchfqqyvup39ugkmr6kghrl0as,,HNB1,,117430489152,,100000000,,0,24,285,117430489152,24,0,0,0,0.037,340000000,100000000,0.0018
pool1nyq3fcx438ydyprzfnpg8y8nkekmjqe2gp3mh04e9hv22ljaavj,,,,2905364435,,2600000000,,0,6,285,2905364435,6,0,0,0,0,340000000,2600000000,0.0
pool1nzsjg3cuam3uj39qusn44cs2uj7h30lppqsrqsllwxs2c8fx4xs,,,,4824977410099,,0,,7,942,285,4824977410099,942,7,4356179347,525498766,0.04,340000000,0,0.073
pool1p0jc0n0sqhj7fhm8sng8086akyyrsl085cvd6ewskhhly9tn3d0,,,,100257520,,100000000,,0,1,285,100257520,1,0,0,0,0,340000000,100000000,0.0
pool1p289t8je3ctxklh4ka487cxcrl8yyxzjexgeyyyqkqn0x3yuhus,,ZOO,,44369087499,,11500000000,,0,24,285,44369087499,24,0,0,0,0,340000000,11500000000,0.0007000000000000001
pool1p2ldp00jsl5l9xpg9m77zavhqmw7amtg5nlf0jwudlu2zaq389s,,WOLV,,482712355710,,350000000000,,0,12,285,482712355710,12,0,0,0,0.0175,340000000,350000000000,0.0073
pool1p2wmgvnvxvwyxhy7h6guzjesqwp3ku8t5kskcul69n2k7n7gyk2,,,,533989438762,,7500000000,,1,129,285,533989438762,129,1,376205108,340000000,0,340000000,7500000000,0.008100000000000001
pool1p42f6kw9lkgw5tn77kqyrc22zrs4uq298p468gacwzw6gq0ckq2,,WISE,,3395111368665,,5000000000,,3,12,285,3395111368665,12,3,1808585376,340000000,0,340000000,5000000000,0.051399999999999994
pool1p4a0vuantvzu9ysk3w430vgxjjfa95g0uz2sw8e4tltjg4jhkwz,,LUCID,,51450413370,,50000000000,,0,1,285,51450413370,1,0,0,0,0.01,340000000,50000000000,0.0008
pool1p5ja48uqc7pjnuqvwu7cgmspvx938qpnf4zqm0x2k0ngkh4lkjx,,SIPO3,,12024502167659,,50000000000,,7,213,285,12024502167659,213,7,4543689119,457017784,0.025,340000000,50000000000,0.182
pool1p627hhec2ha6wu6ql377c3hv4mjd26w7ll0xyw2ezgnu6nyl0a4,,PMW,,115805224598,,100000000000,,0,3,285,115805224598,3,0,0,0,0.01,340000000,100000000000,0.0018
pool1p6hcxptwdpepslluq44shkzgk72k5gsszhhllykdcvts6xnrwvg,,,,100227494461,,100000000000,,0,2,285,100227494461,2,0,0,0,0,340000000,100000000000,0.0015
pool1p6x3d9ztfeljqcww8zdt9crdtsvsqszdhf56qwvg32elsy8e38v,,,,427830426149,,1000000,,0,25,285,427830426149,25,0,0,0,0,340000000,1000000,0.006500000000000001
pool1p7gc68784lys27hc5yk25zmez208ykpx8y2hrr5qmz9aspdyrky,,CWSP,,3567014326510,,25000000000,,4,48,285,3567014326510,48,4,2498378138,352643375,0.005,340000000,25000000000,0.054000000000000006
pool1p7mhtnmcst29u7ws7d70lhugg4udywmhdgggy4km0dnnga0tymr,,,,101520764098,,1990000000,,0,2,285,101520764098,2,0,0,0,0.01,340000000,1990000000,0.0015
pool1p7rhyhffkw7xewl8c2c0dlaa406q7qfztg2hxa3aw4u2uaqlqla,,,,197625746,,100000000,,0,1,285,197625746,1,0,0,0,0,345000000,100000000,0.0
pool1p7x98437an7p6c7jf9zdkd0ekmw077q4a3c3r3lazxr0ccgf5vp,,,,108071829385,,14000000000,,0,5,285,108071829385,5,0,0,0,0,340000000,14000000000,0.0016
pool1p8a3jea0k5w749jf0jtr7qeer8xth9r0zr8ktmp75heqx0ewyz7,,,,51498021487,,50000000000,,0,1,285,51498021487,1,0,0,0,0.0195,345000000,50000000000,0.0008
pool1p8cgpwp63e08jsckma4y83x4ehc3ynt0tuameh99hmreg0hf7mx,,OBI,,5317743748,,5000000000,,0,1,285,5317743748,1,0,0,0,0,340000000,5000000000,0.0001
pool1p8dt73yntud6mphs2wgzmnygtp55fmgke0h2rtk4s9qk5j5uqs3,,OPSCH,,305248043693,,10000000000,,0,17,285,305248043693,17,0,0,0,0.01,340000000,10000000000,0.0046
pool1p8fhygz7ga9hghhwmkr64p3ftn77lxu9nyddvsqszattcdyajc0,,SUNNY,,45450551142066,,1000000000,,35,1120,285,45450551142066,1120,35,24464936017,587551860,0.01,340000000,1000000000,0.6881
pool1p8gda4td9882kcllejstrzfh84n8cxts0j67dyuuamzdg85cf3a,,ALL1,,10097029715,,10000000000,,0,1,285,10097029715,1,0,0,0,0.01,340000000,10000000000,0.0002
pool1p98qztq2t77u89vvsratsmsx8hu965w4n7xneg5qu7gtgcdude0,,,,11633160,,5000000,,0,2,285,11633160,2,0,0,0,0.05,340000000,5000000,0.0
pool1p9sda64t6l9802tsu2fj6phvt9xfqgcpjucyr3kek8wzurmn8rz,,K8S,,2005708218851,,200000000000,,1,60,285,2005708218851,60,1,341689185,342829107,0.0075,340000000,200000000000,0.0304
pool1p9sjhjx0v3k76wvgdqu7jcks2ra48wqlhc6g0mkewd25k3zcymy,,WA2,,53003649804002,,50000000000,,36,252,285,53003649804002,252,36,24109751252,1587537713,0.048935,340000000,50000000000,0.8024
pool1p9xatmrk0zdwckytc29zlnat4hhnr3ksw8sksnss4azmk85v0mj,,HOSK,,120845145198,,50000000000,,0,7,285,120845145198,7,0,0,0,0.05,340000000,50000000000,0.0018
pool1pavpy40ahr5w3rfkw63uhm0r8c0jg4shrjlrjfnt8km8jewpjan,,,,65823627113109,,2000000,,55,7,285,65823627113109,7,55,36751965222,2685990217,0.06,340000000,2000000,0.9965
pool1paxzxl23ygch4ad08m8zu477atpfumdeg6uyrvg579eawvsy77z,,VELES,,226366835,,2000000000,,0,3,285,226366835,3,0,0,0,0.01,340000000,2000000000,0.0
pool1pc45vulk24gjhmuujsmzptsdqqswjxp0fgfa3vsgw03tc0lp2ts,,ARCH,,102190903,,72000000,,0,1,285,102190903,1,0,0,0,0.075,340000000,72000000,0.0
pool1pclcqwg45da00d4py9qfry3k86w7vkzjgfmvyrpx75g7u8t9nwf,,OZZY,,2647042215635,,35000000000,,3,168,285,2647042215635,168,3,1791086644,340000000,0,340000000,35000000000,0.0401
pool1pcsj4zltacqzdjefsqsyysgk3hkrusxdp4uyt0delernwcusn2g,,LIGHT,,3146953788237,,1000000,,3,3,285,3146953788237,3,3,1767923500,376227223,0.02,340000000,1000000,0.047599999999999996
pool1pcufq7q37d0mn9ks98wr862rkmppm98am4cv5avv5u25gl4ll45,,,,10821255,,13100000000,,0,1,285,10821255,1,0,0,0,0.01,340000000,13100000000,0.0
pool1pcyjd40wegzvzkhvmfrylzsg43h962f2zvgcpg9hc26826wefsn,,,,25990643458,,25000000000,,0,2,285,25990643458,2,0,0,0,0.01,340000000,25000000000,0.0004
pool1pdsnzs8aft7hfq3xcmvgltt9vmncwsvsw955p29nra8g5hves4x,,GINO,,13882779884345,,0,,16,223,285,13882779884345,223,16,11107768467,340000000,0,340000000,0,0.2102
pool1peayemzlkmcwn64c455mx8sxdaztq0xuv9hdxlp0kcsxz57up3z,,AID1,,1093914730118,,50000000000,,0,12,285,1093914730118,12,0,0,0,0.05,340000000,50000000000,0.0166
pool1pemnlylem2e94xguhd3fytj90848kpv4agvr6rthx2tp58z79ek,,ACL,,34668990733551,,250000000000,,28,341,285,34668990733551,341,28,19419946294,537611569,0.01,340000000,250000000000,0.5247999999999999
pool1pf38y47whkqua0pkd7redeh6nhlvff6kckx8x9hxzlx8yakmruz,,,,124704263106,,30000000000,,0,2,285,124704263106,2,0,0,0,0.015,340000000,30000000000,0.0019
pool1pf6yhzdr9vpct5rc3dtwersl4lyuglp80l4jc67kf2qj29xjg2u,,TAVN,,5342803357958,,1000000000,,4,482,285,5342803357958,482,4,2497670367,365279890,0.01,340000000,1000000000,0.0809
pool1pfdd8d8n7jx0xnk4uev3x36se87c747w6l2d5x7fanh5w9evhw2,,BRAVO,,1200807659092,,501000000000,,1,62,285,1200807659092,62,1,278995062,343778248,0.01,340000000,501000000000,0.0182
pool1pfl8ssfunf32pe5dyntel7eqc4gutej3f9r70h8ss7v3vesdtks,,GOLF,,9277378641,,1000000000,,0,10,285,9277378641,10,0,0,0,0.0125,340000000,1000000000,0.0001
pool1pfprlfz0ywcnewjegazz05ghgcfkvu40v6edsz6yn8w362sdjr8,,ADI,,5349112467540,,80000000000,,6,381,285,5349112467540,381,6,3849122346,371530364,0.008,340000000,80000000000,0.081
pool1pg2fxvdpl9d8kdsfln3lvmwwk0apwvw6ykc5fyuc9jamgk6yvmt,,,,536938090572,,25000000000,,0,4,285,536938090572,4,0,0,0,0.04,340000000,25000000000,0.008100000000000001
pool1pg2k7lp6w68vlvdycug2ycu3mkrt0z4ftxay4g8zchj87mw6ug8,,VJRAS,,101732045182,,1000000000,,0,1,285,101732045182,1,0,0,0,0.02,340000000,1000000000,0.0015
pool1pgdw8zfuwjkqhkl5fycfkdplkwqkmwvx7gsr2rkvvpnf23wwg8r,,,,3396396549,,128000000000,,0,2,285,3396396549,2,0,0,0,0,340000000,128000000000,0.0001
pool1pgjmfyr8uj8794w38xjyyu5sq797wef068eu3elcqaa6s75s432,,,,344241028402,,18500000000,,0,16,285,344241028402,16,0,0,0,0.04,340000000,18500000000,0.0052
pool1pgx683rwwxe2g8j7kdufmaz075fd4gvsj8c7cuwjwa6ecm7nnm2,,NOUT,,93557727432,,1000000,,0,26,285,93557727432,26,0,0,0,0.01,340000000,1000000,0.0014000000000000002
pool1ph7r97xcqudw7xuvmlv86pz2rqzzjzkvp8t4rlu9x6q0w4eq794,,,,36459361395,,10000000000,,0,2,285,36459361395,2,0,0,0,0.015,340000000,10000000000,0.0006
pool1phdz6sn3xs9fyytvhqpjc945jytmya6j4v8l3v7ksyczzdplawf,,DINGO,,4415223467214,,50000000000,,9,35,285,4415223467214,35,9,5973144752,401152405,0.01,340000000,50000000000,0.0668
pool1pk6q8vjxu0404jzq0dpt7fceyz9yu57lmx5csne8tmce5nx523m,,,,35990697887,,30000000000,,0,10,285,35990697887,10,0,0,0,0.02,340000000,30000000000,0.0005
pool1pk7cjkcdsawxf25dwml0ely8vhjx7wp7nqans3jwatanceyqae0,,RIOT,,10080695126917,,0,,14,201,285,10080695126917,201,14,8752806187,583088538,0.025,340000000,0,0.15259999999999999
pool1pk8mzy6c7ef6m3qxc9gg6flec96pcn4sdd6maakkweyf5whuuu7,,,,4944929689097,,50000000000,,2,556,285,4944929689097,556,2,987721794,350537795,0.01,340000000,50000000000,0.07490000000000001
pool1pkpey8fua58sqvkwr9w4zyxhnvrqhnucnu8g2cupeggsyxee6ke,,ELI,,1237309818,,700000000,,0,1,285,1237309818,1,0,0,0,0.1,345000000,700000000,0.0
pool1pm635fj8skdkh0lvhtcygateyt4nt4gj5rap28zqpe7rv0wgdhf,,,,2050621,,100000000000,,0,1,285,2050621,1,0,0,0,0.03,340000000,100000000000,0.0
pool1pmcgmdd2984nzs2azxmau9umr49sqf3sr0kgphhra6yfg67nt00,,,,105542980488,,10000000000,,0,7,285,105542980488,7,0,0,0,0.02,345000000,10000000000,0.0016
pool1pmrgd8snhv0nnj97xcg70nqqhg0v9g3d0e93jl8vn23wxtsxz53,,CALM,,33485355532046,,50000000000,,41,408,285,33485355532046,408,41,28339142180,835532038,0.015,400000000,50000000000,0.5069
pool1pmyave37l324x5phh0s7tdy30kx9mdzmqnj829teccun2je37xw,,,,1039577219906,,2000000000,,1,91,285,1039577219906,91,1,371937304,343770102,0.01,340000000,2000000000,0.015700000000000002
pool1pn36hexudnjg6uwvxc5tld3ay2g6ty99ardzhn7crhkhzshjpte,,YKSB,,2562606942,,500000000,,0,2,285,2562606942,2,0,0,0,0.02,345000000,500000000,0.0
pool1pnjpjwplwycr9f8zs40hnvga7zfwsgxe49crqsfgkjnvkn54sd5,,,,4165504664,,2002000000,,0,7,285,4165504664,7,0,0,0,0.005,340000000,2002000000,0.0001
pool1pnsk7v8a4eyn9qtqev7k3clazzw2s66cpa850zprqlu5x5eqtuw,,LKBH,,670227332994,,12900000000,,0,14,285,670227332994,14,0,0,0,0.027,340000000,12900000000,0.0101
pool1pnuluy36ukdzv369d4zee8rarpw2k8ukwe5kkdmh06t6y78cyrr,,,,163622402,,100000000,,0,1,285,163622402,1,0,0,0,0.15,345000000,100000000,0.0
pool1pnzwgsgzd6t4788sfr7dxjyusepyq9xaxnpyfcngewqf29t9ayd,,PHRCK,,9091919077199,,3000000000,,9,2376,285,9091919077199,2376,9,5906223973,397778061,0.0095,340000000,3000000000,0.1376
pool1pp346nrz3vw5yujpvgv9tl3vhdnteeqkq6dhykfp5s595jq75rj,,GACHI,,388079450437,,8000000000,,0,18,285,388079450437,18,0,0,0,0.0199,340000000,8000000000,0.0059
pool1pp7tn2w6ken4rpfcjwcdup3g4m5gcdhc9lgvrm3mnxz5stmrhq2,,CROW,,45661694398408,,100000000000,,38,1169,285,45661694398408,1169,38,25776519081,1413632129,0.0399,340000000,100000000000,0.6912999999999999
pool1pp8u7ll3vns5rqqvx0q8x6u7j5ttvkqxfcu0ql54ru9wqrrzpl5,,PURE,,50599307849,,50000000000,,0,1,285,50599307849,1,0,0,0,0.01,340000000,50000000000,0.0008
pool1ppa3vmkff3g4nk22hxudv8sw5nmthkpl5rwt5vjxtq5nukj6tts,,,,893922713,,1000000,,0,1,285,893922713,1,0,0,0,0,340000000,1000000,0.0
pool1ppemdatc6h388xhcx0kd95vd2y2ly6cz6gnjpeul3fmjk27hfsn,,,,22255971325,,20000000000,,0,2,285,22255971325,2,0,0,0,0.01,345000000,20000000000,0.0003
pool1ppqdq5yfkkllrcj0u47pakg9e4ha568pz3a9kkrr6w2kyw8gxv7,,COOL3,,51250334858290,,50000000000,,54,171,285,51250334858290,171,54,37425733769,1108393928,0.02,340000000,50000000000,0.7759
pool1ppshs6x5z9lm5sskrreu8j4ycrydddualr72jpudp63nzls94zh,,,,3593541827,,350000000,,0,3,285,3593541827,3,0,0,0,0.015,340000000,350000000,0.0001
pool1ppznyu6qrvlw9uuqa3tslryjd40nh56jyvmaqw6kdf4kzq3y8kh,,DIGI3,,51030748531636,,215000000000,,53,654,285,51030748531636,654,53,36582687780,1282660677,0.025,340000000,215000000000,0.7725
pool1pq7u53rqdk5nvrdy60lfhjxy3ydqe5ydj75suzcdm2yngfsegsa,,,,2110672525766,,1,,2,3,285,2110672525766,3,2,47645099,372930985,0.03,340000000,1,0.032
pool1prerctlrtn5e63m0zu5ydr2adaxpsypzj6wx3v8y44dsyj2lcwm,,CADEN,,12209338386,,11000000000,,0,8,285,12209338386,8,0,0,0,0.015,340000000,11000000000,0.0002
pool1prn0a3058n4e0evm55gvc5rrawht79p3jxpv42nq7s2ncxhszla,,ADIZ,,1181136569,,1000000000,,0,1,285,1181136569,1,0,0,0,0,340000000,1000000000,0.0
pool1prwcf5nlqz4faek27x2asyjk50fp0hf5tptumzlxpuvtqh3ulv9,,QUBIT,,1484859255982,,100000000000,,0,11,285,1484859255982,11,0,0,0,0.025,340000000,100000000000,0.0225
pool1ps39v4j035ejzrga2qt56cfhjuwx38wved8rd0mujtyh6r5mt3c,,RAID4,,26937030466,,30000000000,,0,2,285,26937030466,2,0,0,0,0.01,340000000,30000000000,0.0004
pool1ps3quyamsmn5cvp403tgjzgpfwha5u4dr2zc3wtts5kgqc078se,,YETI,,95424561,,50000000,,0,1,285,95424561,1,0,0,0,0.01,340000000,50000000,0.0
pool1pshqcksxywy68lt04lw6uf35f4yssekh5dx2mxqmyrukke2z5y3,,ACL,,62627748448905,,750000000000,,50,1744,285,62627748448905,1744,50,34849524910,696325834,0.01,340000000,750000000000,0.9481
pool1psk0c2p7pwactw00nkzjexdw0msn7g8nddc06eyvds6yswr3tjg,,ITC2,,9583667304968,,10000000000,,16,1455,285,9583667304968,1455,16,10544253761,782900763,0.0399,340000000,10000000000,0.1451
pool1pu49urd00qf9zzeghrks03tvszzvrdzecw649ag5dwd07snx69n,,SWING,,31290816833,,10000000000,,0,9,285,31290816833,9,0,0,0,0.01,340000000,10000000000,0.0005
pool1pu5jlj4q9w9jlxeu370a3c9myx47md5j5m2str0naunn2q3lkdy,,NUTS,,11614504304366,,250000000000,,3,173,285,11614504304366,173,3,1647355317,428987081,0.049,340000000,250000000000,0.17579999999999998
pool1pujegnn8qf7xux6tkx2mj2qdn9jf0y4z0t6nma97wdgqudlc9ww,,,,640942071,,100000000,,0,1,285,640942071,1,0,0,0,0,340000000,100000000,0.0
pool1pvsvhzqlrtmseg2mlk600hzs7zqztuqm4ytxyeupa2dyjzs33nr,,,,661448642758,,400000000000,,1,39,285,661448642758,39,1,149166689,340000000,0,340000000,400000000000,0.01
pool1pvu2zdexh8wr4ggmuz90jvqrua6an43qj9m9urs785p8kwjzqwl,,KTN3,,54669744551064,,50000000000,,56,34,285,54669744551064,34,56,37794206939,2331301783,0.05,340000000,50000000000,0.8276
pool1pvxsyzqze90jyyqqewg5spkh6tst0cwyvtvh6qfsn6xx75p2vk9,,,,2639298,,1000000,,0,1,285,2639298,1,0,0,0,0.02,340000000,1000000,0.0
pool1pxgge7vp9w44hqrssa3p7ujkhtw06c239w6hzv63scrvj0jtcr6,,OBRP,,3727461290,,2500000000,,0,1,285,3727461290,1,0,0,0,0.5,340000000,2500000000,0.0001
pool1pxhywws8s8h05c69ug3k4rl6jtpxms23eyag7eawwdvxql8spwc,,,,124190442328,,5000000000,,0,5,285,124190442328,5,0,0,0,0.01,340000000,5000000000,0.0019
pool1pxw4z2m0lmw422hr32dwyy3uz9436g8p7qdmg2sl2w0m5pyk3yn,,STOIC,,2312966189027,,30000000000,,1,92,285,2312966189027,92,1,372753378,340000000,0,340000000,30000000000,0.035
pool1py2uxkvuj926h42s40wxl26dh0ggaq882v4m0hkd99m86vzmwnz,,EARTH,,2336427563380,,100098000000,,1,24,285,2336427563380,24,1,338417599,358870012,0.05,340000000,100098000000,0.0354
pool1pyegru75d64xgg4jh83904nst8fs8qz6mvtxquatv44rkartevc,,IBEX2,,11154221917032,,5000000,,3,13,285,11154221917032,13,3,1739537541,394366986,0.03,340000000,5000000,0.1689
pool1pzcv2snyufcnjvd6nhnn069ujxyagh4lvzvrewxu0c6hxdnw7yl,,8BLOX,,1515562627,,1000000000,,0,2,285,1515562627,2,0,0,0,1,340000000,1000000000,0.0
pool1pzkgztz8y8tgd9tpfu7umep97x7m0c5ck0dpn2vqtf202fyhfv5,,,,17390958401063,,10000000000,,18,76,285,17390958401063,76,18,12125452280,748545984,0.0325,340000000,10000000000,0.2633
pool1pzqdfptvl5f8vh28az37jag2wkfmqz9x8d6eufl8y0z9q34hlr7,,VICE,,1415459377975,,900000000000,,1,29,285,1415459377975,29,1,29330876,355101372,0.04,340000000,900000000000,0.021400000000000002
pool1q0a7a94cfk4ph7gugj636tsuhhd98l2sfjv2adhaff2mvs7kmtl,,NUFI8,,55545509374969,,1000000000,,59,356,285,55545509374969,356,59,40692736089,1599218444,0.03,340000000,1000000000,0.8409
pool1q0jmr57udknpq8k5qtgt5vgdjq9pzrzevf68966wxn8zgz7qy3w,,EPOCH,,3199976542257,,50000000000,,6,117,285,3199976542257,117,6,2607966198,340000000,0,340000000,50000000000,0.0484
pool1q0memmdw4ktr88fkma53tqgkaqeq3wfc476le59rped4cu8tn4h,,JOEY,,7752301960438,,25000000000,,7,258,285,7752301960438,258,7,4662555558,340000000,0,340000000,25000000000,0.1174
pool1q2fh3cl6rx0wv5gry4qx5l4h65qpjf7x99xmq66nqj2fj5g6u9z,,ASTCH,,403999444,,5000000000,,0,2,285,403999444,2,0,0,0,0,340000000,5000000000,0.0
pool1q34qp4ckh590gt99eadtz8w8ag3watavf5adj8qjs7guxmkgk8g,,,,1047621962,,100000000,,0,1,285,1047621962,1,0,0,0,0.01,340000000,100000000,0.0
pool1q3xdrewrldt06rpjx6pzguzm847ujxnmajxrsr7dsthscz4htlv,,MICRO,,16875645072,,10000000000,,0,5,285,16875645072,5,0,0,0,0,340000000,10000000000,0.0003
pool1q3yxwytpwtkk57wlq8cq4jr8x7pzkknwk649vddtqamyjwm5r5g,,,,10412038162,,10000000000,,0,3,285,10412038162,3,0,0,0,0,340000000,10000000000,0.0002
pool1q42574l9xer3khqpshk8w2vc6md6zlah7493fp6zzv9mqurmufx,,,,429144410,,5000000000,,0,1,285,429144410,1,0,0,0,0.015,340000000,5000000000,0.0
pool1q4t8areaz9nfzmwcch46ntz9alkdn5w2rk3yaaagl7uks4qyps3,,,,34433959696,,20000000000,,0,8,285,34433959696,8,0,0,0,0.015,340000000,20000000000,0.0005
pool1q4zgzrq7wh90arjnv3rnxjw82x8dphhh5xv0xj8eay4uvfuzf4p,,,,1502600000,,1000000000,,0,1,285,1502600000,1,0,0,0,1,340000000,1000000000,0.0
pool1q5h54ekx7wwqpfz78y8dppyl6uv7rpyvvr8nhf4es434un4mpx3,,BHMT,,6366480578,,1000000000,,0,6,285,6366480578,6,0,0,0,0,345000000,1000000000,0.0001
pool1q5sspejl875flc0z6wh9y9zxkgqnk0y3aaw8jc0pkxs6cpavm4q,,ONYX,,94610781541,,0,,0,12,285,94610781541,12,0,0,0,0.01,340000000,0,0.0014000000000000002
pool1q5za50d3sr707xkmjtyrs0v76ezxyj8g8uhggfk0wfl77aufd9k,,,,2973874908715,,725000000000,,1,18,285,2973874908715,18,1,286429401,343787618,0.01,340000000,725000000000,0.045
pool1q66d2n39uvln4hazyzv8fyq977mpqus78sjd2369qfn7cptdeyh,,KTN2,,38066044024034,,50000000000,,29,86,285,38066044024034,86,29,19408616433,1363011937,0.05,340000000,50000000000,0.5763
pool1q6hx490qcmzn2zn8nv38j3r5quytw3eclt78rvqgm7mwkkutafu,,,,1146692330,,1000000000,,0,1,285,1146692330,1,0,0,0,0.01,345000000,1000000000,0.0
pool1q6ydlweuzytf4wxdnr9h7qxalu7v3kg4c2t6m7uysn0r67jqx62,,,,557110274,,8000000000,,0,5,285,557110274,5,0,0,0,0,340000000,8000000000,0.0
pool1q78mtn420rhjjwghfmlwuyasj3eq655nhhq3sxkyh3w77dj8zy8,,ZERO,,601877316632,,50000000000,,0,21,285,601877316632,21,0,0,0,0,340000000,50000000000,0.0091
pool1q7k8mmnvsgthp94hpn8jrnacjewplvywq70eef90fv4nu7gedzp,,LOGIC,,9928436909,,0,,0,8,285,9928436909,8,0,0,0,0.04,340000000,0,0.0002
pool1q7n8hjmqqtr9xxr5clr0mdx06vkhetkt3p0l300gn0rd7r9nj4w,,,,2846418747,,666000000,,0,2,285,2846418747,2,0,0,0,0.00666,340000000,666000000,0.0
pool1q7ukp0ajfusagaqy8arsxnkk97yl3tqa8aal3sts5tw8kuq4jlw,,PDX,,1347709184,,1300000000,,0,3,285,1347709184,3,0,0,0,0,340000000,1300000000,0.0
pool1q7wrwstqkzhrffdzpw8ftfd4epmxywdjnp8384atjcnezchv242,,SPEC,,8539573340638,,8601000000,,8,86,285,8539573340638,86,8,5225989387,447976240,0.02,340000000,8601000000,0.1293
pool1q80jjs53w0fx836n8g38gtdwr8ck5zre3da90peuxn84sj3cu0r,,000,,3229221862059,,2000000000,,2,715,285,3229221862059,715,2,963931786,361049535,0.02,340000000,2000000000,0.0489
pool1q86d5lfjtyrq8yzkyc55dy5p4yw0qvgkp5nqgr9ld5fv6ustg8h,,,,2578617078,,1862817955,,0,1,285,2578617078,1,0,0,0,0.02,345000000,1862817955,0.0
pool1q8sll5g69z98q6mmu5teg7zn4fnlsqjyq898e6cxmec0cj9lk6r,,MATRX,,59920539703,,100000000,,0,3,285,59920539703,3,0,0,0,0.02,340000000,100000000,0.0009
pool1q9kwa675j2z53jecrs6pn3fqsc9ypxrsypu5dgu6hammqkagy22,,TIGER,,533361887579,,369000000,,1,34,285,533361887579,34,1,355264160,343771682,0.01,340000000,369000000,0.008100000000000001
pool1qa2h3hha0m5he0429ym7tqvsn89nsddvn7wgkx3v8g6hsstdzc0,,SNSKY,,57522496553,,80000000000,,0,6,285,57522496553,6,0,0,0,0.02,340000000,80000000000,0.0009
pool1qa6lqyu67ghpa0evxfu9nzqkj3h82qpfku82ec79zdwru4pd25m,,CNODE,,57183047010808,,500000000000,,54,5340,285,57183047010808,5340,54,38028238648,345000000,0,345000000,500000000000,0.8656999999999999
pool1qadgwr92pgx0yz3u9n63f0s9ugryaud6wxers850z6sfu06y3rg,,VITAL,,174248285055,,0,,0,39,285,174248285055,39,0,0,0,0.015,340000000,0,0.0026
pool1qarmuvc39q7ygl2affsuly2hs39mukcag9tunsnu8xudwv8mf00,,,,30391051186,,25000000000,,0,5,285,30391051186,5,0,0,0,0.01,340000000,25000000000,0.0005
pool1qaxrj6n50naglqmzj5puq5sd0awgy9wnqmykpwmcah4vzhndpve,,🐈NNSP,,1918979718489,,50000000000,,2,21,285,1918979718489,21,2,1063166650,340000000,0,340000000,50000000000,0.0291
pool1qcdw8uk5d9ehldhccy926u886qhr07xa354yrkamdde0qku53nx,,ARMY,,4383698170589,,5000000000,,5,12,285,4383698170589,12,5,3109466231,404940645,0.02,340000000,5000000000,0.0664
pool1qcfzjvw0em6g02pwjqpnfh6260epge5ll3z37ckhcylsjuktkvp,,,,1359064897901,,10000000000,,1,51,285,1359064897901,51,1,365730939,347502499,0.0199,340000000,10000000000,0.0206
pool1qczjl9df8lfj90d9zhc77wmy80u98xc0f56c45pjx6tukffncsu,,,,26132614666,,25000000000,,0,1,285,26132614666,1,0,0,0,0,340000000,25000000000,0.0004
pool1qd3hwt2hvkt2jn9lktcjqpdk9cz0mk8qdue35x00p7ud5g0268s,,,,5107235711,,42951872000000,,0,1,285,5107235711,1,0,0,0,0.15,340000000,42951872000000,0.0001
pool1qdjx5xeeu6288ftmhmdr0c6mazkua7m07cydmr78ymfhz7jj7g4,,1PCT,,12370516138491,,50000000000,,6,200,285,12370516138491,200,6,3852321328,379668561,0.01,340000000,50000000000,0.1873
pool1qdrzlpjyf8qvscu3wyttg6z9s475mfmlkk69ulpmlekgyx73fuy,,,,26990327847,,1485000000,,0,2,285,26990327847,2,0,0,0,0.048,340000000,1485000000,0.0004
pool1qel9h28zarup4g5dx95smeggfruq26k47lc8e6wmdzaaywyj63r,,RAID1,,34359434318,,30000000000,,0,3,285,34359434318,3,0,0,0,0.01,340000000,30000000000,0.0005
pool1qetkrhjs9fll3nthuxk6zp0ssanf3rszg5wh8x79mg67gsg7vjv,,CARAT,,8921844798767,,50000000000,,10,26,285,8921844798767,26,10,6575179930,544944959,0.03,340000000,50000000000,0.1351
pool1qfxukshs4fkcrflzdnxa2fdza5lfvew3y6echg8ckaa4q8m5hyf,,NEDS1,,40665137439485,,250000000000,,39,3779,285,40665137439485,3779,39,26320597005,1032227693,0.025,340000000,250000000000,0.6156
pool1qg0g6hv2e50wevkqj34g0cya4f9audctayzp8wqwhxtdjnhn3tt,,,,129457989489,,0,,0,9,285,129457989489,9,0,0,0,0.06,345000000,0,0.002
pool1qgjcr8zldwp926kf6vm0c633wfcamkeepylgpcvw24gdksr0ng2,,,,3300149331097,,500000000,,0,8,285,3300149331097,8,0,0,0,0.01,340000000,500000000,0.05
pool1qgmwcxs8d8qmr0vtvsqd9u8gugrventh5dcqukmu79e2sgfuu8t,,CLAY,,13707387737145,,100000000000,,15,469,285,13707387737145,469,15,10133608745,548345765,0.02,340000000,100000000000,0.2075
pool1qgsylc6kjv29zva4w783fuyf9xxhj78ktgjlxjvppest5ya9pek,,TURBO,,69773374132,,24000000000,,0,2,285,69773374132,2,0,0,0,0,340000000,24000000000,0.0011
pool1qhs3cf9ymc2nvmrd2j8cs36cj9jdqgnqk6s9ngyvy2lz5s8rak8,,PANL,,66598889296,,166000000000,,0,5,285,66598889296,5,0,0,0,0.01,340000000,166000000000,0.001
pool1qkaunkpckny74vcphlg4rh5eqaufnjvheu2x40uyxmklydefjeg,,COCO,,306797516698,,200000000000,,1,13,285,306797516698,13,1,4487349,357342280,0.02,350000000,200000000000,0.0046
pool1qkd5y9azf2xx0gmrj68lrkcn59ldjmnpzd3y2rq3tvjp2vqljan,,AMOON,,572942360528,,150000000000,,1,36,285,572942360528,36,1,274722317,343774494,0.01,340000000,150000000000,0.0087
pool1qku2yhky7sv4dfjfv42uyvauhehuqevk25aw952d7ulzqzx3jcu,,ASPEN,,2196927760387,,250000000000,,4,465,285,2196927760387,465,4,2215436167,352626774,0.005,340000000,250000000000,0.0333
pool1qkvt06tjvd5mjf3yms9y6hp22uedn5ys6384pn8k3d4tz3d7j2z,,,,497432393,,100000000,,0,1,285,497432393,1,0,0,0,0.075,340000000,100000000,0.0
pool1qlpen2kkw8yc0pjyjjcg4zlswhrahf73f99y3ae85kjy6leqk7l,,FOFA,,555773848783,,1000000,,0,157,285,555773848783,157,0,0,0,0,340000000,1000000,0.0084
pool1qlxxw3zlgx0kgv2cel0n6z3a6yjs0w8grwtp5xwna8fm2g5tsda,,,,32248413930792,,0,,35,3,285,32248413930792,3,35,22851763502,2196855838,0.075,340000000,0,0.4882
pool1qngadlcclnkqgdwd4l3vp5gmgdc7cpkfek76q7rzscqqk5ak9y8,,UNIT,,16667891963,,10000000000,,0,4,285,16667891963,4,0,0,0,0.03,340000000,10000000000,0.0003
pool1qnrqc7zpwye2r9wtkayh2dryvfqs7unp99f2039duljrsaffq5c,,NUFI,,36589148237195,,1000000000,,20,1979,285,36589148237195,1979,20,13571405611,760079686,0.03,340000000,1000000000,0.5539000000000001
pool1qp7ge7rwk8ht63v8z6vkyw3g8em5qr5k0z0l6ta8mxjtzx4dzy8,,EVE01,,48480711710,,100000000,,0,5,285,48480711710,5,0,0,0,0,340000000,100000000,0.0007000000000000001
pool1qprj52nh0j32p5vq290rludcfz58kujyszt5ztfvj2ymx43649f,,,,32329801989125,,0,,35,6,285,32329801989125,6,35,22853151818,2196855837,0.075,340000000,0,0.4894
pool1qpuzf5kcxrmuf6qg2nnu9cs7hj2d6ke3fwz58l7rlefcy50caaa,,ANFRA,,198299950581,,107000000119,,0,9,285,198299950581,9,0,0,0,0.03,340000000,107000000119,0.003
pool1qq2vm2xpcj9kf42z4cnw3djancv48sx42chwvgxkjq85ceu8k0x,,CROWN,,22430205242759,,10000000000,,17,750,285,22430205242759,750,17,11457052476,576744010,0.02,340000000,10000000000,0.3396
pool1qq76dtlr0m9g6xlvngzq550j86cgtslphyjffz3pgpn7wazatdc,,ATM,,476539365298,,25000000000,,1,43,285,476539365298,43,1,186875609,351145889,0.03,340000000,25000000000,0.0072
pool1qqenhz258k5k9nyjull6gkzg7s4f3ae8v7qxwpegeef9v0nsy3e,,CHRTY,,15579033004313,,60000000000,,10,79,285,15579033004313,79,10,6738638269,408325350,0.01,340000000,60000000000,0.23579999999999998
pool1qqlf3epa7m8780p2jx5689u2ql06tw026l5377tptk2zswrc645,,CPS,,18694785348548,,1000000,,13,119,285,18694785348548,119,13,8698702941,609462721,0.03,340000000,1000000,0.28300000000000003
pool1qqmvjqwzcg3p0x89a9hd6lgwvqq8wy2w6mcx0csaxq4x6xz7qyn,,,,6886225936023,,0,,6,378,285,6886225936023,378,6,3910848895,359810882,0.005,340000000,0,0.1042
pool1qqq0c53vaf5ju0n3fvujmyxwca0yhp65930evw9lngmr5705csz,,ANP,,7382777708780,,350000000000,,3,122,285,7382777708780,122,3,1742833387,385305709,0.025,340000000,350000000000,0.1118
pool1qqq6qpcq3tvnqzy7r03dush0qk9vrr88v85d6fj3ws9h5zj0h8w,,AHL,,1667189992777,,0,,0,83,285,1667189992777,83,0,0,0,1e-08,340000000,0,0.0252
pool1qqq6qqa0hpzvumv5p87ynczfmdj557xuwlc3289ke42g72z7f74,,AHL,,15978357862792,,400000000000,,13,526,285,15978357862792,526,13,8591972557,501924498,0.018,340000000,400000000000,0.2419
pool1qqq9tqyj69j9kygpxza3h82ynh8d0xlueucnu2yqum8nse8hj7y,,SION,,6175149410964,,22222000000,,9,427,285,6175149410964,427,9,6012694266,340000000,0,340000000,22222000000,0.0935
pool1qqqq02jxq3q9j93devp9pts90ctm8w3r0rgek97ngujpjgpw46j,,ZENY,,119315952256,,500000000,,0,4,285,119315952256,4,0,0,0,0.035,340000000,500000000,0.0018
pool1qqqq4md2rfdt75qvh3x9cgmkrgkl74ctcj3fnxpu3ylcudl22ex,,MASTR,,27104275505594,,10000000000,,26,408,285,27104275505594,408,26,17751968255,706414990,0.02,340000000,10000000000,0.4103
pool1qqqq58jy30weq2an3px3maljdmawcwh6ml4hr8m9euq9z2n7wyz,,COAST,,1631120075667,,500000000,,0,17,285,1631120075667,17,0,0,0,0.035,340000000,500000000,0.024700000000000003
pool1qqqqdktl6pq46td0mwut0qn30g7nlue0sete9wxl0hwsq37wrw8,,STR8,,57427077382937,,650000000000,,53,4060,285,57427077382937,4060,53,37304679503,340000000,0,340000000,650000000000,0.8694
pool1qqqqpanw9zc0rzh0yp247nzf2s35uvnsm7aaesfl2nnejaev0uc,,TITAN,,63450207665152,,250000000000,,52,1976,285,63450207665152,1976,52,35100548352,714293620,0.01,340000000,250000000000,0.9606
pool1qqqqqdk4zhsjuxxd8jyvwncf5eucfskz0xjjj64fdmlgj735lr9,,ATADA,,58464800562219,,1300000000000,,47,2043,285,58464800562219,2043,47,31617706862,1014585808,0.02,340000000,1300000000000,0.8851
pool1qqqqrwzy7njvjq9wph7usj5gghm3py9c97688ek8pgc7uem9cfz,,FROG2,,34533884953539,,150000000000,,30,582,285,34533884953539,582,30,20248137067,1187358967,0.04,340000000,150000000000,0.5228
pool1qqqqvmpm9v2l0tkwx4dpzth3g85lapxjug2j6sucnphyqlt4fuu,,SALUD,,1218716230495,,500000000,,0,30,285,1218716230495,30,0,0,0,0.0175,340000000,500000000,0.0184
pool1qqqqwg5y9jj6uet4amx3mkmzneaxrlhczmpz5admlvddgyhtnug,,HEAL,,106366070143,,25000000000,,1,10,285,106366070143,10,1,21889311,350370467,0.0275,340000000,25000000000,0.0016
pool1qqqqx69ztfvd83rtafs3mk4lwanehrglmp2vwkjpaguecs2t4c2,,WOLF,,1115810482715,,5000000000,,1,28,285,1115810482715,28,1,119710320,351337475,0.03,340000000,5000000000,0.0169
pool1qqqqzyqf8mlm70883zht60n4q6uqxg4a8x266sewv8ad2grkztl,,FROG,,8604963512767,,100000000000,,7,208,285,8604963512767,208,7,4354215351,527417350,0.04,340000000,100000000000,0.1303
pool1qqqyv9pn9typyqwcxqk5ewpxy5p27g5j2ms58hpp2c2kuzs5z77,,ANGEL,,50265268398507,,55555000000,,39,1700,285,50265268398507,1700,39,27026690078,829441733,0.0177,340000000,55555000000,0.7609999999999999
pool1qqqz9vlskay2gv3ec5pyck8c2tq9ty7dpfm60x8shvapguhcemt,,,,6514131803116,,10000000000,,8,164,285,6514131803116,164,8,4303278957,479539012,0.0258,340000000,10000000000,0.0986
pool1qqvukkkfr3ux4qylfkrky23f6trl2l6xjluv36z90ax7gfa8yxt,,STAKE,,49603918021006,,50000000000,,53,951,285,49603918021006,951,53,37327130175,641329795,0.008,340000000,50000000000,0.7509
pool1qr6jmmu8q2u44gzy2xarmnkq70c0ggz72nnh77qmevl62th69k3,,,,12866795727,,100000000,,0,12,285,12866795727,12,0,0,0,0,340000000,100000000,0.0002
pool1qrcuca3cuqye7zgnzceagjzmdxmft648zk4l5jtzutr65g8j9ax,,SOLAR,,44288898023,,500000000,,0,6,285,44288898023,6,0,0,0,0,340000000,500000000,0.0007000000000000001
pool1qrmc270m32g080pks0uvyf0hhj7m8gyhgckkpy32l7nnzrll85v,,,,424685339,,80000000,,0,1,285,424685339,1,0,0,0,0.15,344000000,80000000,0.0
pool1qrp4nzmalqdgc96avaqjha9zp6mkahtzler6tvuupzlvvw786qn,,,,597802867765,,13000000000,,0,4,285,597802867765,4,0,0,0,0.04,340000000,13000000000,0.009000000000000001
pool1qrtqrh039xrsaghmtjuyq0lvj3sveu3zs2yw8t5w4fcuquvct4f,,,,2825320347,,30000000000,,0,4,285,2825320347,4,0,0,0,0.01,340000000,30000000000,0.0
pool1qs6h0y7czzt605kptmrv6cr85kxd6tajr2hs0etvxphv7tr7nqu,,,,49204007088827,,30000000000,,44,176,285,49204007088827,176,44,30098729926,1432463649,0.035,340000000,30000000000,0.7448999999999999
pool1qsxhnvr03tg6jj7cl0y74jd63n85fgejm8tlqq7ct7fexfygkye,,BRNS,,5364970610,,50000000000,,0,2,285,5364970610,2,0,0,0,0.015,340000000,50000000000,0.0001
pool1qu48wpwwarmkewhlwge9xs87sgt8gdnqq26nnre2v6c8up4fxwr,,OBS,,10071955620726,,95000000000,,14,140,285,10071955620726,140,14,9386278968,534070499,0.02,340000000,95000000000,0.1525
pool1quj6cp7w4tarq7hrcdsjxlgcmnunm2xvnpvmj20l9nplue6rjxx,,FGPX,,252250328294,,60000000000,,1,49,285,252250328294,49,1,278830036,351317107,0.03,340000000,60000000000,0.0038
pool1qumhc7996vjx0kvvqwruj7af9w5gq7kh9045aqp9hurp76zgrvy,,,,37076347909,,1000000000,,0,1,285,37076347909,1,0,0,0,0.021,340000000,1000000000,0.0006
pool1qut47mh6wpj9z3sqwyu2flwspw0gmv488whvm4cya0x06sjfva8,,,,4539025342,,1000000000,,0,7,285,4539025342,7,0,0,0,0.02,340000000,1000000000,0.0001
pool1qvag0mdsg785wvvzzznm8z48krxdknrauu72vp248mdzv0lns4t,,,,1630540196,,1000000000,,0,2,285,1630540196,2,0,0,0,1,340000000,1000000000,0.0
pool1qvhss6kxmtl27nr4ugvypayhvt4a4vzll8p9csdg2v8q7d22llu,,ASTRA,,18245774637811,,50000000000,,16,727,285,18245774637811,727,16,10993652536,451352301,0.01,340000000,50000000000,0.2762
pool1qvvn2l690zm3v2p0f3vd66ly6cfs2wjqx34zpqcx5pwsx3eprtp,,VIPER,,1076359022954,,401000000000,,0,66,285,1076359022954,66,0,0,0,0,340000000,401000000000,0.0163
pool1qw5jc5u4k6ck47kdwtwh8msv6t82x5c6qx38hjaycnha6skrek7,,,,4593662,,20500000000,,0,1,285,4593662,1,0,0,0,0,340000000,20500000000,0.0
pool1qwa8x4u4a2pff0xdv0haxpgk3tyrvl5adl2lpf3ztcftqruhea0,,ELITE,,64508155897322,,200000000000,,60,2579,285,64508155897322,2579,60,42108068673,639162622,0.007,340000000,200000000000,0.9765999999999999
pool1qwdffu8pzp59wyvwgjpf0k6dd5el4hkjvx8hgsewx8gl505cmr9,,,,139201074136,,200000000000,,0,5,285,139201074136,5,0,0,0,0,340000000,200000000000,0.0021
pool1qwn9l4vzm4rsrd5kexuafqlsgg4ap877vsunqpm4yq89crm4aqr,,,,79065199,,496030845332,,0,1,285,79065199,1,0,0,0,0.03,340000000,496030845332,0.0
pool1qy23q2qe64n6awyhrz0a97lk34zzcvgpk2e4vqmhjs86swwp9gn,,WATER,,250142515173,,130000000000,,0,7,285,250142515173,7,0,0,0,0,340000000,130000000000,0.0038
pool1qyqnt4kzwwckjjqsj8gmzjrwer3ph9udud2vz4e083zzja6trg9,,TREES,,258318082776,,100000000000,,0,11,285,258318082776,11,0,0,0,0.035,340000000,100000000000,0.0039000000000000003
pool1qyrgege80dny5u2phafvn4u2w4safn6vsffjhx4qm93ay0dkknl,,PKADA,,362649962234,,1000000000,,0,5,285,362649962234,5,0,0,0,0.03,340000000,1000000000,0.0055000000000000005
pool1qzg0lsft8d6zz5vytz5td3f383ra8f46zsdnsa93dgrg2nf7ckf,,,,2711159614,,100000000,,0,3,285,2711159614,3,0,0,0,0.01,340000000,100000000,0.0
pool1qzlw72zfwhhc0ptvzdpld06szu39x9mlm6782efy6sluz932fx6,,BCSH2,,11751449269552,,10000000000,,11,434,285,11751449269552,434,11,5371557523,589328239,0.025,400000000,10000000000,0.1779
pool1qzlw756y0z6ehg9jkerrfrydr7qlvzl5pgset33h3h2akst593a,,BCSH5,,13363613397231,,10000000000,,16,51,285,13363613397231,51,16,8414555211,680057770,0.025,400000000,10000000000,0.2023
pool1qzlw76zztkg02rywyypyw6s0gtkg2zpkaxhl6cq7eauqg8h9659,,BCSH6,,16326990936233,,500001950000,,12,37,285,16326990936233,37,12,7772963261,605603300,0.025,400000000,500001950000,0.24719999999999998
pool1qzlw7den2mlj0fmm65g0fnf46vyhzkhmdaf0f8v3s6skuue6rlk,,BCSH4,,16543630518300,,10000000000,,19,223,285,16543630518300,223,19,9022532411,834071539,0.025,500000000,10000000000,0.2504
pool1qzlw7z5mutmd39ldyjnp8n650weqe55z5p8dl3fagac3ge0nx8l,,BCSH,,26651355117011,,10000000000,,22,436,285,26651355117011,436,22,14963133861,649182161,0.02,340000000,10000000000,0.4035
pool1qzlwlpcsgflr9z3f24fg836tyq45p0kf5cnrp20s8v0psp6tdkx,,BCSH0,,29984458539909,,10000000000,,27,324,285,29984458539909,324,27,18454347923,720798578,0.02,340000000,10000000000,0.4539
pool1qzlwlyu92fsx94qu6u5nw3sy334f5yat3dv3jgx0grrsv0kp422,,BCSH1,,3810877396075,,500001950000,,3,95,285,3810877396075,95,3,1487074282,443888549,0.025,400000000,500001950000,0.057699999999999994
pool1qznyv8g4vxv8ys05rs6dgtzutqc2z9gs6vq85vkn8uq8u0c83we,,,,448455744943,,250000000000,,0,31,285,448455744943,31,0,0,0,0,340000000,250000000000,0.0068000000000000005
pool1qzphrndnev2rxx6ve5a6cd5jwjgx5fkg5qrqf6dj0pvfq92qgsk,,,,36361009285,,10000000000,,0,11,285,36361009285,11,0,0,0,0,340000000,10000000000,0.0006
pool1qzxsenxpx0umcc4sr8lea0afr7rmkqyckgq938yhfx96guljry6,,MONET,,17894735798,,1000000000,,0,4,285,17894735798,4,0,0,0,0.01,340000000,1000000000,0.0003
pool1qzy7mvpszcng5y6m4wa737clzt6h3878wx8xwf2ml0jhqkk7h8l,,ESG,,8423737315,,5100000000,,0,3,285,8423737315,3,0,0,0,0.03,340000000,5100000000,0.0001
pool1qzye552zsje06c8ywtacdee6glsxlrrksl7l6qmqmmu655vxjq3,,BORG,,10531429753,,10000000000,,0,1,285,10531429753,1,0,0,0,0.05,345000000,10000000000,0.0002
pool1qzz0flh92qkg0mjufaw9j2zk72lmvf5n2kuaslk4f8j4ze362w4,,,,509853741452,,100000000000,,0,90,285,509853741452,90,0,0,0,0.022,340000000,100000000000,0.0077
pool1r05v7jh4q99qy7vrh2xa3knpjk35kz8pmj2kacf2hy5mke6vjcj,,SMPL,,12228306669,,12000000000,,0,3,285,12228306669,3,0,0,0,0.02,340000000,12000000000,0.0002
pool1r0dcmvzsldk06yagudxaajqjuzhvwlzcnaclcwtvm8v4qmsn7l0,,,,32194126415755,,150000000000,,32,104,285,32194126415755,104,32,22045430013,792447964,0.02,340000000,150000000000,0.4874
pool1r0sxz0hygfc0266lhdclve6j3cwcwlth6dya6uey65yxjnwm7qc,,BURN,,527170079321,,200000000000,,1,22,285,527170079321,22,1,230456668,343774939,0.01,340000000,200000000000,0.008
pool1r2249l40de8nlj77u77yzk8kxl3av4k09ztswcuqfexzcxwx3k8,,LUCK2,,73294672274,,25000000000,,1,1,285,73294672274,1,1,,340377142,0.001,340000000,25000000000,0.0011
pool1r27ykcu58krnxlp098n78re2rfx3ylmgvfqf84nn9qlfx5j2lsu,,CH4IN,,3599274613478,,10000000000,,7,4,285,3599274613478,4,7,4572550044,433596856,0.02,340000000,10000000000,0.0545
pool1r2g9wv7jyt7haygrmrc2tst2m8m9ssrr3c690ffp49uhywhvmdl,,CRFN,,15481041676748,,750001000000,,19,8,285,15481041676748,8,19,12487735041,473148238,0.01,340000000,750001000000,0.23440000000000003
pool1r2z2v45320taq385pny6gz80hyq3rsue8r8n0w9zpq0c7yjl9el,,,,1014627418,,1000000000,,0,1,285,1014627418,1,0,0,0,0.02,340000000,1000000000,0.0
pool1r42mflzsgl6fe6efj4hqfywx2a8vrejf8vuv5eknl98sc7eqtm4,,,,4598607848,,2000000000,,0,4,285,4598607848,4,0,0,0,0.03,345000000,2000000000,0.0001
pool1r48usrtdxqzt6dmd02xgjss8xgqc9pc92cpkm4pykywnv7n33g6,,,,2729004,,100000000,,0,1,285,2729004,1,0,0,0,0.02,340000000,100000000,0.0
pool1r55hyfrd3tw6nzpkvf4rfceh2f04yph92fc462phnd0akp2s5r6,,COFFE,,31029079310848,,101000000,,31,241,285,31029079310848,241,31,21396683758,668733229,0.015,340000000,101000000,0.4697
pool1r5dqwfl3etjylqqsj8lzhqx4tz0nllkjf3sz4r0heke2xs5kwap,,,,17376958118,,100000000,,0,11,285,17376958118,11,0,0,0,0.01,340000000,100000000,0.0003
pool1r5srulgd6gpav0sympqrkt9f4ykl06lh9sgk0p20r54v7759kws,,DOG,,589199964017,,50000000000,,0,23,285,589199964017,23,0,0,0,0.01,340000000,50000000000,0.0089
pool1r6dzsz6ju52hgelstefrrel4y8fsyt8ck9qgfvvmamgns4vh7w4,,DAI,,118619058,,100000000,,0,1,285,118619058,1,0,0,0,0.05,345000000,100000000,0.0
pool1r6jdncj6ugpuzcvhe5k4r489vm4xuw97hjedprgfw2wcxavms4z,,,,581313133670,,100000000000,,0,5,285,581313133670,5,0,0,0,0.03,340000000,100000000000,0.0088
pool1r6lp6uumua0kvs069y0k5kh3t7acvv4pz9pfw3zs6rmmcs52z4z,,DREAM,,1688197,,10000000000,,0,1,285,1688197,1,0,0,0,0.0007,345000000,10000000000,0.0
pool1r6udkjtvusnrw6c7w76lh9lhy440049n4sa46e3xkhgewdc7dqt,,,,1500000000,,1500000000,,0,1,285,1500000000,1,0,0,0,0.01,340000000,1500000000,0.0
pool1r7tn56lj5j7te7zyj3wvqn0wyw8tr3g96chw6lwnqxjmgggrfd8,,AKLEI,,131680850229,,2500000000,,0,32,285,131680850229,32,0,0,0,0.024,340000000,2500000000,0.002
pool1r7yvz283uq8pktq5l23rqx6g26a9sss744gr29c0f83cq04g8ey,,Drone,,3363256772,,100000000,,0,3,285,3363256772,3,0,0,0,0,340000000,100000000,0.0001
pool1r88vs06qv3vjrndvhewwhz08zc6ka7eqwxvf4stsj53n50nr8n7,,LEAVE,,2638000,,0,,0,1,285,2638000,1,0,0,0,1,340000000,0,0.0
pool1r8938r4ts8f4t8nsp9xl9dktzapt7f67jgpsp4wrju39xrdnaye,,VENUS,,4388496852046,,70000000000,,2,98,285,4388496852046,98,2,1067279923,349304310,0.0085,340000000,70000000000,0.0664
pool1r8zkh6zns7rtpvwa466qf8a0dgqd7r9zmu27qkcyw25xv46y97s,,,,818540955668,,60000000000,,1,26,285,818540955668,26,1,344369051,345659036,0.015,340000000,60000000000,0.0124
pool1r96tdg42e7qpxxef2fhzlusl4wtqjk24kznsj4ttar0f6adw0jq,,,,16263905785,,1000000000,,0,2,285,16263905785,2,0,0,0,0.0125,340000000,1000000000,0.0002
pool1r9dfv5360alp5dh020k050d4n4yh9h4gms9lf0srm43z5zk4d3s,,,,115453029,,0,,0,2,285,115453029,2,0,0,0,0.2,340000000,0,0.0
pool1r9qyjstrc050njg8lm7wxy5874mgu322vyljntdsm5qgxvjcewv,,SHEIN,,417517183225,,0,,1,279,285,417517183225,279,1,341149413,343768446,0.01,340000000,0,0.0063
pool1r9zrp0hpy3dj6lse5vl9yc672v5w7fzrrp62pjcersqe2djm409,,,,125302615918,,25000000000,,1,9,285,125302615918,9,1,300087818,340000000,0,340000000,25000000000,0.0019
pool1ralkckmup253k79hap4chku450qyshezh4sasjqh0ltxu2gytlq,,OYAJI,,3095288737022,,15000000000,,6,12,285,3095288737022,12,6,3944574856,340000000,0,340000000,15000000000,0.046900000000000004
pool1raua8hvrv65aq3gjuk0re4juzdpw4gnpkeq7lyl94j8cv2grye4,,,,1621362,,0,,0,1,285,1621362,1,0,0,0,0.1,340000000,0,0.0
pool1rc5a3yqa4w692649vnazcw5h9azeldc3gc6gkdk9ctlnzwsgqtd,,ASLAB,,773670391139,,10000000000,,0,22,285,773670391139,22,0,0,0,0.01,340000000,10000000000,0.011699999999999999
pool1rcd7qslz3xnpnk9u6tcwegy5r2574uf8suqu24ptg637jha3sr5,,NINI,,9930671323066,,100000000,,11,117,285,9930671323066,117,11,7323074813,491030331,0.02,340000000,100000000,0.1503
pool1rcg65q6m4y2w49n0nvj570xfa3hsyarm5tjnnumy4xm3sw0d6lu,,,,3764858341,,0,,0,3,285,3764858341,3,0,0,0,0.04,340000000,0,0.0001
pool1rcp5ymhahdruut4wqqrdykz64smdvap8h972vtyd84k5ykemp7l,,,,1376562102,,100000000,,0,3,285,1376562102,3,0,0,0,0,340000000,100000000,0.0
pool1rcq8vnrl52890nvt0300w7rgqkuk4az98kd9zcvu43agk3u84ms,,ALIVE,,3449305782613,,5000000000,,2,13,285,3449305782613,13,2,1081954506,341094370,0.001,340000000,5000000000,0.052199999999999996
pool1rct5guwnp6nk9f4ldn5tr3s42j0nm5rxeayv56lxua5ck47ex39,,FIMI,,5401673585229,,10000000000,,6,373,285,5401673585229,373,6,3905291367,379626835,0.01,340000000,10000000000,0.0818
pool1rd02pkrtvme3pd6fznltk62e4cr5ddgq5fmd080neu4mkt8r020,,,,3004708164,,2500000000,,0,1,285,3004708164,1,0,0,0,0.03,340000000,2500000000,0.0
pool1rd0cadxrmef8fl99e2ms3tytzq874m2ahraaexfrhpnr67d7s8a,,PROM,,837566754452,,800000000000,,1,7,285,837566754452,7,1,9243944,349430906,0.025,340000000,800000000000,0.0127
pool1rdlpngqqd54x2ek7s9m8hl5yrc7dx5mlm9wtdqatldm5jfrcgqt,,,,23125940437,,43000000000,,0,8,285,23125940437,8,0,0,0,0,340000000,43000000000,0.0004
pool1re8cmjt895tpx8dx2veg0cew5yqtxnt82sll03e433a4ugnh9w7,,RISE,,13386191367837,,30000000000,,13,90,285,13386191367837,90,13,8777853768,524566236,0.02,345000000,30000000000,0.2027
pool1renn86d9mty7jdq2qy32xk9lyl0lydcqx337e4504fzvvcye532,,,,691946631,,650000000,,0,1,285,691946631,1,0,0,0,0,340000000,650000000,0.0
pool1repwaml372lx5kf3yw7568yhefa4d60r2d07un5gmykyv57ejxq,,IND,,407405934,,400000000,,0,2,285,407405934,2,0,0,0,0,340000000,400000000,0.0
pool1rfwfql54dxqe2f3pht7c8xztq9c5wncdhcp542nk76dcgshtvdk,,,,376518669,,200000000,,0,2,285,376518669,2,0,0,0,0.01,340000000,200000000,0.0
pool1rg4h4fc9j70w3jx86s3vc8vzd7hxwd4sz4j80d93hk7j7mm5dx2,,,,27617078,,100000000,,0,1,285,27617078,1,0,0,0,0.15,345000000,100000000,0.0
pool1rglej4fkg4l99e5agyxsd5w977n5u7chq8wrpwsgmr80292fw65,,HEAVN,,1859252930,,1800000000,,0,1,285,1859252930,1,0,0,0,0.022,340000000,1800000000,0.0
pool1rhepjgtmzjrcgvm3urg5t780d44v5t5enddfv0ps5vjyvefncn6,,,,4369923669,,1500000000,,0,4,285,4369923669,4,0,0,0,0.01,340000000,1500000000,0.0001
pool1rhew9hdp6wpudh22k7gyjtv98r872hca064n8ug8lk3j65ae59a,,HAX,,1094348284,,0,,0,1,285,1094348284,1,0,0,0,0.01,340000000,0,0.0
pool1rhq7qyw4y2s80gstyevm6rhz2lsdsrcstawunxx5eld8csvuvlu,,ART,,1014622153653,,25000000000,,1,82,285,1014622153653,82,1,367636286,340000000,0,340000000,25000000000,0.0154
pool1rhx7apg8ud5kfkdmcwc9eg7jzrt25mhyfe6j053rsdwt60tc579,,,,4672033974,,1000000000,,0,2,285,4672033974,2,0,0,0,0.02,340000000,1000000000,0.0001
pool1rj6apcqxcvavaxp22f75zs9upphena7ntsnut2efvq98g4404up,,APP,,21246693308446,,10000000000,,19,539,285,21246693308446,539,19,12917943579,605706128,0.02,340000000,10000000000,0.32159999999999994
pool1rj8zkzk3dm0lmnjtafczqfp8sshmang8gg85eypjeh2e6cve0vl,,STKD,,45323345296139,,0,,34,27,285,45323345296139,27,34,21544176095,2744098988,0.1,340000000,0,0.6861
pool1rjggcpcsr7wfnt4rl67yra2k658yqc9y6h3zzkaq5x9r766zlz7,,,,3893237634279,,2500000000,,7,13,285,3893237634279,13,7,4677449033,340000000,0,340000000,2500000000,0.058899999999999994
pool1rjv02n5qtyden5frvyy34udlz3nqtkyu742mghcsww8nk4qycsh,,LEVI,,14829051498861,,75000000000,,13,9,285,14829051498861,9,13,8759720085,519706078,0.02,340000000,75000000000,0.2245
pool1rjxdqghfjw5rv6lxg8qhedkechvfgnsqhl8rrzwck9g45n43yql,,XRAY1,,39783749394084,,100000000,,41,1325,285,39783749394084,1325,41,29050319692,340000000,0,340000000,100000000,0.6023
pool1rk28hp58ptwapha9nc944ast32gln8a7hx6eue0gzuj7sndzrhk,,NOCAR,,34243174395,,5000000000,,0,4,285,34243174395,4,0,0,0,0.01,340000000,5000000000,0.0005
pool1rkknx2m6h3dw6y6t8ux6fx65mxamgk207mdwtcc3yvas2yyrvxp,,BTFND,,23613933,,1000000000,,0,2,285,23613933,2,0,0,0,0.05,345000000,1000000000,0.0
pool1rkwvddejq9hx9dav3l62n3w5vlzsypyshmc5txczfvsjxs0g9uy,,,,111860053137,,90000000000,,0,2,285,111860053137,2,0,0,0,0.005,340000000,90000000000,0.0017000000000000001
pool1rkyc3ss904h066sffergss99r9p2kqa4k6ds0g4u5ud4x7yaajd,,1PCT5,,58093774159385,,50000000000,,40,657,285,58093774159385,657,40,27971978301,623721049,0.01,340000000,50000000000,0.8795000000000001
pool1rkz43352y9kmsvzqn3wp08t6qfz64j6at4gtmn74ge0tv7hqdhf,,BLIZZ,,92931813930,,600000000,,0,115,285,92931813930,115,0,0,0,0,340000000,600000000,0.0014000000000000002
pool1rlgwefp8a6vpvglxqvmlrnznyv9sv6rl9uytkz8djw7p24a0hnf,,,,2242539097,,1000000000,,0,3,285,2242539097,3,0,0,0,0.004,340000000,1000000000,0.0
pool1rlt5seljt6dv6e3kq6nvp8xt0cgqqzv8y344jxk3n0v3wzedrpn,,Duke1,,3098187957,,2500000000,,0,1,285,3098187957,1,0,0,0,0.01,340000000,2500000000,0.0
pool1rmdwmxhlzkka3j4dh9kxaqe7d4l2xf6gxy5dnm8fwr5wqjgnsmx,,HUBS,,4717421704,,1000000,,0,7,285,4717421704,7,0,0,0,0,340000000,1000000,0.0001
pool1rmfz9hheqnyuxta9nx5yt2z8pe5l5ahugg6f2aamp00hsx59r8p,,KELU,,129306731,,100000000000,,0,1,285,129306731,1,0,0,0,0.05,340000000,100000000000,0.0
pool1rmj268jpjncqrr0mcej7wf7n5lmcckv9p359e4dp74duqe7tljn,,,,7427597,,1000000,,0,1,285,7427597,1,0,0,0,0,340000000,1000000,0.0
pool1rmpv0h0pecysach8tj06vxx9wku2pdm74mk9cunx759v58q0hu2,,SASA,,1031785677193,,80000000,,0,10,285,1031785677193,10,0,0,0,0.01,340000000,80000000,0.015600000000000001
pool1rmwclmeutcdd7f0sktcevwa6ewaphxezgeqk5hcfswvpkaq2hmg,,,,27654398888,,1000000000,,0,4,285,27654398888,4,0,0,0,0.02,340000000,1000000000,0.0004
pool1rnnaf39mea70fzmdpj55tfhzd64494nakzn3a49zld5cw035qh4,,,,92539613024,,600000000,,0,23,285,92539613024,23,0,0,0,0,340000000,600000000,0.0014000000000000002
pool1rp466amdpse0gsmdkteqpqmnm5fl4v0q8juwwq4xagwygwzu8ln,,,,507102535,,450000000,,0,1,285,507102535,1,0,0,0,0.03,340000000,450000000,0.0
pool1rpcweq9gcqlr27s6wjm67djmm2f2l5a72zusp3f25344kaxuqcd,,TORO,,569073686720,,200000000000,,0,47,285,569073686720,47,0,0,0,0.02,340000000,200000000000,0.0086
pool1rpdfq9gm9ls0q8tnc2ssnpg5av3hm5ehktul7cfznjvjxyku2k6,,PADA,,468040194,,100000000,,0,2,285,468040194,2,0,0,0,0.075,345000000,100000000,0.0
pool1rpjjz68kmmetyxztmrstrwgz8lxf6v0d7vqgw98r5x8rc50jrdf,,DEW,,24955849897079,,105000000000,,22,2160,285,24955849897079,2160,22,15041595781,648594881,0.02,340000000,105000000000,0.3778
pool1rq4vahleea4yc38cr58klupl6g0w7ca07lc6kyvtcznp6649j5p,,,,10830,,0,,0,1,285,10830,1,0,0,0,0.06,345000000,0,0.0
pool1rq6c8ntlsh2xl3le0utg4fpxqhag7fdlpzdykcld7dh9gtz8fxt,,NOCAP,,170599209590,,50000000000,,0,11,285,170599209590,11,0,0,0,0,340000000,50000000000,0.0026
pool1rq70y0sj8fnjgnuavsjtvk2qm6hjw2r9zfacd46z6z8c7tlgcmx,,,,127046347,,100000000,,0,1,285,127046347,1,0,0,0,0.05,345000000,100000000,0.0
pool1rqenf2mp6kh3l77m8v6sa9ws4lqf9yqp8scvgkq6yz0lujad9fh,,RPAW2,,1096244863,,1000000000,,0,1,285,1096244863,1,0,0,0,0.0149,340000000,1000000000,0.0
pool1rqgf6qd0p3wyf9dxf2w7qcddvgg4vu56l35ez2xqemhqun2gn7y,,HADA,,342069709301,,50000000000,,1,12,285,342069709301,12,1,313347059,348722270,0.01,345000000,50000000000,0.0052
pool1rqwhzyfvm8uh6qseqpkkz2uvga0ufr0aaavrw7nynytuxy9uj6c,,,,598614966,,100000000,,0,1,285,598614966,1,0,0,0,0.15,340000000,100000000,0.0
pool1rre0auq6rws88qn73fk2asp27vh3xzjs5wcj2nd9qz2mzz798dp,,,,1502600000,,1000000000,,0,1,285,1502600000,1,0,0,0,1,340000000,1000000000,0.0
pool1rrzlme4g2r49x7tcesdkuk5wqv5ks2dkq3ptapgnclgvkcxy9sc,,DDP,,342417653,,341000000,,0,1,285,342417653,1,0,0,0,0.01,340000000,341000000,0.0
pool1rs3qqyhfslp59mztf3kw5pzsr5x0qq69nqztpecp3578xq64cd3,,ALICE,,24657268490,,7350000000,,0,12,285,24657268490,12,0,0,0,0.009,340000000,7350000000,0.0004
pool1rs8xygd8rdqjjr5ums0w9upw9uwrrkvuvyjvq8wvr3kekhjkpl3,,,,611145365823,,1000000,,1,9,285,611145365823,9,1,68223189,340000000,0,340000000,1000000,0.009300000000000001
pool1rscmngzy9mzyy98kl7h38scshgmk4cw0cs6ed58mq68mw4uustm,,,,1012446209,,10000000000,,0,1,285,1012446209,1,0,0,0,0.05,500000000,10000000000,0.0
pool1rshru8pm6y0jy7jncmt6qzfs8u4f5qa5gvyh38kgec767t20z3d,,FANCY,,802249006451,,100000000000,,0,49,285,802249006451,49,0,0,0,0,340000000,100000000000,0.0121
pool1rsm2ara9zm9tq0gupcq4c7e3v7c8lwxlgjgh2zalgjf3669rlwq,,,,100838685,,100000000,,0,1,285,100838685,1,0,0,0,0.01,345000000,100000000,0.0
pool1rtelf370z5ejduxe3rn5mk5vrvqxg5uvggqv3z2k0cc0wxy3c4j,,,,200378526,,200000000,,0,1,285,200378526,1,0,0,0,0.05,345000000,200000000,0.0
pool1rtnk3j8jv0wl0qz2j8xq4h5yeh0uvw3xj738fgl6wc4scxenkgz,,MOKUM,,222885694131,,10000000000,,0,5,285,222885694131,5,0,0,0,0.01,340000000,10000000000,0.0034000000000000002
pool1rvjj8cp3urh7de07pm0ceqha2x4lxws69lhd4429dm6djfjsy4l,,DINO,,28865506967281,,10000000000,,24,647,285,28865506967281,647,24,16688192671,508577944,0.01,340000000,10000000000,0.43700000000000006
pool1rvl8zyf24nk794gyvn6phmq67hh8zl25m66yr3p9vdts6029z9l,,MDMA,,625447862,,625000000,,0,1,285,625447862,1,0,0,0,0.0042,340000000,625000000,0.0
pool1rvng7n968748udkc5rxy4h9zp9hms4s3jsfwuues76ft28uc056,,DIGI,,53512203484350,,215000000000,,42,1283,285,53512203484350,1283,42,28894396518,1084407042,0.025,340000000,215000000000,0.8101
pool1rvu72lt2j0z0qjfzlqhccvvvu9v7hju6hndtkagfzvvvjgy6zds,,,,1084919649690,,100000000,,0,13,285,1084919649690,13,0,0,0,0.025,340000000,100000000,0.016399999999999998
pool1rw29y8c5md2rm4ynkrqhpm9saatd0a0xzyyc6xudelgkww5junh,,RGDL,,10218295356287,,0,,3,5,285,10218295356287,5,3,,2151263814,0.9999,999999000000,0,0.1547
pool1rwdly4kzsra64ftc4zqfc4cv454uaqsd09rawcu2ct5p78duteh,,,,547625350,,500000000,,0,1,285,547625350,1,0,0,0,1,340000000,500000000,0.0
pool1rx2745qj65qrgcutmpydv9k3ld930puq52t7skcd3ennqh550zc,,KUNI,,5322021877911,,1000000000,,8,14,285,5322021877911,14,8,5265277408,447944448,0.02,340000000,1000000000,0.0806
pool1rxnjjk479kp7f3v8dmes7gdyfj3cwug8le2jn2fxestyw6k4f3x,,DONO,,37855459914,,10000000000,,0,7,285,37855459914,7,0,0,0,0,340000000,10000000000,0.0006
pool1ry9tzwv8hn2fyhepcqcx0r8w8nj0s3hn9uvhfxj42lvwx2cyxmj,,CALY,,4461712729,,720000000,,0,8,285,4461712729,8,0,0,0,0,340000000,720000000,0.0001
pool1ryyfhgm4rqa9pnykxuhxcmy6rdn0uyltufm9t86c6uskwv3aame,,,,32659758229,,32000000000,,0,3,285,32659758229,3,0,0,0,0,340000000,32000000000,0.0005
pool1rzhyuwfwdzksm9v2ze8playmvdv3u04x9a0tmhg2krx7kt2635t,,BTS,,983781249,,500000000,,0,1,285,983781249,1,0,0,0,0.05,340000000,500000000,0.0
pool1rzx598y7rd2ek0k4x557cnxffrtjuj509evyj53mk7yajppymde,,WELL,,16789269711797,,25000000000,,19,10,285,16789269711797,10,19,12581340364,739313638,0.03,340000000,25000000000,0.25420000000000004
pool1s04pdfl3sv5gzuc80322rc4ne0xs7gekux7gtckvvwt7qutjy6w,,MS9,,57727944837913,,30000000000,,53,81,285,57727944837913,81,53,36706476717,1281770875,0.025,340000000,30000000000,0.8739
pool1s0cfkzheywsftgwp0yz7sq4rt5gyf7t5kfwj5a269kpxvndjn6q,,OCEA5,,60746255437529,,20000000000,,60,777,285,60746255437529,777,60,41763345016,965941712,0.0147,340000000,20000000000,0.9196
pool1s0dtk4cggp7ja6pmgvzk2q7js094a9lpanqetwqa45hfv38d5l8,,SEEDS,,3175694951,,5000000000,,0,4,285,3175694951,4,0,0,0,0,340000000,5000000000,0.0
pool1s0kkragd8r2xyyms680l9eed443v3eufmarykpjfh2r6cpksm2j,,SABAI,,3925205203830,,50000000000,,5,19,285,3925205203830,19,5,3163040774,372462436,0.01,340000000,50000000000,0.0594
pool1s27fdpdv8zx8flkaa0hkh8lsdutxlxkgz6njcwy82zy5cls0mw2,,,,9726976302,,1000000,,0,9,285,9726976302,9,0,0,0,0,340000000,1000000,0.0001
pool1s2gxepqa5r6qzze05x3vxunt24cmqth2d2lmfrtudfqcg5c78kw,,BNP,,65818809863005,,2000000,,61,5,285,65818809863005,5,61,40791540422,2948841878,0.06,345000000,2000000,0.9964
pool1s2qefm0h0449tdwsh7w6gw7mn9n8d3w48zunslxdazlfghtn4wh,,,,108770038925,,1000000000000,,0,1,285,108770038925,1,0,0,0,0.01337,340000000,1000000000000,0.0016
pool1s2rj8t2a5tfv0rpsfak77g03h96uv3rqxp62t6jm3dh45g2e2pj,,CRD,,8856421686799,,238000000000,,7,420,285,8856421686799,420,7,4589525747,340000000,0,340000000,238000000000,0.1341
pool1s2wsk5z4u0f2unmfyc8ye705adhwayv0wetlk24sawmyj5u74rn,,IDEAL,,368563584915,,275000000000,,1,40,285,368563584915,40,1,105384532,345660254,0.015,340000000,275000000000,0.005600000000000001
pool1s3z5qsg75dar26ykyzcz2u8wc2swgq7pyp7f9sdh5n06qh3jhq2,,1PCT1,,23254744936392,,50000000000,,22,537,285,23254744936392,537,22,15127437304,494380291,0.01,340000000,50000000000,0.35200000000000004
pool1s4a3y5ktdg7s08d6mntkctzc739h5n46t930jggef287cwz8pph,,,,163039113,,100000000,,0,1,285,163039113,1,0,0,0,0.005,340000000,100000000,0.0
pool1s4gzzd2p6gd3atduexq8pzdpz5szm8uey7cnnn43vg3560ehg32,,,,17186649690,,10000000000,,0,2,285,17186649690,2,0,0,0,0.02,345000000,10000000000,0.0003
pool1s4ntquc0x652xfksynsa9lvhv4m7s7tjdx4mygjj800yjd8mcs7,,SSP,,204154115,,100000000,,0,2,285,204154115,2,0,0,0,0.01,340000000,100000000,0.0
pool1s4ve6tap62x9khdvhkk9f8fj74ks5txuygsnu7wkujk3jd2c0jh,,,,326466865,,15999000000,,0,4,285,326466865,4,0,0,0,0,340000000,15999000000,0.0
pool1s54847dyrcpgxjvsjvhjjqjrkz3x6vevy77xaqje5nugxhp6j2g,,,,20342702231,,1000000,,0,2,285,20342702231,2,0,0,0,0.005,340000000,1000000,0.0003
pool1s5la93en4mmj3933c22h8uuysqyl3axt308m45tmg6x673a6fhk,,JKL,,15341042498,,1000000000,,0,2,285,15341042498,2,0,0,0,0.01,340000000,1000000000,0.0002
pool1s5pue3nn7vegwr327cvnyqmd5h0cvse7wksf6drup89gvgxpr7l,,,,483301838429,,5000000000,,0,54,285,483301838429,54,0,0,0,0.02,340000000,5000000000,0.0073
pool1s6s6eyve0lmc4e0emzf2l68n9ya0rhrpdcq0jmkmmmxv2rkrx42,,,,36533050877631,,50000000000,,27,8,285,36533050877631,8,27,15199740285,4145153041,0.2,340000000,50000000000,0.5531
pool1s6se64qce5rjjjhh6ufcdnc54p8qg78mlhjm38lymx99sqysvzx,,PAUL1,,43743221694610,,100000000000,,28,6448,285,43743221694610,6448,28,19061444129,930929997,0.03,340000000,100000000000,0.6622
pool1s6x6kltycpxq82hyqhlqllqj3q5l2m8w499gvtu4xrfv29c0q2q,,LOOT,,21491006539990,,10000000000,,20,3114,285,21491006539990,3114,20,13533236399,618272612,0.0199,340000000,10000000000,0.32530000000000003
pool1s79cqtwk5s24lcske704ckx7k2pagn8hc95rxvy3xfda6r62pg9,,UK007,,4810615972127,,10000000000,,2,381,285,4810615972127,381,2,1045246788,361791528,0.02,340000000,10000000000,0.0728
pool1s7ddsvuw09dvk7et6t842vhdfcmq893y88y3ev9attn67mruf5m,,,,2508909769,,1000000000,,0,3,285,2508909769,3,0,0,0,0.03,340000000,1000000000,0.0
pool1s7eglqwzl84xgvpr4pptylcgqhkjr4xk8d6y3k22plu3sagms25,,SANP,,311681516852,,100000000000,,0,112,285,311681516852,112,0,0,0,0.015,340000000,100000000000,0.004699999999999999
pool1s7vl4r9vr2etmr2pfhcvxu223e8asaxu96te3urd7gh3c2kl74a,,,,133400000,,133000000,,0,1,285,133400000,1,0,0,0,0.01,340000000,133000000,0.0
pool1s8ppansy64zhy8e3gmuyltx3hzf5f9zws27v9lewhazyw3gmp7e,,MAHLO,,105275118061,,49000000000,,0,4,285,105275118061,4,0,0,0,0.01,340000000,49000000000,0.0016
pool1s9y50eucftrj0fw786rm3ljedpg8qry4ydq9kx23dv4px9k97t6,,,,1777297433605,,50000000000,,4,140,285,1777297433605,140,4,2383377692,415869543,0.03,340000000,50000000000,0.0269
pool1sa0uepv2uzwd0g8sh5lkjzgwkcxrg3z4m5wyzgfh93pnwupsm8g,,,,1293493236,,50000000,,0,2,285,1293493236,2,0,0,0,0.015,345000000,50000000,0.0
pool1sadvc934x75k9xl6lnmywqc80mu3kclnjhz5qtkkt7n8k853w4n,,,,12812488068731,,1000000000,,6,2,285,12812488068731,2,6,,4302547154,1,340000000,1000000000,0.19399999999999998
pool1sc8rursvfqdk7yruzxaclhkuq05wse2g6dweq3wmv3mncdpfyjn,,,,317655915984,,0,,0,2,285,317655915984,2,0,0,0,0.01,340000000,0,0.0048
pool1scf33vtacfc9ga6rc8mgm72x358nha67hc85a34ywjvncxaan5p,,USSP,,7874260172,,550000000,,0,3,285,7874260172,3,0,0,0,0.03,340000000,550000000,0.0001
pool1scnq7w9rxgt2c4lax0y0ch0el2t9pjcyffhhzs2dfgt75u2zcq4,,ALEX,,17619014,,5000000,,0,1,285,17619014,1,0,0,0,0.01,345000000,5000000,0.0
pool1sd0cpakz0gnhkmyk0jvvtu39uaasv74w66rvmzc6cfmwyqgz4yk,,,,216543488870,,1000000000,,0,4,285,216543488870,4,0,0,0,0.01,340000000,1000000000,0.0033
pool1sdl6tlpff2zhx82dx3jzvjtg35xxl074rud9n539v6ql7aezk7u,,,,747399025,,100000000,,0,3,285,747399025,3,0,0,0,0.01,340000000,100000000,0.0
pool1sdlqztsyqedkp982g2ax3spjx3zysw5qhp0h2md02mdcgrtdzqt,,WHALE,,14359647886,,35000000000,,0,4,285,14359647886,4,0,0,0,0.01,340000000,35000000000,0.0002
pool1selmgl0cnmqy592g8gg9gnn5gthy39sdyfe0dx98n007ceml3e7,,GIV,,182142606856,,150000000000,,0,15,285,182142606856,15,0,0,0,0,340000000,150000000000,0.0028000000000000004
pool1sf2kzqdtjgeq3eaa5jlve8mhk890jl2tlg8h2hsg68qgj2ecgmh,,ADANZ,,21863880101,,100000000,,0,4,285,21863880101,4,0,0,0,0,340000000,100000000,0.0003
pool1sf784g6eje8vzq9f5wu583eurhfq2ee9hzyhl46yezkuqqtmw07,,NOVA,,543716633549,,1000000000,,0,45,285,543716633549,45,0,0,0,0.01,340000000,1000000000,0.008199999999999999
pool1sffl322qgsrsmkcedzzwk05396dkmj56pcepqvj6px3n2re3qu4,,MOON1,,932955604042,,1000000,,0,34,285,932955604042,34,0,0,0,0.0175,340000000,1000000,0.0141
pool1sfjdu0xmz7vdmp6cufxd55gprp95g4p703zzr3upt70dst0fur2,,,,1571813388438,,1000000000,,3,19,285,1571813388438,19,3,1761760643,358115041,0.01,340000000,1000000000,0.023799999999999998
pool1sfuspqv9gyqn65vwu6e27dp6ju7gmqmgsnasqp6zxp6qqlzlpfe,,SOLPI,,2862974420,,30000000000,,0,2,285,2862974420,2,0,0,0,0.01,340000000,30000000000,0.0
pool1sghwg652uwe7ksmk5laxxft58j6km6prahvnddk3s6zgxek5qen,,FLUX,,14902516316357,,7000000000,,11,14,285,14902516316357,14,11,7421874245,415515641,0.01,340000000,7000000000,0.2256
pool1sj0plznq9nnduxp82aa8crchfety7kzcryqdmn6860xvwwzzc4w,,,,14425137579425,,1000000,,18,191,285,14425137579425,191,18,12360416266,465734091,0.01,340000000,1000000,0.2184
pool1sj4l2jrykge07u4ke7unxyxpma0qara9x828xpvck6ev68zlvn3,,,,3546788064580,,50000000000,,1,14,285,3546788064580,14,1,371763909,340000000,0,340000000,50000000000,0.0537
pool1sjwdmeme5zs042jzwmdvxshhv27kepxke0mr02f2yzacsyd4wtu,,CCV,,47233904941699,,500000000,,45,3945,285,47233904941699,3945,45,30172754344,1931711501,0.05,340000000,500000000,0.7151000000000001
pool1sk4s9cmjc9s5uw5zju76tnu3hjc7qj4geaeq7psy9yjay4a9nwd,,,,103164846,,25000000000,,0,2,285,103164846,2,0,0,0,0.01,340000000,25000000000,0.0
pool1sk64cyef3v2m000eshsdz6ydu3j7rczuyv93dl76euyev7pslxg,,SAIGO,,507623590,,50000000,,0,1,285,507623590,1,0,0,0,0.025,340000000,50000000,0.0
pool1sks9qwpygf9vmgeuh4n4a3s36k35c3qnz7pd4qqvw5825x62y3y,,STEAK,,1720208396200,,100000000000,,1,21,285,1720208396200,21,1,353573199,341886975,0.005,340000000,100000000000,0.026000000000000002
pool1sksmrlwwswgg60ak8w67hf5w60h0qztgpv5zg68z06wgzhrhsc9,,,,603448319366,,25000000000,,0,4,285,603448319366,4,0,0,0,0,340000000,25000000000,0.0091
pool1sm2kmdn4f9rat3kl67y9drqcnnqc34zg4f4ufmnrfaj45gcv89d,,LTES,,1120930355881,,25000000000,,1,36,285,1120930355881,36,1,316590974,347550238,0.02,340000000,25000000000,0.017
pool1smy2r8jdvgna5ykhe8rrch7h4qalyfafyzyh0rmanmq0jxptww7,,ZZZ3,,56436484547895,,50000000000,,56,225,285,56436484547895,225,56,37795647504,2331301791,0.05,340000000,50000000000,0.8543999999999999
pool1snauzgh8r7tww3emfmdt58dt4hpvyjc23j0nj3h0ql2wwzgdkp9,,,,2121707293,,200000000,,0,3,285,2121707293,3,0,0,0,0,340000000,200000000,0.0
pool1snvcmtdnssf6t8fhs7943uxmmujlt4f89yv58cp7m99cq5tw9hy,,INDYS,,85103493954,,67500000000,,0,19,285,85103493954,19,0,0,0,0,340000000,67500000000,0.0013
pool1snyaulmp94axe7ltmqzlkztqn9axt5ykprjtxh3qgn35cred9pf,,,,1001676644,,1000000,,0,2,285,1001676644,2,0,0,0,0.095,450000000,1000000,0.0
pool1spqkpaezku3knl9ug7txrlyzr8kkvdr0h75yyz262cx6gls6zlm,,ADAC1,,17115823,,10000000000,,0,1,285,17115823,1,0,0,0,0,340000000,10000000000,0.0
pool1spus7k8cy5qcs82xhw60dwwk2d4vrfs0m5vr2zst04gtq700gjn,,ZZZ4,,52922143156433,,50000000000,,54,155,285,52922143156433,155,54,36431878295,2259572607,0.05,340000000,50000000000,0.8012
pool1spyxtguc023n0u7envdhhr4wxtyq57r27g84h09pxnzl2yx27ye,,,,2113072819,,900000000,,0,3,285,2113072819,3,0,0,0,0.005,340000000,900000000,0.0
pool1sq7pf76nn7wx40g3hufdwc9g5x8eu0x8un0gkjhz9rwhjcyfsrn,,,,10210890489,,15000000000,,0,3,285,10210890489,3,0,0,0,0,340000000,15000000000,0.0002
pool1sqjyrgm94jfm2s6y6utvrf7msewpcrfne7qylrffekc0jtvwdlk,,,,1051030329,,1000000000,,0,1,285,1051030329,1,0,0,0,0.01,340000000,1000000000,0.0
pool1sqvctpchgaydqt9whf5jz3vf4vpesdq5t8hw2rxsdx3nymx27uc,,ASGOL,,2167214174,,0,,0,2,285,2167214174,2,0,0,0,0.02,340000000,0,0.0
pool1sr3kmj6equa9h8ey0xdyje94t6rmc9688a5xvk0urynwuqv3z0w,,,,77761018033,,25000000000,,1,6,285,77761018033,6,1,246942870,345042404,0.01337,340000000,25000000000,0.0012
pool1sr953s548fudyhmfm082xp0mensv2gxzt4qpe466ykw0z3jjzvv,,AIR,,5391038186896,,500000000,,6,51,285,5391038186896,51,6,3811809892,454941373,0.029,340000000,500000000,0.0816
pool1srsrtymd9dqxwduke398zxx9724zkct8qchkm7xqjq9vudxwxm8,,,,2547625350,,2500000000,,0,1,285,2547625350,1,0,0,0,0.05,340000000,2500000000,0.0
pool1ss7kk3n2yhzjsmkaz2422asdrh2e2sjev65etf659mq3sn02dwg,,TRALO,,25002622886,,0,,1,1,285,25002622886,1,1,,349427199,0.025,340000000,0,0.0004
pool1ssc56yee25qlgaj2xddympx6m5asve3k05fklh0wjcjcz40wl69,,,,172098524877,,2000000000,,0,10,285,172098524877,10,0,0,0,0,340000000,2000000000,0.0026
pool1sskadl6p2w0ttfr60y2ssfzcmrnaty4wt68v5glzd3e5vwkh7z5,,ETO8,,51200038284075,,0,,47,2,285,51200038284075,2,47,,33703133096,1,340000000,0,0.7751
pool1st9xr6arqq8f2hjsdz6urxejjwzpjkjceatnjuehhr9xuq6k4eu,,,,645079510,,626754414,,0,2,285,645079510,2,0,0,0,0.005,340000000,626754414,0.0
pool1stjukmjtgs7rdvy8ucsc543f9y2ct56ss08zed392php7k0teaq,,,,2443789,,0,,0,1,285,2443789,1,0,0,0,0.02,340000000,0,0.0
pool1stvux7an3kp2p55na0p7eec2e7l66gqcpuc7yu9cx5242g4j2eh,,CHUB,,239832200977,,80000000000,,0,11,285,239832200977,11,0,0,0,0.016,340000000,80000000000,0.0036
pool1stxwxvsh8evul2l8t64mqcsxswg8usxam9h4v2qhsg78ye763q8,,SOAR,,59871169934,,35000000000,,0,9,285,59871169934,9,0,0,0,0.01,340000000,35000000000,0.0009
pool1supp67ypelmgzuzqqvarc6czgmg3ggwpnrnfr90xpfcqqf8h05t,,1PCT,,41927084468529,,50000000000,,43,843,285,41927084468529,843,43,30037386887,645155144,0.01,340000000,50000000000,0.6347
pool1suuvhhetdpjmenal5j2uyjld26jke57xw2yz7gc4j2s3yhgd7us,,,,2162134245,,1020000000,,0,4,285,2162134245,4,0,0,0,0.02,340000000,1020000000,0.0
pool1svv9st22dywp9exwsltt7cdc4v2dyrf4zls00jesv2lzvpz45jh,,SCAR2,,12756985909639,,5000000000,,12,236,285,12756985909639,236,12,8096561144,504478482,0.0199,340000000,5000000000,0.1931
pool1svzk9ckds6r83nvg2k7w9hszza2haqd9zu7fuyg37e8gg3dylrf,,,,97620466,,100000000,,0,1,285,97620466,1,0,0,0,0.15,345000000,100000000,0.0
pool1swe9nsv8lzugakjkfv04dn38scmq48wzynmn0lxasupuzmqcgjm,,ADAGE,,35021657583841,,110000000000,,37,985,285,35021657583841,985,37,25681373984,598246971,0.0084,380000000,110000000000,0.5302
pool1swuyjknhewtqcmh583jjpvlcl0p9h9hrt5l2f3v2hl6gchqrn40,,ETO4,,65484093421115,,0,,57,1,285,65484093421115,1,57,,40874012478,1,340000000,0,0.9913
pool1swywvk87zmgypz45ura8d5af6aw5nrrgalt96raqm6ze2uqkhk0,,,,496625878,,490000000,,0,1,285,496625878,1,0,0,0,0.01,340000000,490000000,0.0
pool1swzse8pd2atsr3zql933qxlzn5cjzrl0fjejsh7q3pmxzrupl3s,,,,12656207833,,500000000,,0,6,285,12656207833,6,0,0,0,0.005,340000000,500000000,0.0002
pool1sx4e8rvx2xdxgkww2fpjtmvrnaftfrtfge29xcn72hh7kch5snf,,UK1,,3598250396522,,0,,2,40,285,3598250396522,40,2,1085742606,340000000,0,340000000,0,0.0545
pool1sxj5qufj25ssfk83jjxp4tw2py7vfceta63p2u8ymugtga9us8t,,,,2394850218385,,2010000000000,,6,48,285,2394850218385,48,6,633486351,350000000,0,350000000,2010000000000,0.0363
pool1sxrkzy0ty37s2qx66cscqwucdqlvemtjl96ep36mqfrnku9lq8t,,,,1043463985,,0,,0,1,285,1043463985,1,0,0,0,0.1,340000000,0,0.0
pool1sxv5rv4e0g3n25u8vw80lscmclf7j5mx8cdxknrd7kuh6fvsguu,,,,187139682947,,100000000000,,0,14,285,187139682947,14,0,0,0,0,340000000,100000000000,0.0028000000000000004
pool1syul5lm37z09yk3yv2398dsnz725rr7epsksydxcqk7eglttfx6,,BNR,,764622613808,,600000000000,,2,6,285,764622613808,6,2,16588479,350950522,0.01,340000000,600000000000,0.0116
pool1szah3sjg5vhd09pa0y6fcsyja2rttsztdp0gj8jpngqxz9kj0a8,,,,21219964378,,50000000,,0,9,285,21219964378,9,0,0,0,0,340000000,50000000,0.0003
pool1t0jheek3yftf0a9dgzgr2hc2wttwrcjyd5whdrek4ggcc5famre,,POND,,40712025183,,44000000000,,0,13,285,40712025183,13,0,0,0,0,340000000,44000000000,0.0006
pool1t2e4v7ajh38qhjswqaavjqfsevyllhda24t2s2u6vhsavyhhqaf,,GAJA,,476363475,,100000000,,0,2,285,476363475,2,0,0,0,0.03,340000000,100000000,0.0
pool1t3xele4dr85qz797gv9n4gdcwtcmsv9wvn9jyavxhpc3qzu50fx,,,,200112570,,900000000,,0,1,285,200112570,1,0,0,0,0.015,340000000,900000000,0.0
pool1t4q9v8vxf8ltx407cqkwq3sksgmq85e459jqsf34x0cxyfaqljw,,,,596889206,,0,,0,1,285,596889206,1,0,0,0,0.03,340000000,0,0.0
pool1t50sl2erwfaey5du4e7gnp52fylplh5q4j24zkkxk9t5vsxfcvm,,MONEY,,557916940285,,1000000,,0,12,285,557916940285,12,0,0,0,0,340000000,1000000,0.0084
pool1t6ek99u2dzj8sr606uqm3uz0tt4ejr4cpvwtqfwen6p2z57rrst,,BD0,,279474508,,200000000,,0,1,285,279474508,1,0,0,0,0.03,340000000,200000000,0.0
pool1t6stu46gth7awdlrdmxmjhgrk9rjhez9qfnlhkhfvf0fj4q3h2a,,,,44560403027310,,50000000000,,44,8,285,44560403027310,8,44,24947148431,6583805310,0.2,340000000,50000000000,0.6746
pool1t74ckqauwmn9ef5ye0h7c5wsgfd36zx24ue9wvj4vj95cl54aff,,ORACL,,5650604193,,2000000000,,0,2,285,5650604193,2,0,0,0,0.01,340000000,2000000000,0.0001
pool1t7a4jq563l8mvnfzn5m878vavzzc3q3am96uvuc6jcy07luhe0q,,BURST,,12625678744,,100000000,,0,5,285,12625678744,5,0,0,0,0.025,340000000,100000000,0.0002
pool1t847w2hfv33qrra7q33nzq8epvcxv6ydshcq7w7j23c87xv2c2k,,CAPO,,628811415932,,1000000,,0,352,285,628811415932,352,0,0,0,0,340000000,1000000,0.0095
pool1t8dkgz58qcqlak6nn5l5j4qqwvewwmjx85fxtsykk6w9j2e0ng2,,GYS,,1683466962317,,100000000000,,3,55,285,1683466962317,55,3,1631979310,412487345,0.04,340000000,100000000000,0.0255
pool1t8gjk7jzvujfv9s8q992e6s7tp8na0q3j62g7s4ppzfmccus4jk,,DEAD,,12177179969938,,340000000000,,8,504,285,12177179969938,504,8,5089630113,502122297,0.03,340000000,340000000000,0.1843
pool1t93hrmha847r5gqazttyg29c9fxfv778w3kc5vf4q7vu5g4ec0r,,STKPL,,64805146770,,10000000000,,0,3,285,64805146770,3,0,0,0,0.01,340000000,10000000000,0.001
pool1t97tlhalmzxa78244ljxawjqlhx0rgumx90qyk3zdefu25k2p0s,,,,61194231470,,25000000000,,0,5,285,61194231470,5,0,0,0,0.0249,340000000,25000000000,0.0009
pool1t9ckjy949dk97prfs6any8xdjyq9du6prnplx06n4fcn5jgukhc,,SWADA,,306533857518,,75000000000,,0,17,285,306533857518,17,0,0,0,0.01,340000000,75000000000,0.0046
pool1t9m69j5thv2ke9jt9hhsgxlag44z7erp2s2ukcpruwhwqarc9np,,CEMA1,,6072857891771,,100000000000,,6,57,285,6072857891771,57,6,3224695458,414409816,0.0187,340000000,100000000000,0.0919
pool1t9ve93m48au8m4w8x0m2exh55s0tf2jjk5rwj5hsuqegvvgfq4z,,,,100000000,,100000000,,0,1,285,100000000,1,0,0,0,0.05,340000000,100000000,0.0
pool1tah22gjtc7ntrdezv49hysegcwpzafea35t6f4hn3wr2y4hz3vz,,ACL,,428824385135,,300000000000,,2,18,285,428824385135,18,2,322997296,340000000,0,340000000,300000000000,0.006500000000000001
pool1tamft50mh0vjm346d9lusczc8fxxyh5z6fk2eel38srwvz38d78,,DGITX,,8109593401,,5500000000,,0,2,285,8109593401,2,0,0,0,0.03,340000000,5500000000,0.0001
pool1tay8z4sq4a4gmyhnygyt0t5j84z8epwjra06wq28jnnmschkkuu,,HIGH,,6371118874,,1000000000,,0,3,285,6371118874,3,0,0,0,0,340000000,1000000000,0.0001
pool1tc0g4htxvzvg2z5c25ffq5ycukn9hjh3el5dzy767za2gukckee,,AMSC1,,1273374762226,,2500000000,,2,11,285,1273374762226,11,2,885746225,361905991,0.02,340000000,2500000000,0.019299999999999998
pool1tcen7ws06knhcw5f8mka0gmt90ntugwvwur2n8x4gwleqqu4u2h,,,,33384330234,,25000000000,,0,6,285,33384330234,6,0,0,0,0.01,340000000,25000000000,0.0005
pool1tcmk6at0dmkytxgq5j4u7fgsx9kytvfu7gz22lrs8hp9ztu7arw,,RATS,,7612178636034,,1000000000000,,4,422,285,7612178636034,422,4,1967122100,592139903,0.1,340000000,1000000000000,0.1152
pool1tcwq7fgekt4qqh09csv9dz3ny0t69hwm9hq7dgua3rxsyk0d9ce,,STUPD,,26434338575,,10000000000,,0,5,285,26434338575,5,0,0,0,0.01,340000000,10000000000,0.0004
pool1tdjjgjfwzl842nrzplkfakj4y7y4000cd8dxm2zjtlrjugt2aac,,,,64284500980,,3250000000,,0,38,285,64284500980,38,0,0,0,0,340000000,3250000000,0.001
pool1tdsrw0n33gmy0mzh7cgtn9p0jy5xwjxaa2s26gn2ewf8kg4nrzx,,CAFE,,44409824621432,,100000000000,,50,410,285,44409824621432,410,50,34556260308,1228241479,0.025,340000000,100000000000,0.6723
pool1tdvqgy6mq7lx7d345e276xmgmhh3s4zj8dzu6xzq5m7rx4tzkg2,,ONYX,,43213822102123,,250000000000,,32,329,285,43213822102123,329,32,22363214141,566053274,0.01,340000000,250000000000,0.6542
pool1teg62xfrjvgahfukqhgd0q4wrkn7k0ee03tnju3klt63ws48w50,,,,1854270,,20000000000,,0,1,285,1854270,1,0,0,0,0.05,345000000,20000000000,0.0
pool1tegyxvyvya2lsqd7w2nna3h63ffdq85l0v8tg44yeak77du8zxd,,GLAS,,590694482,,500000000,,0,2,285,590694482,2,0,0,0,0.01,340000000,500000000,0.0
pool1telljurmr9xs4z4ux7e46m9rgyf042nhwqewyf5t97xswrzwvsu,,AVENE,,14659785895733,,30000000000,,17,7,285,14659785895733,7,17,11456129485,695597618,0.03,340000000,30000000000,0.22190000000000001
pool1teppcwacpq79a62luws4jaxqmhx5vxqu706362e9ya88wjwj5xx,,EMPWR,,89679754285,,50000000000,,0,3,285,89679754285,3,0,0,0,0.0275,340000000,50000000000,0.0014000000000000002
pool1tez268q6v9afz54csn2lg95kw7yyjykc3px8ry5gwkk656azfnz,,,,15005196370145,,50000000000,,10,70,285,15005196370145,70,10,6602761733,544906161,0.03,340000000,50000000000,0.22719999999999999
pool1tf73xqv234ye2crduemjpreuu4efrdfmpna3l9dwqy2uycvee9y,,CHF,,87520574450,,50000000000,,0,5,285,87520574450,5,0,0,0,0,340000000,50000000000,0.0013
pool1tfuznvd3pkkwt96qwzurvzmf34zgut0uzap9c3skq7p4262stsx,,,,1377494775,,0,,0,5,285,1377494775,5,0,0,0,0.02,340000000,0,0.0
pool1tfye5tfgd6x2mw5xwe5lr2y6cu9grnpvenj7dc8258xmq8cuc04,,,,9436265,,5000000,,0,1,285,9436265,1,0,0,0,0.05,340000000,5000000,0.0
pool1tg90tjqwmpzkkxpvs8nrl3383g9numsp380rzsmnp6d2jv525le,,TATEK,,550155010,,1000000,,0,1,285,550155010,1,0,0,0,0,340000000,1000000,0.0
pool1tgnjac8edmu0ptgzpxc3lg5p970wm0rga5crxelu2z70kjj6vpr,,SONLA,,507234552,,0,,0,1,285,507234552,1,0,0,0,0.02,340000000,0,0.0
pool1th6xh9uks6rywerld5aya0gc3yswwrx3yus9zvehyqaky5c6utd,,AVOC,,250454350665,,100000000,,0,15,285,250454350665,15,0,0,0,0.01,340000000,100000000,0.0038
pool1tha2grue5rppsx2w93v5tljr5sshn2lz94ud9z3szlltz46s5k2,,DPTUS,,83316084912,,5000000000,,0,12,285,83316084912,12,0,0,0,0.025,340000000,5000000000,0.0013
pool1thfkd47x8s84f2vfpxr6v0sfvhrtlwxdv0r7mtjaqvglgpuh9p0,,RATIO,,748785464,,100000000,,0,2,285,748785464,2,0,0,0,0.05,345000000,100000000,0.0
pool1thgpezwt4pvqhklhysnxrrclp0mfy2tg4qesxg8s5f7jg7802y0,,,,2017582843,,0,,0,1,285,2017582843,1,0,0,0,0.06,345000000,0,0.0
pool1ths9kmsv342pjp2y40ug92le7h76awe479lctnvgu0s6ywm2mge,,,,829121434,,811817955,,0,1,285,829121434,1,0,0,0,0.01,345000000,811817955,0.0
pool1tj4ah3x8l72m9hv4cmnhtuvvc7a6wucq5y87chrglra9caq9776,,,,1000000000,,1000000000,,0,1,285,1000000000,1,0,0,0,0.05,340000000,1000000000,0.0
pool1tjevudln0hn4hwww96zq5dnqr5s0tsu4v820cjemgrx7jw7ukpr,,,,19262893855,,1000000000,,0,3,285,19262893855,3,0,0,0,0.02,340000000,1000000000,0.0003
pool1tjp3sxlh2v5eeh67utm9flrgan32m4ynem7qdmkrfqanjcgut2e,,A180,,256780958005,,80000000000,,0,20,285,256780958005,20,0,0,0,0.03,340000000,80000000000,0.0039000000000000003
pool1tjr4zpndkvwkw3du3fvt59f5men6jhuevt7rpx6xw0wcct5kl04,,SUGAR,,12304912709322,,60000000000,,15,88,285,12304912709322,88,15,10276351477,433768766,0.009,340000000,60000000000,0.1863
pool1tkexntwvhg0fqs2xnm7xg6ljqzjkpk0pl4nxxe3nf48ux8nucqy,,,,722555776658,,22000000000,,0,108,285,722555776658,108,0,0,0,0,340000000,22000000000,0.0109
pool1tkqjk8s3yqqyuspn4c44rjz7vgsu6kfxm4uvt89cejwryetpt6m,,GAS1,,97236752,,80000000,,0,1,285,97236752,1,0,0,0,0.02,340000000,80000000,0.0
pool1tku2j0ypfu5l5n0unasq8zculw4vx30t2ymx4qrj4837v8tdtak,,,,142913701257,,40000000000,,0,15,285,142913701257,15,0,0,0,0.01,340000000,40000000000,0.0022
pool1tmt8thfaqeqv499l3s7k5kl64s84nycvnx55ll3ksm9hq50p0ks,,WFFL,,45834045608897,,850000000000,,36,25,285,45834045608897,25,36,24579614306,851483741,0.02,340000000,850000000000,0.6939
pool1tnfd2sdstmjehxw0fd3x9wc07975x60su4xpv9jnhsam2cf64np,,,,672693122475,,25000000000,,0,15,285,672693122475,15,0,0,0,0.049,340000000,25000000000,0.0102
pool1tnl3yxmj8848vq6meduhz9n5520a7dwsh05r5gfyvlatj87k3jl,,SPIDR,,36444185765,,30000000000,,0,13,285,36444185765,13,0,0,0,0.0099,340000000,30000000000,0.0006
pool1tnp0kwlgu6l8lfwsgvlmlfgp76gnmss83f8az6npzje2zy9s2h6,,,,115620030329,,110500000000,,0,2,285,115620030329,2,0,0,0,0,340000000,110500000000,0.0018
pool1tp7fzx8w3lrwwuwff9x7nlqr4r5n0awpq0krwnahvj387n7y22h,,mtma,,5182458566382,,1000000,,4,11,285,5182458566382,11,4,25233497,2843118242,0.99,345000000,1000000,0.0785
pool1tpd9mcw6y5mx05gv9rgfkl6y0vsdswqs8qdexmf8vstkqk0snau,,,,32245795800174,,0,,32,2,285,32245795800174,2,32,20869809914,2035511052,0.075,340000000,0,0.4882
pool1tpr44v3pxth9j0ff246dvsryxpanxwx52f024ws3ecvn72sgv55,,,,160679094249,,1000000000,,0,20,285,160679094249,20,0,0,0,0.02,340000000,1000000000,0.0024
pool1tpy5yawzpetcverves0h6xdycxgrstehfvrkygydt9jcqxwpw3j,,MANA,,4521355299524,,100000000000,,7,70,285,4521355299524,70,7,2992151490,387036830,0.01,340000000,100000000000,0.0684
pool1tqkcxvrfa4hu8q6mwvt8pqhleyddjgn5dnr5vy093qfgqnffexc,,ABYTE,,6940521419,,3000000000,,0,4,285,6940521419,4,0,0,0,0.02,340000000,3000000000,0.0001
pool1tqywsutw3wtgcvzrljdacgwmv5kfzm8f0ladml5frkckccd72gg,,FBSD,,95324311053,,5000000000,,0,3,285,95324311053,3,0,0,0,0.0314,340000000,5000000000,0.0014000000000000002
pool1tr33ynaapce33pjc5ctvj7fju596gppsmqwna4smx0f2khnetjf,,AARN,,357435497,,100000000,,0,2,285,357435497,2,0,0,0,0.015,340000000,100000000,0.0
pool1trjvzzska2mnd8xjxvjz0kfart6cfsj232kk6ghrlnc7u2xyqx0,,,,1678792538490,,100000000000,,1,3,285,1678792538490,3,1,340207829,354309862,0.025,345000000,100000000000,0.0254
pool1trxkcm5vnaj07htsmlfgjpwxmljy70ucs8z2n2qy8mvgxr73qlv,,,,6373089691,,2000000000,,0,3,285,6373089691,3,0,0,0,0.01,340000000,2000000000,0.0001
pool1tseacydhjcj6hext49ehs9zc9lea83azc8t7k9rqqqq0w5xhcky,,,,2800881634348,,2700000000000,,0,3,285,2800881634348,3,0,0,0,0.03,345000000,2700000000000,0.0424
pool1tsvy5rjrxlt9rs9lga2kcz08y739uqxvq0e3tq948m50w9h0j3w,,GIRLS,,1018148307070,,500000000000,,0,26,285,1018148307070,26,0,0,0,0.0195,340000000,500000000000,0.0154
pool1tuux2sctklrlzsh34w4gquz2wtundky30fvrn0qky5p7qr5n00d,,,,5398685,,100000000,,0,1,285,5398685,1,0,0,0,0.15,345000000,100000000,0.0
pool1tw3q5fl37dpr5v69vdy4vpe9nsryrs9sev89u3rprel9v9vf8fn,,,,1273621918,,1176000000,,0,1,285,1273621918,1,0,0,0,0.01,340000000,1176000000,0.0
pool1twd9vvegn3fqq0f4n08p3aml2ud8q87njs49900rycj4sr5hhcy,,AOAUS,,3998599057214,,60000000000,,5,233,285,3998599057214,233,5,3162878704,372452158,0.01,340000000,60000000000,0.0605
pool1twu4rn366744tqq9g66ruy3rete6842z7nnm4vy0q5jaqd48867,,HRBR,,4431408050446,,10000000000,,5,120,285,4431408050446,120,5,2300145103,370724630,0.01,340000000,10000000000,0.06709999999999999
pool1tx2ewdpde5lk6xy8ge5cu8hr3szj8k42kegrx2sxlw4ngaspfrz,,ACCS,,675089906584,,50000000000,,0,48,285,675089906584,48,0,0,0,0,340000000,50000000000,0.0102
pool1tx6e7gewsrcceejwpa69vrhlhay6862amaks095pmw9jxulwhvx,,,,51586399770,,110000000,,0,12,285,51586399770,12,0,0,0,0.005,340000000,110000000,0.0008
pool1txjkxm7qgflxa6eu7gcpdl8quaym9a9r7r6cn4k25y8s2p7z8h0,,LLP,,250250657116,,100000000,,1,19,285,250250657116,19,1,293829257,347544365,0.02,340000000,100000000,0.0038
pool1txy907mgmrqnv9n90vgczwrxevrerrp5vvh32zv5aqsfg7vwkq5,,COFEE,,228633011180,,10000000000,,0,3,285,228633011180,3,0,0,0,0.025,345000000,10000000000,0.0034999999999999996
pool1ty7lh3nvtwxlcpqg2x30fkr3j9ys6nprztr9m4zp3aajxyjk2vz,,BEAVR,,12946194723298,,145000000000,,9,503,285,12946194723298,503,9,6009249476,393829348,0.0088,340000000,145000000000,0.196
pool1tzfqal2n80z9zejfxlgrc9qhdvrf8gvqqvnfx0e6h0rws4gqyxj,,FLOW,,236185404201,,1000000000,,0,1,285,236185404201,1,0,0,0,0.01,340000000,1000000000,0.0036
pool1u0mc9ywfxl529atxyajuz3pgqnwgnk6w7lejjmjg22ucvn7z9vh,,NERD,,15326592544099,,25000000000,,17,437,285,15326592544099,437,17,11358186898,814054185,0.04,340000000,25000000000,0.23199999999999998
pool1u0u2s080a5plun4acn6s70xa3q98ct7skt88l7w6nnwwyl9ecym,,VOLCY,,243258371110,,78000000000,,0,9,285,243258371110,9,0,0,0,0.01,340000000,78000000000,0.0037
pool1u283gl35gdj2l6c5cmg9crugf9aq7w6242pr88v6enr8u9q2vzj,,,,35434185898,,25000000000,,0,5,285,35434185898,5,0,0,0,0.01,340000000,25000000000,0.0005
pool1u2d3guvld9rk0586lyhk2n8kvkzmem7czwdltgem0mgczqd3ygu,,,,79580033082,,145000000000,,0,15,285,79580033082,15,0,0,0,0.025,340000000,145000000000,0.0012
pool1u2lghnv4ae3zy73ysjlgvxwj7tuqpmyfavk74j48g0gnqnyc692,,ADEN,,66566566433,,100000000,,0,13,285,66566566433,13,0,0,0,0,340000000,100000000,0.001
pool1u32s3ry3vjhqwhcrqz7p5u35cvzrx4tvdwydgvq6qm8720qrg0s,,,,43303993718839,,50000000000,,36,8,285,43303993718839,8,36,20361221933,5436204306,0.2,340000000,50000000000,0.6556000000000001
pool1u3despkvw4sqeq2fv9ufrh5dxacf8vm0aax00elkdeelymg7f38,,,,25973159276,,25000000000,,0,3,285,25973159276,3,0,0,0,0.01,340000000,25000000000,0.0004
pool1u3p6z3r2g5s7mazc0wmx8v0cyjjasusght53zm4kj436vs3u2th,,UBQT,,625483072073,,1500000,,0,12,285,625483072073,12,0,0,0,0.0125,340000000,1500000,0.0095
pool1u3v7s93f2d968a8kce6zgfmckfx56ly626jkml6jv7tgweplrn8,,,,5013316265271,,321000000000,,7,44,285,5013316265271,44,7,4232610219,433729913,0.02,340000000,321000000000,0.0759
pool1u4708qd88n0ux2capce6gz6zcjvtwfsfpdu28h6kkh5yskg9eck,,,,497420337,,10000000,,0,1,285,497420337,1,0,0,0,0,340000000,10000000,0.0
pool1u4p03p6eextu3ge40f2za7lspjz5qkaw5lmqq6emx3qkqq6yjvr,,,,15877265867,,777000000,,0,3,285,15877265867,3,0,0,0,0,340000000,777000000,0.0002
pool1u4sxd6x0qsy7evljt24vtnyhpxd098n609sfcmly6c096mr3jgq,,SCAR,,38222922679183,,5000000000,,23,842,285,38222922679183,842,23,15777584454,661636092,0.0199,340000000,5000000000,0.5786
pool1u60gvu8qr69z4vx9wuqelxfhcuvjuxuvxyj9edf8rkmns0405ny,,,,170604713889,,0,,0,5,285,170604713889,5,0,0,0,0.06,345000000,0,0.0026
pool1u6kpt8hgqcm596kukj97ghefmxn8ks2cgwg8qqe0gtgscnufk5p,,ATLAS,,24832744027131,,500000000000,,30,1048,285,24832744027131,1048,30,20512753881,509319121,0.008,340000000,500000000000,0.3759
pool1u6r6439cne2ymaa2sn98c4l8wqkgcsg6pj3wr523j92f6744qcu,,,,11479,,1000000000,,0,1,285,11479,1,0,0,0,0.01,340000000,1000000000,0.0
pool1u6rml05w6hpl3t3ft8zwng6quksexa97wsxgdpg5kj4f78hhv7h,,,,2496240668,,25000000000,,1,1,285,2496240668,1,1,,343770878,0.01,340000000,25000000000,0.0
pool1u7mqtde27swkarngjsn5mmw3sy20zavlafgqkmg8qv2n2nwga0l,,CFLOW,,53038555934803,,100000000000,,52,1449,285,53038555934803,1449,52,36165582023,1041822171,0.019,340000000,100000000000,0.8029000000000001
pool1u7z7caa40unulzn869vs80dlca4ec4xg9hgccf6wsjs7sw8uq48,,BOSS,,1661416665522,,5000000000,,0,4,285,1661416665522,4,0,0,0,0.04,340000000,5000000000,0.0252
pool1u7zrgexnxsysctnnwljjjymr70he829fr5n3vefnv80guxr42dv,,VILAI,,3607996681342,,61000000000,,7,69,285,3607996681342,69,7,4591861353,377412517,0.008,340000000,61000000000,0.0546
pool1u899yml96tf2cf4zkw4490mnhf832pk6fefnaluvt7487jmqzhg,,IWH,,1258587845898,,492330000000,,1,15,285,1258587845898,15,1,246675226,347559688,0.02,340000000,492330000000,0.0191
pool1u8yequt4vq3jhajeegc02r3msnne6krayxuzrypaz8jkq5v5pux,,HOSK,,6099181592658,,10000000000,,7,584,285,6099181592658,584,7,4514151185,468708296,0.0275,340000000,10000000000,0.09230000000000001
pool1u99x2rr6trfznwakv0959llmxmtgc2nvanc067uugl3ejuvvnc8,,,,65447178218821,,5000000,,57,3420,285,65447178218821,3420,57,37301852417,340000000,0,340000000,5000000,0.9908
pool1u9gudcfadehlarkh4xdtgrf3zeze978mrnhtrvjdkjwj7wxvcje,,,,4264762210723,,100000000,,2,148,285,4264762210723,148,2,1065952657,361882565,0.02,340000000,100000000,0.0646
pool1u9ptvg0l9lzypt6dxlyhn7phclu7jgx0j285zyu9y2n2gldazj5,,NUFIK,,147389980,,1000000000,,0,2,285,147389980,2,0,0,0,0.01,340000000,1000000000,0.0
pool1u9vgtxyupd36czsdvh3h9zr8eakdqesug8j6k2nw7nszy97z4m0,,,,177788132,,100000000,,0,2,285,177788132,2,0,0,0,0,340000000,100000000,0.0
pool1ua0lx5ap5tj9f5l7tyjflp766ca5yu93djh5hqvm4e0kjgw5k7v,,1PCT6,,36652977148386,,50000000000,,33,585,285,36652977148386,585,33,22949498135,573331511,0.01,340000000,50000000000,0.5549000000000001
pool1ua5234a77q69ev8588wpas9v0s5nrz8ucx8kpafq32zs7ylfvg3,,KATET,,55480004204,,30000000000,,0,14,285,55480004204,14,0,0,0,0,340000000,30000000000,0.0008
pool1uaa3le5zjzjtzacvglgv9sha2pz8zlegl8udy9z8lhddcgufzlx,,,,84567614473,,50000000000,,0,6,285,84567614473,6,0,0,0,0.01,340000000,50000000000,0.0013
pool1uae2f4eg8mhzuur43w9l8vpk4dur58w600x0cy2ef5angazhg3x,,SMAP,,507563920,,400000000,,0,1,285,507563920,1,0,0,0,0.01,340000000,400000000,0.0
pool1uautzneywzapn03te7q3sd737xdfejgjlu4mdfjz7mweq92dugg,,RETIR,,3478206063869,,0,,2,203,285,3478206063869,203,2,781853299,340000000,0,340000000,0,0.0527
pool1uc7slfp47xzu7egusxlkvm63rxw2dhtm58l8e0m46anhvhaecr2,,,,303277092774,,105000000000,,0,30,285,303277092774,30,0,0,0,0.02,340000000,105000000000,0.0046
pool1ucmm6rgdta0sw4qrcj3vml4wsr8pld495pptuypxg2uuvvlqest,,,,2911203100,,2650000000,,0,2,285,2911203100,2,0,0,0,0,340000000,2650000000,0.0
pool1ucpygt4ds2ggf5lt8z5kzyvnwwr0ggrtqnl0pgawud5ls2cnnkl,,NINJA,,279055494271,,10000000000,,1,17,285,279055494271,17,1,140913489,354715293,0.039,340000000,10000000000,0.0042
pool1ud4u9r3tce5dum63lsg3xc8nn8ycl2llx5g3qpf6ukc4k0gcfy7,,FINE,,5702702917336,,25000000000,,4,54,285,5702702917336,54,4,2514213961,340000000,0,340000000,25000000000,0.0863
pool1uda4kkzqn52fuyrwuchjxykdly8vj46yv3rc2h4zp9raunz4sgl,,,,97624734,,100000000,,0,1,285,97624734,1,0,0,0,0.2,345000000,100000000,0.0
pool1udkx9rmgzf08z7zz4p7ykpdqsdv5nf0w8uf38wrsdn5dzk9nq4g,,JOY2,,14071549225262,,100000000,,21,167,285,14071549225262,167,21,12957418192,636048307,0.02,340000000,100000000,0.213
pool1udqre34wctydxl4u8p2flyjw4qncp7y6lkv25wn7036254ytlps,,INT,,3007247928,,3000000000,,0,1,285,3007247928,1,0,0,0,0,340000000,3000000000,0.0
pool1udr30lxsqa799lyl9haxf0wzg8qsz3xaf2gtpqf4n2s064jrvsj,,,,489090915531,,10000000000,,0,24,285,489090915531,24,0,0,0,0.02,340000000,10000000000,0.0074
pool1udt98825znk9uslz4v05gh5cd3s5e4g0cd9c4gzhcfpd2j2xm2u,,ZORBA,,57309249805,,30000000000,,0,12,285,57309249805,12,0,0,0,0,340000000,30000000000,0.0009
pool1udv42vs52wg34268zkfsgtrzuvyskphfavaf3n8tmf4tugm7et0,,DANK,,536842986,,10000000000,,0,3,285,536842986,3,0,0,0,0.01,340000000,10000000000,0.0
pool1ue4ngerz28nkpstsr5p53qvl5ulq3jtmllj4my0d0n28yyrn4l4,,STP,,9664384529672,,50000000000,,8,21,285,9664384529672,21,8,5307922831,393977293,0.01,340000000,50000000000,0.1463
pool1uepsx7m029tmfmy60pfp99cp70an7retw69hs9m4dfdquvp9phz,,RELU,,3425705,,0,,0,1,285,3425705,1,0,0,0,0.05,340000000,0,0.0
pool1uezuqdzj9ue9y2l3ce9873sj33tz3q9tcf4tuhm97fdggywuydy,,BNP,,65884692245225,,2000000,,58,3,285,65884692245225,3,58,38769629672,2819766047,0.06,345000000,2000000,0.9974
pool1ufp38a9zwlvvrzcyxaxdrvav50nd7az5lyuzh4t0h3qp2gqamsx,,CAFE2,,4717729390879,,100000000000,,4,141,285,4717729390879,141,4,2471879629,340000000,0,340000000,100000000000,0.07139999999999999
pool1ug9a24cpftelgg2uvm9qqzzdq7as5h3eh9ksff35dw2n5k8cefd,,CARD1,,2387500288,,500000000,,0,5,285,2387500288,5,0,0,0,0.015,340000000,500000000,0.0
pool1ugjxa4xr3d9dlxsw2x9fj96whs57ar7srfdh8huqc854uy04sd3,,,,10495264164,,10000000000,,0,2,285,10495264164,2,0,0,0,0.019,340000000,10000000000,0.0002
pool1ugnx5vy7c749eq2c6d0dm35qcyd7v66wd96at3ngumjdsqdhwhj,,,,3479765580078,,30000000000,,3,48,285,3479765580078,48,3,1723575575,412461243,0.04,340000000,30000000000,0.0527
pool1ugwj76z4cx6sywscud8ntd2m9tg3gyesmnnl35qr2l5mu06pe3x,,JDFR,,12355368423,,5000000000,,0,7,285,12355368423,7,0,0,0,0,340000000,5000000000,0.0002
pool1uh4uz5n5hgxe2vh99aherx64k9j52vftdlylwcr3mgk3sdz6vj4,,,,300712709,,28000000000,,0,1,285,300712709,1,0,0,0,0.035,345000000,28000000000,0.0
pool1uhullam5w3fyzt95mrrlec23keg7hy49vn533ge6twsqvwu5qx9,,CDT,,96511539617,,1000000000,,0,4,285,96511539617,4,0,0,0,0.025,340000000,1000000000,0.0015
pool1uhy50u9y76nd6z2xmzt3mta0yc7g3gdssef8lheyyg7zzymgzm8,,NUFIA,,57274136109613,,1000000000,,53,2245,285,57274136109613,2245,53,36517340081,1469998205,0.03,340000000,1000000000,0.8671
pool1uj4u73qgtprqre78q75fq2vkcrpfrcdreqcqkvn6u0m2k6nk2yp,,EVE1,,62534995817061,,1000000000,,56,23467,285,62534995817061,23467,56,38235273383,1582949131,0.03,400000000,1000000000,0.9467
pool1ujcu3myfg9wwvdyh2ks653954lamtufy3lefjs73jrr327q53j4,,PUDIM,,11497732499033,,50000000000,,11,105,285,11497732499033,105,11,7202944393,641990032,0.04,340000000,50000000000,0.1741
pool1ujpy2536jz3x9gje5d5vuadzcpadl7pwrcsgq4laestu7mrs9hp,,,,444287597,,435000000,,0,1,285,444287597,1,0,0,0,0.05,345000000,435000000,0.0
pool1ujy0vpwutsk46v6sytvd2xxszzp4neencpkph5prl20vssnz3dv,,,,65014087218,,25000000000,,0,8,285,65014087218,8,0,0,0,0.01,340000000,25000000000,0.001
pool1uk2f28awascuhrhuwrp7x6y87x8ch33vwx8jtmrysp7l5ngq78j,,POWER,,54011414330389,,135000000000,,52,7688,285,54011414330389,7688,52,36369251831,697134417,0.0097,340000000,135000000000,0.8177
pool1ukeqarukv9gxwy9pt8jkr4qvad2yf87758g3xzemmvmtk8lrynp,,CRDN1,,28812756817392,,100000000000,,29,1281,285,28812756817392,1281,29,19658120377,748330216,0.02,340000000,100000000000,0.4362
pool1ul06chqxyxul3f94j53trjv4t5yskkd3uttk7845wzq3qv3lfq0,,CAVO,,276000998299,,400000000,,0,6,285,276000998299,6,0,0,0,0,340000000,400000000,0.0042
pool1ul0t4hjnnhz4wgaghaa7hur77l7gp0akagmjx40r0kn8ct00vl5,,THNKS,,143543694553,,10000000000,,0,2,285,143543694553,2,0,0,0,0.019,340000000,10000000000,0.0022
pool1ulx9ennungrtcucslrpz93cze5fddlg96h0wwj83p6fpsrvgz2v,,GENKI,,1159047448546,,253467828509,,2,180,285,1159047448546,180,2,816712613,361897847,0.02,340000000,253467828509,0.0175
pool1um9m5j0d0vcsdck7saex63dx7amm0apdm2aw0kj72ae0ck0jqrv,,,,1717945495,,1000000000,,0,1,285,1717945495,1,0,0,0,0.15,345000000,1000000000,0.0
pool1umflj8hjq873fs9r6aq2zvgs88zrs5xjswn2znkdaehlz2eqy59,,BANC,,10617217015,,2000000000,,0,2,285,10617217015,2,0,0,0,0.0115,340000000,2000000000,0.0002
pool1umslg2gmre4znj8hsx9x2u4ah4gfw8guv4mjthnjge3k2j5f8cl,,SPRTA,,1777589788541,,705000000000,,3,28,285,1777589788541,28,3,1026771066,367232358,0.015,340000000,705000000000,0.0269
pool1un58w95j5mrnyuxsrpf2tu4mzzalx5ug6s78jt5g8nyzgdyzajy,,CUNUM,,2009612776,,10000000000,,0,2,285,2009612776,2,0,0,0,1,340000000,10000000000,0.0
pool1unwt07wm6ln4ymlhmgg3u58n4mu6x0unhltcewtuchfp6n6frxc,,MS11,,10007441014,,10000000000,,0,1,285,10007441014,1,0,0,0,0.04,340000000,10000000000,0.0002
pool1up53z2kadt6l5xs359ckx477rpyvyg3favh25qrhqt2ujclpq3h,,,,62434003092851,,10000000000,,52,55,285,62434003092851,55,52,36571583241,709473942,0.01,340000000,10000000000,0.9451999999999999
pool1upx7l0yrsxt4l94t5xfckahj6m7pt5dpmnx6u60sjxmn5p5mezs,,,,1712322664,,88000000,,0,5,285,1712322664,5,0,0,0,0,340000000,88000000,0.0
pool1uq8l234306m76unyz8kuwnkvmtvazaks6vuvyx3a3khngavvcw0,,PLTUS,,24263151077340,,1500000000000,,21,1285,285,24263151077340,1285,21,13829847057,645738602,0.01,500000000,1500000000000,0.36729999999999996
pool1uqgn8wt3qwaextmmurmcjmk3egwsac6sunyqtrssrdeavlgpyr4,,,,1381548537051,,70000000000,,3,53,285,1381548537051,53,3,1600341577,394370073,0.03,340000000,70000000000,0.0209
pool1uqrecfnsa6pqd2tz60r0lcj4kunhc4rrw8lldrpdvfx9qfjd6n0,,AMS,,931604823614,,10000000000,,0,52,285,931604823614,52,0,0,0,0.001,340000000,10000000000,0.0141
pool1uqx6c3txsyjyy96te76vzg39773s2crwa5f0vtnzppf9xzrm8qs,,WOT,,7943087963,,14500000000,,0,5,285,7943087963,5,0,0,0,0.02,340000000,14500000000,0.0001
pool1ur2y44cgsyf9l40y4xdc7w3cwy88vgmj95deatatzqnqqhrfp7f,,BNP,,17639298,,2000000,,0,1,285,17639298,1,0,0,0,0.06,345000000,2000000,0.0
pool1ura3w5x8uy7mgzu0pd4kskap4hynt9zymt30h5macll4kuxpqnv,,,,6292753893,,5000000000,,0,2,285,6292753893,2,0,0,0,0.01,340000000,5000000000,0.0001
pool1urg2mhfsen52mw8ya2kqrg3zuccsreddgwry8e25yf227hpvh3m,,SSASP,,1998445109,,1000000000,,0,2,285,1998445109,2,0,0,0,0,340000000,1000000000,0.0
pool1urgvu6zk422j4xwtxa45lzpd6dm25msfthpkezr042secrtuwzc,,CCV1,,31388408598377,,500000000,,14,4166,285,31388408598377,4166,14,9018912115,816673709,0.05,340000000,500000000,0.4752
pool1us4ctkpuk3xpyf4p7khswh8l8s3wyxmlrls9cenpa2xmx7jyvrf,,,,171926044679,,2000000000,,0,4,285,171926044679,4,0,0,0,0.005,340000000,2000000000,0.0026
pool1ut39vczq4h03vpzfcn7ssxa04qzkyj8nxu4nq4rfv0nsxz39c5y,,TOBA,,14764974646653,,100000000000,,21,10,285,14764974646653,10,21,14479627574,487256452,0.01,340000000,100000000000,0.2235
pool1uthdnav2zc2hxpg2hyeyy545lnxtl8lqdcdqxjm0j8t5srmyvzj,,ADAST,,24115187498666,,1000000000000,,23,287,285,24115187498666,287,23,13502378880,1157991946,0.05,340000000,1000000000000,0.3651
pool1utqhj9g53a5cwg7tyd8neky7jvjlgzuf470adc0e69cp5uuquzx,,ZW3RK,,4481660609565,,75000000000,,3,44,285,4481660609565,44,3,1788783084,358112638,0.01,340000000,75000000000,0.0678
pool1uu35qfkmjyxwpm3pgptfgr0qga9j2fzkc0tsjplcx840x295xj9,,CHEAP,,6351552363676,,0,,7,73,285,6351552363676,73,7,4472097703,540678474,0.009,500000000,0,0.0962
pool1uup47u5lmet469pmaym077hvewcp30larj9ugap8580uya3rtuw,,MPN,,820025746,,100000000,,0,1,285,820025746,1,0,0,0,0.15,340000000,100000000,0.0
pool1uvgvyjygjnv20y9uwrlt8sfp7jzjc96predwmtklac9c6m9yq0v,,,,2084328982,,500000000,,0,2,285,2084328982,2,0,0,0,0.02,345000000,500000000,0.0
pool1uxhfj5etheyex5w3ydmfhdw5ngs2gcrlqeasjxwh58kww9zs9uv,,deci,,4566573990,,1000000000,,0,4,285,4566573990,4,0,0,0,0.005,340000000,1000000000,0.0001
pool1uy2z02pn4lczk7p2plvnkzrmltxmqs2t04d9ghx5t0vw6e4t0qn,,AMSNL,,2200776279681,,100000000000,,4,25,285,2200776279681,25,4,2153811389,377976137,0.015,340000000,100000000000,0.0333
pool1uynyxp3pv2yp340d3q0m0rye6mnvdtyjmwqljvtwj26lsayl7gy,,SON,,1243861704,,1000000000,,0,2,285,1243861704,2,0,0,0,0.005,340000000,1000000000,0.0
pool1uyvyxt9k9g038h567x8halej4x87j7m4r4zyz9lhv4dcv83husk,,BLOOM,,21076448009367,,1000000000000,,25,526,285,21076448009367,526,25,16138203945,1046087402,0.04,340000000,1000000000000,0.3191
pool1uzkf7xmg6p3p5nn8y0eknfgws8e8j94vklx590qra2kfxpsxwsa,,BNP,,65877102582083,,2000000,,65,3,285,65877102582083,3,65,43488004390,3120942984,0.06,345000000,2000000,0.9973000000000001
pool1uzla0r73fvpnvxr07m98nfzlxcv3q26mkjz00cqjfh7uqsyjkju,,1PCT1,,57496886295135,,50000000000,,48,119,285,57496886295135,119,48,33627378045,681105322,0.01,340000000,50000000000,0.8704000000000001
pool1v0j49yxl02kqspn7xmehf0kw8e07nuc2y3sc76rqzgkkwf3gtmt,,SKY1,,80317899897,,7500000000,,0,7,285,80317899897,7,0,0,0,0.02,340000000,7500000000,0.0012
pool1v0s8c20l67rf8xlkt4f2e7tr2jkadwl4v4nmrfhrpxr05s0jxhm,,WVP,,80448383697,,10000000000,,0,3,285,80448383697,3,0,0,0,0.01,340000000,10000000000,0.0012
pool1v28xlhk6juevh3ss09vpe78zu7cx6mejr8k8en94scd6v8rrshh,,,,3815956793323,,10000000000,,4,88,285,3815956793323,88,4,2465683144,340000000,0,340000000,10000000000,0.057800000000000004
pool1v2u8x73efaa7vlc342jdd4pdvdp9vmmgacc97tty6cljxrtxpse,,STL,,593357349344,,50000000000,,0,7,285,593357349344,7,0,0,0,0.035,340000000,50000000000,0.009000000000000001
pool1v3k049f5aypn325f3rvn79765cuvqrvlhmqyzj835frn6ya03qp,,ASP1,,542697667021,,10000000000,,1,8,285,542697667021,8,1,229777002,340000000,0,340000000,10000000000,0.008199999999999999
pool1v3rzrj25ak30dhuyrupkxeddttetxzh4cz9ccpjlfxuh6d85d58,,XRX,,27477459555,,10000000000,,0,8,285,27477459555,8,0,0,0,0,340000000,10000000000,0.0004
pool1v46kmtavsty57aql824069j2p6wxpcpk3j25veqauu54kynydty,,JIFF,,1032235168,,1000000000,,0,1,285,1032235168,1,0,0,0,0.02,340000000,1000000000,0.0
pool1v46s6ak79m3mlv65pjh7ypvsp7n6cc62a723dpwmhtn8uy4pld5,,,,22420601,,10000000,,0,1,285,22420601,1,0,0,0,0.01,340000000,10000000,0.0
pool1v4apprjghtey2w0gwcq49fnttrzd6q5832p7gxa9ckgvsjvjc06,,,,4005408824,,200000000,,0,5,285,4005408824,5,0,0,0,0.01,340000000,200000000,0.0001
pool1v4wgyctxyxlcf90qtgflznv5f4fcm6cy0z80mchctekt20d3cww,,CPX,,4254912212738,,305000000000,,1,23,285,4254912212738,23,1,345091308,343780140,0.01,340000000,305000000000,0.0644
pool1v4xevkf7fx08pzy7atsk59dds6p0sdyl6xmhwf4mh79x6l5p6kx,,DIVY,,27776061311217,,1000000000,,22,729,285,27776061311217,729,22,14989840174,648857691,0.02,340000000,1000000000,0.4205
pool1v53upfe8vexje6qcpcxu84e0rwv2hsxeantu6pjmpw097r6vzxe,,TRUX,,2131348424053,,1000000000000,,3,3,285,2131348424053,3,3,1702473819,430563191,0.05,340000000,1000000000000,0.0323
pool1v5g4rmkk0394q6swgfusgzjjzrv9ajy8qntgpuumegka5xhpgam,,COFFR,,19334733831,,250000000000,,0,10,285,19334733831,10,0,0,0,0.015,340000000,250000000000,0.0003
pool1v5jj7xumvk4engwvqrxt0kfhpdkucqvydmmlwwq2x76hz99affw,,,,1008640310,,1000000000,,0,1,285,1008640310,1,0,0,0,0.03,340000000,1000000000,0.0
pool1v675dnkxjfz9jgct00tskyyuvsjgqj50d27c6wz4a5zr6gj4s67,,,,172749813975,,50000000,,0,5,285,172749813975,5,0,0,0,0.01,340000000,50000000,0.0026
pool1v6mdg9xm9a80js00zx53c6nagcw5m0m970nm4my4pkrlyxq707e,,,,2671145758943,,10000000,,3,53,285,2671145758943,53,3,680475481,340000000,0,340000000,10000000,0.0404
pool1v6q842vfdg4mhj3jt7jh9shgeerydcrrz5yg26vf2gzagyr5hkr,,,,7747026226,,4259000000,,0,6,285,7747026226,6,0,0,0,0.008,340000000,4259000000,0.0001
pool1v7d3mzskg7glyx444xnl6tyvlsgg7a426dgeztkggxz8ucj8yhj,,,,254157957,,3500000000,,0,2,285,254157957,2,0,0,0,0,340000000,3500000000,0.0
pool1v7q3xsa9u4ezatnsunuyw8646fc3fsvjju9a5x3835d6uf09pe8,,MAX,,1822839,,10000000000,,0,1,285,1822839,1,0,0,0,0.005,340000000,10000000000,0.0
pool1v7qmlru8hktqtsl0qzegmymvgzey7v9jdtrd9em7tj76jp5l7aj,,,,21124550694,,21000000000,,0,2,285,21124550694,2,0,0,0,0,340000000,21000000000,0.0003
pool1v8cx78z8fqu4438vcmg20qlp4qujks8mrrlrcer6aa4f6eg9u2k,,,,9665378771,,5000000000,,0,3,285,9665378771,3,0,0,0,0.03,340000000,5000000000,0.0001
pool1v8f9npqqyywumf58s5g7kmvywx09c5pv02nr65q00ftuur8780p,,BNP,,65926367019984,,2000000,,50,6,285,65926367019984,6,50,33377586794,2475563834,0.06,345000000,2000000,0.998
pool1v8q93vtkf4vqqqus6ts772w8dr9h5tz99lnylfj40x3p7cutxx4,,,,73915276256,,11500000000,,0,3,285,73915276256,3,0,0,0,0.01,345000000,11500000000,0.0011
pool1v99msed3jqh4fd2qyzdn0t2qfmh3mv2cnfweatl85mdhz6l0ewc,,,,1353100861477,,500000000,,0,35,285,1353100861477,35,0,0,0,0,340000000,500000000,0.020499999999999997
pool1vafsg5t78rnx3qr3fv7ys9h50pnvxqhd4l8tj629l5zk7tc39ch,,,,22596124333749,,10000000,,9,333,285,22596124333749,333,9,5969725144,472088951,0.0216,340000000,10000000,0.3421
pool1van29pcguetr6gwnyfwd2g4f68rt3vkgtvu9wjdj0xwpylngsdk,,,,107224476,,100000000,,0,1,285,107224476,1,0,0,0,0.04,340000000,100000000,0.0
pool1vayu3mf4qgudxeelywy5jxjxaz56ycyr03trp4m4q7925mwv5ct,,,,2385265522209,,1000000000,,2,42,285,2385265522209,42,2,1056772261,372827221,0.03,340000000,1000000000,0.0361
pool1vc3tk2s8xe5kvtldpmlhkgjnnt6nkllevyyszevapg0qwn0ch29,,,,23904443703406,,5000000000,,15,5,285,23904443703406,5,15,8760853,10748508423,0.995,9000000000,5000000000,0.3619
pool1vc8jhqtwjrjwsfk6a0enx47hd2ufg98c34ta6lvl0zv0uhpech9,,MDS,,1316732020965,,50000000000,,0,90,285,1316732020965,90,0,0,0,0,340000000,50000000000,0.0199
pool1vc8jp7uagxgh8trzx7r260ndcydz89ges8sws05cyv7jj8q8gqs,,OCEA3,,45484087528374,,25000000000,,44,620,285,45484087528374,620,44,29571911284,784178729,0.0147,340000000,25000000000,0.6886
pool1vc9l2achca6q5pfz0e8557tshs3qgq40cunaauq9n470zguppmd,,,,303437544391,,0,,0,1,285,303437544391,1,0,0,0,0.01,340000000,0,0.0046
pool1vcmqgcykx4k3ngj2upkyhu424dsn85ansepz2xmdxg4mqw7w6ac,,,,1707271791,,100000000,,0,4,285,1707271791,4,0,0,0,0.04,345000000,100000000,0.0
pool1vcnevxtlwswfh8cdnqc9xrgpxq8wt33l2jtcfle2eqwpwd9997d,,BNP,,65849840444429,,2000000,,65,4,285,65849840444429,4,65,43487775842,3120942984,0.06,345000000,2000000,0.9969
pool1vd3rfulk3x3k6mafusvrtnzysx9qkcgcks9an2alcpm55msk63g,,RAID5,,34940079715,,30000000000,,0,2,285,34940079715,2,0,0,0,0.01,340000000,30000000000,0.0005
pool1vdcu0y6ujrwmnv4u50j6upxkjug7cx7zsaynjvgkcm2ycmajelc,,COOL5,,45099716176699,,50000000000,,37,652,285,45099716176699,652,37,25517783995,864343195,0.02,340000000,50000000000,0.6828
pool1vdh6kxcqt9mxavyv80ggnec6jjwms44ms30rhle3lt266aj8jgh,,NEDS4,,1700595426021,,250000000000,,1,6,285,1700595426021,6,1,154093224,340000000,0,340000000,250000000000,0.025699999999999997
pool1vekz9v9ntugs7g3flpg2q3au8tp7205zsyl9kh03g72s7rz5hvm,,BRO,,3043819474,,1450000000,,0,2,285,3043819474,2,0,0,0,0.01,340000000,1450000000,0.0
pool1vemm9tq77upd9m6wtu7edw8wtju3ymnuq9wz43cfn35qk26ddqq,,CNT,,7401751,,65000000000,,0,2,285,7401751,2,0,0,0,0.001,340000000,65000000000,0.0
pool1vernpfxctyv20kzhfh65jy6j9pggqu53dk2uhs8vmxkxw57t2fp,,LEND,,4114670568,,150000000000,,0,6,285,4114670568,6,0,0,0,0.045,340000000,150000000000,0.0001
pool1vev2lqvn00fpq9uqrlqm383dy6hht56c5udmm3qwryrm2a9ft5e,,,,3430348222612,,0,,4,46,285,3430348222612,46,4,2501328614,340000000,0,340000000,0,0.0519
pool1vev89m93eu9t930fswf8ee2xjehwrrkyw7msdemjwl4ev3xaqdf,,,,53163529954,,50000000000,,0,4,285,53163529954,4,0,0,0,0,340000000,50000000000,0.0008
pool1vev8z03vh7jwx3mfrgzrt9fltt97nupaxv8ffj4r5r8mgwts5ze,,ADAOZ,,10577623968944,,60000000000,,11,394,285,10577623968944,394,11,6832331723,340000000,0,340000000,60000000000,0.16010000000000002
pool1vf2kjdjr6twtsp9m38hl65xcaf6rhwhq0ttz5w63wnlj2a4mq2j,,PLUTO,,43503306356,,10000000000,,0,30,285,43503306356,30,0,0,0,0.01,345000000,10000000000,0.0007000000000000001
pool1vf5vcnueqkddznfzn2tmw2hgxfa5gjugsl3v540emunmyd4gvrh,,,,119801956844,,5500000000,,0,9,285,119801956844,9,0,0,0,0,340000000,5500000000,0.0018
pool1vfayajkdc0gw876lax5va6ygpfpsd8kz73k4y977emm3clnxlm5,,KAYA,,114986354601,,30000000000,,0,23,285,114986354601,23,0,0,0,0,340000000,30000000000,0.0017000000000000001
pool1vfdw3j9246kkem4lychnsqj9edsmfglfvxvmyl4ekqddj92e33f,,BNP,,65852463528875,,2000000,,70,7,285,65852463528875,7,70,46862636430,3331369368,0.06,340000000,2000000,0.9969
pool1vgcwg06lyydtnukylyxfw8mclr2quc2wuhtlqzvr3ul9jnply9x,,WRTAH,,124499902421,,1000000000,,0,7,285,124499902421,7,0,0,0,0.01,345000000,1000000000,0.0019
pool1vgn0eerhcs9pfrmftlxjmc2sm0t4vmhrqyma0hk6spc6geahrck,,LOVE,,164691037334,,20000000000,,1,12,285,164691037334,12,1,301150655,340942863,0.0025,340000000,20000000000,0.0025
pool1vgp4geg4q39pdssw8dt6m9cctez3282yva9yl2dde47q7ny4ugd,,MAG1C,,319094864,,250000000,,0,1,285,319094864,1,0,0,0,0.02,340000000,250000000,0.0
pool1vgryztjlm0grah2g5gngd0vlmy4z3yrsm42h00hn967e5mqk4nq,,,,197430721,,130000000,,0,1,285,197430721,1,0,0,0,0,340000000,130000000,0.0
pool1vh4y864hcq2r66ak37w4dsnkhnsfxaaacs0p5s4vj5676m6txwm,,HOPE,,35002548081045,,50000000000,,42,1480,285,35002548081045,1480,42,28096901895,939384032,0.02,340000000,50000000000,0.5299
pool1vht9jrtd95p2x34040lk2sfuld2a8507lckm9whymmw9z9ahpp8,,,,203758039,,100000000,,0,2,285,203758039,2,0,0,0,0,340000000,100000000,0.0
pool1vhusc9c38uqkuspnecq6clcqadx86g8wpxfaadyxfwdrukh0kg0,,MIST,,2953199,,32000000000,,0,1,285,2953199,1,0,0,0,0.02,340000000,32000000000,0.0
pool1vhzjtcrcyzy5ld05mj8edy5at37x4g7du8uvvss037h26h8s8z5,,DIING,,187582419110,,50000000000,,0,19,285,187582419110,19,0,0,0,0.05,340000000,50000000000,0.0028000000000000004
pool1vj08te6uceklte43cy6canq7te45qjmmm0dhewy0kvstyjmgqzt,,,,10543924106,,8000000000,,0,4,285,10543924106,4,0,0,0,0.0075,340000000,8000000000,0.0002
pool1vkaqy5340z5ka59urgfg869zlv8h3t2t4pww7yeunr6eyfda5qt,,,,5344060043,,1390000000,,0,5,285,5344060043,5,0,0,0,0.05,340000000,1390000000,0.0001
pool1vkc0dvuf8rxrch87umfayacgglrh8f88ef0f64xrdue5u2xjwfm,,IFS1,,4300952195657,,0,,5,18,285,4300952195657,18,5,2920895713,664543968,0.1,340000000,0,0.06509999999999999
pool1vkngxunyagwen690yn36pa2v6jecyxgeavl9nva9dwzhu22fzt7,,LOVE2,,1692809560396,,500000000,,3,75,285,1692809560396,75,3,1748051924,340000000,0,340000000,500000000,0.0256
pool1vl0hlf4jecm3rk0vcc9mtpu5us2cv7hzlz396cgs8crc5df43mn,,NUT1,,1525442801159,,10000000000,,0,7,285,1525442801159,7,0,0,0,0,340000000,10000000000,0.0231
pool1vl46tq6mxq3f5c4m2e2x3jlruutweahnv5adkjy2sskyc3lc4ge,,,,1000000,,100000000000,,0,1,285,1000000,1,0,0,0,0.0025,345000000,100000000000,0.0
pool1vm3rcng5f729uuhehfq0ael0pw9x9dlukqkdlmk2fnakxt3jxyj,,,,519389597280,,150000000000,,0,80,285,519389597280,80,0,0,0,0,340000000,150000000000,0.0079
pool1vmj2h5vwgc369g9v4lym57rg84t8sh6twn2sc75cr3pdjcg90gt,,SEXY,,4422726,,0,,0,1,285,4422726,1,0,0,0,1,340000000,0,0.0
pool1vnsfv2qpt5gxte9prupjey8kw7ap7t6c8lc02ks4s3gtqplhgd3,,1PCT4,,57182284595686,,50000000000,,44,624,285,57182284595686,624,44,30801249447,652437103,0.01,340000000,50000000000,0.8656999999999999
pool1vpa84enqxhh5hnyypeqfshsgqhnjfzyddgq7z4tfmavh68c9s9p,,CHAOS,,4330518788861,,21000000000,,6,32,285,4330518788861,32,6,3911789476,379626738,0.01,340000000,21000000000,0.06559999999999999
pool1vpav6vlznpwzrr82nvq7jenfxk4mwqk9jju9yx03dryqcg9sqnn,,,,3133844799333,,10000000000,,2,3,285,3133844799333,3,2,1088883884,340000000,0,340000000,10000000000,0.047400000000000005
pool1vphx7ph5rayjxuuqmwqhlw32pl3m6lstcr5jz0ecajdc528fjdt,,,,5160421066896,,10000000000,,4,4,285,5160421066896,4,4,2472759578,390316786,0.0199,340000000,10000000000,0.0781
pool1vpu866574h8g7zun93qz6xh5hxxun0ml2esxnz0gh4c8sfnt7uh,,ALTU1,,17393401204,,4500000000,,0,13,285,17393401204,13,0,0,0,0,345000000,4500000000,0.0003
pool1vqm5n5d503uumuc89s5y4wuczrwe3tlgylt2u2uj7y276avr5pl,,BIO,,1216254552746,,1000000000,,2,82,285,1216254552746,82,2,1058314475,340000000,0,340000000,1000000000,0.0184
pool1vquhv3kh6xkklckaenl8alyuhfsld57ef5573aqauueyqacx4ak,,KIWI,,53007917644898,,400369000000,,39,6071,285,53007917644898,6071,39,26785622225,891924367,0.02,340000000,400369000000,0.8025
pool1vqwvxr32nw3k37qwy8j2032mnpfp2lnrjqh6nupvc3dfzh7yrtz,,ATL,,952039575741,,50000000000,,4,7,285,952039575741,7,4,2336057970,370239690,0.01,345000000,50000000000,0.0144
pool1vr8tegnnjtvfe7me66qrchaq6ucmmxve6anuuypwn6s3zs6342s,,WING,,15576656698,,12500000000,,0,3,285,15576656698,3,0,0,0,0.01,340000000,12500000000,0.0002
pool1vr8yc6ds47hzfgqxu9tzxdwze6x82fetqdps7vvmcdav6rlzd3x,,UNO,,57390539906,,200000000,,0,6,285,57390539906,6,0,0,0,0,340000000,200000000,0.0009
pool1vru3p8sswq5xkr38ceavad67t6krh6m6q0q42p59e6htkld4yxs,,PTGR,,107876585912,,740000000,,0,5,285,107876585912,5,0,0,0,0.02,340000000,740000000,0.0016
pool1vs689gkmqtrljtmcwd2690nzqm2yyq23wk2zzx5g0v0gs5ug64a,,VAMP,,2643559017783,,750000000000,,3,7,285,2643559017783,7,3,1783523867,358113611,0.01,340000000,750000000000,0.04
pool1vsuq3gtdvvsyma3gvz58chk8u4gu5yd03w8ptfks3ttxwpfvf0e,,KING1,,16110785472870,,100000000000,,23,22,285,16110785472870,22,23,15442128178,825145489,0.03,340000000,100000000000,0.2439
pool1vtf34mujsfrr8wesg8nvmnupk7npz7f287whltv2ga4wc2728mf,,,,4743691292541,,10000000000,,7,5,285,4743691292541,5,7,4575738688,433128874,0.0199,340000000,10000000000,0.0718
pool1vuhc5fl733g3twn856xsfjqusczvk68r6pvs6lqgtadzsf6fue2,,SHARK,,1933347784,,1000000000,,0,4,285,1933347784,4,0,0,0,0.01,340000000,1000000000,0.0
pool1vulu80lngn7t3jf3trclavfal7h58p4ap5f849r35z6mkfvac3c,,,,497625658,,20000000000,,0,1,285,497625658,1,0,0,0,0.99,340000000,20000000000,0.0
pool1vuwavngz2hums4ll34z9afdjkn826wnzgy2kpmnynhd0wr5qxkh,,ALKUL,,2521108233011,,30000000000,,3,15,285,2521108233011,15,3,1721666010,358122029,0.01,340000000,30000000000,0.0382
pool1vvesqladm29fuzrv93px5qse0upw82a579lz9063xsfrz7yef7z,,8SQRD,,357367812226,,51000000000,,0,11,285,357367812226,11,0,0,0,0.01,340000000,51000000000,0.0054
pool1vw0rqsvfx0ngct7gfmlz5j2e4gap6sd9pwrmemhd488eyxvm88r,,,,1000100,,25000000000,,0,1,285,1000100,1,0,0,0,0.0275,340000000,25000000000,0.0
pool1vwfg3d0yhun8anncaxjfg8whjn6sa328shuyc6rmf2cgvyjrs7w,,BNP,,65843830693234,,2000000,,58,8,285,65843830693234,8,58,38774408990,2815066047,0.06,340000000,2000000,0.9968
pool1vwquf4wt465lhketcy2j7jwpz5l6l0ce6a79ga3y4wg7gc8egp0,,CCP,,459948910912,,10000000000,,0,25,285,459948910912,25,0,0,0,0,340000000,10000000000,0.006999999999999999
pool1vx5z22mlkx30mcda48rt6zf8n9tsraueulavsgnuvx45ug2etga,,,,55924000242,,25000000000,,0,12,285,55924000242,12,0,0,0,0.0125,340000000,25000000000,0.0008
pool1vx9tzlkgafernd9vpjpxkenutx2gncj4yn88fpq69823qlwcqrt,,CRDNS,,55913391106612,,200000000000,,49,3376,285,55913391106612,3376,49,33826114969,1036608461,0.02,340000000,200000000000,0.8465
pool1vxpu476qrulzkk2u97emkfskmc2jx4mzznvupw0zf5206nx35vl,,SNDC,,308097517,,300000000,,0,1,285,308097517,1,0,0,0,0.02,340000000,300000000,0.0
pool1vxvdypctdecvc2j7xu9y8h2fdxvkpjy2pp8luwg2h6dx5jlv0nk,,COOL,,47771019959889,,50000000000,,46,774,285,47771019959889,774,46,31830340110,993787877,0.02,340000000,50000000000,0.7232
pool1vxz0deezj5c2950e7arpzfqxzq8zd9kawsullrzjw5rsq0yhxgr,,ZZZ,,60002189651830,,50000000000,,53,240,285,60002189651830,240,53,35755094616,2223714218,0.05,340000000,50000000000,0.9084
pool1vyk3x4j2lfrj4y8t282xmwep936rh8gv2vqrkxghm2h67l2upjq,,OMWCP,,6084483821,,500000000,,0,4,285,6084483821,4,0,0,0,0.05,340000000,500000000,0.0001
pool1vz9eysr66jhsrt9h2zqmc42hr2ucfdtt0v597uxwdc24gqsjyw6,,,,65148991308954,,64000000000000,,51,1,285,65148991308954,1,51,,47043815535,1,340000000,64000000000000,0.9863
pool1vz9txqmdhxwegpy7uzrsap84z309veehqv3uh4s60qwxk0u7h06,,BOOM,,1437136242383,,1000000,,1,16,285,1437136242383,16,1,364792209,343771679,0.01,340000000,1000000,0.0218
pool1vzpakzvtx46t7kpla6pus7wpnskeprdlrxc3snf897tryuzfh4v,,,,5395263724,,1000000000,,0,2,285,5395263724,2,0,0,0,0.02,340000000,1000000000,0.0001
pool1vzquqa6clffwsegafvyds0zkaqpjcw0hurq3a0xc8ape6h0xhkh,,,,2010436661,,2000000000,,0,1,285,2010436661,1,0,0,0,0.05,340000000,2000000000,0.0
pool1w03kdpxna6lru84ewqfvw9vn32gn2c5qu6wjau5pyaygsmsj3j7,,,,5716785324,,2000000000,,0,2,285,5716785324,2,0,0,0,0.03,340000000,2000000000,0.0001
pool1w07z3ve6xp52dzd3fkg6rere8qpy7zsr4kwjmpw35zpxj5rz5jj,,FIBOT,,26381151719,,5000000,,0,1,285,26381151719,1,0,0,0,0.03,340000000,5000000,0.0004
pool1w2alpqttaulpukcrz0j902kk8wmq68q9qm50c6npaypk7yypy5a,,KIBA,,469880344830,,2000000000,,0,3,285,469880344830,3,0,0,0,0.005,340000000,2000000000,0.0070999999999999995
pool1w2duw0lk7lxjpfqjguxvtp0znhaqf8l2yvzcfd72l8fuk0h77gy,,PSP,,9547592934,,14000000000,,0,7,285,9547592934,7,0,0,0,0.01,340000000,14000000000,0.0001
pool1w2hc8xqzxpjw7dxwq65krmq79zswvvdmsgs8p04djwt8vm84qmv,,,,16163275037441,,300000000000,,15,32,285,16163275037441,32,15,10127347796,444307589,0.01,340000000,300000000000,0.2447
pool1w2nfwaxwzhh6xcnftvswd535s93shteqxncf0rnjdd8rskdl9pp,,,,1273621918,,1176000000,,0,1,285,1273621918,1,0,0,0,0.01,340000000,1176000000,0.0
pool1w3ewp9s00evj200lnhwsy3dkn2yf3dg7zq7apj26a2dvv5r7hpg,,,,515672856,,500000000,,0,1,285,515672856,1,0,0,0,0.02,340000000,500000000,0.0
pool1w43rswva2e4hulr6ayxv4aaaf0fzvxjj5c8kv55xmm2auey5xvz,,,,986479479108,,0,,0,4,285,986479479108,4,0,0,0,0.13,340000000,0,0.0149
pool1w4am4s9w4gkt8r0245km62vtnnv9hhq6j68exzh2pyaxxfaq0gc,,1PCT2,,15890257985552,,50000000000,,12,241,285,15890257985552,241,12,8068981351,422733579,0.01,340000000,50000000000,0.24059999999999998
pool1w4k38v33hm00f488leycy7x4r77c6zgax2w30whtrkf4uh9agpy,,ROOT,,183277112950,,27000000000,,0,7,285,183277112950,7,0,0,0,0,340000000,27000000000,0.0028000000000000004
pool1w50f20mpxwtal3plsqmgrx2xxlg84hn7ep0fhlcajkhu77k8tfp,,,,754221182,,100000000,,0,1,285,754221182,1,0,0,0,0.02,340000000,100000000,0.0
pool1w5ws76te73pjhep4zt8axh2r6wczm0220gp49fmfnjmzvtal7fe,,,,53068541616,,170000000,,0,5,285,53068541616,5,0,0,0,0.02,340000000,170000000,0.0008
pool1w65amkyxhlstja5mp0vf7q2av5tm0m6zjsm9pll3xw36x6g8qte,,CRBN,,683238861542,,30000000000,,1,5,285,683238861542,5,1,355202378,345657720,0.015,340000000,30000000000,0.0103
pool1w69y40jqha8vnpsg0fhn26vym2z6cwur3r06dpqw8nw0wrsmdns,,,,64006542100350,,63000000000000,,45,1,285,64006542100350,1,45,,41207658811,1,340000000,63000000000000,0.9690000000000001
pool1w6ez83j2lapmlzudtuuwygm9lwt23203keqj53n7yjdtwaamghr,,,,437621830,,100000000,,0,1,285,437621830,1,0,0,0,0.15,345000000,100000000,0.0
pool1w6l6rvhxtym5psec3mvgrjlg28d6hrv8g9jjexadzmxfgndfg2f,,SIPO,,37954606307191,,50000000000,,34,240,285,37954606307191,240,34,23410866157,941155967,0.025,340000000,50000000000,0.5746
pool1w6vj437xqhlkasuhc2td09jd6vfem5e03nhhpn7yqxfkzrkamch,,WINE,,768071217292,,1000000,,0,3,285,768071217292,3,0,0,0,0.01,340000000,1000000,0.0116
pool1w6wdqqu5qyj2twwsmlck05l3jew9hjrvr6s6hvgvnn87x53h40z,,,,25108783215,,500000000,,0,2,285,25108783215,2,0,0,0,0.01,340000000,500000000,0.0004
pool1w728ekz4fs2f33qmqf7047hvwsmarjrv5l575ncnh7hkc0zdhgz,,LAKCV,,685900444,,180000000,,0,2,285,685900444,2,0,0,0,0.15,340000000,180000000,0.0
pool1w7avkl9cszkmx96zn8cfgrwj5quqh6ehdmjp9ejszuhegtevrcc,,YNMS,,44305182694,,7000000000,,0,7,285,44305182694,7,0,0,0,0,340000000,7000000000,0.0007000000000000001
pool1w7c2j0px43jmudhf48ezp7dy8j7904c9l3wc7809lhh2z026hch,,STAT,,49621086922276,,750000000000,,51,2850,285,49621086922276,2850,51,36044271514,340000000,0,340000000,750000000000,0.7512000000000001
pool1w7glhdtfl5slt54x7ss2hyd9lp2qyp7qxstgy72quzelqg93s24,,,,180082450853,,10000000000,,1,3,285,180082450853,3,1,48381284,343771640,0.01,340000000,10000000000,0.0027
pool1w7pt822hfgw30xnkwpjzz0sr5psejksqdcdw4l0ms33lsgynp2e,,COOL4,,28972507762339,,50000000000,,36,329,285,28972507762339,329,36,24702480289,849526455,0.02,340000000,50000000000,0.4386
pool1w7y659w3ya4x4rd9ljp6rmcx70yj2t0s0nk97d6zgmymq0a2k7w,,,,1937545148,,150000000,,0,2,285,1937545148,2,0,0,0,0,340000000,150000000,0.0
pool1w8ham64lthvzzxzn5hknq4yrj8xt2nark409s2xmntlwvt4ag3r,,1PCT7,,59754145964954,,50000000000,,56,432,285,59754145964954,432,56,39300470620,738579161,0.01,340000000,50000000000,0.9046
pool1w8tqsw0ywvuh29g3jpnap03tudgjcgyyndpxvvc775en7rgq5vt,,HRC,,215446209,,150000000,,0,2,285,215446209,2,0,0,0,0.015,340000000,150000000,0.0
pool1w9crhmpzf4pv0ssapcutljk7v7ejwv4jlup73mx96tne62u7cy6,,,,5387210336,,1000000000,,0,2,285,5387210336,2,0,0,0,0.02,340000000,1000000000,0.0001
pool1w9hdxd0ydy7qrtxe2lceg80mpsyamwnaqyvu2v0yngj4cfkfu2t,,NAPPY,,648397677927,,100000000,,0,3,285,648397677927,3,0,0,0,1,340000000,100000000,0.0098
pool1w9ksllt0ktnztjdzzlzaqfh7tzspu09xf5l08flz0cadyq0dv3j,,,,57232773040,,4000000000,,0,8,285,57232773040,8,0,0,0,0.01,340000000,4000000000,0.0009
pool1w9yeaaadjz9563tf2h7katrlujvxnywda8el8z66h02ckccx95x,,SUI,,1162974388022,,31000000000,,0,145,285,1162974388022,145,0,0,0,0,340000000,31000000000,0.0176
pool1wamhqzxcn7psr3rrqvg35wwjwmj8qktnvgyncj2vzyaqx9hkmsz,,,,97624556,,77000000,,0,1,285,97624556,1,0,0,0,0.03,340000000,77000000,0.0
pool1wc2kuqz7w36j4xc7x8aqekgjhmy4ggknddqqfuw4mr3pu9f8wxn,,,,49055495,,30000000,,0,1,285,49055495,1,0,0,0,0,340000000,30000000,0.0
pool1wdrg5vtv3nrh0mqmfua5qmj5p3zchzay2cz80jwfxxwrx7gp402,,ACP,,2006752358,,33333333333,,0,1,285,2006752358,1,0,0,0,0.111,340000000,33333333333,0.0
pool1wdujj7tmux5nuwnpeksgncendr3mj8ecsjcddpzx9gewc3flp4r,,ETO6,,53318562928299,,0,,51,1,285,53318562928299,1,51,,36571484849,1,340000000,0,0.8072
pool1we0xjccr3vc4ypnmhzsgwp7sxpsytu8dtv0syeqmtrllvcex68q,,JUNO,,4004793071191,,1000000000,,4,82,285,4004793071191,82,4,2276934973,376715223,0.0145,340000000,1000000000,0.060599999999999994
pool1we48gzta2wkn8h49ye5qxlpnx2mmhjj5jv6q6vdse4ysu6avzmx,,,,599421129,,500000000,,0,1,285,599421129,1,0,0,0,0.01,340000000,500000000,0.0
pool1wf7wk3802jxtkmek6uprm77cgqx53t4qep9kwkl078w3yw0ff69,,DNEWS,,29149545810408,,75000000000,,37,1954,285,29149545810408,1954,37,24813541184,1649383685,0.05,340000000,75000000000,0.4413
pool1wfmschvahufqva4x9y7ey87hamhy23qfvgxrlkm8rfq95vgl4uc,,,,2645245563,,1500000000,,0,2,285,2645245563,2,0,0,0,0.015,340000000,1500000000,0.0
pool1wfvreaqszfzxe5w2swwpqpy7e4jax9nyky0x855xqswkzq4v7zf,,BNP,,65861533086201,,2000000,,65,2,285,65861533086201,2,65,43487632581,3120942984,0.06,345000000,2000000,0.9971
pool1wg2u58u9fgnf374hruvtpkgsh9688hgfx28huf6zt6edvy3fckx,,CAFE,,242299150,,100000000,,0,2,285,242299150,2,0,0,0,0.06,345000000,100000000,0.0
pool1wg3xyzscx4qp0d4zmvlh7ksw8cupqcnegulmezl0cp77vtwlvgr,,PrepU,,16071938141556,,10000000000,,20,13,285,16071938141556,13,20,13357755745,900329484,0.04,340000000,10000000000,0.2433
pool1wggqaqs4pw2l4vml0k0p2kmvpq7pme3fl6smwc8cjjhvvuun9ww,,XST,,6477280989,,4810000000,,0,6,285,6477280989,6,0,0,0,0,340000000,4810000000,0.0001
pool1wh0hkjdgkr53t83vvakv6mg4cwxpwtw422a6cxaa9gz46q4c00l,,,,1012784993945,,100000000,,0,35,285,1012784993945,35,0,0,0,0.03,340000000,100000000,0.015300000000000001
pool1whk6lawmfz4zq5fw8zghglp23452gnm9zgs59nqafhpexwcvute,,WA1,,53806769590449,,50000000000,,52,130,285,53806769590449,130,52,34948977462,2149393606,0.048935,340000000,50000000000,0.8146
pool1whmm0hkxunyhxsr6dfjpx2tpvd05qhev820lx9vcmvqa5wjc6nh,,1COMM,,1458433306899,,402000000000,,1,151,285,1458433306899,151,1,268753059,340000000,0,340000000,402000000000,0.022099999999999998
pool1whzghlghkuqn8qf3ehpm3a4rugv0xxmgzau43zqer2awy2rngef,,,,20545331135,,10000000000,,0,4,285,20545331135,4,0,0,0,0.03,340000000,10000000000,0.0003
pool1wjext9skqge8x7z5asvvmezlal6npjk8v2aduavt6fehyzhnu5a,,STI3,,2425890488817,,60000000000,,1,310,285,2425890488817,310,1,367074820,345649875,0.015,340000000,60000000000,0.036699999999999997
pool1wjsshqjpl3n6zlscnfvyy9gxklkav2dvfyprfye6l0kewyvv6yj,,SAFE,,4182516531599,,180000000000,,5,32,285,4182516531599,32,5,2726496286,431092039,0.028,340000000,180000000000,0.0633
pool1wjt7mjhdaj857hwk3qg2wswn30ghjczm2qetrs7k6sjc20x4hfx,,,,1044888907,,1000000000,,0,2,285,1044888907,2,0,0,0,0.5,340000000,1000000000,0.0
pool1wk080y3p7zxsvshkzvhw3z7jmrlaxy4eprv6yjy24x4lvfs5qu4,,,,121138740217,,0,,1,6,285,121138740217,6,1,328761791,340000000,0,340000000,0,0.0018
pool1wkk7mlwet6pgqk9gd706trlw25vnu9a7ygvrugap0swjcfty7vd,,,,1322858,,6050000000,,0,1,285,1322858,1,0,0,0,0.05,340000000,6050000000,0.0
pool1wll3vr4v605eap9hpjfpda5cjegqfkjt8hrz3kkxpnffqejhav3,,,,26257638402374,,6500000000,,22,229,285,26257638402374,229,22,15106102934,648760106,0.02,340000000,6500000000,0.3975
pool1wlmyl6csyc5m9sxezcladq3ttty4hja9mue63dwdh5g7ymucukl,,,,16011062356,,7000000000,,0,2,285,16011062356,2,0,0,0,0.02,340000000,7000000000,0.0002
pool1wm5quxelvgk8q50jyfznf9asvelp9zf0tk2wu4jazlw9yj4uctw,,EU01,,371365499873,,250000000000,,1,23,285,371365499873,23,1,121070889,343773569,0.01,340000000,250000000000,0.005600000000000001
pool1wm89xjqp96t3mlun3pa5suxa3t4s5lluq239en0nxl7pcm5tprc,,SHOP,,4036902729497,,1000000,,6,121,285,4036902729497,121,6,3665751988,340000000,0,340000000,1000000,0.0611
pool1wmyr8pp6f3rll0hdxed6e8kkxzvj9ur0ecc45sttan3fqcfldcm,,,,10010883882,,10000000000,,0,1,285,10010883882,1,0,0,0,0.05,340000000,10000000000,0.0002
pool1wmzuwpa0ax5zf0v5d5ewexv4nts9lzlsaq5smmc3uqayym8muef,,RPI,,63754888264,,62000000000,,0,2,285,63754888264,2,0,0,0,0.01,340000000,62000000000,0.001
pool1wn7g7fs8nhqnkkzcafzucl6x6spa6rj980kkkg0rcnyajg62lur,,,,497625262,,100000000,,0,1,285,497625262,1,0,0,0,0.05,345000000,100000000,0.0
pool1wnshjhwqv9j7fgd4tkynpsqr0xczns4pghljy5j4z4qjj7qy4d4,,GXY,,891004002787,,1000000,,2,33,285,891004002787,33,2,714259420,350935853,0.01,340000000,1000000,0.013500000000000002
pool1wntxmftndrsj7y4aqles8knl3nfuyj22l83jun02yyx9s962gm3,,CBROS,,6286305461,,70000000000,,0,2,285,6286305461,2,0,0,0,0,340000000,70000000000,0.0001
pool1wp337rv2ehtvjr8mvhlrhr63z4y42ckyu5zwqqvlhj4q532wdqc,,,,96564760,,5000000000,,0,1,285,96564760,1,0,0,0,0.01,340000000,5000000000,0.0
pool1wp7vqk4mkx0w0wxzpy8avhft4qwcg60xldwem2uh9n4pw777fhz,,,,49705955903,,1000000000,,0,3,285,49705955903,3,0,0,0,0.03,340000000,1000000000,0.0008
pool1wp9p6rlpratng7rhrvyz6mcjqsl04laxxvvuu06umc5vghacqa4,,BNP,,17639298,,2000000,,0,1,285,17639298,1,0,0,0,0.06,345000000,2000000,0.0
pool1wpj6th0242z6l2s7zl357a6rv8s7a4lq9x0p74mev453qczweyf,,ROCK,,2266993860546,,500000000,,1,2,285,2266993860546,2,1,369443686,346860448,0.005,345000000,500000000,0.034300000000000004
pool1wpmjtfqcwvtcs9znpuulk99yk2zz6pfh0c4k9f2xlcspgqjndk2,,MS4,,67946313440054,,100000000000,,66,212,285,67946313440054,212,66,44511443263,1483089193,0.025,340000000,100000000000,1.0286
pool1wpp9pslecqwv4wjr4gfhcsv9hmagz882q6fl6umwup8guxy5whm,,,,6638814,,150000000000,,0,1,285,6638814,1,0,0,0,0.031415,340000000,150000000000,0.0
pool1wpzr2xafvtne6cnvlyzjqf8dlj2dg7tgkv3vu4zt687266ep7wg,,,,1310517149977,,14500000000,,1,25,285,1310517149977,25,1,363806756,349428006,0.025,340000000,14500000000,0.019799999999999998
pool1wqzdqsm02tust35dds3u7kyn373ms2mpjwf4ugs0qxp77frrxyx,,,,549590743157,,50000000000,,1,7,285,549590743157,7,1,340727480,340000000,0,340000000,50000000000,0.0083
pool1wrjg8fts9cus0eq8jyf5wqsfe64e8tvrquxgff3tyze4qal4hwq,,TPOOL,,536019934992,,1000000000,,1,10,285,536019934992,10,1,351807968,346788980,0.018,340000000,1000000000,0.008100000000000001
pool1wrwjj0mc3pcrfynt3vr80yfhuleyvzeq3w9287euytarz8tdzxj,,SPAWN,,548738606,,100000000,,0,3,285,548738606,3,0,0,0,0,340000000,100000000,0.0
pool1wsr9ehtfvc4cs3rzfv65jjv7w7pe3xngw58mtt0ex4jck5frw79,,S0716,,9823411,,500000000,,0,1,285,9823411,1,0,0,0,0.01,340000000,500000000,0.0
pool1wt0pf4u2xktp0f7apveu242w6nkm4ltk3m8g039lvuhwq4zdtf3,,ECO,,5132674423595,,100000000000,,4,270,285,5132674423595,270,4,2429756895,377923351,0.015,340000000,100000000000,0.07769999999999999
pool1wtdqwgzawrx4376z9suf9tfu6tq8msazheecm0hhcprtx59as37,,,,1273621918,,1176000000,,0,1,285,1273621918,1,0,0,0,0.01,340000000,1176000000,0.0
pool1wtnn70n0ktfcht6h077ctat4arvgf78pp6qzp7j79ews5dqsfnh,,CLVR,,83598779321,,20000000000,,0,2,285,83598779321,2,0,0,0,0,340000000,20000000000,0.0013
pool1wuu2at4ccsqnlaw9q080wz7y0hq7m5utclffjfn3g0vd2j9xs8j,,,,19308501481,,5000000000,,0,10,285,19308501481,10,0,0,0,0,345000000,5000000000,0.0003
pool1wuwn88wa9yxk6jygatjpmslzdletkyc5838l34akc6yysq44ms9,,,,102700312574,,100000000000,,0,2,285,102700312574,2,0,0,0,0,340000000,100000000000,0.0016
pool1wvgf640twac8y7raqfz8hlqz4sajyw2gfpcxkq80wygekcx2402,,VINA,,2043866091,,1000000000,,0,1,285,2043866091,1,0,0,0,0.01,340000000,1000000000,0.0
pool1wvhd4nf6mar2x0zaek2te6lqkrckk9mxtjctezy878a3zprru7s,,AD247,,201208355954,,500000000,,0,9,285,201208355954,9,0,0,0,0,340000000,500000000,0.003
pool1wvyh37mrm2rcx75gvp22cdrsy5w300aj8lglnzyxzf2hjuph0mt,,BLUE2,,252897135150,,1000000000,,0,9,285,252897135150,9,0,0,0,0,340000000,1000000000,0.0038
pool1ww8szkqd5mxajl5yf7csff30su5k23g9dk24npwkvp8rvdsn3l9,,,,15400380244,,300000000,,0,8,285,15400380244,8,0,0,0,0.01,340000000,300000000,0.0002
pool1wwzctexlp70mj00vv65mlhwhwresn58s9x7jl4tswvkg77eu7n7,,UKADA,,20106658735352,,1000000000,,15,863,285,20106658735352,863,15,10262869318,444211835,0.01,340000000,1000000000,0.3044
pool1wx83tmlwtxw5nzn4stz02655pnltllq5apgx2mdc6557zw0r78g,,,,27110580340,,25000000000,,0,3,285,27110580340,3,0,0,0,0.01,340000000,25000000000,0.0004
pool1wx9rs2z0nuzds7aj9dvptwcruxputh3dvvfcavnwr6hkjvly20w,,,,2444757,,100000000,,0,1,285,2444757,1,0,0,0,0.08,340000000,100000000,0.0
pool1wxcqcg6syyfdf335uvjl9ry6mc4yhf8vy5t805cx4e4hkajgd62,,,,37509392996,,15000000000,,0,5,285,37509392996,5,0,0,0,0.02,340000000,15000000000,0.0006
pool1wxn9nsl8rvxa6r8e5eaak0ml6etfxnz2n9vqrmsw5nzgyexgkrn,,,,39199323128570,,250000000000,,34,778,285,39199323128570,778,34,23619073944,580676683,0.01,340000000,250000000000,0.5934
pool1wxpzjtfr79pdfs6m6vg6xmcqjh79ff9d6sgzfdpvs2q26swahew,,DMOON,,221573378569,,129990000000,,0,3,285,221573378569,3,0,0,0,0.015,340000000,129990000000,0.0034000000000000002
pool1wydmv34dnmz4ek9s3p9jwaslwuutfyt8wlxt0mkunjkcufznl97,,JUP,,1000000,,100000000000,,0,1,285,1000000,1,0,0,0,0.01,345000000,100000000000,0.0
pool1wyfau3rlkckr3clr4mkyxn9vdlrkup0fj7uyyflfccmms24gm3a,,TERA,,18812361132671,,300000000,,19,515,285,18812361132671,515,19,12878016657,470112967,0.01,340000000,300000000,0.2848
pool1wym4qkxsvqejxqn4l55y9z708mkxc36qge28qevrvp056fe7dxg,,ACORN,,5709568643,,5000000000,,0,2,285,5709568643,2,0,0,0,0.004,340000000,5000000000,0.0001
pool1wypvuppazkulnl68kyvpg2uhsvuudhdy7gzdgqenrc0l7nujmmr,,,,3025540709,,1000000000,,0,6,285,3025540709,6,0,0,0,0,340000000,1000000000,0.0
pool1wyu23ahrnql8hc0y5jx00y2evnmw05d2rxnyqlgqq4lxs93q7ue,,USA,,133452965423,,10000000,,0,3,285,133452965423,3,0,0,0,0,340000000,10000000,0.002
pool1wz27a9pvd2jat98s375lxaaj7qxy405km4vzp83wn5vtwp59kvh,,BRADA,,40079485868677,,0,,44,2320,285,40079485868677,2320,44,30730518149,495996896,0.005,340000000,0,0.6068
pool1wz4euuc8r3gfya335gvpxl2nuajkvkjh3d6ylm4w83wcz7lqxc6,,FASO,,360611119358,,3000000000,,0,10,285,360611119358,10,0,0,0,0,345000000,3000000000,0.0055000000000000005
pool1x0necz9ktlnah9505f3fkdncrlepz0q2gyfp4r7pjxnq53qw5kx,,MEGA,,10092617342,,10000000000,,0,1,285,10092617342,1,0,0,0,0.01,340000000,10000000000,0.0002
pool1x0qm7xsyh2za3ltprxsgael544je4hg8tc3q3v5gv232z8jt4wp,,PPCX1,,66178041977791,,1000000000,,54,3732,285,66178041977791,3732,54,37833884550,340000000,0,340000000,1000000000,1.0019
pool1x0zhj6mavt2atvf4yenz6ql3m98pda8l6gmrscfhu9lvzy46y5k,,VERT,,12408208160,,2000000000,,0,8,285,12408208160,8,0,0,0,0,340000000,2000000000,0.0002
pool1x2h98z6e5xvrg5zw3v3dlu8hqdtj6lhp6r3w5ge7rvcqcx3pafq,,KTN4,,35383899443776,,50000000000,,40,82,285,35383899443776,82,40,26890013312,1757501110,0.05,340000000,50000000000,0.5357
pool1x3ekgffp0azuc8mwtx5gh5jnu59epar75grwclex4l0u2w8qlzx,,AGIO,,719821557467,,100000000000,,0,34,285,719821557467,34,0,0,0,0.0125,340000000,100000000000,0.0109
pool1x3wuw3ungmrq5padffsqne82fx5uesy6dc2qmj83xyanq4rgnz0,,,,3000000,,500000000000,,0,1,285,3000000,1,0,0,0,0.03,345000000,500000000000,0.0
pool1x4vcdmm394m9d80le2sv6wc66snp9849h2964389u4uz654lzma,,SUN,,10917419262950,,1000000,,7,276,285,10917419262950,276,7,4537248570,433501062,0.02,340000000,1000000,0.1653
pool1x5dfpgp987e4jhxvgczr3wv50nv2pwd873tlx3uthvcasm422q6,,QXT,,693043948039,,50000000000,,2,225,285,693043948039,225,2,1083454153,340000000,0,340000000,50000000000,0.0105
pool1x5wcgdf9d2ml2cp92dpd63j000k03cauf7tkurvq4y80jp3vrel,,JADAA,,507640398,,100000000,,0,1,285,507640398,1,0,0,0,0.02,345000000,100000000,0.0
pool1x7k6psm5uyvjmfnh4e3g6adl0zrg0ge9ka0qtavcv0vc5akq78p,,,,147527564890,,50000000000,,0,7,285,147527564890,7,0,0,0,0,340000000,50000000000,0.0022
pool1x7pvy3wt79xu0k4u0ef0c73treazhkdw3786dgh0yfac2r3qhnk,,MARIA,,1024712793,,1000000000,,0,2,285,1024712793,2,0,0,0,0,340000000,1000000000,0.0
pool1x89ssjp53eczthatft9w74749558nsz3pq5jn056634pgt5m58s,,HOPE2,,4829032219350,,100000000,,2,51,285,4829032219350,51,2,758731823,340000000,0,340000000,100000000,0.0731
pool1x93vyx5y06vxj3c6ufah786jvqpfrs04hwl23c6h95lc7yhwu5y,,,,211700719,,100000000,,0,2,285,211700719,2,0,0,0,0.01,340000000,100000000,0.0
pool1x96hyvvamshl5ymcpdshz4ymqjp33vvz9s8dx06xxwpzzkhgra7,,,,104304512,,0,,0,3,285,104304512,3,0,0,0,0.01,340000000,0,0.0
pool1x9ar8wy7ljw83ppe6y9p6h2yskrmf5dfa0td36ypk6vtgqzwqh7,,,,12897851714,,5754000000,,0,6,285,12897851714,6,0,0,0,0.025,340000000,5754000000,0.0002
pool1x9kerklpmyrzx22z944l9n8x9gn8s597vqy4hsllujetue8e5g8,,,,128590717,,1000000000,,0,7,285,128590717,7,0,0,0,0.0125,340000000,1000000000,0.0
pool1x9p9gxn9m6gcgt43cm2ylnrgvlqug2845mqd4pmpwqumg8ljkfa,,ATOMC,,11021548356,,1000000000,,0,2,285,11021548356,2,0,0,0,0,340000000,1000000000,0.0002
pool1xamkqfkkfm4eldv88jhdcm5uzs8kd3p776e789hqv8yfzjgqh9s,,,,1621362,,0,,0,1,285,1621362,1,0,0,0,0.1,340000000,0,0.0
pool1xaudqyen24fz02vhu9qa2ry44suzfk8z3lh7sc6qx7c3gpweww2,,OCEA7,,18213286769010,,2000000000,,23,215,285,18213286769010,215,23,16093213391,340000000,0,340000000,2000000000,0.2757
pool1xaxps54m30n35fegcweum3c86pr7xp2mmcvfsd007v9ps9xu8js,,,,106199228446,,0,,0,4,285,106199228446,4,0,0,0,0.025,340000000,0,0.0016
pool1xayucs2qde9rldc4tlq680ynycv2zxu9wc3mqjrgkcgqg5fp4g6,,,,1535075147633,,500000000,,1,3,285,1535075147633,3,1,,717089564,1,340000000,500000000,0.0232
pool1xc6la5z92seku86c4rdnuvxjdc3fh8pdtanlgxdy99cxjrkhzkd,,,,46500384224793,,50000000000,,35,8,285,46500384224793,8,35,19789673685,5292754276,0.2,340000000,50000000000,0.7040000000000001
pool1xcn2yddehm5ncjx0p24vkguth4rta7zv3getcztflxs3kh9rexd,,MONAD,,5036597398204,,314000000,,2,175,285,5036597398204,175,2,1025128908,340000000,0,340000000,314000000,0.0762
pool1xcurp0w5n96nmxmkclpq55frew79sfw885j9wctlu0e5ud95rcw,,SEEB,,107415409,,100000000,,0,1,285,107415409,1,0,0,0,0.05,345000000,100000000,0.0
pool1xcy8wtzrmzdhr2sqjjm8qe0hrxr4dc23zsv9mdfegahv5t0jud9,,,,2450653,,10000000,,0,1,285,2450653,1,0,0,0,1,340000000,10000000,0.0
pool1xdcg6kg0g4y3wqf92f8uh44urz06suglhff036k5yak2g0m8zlc,,00000,,51299032828,,32000000000,,0,8,285,51299032828,8,0,0,0,0.0314,340000000,32000000000,0.0008
pool1xdgzul0qespnz56zzrckwf4hcryyql9ypc4tya2dlu9a22h43ag,,BIKES,,317497124458,,5000000000,,1,21,285,317497124458,21,1,251549967,340000000,0,340000000,5000000000,0.0048
pool1xdwe294ntvnken52vsaar7edxpxeths4dvsm84pm4chyq70r0ny,,,,16385901477357,,50000000000,,21,16,285,16385901477357,16,21,11741773825,3284451214,0.2,340000000,50000000000,0.2481
pool1xfkn3229pxwfmaula9vk9se4ur5x5pvxn78m7j63etgcczdhcs9,,,,17244793290459,,150000000000,,9,118,285,17244793290459,118,9,5876687487,523488215,0.03,340000000,150000000000,0.2611
pool1xftlxx9slpz59thcgtwgdj3k9e0ntn3p4qnmzs3r84dkx0hccjc,,SPS5,,46676660304180,,1000000000,,38,382,285,46676660304180,382,38,25552702775,1685473256,0.05,340000000,1000000000,0.7066
pool1xgqwmz4nydmn6ng6vsen5rtehy7u3uaytsml3q2pudp3w35uaxu,,BNP,,65943485465360,,2000000,,59,10,285,65943485465360,10,59,39448497730,2858091324,0.06,340000000,2000000,0.9983
pool1xgwvxpas3r8nvg9z0f5cdcyr56whynkl9dpa0ukpq4ztjfspk9r,,,,4313949308282,,10000000000,,2,100,285,4313949308282,100,2,1059340329,349853275,0.009,340000000,10000000000,0.0653
pool1xhelxy75l3es2yvc92jz2tay66wcrhtkgwcs0azuvke2s0nwz3r,,,,1007615758,,1000000000,,0,1,285,1007615758,1,0,0,0,0,345000000,1000000000,0.0
pool1xheqeezmveyea80lk2gm3eygu3pw95h2thpm5g9ypf46g2dn3w5,,,,750744587244,,500000000,,1,2,285,750744587244,2,1,,717089563,1,340000000,500000000,0.011399999999999999
pool1xj5f7a79lnc9v0gjn00fkf2lyzexngka59tpcew5rrkyqveagpt,,GREEN,,4402368594268,,1000000000,,2,186,285,4402368594268,186,2,1023801933,360264230,0.0185,340000000,1000000000,0.0666
pool1xjhzgchsl2ccvc5pj3aqytv9hh0jnaz63wtfnw4th07tjypm46x,,SECUR,,58985504994069,,100000000000,,55,1257,285,58985504994069,1257,55,37848441340,340000000,0,340000000,100000000000,0.893
pool1xjqn3ghstsmq5urntzvrhvkx7zjt5jugt3ssnh4munaxkk8ykm6,,,,1910595233,,5000000,,0,15,285,1910595233,15,0,0,0,0.02,340000000,5000000,0.0
pool1xk0nt3wmlyfp0pycsd2hwyz5l6uusttp68etzgnvaf2ysc4f3hx,,PPP,,81526026126,,50000000000,,0,8,285,81526026126,8,0,0,0,0,340000000,50000000000,0.0012
pool1xk3ck79lra9c9x5c684lylvg8vlexmh0eh7w90t6s0zvw6k5vn7,,,,32263468357205,,0,,21,4,285,32263468357205,4,21,13585997785,1443913502,0.075,340000000,0,0.48840000000000006
pool1xkjh30ek3npwshwzm0fa0pv64wa89p9urrugjvv55wdvjct5vk9,,,,1461733997998,,72000000000,,1,58,285,1461733997998,58,1,353718148,343773109,0.01,340000000,72000000000,0.022099999999999998
pool1xkrqy49edygfumvw9jxna55c373cmckzqq92m57ng82ycpykcmz,,,,102616550,,7000000000,,0,1,285,102616550,1,0,0,0,0.05,345000000,7000000000,0.0
pool1xl2v9kjyzkmg0frw5ypznceug5tde9hjtg6fgn9u78dh2j59fhn,,,,2052434857,,2000000000,,0,1,285,2052434857,1,0,0,0,0.03,340000000,2000000000,0.0
pool1xlfty06hg6q23qvcaxwv3p9ke7ff9n34qpr8tpxt2zflyq20ceh,,SAKE,,1824003128364,,25000000000,,3,7,285,1824003128364,7,3,1790064759,340000000,0,340000000,25000000000,0.0276
pool1xlgmew766a2ndakrn4sn63t00sf5z99w4ncd7k75r5thxqyln92,,,,12686619668,,100000000,,0,8,285,12686619668,8,0,0,0,0.015,345000000,100000000,0.0002
pool1xlmknphm252j47vgppsneq957x0g8lmymh9twpuysew9jlprdql,,BPS,,170106436925,,100000000,,0,2,285,170106436925,2,0,0,0,0.001,345000000,100000000,0.0026
pool1xlphlhnjvfeh40vcqf9fdewztsj6kyxq6604kaccpv00umjfu0d,,FISH,,49770514666417,,500000000000,,54,3256,285,49770514666417,3256,54,34271340029,727458287,0.01,340000000,500000000000,0.7535
pool1xm4nalvh3yd7pzczlr84w4jlzymwqrnshlpv80u8s6zex997kc6,,,,11700000,,100000000,,0,1,285,11700000,1,0,0,0,0.04,340000000,100000000,0.0
pool1xmftxwzqqkug8uzl2n2yvxhm6k0tx4rjtel92wjgvrlfk0uqy8c,,,,301358660777,,110800000000,,0,6,285,301358660777,6,0,0,0,0.1,340000000,110800000000,0.0046
pool1xmn8ag7jctcpdqk9jtrzk9s7qgs4f3cehkxhtelgpag6c7fjxdm,,,,399109826960,,100000000000,,0,27,285,399109826960,27,0,0,0,0.04,340000000,100000000000,0.006
pool1xmsdhync6k6grkkj7tuycskjpseykpr24luhlazl5nsngsy87gm,,EVE3,,47883941023173,,1000000000,,44,19100,285,47883941023173,19100,44,29991020294,1327874728,0.03,400000000,1000000000,0.7249
pool1xn63858ej0gcs4tkjm2e3a2fgjrecfxtvzq3465ypl8ywkx7gcv,,,,702844679607,,0,,0,2,285,702844679607,2,0,0,0,0.05,340000000,0,0.0106
pool1xn6rwtc6m7hnf66006uk3r0yp3yt5cq7u95esu3xg4mk52cva8w,,LIVE,,500624074,,500000000,,0,1,285,500624074,1,0,0,0,0.03,340000000,500000000,0.0
pool1xnaxushl47aeha3mr3uwnxcfkvzj0um6c4zxdr064d3y68z646c,,ALPEN,,39722655683,,0,,0,2,285,39722655683,2,0,0,0,0.04,340000000,0,0.0006
pool1xnd57s77mw76wv2xhe0uatrm82qtdugq623rxszygys428a6aqp,,,,669488952458,,50000000000,,0,10,285,669488952458,10,0,0,0,0.0075,340000000,50000000000,0.0101
pool1xpfe5q3v3axrjdc8h38taaa93frq3m9pfewxk46x4r6jgy2yj5n,,MAPLE,,109619674,,100000000,,0,1,285,109619674,1,0,0,0,0,345000000,100000000,0.0
pool1xppj5zu9kmuqk05u6dtd3dmtj7fl25cvjyzsc95gmfyjywaslnp,,MS3,,64293632311777,,100000000000,,57,562,285,64293632311777,562,57,39473807557,1353814051,0.025,340000000,100000000000,0.9732999999999999
pool1xpptvfwpqau6qg7j8e4qatkzeartxm7ezux95evgv4zm6xxd3px,,,,13660674178,,25000000000,,0,2,285,13660674178,2,0,0,0,0.05,340000000,25000000000,0.0002
pool1xqa85sesze96sa5dpylmz6my3yr9lg6sl0xwwc0r75e9qlq5a5g,,FREDO,,72963844869,,70000000000,,0,2,285,72963844869,2,0,0,0,0.01,340000000,70000000000,0.0011
pool1xqg0j4dvthxkxf6xu2h5l09ze9xk6fuwmksdjhwqlww8srhxjz2,,DRINK,,28181886412,,25000000000,,0,4,285,28181886412,4,0,0,0,0.04,340000000,25000000000,0.0004
pool1xqhn3wdee79vupy9nzpt0r5gtnkp3m5gsvh8yeezfs4js9c2050,,KYOKU,,118831723956,,0,,0,10,285,118831723956,10,0,0,0,0.02,340000000,0,0.0018
pool1xrpnsm80uy43tjsa3zlxvmdezlj34ps8y2gna3q93jp4jvzvph9,,H4SH,,4902635036796,,0,,4,333,285,4902635036796,333,4,2390261211,440845626,0.04,340000000,0,0.0742
pool1xrrrr8gldqz8pjxj6j8c638a9py04xuv66kfgn2dlsx9g52te0t,,JP3,,33502517162227,,50000000000,,29,113,285,33502517162227,113,29,19404761786,1363013285,0.05,340000000,50000000000,0.5072
pool1xru6f3fflzwkptgm68pncrsncg9ngllv0jk8jnz40m7wusfhazk,,,,16918814384960,,0,,19,582,285,16918814384960,582,19,11310902143,474104212,0.01,340000000,0,0.2561
pool1xs0xknp362he7dwm09yrtc3wywz468yyxk2cy3md04jjst7fcnk,,,,16563409164,,13000000000,,0,3,285,16563409164,3,0,0,0,0.0199,340000000,13000000000,0.0003
pool1xs34q2z06a46nk7hl48d27dj5gzc6hh9trugw2ehs9ajsevqffx,,SNAKE,,42309019129,,5000000000,,0,5,285,42309019129,5,0,0,0,0,340000000,5000000000,0.0006
pool1xsfw7mrqpfgf9ay060ugp46m2eh3uydd35lw9ychcnsrk7mar8l,,,,1201134458062,,600000000000,,1,49,285,1201134458062,49,1,177048068,347561658,0.02,340000000,600000000000,0.0182
pool1xt0z35f0ms6xt5r8swhtd2xcymqxvk42m8fk5q8fnw8hjhr6yax,,,,97510309,,50000000,,0,2,285,97510309,2,0,0,0,0.01,340000000,50000000,0.0
pool1xt2nx8skvmcl6wqpr77dpuq4dmsn6erts8humxcvuflx23xl70s,,,,68014757035,,5000000000,,0,5,285,68014757035,5,0,0,0,0.01,340000000,5000000000,0.001
pool1xt7mjrtnsew3v33lu8sf93upf20sxhmcrfnpm82ra46yxk7uy45,,ETO3,,56683561086424,,0,,50,1,285,56683561086424,1,50,,35854396910,1,340000000,0,0.8581
pool1xt8ap3qu32mxan6kahesqx5kek4lw52u5hqp2zpsdgskca56ahe,,,,646063345772,,10000000000,,0,5,285,646063345772,5,0,0,0,0.03,340000000,10000000000,0.0098
pool1xtmd7d45vfw4r9caakcv40fq5my9wut96hc42vzefk7xkg07as9,,,,2861765327,,2750000000,,0,6,285,2861765327,6,0,0,0,0,340000000,2750000000,0.0
pool1xwkulvkrvxmgpuhkdem7wkfnhczld38qcten97wntph4crr3q68,,,,82155997,,50000000,,0,1,285,82155997,1,0,0,0,0,340000000,50000000,0.0
pool1xwqye6mlftwjg706acz5fjqz7gmf4qdye99zsjl03a4ru68ghee,,ANET,,2373633628539,,100000000000,,1,33,285,2373633628539,33,1,279966419,345677833,0.015,340000000,100000000000,0.0359
pool1xwy9ulstsdfwuh0q0jc76hjalvmh2mfal004ep6ka38k5z4zmh3,,ZBP,,8490363814,,5000000000,,0,3,285,8490363814,3,0,0,0,0.02,345000000,5000000000,0.0001
pool1xx3wxlhxu2l8qcvdvealhsry8r0ge966lmpp45ztkte77lx3qq0,,,,2004255773,,1000000000,,0,5,285,2004255773,5,0,0,0,0,340000000,1000000000,0.0
pool1xxfkkvtk2nekehjeunpr5p9e9ejktwxetunpka8ffjpr7amg45v,,,,314586423633,,300400000000,,0,4,285,314586423633,4,0,0,0,0.0025,340000000,300400000000,0.0048
pool1xxhs2zw5xa4g54d5p62j46nlqzwp8jklqvuv2agjlapwjx9qkg9,,SWIM,,57986410010126,,0,,42,3404,285,57986410010126,3404,42,29607082372,340000000,0,340000000,0,0.8778
pool1xxjcu9djguspkrctjgszvzcagy7pzy8vxqfaqtl5xy9824fz2qg,,BAND,,1007620730,,1000000000,,0,1,285,1007620730,1,0,0,0,0.03,340000000,1000000000,0.0
pool1xxvcz8dem4xufzn74v2y7fs709mfw3tpq963thzg5en5jrkv67a,,DUBAI,,8740033676635,,100000000000,,7,139,285,8740033676635,139,7,4413423779,480527579,0.03,340000000,100000000000,0.1323
pool1xy4fn9tkz35tyxnqmul4m7kkjpx674gxepwwqqx4u2632xv4zzh,,MARID,,3615551328,,1500000000,,0,2,285,3615551328,2,0,0,0,0,340000000,1500000000,0.0001
pool1xykuta9y5ltn8f2yv5wssutqf49cwyhra0er9ajtkh2d2nuyy68,,TOP,,213015296815,,10000000000,,0,21,285,213015296815,21,0,0,0,0.01,340000000,10000000000,0.0032
pool1xytvsd9qnvqxpthh9p8k85e823trvn3npxeur8kr9zhkqz5uls9,,ADV,,64948626982877,,250000000000,,60,3516,285,64948626982877,3516,60,42447632784,340000000,0,340000000,250000000000,0.9832
pool1xyx655q6ch4d99fuewwtkdwjx5tvfr0rzqvmwehm2cpzj7e2wgl,,PARIS,,7709834350639,,1000000000000,,6,80,285,7709834350639,80,6,3134132716,399812336,0.015,340000000,1000000000000,0.1167
pool1xz8v2md8pvplvnsyvj25th8dd54je90wzt5sk3ame6ks6w3t0dg,,MEKON,,1047206440206,,50000000000,,1,6,285,1047206440206,6,1,4547552,340000000,0,340000000,50000000000,0.0159
pool1xz99attpr3hf2n3stpveg282xktwuqf2m74hhhculq8g5nmycyf,,CORAL,,5944357876,,4000000000,,0,5,285,5944357876,5,0,0,0,0.01,345000000,4000000000,0.0001
pool1xzpjn9f5nk52lnfzskuxey3r3h5fh8z78389qsd6vwyfcqum796,,SLAV,,2183196921,,100000000,,0,3,285,2183196921,3,0,0,0,0,340000000,100000000,0.0
pool1y046n8u3uz552nmhz9wx7jv2gn9lytyvwlntetkyavvq52nzqzs,,PRIME,,36313357,,250000000000,,0,1,285,36313357,1,0,0,0,0.005,340000000,250000000000,0.0
pool1y0dpast69pf4lzurqkh8tr39fqgkqcypxe3mlsc8my7xydtcr4m,,NAUT,,43362388868,,200000000000,,0,21,285,43362388868,21,0,0,0,0.025,340000000,200000000000,0.0007000000000000001
pool1y0lq6rjckxxly36gf3wdsxzjzg97mq9c90una3vfq8pu77g7zkf,,MESH,,21263013933602,,22629391454,,21,446,285,21263013933602,446,21,14560059881,340000000,0,340000000,22629391454,0.32189999999999996
pool1y0mz6yevqk34gk4tml37a62h69tg59sfz6vslzv4sf5fvsjhvpw,,,,194859167315,,50000000000,,1,10,285,194859167315,10,1,267632157,352444180,0.02,345000000,50000000000,0.0029
pool1y0pa008s3jqeykvc74mar07ntefz4sw6j003dy4p950r2y0fdtz,,SUSHI,,86598773642,,20000000000,,0,20,285,86598773642,20,0,0,0,0.03,340000000,20000000000,0.0013
pool1y0s5vwg2rdvfnynyhhgh08hdrd74p6rfhwxzvrxvfnrvjuddyf2,,ILUKA,,69364712018,,0,,0,3,285,69364712018,3,0,0,0,1,340000000,0,0.0011
pool1y3f9qvq2umfqnm0w20ayux8lczchcakh3v5wz4j5z89aqfc73ea,,,,25141069969,,0,,0,4,285,25141069969,4,0,0,0,0.025,345000000,0,0.0004
pool1y3s9nkynwf9kcw5lus6w6mtarzwa8sxz9v6h5vda89fuwvy00g5,,0PCT2,,25054337428,,1000000,,0,2,285,25054337428,2,0,0,0,0.035,340000000,1000000,0.0004
pool1y44fkeps7ftnnf495a7grfrwtt7hxcntaenyzu4x4vah5cud0mt,,,,664576584848,,340000000,,0,32,285,664576584848,32,0,0,0,0.02,340000000,340000000,0.0101
pool1y49e700dnx8lpvznmysgzw203mjq6l7um85ka4ys6x0zcwgs77w,,NAP2,,11752276779074,,20000000000,,8,39,285,11752276779074,39,8,5193379640,501947772,0.03,340000000,20000000000,0.1779
pool1y53awxsm6cmksp8qht8qfq5f5c69t6mrgrdcresk5y0ecv2yj93,,RAMEN,,29081826343662,,175369000000,,27,334,285,29081826343662,334,27,18514440919,720759759,0.02,340000000,175369000000,0.4403
pool1y5vdjz0g88h8m4m4eye3w2jch0pn88k0p44005g5dd05wr2f8vn,,,,113597491343,,0,,0,25,285,113597491343,25,0,0,0,0,340000000,0,0.0017000000000000001
pool1y7wn47wcnqnp5xvxp67qtmkhjyzfzhc94k0kjc94xrp6y0wyaxe,,BNP,,35840647489676,,2000000,,39,4,285,35840647489676,4,39,25962898221,2002285790,0.06,345000000,2000000,0.5426
pool1y86v7u4544ts98g6d34nwz75d9llejardpmqz40rnufwkmmpjef,,,,16395637359553,,1000000000,,10,6,285,16395637359553,6,10,5429055748,1710823789,0.2,345000000,1000000000,0.2482
pool1y90zp3ysrwzttwqhm2gjc7gp4d7tg2n6zsw3sp3lyk7vjxc56d6,,BROI,,343240768,,50000000000,,0,1,285,343240768,1,0,0,0,0.025,340000000,50000000000,0.0
pool1yaa5mte7s5y5gyktj3ccjxkqf9dptpu52x9us2ecmjnqw29ja2v,,,,35752891528,,31000000000,,0,5,285,35752891528,5,0,0,0,0.015,340000000,31000000000,0.0005
pool1yam2wu7nw384zjtset09u4ef75uy840mjru39nuhm0xaqj8lw78,,NECTR,,225982399625,,10000000000,,1,6,285,225982399625,6,1,90070812,354712874,0.039,340000000,10000000000,0.0034000000000000002
pool1yaz3e6r2uh59nx5vtxmyyjf7n6wv546eh4xkqqvl9hz96u8jtgx,,,,506185412,,200000000,,0,3,285,506185412,3,0,0,0,0.039,345000000,200000000,0.0
pool1yc6f3cqsc7jfh07hcns64v5cp8720mve870pgxf2wkr3u8l7tse,,HYPER,,63552051807293,,300000000000,,49,2179,285,63552051807293,2179,49,34679918645,340000000,0,340000000,300000000000,0.9621
pool1yc6h3nppujkdlwrv53afp7aeyq9zq0j9ja0xl6jz876rszrmd8l,,,,11721618697,,11670000000,,0,2,285,11721618697,2,0,0,0,0.01,340000000,11670000000,0.0002
pool1yctcnexnjqq25ve5jh2dh6zswz98leafjcq356lfspsdk9z690e,,,,776232720895,,100000000000,,0,81,285,776232720895,81,0,0,0,0,350000000,100000000000,0.0118
pool1yd30pmjhfwy0dhpvdtahhhmgqp0qxw3auy5ammtmug2lgfm2vn7,,CASK,,2579986021,,2500000000,,0,3,285,2579986021,3,0,0,0,0.01,340000000,2500000000,0.0
pool1yd67ecxptd70flavhu9m4x9pj460fpy3pttlcfs5wvjlwzs79vw,,APRIM,,495331235,,490000000,,0,1,285,495331235,1,0,0,0,0.02,400000000,490000000,0.0
pool1yd6syfzp0868rtv8xcft03kzw0a4sqrvt0rtywuj2k4lcrtputx,,,,1007363951983,,7,,0,9,285,1007363951983,9,0,0,0,0.02,340000000,7,0.015300000000000001
pool1ydf0337sh8ct7ke59sf46ke9eygyj80wc9zqhkwjw7v6vmlxp59,,BNP,,65841662930858,,2000000,,73,3,285,65841662930858,3,73,48880481458,3465145198,0.06,345000000,2000000,0.9968
pool1ydgmfmxpuateqwz028lpgypsdchs5m0tzes732qdragdg4jp0uf,,1FOC,,5056432521,,26000000,,0,5,285,5056432521,5,0,0,0,0.002,340000000,26000000,0.0001
pool1ydmetputlff49n9ry5qjupemx3xwxdapm46je574afxdcy0907y,,MS2,,51027972675477,,100000000000,,60,46,285,51027972675477,46,60,38989064175,3969907534,0.085,340000000,100000000000,0.7725
pool1ydz2znwyh3409v55r3psgc70w2ykvqjkkagx3f5ep96vgp0vlmr,,,,32038646627,,10000000000,,0,4,285,32038646627,4,0,0,0,0.01,340000000,10000000000,0.0005
pool1ye4zrxf0w7d7drq5wmat36dlzq270dxy9rhgcwufnaja644vwr9,,NUFIH,,83465853216101,,1000000000,,69,3,285,83465853216101,3,69,37679618301,1505363127,0.03,340000000,1000000000,1.2636
pool1ye53d6kl460egekdnunjl4tx5zhs5puze8nqkfxyjuae7364w74,,,,160530985262,,0,,0,5,285,160530985262,5,0,0,0,0.06,345000000,0,0.0024
pool1yechqtexl9r7esg5scwynqalmjrpd5l69wkwrrw54y0x26eljpq,,ICRYP,,3652529711012,,100000000,,4,15,285,3652529711012,15,4,2404229277,415871726,0.03,340000000,100000000,0.0553
pool1yenqraf3znn07qmvtd8wg23fymsr0vsme7ry2475r48vk6ss0z2,,STAKE,,160351410471,,5000000000,,0,27,285,160351410471,27,0,0,0,0,340000000,5000000000,0.0024
pool1yet04d4ykpp7me8uc2jx2glxrx88kt9uhmv6jeh7xkmtu5zucna,,AUTO,,5043710721607,,100000000,,5,188,285,5043710721607,188,5,2518563631,340000000,0,340000000,100000000,0.0764
pool1yfacynd0va3rw27tjldfz05f6hfjhfv36wwdhn3dy2hfqq00w8y,,PARAD,,313582553615,,50000000000,,0,14,285,313582553615,14,0,0,0,0.01,340000000,50000000000,0.004699999999999999
pool1yff3j4xqhmunrccjsdh0u9qxrws7xdqhagjx5lqktklwj67u5s3,,CDNC,,68749240853,,25000000000,,0,20,285,68749240853,20,0,0,0,0.02,340000000,25000000000,0.001
pool1yfxhjwwlzr5da82h77jy83nkuryh970ey6zypd89fy6qyuxfppe,,,,9825875,,1000000000000,,0,1,285,9825875,1,0,0,0,0.025,340000000,1000000000000,0.0
pool1ygrwdlhn46gehyay2duxp8ynh57drxg0lgf9huymxlpvukdv0k6,,NAKED,,2625614,,0,,0,1,285,2625614,1,0,0,0,0.02,340000000,0,0.0
pool1yhhg93apktyptr5ugjqwprk7gfky5gey5tqs97408emrcyp2ek6,,,,79526138713,,7000000000,,0,15,285,79526138713,15,0,0,0,0,340000000,7000000000,0.0012
pool1yj9xduuwzvdkcwm2mc9x893zq684x7pyah4ja8zmzplgvxz6wgk,,SPIR2,,7043141322317,,250000000000,,8,358,285,7043141322317,358,8,4776560686,340000000,0,340000000,250000000000,0.1066
pool1yjz9nhtlvnl9rx46t2kfufwxd338m0kw0jxaj86pqfthse837z8,,ADM,,5010416905,,5000000000,,0,1,285,5010416905,1,0,0,0,0.01,340000000,5000000000,0.0001
pool1yk2lpf0lg9zl84hwp85pcfyghhlzq7gqfmdxxkndec23288wlgl,,,,890683475,,600000000,,0,5,285,890683475,5,0,0,0,0.02,340000000,600000000,0.0
pool1ykwcqf7r8mj9fmprr9f3y62ftsrlalxm22j383gfpav76ddrc25,,HERO,,314660012532,,60000000000,,0,39,285,314660012532,39,0,0,0,0.025,340000000,60000000000,0.0048
pool1yl76e0fhq0kcfy2jqs2mt6hl9xeyrnesehqp0p4s896lwv7hrta,,1PCT9,,6408217977871,,50000000000,,7,159,285,6408217977871,159,7,4467370066,386845788,0.01,340000000,50000000000,0.09699999999999999
pool1yla5xge99yeddrcts0ya9n66k3x2vrcachnnmzu2vqqjzm6fw3k,,,,2217945201152,,7300000000,,1,16,285,2217945201152,16,1,373646403,340000000,0,340000000,7300000000,0.0336
pool1ylhh4u260wz52zpct0ce8txh8alm0zmjaf4fn69yz09xs68y70v,,,,1621362,,0,,0,1,285,1621362,1,0,0,0,0.1,340000000,0,0.0
pool1ylkps8vax4nzxe507a0mx2svu3p8w2mkvdhyjqu7rl78q9rehh9,,,,34932966681,,100000000,,0,6,285,34932966681,6,0,0,0,0,340000000,100000000,0.0005
pool1ymfwzsxt35g3gdgp67yr688456km59twr78j05e87y94w04tj9m,,MOXIE,,15209256507224,,87000000000,,15,58,285,15209256507224,58,15,10165743195,548379931,0.02,340000000,87000000000,0.2302
pool1ynxx88cq0y8vg8yrq3jrw6epm7rq9a8859v34sq9lzjy7ztg90u,,EVE,,48318443530265,,1000000000,,34,16393,285,48318443530265,16393,34,22865639738,1107697660,0.03,400000000,1000000000,0.7315
pool1yp3f9645g70ncfrjfw4gw77gpnf80q7xpzwlce987g48k9lxsh9,,IDIV,,1775646160467,,100000000000,,1,5,285,1775646160467,5,1,341400216,343773955,0.01,340000000,100000000000,0.0269
pool1yp85j5tmfwwlj8hmsxcrp2dnxuu0fu858qvl6tpeedpckt9zvkj,,BNP,,65899548523160,,2000000,,71,4,285,65899548523160,4,71,47532279292,3379094644,0.06,345000000,2000000,0.9976
pool1ypjd5wznrkknyuf4ahvcqqcr9nh6qkwyerzsc2cygrrr6md3kqv,,,,142345395,,10000000,,0,2,285,142345395,2,0,0,0,0.01,345000000,10000000,0.0
pool1yq8xwvf856x3nyj348ghhwegwl8ggq87gjlp6wgy9ms9xznny84,,IAG,,2335059918550,,75000000000,,5,18,285,2335059918550,18,5,2989350789,437409991,0.03,340000000,75000000000,0.0353
pool1yqzyhuvspkzpjsnlm4rervl76y0wgc3mvuyc2x45r3j4scmufmv,,,,4559726588025,,300000000,,8,4,285,4559726588025,4,8,5156433,5736296351,0.999,340000000,300000000,0.069
pool1yr0cv3dtmhcfgqa6yetvmf769ngk89e6tepecmjrmjl2jzcw2lm,,EASY1,,1851265321546,,200000000000,,4,107,285,1851265321546,107,4,2392394263,340000000,0,340000000,200000000000,0.027999999999999997
pool1yrqdah7qxdlk9p4ht49gvpjumwlekke6ey9vuxfxeq3eys3sydt,,,,351250620858,,1000000000,,0,3,285,351250620858,3,0,0,0,0.05,340000000,1000000000,0.0053
pool1yrqqa03ea5fdh5hnap99k4actjtj6ypeeauuwrvf8d3zw9ywvye,,,,587727619529,,100000000000,,1,20,285,587727619529,20,1,310351258,340000000,0,340000000,100000000000,0.0089
pool1yrycp4fjyd0al60xw826jdju35zazqmfny53r07efucuvlvnej7,,,,3346947090502,,10000000000,,4,16,285,3346947090502,16,4,2473025596,377924573,0.015,340000000,10000000000,0.0507
pool1ys6fndfj9r6e2waeqmy27raejcqzm4u8ztjrp2naz95kgwyv9qu,,BNP,,65856788406412,,2000000,,60,7,285,65856788406412,7,60,40122531190,2901116601,0.06,340000000,2000000,0.997
pool1ysf2cvvju686v9uu5w5yel9ssznsqln633y43hyu93xhyghspxs,,KODL0,,106054128,,100000000,,0,1,285,106054128,1,0,0,0,0,340000000,100000000,0.0
pool1ysm66fawxhayjqfhgr54fzspp3yktdmepxvqm86xshhksj0qezh,,,,480652685011,,10000000000,,0,4,285,480652685011,4,0,0,0,0.012,340000000,10000000000,0.0073
pool1ysnxzyr2ck49pxafgq52tt8wzdhpcsqw3jxdftf7u2whgtmry3k,,MPN,,1439125,,100000000,,0,1,285,1439125,1,0,0,0,0.15,345000000,100000000,0.0
pool1yt868wrp9s2x5pehe96del9m3nwasme62yw02vww3kg6zwzspcz,,XRAY3,,3608310533961,,100000000,,3,85,285,3608310533961,85,3,1810768282,340000000,0,340000000,100000000,0.0546
pool1ytfsdx0zjdum8qwrk6urv6u6gxvlnd3r93j8p8ckj57wz3aaudu,,CATS1,,5843845757,,100000000,,0,3,285,5843845757,3,0,0,0,0,342000000,100000000,0.0001
pool1ytszp582dm9u5un6mevt9czgcnuqhflwfr9ly4ukpeqcughryqh,,LEGA,,4180665646932,,800000000000,,1,51,285,4180665646932,51,1,342425810,347560422,0.02,340000000,800000000000,0.0633
pool1ytyw34lckr8k9dhn59h287wqry5lk6waqtfhxe6v94v4gsaa7vx,,CZBE1,,53018803266,,10000000000,,0,8,285,53018803266,8,0,0,0,0.01,340000000,10000000000,0.0008
pool1yucv57dxpvan72dhpx7nnssavm9jeql9gswy08m4t59r6cshny6,,AMDLO,,34631989651,,1000000000,,0,4,285,34631989651,4,0,0,0,0,340000000,1000000000,0.0005
pool1yv4s4v3rjgzfwj4zxm8sy24e2vq6zaexp8eudyrk9rx7yhwaxke,,,,6966024602,,10000000000,,0,3,285,6966024602,3,0,0,0,0.025,340000000,10000000000,0.0001
pool1yv8lps0rx4xxppwpm0vea852wwu6lg78xh3qfss7dmftq2gqy3r,,MADA,,10880018613,,100000000,,0,4,285,10880018613,4,0,0,0,0.0055,340000000,100000000,0.0002
pool1yw8qh0jnnl6eumgzt77fulfhgmyzda39zcndgvyc27ffu6jeh5w,,,,4613646,,3000000,,0,1,285,4613646,1,0,0,0,0.01,340000000,3000000,0.0
pool1ywpt43nttzjd7883wafg255mh0hmjypwe65ercw6p2sxg5lt7ez,,EVE4,,49497887797458,,1000000000,,53,28372,285,49497887797458,28372,53,36058388187,1515711832,0.03,400000000,1000000000,0.7493000000000001
pool1ywt7jqfsmxg0yplku4mtdwtm476rp72z6fns9mhevf7u72pkupj,,UNIQ,,1162709523780,,1000000000000,,1,16,285,1162709523780,16,1,34737943,351327778,0.03,340000000,1000000000000,0.0176
pool1yxkhe2zp9rccyc3a79lxev5u585r3z0qqyl3qpx0t04hxhmlqgp,,BNP,,14119776104663,,2000000,,10,22,285,14119776104663,22,10,6420522889,749852766,0.06,340000000,2000000,0.2138
pool1yydna77k2j8yq4fw08d202z664g3fvavfvqjg5g4lxmwzsa9k9u,,,,13127,,100000000000,,0,1,285,13127,1,0,0,0,0.02,340000000,100000000000,0.0
pool1yyv7vx5zhhsd60jp4tl72vpznwvpvjp35m4z7jr42ugkxmndyv5,,AZTEC,,7405886152723,,5000000000,,12,268,285,7405886152723,268,12,7952967893,505124130,0.02,340000000,5000000000,0.1121
pool1yz3fnqnsqhqpkc2tjqn4dkws8nnr8a5kcs50g780nh0wk8tgnp2,,ADAES,,353103428595,,100000000,,0,100,285,353103428595,100,0,0,0,0.001,340000000,100000000,0.0053
pool1yz4lwhqgrmlvtngqtgmxt6v4662gpduu4a4cc8kwc0dhqfj4ucx,,,,253539210241,,3000000000,,0,19,285,253539210241,19,0,0,0,0.01,340000000,3000000000,0.0038
pool1yztpevpmfyyz2eu4dklmgfx8g0q0vme7ppdsnawcpnwxs3vfxy7,,,,44454085,,2000000,,0,1,285,44454085,1,0,0,0,0.06,340000000,2000000,0.0
pool1yzu4lp7f8ua7negffj8mmwfylx4ckhsu00a4gtf630rlcwnl7gd,,,,43026414187724,,50000000000,,36,6,285,43026414187724,6,36,20361063899,5436204297,0.2,340000000,50000000000,0.6514
pool1z033qtxzsn7c9az4fzz8z0ewnynzcuq2dy54v6tfyqz5vfjkmv0,,TILIA,,1313172885,,100000000,,0,2,285,1313172885,2,0,0,0,0.02,340000000,100000000,0.0
pool1z097wh0vrf5sng32yhxnvgr90348g3nrs78keudyp880jeqlefg,,,,5900696352,,3900000000,,0,3,285,5900696352,3,0,0,0,0.04,340000000,3900000000,0.0001
pool1z26udkezqtry8xtca2u9f807ptf0llcv70rnr3j2357gqgrs79f,,TIG,,56221286043,,48400000000,,0,4,285,56221286043,4,0,0,0,0.01,340000000,48400000000,0.0009
pool1z2chgkz58c7dssm2a37kesr4m645pd7eqp4m94c9u87rs8ek2mc,,DIGIU,,367557319225,,200000000000,,0,24,285,367557319225,24,0,0,0,0,340000000,200000000000,0.005600000000000001
pool1z2z7wjc2mqaxk2l36aj3qvjnknc4ucjydq3k9yk2wxqcxlpmvnr,,MOEKO,,153367286,,101000000,,0,1,285,153367286,1,0,0,0,0,340000000,101000000,0.0
pool1z39sker5renxhep9m7z8aae2yh56940gwykptfcf053473mwy8t,,KYOTO,,1108518751020,,50000000000,,3,34,285,1108518751020,34,3,1711460353,358117303,0.01,340000000,50000000000,0.0168
pool1z44fjvz77atzgwcwmwtls7skggnczlx8e30pugqn6ugajjrzgc3,,,,27624822,,1000000,,0,1,285,27624822,1,0,0,0,0.05,340000000,1000000,0.0
pool1z4d4s883ul7h6vsrmg9s3t64df2vcx02h8tqtm8sq5yqw62pu44,,SEOUL,,2730525028,,580000000,,0,6,285,2730525028,6,0,0,0,0,340000000,580000000,0.0
pool1z59y9zk6kvyzl9fv7evxpnry8sk6ymxuee0lc6kw2rkvzh6f077,,TPM,,2623282,,100000000000,,0,1,285,2623282,1,0,0,0,0.045,340000000,100000000000,0.0
pool1z5h4jhmhqrd2ndrhn3w7kr8nvcqwunds53hrs6vpzr882x4n3la,,SDA,,2201151960,,100000000,,0,3,285,2201151960,3,0,0,0,0.035,345000000,100000000,0.0
pool1z5uqdk7dzdxaae5633fqfcu2eqzy3a3rgtuvy087fdld7yws0xt,,OCTAS,,56596839820355,,50000000000,,56,1469,285,56596839820355,1469,56,39140913275,699020930,0.009,340000000,50000000000,0.8568000000000001
pool1z693lvvpt87rkyn0j6gfy36zlnaw9m9djnsn6a4gy3822vykzau,,,,45070252362798,,0,,33,1,285,45070252362798,1,33,,23663901960,1,340000000,0,0.6823
pool1z724xxqgzf9a30eejsa4edznmv8hgy27ssxqfcpqz42sc6lfqwu,,YYC,,5487050353,,10000000000,,0,6,285,5487050353,6,0,0,0,0.02,340000000,10000000000,0.0001
pool1z7n2ruhmxmv77f6cqhd3wsy6774h2wuay77agxuf2y9mj8q55vw,,1PCT2,,52170535697636,,50000000000,,50,802,285,52170535697636,802,50,35029558636,695472402,0.01,340000000,50000000000,0.7898000000000001
pool1z7zyzwm9epnjrkrp0xrczgvmwedj0trd3e78dz8m7gnkck8lwj4,,OPAL,,1943352028933,,504000000000,,0,9,285,1943352028933,9,0,0,0,0.02,340000000,504000000000,0.0294
pool1z89dx8u42f4cvujvsjupsg50cfgqhjjuaxegvj59h9q9scra5fy,,CO2P,,4136763694990,,50000000000,,4,97,285,4136763694990,97,4,2459539559,388044831,0.019,340000000,50000000000,0.0626
pool1z8rxpwrukslywg9s2wy4kvfhknqg7dnah5pszf7fcm0fu2valeh,,BNP,,65902532946864,,2000000,,58,4,285,65902532946864,4,58,38769860744,2819766048,0.06,345000000,2000000,0.9976999999999999
pool1z8tvv9cg0pu9f8nj309uukw2yw3ej32m57al9fve82w8q26ma5j,,,,7048777466,,100000000,,0,1,285,7048777466,1,0,0,0,0.02,340000000,100000000,0.0001
pool1z8z759nqgd2lu5yzw2pxhkaq9tq3s43t2t4kk3umme6cc50zj3d,,,,10183778492,,300000000,,0,3,285,10183778492,3,0,0,0,0.039,340000000,300000000,0.0002
pool1zaf942crrc9ycs9twdyezx32tpre8wv968w846hxg9sp7amwp7s,,VERA,,1001511620384,,50000000,,3,3,285,1001511620384,3,3,1720567179,430563215,0.05,340000000,50000000,0.0152
pool1zc6vprnqdu8k30kcmz96p2u8nqyeffv89nng4lwsqe8yq7wez50,,,,50124105429557,,1000000000,,32,2,285,50124105429557,2,32,,22946918166,1,340000000,1000000000,0.7587999999999999
pool1zc7vxe3ymyej76h8wu8gm79chtt7w9c3adkza4uhrjvagr9w4zp,,KRSNA,,34567324638916,,5000000000,,31,1009,285,34567324638916,1009,31,21233322347,885391517,0.025,340000000,5000000000,0.5233
pool1zcdptx4spapxquc0rpeu33ucc3x08g9wxsmm0qchqg0dgxrh6g7,,,,516425793,,100000000,,0,1,285,516425793,1,0,0,0,0.01,340000000,100000000,0.0
pool1zcdwn5z04gw7m0n7qzwx9gqn8a9l3wfcvejc3wrdxfuhc88usua,,MASAI,,1351490527,,1000000000,,0,3,285,1351490527,3,0,0,0,0.035,340000000,1000000000,0.0
pool1zd3naf63ntdwtk3qkl365xhk2s9m0jvj789u8y9kyzjwkz2tmzr,,HANOI,,226482343987,,30000000000,,0,3,285,226482343987,3,0,0,0,0.03,340000000,30000000000,0.0034000000000000002
pool1zd728035u3406eff69h9a8gj8tg927qe62xwvg4leghwvs5hhmv,,AZSUN,,202625746,,100000000,,0,1,285,202625746,1,0,0,0,0,345000000,100000000,0.0
pool1zd9s448hzzdsk3g56en2sw99u9pfreewmx0lyayg0ywa2l6kvry,,VEGAN,,43692182654,,26000000000,,0,25,285,43692182654,25,0,0,0,0.05,340000000,26000000000,0.0007000000000000001
pool1ze57pe06f82s3v8ugjqxrny56sj63vs26sm5q879ahkkq69zn0c,,,,298197430005,,10000000000,,1,17,285,298197430005,17,1,361970801,340000000,0,340000000,10000000000,0.0045000000000000005
pool1zecj6wqrzkcjmldvrr992pt3c64sgrhkhexxst32sdlsjwkpmfh,,,,3610636793723,,50000000000,,5,58,285,3610636793723,58,5,3140898976,372462426,0.01,340000000,50000000000,0.0547
pool1zevtw8lsd6xh45v2mfw3ay5rqtgyt5dm77daglqwjnpgjgc0ynp,,,,998257168,,400000000,,0,2,285,998257168,2,0,0,0,0,340000000,400000000,0.0
pool1zeya2r53sxmqh2ux3ssfsrqerergnw2hjxmp63r83ntwverpqwm,,NICE,,10656429014125,,100000000,,12,25,285,10656429014125,25,12,8024445365,505378598,0.02,340000000,100000000,0.1613
pool1zfca0a6fvll53qmm5ehckl5vz76jxgvycl93hq6yc8d5cgf4tx6,,,,1011803941,,1000000000,,0,2,285,1011803941,2,0,0,0,0.01,340000000,1000000000,0.0
pool1zfd4yr2m6tsvtasg2dfkt6knesrl86dky4w6dqkgtjzuwxc3zaw,,IBEE,,59925002864,,15000000000,,0,16,285,59925002864,16,0,0,0,0,340000000,15000000000,0.0009
pool1zfhww5y28t303z6uyq3w47pkhfmxww9dsn89vrxteplg2zjkekl,,CARE4,,3888608197128,,150000000000,,4,267,285,3888608197128,267,4,2299823354,415844871,0.03,340000000,150000000000,0.058899999999999994
pool1zfmnwnknkrhvh6mttkrs54jg3wm79c6vsul74qhk3dkh7x48gwd,,,,10001823411,,10000000000,,0,1,285,10001823411,1,0,0,0,0.03,340000000,10000000000,0.0002
pool1zgxvcqf0dvh0ze56ev2ayjvuex3zdd3hgxzdrcezkx497mv3l7s,,RSTK,,50355806400773,,1000000000,,30,21002,285,50355806400773,21002,30,20021062547,1019810834,0.03,400000000,1000000000,0.7623000000000001
pool1zh556ku2h8lhul42q3u6rwmjpx7u5heflaa0rnuc6mqhvj8xm42,,POULE,,27131499203,,10000000,,0,3,285,27131499203,3,0,0,0,0.013,340000000,10000000,0.0004
pool1zht8n9qyssc4y2vrqap8acn6jf6jpqktq3tnlu0mkhq5vm8sv2x,,KNOW,,4362404225075,,50000000000,,7,41,285,4362404225075,41,7,4617416477,340000000,0,340000000,50000000000,0.066
pool1zj4h7kc6v53q9r8x3fwzfuayf2frwme8u5k86gu0uzeeuvqxgul,,CHEEK,,13770648310933,,10000000000,,16,1334,285,13770648310933,1334,16,10755393035,673271271,0.03,340000000,10000000000,0.20850000000000002
pool1zjn2klc9xqrj5zhgqugzwrdrl3r0fwtlrq0e8800hf4kvkdues6,,,,15113805084,,10000000000,,0,3,285,15113805084,3,0,0,0,0.001,340000000,10000000000,0.0002
pool1zk6uxgptztrxxamzd0ugrtu84xg8mjymd2xcdvxqazpruqt9r3x,,OCEA1,,57246750729541,,5000000000,,58,785,285,57246750729541,785,58,40787008374,711540791,0.009,340000000,5000000000,0.8665999999999999
pool1zkdaju2rjefa52uh6yh6etsxla0x6aqs6p6wm245y5szk7k3msd,,A3C,,133935667785,,15000000000,,0,40,285,133935667785,40,0,0,0,0.025,340000000,15000000000,0.002
pool1zkq5fgc00wumz3zruusfj7pdvuy0q94tyzn0pmn8lpuwgkjrv7l,,,,135395555553,,50000000000,,1,3,285,135395555553,3,1,92140966,343771735,0.01,340000000,50000000000,0.002
pool1zktg0pgr7ay650mvxdvru85cegjqa7vy589heud0565pg6hxhq9,,,,26331633904652,,0,,31,3,285,26331633904652,3,31,1220438,22228503009,0.9999,9999000000,0,0.3986
pool1zkuqlvymj4q6y7r20hd8c5tp0ru6emcca7wf34c5dawjukusvzr,,,,4143259481,,40000000000,,0,1,285,4143259481,1,0,0,0,0.015,345000000,40000000000,0.0001
pool1zlay6evs7sf7td5e46xgt8pjaap8a9dcrut8ux3dc0p0zsku8zp,,STORK,,14878658881593,,282765000000,,15,11,285,14878658881593,11,15,10229945614,340000000,0,340000000,282765000000,0.22519999999999998
pool1zlqd82qjavkl83kx9d5axkew9tss2r4yud3vd39akxn9j9mr5rj,,,,2920338153,,500000000,,0,12,285,2920338153,12,0,0,0,0.04,340000000,500000000,0.0
pool1zmfpd5r5vfwjmwm4cgy53exe58h7plnecny3t4948yw7zumzp4c,,ALPS,,52706065382573,,75000000000,,45,7027,285,52706065382573,7027,45,30970603697,973405331,0.02,340000000,75000000000,0.7979
pool1zmj5rkpvhdknscjrgul4cxw4xhaqfhfcjqv9kffmhd0zvdx6rvd,,TMHH,,11310846047,,2000000,,0,4,285,11310846047,4,0,0,0,0.01,340000000,2000000,0.0002
pool1zmtm8yef7725p9n7x433m50kvv9xpzjujnny9m5t960g5qm30ua,,1PCT1,,53351497376234,,50000000000,,48,53,285,53351497376234,53,48,33621907657,681153410,0.01,340000000,50000000000,0.8077
pool1zn4wnk52kmfjy9mw4z85p6wn9kzrn94l9h5gys8r2k2w57mdnhh,,ENVY,,5066977143,,1000000000,,0,2,285,5066977143,2,0,0,0,0,340000000,1000000000,0.0001
pool1zn9hjcmfddhcp2aj9xxuvz7z40rasyatkgavr8ryyz72qdfwtrj,,PLUSH,,32980391722445,,250000000000,,35,1818,285,32980391722445,1818,35,23983647367,389653615,0.002,340000000,250000000000,0.4993
pool1znp7z30qfdgwcwel4htqmwapfm2h05ml32ttt8znevtz2vwnqwt,,,,607393771,,500000000,,0,2,285,607393771,2,0,0,0,0.0299,340000000,500000000,0.0
pool1zpdxs9nsrfrl9l2rywdfxsrqveqfzvqjsy2g24pmkpvkslky3v5,,,,12278039141791,,0,,15,3,285,12278039141791,3,15,,10756319073,0.999999,999999000000,0,0.1859
pool1zpsk3ql6qgzkgqncrlzulf9dype3km52rcdnajn5ttddwhhc3vj,,,,12399498231,,5000000000,,0,4,285,12399498231,4,0,0,0,0.02,340000000,5000000000,0.0002
pool1zqcz8zt9v07ygj06zr28lwm85s20f6w2qdcdltjyd0wuklydqnd,,GCP,,7592536802,,1000000000,,0,5,285,7592536802,5,0,0,0,0,340000000,1000000000,0.0001
pool1zsyqzr04g5pr3nv7vfk8ldc3uf0xljc8yftdsqpxxqpychpxj65,,AKANE,,535545757918,,30000000000,,0,6,285,535545757918,6,0,0,0,0.005,340000000,30000000000,0.008100000000000001
pool1zt2d9aa8ck62uyy985yny47hr0f6cmf2hnxzke0up0lc7zcp65f,,46S,,3357906981841,,25000000000,,0,19,285,3357906981841,19,0,0,0,0,340000000,25000000000,0.0508
pool1ztpwatlnzskuruwe7hxwvu6xjsv6l24835pyvpx7lslccy3xx9a,,POOL1,,11286634,,10000000,,0,1,285,11286634,1,0,0,0,0,340000000,10000000,0.0
pool1ztz3370gwds2v7hjzgtns33f7kw0qp0zjx34esg3dvlcycnnte5,,,,106623722,,100000000,,0,1,285,106623722,1,0,0,0,0.015,345000000,100000000,0.0
pool1zug38qs8r3ggmzqnqmyxkz34zy3gc9uw3pn59g5gfjwcxdskxjf,,VERSE,,1225466305844,,0,,1,73,285,1225466305844,73,1,187899287,340000000,0,340000000,0,0.018600000000000002
pool1zvm45jj5wz6kgfr2xfg75rx0auzxaedu4ulddhnrzk4uwuyuvpn,,ERA,,175235376674,,40000000000,,0,21,285,175235376674,21,0,0,0,0.01,340000000,40000000000,0.0027
pool1zvt3jucmlx2334zv4twpmlfhlxnamwrpp8uzqywd9n94cmvf2xh,,,,170667621976,,10000000000,,0,23,285,170667621976,23,0,0,0,0.0195,340000000,10000000000,0.0026
pool1zwgnmfxj9nkqdfxxq6dxfe68hqn7mjl2gk2tk5hvu9uxqrtdw5e,,,,6649741950467,,50000000000,,4,22,285,6649741950467,22,4,2391613940,440679510,0.0398,340000000,50000000000,0.1007
pool1zwqrrwpr5zx7c3f4ukpu4r4fz5c2hkwx9vwqka5068urgqvpjzr,,CAR,,14610098079454,,40000000000,,14,30,285,14610098079454,30,14,9389892684,631017875,0.03,340000000,40000000000,0.2212
pool1zx293a3jpjh9sln53uhlc34ccnppl6sze22rrcmt04enzapl935,,,,300822669,,100000000,,0,1,285,300822669,1,0,0,0,0.005,345000000,100000000,0.0
pool1zx909vz9qe73avvpd0y7qqcwz8fffvnup6yuq2e8hql4svk9xr7,,SDGs,,9476288360841,,2000000000,,11,112,285,9476288360841,112,11,7535355151,340000000,0,340000000,2000000000,0.1435
pool1zxklu387uqpzpteqfk48enkuwyjvq0qawc2wvrdym540zk0yqps,,,,130377442594,,0,,0,3,285,130377442594,3,0,0,0,0.06,345000000,0,0.002
pool1zy4arks3chpruyt32p0mhwqu3qpdgyx7nejrw06nqu3uzfuv3aw,,SPCP,,59645724179,,6200000000,,0,3,285,59645724179,3,0,0,0,0.035,345000000,6200000000,0.0009
pool1zytydvyy3qztrs8l2xyggvkfcjctp23m2hc3aj7sudnzgny79cg,,PSYA,,755399633072,,20000000000,,1,112,285,755399633072,112,1,369598585,340000000,0,340000000,20000000000,0.011399999999999999
pool1zyzfcyhtmes7j3f3avksy26yhf8ah3ywag2t7m9l9fh5g8yaerl,,AZ5,,1866571513548,,5000000000,,3,15,285,1866571513548,15,3,1786079617,358112648,0.01,340000000,5000000000,0.028300000000000002
pool1zz7x8ergn02chznayj9fjds2gk5q6prmpdr49faspd65kzqsrjs,,AUTO,,28461215459589,,100000000,,32,858,285,28461215459589,858,32,22257533458,340000000,0,340000000,100000000,0.43090000000000006
