pool_id,ticker,sigma_ada,declared_pledge_ada,active_pledge_ada,fixed_cost_ada,margin,declared_pledge_met,f_unsplit_ada,pi_unsplit_ada,f_half_ada,pi_half_ada,pi_split_sum_ada,delta_pi_ada,split_increases_pi,split_decreases_pi,f_unsplit_c50_ada,pi_unsplit_c50_ada,f_half_c50_ada,pi_half_c50_ada,pi_split_sum_c50_ada,delta_pi_c50_ada,split_increases_pi_c50,split_decreases_pi_c50
pool100wj94uzf54vup2hdzk0afng4dhjaqggt7j434mtgm8v2gfvfgp,,4419.361614,4000.0,0.0,340.0,0.0,False,0.0,0.0,0.0,0.0,0.0,0.0,False,False,0.0,0.0,0.0,0.0,0.0,0.0,False,False
pool102s2nqtea2hf5q0s4amj0evysmfnhrn4apyyhd4azcmsclzm96m,YULI,6712.196804,1.0,1497.271996,340.0,0.005,True,1.9934875375633383,1.9934875375633383,0.9967437668534695,0.9967437668534695,1.993487533706939,-3.856399199975158e-09,False,True,1.9934875375633383,1.9934875375633383,0.9967437668534695,0.9967437668534695,1.993487533706939,-3.856399199975158e-09,False,True
pool1030as3pp5684ghgf4kzcpv4p2jnmkmme7j363t95690zwxp7wa0,888,1268558.68384,50000.0,53374.407057,170.0,0.0,True,376.82539731869457,178.70214605507846,188.39517577455254,170.77397412684448,341.54794825368896,162.8458021986105,True,False,376.82539731869457,97.2785076831521,188.39517577455254,89.35033575491812,178.70067150983624,81.42216382668414,True,False
pool1030vz0wxheg0dvarr8hmeavelpszmp52qucs68c7wc9uga6n6e4,ROMER,1764031.096207,50000.0,93160.970503,340.0,0.01,True,524.0066153222492,351.4605385758796,261.9786601611318,261.9786601611318,523.9573203222636,172.49678174638404,True,False,524.0066153222492,192.04869897700158,261.9786601611318,175.72873416039033,351.45746832078066,159.40876934377908,True,False
pool103455uc7a3477q8pdmzvny884qtlv9vhm2csxvqx2cadwuk36sq,EDEN,58465669.811509,1000.0,1094.142715,340.0,0.01,True,17364.06695097956,510.5560766761754,8682.016677631847,423.57472043554463,847.1494408710893,336.5933641949139,True,False,17364.06695097956,342.25922628892295,8682.016677631847,255.27787004829221,510.55574009658443,168.29651380766148,True,False
pool1043kkcc2uwmdf76wg6jy80tkgwztzprep2rakyypmwc4637c2xe,BNP,24668.670882,2.0,17.639298,345.0,0.06,True,7.326466967193672,7.326466967193672,3.6632334694228317,3.6632334694228317,7.326466938845663,-2.834800838513729e-08,False,True,7.326466967193672,7.326466967193672,3.6632334694228317,3.6632334694228317,7.326466938845663,-2.834800838513729e-08,False,True
pool104avq7309gjm0fxms69yqusxy8zf888k4mamngg5vnc6vculpzq,NUFIB,24594658.61133,1000.0,1004.645511,340.0,0.03,True,7304.51391562825,549.2113701348161,3652.2498916528884,439.4987369479736,878.9974738959472,329.78610376113113,True,False,7304.51391562825,384.3181059894332,3652.2498916528884,274.6054728025907,549.2109456051815,164.89283961574824,True,False
pool104gtn3hvp9lz5l6wevhjj98e45s7rfaa4zzvk9pex7nn786qncr,PILOT,14870603.710077,325000.0,325050.0,340.0,0.0,True,4421.948061858515,429.22551117463945,2209.6070890087635,380.8669208144174,761.7338416288349,332.5083304541954,True,False,4421.948061858515,262.94146656403325,2209.6070890087635,214.58287620381122,429.16575240762245,166.2242858435892,True,False
pool104hlwrk98e6h07e05ywee3thn379ddmmfveje8d6cuvp54zcah6,ADASC,1182230.365966,100000.0,105494.080424,340.0,0.0,True,351.24081786116403,341.0030530238565,175.58924956144722,175.58924956144722,351.17849912289444,10.175446099037913,True,False,351.24081786116403,186.17268001734533,175.58924956144722,170.49874606482751,340.99749212965503,154.8248121123097,True,False
pool104v7kzpq86r0wnfsz8r7jeld2raap92qq84trjcqk62zyh9akqt,SEAL,1895162.283236,60000.0,100377.502775,170.0,0.0,True,562.9799823481062,190.8142329644254,281.45831752816036,175.90340345834466,351.8068069166893,160.9925739522639,True,False,562.9799823481062,110.31626838975396,281.45831752816036,95.4054388836732,190.8108777673464,80.49460937759244,True,False
pool104z3yr7faqhck6wcsczhmqrrpdeparcr8juw8unxy8tm6xp447d,,70016947.134638,0.0,0.0,340.0,0.05,True,20794.669028167747,1362.7334514083873,10397.334514083874,842.8667257041936,1685.7334514083873,323.0,True,False,20794.669028167747,1201.2334514083875,10397.334514083874,681.3667257041936,1362.7334514083873,161.49999999999977,True,False
pool106jtt06k5wjpqc5r5fkz06pgwhwaljzs624mnfua8fkhq0fl9am,,90.188364,0.0,0.0,345.0,0.06,True,0.026785474893179454,0.026785474893179454,0.013392737446589727,0.013392737446589727,0.026785474893179454,0.0,False,False,0.026785474893179454,0.026785474893179454,0.013392737446589727,0.013392737446589727,0.026785474893179454,0.0,False,False
pool106l8sgu50wpw3nmqkmhlgzl5cctw428ruem2rpwjklg46nprex0,,502.365742,100.0,502.365742,345.0,0.025,True,0.14920005800301178,0.14920005800301178,0.07460001744107435,0.07460001744107435,0.1492000348821487,-2.3120863085202004e-08,False,True,0.14920005800301178,0.14920005800301178,0.07460001744107435,0.07460001744107435,0.1492000348821487,-2.3120863085202004e-08,False,True
pool106p2jjwuwagq2as7cdzx4y6cyc2pdj7a3h3vv5cvkvnskegff3w,VOLT,4183332.400362,1000.0,2683.517769,340.0,0.0,True,1242.4327652431173,340.5788912113817,621.2151809689022,340.1803934908393,680.3607869816786,339.78189577029696,True,False,1242.4327652431173,170.68794255539882,621.2151809689022,170.28944483485648,340.57888966971296,169.89094711431414,True,False
pool106sjgd9m4shsvtc9ruk7femgndknefmct6eedskww37pzv8hz9n,,60886841.633738,100.0,1912.562755,170.0,0.03,True,18083.082192149348,707.9382667310181,9041.539346729249,436.4164909323703,872.8329818647406,164.89471513372257,True,False,18083.082192149348,625.4908566304925,9041.539346729249,353.9690808318448,707.9381616636896,82.44730503319704,True,False
pool1072lq3k32sfxs96s9qhrx3s9la2t68vrqwfsp7h9qnwk56yr2mv,lSPF0,7440989.98039,400.0,159626.707727,340.0,1.0,True,2209.9387320492247,2209.9387320492247,1104.968510913155,1104.968510913155,2209.93702182631,-0.0017102229148804327,False,True,2209.9387320492247,2209.9387320492247,1104.968510913155,1104.968510913155,2209.93702182631,-0.0017102229148804327,False,True
pool107attaqquuq5ne2ch0hx0qcnlkzzr2683s4gml4ywnqvgj6pak9,CCJ5,228950.904531,10000.0,10005.433537,170.0,0.048,True,67.99974412165398,67.99974412165398,33.999242863890956,33.999242863890956,67.99848572778191,-0.0012583938720638344,False,True,67.99974412165398,67.99974412165398,33.999242863890956,33.999242863890956,67.99848572778191,-0.0012583938720638344,False,True
pool107qfdeg9wlpt9yntg7650kzval6ahl696jr2ca20763ukzr0tzw,SRP,349059.504194,50000.0,92039.00197,340.0,0.01,True,103.686054268197,103.686054268197,51.83872613142351,51.83872613142351,103.67745226284703,-0.00860200534997091,False,True,103.686054268197,103.686054268197,51.83872613142351,51.83872613142351,103.67745226284703,-0.00860200534997091,False,True
pool107rsdzswa5s3y8wk5z62tgh5lhm790dsyqjp4lq66fht7qnaq9d,WORLD,25216220.127326,1080.0,10161.909195,500.0,0.01,True,7489.117484708768,572.6795606204287,3744.5509180413646,533.7399586785857,1067.4799173571714,494.80035673674274,True,False,7489.117484708768,325.27930088733075,3744.5509180413646,286.33969894548784,572.6793978909757,247.40009700364493,True,False
pool1085up093vl7qgwnqsuset7kdt3yflscdp6h8eeakuhyzwlhmq68,BPE,421298.335901,1.0,6053.141439,170.0,0.0,True,125.12341439613324,125.12341439613324,62.56170707702333,62.56170707702333,125.12341415404666,-2.4208658544466743e-07,False,True,125.12341439613324,85.57648626082509,62.56170707702333,62.56170707702333,125.12341415404666,39.546927893221564,True,False
pool108zdflss3ayqlm5c7vr6mtqj2uwl99vk28ur8dv4zswdzt6yauc,AZUR,45107923.532674,500000.0,1348828.804205,340.0,0.02,True,13422.618455085154,985.0282152982919,6704.838370655527,653.8133508197079,1307.6267016394158,322.59848634112393,True,False,13422.618455085154,823.409931617328,6704.838370655527,492.195067138744,984.390134277488,160.98020266016,True,False
pool1095d0cr8yp0selmnrst5hnuf8jcl6vlkxlr2j6kq4x6qs4yxuwt,,59250169.612026,0.0,62076.302338,340.0,0.03,True,17596.992119288767,875.2474813478843,8798.496059644383,602.350975223268,1204.701950446536,329.45446909865177,True,False,17596.992119288767,710.5202467985584,8798.496059644383,437.62374067394217,875.2474813478843,164.72723454932589,True,False
pool109k0t72eh8txza4ptnagnfyqkjnmfe60afmtm4dvj9lz7dy78lh,,386060.336469,2000.0,3562.115547,340.0,0.02,True,114.6587941906492,114.6587941906492,57.329176397350736,57.329176397350736,114.65835279470147,-0.00044139594773184854,False,True,114.6587941906492,114.6587941906492,57.329176397350736,57.329176397350736,114.65835279470147,-0.00044139594773184854,False,True
pool10c9l3k0z50ytt4krkfet7w3gwpv9d9nq47kk9ecy2c5f2uyvkgk,BIRTH,273183.412202,100.0,106.922142,170.0,1.0,True,81.13408354140479,81.13408354140479,40.56703392470497,40.56703392470497,81.13406784940994,-1.569199484663386e-05,False,True,81.13408354140479,81.13408354140479,40.56703392470497,40.56703392470497,81.13406784940994,-1.569199484663386e-05,False,True
pool10cpz0zepq23hm6lrk8vgnsdwl772lasq9caaemvw9kh9ktxqygk,ESQ,2211.906006,2000.0,2142.939953,340.0,0.03,True,0.6569250632935418,0.6569250632935418,0.3284624098318065,0.3284624098318065,0.656924819663613,-2.4362992878668166e-07,False,True,0.6569250632935418,0.6569250632935418,0.3284624098318065,0.3284624098318065,0.656924819663613,-2.4362992878668166e-07,False,True
pool10d6mmw3mn9ku3r7uqqye672dz3sv76lh5kvh5rdpr9l5ug5yknr,KILN4,79971298.819684,100.0,4880.056634,340.0,0.05,True,23025.396356854464,1475.584923631789,11875.53214267257,917.4453388966598,1834.8906777933196,359.30575416153056,True,False,23025.396356854464,1314.0947787817995,11875.53214267257,755.9551940466702,1511.9103880933403,197.8156093115408,True,False
pool10dzswwk8ycrxfv04nv44fjpqdx4j5euj406df0xsq7xyy0r0ta5,ADAFS,100.79721,10000.0,2.641293,345.0,0.04,False,0.0,0.0,0.0,0.0,0.0,0.0,False,False,0.0,0.0,0.0,0.0,0.0,0.0,False,False
pool10efuydxjnasr0309lqklmj9xahupdnzqd59r5dqjeh4twz06tr0,F4ADA,11480352.787575,300000.0,300050.979323,170.0,0.0,True,3413.4750500953546,254.7715992006896,1705.7681105261133,210.1388993964645,420.277798792929,165.5061995922394,True,False,3413.4750500953546,171.99316274619824,1705.7681105261133,127.36046294197311,254.72092588394622,82.72776313774798,True,False
pool10eltx2wej46e62ulmwzm35xfu0azu47yvpjper7gwhncqe74vg6,CHIL,11309160.587532,35000.0,37477.294161,340.0,0.029,True,3359.2155490994514,437.2724388522783,1679.49432594286,383.1555408331526,766.3110816663052,329.0386428140269,True,False,3359.2155490994514,272.74946238238687,1679.49432594286,218.63256436326114,437.2651287265223,164.5156663441354,True,False
pool10emzedn7jczjrk7x7687mzwpqs2qfk8dnmyuf3ca7ju8cx79z57,MPL,39.46004,30.0,38.297271,345.0,1.0,True,0.011719426910986408,0.011719426910986408,0.005859713373953848,0.005859713373953848,0.011719426747907696,-1.6307871199272572e-10,False,True,0.011719426910986408,0.011719426910986408,0.005859713373953848,0.005859713373953848,0.011719426747907696,-1.6307871199272572e-10,False,True
pool10ez5uusmzx7ep6pee6hmqr79z5ee0lhgzdelzgptexh9xq3ar4e,SACT,291.472771,100.0,101.008551,340.0,0.03,True,0.086565918572977,0.086565918572977,0.04328295378525218,0.04328295378525218,0.08656590757050436,-1.1002472641297167e-08,False,True,0.086565918572977,0.086565918572977,0.04328295378525218,0.04328295378525218,0.08656590757050436,-1.1002472641297167e-08,False,True
pool10f5k6djk7m95dls80f5n2temjlkacsqd47758z2xal8g79kg9ct,,3072.467418,30000.0,1.831463,340.0,0.0,False,0.0,0.0,0.0,0.0,0.0,0.0,False,False,0.0,0.0,0.0,0.0,0.0,0.0,False,False
pool10fsg5ykzcjuzq5fzm9vj6d3yd0jjqgg6qnza6u8wtq0677vam2t,,97.023027,0.0,97.023027,340.0,0.02,True,0.028815334246098223,0.028815334246098223,0.014407667123049112,0.014407667123049112,0.028815334246098223,0.0,False,False,0.028815334246098223,0.028815334246098223,0.014407667123049112,0.014407667123049112,0.028815334246098223,0.0,False,False
pool10fxpa6wkv0wc6wcmahcnz4wvvfx9m7547sevxrge3nfuv7yh8m0,GRANA,4262012.487617,30000.0,35562.995523,340.0,0.0,True,1265.9415004605273,347.7262217159409,632.934251816682,342.44429586167513,684.8885917233503,337.1623700074094,True,False,1265.9415004605273,179.14473216293638,632.934251816682,173.86280630867066,347.7256126173413,168.58088045440493,True,False
pool10gtnlhevam52ynwuzua7dqgv7vje4q87q25dzzfrjgw3wwjk2xw,STKCH,597.470252,100.0,173.993722,170.0,0.0,True,0.1774456136112408,0.1774456136112408,0.088722792512728,0.088722792512728,0.177445585025456,-2.8585784822565685e-08,False,True,0.1774456136112408,0.1774456136112408,0.088722792512728,0.088722792512728,0.177445585025456,-2.8585784822565685e-08,False,True
pool10hex9l4wjgqarvhr94xgyh9frv5lhtajhrj4dah0kl65jtws30k,CSN1,13562150.580139,20000.0,23328.311214,340.0,0.0189,True,4028.199508670734,415.93115466996807,2014.0219080483491,374.4640836598197,748.9281673196394,332.9970126496714,True,False,4028.199508670734,249.43104567736827,2014.0219080483491,207.96397466721996,415.9279493344399,166.49690365707164,True,False
pool10jd7mphm0mmrnfvyytzs3tfrmjmtkvalfx8nql7tae06v0rkjk3,DOS,23038.755606,1000.0,1557.175541,170.0,0.0,True,6.842415881572376,6.842415881572376,3.4212016086849077,3.4212016086849077,6.8424032173698155,-1.2664202560408455e-05,False,True,6.842415881572376,6.842415881572376,3.4212016086849077,3.4212016086849077,6.8424032173698155,-1.2664202560408455e-05,False,True
pool10jn0wjlh9y3w2ygq84u2llvlnxfz3lc4g0ssqlmpp3w3y2d2lw5,EARN,7104483.057688,100000.0,106108.193574,340.0,0.05,True,2110.800544966567,453.66523666983323,1055.1986311700048,385.90761049230093,771.8152209846019,318.14998431476863,True,False,2110.800544966567,294.5773014355669,1055.1986311700048,226.81967525803458,453.63935051606916,159.06204908050228,True,False
pool10jqlkjfn2rtlc6hp95p8k4h04h3dfmdcgnga6umwp2rpukpg20l,CCIO,16350.180704,410000.0,1022.172676,340.0,0.01,False,0.0,0.0,0.0,0.0,0.0,0.0,False,False,0.0,0.0,0.0,0.0,0.0,0.0,False,False
pool10ldeq0mccp8t4gfmvfkwmfcvh2pvz44hj2hmewfpk9udjxug58y,BREAD,215231.051864,100.0,619.058768,170.0,0.0,True,63.92252736436223,63.92252736436223,31.961257501221,31.961257501221,63.922515002442,-1.236192023412741e-05,False,True,63.92252736436223,63.92252736436223,31.961257501221,31.961257501221,63.922515002442,-1.236192023412741e-05,False,True
pool10le7rwlfg3t9646gm09jp05qg5kqvq3gvut4q2yaeu2ujncnh7w,,2854.261122,0.0,439.569766,340.0,0.05,True,0.8477007036285659,0.8477007036285659,0.42385035181428293,0.42385035181428293,0.8477007036285659,0.0,False,False,0.8477007036285659,0.8477007036285659,0.42385035181428293,0.42385035181428293,0.8477007036285659,0.0,False,False
pool10ljdn3zwsh7vjkxf6t250423l5qy487x83st7m8a53jxznrkw5g,,127062.59889,1200000.0,5020.24725,340.0,0.005,False,0.0,0.0,0.0,0.0,0.0,0.0,False,False,0.0,0.0,0.0,0.0,0.0,0.0,False,False
pool10mf43thtl3keag50mrlvqa78xkwg7harmu4w5yzr3k7jvw0ap43,JORGE,2927773.115288,200000.0,209406.623655,190.0,0.0,True,870.1620941979465,238.64804821807218,434.92365234393026,207.5179677765257,415.0359355530514,176.3878873349792,True,False,870.1620941979465,150.4428470169771,434.92365234393026,119.31276657543062,238.62553315086123,88.18268613388412,True,False
pool10n23qyec2zcetv0e3x7fdjydscsrlet5sph2hgtfc7x5ze56jqn,DOTAR,901698.759103,5000.0,56818.583109,170.0,0.0,True,267.8049932267409,176.1629685968038,133.9012083317273,133.9012083317273,267.8024166634546,91.6394480666508,True,False,267.8049932267409,96.51905843890299,133.9012083317273,88.08140312014046,176.16280624028093,79.64374780137794,True,False
pool10nwac5phcc4vkjvux5mw6gvdzlxurkd944e5yx9yyfa8sqs35t7,,36120.987876,0.0,2.0,340.0,0.02,True,10.727745475784852,10.727745475784852,5.363872737892426,5.363872737892426,10.727745475784852,0.0,False,False,10.727745475784852,10.727745475784852,5.363872737892426,5.363872737892426,10.727745475784852,0.0,False,False
pool10p3g22454ly7eaurlur5wc9d9ual2fnfwy7a6e7k09z3yf929k9,OUROS,6076311.463663,2500.0,340422.257946,340.0,0.0149,True,1804.65034331464,442.65694161809915,902.3208087666483,379.41291155236445,758.8258231047289,316.16888148662974,True,False,1804.65034331464,284.5721950809714,902.3208087666483,221.32816501523672,442.65633003047344,158.08413494950202,True,False
pool10p6wd9k0fwk2zqkqnqr8efyr7gms627ujk9dxgk6majskhawr6r,BBHMM,7036434.076718,550000.0,551023.40242,340.0,0.01,True,2093.9158354284605,493.51487759678173,1045.9210930537383,401.7871097370289,803.5742194740578,310.0593418772761,True,False,2093.9158354284605,338.3944565733166,1045.9210930537383,246.66668871356376,493.3333774271275,154.93892085381094,True,False
pool10p7hdyghmkfuuxep4slslvjs2fk0hechqwadc2348e6g2x8hta6,SBPIO,360.524775,100.0,5.893313,345.0,0.15,False,0.0,0.0,0.0,0.0,0.0,0.0,False,False,0.0,0.0,0.0,0.0,0.0,0.0,False,False
pool10pd44d65586rldtdzuu88e7mn4sxjctvdksmt05nnqfzqu7g7hd,RDB,3460141.27996,1000.0,1439.881162,340.0,0.01,True,1027.6479338312756,347.1597712370075,513.822973047644,341.8098399799206,683.6196799598412,336.4599087228337,True,False,1027.6479338312756,178.92980652746456,513.822973047644,173.5798752703777,347.1597505407554,168.22994401329083,True,False
pool10pmpya78vv23pngluf7hwpg9lerepmqdmdu47huf5vsskt56wzq,,247.210196,200.0,247.210196,340.0,0.015,True,0.07342015292528443,0.07342015292528443,0.03671007374978711,0.03671007374978711,0.07342014749957422,-5.4257102144461555e-09,False,True,0.07342015292528443,0.07342015292528443,0.03671007374978711,0.03671007374978711,0.07342014749957422,-5.4257102144461555e-09,False,True
pool10pvwz69qz468m79ysw8qjcav5z830sv4zmeprru2n4anyuxwj9l,,124124.412269,0.0,0.0,345.0,0.06,True,36.864304673072404,36.864304673072404,18.432152336536202,18.432152336536202,36.864304673072404,0.0,False,False,36.864304673072404,36.864304673072404,18.432152336536202,18.432152336536202,36.864304673072404,0.0,False,False
pool10pxym4rs92lj853juzku38z58d9n59ra55qd2mnm820ljx4c6h9,JVNP,139.818659,10.0,139.818659,340.0,0.05,True,0.04152541579307802,0.04152541579307802,0.020762707523555867,0.020762707523555867,0.041525415047111734,-7.459662887399077e-10,False,True,0.04152541579307802,0.04152541579307802,0.020762707523555867,0.020762707523555867,0.041525415047111734,-7.459662887399077e-10,False,True
pool10q2fhzwe4f5k2llny65z5z2fuhrpk3x56fdc0782djdq58p9uee,KURIS,2278562.468341,100.0,34747.281659,340.0,0.0,True,676.7214604781243,345.1348846434665,338.36066477624075,338.36066477624075,676.7213295524815,331.58644490901503,True,False,676.7214604781243,177.72732525639856,338.36066477624075,172.56744132344807,345.13488264689613,167.40755739049757,True,False
pool10q33p4hx4wqum6thmglw7z5l2vaay4w6m5cdq8fnurw7vjdppcf,SPKL,38230.184169,1000.0,8576.795501,340.0,0.01,True,11.354208588589094,11.354208588589094,5.67709359744684,5.67709359744684,11.35418719489368,-2.1393695414317904e-05,False,True,11.354208588589094,11.354208588589094,5.67709359744684,5.67709359744684,11.35418719489368,-2.1393695414317904e-05,False,True
pool10qmnswfc22zm0fscg80gkwqz65ujwjkqmctv8g9l9l58wqtelgg,WAAUS,2697137.476281,30000.0,40865.975291,170.0,0.008,True,801.1277899846386,184.53512366792063,400.5408925740033,175.30944831974125,350.6188966394825,166.08377297156187,True,False,801.1277899846386,101.49270742731002,400.5408925740033,92.26703207913064,184.5340641582613,83.04135673095126,True,False
pool10qrz84cvz95zg8saf43ruhs5ulczuuqm2d3jn6d8xkkkzgzfje7,,112074.806511,44325.545672,88771.874447,340.0,0.015,True,33.28908892058314,33.28908892058314,16.643680435211394,16.643680435211394,33.28736087042279,-0.001728050160352268,False,True,33.28908892058314,33.28908892058314,16.643680435211394,16.643680435211394,33.28736087042279,-0.001728050160352268,False,True
pool10quq4wlghwrvmhdzc7geq22pyhzegccwj56ax2g8hx0cjfahufs,SPS2,24708911.64549,10000.0,26172.056006,340.0,0.05,True,7338.702095118964,696.977580140508,3669.2800711756045,509.81410656800983,1019.6282131360197,322.6506329955116,True,False,7338.702095118964,535.6486434032536,3669.2800711756045,348.48516983075535,696.9703396615107,161.32169625825713,True,False
pool10rdglgh4pzvkf936p2m669qzarr9dusrhmmz9nultm3uvq4eh5k,KILN0,74073232.951482,100.0,4679.600928,340.0,0.05,True,21999.3733253165,1424.2685874181861,10999.684534452786,873.6239843553144,1747.2479687106288,322.97938129244267,True,False,21999.3733253165,1262.778790233964,10999.684534452786,712.1341871710922,1424.2683743421844,161.48958410822047,True,False
pool10retvgthe4vymhaq8vr2734zladmeeuwy07rq8r5f690ydmz3vc,MORAL,971.580862,59000.0,137.688251,340.0,0.0,False,0.0,0.0,0.0,0.0,0.0,0.0,False,False,0.0,0.0,0.0,0.0,0.0,0.0,False,False
pool10s8x49tu6wcne63rqv6gmnhwpcg4kg8r4s3ncv6q7uxx76jvlwg,,5097.623546,5000.0,5097.623546,340.0,0.0,True,1.513968235073548,1.513968235073548,0.7569839765868394,0.7569839765868394,1.5139679531736787,-2.8189986922555477e-07,False,True,1.513968235073548,1.513968235073548,0.7569839765868394,0.7569839765868394,1.5139679531736787,-2.8189986922555477e-07,False,True
pool10scv5quxduhrcc26wpurhk743dngspe8dc3zpkkam0svyx6ejx3,CDNTH,8648242.326177,100.0,1040.369948,340.0,0.2,True,2568.483971331955,785.9112607594361,1284.241737195,528.9392200755404,1057.878440151081,271.9671793916448,True,False,2568.483971331955,649.9276213455057,1284.241737195,392.95558066161004,785.9111613232201,135.98353997771437,True,False
pool10tqeu6d03p6rnalqlvdshmpsljxaq2c0ww6draq6xm8lgyl2a3p,CASP,8631852.650929,100000.0,100002.076047,170.0,0.03,True,2564.5971261946447,268.74763442074567,1282.052953896951,215.85848590006216,431.7169718001243,162.96933737937866,True,False,2564.5971261946447,187.25283737699493,1282.052953896951,134.3636888563114,268.7273777126228,81.47454033562786,True,False
pool10u90lv7ayyfdulnt004h2wg42yff22c8vjlnqjxv7pytypuaykv,,6192.921948,45000.0,7.442557,340.0,0.025,False,0.0,0.0,0.0,0.0,0.0,0.0,False,False,0.0,0.0,0.0,0.0,0.0,0.0,False,False
pool10usr6ag036ujwhmm85km8w0skjn3fp3dwnktt8sje4lfvwhu40u,WALDO,2136.948271,66000.0,2.081122,345.0,0.019,False,0.0,0.0,0.0,0.0,0.0,0.0,False,False,0.0,0.0,0.0,0.0,0.0,0.0,False,False
pool10v6uh7yan2dg8utwpgurj6th3u3s3q3m2lcg8z9mxtncvx72dhc,,1.0,100025.042945,1.0,340.0,0.03,False,0.0,0.0,0.0,0.0,0.0,0.0,False,False,0.0,0.0,0.0,0.0,0.0,0.0,False,False
pool10vgnav004xgw03qkqfy6864zq53lzjkcf0syeu4g3uj8xaytlm8,Pier2,1475.994327,100.0,247.63965,170.0,0.08,True,0.43836279423264873,0.43836279423264873,0.21918135758243482,0.21918135758243482,0.43836271516486963,-7.906777910182683e-08,False,True,0.43836279423264873,0.43836279423264873,0.21918135758243482,0.21918135758243482,0.43836271516486963,-7.906777910182683e-08,False,True
pool10w8gmhnprfmhdlp6npjt8d3ts64ng4qxsu0mr33dhpxpzwn4rgt,,2.91521,10000.0,2.91521,340.0,0.02,False,0.0,0.0,0.0,0.0,0.0,0.0,False,False,0.0,0.0,0.0,0.0,0.0,0.0,False,False
pool10wcmpvjmmv7ph7cz2263f52yckvnnwu5kdppwqgu74s2qhe7l7m,4TUN8,1216672.604799,200000.0,204998.65838,340.0,0.01,True,361.579836013765,343.8154512489252,180.73122726433598,180.73122726433598,361.46245452867197,17.64700327974674,True,False,361.579836013765,203.8725245234186,180.73122726433598,171.89734873064347,343.79469746128694,139.92217293786834,True,False
pool10wugf8sxugp74y0dafvc83jmcg2z9v7u5yfs79zy67rxc5lqhd6,,4678.355731,330000.0,700.014847,340.0,0.01,False,0.0,0.0,0.0,0.0,0.0,0.0,False,False,0.0,0.0,0.0,0.0,0.0,0.0,False,False
pool10ww24pk8znf747x6d0wcueajegrjwzpv8x9a4aar4t05s7uzf76,S10E,2452.995576,0.0,2452.995576,340.0,0.018,True,0.7285269240944239,0.7285269240944239,0.36426346204721194,0.36426346204721194,0.7285269240944239,0.0,False,False,0.7285269240944239,0.7285269240944239,0.36426346204721194,0.36426346204721194,0.7285269240944239,0.0,False,False
pool10x7rsal3ldumkycuc7f7rslx3vc5axhz5jzwngfcg7hd6t2p7sc,BNP,66639.295215,2.0,29761.65151,345.0,0.06,True,19.791524133803463,19.791524133803463,9.895762028610497,9.895762028610497,19.791524057220993,-7.658247014319386e-08,False,True,19.791524133803463,19.791524133803463,9.895762028610497,9.895762028610497,19.791524057220993,-7.658247014319386e-08,False,True
pool10xk8jp4m2cztf69x9gvg3j33x5drkrz2hulsjes29wktcfcxdls,,14276240.864801,2.0,35270.282973,345.0,0.06,True,4239.969295956269,587.7435409438942,2119.9846397746983,455.6211689594716,911.2423379189432,323.498796975049,True,False,4239.969295956269,425.9941419451124,2119.9846397746983,293.87176996068985,587.7435399213797,161.7493979762673,True,False
pool10xmmn972gyza7nj8q4cyy0vrpn6kqzmdz2ut7ynnc8d0ycxlvw3,MATE,344298.643126,101000.0,136208.554279,170.0,0.015,True,102.28319836401256,102.28319836401256,51.134519522362396,51.134519522362396,102.26903904472479,-0.0141593192877707,False,True,102.28319836401256,91.99412107716319,51.134519522362396,51.134519522362396,102.26903904472479,10.274917967561606,True,False
pool10ya6hxrssmyhl560gqyalhqxudkgfjdlc0e4krww6wweyaeajs8,NKR,29702642.180265,40000.0,47007.359428,340.0,0.01,True,8822.894484521892,438.1197114688621,4411.106082144543,387.08955827141426,774.1791165428285,336.05940507396645,True,False,8822.894484521892,270.08606281039323,4411.106082144543,219.05590961294536,438.1118192258907,168.02575641549748,True,False
pool10zyf32q3w3n9x940j6yqgkwuegzn77p94wcmpku6gvmrqw8a97d,XSP,25947752.278328,20000.0,45362.472214,340.0,0.037,True,7706.943530428458,624.9794495901051,3853.3227210367295,475.9077575575262,951.8155151150524,326.83606552494734,True,False,7706.943530428458,461.5556512713334,3853.3227210367295,312.48395923875455,624.9679184775091,163.41226720617573,True,False
pool120s8wucgh9dnshf3xkvffq30lcf4kta9uzf35s44eulezc8puwj,REEF,9.802291,1.0,9.802291,340.0,0.01,True,0.002911229439625738,0.002911229439625738,0.0014556147172838756,0.0014556147172838756,0.002911229434567751,-5.057987015333332e-12,False,True,0.002911229439625738,0.002911229439625738,0.0014556147172838756,0.0014556147172838756,0.002911229434567751,-5.057987015333332e-12,False,True
pool122gfj3ynz5ch8cfkx0tt5dsfpnf36sujcvrvxzqjm28yym8vv8x,CTUTS,67.456466,500.0,2.618002,340.0,0.02,False,0.0,0.0,0.0,0.0,0.0,0.0,False,False,0.0,0.0,0.0,0.0,0.0,0.0,False,False
pool122gklgk6gep3dm5grag0kavzzxcwk4kxxrqegfygghjpgch6pns,,26415.60343,1.0,54.258533,340.0,0.05,True,7.845296819002957,7.845296819002957,3.922648401912277,3.922648401912277,7.845296803824554,-1.517840342302179e-08,False,True,7.845296819002957,7.845296819002957,3.922648401912277,3.922648401912277,7.845296803824554,-1.517840342302179e-08,False,True
pool122pmneflla304ptc7s5ws948u28zaek08k6hk3fmw8rgkzmgect,PBDOT,3262.347727,3100.0,3150.651545,340.0,0.01,True,0.9689008810519707,0.9689008810519707,0.4844502957545012,0.4844502957545012,0.9689005915090024,-2.895429682681083e-07,False,True,0.9689008810519707,0.9689008810519707,0.4844502957545012,0.4844502957545012,0.9689005915090024,-2.895429682681083e-07,False,True
pool1233gq8vt6nzytuw60sr9gy2jmehc88fpglrjrzsd8kys5gqelgg,,4079.358398,1000.0,2149.219284,345.0,0.01,True,1.2115517598906593,1.2115517598906593,0.6057749951896296,0.6057749951896296,1.2115499903792593,-1.7695114000737533e-06,False,True,1.2115517598906593,1.2115517598906593,0.6057749951896296,0.6057749951896296,1.2115499903792593,-1.7695114000737533e-06,False,True
pool123gn9my6u32zea8l3uk889rjj2qf2tfagcz67q4v4r9ccjjtge7,SNY,3543.776436,100.0,497.625746,345.0,0.15,True,1.052483560382021,1.052483560382021,0.5262416812473862,0.5262416812473862,1.0524833624947725,-1.9788724858749163e-07,False,True,1.052483560382021,1.052483560382021,0.5262416812473862,0.5262416812473862,1.0524833624947725,-1.9788724858749163e-07,False,True
pool124hy9qgc0nhqsve268kj5r53pvz7ppg295q6r2d0sjxswchljf0,BNP,32121961.703908,2.0,30945.794293,345.0,0.06,True,9540.055581876146,905.0302049556251,4770.027772480099,614.508888585829,1229.017777171658,323.98757221603296,True,False,9540.055581876146,743.036417723415,4770.027772480099,452.5151013536189,905.0302027072378,161.99378498382282,True,False
pool124lm97s6f4satl7xz0ulzgg6tv30tskry3zcntwrz68n60v5yne,SHARP,11058.880161,100000.0,672.752201,340.0,0.035,False,0.0,0.0,0.0,0.0,0.0,0.0,False,False,0.0,0.0,0.0,0.0,0.0,0.0,False,False
pool12582dmkl7xanxlmfnwd4fepmx4tt5kkw327mmklcjdxngwaxvh2,FGMTF,1001983.096233,2e-06,9.820727,170.0,0.1,True,297.5837666546368,182.75950210242164,148.7918833273178,148.7918833273178,297.5837666546356,114.82426455221398,True,False,297.5837666546368,106.26025190111417,148.7918833273178,91.37975105121076,182.75950210242152,76.49925020130735,True,False
pool12584mjtgz3fhgpx823qht56gycnfnezg6aqqthazv4qdxkd5c46,DOLCA,713579.760243,50000.0,75955.07085,170.0,0.02,True,211.9676334906545,175.21714147175712,105.97427414596308,105.97427414596308,211.94854829192616,36.73140682016904,True,False,211.9676334906545,100.7837850543195,105.97427414596308,87.60738446239229,175.21476892478458,74.43098387046508,True,False
pool1258yqnsegc3k7raqcdkxu4893aqexxljflmg9g96yfha2qytayv,1PCT2,560337.048234,50000.0,55087.895719,340.0,0.01,True,166.44653394869587,166.44653394869587,83.21592791917254,83.21592791917254,166.4318558383451,-0.014678110350786255,False,True,166.44653394869587,166.44653394869587,83.21592791917254,83.21592791917254,166.4318558383451,-0.014678110350786255,False,True
pool125kh7e0y9lwya4sz5etmsk7hvga9jtfpuhw00vz9zvk6sh8xh5r,CHOCO,7757931.71301,10000.0,93963.622359,170.0,0.0,True,2304.1544113646955,195.84875538785343,1152.054940722756,181.8945929146443,363.7891858292886,167.94043044143518,True,False,2304.1544113646955,111.87827049522683,1152.054940722756,97.92410802201772,195.84821604403544,83.96994554880861,True,False
pool1263z8symvqmmsg876y2lzluv29am2v9fpzka9sf3nrhz7uwlzap,LION,297273.492819,1000.0,1072.829681,170.0,0.005,True,88.2890212641487,88.2890212641487,44.14442550783812,44.14442550783812,88.28885101567624,-0.00017024847245750152,False,True,88.2890212641487,85.02825549951173,44.14442550783812,44.14442550783812,88.28885101567624,3.260595516164514,True,False
pool126f65lklaqw39jgx9wl8klqtx99evewxk0x5yc2jzzp5wfs8fde,XPPX,536845.683641,119000.0,144631.572944,340.0,0.0,True,159.49763229345558,159.49763229345558,79.73448774748684,79.73448774748684,159.46897549497368,-0.02865679848190439,False,True,159.49763229345558,159.49763229345558,79.73448774748684,79.73448774748684,159.46897549497368,-0.02865679848190439,False,True
pool126kcx3ve6xedpdk8gm9gtgs5x2h77tuwe5hjjcrp2nshu2xv8l3,ADAAF,2939.165647,2500.0,2647.043882,340.0,0.0799,True,0.8729181678712761,0.8729181678712761,0.4364587683909045,0.4364587683909045,0.872917536781809,-6.310894671290868e-07,False,True,0.8729181678712761,0.8729181678712761,0.4364587683909045,0.4364587683909045,0.872917536781809,-6.310894671290868e-07,False,True
pool126mkma8nv5axltmz7mmg8qz9e70nmhnf58hwx5772fhwgkhk6ag,NAP,18131001.028506,20000.0,22185.264157,340.0,0.03,True,5385.229363400584,497.34506950805223,2692.51057164977,413.367514686224,826.735029372448,329.3899598643958,True,False,5385.229363400584,332.64684270599855,2692.51057164977,248.66928788417027,497.33857576834055,164.691733062342,True,False
pool126ugnr0nxjxz72jrlzrqetqx0exn43t5w67u9vuq23xex4ym7dv,,109.61171,100.0,109.61171,345.0,0.15,True,0.03255410870773469,0.03255410870773469,0.01627705407770641,0.01627705407770641,0.03255410815541282,-5.523218687963904e-10,False,True,0.03255410870773469,0.03255410870773469,0.01627705407770641,0.01627705407770641,0.03255410815541282,-5.523218687963904e-10,False,True
pool126ut5j5qz5wg09sjxrjugmjhqyslgam9cyj7a275y99l6n3gql0,BIOME,5516.81282,10000.0,1.210482,340.0,0.02,False,0.0,0.0,0.0,0.0,0.0,0.0,False,False,0.0,0.0,0.0,0.0,0.0,0.0,False,False
pool127cp6le6v4hs453tkwnjd6ua9fcmmh7y5zc44zx752yzklgcrcq,IPMCo,1442.48367,200.0,1442.48367,340.0,0.06,True,0.4284104308951243,0.4284104308951243,0.214205144051438,0.214205144051438,0.428410288102876,-1.4279224830326953e-07,False,True,0.4284104308951243,0.4284104308951243,0.214205144051438,0.214205144051438,0.428410288102876,-1.4279224830326953e-07,False,True
pool127gdv243hfcrapslaqq0nnh64u2gts72gtrt4888g6g2z0zsu64,TTS17,1165746.560976,28000.0,156831.795235,340.0,0.01,True,346.25728856799134,340.8959687660108,173.11948636999765,173.11948636999765,346.2389727399953,5.34300397398448,True,False,346.25728856799134,195.23793231248865,173.11948636999765,170.4466730794248,340.8933461588496,145.65541384636097,True,False
pool127jufnlxk4n6he84qjf8ppzmxs9sjnqlhulnuzsk0uc0whtl9sn,WILDR,31110.339119,6000.0,12012.868419,340.0,0.0,True,9.239782027343871,9.239782027343871,4.619847720611622,4.619847720611622,9.239695441223244,-8.658612062717452e-05,False,True,9.239782027343871,9.239782027343871,4.619847720611622,4.619847720611622,9.239695441223244,-8.658612062717452e-05,False,True
pool127xwsah7jllutuhen8vl7sve5278h7hhxtnys3cl438dyhuwgjg,ARTZ,2380628.940652,1500000.0,2024253.871906,340.0,0.02,True,708.6318966848435,654.552157094133,353.9066514701322,351.8664913623201,703.7329827246402,49.18082563050723,True,False,708.6318966848435,629.6124928569911,353.9066514701322,326.9268271251783,653.8536542503566,24.241161393365473,True,False
pool127xz8pls3lr6nct6w274ph2g4u83vqajgykf3l9ll772gvmju8z,,2162.16716,2000.0,2026.816204,340.0,0.0,True,0.642152770476301,0.642152770476301,0.32107629200531057,0.32107629200531057,0.6421525840106211,-1.8646567989666352e-07,False,True,0.642152770476301,0.642152770476301,0.32107629200531057,0.32107629200531057,0.6421525840106211,-1.8646567989666352e-07,False,True
pool128r8qqgl9zgy3ff4759a2qslyauu5takaec3nxx4a6mvj3ys8da,BTCAO,1491555.53618,1.0,21597.087334,700.0,0.0,True,442.9842359789276,442.9842359789276,221.49211756092402,221.49211756092402,442.98423512184803,-8.570795557716337e-07,False,True,442.9842359789276,351.34637203671633,221.49211756092402,221.49211756092402,442.98423512184803,91.6378630851317,True,False
pool128sj7hpet8874ycvxml85wlv9eyd8pehjhnj3clcvhrr5g5s9qj,BIZ,25021.3693,10000.0,13456.933998,340.0,0.01,True,7.431389174866771,7.431389174866771,3.7156514155032534,3.7156514155032534,7.431302831006507,-8.634386026429297e-05,False,True,7.431389174866771,7.431389174866771,3.7156514155032534,3.7156514155032534,7.431302831006507,-8.634386026429297e-05,False,True
pool12a4mx8ztxg7dwatm6lmfm36q7eyygkt3y3h29tklvcp6vyxp0nt,,14785.014207,50000.0,0.0,340.0,0.03,False,0.0,0.0,0.0,0.0,0.0,0.0,False,False,0.0,0.0,0.0,0.0,0.0,0.0,False,False
pool12ahcpgfgzkm29zajw8fgfqjma6ngsks7zdk4tr7q280pwfvtlek,BNP,32128043.520627,2.0,42438.594545,345.0,0.06,True,9541.861849814351,908.2311358108943,4770.930906445707,616.0513794994405,1232.102758998881,323.87162318798664,True,False,9541.861849814351,746.2953230862898,4770.930906445707,454.115566774836,908.231133549672,161.93581046338215,True,False
pool12ame5t8hdltyl30npznvhn23kxnvthk82j9p7dr4uew3y92uqes,EoK,81651.547632,30000.0,27.419621,340.0,0.01,False,0.0,0.0,0.0,0.0,0.0,0.0,False,False,0.0,0.0,0.0,0.0,0.0,0.0,False,False
pool12cmz6vtm43tztqck4xnayhpmeml4ljxutvuexhwgsvrpwllnscv,PUWSP,7598.555142,2.0,12.621346,340.0,0.6,True,2.256731362320996,2.256731362320996,1.1283656767953527,1.1283656767953527,2.2567313535907054,-8.730290712577471e-09,False,True,2.256731362320996,2.256731362320996,1.1283656767953527,1.1283656767953527,2.2567313535907054,-8.730290712577471e-09,False,True
pool12d3th585ga2w593eu5zqnkahsnlczjpqxemjc0qhku7awnhvn8a,H3ART,171544.280445,10000.0,12065.358034,340.0,0.0,True,50.94961560545326,50.94961560545326,25.474343573151412,25.474343573151412,50.948687146302824,-0.0009284591504368223,False,True,50.94961560545326,50.94961560545326,25.474343573151412,25.474343573151412,50.948687146302824,-0.0009284591504368223,False,True
pool12dcwy586prq83qggtfvaxwdpys9dw4sl2yahrdjyjxsqzcq84rk,,1863101.150722,10000.0,38522.997904,170.0,0.0,True,553.3526481802037,177.92651180351422,276.67099889409644,172.20561651482123,344.41123302964246,166.48472122612824,True,False,553.3526481802037,94.68404108235721,276.67099889409644,88.96314579366422,177.92629158732845,83.24225050497124,True,False
pool12e8xz54gjtcz6dzkhua9uq9dp23cqcmf6xc4929t4ep4ketccsm,SOCK,32836.442065,12600.0,12620.06001,170.0,0.0,True,9.752545568513533,9.752545568513533,4.876199497000342,4.876199497000342,9.752398994000684,-0.00014657451284882939,False,True,9.752545568513533,9.752545568513533,4.876199497000342,4.876199497000342,9.752398994000684,-0.00014657451284882939,False,True
pool12eht6dqxpzqj87xuextrpufz2gxmt4reuesuw26r2utzw0kw906,CAN1,6368382.236304,40000.0,107042.7494,200.0,0.0,True,1891.6674570640628,228.43433841680599,945.7609433799599,212.5350989957001,425.0701979914002,196.63585957459424,True,False,1891.6674570640628,130.11518522260522,945.7609433799599,114.21594580149932,228.43189160299863,98.31670638039341,True,False
pool12f2r9xf4wvht030xwjhpjvy5yptr275qr2qcydnx57jkxyfzz2w,FREE1,501185.996294,300000.0,410840.45644,170.0,0.0,True,148.9196655681603,148.9196655681603,74.4422411675678,74.4422411675678,148.8844823351356,-0.03518323302469639,False,True,148.9196655681603,137.39728318767774,74.4422411675678,74.4422411675678,148.8844823351356,11.487199147457858,True,False
pool12f68ksfmsthe4r9xx2up9x4zx43tstu3psmjvk57papsv8vu9re,,1093.094791,1000.0,1093.094791,340.0,0.0,True,0.3246435729866547,0.3246435729866547,0.16232175974010915,0.16232175974010915,0.3246435194802183,-5.350643639268071e-08,False,True,0.3246435729866547,0.3246435729866547,0.16232175974010915,0.16232175974010915,0.3246435194802183,-5.350643639268071e-08,False,True
pool12fzerww0hmk0fyvaujz5t2kg6hl4n8daz85rqy5jk8qk58r59y6,ZETE2,102085.687836,1000.0,2438.264057,170.0,0.0,True,30.31903434890952,30.31903434890952,15.1594881308742,15.1594881308742,30.3189762617484,-5.808716111843637e-05,False,True,30.31903434890952,30.31903434890952,15.1594881308742,15.1594881308742,30.3189762617484,-5.808716111843637e-05,False,True
pool12g6gfm5c4q7rzwwxdmh0xdxk07tyvujp6d9tke2m46k7q7cz7p0,NDE,114243.911768,2000.0,3373.193811,340.0,0.03,True,33.93010542656661,33.93010542656661,16.964988212959682,16.964988212959682,33.929976425919364,-0.00012900064724874483,False,True,33.93010542656661,33.93010542656661,16.964988212959682,16.964988212959682,33.929976425919364,-0.00012900064724874483,False,True
pool12h408zlkavwxw4wkw96mt8unjs8sn27k0yk4yhz4pzvsx0wvmq5,,579.88263,0.0,2.201398,340.0,0.075,True,0.17222212420724106,0.17222212420724106,0.08611106210362053,0.08611106210362053,0.17222212420724106,0.0,False,False,0.17222212420724106,0.17222212420724106,0.08611106210362053,0.08611106210362053,0.17222212420724106,0.0,False,False
pool12hhrd4azpps5jxppcqs2pgtylatg7xkhaqmnetgv2988k3t4drf,YAM,6208.049253,500.0,500.0,340.0,0.0249,True,1.84376161007804,1.84376161007804,0.9218799850382026,0.9218799850382026,1.8437599700764051,-1.6400016349393809e-06,False,True,1.84376161007804,1.84376161007804,0.9218799850382026,0.9218799850382026,1.8437599700764051,-1.6400016349393809e-06,False,True
pool12hszgt63rau649xhfuy4mjmdukzpy0atyskd7hujl7zdxjv7e8c,,7.304864,0.0,7.304864,340.0,1.0,True,0.0021695066036466794,0.0021695066036466794,0.0010847533018233397,0.0010847533018233397,0.0021695066036466794,0.0,False,False,0.0021695066036466794,0.0021695066036466794,0.0010847533018233397,0.0010847533018233397,0.0021695066036466794,0.0,False,False
pool12jqfrwhuv2jn0uymwmud2d63gp5drj08fjfart9dxgpu2tmj8a0,IOGP,2.925923,64000000.0,2.925923,500.0,1.0,False,0.0,0.0,0.0,0.0,0.0,0.0,False,False,0.0,0.0,0.0,0.0,0.0,0.0,False,False
pool12jzydsj2yjjn59zefvgz2q47rvfk950xckm5x4ejcdvucueg5c8,ZILLA,51.006764,20.0,0.0,340.0,0.02,False,0.0,0.0,0.0,0.0,0.0,0.0,False,False,0.0,0.0,0.0,0.0,0.0,0.0,False,False
pool12kdg7dmdfh0t9hmy43pvl38ftu5dvppyn86wgkc4jq8557xkyz7,RENEW,184656.933092,30000.0,38708.382315,170.0,0.0,True,54.847483047457274,54.847483047457274,27.422407561532154,27.422407561532154,54.84481512306431,-0.00266792439296637,False,True,54.847483047457274,54.847483047457274,27.422407561532154,27.422407561532154,54.84481512306431,-0.00266792439296637,False,True
pool12ktz62g9d32nq0cdk9jyyqg6kquj7lnmx776at5h598supql0t2,CTEC2,7464030.535472,10000.0,14784.168716,680.0,0.5,True,2216.8639126135645,1449.954006308429,1108.4105359204848,894.6295490247866,1789.2590980495731,339.3050917411442,True,False,2216.8639126135645,1280.290729030794,1108.4105359204848,724.9662717471517,1449.9325434943034,169.6418144635095,True,False
pool12l453n0jtxqq88cgwgr67z06ldyhqqvwxgkn0sgungjfvhtp2el,EVERS,39421087.918967,1000.0,1496.409636,400.0,0.04,True,11707.903323272307,852.7282069281766,5853.940335598757,618.3563617622399,1236.7127235244798,383.98451659630314,True,False,11707.903323272307,660.7354951757943,5853.940335598757,426.3636500098576,852.7273000197152,191.99180484392093,True,False
pool12lsfsh2s8yt8dvrt9m8kgrgr6ktntngvn2vad60xlqz7kxz9fxr,POP4,4122221.288075,50000.0,53389.480809,340.0,0.05,True,1224.5124276742856,395.10870435848983,612.1976568857626,356.95901575948795,713.9180315189759,318.8093271604861,True,False,1224.5124276742856,235.70039244316322,612.1976568857626,197.55070384416135,395.1014076883227,159.40101524515947,True,False
pool12m0v0myprg2nfvlymzaghvjrzhnlzkh2psn3sur2nhkj5wpkdmh,DAPP,363054.558046,1000.0,1097.454129,170.0,0.0,True,107.825731002812,107.825731002812,53.91276147719151,53.91276147719151,107.82552295438302,-0.00020804842898769493,False,True,107.825731002812,85.06899842511633,53.91276147719151,53.91276147719151,107.82552295438302,22.756524529266684,True,False
pool12m7z9p7jqymxrvvp6z7vmfdu6j6u6y43p0m6y4xalz43sc8s4t9,,28840311.622564,0.0,0.0,340.0,0.05,True,8565.422507028286,751.2711253514144,4282.711253514143,537.1355626757072,1074.2711253514144,323.0,True,False,8565.422507028286,589.7711253514144,4282.711253514143,375.6355626757072,751.2711253514144,161.5,True,False
pool12mca6l778v2e5wq5a4kc08h6grcv9j6f7yykt9wyjttckfxksvg,,1014.271248,500.0,1014.271248,340.0,0.01,True,0.30123357931414,0.30123357931414,0.15061671577781036,0.15061671577781036,0.3012334315556207,-1.47758519308816e-07,False,True,0.30123357931414,0.30123357931414,0.15061671577781036,0.15061671577781036,0.3012334315556207,-1.47758519308816e-07,False,True
pool12mmcc4rc2fzfv7gyv8h06nvnsrm3m7erzdv8x6gzvjxlu2lf09n,1PCT3,13287132.57218,50000.0,60812.148607,340.0,0.01,True,3946.970372900818,392.41289447952266,1973.2948432187156,363.73341098522104,727.4668219704421,335.0539274909194,True,False,3946.970372900818,224.88316485614155,1973.2948432187156,196.2036813618399,392.4073627236798,167.52419786753825,True,False
pool12mvua605f7w2gs90d580ywzyyf96je0y5q6zwcz2l76tcdqa8y9,,507.423329,500.0,507.423329,340.0,0.005,True,0.15070209305515989,0.15070209305515989,0.07535104546047335,0.07535104546047335,0.1507020909209467,-2.1342131950596865e-09,False,True,0.15070209305515989,0.15070209305515989,0.07535104546047335,0.07535104546047335,0.1507020909209467,-2.1342131950596865e-09,False,True
pool12n6lycv28kjtkzecfz2a3uujyxy6ewuwjcmjq84my67psqmgagv,MANT,1419735.920231,100000.0,102162.163857,340.0,0.0,True,421.8060622035205,345.8866470955896,210.86503473820056,210.86503473820056,421.7300694764011,75.84342238081155,True,False,421.8060622035205,188.1196036674457,210.86503473820056,172.94058938388116,345.8811787677623,157.76157510031663,True,False
pool12ndf7w5f4fdn746s5zlay4aexvcsjncnnmjwfp8falascjqav3y,SAMON,528154.948533,3000.0,41152.163133,170.0,0.031415,True,156.8610825933834,156.8610825933834,78.43008862215262,78.43008862215262,156.86017724430525,-0.0009053490781525397,False,True,156.8610825933834,92.68080568242199,78.43008862215262,78.43008862215262,156.86017724430525,64.17937156188326,True,False
pool12nhydvz643puda5jjc7hxyphk9685n8tlsgeenfvtttckd803e5,,581.187987,0.0,1.434673,340.0,0.075,True,0.17260980844497864,0.17260980844497864,0.08630490422248932,0.08630490422248932,0.17260980844497864,0.0,False,False,0.17260980844497864,0.17260980844497864,0.08630490422248932,0.08630490422248932,0.17260980844497864,0.0,False,False
pool12p0qtp89dfzr6spqq4xl6ha2s9m8lqydnvfafyd0h38fy0hfv3f,PANDA,45059.513161,20.0,41.88023,500.0,0.0,True,13.382442017002619,13.382442017002619,6.69122074969441,6.69122074969441,13.38244149938882,-5.176137989337803e-07,False,True,13.382442017002619,13.382442017002619,6.69122074969441,6.69122074969441,13.38244149938882,-5.176137989337803e-07,False,True
pool12pk63q22re4up2dg86tyjwthuauqu0ryq3jlxs9v29zk68cpugl,0AKN0,189140.724848,5000.0,8007.615571,170.0,0.0,True,56.1748694371546,56.1748694371546,28.08717016416781,28.08717016416781,56.17434032833562,-0.0005291088189807169,False,True,56.1748694371546,56.1748694371546,28.08717016416781,28.08717016416781,56.17434032833562,-0.0005291088189807169,False,True
pool12plmfgtqk4nj0wse5wnr49xth22fjacxm0gxg3wc88ewzztpwf5,AMPLE,3707.804452,100.0,0.0,340.0,0.0199,False,0.0,0.0,0.0,0.0,0.0,0.0,False,False,0.0,0.0,0.0,0.0,0.0,0.0,False,False
pool12pvaxxcv3sgad5jqgfnggn337y76kp02uauptkufjjjes7nxwfm,SVRN,812448.451732,144777.0,144877.264385,170.0,0.016,True,241.4043055948332,183.67168556884158,120.67428567252074,120.67428567252074,241.34857134504148,57.676885776199896,True,False,241.4043055948332,114.94652030983826,120.67428567252074,91.83050710380448,183.66101420760896,68.7144938977707,True,False
pool12pwp8hln0cjsxv0h2a0463qsakkhwetfhyqw7vzmpwd2jdj86n6,KAP,823870.099593,200000.0,248053.793409,340.0,0.01,True,244.829017523868,244.829017523868,122.37847664355648,122.37847664355648,244.75695328711296,-0.0720642367550397,False,True,244.829017523868,193.05278386472114,122.37847664355648,122.37847664355648,244.75695328711296,51.70416942239183,True,False
pool12qj3qpa2ca3jq8nj6p5psjrx7xu7dvjm25xra5s0sxxps4qx7c8,,24.517029,1000.0,24.517029,340.0,0.03,False,0.0,0.0,0.0,0.0,0.0,0.0,False,False,0.0,0.0,0.0,0.0,0.0,0.0,False,False
pool12ql6www8aa8usn98azlkz76d2htxtm9swalvyac27rlq6mdkxc7,IOGP,1.48148,64000000.0,1.48148,500.0,1.0,False,0.0,0.0,0.0,0.0,0.0,0.0,False,False,0.0,0.0,0.0,0.0,0.0,0.0,False,False
pool12qrgswlflndwp3met59zmuclqp4wryn4e9428gm7n8vwymnhvng,VALOR,15586.226058,10000.0,10404.05413,340.0,0.0437,True,4.629092272616168,4.629092272616168,2.314530077811363,2.314530077811363,4.629060155622726,-3.211699344163321e-05,False,True,4.629092272616168,4.629092272616168,2.314530077811363,2.314530077811363,4.629060155622726,-3.211699344163321e-05,False,True
pool12qtv7kyrx8g0d5890alk6dkc6n6nyfx80synspvqafjrqd3ergz,ASAHI,7432589.983611,40000.0,56266.914401,340.0,0.0,True,2207.7805679439,354.13965381759056,1103.805259018106,345.7822327375747,691.5644654751494,337.42481165755885,True,False,2207.7805679439,185.4266043246496,1103.805259018106,177.06918324463373,354.13836648926747,168.71176216461788,True,False
pool12r08n33avu33ncstukwxyr440mgaazmuclay38v0yt34xytu2dq,FALCO,301142.139289,42000.0,176436.507892,340.0,0.02,True,89.45016484819418,89.45016484819418,44.72195238871901,44.72195238871901,89.44390477743802,-0.006260070756155756,False,True,89.45016484819418,89.45016484819418,44.72195238871901,44.72195238871901,89.44390477743802,-0.006260070756155756,False,True
pool12rruj0mjqzaf8ryg7ny0x77y80lpdxd7zh4kgg5zyy0r2rzue0q,INFAR,6058.690105,2500.0,0.0,340.0,0.015,False,0.0,0.0,0.0,0.0,0.0,0.0,False,False,0.0,0.0,0.0,0.0,0.0,0.0,False,False
pool12rs385dd534g8gtdtmnvlhq63whdvc6vnuzxa5cpx843zdy73qy,TERA2,8659698.887615,300.0,800.261266,340.0,0.01,True,2571.888502130232,362.5230760679023,1285.9435046790536,349.54597753941977,699.0919550788395,336.5688790109372,True,False,2571.888502130232,194.23862903028768,1285.9435046790536,181.26153050180514,362.5230610036103,168.2844319733226,True,False
pool12rt30v5khmh2y9nap3ffe6envd89lq9qf8f4usr0enwwzzwktsu,BRAZL,559.966054,0.0,1.698713,340.0,0.0,True,0.16630700475340443,0.16630700475340443,0.08315350237670222,0.08315350237670222,0.16630700475340443,0.0,False,False,0.16630700475340443,0.16630700475340443,0.08315350237670222,0.08315350237670222,0.16630700475340443,0.0,False,False
pool12rv575nj9cfvy0r4th7jtz5x3nt6waht0qe5fdr58ucx77tk7pu,4BIZ,6160.723066,5000.0,5647.630894,340.0,0.01,True,1.8297093708162342,1.8297093708162342,0.9148530171104039,0.9148530171104039,1.8297060342208078,-3.3365954263953057e-06,False,True,1.8297093708162342,1.8297093708162342,0.9148530171104039,0.9148530171104039,1.8297060342208078,-3.3365954263953057e-06,False,True
pool12t3wyzzmg5ms5tzz7w6evedrf7mh07m875r6dfk8xpmgzjc3d9g,,347.887492,100.0,0.0,345.0,0.15,False,0.0,0.0,0.0,0.0,0.0,0.0,False,False,0.0,0.0,0.0,0.0,0.0,0.0,False,False
pool12t3zmafwjqms7cuun86uwc8se4na07r3e5xswe86u37djr5f0lx,NORTH,56274024.656517,10000.0,11005.441921,340.0,0.0,True,16713.739245189943,343.2021920840465,8356.707938675683,341.5678177303869,683.1356354607738,339.93344337672727,True,False,16713.739245189943,173.23543877535727,8356.707938675683,171.60106442169763,343.20212884339526,169.966690068038,True,False
pool12te7g032e9dqjqe5xsr05mrk7xs9ve4w6t275cda7e9quafr3zq,,134.520635,10000.0,0.0,340.0,0.075,False,0.0,0.0,0.0,0.0,0.0,0.0,False,False,0.0,0.0,0.0,0.0,0.0,0.0,False,False
pool12tlu3dm864fzxgcjp9jrsykcmcvxskjtqwy07z982avqx3n9dp2,,41.825743,18308.0,0.0,345.0,0.0,False,0.0,0.0,0.0,0.0,0.0,0.0,False,False,0.0,0.0,0.0,0.0,0.0,0.0,False,False
pool12tvj2j05hh6gtsvw349vuesyn0zphh75u7vadh5rkjs566s2ty5,,1145.957833,4000.0,6.818951,340.0,0.0,False,0.0,0.0,0.0,0.0,0.0,0.0,False,False,0.0,0.0,0.0,0.0,0.0,0.0,False,False
pool12u28yewx8ycf6dj77lzpj6vvhjwp6veh6kxpc63h8fqnqqtlwmu,NOOPS,398101.799172,60000.0,107359.077011,340.0,0.0,True,118.25749810487835,118.25749810487835,59.1229126671237,59.1229126671237,118.2458253342474,-0.011672770630951845,False,True,118.25749810487835,118.25749810487835,59.1229126671237,59.1229126671237,118.2458253342474,-0.011672770630951845,False,True
pool12udshcl3ycj4qpxes28n0ugsye23h89rj8z2a5ast4482m08xe7,QQQ,22941073.963435,0.0,66390.035685,35000.0,0.9999,True,6813.3796136956325,6813.3796136956325,3406.6898068478163,3406.6898068478163,6813.3796136956325,0.0,False,False,6813.3796136956325,6813.3796136956325,3406.6898068478163,3406.6898068478163,6813.3796136956325,0.0,False,False
pool12vs4c3cm0tr49c7alrevfs0xa5g3s4al4fn46h33e69uusat04v,BLOOM,34510916.686131,1000000.0,1000001.0,340.0,0.04,True,10288.586482647637,1014.6864001221633,5134.4733508708705,665.1482983258782,1330.2965966517563,315.61019652959305,True,False,10288.586482647637,856.2153432761302,5134.4733508708705,506.67724147984507,1013.3544829596901,157.13913968355996,True,False
pool12vx0utf438rpxskmvwm870vpz6qnur39jzl7gs3hhhldqekzjea,FELIZ,2039.980436,1200.0,1497.611094,340.0,0.0,True,0.6058647347246686,0.6058647347246686,0.30293207774343117,0.30293207774343117,0.6058641554868623,-5.792378062752235e-07,False,True,0.6058647347246686,0.6058647347246686,0.30293207774343117,0.30293207774343117,0.6058641554868623,-5.792378062752235e-07,False,True
pool12welhs4qhsdskajhxxgf3c6afew73jys05jr2d4hu6asvv9expc,CYPH,701.766282,50.0,700.79267,340.0,0.02,True,0.20842097219014927,0.20842097219014927,0.10421047673208923,0.10421047673208923,0.20842095346417847,-1.872597080176952e-08,False,True,0.20842097219014927,0.20842097219014927,0.10421047673208923,0.10421047673208923,0.20842095346417847,-1.872597080176952e-08,False,True
pool12wpfng6cu7dz38yduaul3ngfm44xhv5xmech68m5fwe4wu77udd,APEX,3090889.533082,50000.0,50901.773447,200.0,0.02,True,918.1529612804646,225.95330008192403,459.03275366063764,209.36117394101527,418.72234788203053,192.7690478001065,True,False,918.1529612804646,129.56719593436878,459.03275366063764,112.97506979346004,225.95013958692007,96.38294365255129,True,False
pool12x6z2am9fxpw7s8wfjpsdd4jm2v5wdj62fshv00ztpxr6jy3ztp,MIAS,593.799895,100.0,496.175032,345.0,0.01,True,0.1763555362558604,0.1763555362558604,0.08817775394049131,0.08817775394049131,0.17635550788098261,-2.8374877780734664e-08,False,True,0.1763555362558604,0.1763555362558604,0.08817775394049131,0.08817775394049131,0.17635550788098261,-2.8374877780734664e-08,False,True
pool12xxugucen5pql0ay70uakgqjaxpwfj6c9py8euyu4q3p23s0fyg,BNP,59154.059521,2.0,29766.23906,345.0,0.06,True,17.56844805823752,17.56844805823752,8.784223995128704,8.784223995128704,17.568447990257408,-6.798011398245762e-08,False,True,17.56844805823752,17.56844805823752,8.784223995128704,8.784223995128704,17.568447990257408,-6.798011398245762e-08,False,True
pool12xyhj4ktuhy0gage20p3e6z6r3s0tun7lmsk89lxv4y5wh93t0g,,568.163192,0.0,1.434673,340.0,0.075,True,0.16874151209289812,0.16874151209289812,0.08437075604644906,0.08437075604644906,0.16874151209289812,0.0,False,False,0.16874151209289812,0.16874151209289812,0.08437075604644906,0.08437075604644906,0.16874151209289812,0.0,False,False
pool12yfqjghmn47qajajqduf2rd83qxtdhva8j0qdctmla4v5w3mhq4,,2816.791026,31544.0,0.0,340.0,0.005,False,0.0,0.0,0.0,0.0,0.0,0.0,False,False,0.0,0.0,0.0,0.0,0.0,0.0,False,False
pool12yscr8j3zs34ewxrwlk0p2w5uvgcnrzywpp78ddjsj8kxd530f9,GERO,1019436.482155,50000.0,122289.707901,340.0,0.01,True,302.823075170097,302.823075170097,151.3975969376902,151.3975969376902,302.7951938753804,-0.027881294716621596,False,True,302.823075170097,187.10210817898354,151.3975969376902,151.3975969376902,302.7951938753804,115.69308569639685,True,False
pool12z39rkzfylvn9wfe8j6x9ucq6g2l4mw4azj70y0gd8ejczznyj3,BRAVO,52078500.731109,310000.0,403635.522568,340.0,0.015,True,15485.561288667386,682.8086228712466,7738.141991884253,507.4514941840713,1014.9029883681426,332.094365496896,True,False,15485.561288667386,516.6564476416444,7738.141991884253,341.2993189544691,682.5986379089381,165.94219026729377,True,False
pool12zcqkql458zh0pxvpw9qad8mceccdatk2lm0cpxfql557lhve8y,,923.691183,2.0,13.611314,340.0,0.0,True,0.27433147786516365,0.27433147786516365,0.13716573840295807,0.13716573840295807,0.27433147680591613,-1.059247523027551e-09,False,True,0.27433147786516365,0.27433147786516365,0.13716573840295807,0.13716573840295807,0.27433147680591613,-1.059247523027551e-09,False,True
pool12zgtcv0cu5caet8y2tna9l0jhthr46zpwh49dh0g4ew05st2t2w,PAL,218.615274,100.0,218.615274,340.0,0.015,True,0.06492761263995782,0.06492761263995782,0.03246380291202145,0.03246380291202145,0.0649276058240429,-6.815914915803134e-09,False,True,0.06492761263995782,0.06492761263995782,0.03246380291202145,0.03246380291202145,0.0649276058240429,-6.815914915803134e-09,False,True
pool130c3kgpkjctag540j7sxqfrlhsmpc6d8u0n7j6crm9ayy75mkpt,TOIRO,17676307.036279,100.0,18961.83144,20000.0,0.9999,True,5249.773258284554,5249.773258284554,2624.8861212847196,2624.8861212847196,5249.772242569439,-0.0010157151145904209,False,True,5249.773258284554,5249.773258284554,2624.8861212847196,2624.8861212847196,5249.772242569439,-0.0010157151145904209,False,True
pool130hx49xrg3cjtdqnqegmn03z8fgu6juenyctws0feh6ekdy0fam,RAVEN,17826.954257,1500.0,2004.921768,340.0,0.05,True,5.294540813710601,5.294540813710601,2.6472633702661126,2.6472633702661126,5.294526740532225,-1.4073178375539896e-05,False,True,5.294540813710601,5.294540813710601,2.6472633702661126,2.6472633702661126,5.294526740532225,-1.4073178375539896e-05,False,True
pool130sxcuaxh2yc4chs68c4jsep4v7zfhgdqutm60ngdvt9sa2ga06,,3074.969867,600.0,664.824015,340.0,0.02,True,0.9132517592541722,0.9132517592541722,0.45662545296954143,0.45662545296954143,0.9132509059390829,-8.533150893663688e-07,False,True,0.9132517592541722,0.9132517592541722,0.45662545296954143,0.45662545296954143,0.9132509059390829,-8.533150893663688e-07,False,True
pool130u9tm5kzsjkzlt4zq989s33fne5n9qahkdcmamh688wzrk78g6,HAUS,697.439961,500.0,697.439961,340.0,0.02,True,0.20713615336524213,0.20713615336524213,0.10356804831833208,0.10356804831833208,0.20713609663666416,-5.6728577974007877e-08,False,True,0.20713615336524213,0.20713615336524213,0.10356804831833208,0.10356804831833208,0.20713609663666416,-5.6728577974007877e-08,False,True
pool1329xugchyesx3zzm96nylqlpz78cauzhgvlxawtll0pt7gnyul7,,627.115849,500.0,602.759604,340.0,1.0,True,0.1862502175601018,0.1862502175601018,0.0931250905182992,0.0931250905182992,0.1862501810365984,-3.652350338834154e-08,False,True,0.1862502175601018,0.1862502175601018,0.0931250905182992,0.0931250905182992,0.1862501810365984,-3.652350338834154e-08,False,True
pool133p3wvahj3gzh6cv9ac0ka9pgmltrzs6lt269aumqlkpzhkd9re,AVI8,489186.7363,20000.0,20497.799123,340.0,0.0189,True,145.29670272877271,145.29670272877271,72.64565422802768,72.64565422802768,145.29130845605536,-0.005394272717353488,False,True,145.29670272877271,145.29670272877271,72.64565422802768,72.64565422802768,145.29130845605536,-0.005394272717353488,False,True
pool134d4ndkh0q43mykqh922k0khrrkm7rlpkj834ju6kwja6dmu2f6,BNP,130330.213471,2.0,1778.854109,345.0,0.06,True,38.70739564326508,38.70739564326508,19.353697746743123,19.353697746743123,38.707395493486246,-1.4977883466826825e-07,False,True,38.70739564326508,38.70739564326508,19.353697746743123,19.353697746743123,38.707395493486246,-1.4977883466826825e-07,False,True
pool135h773klt7djljmyawkh88e8qc457wxqfhc6j9h6y9n4y3sgh7t,KTOP,18545521.310514,10000.0,11759.039354,170.0,0.01,True,5508.136389854333,226.73223450961817,2754.0149300574817,197.46219472155076,394.9243894431015,168.19215493348335,True,False,5508.136389854333,142.63559095859964,2754.0149300574817,113.36555117053221,226.73110234106443,84.09551138246479,True,False
pool135y07cyqvw5tk55y336jtm28rae5rsgrsr6e4cwrzlvqz305cng,EPIK,5975.964296,500.0,504.95076,170.0,0.015,True,1.7748334519344897,1.7748334519344897,0.8874159393070109,0.8874159393070109,1.7748318786140218,-1.5733204679069246e-06,False,True,1.7748334519344897,1.7748334519344897,0.8874159393070109,0.8874159393070109,1.7748318786140218,-1.5733204679069246e-06,False,True
pool13682rvnneuwl5j7tfh0zfp2t808zujjdrw499qkahuxd6zqxz00,,1.0,761.705955,1.0,345.0,0.0,False,0.0,0.0,0.0,0.0,0.0,0.0,False,False,0.0,0.0,0.0,0.0,0.0,0.0,False,False
pool136903m0kag2amlga2ypcz8wnf7d552qgy5t6vz2pqlzuq2kyshy,DEEP,91584.159948,200.0,6705.413096,340.0,0.03,True,27.200040032536013,27.200040032536013,13.600014765115837,13.600014765115837,27.200029530231674,-1.0502304338189106e-05,False,True,27.200040032536013,27.200040032536013,13.600014765115837,13.600014765115837,27.200029530231674,-1.0502304338189106e-05,False,True
pool136ahugdvaenv8ed0d3m9af4dxxtzu7u3vpfq4mxk7qq6xuvd0ca,BLOXB,4781.241977,50000.0,13.779249,340.0,0.01,False,0.0,0.0,0.0,0.0,0.0,0.0,False,False,0.0,0.0,0.0,0.0,0.0,0.0,False,False
pool136mu955m4fl6stzq9rjrsww92xftwnjr85997zykeqylc9h3k8u,ODA,126.675531,100.0,3.092547,340.0,0.0,False,0.0,0.0,0.0,0.0,0.0,0.0,False,False,0.0,0.0,0.0,0.0,0.0,0.0,False,False
pool136q98jnwt093qle4ph86vdpuwplg7gyvt20h2nq4m6ksv8xjcuj,PNR39,42761790.124559,500.0,102754.586429,340.0,0.01,True,12700.053765829556,493.0041638197835,6350.020739964428,414.39758881955777,828.7951776391155,335.791013819332,True,False,12700.053765829556,325.1085808670032,6350.020739964428,246.50200586677744,493.0040117335549,167.8954308665517,True,False
pool136wr0g23dw9daekuyqtgk366vywms6meespgpm3hdguxqczaaug,DAVID,3493138.296973,100.0,2354.191915,340.0,0.05,True,1037.4443022028338,375.31875392937195,518.7220507424487,349.0505293569515,698.101058713903,322.782304784531,True,False,1037.4443022028338,213.9275964549032,518.7220507424487,187.65937188248273,375.31874376496546,161.39114731006225,True,False
pool137cuaqqktk0rhh3a9zj4rchr75qm07pgzgekprle5qyq2xk2nzq,PDT1,250714.992444,100000.0,100010.667769,340.0,0.01,True,74.47840636867626,74.47840636867626,37.234859042473175,37.234859042473175,74.46971808494635,-0.00868828372991004,False,True,74.47840636867626,74.47840636867626,37.234859042473175,37.234859042473175,74.46971808494635,-0.00868828372991004,False,True
pool137j9xuzycq4jxfpsmjnc75w2wnpz68khlwvsh69kt5negg6ldhg,WHITE,1935369.108658,50.0,3855.913706,170.0,0.01,True,574.7946675098189,174.84637048303662,287.3973059529754,171.4055294795718,342.8110589591436,167.964688476107,True,False,574.7946675098189,90.86402591212679,287.3973059529754,87.42318490866198,174.84636981732396,83.98234390519717,True,False
pool13846y7q7tng3endxhet9qdcz5w0fjs09ytcye4dm5g54wmyqeqr,BSP,20960752.599167,40000.0,446732.118753,170.0,0.023,True,6226.19668990253,435.39825991161626,3112.8577281694334,298.9636648568278,597.9273297136556,162.52906980203932,True,False,6226.19668990253,354.1231805586124,3112.8577281694334,217.68858550382393,435.37717100764786,81.25399044903548,True,False
pool138e249zh9l93azsf2pf7wyhxyayzcxdhsrg3vqpfx665c8xa348,LGND,53.69474,500.0,0.0,340.0,0.01,False,0.0,0.0,0.0,0.0,0.0,0.0,False,False,0.0,0.0,0.0,0.0,0.0,0.0,False,False
pool138m7hevnvp664cmtralju857t5k7e4frpnaevtgpuykggr50kne,ITC,32928515.843938,10000.0,100005.261958,340.0,0.0399,True,9779.976254106117,744.1807331758827,4889.893530286811,534.8076195788761,1069.6152391577523,325.4345059818696,True,False,9779.976254106117,581.4594299427324,4889.893530286811,372.0863163457258,744.1726326914516,162.71320274871914,True,False
pool138s0uwydwtrhkaqj4uwkh37yqw098v9v6nf5q08k9nugumlf8mw,AURA,10480040.250779,5.0,2297.150535,340.0,0.0,True,3112.517491147134,340.6077161810149,1556.2587305184272,340.2665952922558,680.5331905845115,339.92547440349665,True,False,3112.517491147134,170.64497897596652,1556.2587305184272,170.30385808720746,340.6077161744149,169.9627371984484,True,False
pool1398lzhvtaa0hgz305d2jz4urfkwkkt66yv476wqe6att2f7dphh,,18912005.691681,0.0,4.058491,340.0,0.99,True,5616.767298652722,5563.999636990067,2808.383649326361,2783.6998181302156,5567.399636260431,3.399999270363878,True,False,5616.767298652722,5562.299637354885,2808.383649326361,2781.9998184950337,5563.999636990067,1.6999996351823938,True,False
pool139ffqrvyqu9sgsekk3pu9t7jxx872w655vses7d4q4sxxyd257a,ADATH,63872.292381,0.0,353.771868,340.0,0.01,True,18.96973853457518,18.96973853457518,9.48486926728759,9.48486926728759,18.96973853457518,0.0,False,False,18.96973853457518,18.96973853457518,9.48486926728759,9.48486926728759,18.96973853457518,0.0,False,False
pool139gdv4lxw53enk4rms0ryr4ey07k56jufmfrclqqehjdzglheu6,BLC3,19581426.80388,1000.0,6579.613903,170.0,0.0,True,5815.604389204461,171.89699644985458,2907.796568824663,170.91993522986053,341.83987045972106,169.94287400986647,True,False,5815.604389204461,86.92555755458694,2907.796568824663,85.9484963345929,171.8969926691858,84.97143511459886,True,False
pool139l6650n4u0gg9fmnd3aczp62q5xwngp299pwwhe2mj7sm5vqs6,,1.231208,0.0,1.231208,340.0,0.0,True,0.00036566237050581927,0.00036566237050581927,0.00018283118525290964,0.00018283118525290964,0.00036566237050581927,0.0,False,False,0.00036566237050581927,0.00036566237050581927,0.00018283118525290964,0.00018283118525290964,0.00036566237050581927,0.0,False,False
pool13am73gpq93hrngwpnlz34cwcytuykpytxtkz9srmrq3x6x8qlsu,,465.409359,24.88413,117.700906,340.0,0.0,True,0.13822417087805414,0.13822417087805414,0.06911208228949911,0.06911208228949911,0.13822416457899822,-6.299055915759411e-09,False,True,0.13822417087805414,0.13822417087805414,0.06911208228949911,0.06911208228949911,0.13822416457899822,-6.299055915759411e-09,False,True
pool13annzt9hjfc822f0ejvxjf7fsmxd6cc28whpk5kagec6ggfmm7u,STSH3,16758143.160966,1000.0,45828.235923,345.0,0.1,True,4977.100591018975,819.6106598127727,2488.5454809075873,564.6302768132329,1129.2605536264657,309.649893813693,True,False,4977.100591018975,664.7852195959603,2488.5454809075873,409.80483659642044,819.6096731928409,154.82445359688063,True,False
pool13c9mnvfx4nvwvkszxcprwlv60fh3tteef50hhhv9yxptsua2v70,DARK,70799993.254874,68000000.0,70745801.422583,340.0,1.0,True,26098.985120202076,26098.985120202076,11174.936184844717,11174.936184844717,22349.872369689434,-3749.1127505126424,False,True,26098.985120202076,26098.985120202076,11174.936184844717,11174.936184844717,22349.872369689434,-3749.1127505126424,False,True
pool13crd2ljx87988umk22er6ynwadfwdqupdpcq6prc6v59z62kxse,BLOOM,37232766.498327,1000000.0,1000001.0,340.0,0.04,True,11100.130131517131,1047.841888791723,5539.448028009601,682.0392753467376,1364.078550693475,316.2366619017521,True,False,11100.130131517131,889.0251291079464,5539.448028009601,523.2225156629611,1046.4450313259222,157.41990221797573,True,False
pool13daql23lkcwwj0gsz0dnu9tu20pugpswfped3kp05ekxkgmcumt,LAPO,932250.161903,20000.0,30346.736649,170.0,0.0,True,276.8944214278051,173.47964204124682,138.44196665394492,138.44196665394492,276.88393330788983,103.40429126664301,True,False,276.8944214278051,91.2465738376431,138.44196665394492,86.73965031525589,173.47930063051177,82.23272679286868,True,False
pool13ds97sp5wtfpu7x720pj843ax2chfrcj25d88a39l8czjmg4gkf,,103.0,2.0,3.0,340.0,0.069,True,0.030590464363390114,0.030590464363390114,0.015295232123658268,0.015295232123658268,0.030590464247316537,-1.1607357783272043e-10,False,True,0.030590464363390114,0.030590464363390114,0.015295232123658268,0.015295232123658268,0.030590464247316537,-1.1607357783272043e-10,False,True
pool13ehs4gzc9t6tjr5rpynqtyp8act4jfqth54huymasuslj05fu8z,,8.317875,100.0,0.0,345.0,1.0,False,0.0,0.0,0.0,0.0,0.0,0.0,False,False,0.0,0.0,0.0,0.0,0.0,0.0,False,False
pool13ew2l5glvzj6l8r0qkjqchxjyg7tzmv604zh4y68kvhf5x5skgu,ADALV,56134.476858,1130.0,4536.289075,340.0,0.05,True,16.671719013424344,16.671719013424344,8.33584164849205,8.33584164849205,16.6716832969841,-3.571644024447096e-05,False,True,16.671719013424344,16.671719013424344,8.33584164849205,8.33584164849205,16.6716832969841,-3.571644024447096e-05,False,True
pool13fpvzhz7p0f4c960k44erfykflr7qdp86t6jnxlfamhqcmfha42,CET,6152364.6163,2.0,79744.585899,340.0,0.1,True,1827.2202968329052,506.0711298581379,913.6101448811717,404.0524373298068,808.1048746596136,302.03374480147573,True,False,1827.2202968329052,355.0542570626313,913.6101448811717,253.0355645343002,506.0711290686004,151.0168720059691,True,False
pool13ft2syyqvrd0x89hcyskvz3dymqz6xavq646x2gy79lq6lrthrx,VKP,4259.437485,1000.0,3904.69255,340.0,0.03,True,1.2650345188058871,1.2650345188058871,0.6325163229075701,0.6325163229075701,1.2650326458151402,-1.8729907469428042e-06,False,True,1.2650345188058871,1.2650345188058871,0.6325163229075701,0.6325163229075701,1.2650326458151402,-1.8729907469428042e-06,False,True
pool13gyxktxqh8umjn3dh2uk9nucacnegl0ppcsfg236hkfhcg8asxf,OGER,1355.451757,50.0,0.0,345.0,0.15,False,0.0,0.0,0.0,0.0,0.0,0.0,False,False,0.0,0.0,0.0,0.0,0.0,0.0,False,False
pool13h08lf24fjmxxg0mmuattjv8dvy0r6fc4hrqg4qmj38xsweexrv,qzsbu,31536955.814483,2.0,9.820727,170.0,0.1,True,9366.31187492937,1089.6337648825233,4683.1559193428675,621.3168568066862,1242.6337136133725,152.99994873084916,True,False,9366.31187492937,1013.1337887049118,4683.1559193428675,544.8168806290748,1089.6337612581497,76.49997255323785,True,False
pool13hxlxd6qa68fmfhrvvmasa0mjg30tj9p5v2lmgmgsmrp2rgzkfp,dtDn,56101418.142367,275000.0,278116.782153,170.0,0.01,True,16679.53569430355,416.12117239003544,8335.33339074831,291.7273134931281,583.4546269862562,167.3334545962208,True,False,16679.53569430355,332.3883370178312,8335.33339074831,207.9944781209239,415.9889562418478,83.60061922401661,True,False
pool13k6tphjfsgqdq7h27p4x86ruchcdg2x073luw8pndh3ajxvwvja,BLC,70916264.203142,1000.0,10244.077826,340.0,0.01,True,21061.843018663592,550.1818323513853,10530.901134214018,443.36639804537293,886.7327960907459,336.55096373936055,True,False,21061.843018663592,381.9061438167098,10530.901134214018,275.0907095106974,550.1814190213948,168.27527520468504,True,False
pool13l9hxj5dke9yd8xrxtfdkxgppj4wdyy52k99jded9f4kv5ce7al,TOOL,662088.992745,2000.0,2001.678808,340.0,0.0,True,196.63850349991952,196.63850349991952,98.31887243380247,98.31887243380247,196.63774486760494,-0.0007586323145858387,False,True,196.63850349991952,170.0805355904069,98.31887243380247,98.31887243380247,196.63774486760494,26.55720927719804,True,False
pool13lswc5y4zycu9u63ktssp6rnczt97fy54cqk4s2ehwjawg5tlh6,XMOO,250.0,200.0,250.0,340.0,0.004,True,0.0742487108402586,0.0742487108402586,0.03712435254696539,0.03712435254696539,0.07424870509393078,-5.74632781635831e-09,False,True,0.0742487108402586,0.0742487108402586,0.03712435254696539,0.03712435254696539,0.07424870509393078,-5.74632781635831e-09,False,True
pool13lz5g3f0kef09j5jvlw4t0dq7ejugl5q8sh0r8yyaxhdu04z560,ADACP,5433.939462,5000.0,3100.645989,340.0,0.02,False,0.0,0.0,0.0,0.0,0.0,0.0,False,False,0.0,0.0,0.0,0.0,0.0,0.0,False,False
pool13mas2wthxs28zftxskcsd8t87jk2w9ntc0u5uflt45sh7lcvs8h,EMUR3,35497311.503566,500.0,1575.286216,170.0,0.015,True,10542.53723528489,326.04146242173715,5271.26351828389,246.74193898131725,493.4838779626345,167.44241554089734,True,False,10542.53723528489,242.32017793800716,5271.26351828389,163.02065449758732,326.04130899517463,83.72113105716747,True,False
pool13mjxg33urh0xquvw33kjn85yw7j42uwqw0pvh8s6c67rszr7ssz,MIHOP,602945.944189,30000.0,87137.804783,340.0,0.01,True,179.09157020512527,179.09157020512527,89.54084367876538,89.54084367876538,179.08168735753077,-0.00988284759449698,False,True,179.09157020512527,171.39169114065714,89.54084367876538,89.54084367876538,179.08168735753077,7.689996216873624,True,False
pool13mxx49xrq4hp6mca8qrzxxmjhfrts0ayh5n6ff9uyuusq9cx4d8,UPBIT,30976030.96362,200000.0,30756108.978515,340.0,1.0,True,9206.812236719534,9206.812236719534,4601.630773299528,4601.630773299528,9203.261546599057,-3.5506901204771566,False,True,9206.812236719534,9206.812236719534,4601.630773299528,4601.630773299528,9203.261546599057,-3.5506901204771566,False,True
pool13nn6lk6dx5ww95h5qqeeazyp074j7en8e6qszq62rtj9wcx522z,MERIA,926890.011982,1.0,353.456398,170.0,0.02,True,275.28151237728633,172.1449749110836,137.6407559223379,137.6407559223379,275.2815118446758,103.13653693359217,True,False,275.28151237728633,88.87674018805583,137.6407559223379,86.07248745011617,172.14497490023234,83.26823471217651,True,False
pool13p725l7vqedxvkrstaq7myguewcktjglapwls3re7wakxdv90fw,ANCO,104496.694539,100000.0,102235.651226,340.0,0.015,True,31.035506892407934,31.035506892407934,15.51761844248186,15.51761844248186,31.03523688496372,-0.00027000744421457057,False,True,31.035506892407934,31.035506892407934,15.51761844248186,15.51761844248186,31.03523688496372,-0.00027000744421457057,False,True
pool13p8rkc9nv8umw98qdvjqv0tmwgjmzlmyedrd3m50pjpp58ek53a,,116.330953,40.0,116.330953,340.0,0.02,True,0.03454969132541931,0.03454969132541931,0.017274844785480234,0.017274844785480234,0.03454968957096047,-1.7544588420959073e-09,False,True,0.03454969132541931,0.03454969132541931,0.017274844785480234,0.017274844785480234,0.03454968957096047,-1.7544588420959073e-09,False,True
pool13pclvkwxee4znt7qc55k8ny89zvdkvfrt04dtd99zjm5vs2tws5,CCJ2,26155186.999046,100000.0,100498.518417,170.0,0.048,True,7770.952715622245,562.6497002145567,3884.726310137241,361.8951777001165,723.790355400233,161.14065518567634,True,False,7770.952715622245,482.0406266900814,3884.726310137241,281.2861041756413,562.5722083512826,80.53158166120119,True,False
pool13pt7us94nw782t5v4d89sz8zqn8hcn8r8r7hhph5mvxvvp3c76v,DIGI6,11158119.741553,215000.0,215031.159881,250.0,0.04,True,3316.6150637651253,429.3982724672048,1657.628688194673,332.3468709591988,664.6937419183976,235.2954694511928,True,False,3316.6150637651253,311.7108251000311,1657.628688194673,214.65942359202515,429.3188471840503,117.60802208401918,True,False
pool13q8kl9s0kufpl0vjmnrk2f2nz9nle3k9l3pnzh4negaf7kmd80p,,1034.088522,1000.0,1016.464205,340.0,0.05,True,0.30711895026678243,0.30711895026678243,0.15355946533364126,0.15355946533364126,0.3071189306672825,-1.9599499911926443e-08,False,True,0.30711895026678243,0.30711895026678243,0.15355946533364126,0.15355946533364126,0.3071189306672825,-1.9599499911926443e-08,False,True
pool13q9w8c2namcec725euu7pfjnzz2fj9h5k2wjtafysnwnqdcrwg7,BLOX,214979.902838,50000.0,51732.150217,170.0,0.0,True,63.857400756021185,63.857400756021185,31.926327364748808,31.926327364748808,63.852654729497615,-0.004746026523569924,False,True,63.857400756021185,63.857400756021185,31.926327364748808,31.926327364748808,63.852654729497615,-0.004746026523569924,False,True
pool13qdkwy5y88ncr5qpjrh8hgtf94d0zw4wuhgezjg3hvlyyrh37c7,SECUR,37140751.104413,100000.0,104328.204817,170.0,0.0,True,11034.872238400663,200.51937783949984,5516.36983369877,185.01792910621242,370.03585821242484,169.516480372925,True,False,11034.872238400663,115.75814246180151,5516.36983369877,100.2566937285141,200.5133874570282,84.75524499522668,True,False
pool13qe6ycacqjg3gpvjewg8734d6hs6rhduuenjtnnkwh327hmtyz5,TDOT,429401.074107,50000.0,142667.388216,340.0,0.0,True,127.55170212459953,127.55170212459953,63.77039479294242,63.77039479294242,127.54078958588484,-0.010912538714691777,False,True,127.55170212459953,127.55170212459953,63.77039479294242,63.77039479294242,127.54078958588484,-0.010912538714691777,False,True
pool13qppafmw3vq5rl4ewmxv7zy84x3rshx9sdczs0zq40cxu0dqkrg,CIEL,10711.296799,10000.0,10255.683938,170.0,0.0,True,3.1812076130197595,3.1812076130197595,1.5906017569228759,1.5906017569228759,3.1812035138457517,-4.099174007787809e-06,False,True,3.1812076130197595,3.1812076130197595,1.5906017569228759,1.5906017569228759,3.1812035138457517,-4.099174007787809e-06,False,True
pool13r4e7tttcxp4qfs4gqtv0hz5k48qdhhxrskz8pjrj6fqy5qmee0,SOLCY,1764211.943119,23000.0,41356.674754,170.0,0.0,True,524.0078071880937,178.29865470492805,261.99239221794727,172.15648661695033,344.31297323390066,166.0143185289726,True,False,524.0078071880937,95.29122559064326,261.99239221794727,89.14905750266554,178.29811500533108,83.00688941468782,True,False
pool13rcsycq8h085yfu7m3s48gqf9gsxg26fp89q27e3l788k8xa4ea,,7222.36405,345.0,246.637145,345.0,0.15,False,0.0,0.0,0.0,0.0,0.0,0.0,False,False,0.0,0.0,0.0,0.0,0.0,0.0,False,False
pool13rt3ngkek4l876980ect869cu978d36dcyh22ts4nwuf7ncq02u,EVE8,44150871.670926,10.0,12.713321,400.0,0.04,True,13112.57969393073,908.5067019424822,6556.289720115132,646.2532906104597,1292.5065812209193,383.9998792784371,True,False,13112.57969393073,716.5067572292193,6556.289720115132,454.2533458971967,908.5066917943934,191.99993456517416,True,False
pool13s5faca3kkg6jhqcll8xd9tarur3zkhalyuu92d5g87zyj4wrrc,TZD,70023902.720119,0.0,0.0,340.0,0.05,True,20796.734800868413,1362.8367400434208,10398.367400434207,842.9183700217104,1685.8367400434208,323.0,True,False,20796.734800868413,1201.3367400434206,10398.367400434207,681.4183700217104,1362.8367400434208,161.50000000000023,True,False
pool13s6u5zjngelr5uddhqygqqf5tcup0g3ajenma6amy9zuu7e97gm,CTL,275294.947206,200000.0,214845.962093,340.0,0.01,True,81.77863674583854,81.77863674583854,40.88493054917234,40.88493054917234,81.76986109834468,-0.008775647493862948,False,True,81.77863674583854,81.77863674583854,40.88493054917234,40.88493054917234,81.76986109834468,-0.008775647493862948,False,True
pool13ss25l908k5vqfw0aq2t66xr3hrvlqlsf4tfsmp59kyfxhfmah3,,10573.027034,2000.0,10573.027034,345.0,0.15,True,3.1401537273844764,3.1401537273844764,1.570071937210082,1.570071937210082,3.140143874420164,-9.852964312440093e-06,False,True,3.1401537273844764,3.1401537273844764,1.570071937210082,1.570071937210082,3.140143874420164,-9.852964312440093e-06,False,True
pool13t8yafhx3mfnxs8nnkvgqnm9v5gspk7cdjc5dmpzpt0a6h294yn,UPBIT,31653205.292893,200000.0,31229872.593678,340.0,1.0,True,9408.085538582789,9408.085538582789,4702.228361754668,4702.228361754668,9404.456723509336,-3.6288150734526425,False,True,9408.085538582789,9408.085538582789,4702.228361754668,4702.228361754668,9404.456723509336,-3.6288150734526425,False,True
pool13u45a953lme8y835e5upndqp50r887dha7gt26v6hcaeup4aavx,QET,14613.990813,1729.0,1729.423021,340.0,0.0199,True,4.340304844238453,4.340304844238453,2.1701460211228145,2.1701460211228145,4.340292042245629,-1.2801992824051922e-05,False,True,4.340304844238453,4.340304844238453,2.1701460211228145,2.1701460211228145,4.340292042245629,-1.2801992824051922e-05,False,True
pool13ucz6778ywff5pmcag4pcknq9gm6j04qtgh65cu9c5mt73t5ulv,GLOBE,2761.946533,50116.0,534.218731,340.0,0.02,False,0.0,0.0,0.0,0.0,0.0,0.0,False,False,0.0,0.0,0.0,0.0,0.0,0.0,False,False
pool13vc4ekwpky5vtnl8pyj60phkmwtv7gsthn4g525udt7mjycs85v,ANTRX,21198.916526,5000.0,7087.186208,340.0,0.02,True,6.296061008881729,6.296061008881729,3.148007230873896,3.148007230873896,6.296014461747792,-4.654713393748011e-05,False,True,6.296061008881729,6.296061008881729,3.148007230873896,3.148007230873896,6.296014461747792,-4.654713393748011e-05,False,True
pool13w9mcp8af4ef8vwsw624ams38w7hs0chvtjknz2t3pcxkm8w9m2,,9.630058,5.0,9.630058,420.0,0.9999,True,0.00286007715117609,0.00286007715117609,0.0014300385689367144,0.0014300385689367144,0.0028600771378734288,-1.3302661056036058e-11,False,True,0.00286007715117609,0.00286007715117609,0.0014300385689367144,0.0014300385689367144,0.0028600771378734288,-1.3302661056036058e-11,False,True
pool13ws3wf9skw0ngg3aze482tdxqsnfmvf4vgy46cux599mxm8n27g,8BALL,1201228.773601,808000.0,904013.512889,170.0,0.0,True,357.13546924637666,310.83328393175907,178.47208821411337,176.37587310282836,352.75174620565673,41.91846227389766,True,False,357.13546924637666,289.80207179654974,178.47208821411337,155.344660967619,310.689321935238,20.887250138688273,True,False
pool13wtywenpwvg5snncx5zvxevvry85cp3c9nq0xlxlck9l7qh2spx,0BoB,334174.798509,50000.0,321203.624,340.0,0.0,True,99.26451826001248,99.26451826001248,49.62817216104474,49.62817216104474,99.25634432208948,-0.00817393792300436,False,True,99.26451826001248,99.26451826001248,49.62817216104474,49.62817216104474,99.25634432208948,-0.00817393792300436,False,True
pool13wzpwavanfpkr4r4j30plrlc6dn6p822lkt22zdllmy7q8y7s90,CARBO,39136.235253,50.0,89.271685,340.0,0.0,True,11.623260505581035,11.623260505581035,5.811629691295035,5.811629691295035,11.62325938259007,-1.122990964219639e-06,False,True,11.623260505581035,11.623260505581035,5.811629691295035,5.811629691295035,11.62325938259007,-1.122990964219639e-06,False,True
pool13xh3tgwzhr3hn25v5m2dnvqnfcmnzghcfah5t7kzufkywuy7w7v,,66808.431699,100000.0,0.0,340.0,0.01,False,0.0,0.0,0.0,0.0,0.0,0.0,False,False,0.0,0.0,0.0,0.0,0.0,0.0,False,False
pool13xlhhdl2phz8sup0hwcuhp6c4kscrtxs6d05n99hnmuakfkd6ws,,39.624703,0.0,17.623942,340.0,0.0,True,0.011768330639151992,0.011768330639151992,0.005884165319575996,0.005884165319575996,0.011768330639151992,0.0,False,False,0.011768330639151992,0.011768330639151992,0.005884165319575996,0.005884165319575996,0.011768330639151992,0.0,False,False
pool13xzckaj3srgldr67dksx874jxe3c9xnc245xyr44p7cdxh07hft,LGC,2981058.509009,5000.0,6603.172999,240.0,0.055,True,885.3759700746554,276.846589469316,442.68370935381375,251.57186473771907,503.14372947543814,226.29714000612216,True,False,885.3759700746554,163.69777535373376,442.68370935381375,138.42305062213686,276.8461012442737,113.14832589053995,True,False
pool13y37atzdckzr0gvj8mtnma49602jjtcw2dhr9zmpy4rase88j6p,BKRY,2848.83841,2000.0,2848.83841,170.0,0.0,True,0.8460921375894966,0.8460921375894966,0.4230455809704636,0.4230455809704636,0.8460911619409272,-9.756485694900618e-07,False,True,0.8460921375894966,0.8460921375894966,0.4230455809704636,0.4230455809704636,0.8460911619409272,-9.756485694900618e-07,False,True
pool13z5t8wlhtf7ccc0hud8pnvpjeekjdsyn7sq69fcxf3k6kpnlm74,BTV2,45738955.779991,2.0,9.820727,170.0,0.02,True,13584.232009871372,438.2874627970708,6792.115978653092,302.4437129873241,604.8874259746482,166.59996317757737,True,False,13584.232009871372,354.9874806826247,6792.115978653092,219.143730872878,438.287461745756,83.29998106313127,True,False
pool13z9mfsve9w39sl5akgz58yewad9daycxn8ja426ytdxey47yatu,UPBIT,31655449.726951,200000.0,31239798.733335,340.0,1.0,True,9408.752641032099,9408.752641032099,4702.56178351022,4702.56178351022,9405.12356702044,-3.629074011658304,False,True,9408.752641032099,9408.752641032099,4702.56178351022,4702.56178351022,9405.12356702044,-3.629074011658304,False,True
pool13zagy9a4nnhgme5wcnl0w3xzt523yn76jxh52360rryexc9f9dc,,101.0,100.0,101.0,170.0,0.0,True,0.029996474651400845,0.029996474651400845,0.014998237296963726,0.014998237296963726,0.02999647459392745,-5.747339409944985e-11,False,True,0.029996474651400845,0.029996474651400845,0.014998237296963726,0.014998237296963726,0.02999647459392745,-5.747339409944985e-11,False,True
pool13zdrhek6m4n947grhrm0772zt09lrm2vzkffsla25e7yq6xqjkg,FPOOL,128671.768165,50000.0,50796.680345,340.0,0.01,True,38.21937113475175,38.21937113475175,19.108553616648877,19.108553616648877,38.21710723329775,-0.002263901454000461,False,True,38.21937113475175,38.21937113475175,19.108553616648877,19.108553616648877,38.21710723329775,-0.002263901454000461,False,True
pool13zh79cqv3y36cgknzagwegp8y0kuzel2j046jmup97hhjwk5myw,,3567.253335,100.0,1215.456696,340.0,0.015,True,1.0594560799419586,1.0594560799419586,0.529727940352837,0.529727940352837,1.059455880705674,-1.9923628458151654e-07,False,True,1.0594560799419586,1.0594560799419586,0.529727940352837,0.529727940352837,1.059455880705674,-1.9923628458151654e-07,False,True
pool13zkcgp7se22046p9gczt98au93dw85q2g7m3zany4kzf66y46x0,TERO,11530.049713,2252.0,0.0,340.0,0.02,False,0.0,0.0,0.0,0.0,0.0,0.0,False,False,0.0,0.0,0.0,0.0,0.0,0.0,False,False
pool13zq5jktx7xmngfer82nkrs8aqjklmydntxdqzttas328yuttgx6,VICIS,713401.928742,100.0,105468.807842,170.0,0.0,True,211.87674326072485,176.1910264187293,105.9383511363857,105.9383511363857,211.8767022727714,35.6856758540421,True,False,211.87674326072485,103.75736287702631,105.9383511363857,88.09551017955044,176.1910203591009,72.43365748207458,True,False
pool140d97glhjr5nws8cdhn70h4nk35vmmmvqe3zwg43t4caxt0m7wn,,30.339049,100000.0,0.0,340.0,0.05,False,0.0,0.0,0.0,0.0,0.0,0.0,False,False,0.0,0.0,0.0,0.0,0.0,0.0,False,False
pool140x77a7cz2j689lmxf836qpjtc3y83rka28v6gpswxdw2mag62e,UNDR,6123261.201371,250000.0,285065.384525,340.0,0.0299,True,1820.2698444852222,451.11279038064316,909.7109319578201,382.76394036940206,765.5278807388041,314.41509035816097,True,False,1820.2698444852222,293.8734194207343,909.7109319578201,225.52456940949324,451.0491388189865,157.17571939825217,True,False
pool140xj040w37pcufxdhpjne03sn2rd0fxys4m2c0sgjw5pqjnlx8f,LAKE,9610.220807,25500.0,246.96048,340.0,0.02,False,0.0,0.0,0.0,0.0,0.0,0.0,False,False,0.0,0.0,0.0,0.0,0.0,0.0,False,False
pool1429egqgv60r3nxlp6cvs08qcffv7duddjvyjd0pt6wzhj7akda8,NASEC,3532902.770817,50000.0,94663.302443,340.0,0.01,True,1049.4540086843806,365.9140975761595,524.6769214603239,346.7456603306285,693.491320661257,327.57722308509744,True,False,1049.4540086843806,202.12365666529138,524.6769214603239,182.95521941976034,365.9104388395207,163.7867821742293,True,False
pool142cpn2gm89q72srv9pt7jtt7p7yg43a8ltfqhz3jp3t3xuh7x48,QUASR,10332.502152,100.0,497.62095,345.0,0.045,True,3.068700559137312,3.068700559137312,1.534349985577211,1.534349985577211,3.068699971154422,-5.879828903765372e-07,False,True,3.068700559137312,3.068700559137312,1.534349985577211,1.534349985577211,3.068699971154422,-5.879828903765372e-07,False,True
pool142xwjhpcvtp7tahpmn8tlnek7smefp9wn66z67j8vjpmjxqdg56,EDEN,15013421.131919,1000.0,1046.336393,340.0,0.01,True,4458.925220363042,381.47344349534467,2229.458296866857,359.0249489173807,718.0498978347614,336.5764543394167,True,False,4458.925220363042,213.18517289488625,2229.458296866857,190.73667831692222,381.47335663384445,168.2881837389582,True,False
pool143d6z506u6yfufgzrtx8ywcwx3j4s29lxv5tdugcpcwk2l83gck,,70019865.303432,0.0,0.0,340.0,0.05,True,20795.535709117477,1362.7767854558738,10397.767854558739,842.8883927279369,1685.7767854558738,323.0,True,False,20795.535709117477,1201.276785455874,10397.767854558739,681.3883927279369,1362.7767854558738,161.49999999999977,True,False
pool143nv3macakarny2hvg67gg00q5j2kdg6yfvcmefqmea3vnj0nex,AND,263508.639848,3000.0,11253.147639,170.0,0.04,True,78.2615933009621,78.2615933009621,39.130572096435586,39.130572096435586,78.26114419287117,-0.0004491080909332368,False,True,78.2615933009621,78.2615933009621,39.130572096435586,39.130572096435586,78.26114419287117,-0.0004491080909332368,False,True
pool143x8nhnr3j9mpzvhayuaen0y8l350guj6yd8mhmhhuupvuah3hh,XSEC,299078.923622,580.0,25050.59229,340.0,0.0,True,88.82508329421837,88.82508329421837,44.41249190460492,44.41249190460492,88.82498380920984,-9.948500853340647e-05,False,True,88.82508329421837,88.82508329421837,44.41249190460492,44.41249190460492,88.82498380920984,-9.948500853340647e-05,False,True
pool1442wwr8zzdpcu8uwnglackzr3u5ggrmfxsjja0s7aef66hk2fuc,PASTA,300962.034494,20000.0,20175.77496,170.0,0.0,True,89.39061811625056,89.39061811625056,44.693693920205725,44.693693920205725,89.38738784041145,-0.003230275839115393,False,True,89.39061811625056,85.29433653715726,44.693693920205725,44.693693920205725,89.38738784041145,4.093051303254185,True,False
pool144cfav5vd6vwaej6cspzea3pjfvdcjg86uzv9phxegz87ynw2zz,,160.730261,114509.625174,0.0,340.0,0.03,False,0.0,0.0,0.0,0.0,0.0,0.0,False,False,0.0,0.0,0.0,0.0,0.0,0.0,False,False
pool144m894gswuy3se407ma5870nkaw5ylykrak73gf4kpepj50ulfa,CLUB,590315.088763,0.0,17.27864,170.0,0.0,True,175.3205101838452,170.00015573239077,87.6602550919226,87.6602550919226,175.3205101838452,5.3203544514544205,True,False,175.3205101838452,85.00264369928838,87.6602550919226,85.00007786619538,170.00015573239077,84.99751203310238,True,False
pool1456lrrp0a3gsgkmyx0rm8wkdmdku75tfdlu9xvpffvxmqmjkwee,ADPL,141781.432515,25000.0,49656.591137,340.0,0.05,True,42.11170439418138,42.11170439418138,21.05501289023828,21.05501289023828,42.11002578047656,-0.0016786137048185878,False,True,42.11170439418138,42.11170439418138,21.05501289023828,21.05501289023828,42.11002578047656,-0.0016786137048185878,False,True
pool1457cnl7qu568h98xrw8krfnjkhf05mfhaq2l50epwy36yuln20q,GMO1,64892438.031818,35000000.0,37254342.649474,340.0,0.04,True,21653.471940155097,12939.032527088106,10084.250046316443,6100.11846546327,12200.23693092654,-738.7955961615662,False,True,21653.471940155097,12869.524625964295,10084.250046316443,6030.61056433946,12061.22112867892,-808.3034972853748,False,True
pool145ak0czqxe97ef38zjupk0pz5yk7pahcyrdfee2lrnsnwawj6dc,TIA,1102338.237266,10000.0,10013.189749,340.0,0.045,True,327.40127669122245,327.40127669122245,163.6974993267593,163.6974993267593,327.3949986535186,-0.006278037703850714,False,True,327.40127669122245,178.44848668244163,163.6974993267593,163.6974993267593,327.3949986535186,148.94651197107697,True,False
pool146s6wt66d069uqfvjh39qn0racde6pytzju7y4mykf88zc0dscz,,49670173.475712,0.0,47246666.875952,340.0,1.0,True,14751.78310778042,14751.78310778042,7375.89155389021,7375.89155389021,14751.78310778042,0.0,False,False,14751.78310778042,14751.78310778042,7375.89155389021,7375.89155389021,14751.78310778042,0.0,False,False
pool146u0r8qh0jg6rd3th76q6cepwm03nya4pkvfj08juqrz7wxnfv9,PINAS,15.435806,100.0,7.622358,345.0,0.02,False,0.0,0.0,0.0,0.0,0.0,0.0,False,False,0.0,0.0,0.0,0.0,0.0,0.0,False,False
pool147en6w8f9cplnn5x7qt4ese7fpacmmcwuffrtu0yqxpaz4agppr,STI2,15308973.774234,37000.0,38791.374908,340.0,0.015,True,4547.3352699280695,413.6110722535746,2273.5051697324748,373.8283924671091,747.6567849342182,334.0457126806436,True,False,4547.3352699280695,246.58537343954157,2273.5051697324748,206.8026936530761,413.6053873061522,167.0200138666106,True,False
pool147t2chee9vcyjxtafwd8emkjj88f9dra0xa2clgwlr6m7tzdzvz,GIGAX,809.142273,10000.0,0.0,340.0,0.03,False,0.0,0.0,0.0,0.0,0.0,0.0,False,False,0.0,0.0,0.0,0.0,0.0,0.0,False,False
pool147tju4482jtl253lgqq88fkefdugcuhaumf8m0rcj8uzxu846qm,,74406557.501501,0.0,0.0,340.0,0.05,True,22098.36046969838,1427.9180234849189,11049.18023484919,875.4590117424594,1750.9180234849189,323.0,True,False,22098.36046969838,1266.4180234849189,11049.18023484919,713.9590117424594,1427.9180234849189,161.5,True,False
pool1484zq40k4xg69t55z4fqz78zz6j3t9pvlw4jd635w692xhfzkka,,31812.122034,30000.0,30471.557042,340.0,0.01,True,9.448097639544393,9.448097639544393,4.724033041348509,4.724033041348509,9.448066082697018,-3.155684737521369e-05,False,True,9.448097639544393,9.448097639544393,4.724033041348509,4.724033041348509,9.448066082697018,-3.155684737521369e-05,False,True
pool1488f5rzus7kpu3zr6zwyw8mdy0rj4m3knssv58enurgsx40msjf,,1087.461798,500.0,589.624382,350.0,0.02,True,0.3229708339394514,0.3229708339394514,0.16148533257614545,0.16148533257614545,0.3229706651522909,-1.6878716052604048e-07,False,True,0.3229708339394514,0.3229708339394514,0.16148533257614545,0.16148533257614545,0.3229706651522909,-1.6878716052604048e-07,False,True
pool149d5lzg7m6susau4f4yfdztgkty34qrcdpvd3ygsetmljgxxf8g,TERA3,20024820.441262,300.0,736.501699,340.0,0.0,True,5947.274393678593,340.20623241690566,2973.6354708507897,340.09686364002704,680.1937272800541,339.9874948631484,True,False,5947.274393678593,170.21248492185057,2973.6354708507897,170.10311614497195,340.2062322899439,169.99374736809332,True,False
pool14ajz2t680q2c7tekek3eqazhnapfl3l4w3cep9tnh9ym6jhph8m,CST,1681450.529794,50000.0,63917.189973,170.0,0.03,True,499.4758684134062,192.0329513543241,249.71447416890567,175.3307246447417,350.6614492894834,158.62849793515932,True,False,499.4758684134062,112.71713354993082,249.71447416890567,96.01490684034844,192.0298136806969,79.31268013076607,True,False
pool14atewgzlv6nl2e8k3ndrzwt9y07sepuplj9vuxk3trzzj5lmg64,WAY,1232.792602,1500.0,0.0,340.0,0.1,False,0.0,0.0,0.0,0.0,0.0,0.0,False,False,0.0,0.0,0.0,0.0,0.0,0.0,False,False
pool14cautfm2e8jxv79tv59grnryjxs8f2wewz66wup695xgu7wjnvr,,69421.579083,2020.0,31.972605,188.0,0.005,False,0.0,0.0,0.0,0.0,0.0,0.0,False,False,0.0,0.0,0.0,0.0,0.0,0.0,False,False
pool14cq4fchmmqjygwjw4zexmqqd6a7caxptjnvseyu6wanjuppv4vk,CH1,76723576.889819,3000000.0,5117017.813534,170.0,0.0,True,23050.91804131101,1696.0245931382847,11458.075818547122,922.8492203508408,1845.6984407016816,149.67384756339698,True,False,23050.91804131101,1616.6936003950111,11458.075818547122,843.5182276075672,1687.0364552151343,70.3428548201232,True,False
pool14dswwngc8j92uek927jced2lfc7c4pa4ss9gry9nu9rhkc7a055,VRIJ,815849.943596,100000.0,106900.808164,170.0,0.0,True,242.38557821507075,179.48468143112515,121.17217661134796,121.17217661134796,242.34435322269593,62.859671791570776,True,False,242.38557821507075,105.62223039495714,121.17217661134796,89.73963986043842,179.47927972087683,73.85704932591969,True,False
pool14dz6syalxmtlykaudkk50t9xtve0ne2rvtsgqmyvfeg5cxx68n4,,36903.304032,1000.0,1005.112588,340.0,0.0,True,10.96013056621121,10.96013056621121,5.48005496749231,5.48005496749231,10.96010993498462,-2.063122659023975e-05,False,True,10.96013056621121,10.96013056621121,5.48005496749231,5.48005496749231,10.96010993498462,-2.063122659023975e-05,False,True
pool14e7g4xmj77s7sy5uajwvdmvejmjcvhkf449tasq3tz80gv098t8,,872.085077,50000.0,0.0,340.0,0.05,False,0.0,0.0,0.0,0.0,0.0,0.0,False,False,0.0,0.0,0.0,0.0,0.0,0.0,False,False
pool14enw2643rn9nn6yzv60jyz3hj4kxs0jvap87lkgsqykh508jxm6,STSH2,12244223.816442,1000.0,39932.231674,345.0,0.1,True,3636.484842195468,683.8095867538013,1818.2389034188484,496.6481126262836,993.2962252525672,309.48663849876584,True,False,3636.484842195468,529.0659054115071,1818.2389034188484,341.9044312839892,683.8088625679784,154.74295715647133,True,False
pool14exgv53wem2jwutrqpsdxtrl4hweefymltq02xt72z60x8ge4qf,ADR,449.960297,100.0,449.960297,340.0,0.02,True,0.1336359074603983,0.1336359074603983,0.06681794367543573,0.06681794367543573,0.13363588735087145,-2.0109526849276804e-08,False,True,0.1336359074603983,0.1336359074603983,0.06681794367543573,0.06681794367543573,0.13363588735087145,-2.0109526849276804e-08,False,True
pool14f0uj8vghxzs09p3rzvhlur0dnfwylxc67whaz087srtjjrcjgd,BOATS,137063.516769,4000.0,7766.802027,170.0,0.0,True,40.70776311441102,40.70776311441102,20.353728622655982,20.353728622655982,40.707457245311964,-0.0003058690990584978,False,True,40.70776311441102,40.70776311441102,20.353728622655982,20.353728622655982,40.707457245311964,-0.0003058690990584978,False,True
pool14f58kf59ec7ymk7mm5w07advfgs6a2guur3g5zyf45uvyvl80t4,EVE5,97493.242218,1000.0,1496.163202,400.0,0.04,True,28.9550966151582,28.9550966151582,14.47752058348344,14.47752058348344,28.95504116696688,-5.544819132197176e-05,False,True,28.9550966151582,28.9550966151582,14.47752058348344,14.47752058348344,28.95504116696688,-5.544819132197176e-05,False,True
pool14fjmlppz76667ws3jl5luejf2wgztuhpsftulvh3ucc65anqgve,XSP2,37102176.017223,20000.0,56495.274835,340.0,0.037,True,11020.005797852444,750.8208910694348,5509.789734211093,538.8629655685475,1077.725931137095,326.90504006766014,True,False,11020.005797852444,587.360171366066,5509.789734211093,375.40224586517866,750.8044917303573,163.44432036429134,True,False
pool14fka0t3prjrldjkavqc6vs0zyngq7jw9edek57js94g9v4r25rg,,4630.384584,30500.0,94.501048,340.0,0.0,False,0.0,0.0,0.0,0.0,0.0,0.0,False,False,0.0,0.0,0.0,0.0,0.0,0.0,False,False
pool14g73qj0qz05ymqg7dp9kxdu8jr7uuzm6z6n3jwxpvqskghhmhng,TWIN1,8271.238976,100000.0,15.23817,340.0,0.005,False,0.0,0.0,0.0,0.0,0.0,0.0,False,False,0.0,0.0,0.0,0.0,0.0,0.0,False,False
pool14g7yxpecpp2vt25nc7mjtf8q5g8n362wxksvpxz5fht35khqs0t,EPOOL,1540.253137,10.0,10.0,340.0,0.1,True,0.45744718594005224,0.45744718594005224,0.22872358857344227,0.22872358857344227,0.45744717714688454,-8.793167693976756e-09,False,True,0.45744718594005224,0.45744718594005224,0.22872358857344227,0.22872358857344227,0.45744717714688454,-8.793167693976756e-09,False,True
pool14ga04y2dec7vmahzstd2c5mjsw7vq0v62mwclqynvy2wsc5g40p,WAV6,2.5,10000000.0,0.187695,340.0,1.0,False,0.0,0.0,0.0,0.0,0.0,0.0,False,False,0.0,0.0,0.0,0.0,0.0,0.0,False,False
pool14glhqr7989jz4yu0hnytpw62xlq0666sy075ztufdya2yw4d6fe,CNDL,2266.748728,100.0,2239.352681,340.0,0.04,True,0.6732128282204938,0.6732128282204938,0.33660635185708293,0.33660635185708293,0.6732127037141659,-1.2450632791427552e-07,False,True,0.6732128282204938,0.6732128282204938,0.33660635185708293,0.33660635185708293,0.6732127037141659,-1.2450632791427552e-07,False,True
pool14gw9d5yhxf5t6k68tqvpa95hragu78yuyr7lm9gz9d9dx2yz9s4,EUADA,12697.480936,8850.0,8885.24942,340.0,0.015,True,3.7711249246741514,3.7711249246741514,1.8855526738157065,1.8855526738157065,3.771105347631413,-1.9577042738472272e-05,False,True,3.7711249246741514,3.7711249246741514,1.8855526738157065,1.8855526738157065,3.771105347631413,-1.9577042738472272e-05,False,True
pool14gzj8a99u43j2gu3z0wcyedvdca27m2lx7msqxywl3lrcyrvmys,,313.285815,0.0,313.285815,340.0,0.0,True,0.09304425715130794,0.09304425715130794,0.04652212857565397,0.04652212857565397,0.09304425715130794,0.0,False,False,0.09304425715130794,0.09304425715130794,0.04652212857565397,0.04652212857565397,0.09304425715130794,0.0,False,False
pool14h7cjyklnrf2ylu6g2z89n5zckeyprw36lstw7lw5kvqwc4xw2d,HIMAL,37.987754,23000.0,2.669618,340.0,0.019,False,0.0,0.0,0.0,0.0,0.0,0.0,False,False,0.0,0.0,0.0,0.0,0.0,0.0,False,False
pool14hhs6ruwnuaf4fzsmx89mvmjl2qhyy5jnzyk2le03886kj6z9yp,OKYM,3247339.873911,1000.0,4225.788268,300.0,0.01,True,964.4467787935442,307.50047097714366,482.2224566701104,302.05698077146167,604.1139615429233,296.61349056577967,True,False,964.4467787935442,159.19371516536046,482.2224566701104,153.7502249596785,307.500449919357,148.30673475399652,True,False
pool14hk8kx2c8ukxcq7z3tqdedly9599f9sfhy5lfd3mp98txkdeevk,RDC,41277.291511,10000.0,10428.762752,170.0,0.01,True,12.259500342520424,12.259500342520424,6.129660285268289,6.129660285268289,12.259320570536579,-0.0001797719838450007,False,True,12.259500342520424,12.259500342520424,6.129660285268289,6.129660285268289,12.259320570536579,-0.0001797719838450007,False,True
pool14hp04q89xy58gh9jjvfra5x8lfzd7jes3jljwcjrh0rcjqkss7y,CCOOP,201.302353,100.0,0.0,345.0,0.15,False,0.0,0.0,0.0,0.0,0.0,0.0,False,False,0.0,0.0,0.0,0.0,0.0,0.0,False,False
pool14hpc9wgnwy0w3jrlcqwftyufm8xs5qena4sax5hx7e5q703uuml,,18.816176,1000.0,18.816176,340.0,0.025,False,0.0,0.0,0.0,0.0,0.0,0.0,False,False,0.0,0.0,0.0,0.0,0.0,0.0,False,False
pool14hsxa2zfwzvy9ncdjwnx0xkcltjmdydeayxfju7suuuewv0dnke,KROM,271070.64205,50000.0,51430.621763,170.0,0.0,True,80.51928365784256,80.51928365784256,40.256462262311445,40.256462262311445,80.51292452462289,-0.006359133219675073,False,True,80.51928365784256,80.51928365784256,40.256462262311445,40.256462262311445,80.51292452462289,-0.006359133219675073,False,True
pool14kd9lt3gsdhv48j9w4vgcufw0txdvz932xwh9dapkpv2c0j4ytd,FRNTR,26046.378685,16000.0,17732.658391,340.0,0.0199,True,7.73582379089399,7.73582379089399,3.8678656754465663,3.8678656754465663,7.735731350893133,-9.24400008575077e-05,False,True,7.73582379089399,7.73582379089399,3.8678656754465663,3.8678656754465663,7.735731350893133,-9.24400008575077e-05,False,True
pool14klr0hf5chszxhqt72nqxl57q4eemz0ys83pcpnc8nmy68fx5vc,BPT,632.644176,100.0,0.0,345.0,0.15,False,0.0,0.0,0.0,0.0,0.0,0.0,False,False,0.0,0.0,0.0,0.0,0.0,0.0,False,False
pool14lr9ef5a22ng5xcu2rhpkkc86u5fp24r5gnj6hvnjxmsv8t8rtj,FRUIT,17662.245764,310.0,321.018354,170.0,0.031,True,5.245601284174566,5.245601284174566,2.6227990965765153,2.6227990965765153,5.245598193153031,-3.0910215356172444e-06,False,True,5.245601284174566,5.245601284174566,2.6227990965765153,2.6227990965765153,5.245598193153031,-3.0910215356172444e-06,False,True
pool14mfq8s3gspe8sdka6cgkm6jzgd644dvw2av5kqa8w4havs9e57u,,25260.930066,10000.0,25260.930066,340.0,0.0,True,7.5025402295189405,7.5025402295189405,3.7512262544121393,3.7512262544121393,7.502452508824279,-8.772069466189691e-05,False,True,7.5025402295189405,7.5025402295189405,3.7512262544121393,3.7512262544121393,7.502452508824279,-8.772069466189691e-05,False,True
pool14mhf0xtx45a8979mcnad8upas8apwal4nfqd95arv4wlsuk6m9q,GMO2,60103835.657889,20000000.0,28984150.653619,340.0,0.04,True,19128.69005518396,9789.682230313098,9200.256355919779,4796.223759966328,9592.447519932655,-197.23471038044227,False,True,19128.69005518396,9705.182921124164,9200.256355919779,4711.724450777393,9423.448901554786,-281.7340195693778,False,True
pool14mm59ntjqzphjr6chrww639cdr3yjce4qcwzc5jkk38y22u7uc6,ZZZ2,33328546.501727,50000.0,58321.052516,340.0,0.05,True,9900.31840810738,833.908885924403,4949.680676538251,578.1471150046118,1156.2942300092236,322.38534408482064,True,False,9900.31840810738,672.6914920074748,4949.680676538251,416.92972108768373,833.8594421753675,161.16795016789263,True,False
pool14mumny7t9l4ydjkqkllylxzzvwf0s5te9vujqet82eszj3d6ccm,,1.0001,25000.0,1.0001,340.0,0.0275,False,0.0,0.0,0.0,0.0,0.0,0.0,False,False,0.0,0.0,0.0,0.0,0.0,0.0,False,False
pool14n6nrj7rdrcxhwlzx5kytt60pqwnzjm97nuczrpa0ucwzyx2ule,MAKE,136365.182763,777.0,2864.128952,170.0,0.0,True,40.49987090216829,40.49987090216829,20.249905181850547,20.249905181850547,40.499810363701094,-6.053846719566991e-05,False,True,40.49987090216829,40.49987090216829,20.249905181850547,20.249905181850547,40.499810363701094,-6.053846719566991e-05,False,True
pool14n77mmxh6a2d9k05jamzdwsws2ayvkyje8uc7led958p63at3aj,SECUR,9379905.555624,200000.0,208392.402112,170.0,0.0,True,2787.8987008404897,228.16158761075508,1393.419767499097,197.18059181177765,394.3611836235553,166.1995960128002,True,False,2787.8987008404897,145.05002391477518,1393.419767499097,114.06902811579772,228.13805623159544,83.08803231682026,True,False
pool14nxj3szga2tgllwenjgajfl3y4t570yghhyk36d2heuqvy63wl3,,14570508.614492,0.0,0.0,340.0,0.05,True,4327.365253840621,539.3682626920311,2163.6826269203107,431.18413134601553,862.3682626920311,323.0,True,False,4327.365253840621,377.86826269203107,2163.6826269203107,269.68413134601553,539.3682626920311,161.5,True,False
pool14nzt6708j4jgu5f5ajxgp0pdfp42jqraum585dy2r7vt5zulyd8,BN1AU,16221.979478,4500.0,3986.978827,340.0,0.0,False,0.0,0.0,0.0,0.0,0.0,0.0,False,False,0.0,0.0,0.0,0.0,0.0,0.0,False,False
pool14p4ksk3ddqtax905sys7ujakpxwvfsntjnvlu8p9d3wxycy7pv3,KIRIN,5122.521586,25.0,3316.189393,340.0,0.01,True,1.5213624070209641,1.5213624070209641,0.7606811668961351,0.7606811668961351,1.5213623337922701,-7.322869399750687e-08,False,True,1.5213624070209641,1.5213624070209641,0.7606811668961351,0.7606811668961351,1.5213623337922701,-7.322869399750687e-08,False,True
pool14p6lu0454w4wq6gsxxftqdz43x3tuv3teunp8kgu08tacgf43gd,,594.564135,100.0,497.625174,345.0,0.15,True,0.17658251164764813,0.17658251164764813,0.08829124161442771,0.08829124161442771,0.17658248322885542,-2.8418792707984863e-08,False,True,0.17658251164764813,0.17658251164764813,0.08829124161442771,0.08829124161442771,0.17658248322885542,-2.8418792707984863e-08,False,True
pool14pm8aq4eu6ms4r5egy6j4g0ny76cpqgy40qgyxa8c4f02kj98wg,,75059.279918,70000.0,16.84348,340.0,0.03,False,0.0,0.0,0.0,0.0,0.0,0.0,False,False,0.0,0.0,0.0,0.0,0.0,0.0,False,False
pool14prutdqlndelj94pdz6h03yjh8c2qrmvgzrh4f46nryn2024u90,ADAMP,10252.711035,1000.0,1019.823411,345.0,0.2,True,3.045012470313712,3.045012470313712,1.5225035766957564,1.5225035766957564,3.045007153391513,-5.316922198961294e-06,False,True,3.045012470313712,3.045012470313712,1.5225035766957564,1.5225035766957564,3.045007153391513,-5.316922198961294e-06,False,True
pool14pwff25hl70dusazjckjqvzft35ew67t33x49hwjm5j7y675ere,,117.618178,100.0,117.618178,345.0,0.0,True,0.034931988969349057,0.034931988969349057,0.01746599397847865,0.01746599397847865,0.0349319879569573,-1.0123917537629978e-09,False,True,0.034931988969349057,0.034931988969349057,0.01746599397847865,0.01746599397847865,0.0349319879569573,-1.0123917537629978e-09,False,True
pool14pxhk34wlpu2azrnwy9ah8hrzxgffhqthcxcp620209eupfjfcn,1337,4365.205438,100.0,100.0,170.0,0.0,True,1.2964437948041645,1.2964437948041645,0.6482217748578674,0.6482217748578674,1.2964435497157347,-2.4508842977333245e-07,False,True,1.2964437948041645,1.2964437948041645,0.6482217748578674,0.6482217748578674,1.2964435497157347,-2.4508842977333245e-07,False,True
pool14qpadfdjzw6jkwxy67uhey6tjpyppsmwgz5awfsxwrtpsecslpc,BEADA,1221666.080784,90000.0,118495.767292,170.0,0.02,True,362.9456672008555,192.1994241721811,181.44351599973376,171.31663731756555,342.6332746351311,150.43385046295,True,False,362.9456672008555,116.97912579497569,181.44351599973376,96.09633894036016,192.1926778807203,75.21355208574462,True,False
pool14rf039l9kskejp4g7synrefujghemdwkenx544gywgp9cttert6,,195.445945,100.0,97.620202,345.0,1.0,False,0.0,0.0,0.0,0.0,0.0,0.0,False,False,0.0,0.0,0.0,0.0,0.0,0.0,False,False
pool14rs7ky0p867k0fe9mk3uug9c6w0mwlz3sllh7rpwxcqacr70s8t,KIKO,110503.354467,110000.0,110497.619322,340.0,0.029,True,32.81900482386933,32.81900482386933,16.409479071134264,16.409479071134264,32.81895814226853,-4.668160080001371e-05,False,True,32.81900482386933,32.81900482386933,16.409479071134264,16.409479071134264,32.81895814226853,-4.668160080001371e-05,False,True
pool14skj6e4rpjanzclx3fc880xnl8xafgg63tmw93t9xspvwx985qu,EVRST,51288965.743725,1000.0,1497.670787,400.0,0.04,True,15232.614932549322,993.7203943219926,7616.292730401441,688.8540007894946,1377.7080015789893,383.98760725699674,True,False,15232.614932549322,801.7260008454803,7616.292730401441,496.85960731298235,993.7192146259647,191.99321378048444,True,False
pool14sy0qjv6fl5jcv0gfn6zl8w9tqnm67drxum6tdmazcjvypy848w,AIRE,5025.750076,5000.0,5016.208988,340.0,0.0,True,1.4926217753859659,1.4926217753859659,0.746310850003169,0.746310850003169,1.492621700006338,-7.537962787296237e-08,False,True,1.4926217753859659,1.4926217753859659,0.746310850003169,0.746310850003169,1.492621700006338,-7.537962787296237e-08,False,True
pool14t5mu3sc07e92k6etpq2xftwjy2z3y8gxq0wny2crdckq2rpt0r,,2602.446738,500.0,1.523234,340.0,0.001,False,0.0,0.0,0.0,0.0,0.0,0.0,False,False,0.0,0.0,0.0,0.0,0.0,0.0,False,False
pool14tj8njl3ggzj4dzcsrm5yjekrahytp4zkh3s78gsxz4c55jfuzv,,760.828483,100.0,107.62403,340.0,0.01,True,0.2259621771030503,0.2259621771030503,0.11298106956516471,0.11298106956516471,0.22596213913032942,-3.797272088434944e-08,False,True,0.2259621771030503,0.2259621771030503,0.11298106956516471,0.11298106956516471,0.22596213913032942,-3.797272088434944e-08,False,True
pool14ts4y6fpvxnc3e2aqwxqh5xskjyzlpzk6rexgyt3syh2vdgrv7a,,500.0,500.0,500.0,340.0,0.01,True,0.14849739869720713,0.14849739869720713,0.0742486993479087,0.0742486993479087,0.1484973986958174,-1.3897216710745397e-12,False,True,0.14849739869720713,0.14849739869720713,0.0742486993479087,0.0742486993479087,0.1484973986958174,-1.3897216710745397e-12,False,True
pool14ujg8l2x6fm5jm07jd6jftktt35dzsnefl2jmx9d8vr4cxxkt5d,,65838.642173,7.0,10.591566,340.0,0.02,True,19.553734722245554,19.553734722245554,9.776867228723754,9.776867228723754,19.553734457447508,-2.6479804660084483e-07,False,True,19.553734722245554,19.553734722245554,9.776867228723754,9.776867228723754,19.553734457447508,-2.6479804660084483e-07,False,True
pool14w9tn4w30dwd2lfv4cwjg2a2e3ukfd0nqrydx37fjzf7z5f5jnk,KOBE,85729.413024,500.0,549.40155,340.0,0.025,True,25.46123862647208,25.46123862647208,12.730607069450112,12.730607069450112,25.461214138900225,-2.448757185646855e-05,False,True,25.46123862647208,25.46123862647208,12.730607069450112,12.730607069450112,25.461214138900225,-2.448757185646855e-05,False,True
pool14wfydr6sewgx0qw39ccv53dysgg9m4u2763ngcyuyuxrxdfhq3e,,2894.300716,183.0,185.425793,340.0,0.01,True,0.8595928249554383,0.8595928249554383,0.4297962699227305,0.4297962699227305,0.859592539845461,-2.8510997729380705e-07,False,True,0.8595928249554383,0.8595928249554383,0.4297962699227305,0.4297962699227305,0.859592539845461,-2.8510997729380705e-07,False,True
pool14wk2m2af7y4gk5uzlsmsunn7d9ppldvcxxa5an9r5ywek8330fg,SMAUG,31376254.919132,1000000.0,1063123.345248,170.0,0.0299,True,9353.959290154005,746.4766733029262,4668.077802027073,452.3441225779674,904.6882451559349,158.21157185300865,True,False,9353.959290154005,666.8121191256533,4668.077802027073,372.6795684006946,745.3591368013892,78.5470176757359,True,False
pool14wn0gvhwme9lxx9l7j85k0dr2twyrgf9j0k3gx0f5d5ckzeln2l,SIRET,896.394957,0.0,455.198513,340.0,0.0,True,0.2662246386362677,0.2662246386362677,0.13311231931813386,0.13311231931813386,0.2662246386362677,0.0,False,False,0.2662246386362677,0.2662246386362677,0.13311231931813386,0.13311231931813386,0.2662246386362677,0.0,False,False
pool14xq8v9s80ut6vmwp93tzhlydhsdqhxk3e9jerl2kl7hm2dq6pru,ARH,70193192.449983,0.0,0.0,340.0,0.05,True,20847.0129698897,1365.350648494485,10423.50648494485,844.1753242472425,1688.350648494485,323.0,True,False,20847.0129698897,1203.850648494485,10423.50648494485,682.6753242472425,1365.350648494485,161.5,True,False
pool14y3wr9lkqyeg8z8pwuprmjwahr0ydu0pjs8usy2g93mugtpx622,GAR,190.785069,100.0,162.110596,345.0,0.05,True,0.056662183346269074,0.056662183346269074,0.02833108906477056,0.02833108906477056,0.05666217812954112,-5.216727952395139e-09,False,True,0.056662183346269074,0.056662183346269074,0.02833108906477056,0.02833108906477056,0.05666217812954112,-5.216727952395139e-09,False,True
pool14yezww4csqq4ny9xwl45e3vckvrd7rkw2j4f350wl2mqqw6shcf,MnM,2659.962122,500.0,503.421919,340.0,0.0,True,0.7899961526612351,0.7899961526612351,0.39499776603666376,0.39499776603666376,0.7899955320733275,-6.205879076182086e-07,False,True,0.7899961526612351,0.7899961526612351,0.39499776603666376,0.39499776603666376,0.7899955320733275,-6.205879076182086e-07,False,True
pool14z3hap9tf6gt4gk8u84kcwm3s0etcgha26sn8t8wmvcruk0kvgj,JACKS,736295.228921,10000.0,15765.869207,170.0,0.0,True,218.68420032405427,171.04244697589746,109.34001302786608,109.34001302786608,218.68002605573216,47.637579079834694,True,False,218.68420032405427,87.86250342874021,109.34001302786608,85.52117879733699,171.04235759467397,83.17985416593376,True,False
pool14z5zuqy98d956cktyjuztaj7u4a4wje88c8ewznqdh6uxwlpnj4,LINUX,107.145887,200000.0,304.696717,340.0,0.03,False,0.0,0.0,0.0,0.0,0.0,0.0,False,False,0.0,0.0,0.0,0.0,0.0,0.0,False,False
pool14zdcvdec8qmqzsat5wg3a2h9f0u5yzrgjew534z8u3gs5durnjz,PAUL,33030614.608485,100000.0,100249.532747,340.0,0.03,True,9813.710118579294,652.1018824431985,4905.907090938164,490.4192317799408,980.8384635598816,328.73658111668306,True,False,9813.710118579294,487.70236201785747,4905.907090938164,326.0197113545998,652.0394227091996,164.33706069134212,True,False
pool14zkvjsd7ny9dgc2d5faqwttzh2me0tzuk9xmf8vydxxcvqaaaya,FORT,621.049241,10000.0,0.0,345.0,0.15,False,0.0,0.0,0.0,0.0,0.0,0.0,False,False,0.0,0.0,0.0,0.0,0.0,0.0,False,False
pool1509aw97y38yl6cpamvpzv58hh9c6lxrggxssya9twj9f6xxd394,HKB,2154.234843,10000.0,1796.769708,340.0,0.00111,False,0.0,0.0,0.0,0.0,0.0,0.0,False,False,0.0,0.0,0.0,0.0,0.0,0.0,False,False
pool150hft90uw7tzr9uvj7tqkjp4u98a9hl20llj3n9ew76kkfm768r,MONKY,1606607.518224,3333.0,11537.342275,170.0,0.00333,True,477.1602158535189,173.22127195120692,238.57857252064034,170.71920196924168,341.43840393848336,168.21713198727645,True,False,477.1602158535189,89.112689855351,238.57857252064034,86.61061987338576,173.22123974677152,84.10854989142052,True,False
pool150n38x8gquu4yt5s0s6m3ajjqe89y68x96dh32tq8a4es2l6dvp,ETO1,4007584.229626,0.0,0.0,340.0,1.0,True,1190.231666303972,1190.231666303972,595.115833151986,595.115833151986,1190.231666303972,0.0,False,False,1190.231666303972,1190.231666303972,595.115833151986,595.115833151986,1190.231666303972,0.0,False,False
pool1522rtve5zlgnlh3zm5a4mcy3u7gpndg3kkac3xyzxmp6x6weca3,1112,3499196.497981,80.0,27473.04736,340.0,0.25,True,1039.2434766553786,518.9283178041414,519.621657900839,385.96310464434686,771.9262092886937,252.99789148455227,True,False,1039.2434766553786,392.4293514815646,519.621657900839,259.46413832177,518.92827664354,126.49892516197542,True,False
pool1533ly347ggl6je42ta7l7dv262hg07n8p4y8v32npgvajl6rxqz,MONTY,49315.192102,4000.0,8780.128804,340.0,0.0,True,14.646563811042574,14.646563811042574,7.323229822952923,7.323229822952923,14.646459645905846,-0.00010416513672772965,False,True,14.646563811042574,14.646563811042574,7.323229822952923,7.323229822952923,14.646459645905846,-0.00010416513672772965,False,True
pool153sc4fct34a680nyfj4084w8dpax6c0zt0js8zqvg3sj7wtk486,SASA2,22253959.434916,80.0,1029.454285,340.0,0.03,True,6609.312219525829,528.3606806250518,3304.6555982596733,429.07269677331493,858.1453935466299,329.78471292157803,True,False,6609.312219525829,363.4683087962136,3304.6555982596733,264.1803249444767,528.3606498889534,164.8923410927398,True,False
pool154hq0j6u6ydz62mtlu7xaj78mhreyp0zsv2kq7f0qmne2fu4t7y,CTEC,13790648.152554,30000.0,31243.80487,340.0,0.01,True,4096.225367931192,385.98717928351095,2047.9940074733245,360.9108397242146,721.8216794484292,335.83450016491827,True,False,4096.225367931192,218.0684762538529,2047.9940074733245,192.99213669455656,385.9842733891131,167.91579713526022,True,False
pool154sjkrwdu80wp6mnjvkwk55aj53l4v37z4zwulfak74vcxg60x0,ANZ,237631.650099,64000.0,87239.128151,340.0,0.0,True,70.58814908415874,70.58814908415874,35.29087641118297,35.29087641118297,70.58175282236594,-0.006396261792801283,False,True,70.58814908415874,70.58814908415874,35.29087641118297,35.29087641118297,70.58175282236594,-0.006396261792801283,False,True
pool154xmvhp4jnz7phwcla09uvzqnn3ch54lh2yzrt2znxdgc4trp8x,LEAP,3958604.792304,100.0,613.959415,170.0,0.0,True,1175.6854831693224,170.15597668959555,587.8426278523107,170.0648052606456,340.1296105212912,169.97363383169568,True,False,1175.6854831693224,85.16915975610839,587.8426278523107,85.07798832715847,170.15597665431693,84.98681689820855,True,False
pool155cu3s06js3llfh07vnzepatfuvt3s5s7uwldt9rzz55wz7pugt,SPS,11417148.837871,10000.0,21014.578424,340.0,0.05,True,3390.9649187043506,497.8831159049686,1695.449679031311,410.1426022521207,820.2852045042414,322.4020885992728,True,False,3390.9649187043506,336.680375270128,1695.449679031311,248.9398616172801,497.8797232345602,161.19934796443215,True,False
pool155p7g23vdme50kp5lfqylfx5h7ndldyz2mletvr8fqucqzyrk44,WPBJ1,74951829.703625,50000000.0,56413347.161157,340.0,0.04,True,26471.730794555715,20266.87987133298,11835.803426989572,9106.181456369693,18212.362912739387,-2054.5169585935946,False,True,26471.730794555715,20226.51420764079,11835.803426989572,9065.815792677504,18131.631585355008,-2094.8826222857824,False,True
pool155x3l57d4xu52t93f9r55cqaysej4pc2dl3jkc9d6w5ckyu6u7n,SPRO,179868.552514,5000.0,31149.342096,340.0,0.02,True,53.42102921009939,53.42102921009939,26.710263371906514,26.710263371906514,53.42052674381303,-0.0005024662863633012,False,True,53.42102921009939,53.42102921009939,26.710263371906514,26.710263371906514,53.42052674381303,-0.0005024662863633012,False,True
pool15676jwlm6gancffzs2jg9vf5xwzmspyktw75dl4kaucyst4qt8q,RAMA,37647.583461,4000.0,31625.049779,335.0,1.0,True,11.181291108221858,11.181291108221858,5.590606881501688,5.590606881501688,11.181213763003376,-7.734521848234976e-05,False,True,11.181291108221858,11.181291108221858,5.590606881501688,5.590606881501688,11.181213763003376,-7.734521848234976e-05,False,True
pool1568zhphxsnj5mfszwgta5zlvulu67g8f4jn6d3xs2tvas8ffu76,PSPJ,1018557.39768,10000.0,21953.012277,20000.0,0.9999,True,302.5178402432523,302.5178402432523,151.25602186077407,151.25602186077407,302.51204372154814,-0.005796521704155566,False,True,302.5178402432523,302.5178402432523,151.25602186077407,151.25602186077407,302.51204372154814,-0.005796521704155566,False,True
pool156wg3relgtlhwu55z3wpqurtaprguefe9tzrakhuqyyc60553au,LAB44,1092804.399619,500000.0,545573.390862,340.0,0.01,True,324.9019093287964,324.9019093287964,162.36427641711947,162.36427641711947,324.72855283423894,-0.17335649455748126,False,True,324.9019093287964,248.10915771776993,162.36427641711947,162.36427641711947,324.72855283423894,76.61939511646901,True,False
pool1570hpvwg22nm8uat505mj5hm6p6z26528nuwvrr7r5nh6yavdqt,,1.0,15000.0,1.0,360.0,0.01,False,0.0,0.0,0.0,0.0,0.0,0.0,False,False,0.0,0.0,0.0,0.0,0.0,0.0,False,False
pool1570nv2jeglcq92gg0qmkyl5dwg92mj4374j4c7eagx47kdm0r4l,,12753.419841,1000.0,0.0,340.0,0.0,False,0.0,0.0,0.0,0.0,0.0,0.0,False,False,0.0,0.0,0.0,0.0,0.0,0.0,False,False
pool15730lwmu7vrffkl40wtjrnctsfd840fl5jmuw230r0d65a74k5e,,942.823411,200.0,942.823411,345.0,0.005,True,0.2800138186626904,0.2800138186626904,0.1400068666468931,0.1400068666468931,0.2800137332937862,-8.536890416799281e-08,False,True,0.2800138186626904,0.2800138186626904,0.1400068666468931,0.1400068666468931,0.2800137332937862,-8.536890416799281e-08,False,True
pool157dwm0l9jf2h59me75slfww8dylcnumdgjvhpsyhfmlry4cn44a,ASY,223122.65508,100.0,1768.477312,170.0,0.03,True,66.26629336952442,66.26629336952442,33.13314027706735,33.13314027706735,66.2662805541347,-1.2815389723641601e-05,False,True,66.26629336952442,66.26629336952442,33.13314027706735,33.13314027706735,66.2662805541347,-1.2815389723641601e-05,False,True
pool157e2zadjusu6esf9mmx37nf63ep2gazdeln5mh04ylpcvz59g5c,AION,466823.640253,200000.0,266941.446662,170.0,0.015,True,138.70579831221016,138.70579831221016,69.33746309153531,69.33746309153531,138.67492618307062,-0.03087212913953863,False,True,138.70579831221016,116.05525242759772,69.33746309153531,69.33746309153531,138.67492618307062,22.619673755472903,True,False
pool157sjc5een0ptynrn6ettx6zr2gl8wm8ymjtwuyravqmmcs45d20,,12.440621,0.0,0.0,340.0,0.035,True,0.0036947997133095914,0.0036947997133095914,0.0018473998566547957,0.0018473998566547957,0.0036947997133095914,0.0,False,False,0.0036947997133095914,0.0036947997133095914,0.0018473998566547957,0.0018473998566547957,0.0036947997133095914,0.0,False,False
pool158ag8p06qm4apd750ekep6een9cdldqsq434ll2mp0ykgunmguy,ALPHA,269049.137378,10000.0,18854.271217,170.0,0.03,True,79.90917154747996,79.90917154747996,39.953841347947495,39.953841347947495,79.90768269589499,-0.0014888515849662554,False,True,79.90917154747996,79.90917154747996,39.953841347947495,39.953841347947495,79.90768269589499,-0.0014888515849662554,False,True
pool158je65d93ghx2sedvazczpxjvnx0k6mwxwup8vv6uxnz2x0xal4,SAMOS,1123.40592,1100.0,1121.41901,340.0,0.01,True,0.33364574320707946,0.33364574320707946,0.16682286419873169,0.16682286419873169,0.33364572839746337,-1.4809616089017652e-08,False,True,0.33364574320707946,0.33364574320707946,0.16682286419873169,0.16682286419873169,0.33364572839746337,-1.4809616089017652e-08,False,True
pool159lt33zgmwm4ehyhr39lw5gv4flncg0lswxrrny8fnc4uun4h74,MOONX,10.181917,0.0,6.289215,340.0,0.0,True,0.003023976376464009,0.003023976376464009,0.0015119881882320046,0.0015119881882320046,0.003023976376464009,0.0,False,False,0.003023976376464009,0.003023976376464009,0.0015119881882320046,0.0015119881882320046,0.003023976376464009,0.0,False,False
pool159s558a4ffhp9nqjp9dx048lphdlxjc8xmy5pcmfe4jhuxe4a2u,FGMT9,35122214.085653,2e-06,9.820727,170.0,0.1,True,10431.114856281674,1196.1140678812887,5215.557428140817,674.5570125500315,1349.114025100063,152.99995721877417,True,False,10431.114856281674,1119.6140892718997,5215.557428140817,598.0570339406423,1196.1140678812847,76.49997860938493,True,False
pool15a04yc72q4tfkwaweu86l0764urswee8c3zxperyrdq4kx8nvua,1PCT4,82087.190195,50000.0,50017.247499,340.0,0.01,True,24.381315261869783,24.381315261869783,12.190195540292766,12.190195540292766,24.380391080585532,-0.000924181284251091,False,True,24.381315261869783,24.381315261869783,12.190195540292766,12.190195540292766,24.380391080585532,-0.000924181284251091,False,True
pool15amxxauxh409wcuc87e0tusfzuka0wfvxhxmpt6vugqgsw6j4d6,KITTY,1312.851747,1000.0,1200.427817,340.0,0.01,True,0.3899104981665466,0.3899104981665466,0.19495515919027961,0.19495515919027961,0.38991031838055923,-1.7978598737533602e-07,False,True,0.3899104981665466,0.3899104981665466,0.19495515919027961,0.19495515919027961,0.38991031838055923,-1.7978598737533602e-07,False,True
pool15ccmgcc4k9t8auxw9v4dfjmrl2kqnuevawn8z6n7xv09utw9hh3,4ADA,21440403.791132,300000.0,300018.543195,170.0,0.02,True,6375.005624496415,379.1910665032673,3185.6699255833664,271.66811218737803,543.3362243747561,164.14515787148878,True,False,6375.005624496415,297.0566949537203,3185.6699255833664,189.533740637831,379.067481275662,82.01078632194168,True,False
pool15cy4p3axu0m6sfrmxsp46z5cevx3ruksfwjl48730cgx24j4ydz,TECH,68111451.9439,101000.0,132164.42913,170.0,0.0,True,20236.651385953206,208.93761547117845,10116.34827656532,189.3000355209451,378.6000710418902,169.66245557071176,True,False,20236.651385953206,124.10255067892155,10116.34827656532,104.46497072868817,208.92994145737634,84.8273907784548,True,False
pool15d62znf04qymt6ve536tt5y9ky979ly4um5zmgz9m850vu7wuv7,NUFID,41819962.655707,1000.0,1008.429844,340.0,0.03,True,12420.359396602438,702.6933438216886,6210.167683027791,516.2423348389915,1032.484669677983,329.7913258562944,True,False,12420.359396602438,537.7973201542991,6210.167683027791,351.34631117160194,702.6926223432039,164.8953021889048,True,False
pool15dp6dchtfwml32ls8xuzu4u3xx6kjekc3kvn0enexefxj90hw3c,CRYPO,81754.132596,1000.0,10989.265059,340.0,0.05,True,24.280644853562126,24.280644853562126,12.140299224789576,12.140299224789576,24.280598449579152,-4.640398297439674e-05,False,True,24.280644853562126,24.280644853562126,12.140299224789576,12.140299224789576,24.280598449579152,-4.640398297439674e-05,False,True
pool15em5uvfe8ujs3ny6ydcnynazvxhnk7dq9hu8zp4qf5jmknx32jn,,485.503154,1450.0,0.0,340.0,0.99,False,0.0,0.0,0.0,0.0,0.0,0.0,False,False,0.0,0.0,0.0,0.0,0.0,0.0,False,False
pool15f9qklmaajysmwx9n3rkgc5s2g3rfffz4x8spnedtzdgq43tpe2,WEQNT,2188561.568811,0.0,7.217583,170.0,0.02,True,649.9913997061137,179.60137928253917,324.99569985305686,173.10041492902366,346.2008298580473,166.59945057550814,True,False,649.9913997061137,96.30165399478507,324.99569985305686,89.80068964126959,179.60137928253917,83.2997252877541,True,False
pool15ftrqf7j80w57leflatx66x00qfhu483a290gmp7q85pjxrf480,ISPP,508968.655652,168.0,1211.350848,340.0,0.0,True,151.16114099940737,151.16114099940737,75.58054594072196,75.58054594072196,151.16109188144392,-4.911796344231334e-05,False,True,151.16114099940737,151.16114099940737,75.58054594072196,75.58054594072196,151.16109188144392,-4.911796344231334e-05,False,True
pool15fxktqvd92sq8plh3rjdrksumt9p8rzsayfk4akv2hng5r8ukha,HAWAK,218572.38692,30000.0,55742.388083,170.0,0.05,True,64.92136615126354,64.92136615126354,32.45905661543961,32.45905661543961,64.91811323087921,-0.003252920384326785,False,True,64.92136615126354,64.92136615126354,32.45905661543961,32.45905661543961,64.91811323087921,-0.003252920384326785,False,True
pool15hx9hze8ulcsw6e7ceelz2pem2g3u9c29wqe4eszkhspj3wcdlx,NETA2,249274.899084,880.0,2146.526968,340.0,0.05,True,74.03359936114225,74.03359936114225,37.01673687693833,37.01673687693833,74.03347375387666,-0.00012560726558774604,False,True,74.03359936114225,74.03359936114225,37.01673687693833,37.01673687693833,74.03347375387666,-0.00012560726558774604,False,True
pool15j6hdfel6c6zcr8gu39qgp5xkrs264yn9hm8ynhaydjtxvmznxq,ASKP,3664225.853088,20000.0,21154.470619,260.0,0.0,True,1088.339798603447,264.7822079300427,544.148950642926,261.64046127853436,523.2809225570687,258.498714627026,True,False,1088.339798603447,135.532729674807,544.148950642926,132.39098302329867,264.78196604659735,129.24923637179035,True,False
pool15jc92k3rhksa3uf92sluqhhnnetx04l49xttslx67kuxz5e36e4,MAYA,6705.418844,2505.0,2515.619759,345.0,0.05,True,1.9914866040121928,1.9914866040121928,0.9957402786734866,0.9957402786734866,1.9914805573469732,-6.046665219638925e-06,False,True,1.9914866040121928,1.9914866040121928,0.9957402786734866,0.9957402786734866,1.9914805573469732,-6.046665219638925e-06,False,True
pool15jdufl3ahh3gn0p4nf92pxjqhs2qm2kwf626hdaxktn9yh8m3p6,DELTA,350998.060354,500.0,533.126436,340.0,0.01,True,104.24479922444732,104.24479922444732,52.122349260791204,52.122349260791204,104.24469852158241,-0.00010070286491270508,False,True,104.24479922444732,104.24479922444732,52.122349260791204,52.122349260791204,104.24469852158241,-0.00010070286491270508,False,True
pool15jghwj2w3ag0yxh45w0a8d2aexlrhp3ce3gefm4ap07ssehz8qj,AUROR,197.700787,50.0,197.616022,170.0,1.0,True,0.05871611366626311,0.05871611366626311,0.029358054711327006,0.029358054711327006,0.05871610942265401,-4.243609096066248e-09,False,True,0.05871611366626311,0.05871611366626311,0.029358054711327006,0.029358054711327006,0.05871610942265401,-4.243609096066248e-09,False,True
pool15jglqzc80vp83806wpa3rae699q32sxwycjmztkpy6h92p43t4h,,779.16351,500.0,502.251844,340.0,0.0,True,0.23140766920297132,0.23140766920297132,0.11570379449705268,0.11570379449705268,0.23140758899410535,-8.020886596571408e-08,False,True,0.23140766920297132,0.23140766920297132,0.11570379449705268,0.11570379449705268,0.23140758899410535,-8.020886596571408e-08,False,True
pool15jh849vks9mctm28xe6kgz682vnlu0pzawvftl7ltjtvwpwp59s,GUAVA,5130.872667,5000.0,5116.737985,170.0,0.03,True,1.5238432420973362,1.5238432420973362,0.7619214323299497,0.7619214323299497,1.5238428646598994,-3.774374368603617e-07,False,True,1.5238432420973362,1.5238432420973362,0.7619214323299497,0.7619214323299497,1.5238428646598994,-3.774374368603617e-07,False,True
pool15jkpn2jewgensrnulsm0kqtj58nauvgng0qvy2ux47jdwncsw9s,MERCY,12664.533293,500.0,514.242355,340.0,0.0,True,3.761307489453713,3.761307489453713,1.8806519972081654,1.8806519972081654,3.761303994416331,-3.4950373821729386e-06,False,True,3.761307489453713,3.761307489453713,1.8806519972081654,1.8806519972081654,3.761303994416331,-3.4950373821729386e-06,False,True
pool15jlf23neurgga440wxfux2g4pk0pwjm0t9mvvzvs0npvy59mdpn,,99.578092,2500.0,1.822883,345.0,0.02,False,0.0,0.0,0.0,0.0,0.0,0.0,False,False,0.0,0.0,0.0,0.0,0.0,0.0,False,False
pool15ju4ktqmtha9vry4mf44hr2psf807n4achj76z8uhawgw9462kx,,699285.636247,20000.0,30964.704789,340.0,0.008,True,207.69981329149266,207.69981329149266,103.84600176842899,103.84600176842899,207.69200353685798,-0.0078097546346782565,False,True,207.69981329149266,171.9576094701394,103.84600176842899,103.84600176842899,207.69200353685798,35.73439406671858,True,False
pool15jzfzmh3s4vnhm2qm3p5e0632kv8nuw2luxarqrzpa8a6cgnthk,,101.25021,50.0,99.805767,340.0,0.0,True,0.030070788549668517,0.030070788549668517,0.015035393538595827,0.015035393538595827,0.030070787077191654,-1.4724768626628304e-09,False,True,0.030070788549668517,0.030070788549668517,0.015035393538595827,0.015035393538595827,0.030070787077191654,-1.4724768626628304e-09,False,True
pool15k0zeppza4qzgf6z7wmwsgvl5rz9f6489zxhrxqa8dj6jzju6ct,DDOS,5137619.355145,20000.0,52382.135544,340.0,0.01,True,1525.9638777130958,363.83056989041756,762.9525204833393,348.4987408040979,696.9974816081958,333.16691171777825,True,False,1525.9638777130958,197.24652290340723,762.9525204833393,181.9146938170876,363.8293876341752,166.58286473076797,True,False
pool15kek228mhvnsncdjn77u8qtrn8hjh5wfzmh6g942xf0353yc77j,TIA,35017402.005504,0.0,0.0,340.0,0.05,True,10399.986213773644,842.9993106886823,5199.993106886822,582.9996553443411,1165.9993106886823,323.0,True,False,10399.986213773644,681.4993106886823,5199.993106886822,421.49965534434114,842.9993106886823,161.5,True,False
pool15kh3h3d77hdcv4ld82cm7mxh7uuqm6d568drqaky9ftlczl6hfh,,3743.562473,0.0,497.621874,340.0,0.05,True,1.111818578188094,1.111818578188094,0.555909289094047,0.555909289094047,1.111818578188094,0.0,False,False,1.111818578188094,1.111818578188094,0.555909289094047,0.555909289094047,1.111818578188094,0.0,False,False
pool15krrlqfd3uc8nea2tw8z3wl2v0fny4enhu3q892988zv7dhv0vk,,25196.726617,10000.0,12244.18171,340.0,0.015,True,7.483471401242373,7.483471401242373,3.74169202477301,3.74169202477301,7.48338404954602,-8.735169635354367e-05,False,True,7.483471401242373,7.483471401242373,3.74169202477301,3.74169202477301,7.48338404954602,-8.735169635354367e-05,False,True
pool15l4plz3r2lm5x48lz78ph7qh8w89zd7ewrg62gvwv7u7kw6tmns,,25539.160274,25000.0,25539.160274,340.0,0.05,True,7.585013458378194,7.585013458378194,3.792502767794158,3.792502767794158,7.585005535588316,-7.922789878378467e-06,False,True,7.585013458378194,7.585013458378194,3.792502767794158,3.792502767794158,7.585005535588316,-7.922789878378467e-06,False,True
pool15l7f5vd5sqchjqys6x5ygmdgs88q4y6ndwc7xy9a05y2jfced93,,103.0,2.0,3.0,340.0,1.0,True,0.030590464363390114,0.030590464363390114,0.015295232123658268,0.015295232123658268,0.030590464247316537,-1.1607357783272043e-10,False,True,0.030590464363390114,0.030590464363390114,0.015295232123658268,0.015295232123658268,0.030590464247316537,-1.1607357783272043e-10,False,True
pool15l8p8v8yzdjvl3vml6qafx0wgy4k6t938jl0qy24wslgw7xlhc2,SAvvY,0.047069,10.0,0.047069,345.0,0.05,False,0.0,0.0,0.0,0.0,0.0,0.0,False,False,0.0,0.0,0.0,0.0,0.0,0.0,False,False
pool15lp37f7da0guj662jcxy0eyc49s5gxudcd93j8qz4nfcvuhrsf9,SCV01,51169.29543,100.0,2899.232564,340.0,0.0,True,15.197020397970437,15.197020397970437,7.598508731706199,7.598508731706199,15.197017463412397,-2.9345580401241023e-06,False,True,15.197020397970437,15.197020397970437,7.598508731706199,7.598508731706199,15.197017463412397,-2.9345580401241023e-06,False,True
pool15mfkj8sl7estcmmd5a07afrx5f4hlz3pcr6p6ay5pfmrjfl2hlf,DOXA,1012124.342771,320000.0,472543.147207,340.0,0.01,True,300.85173462743643,300.85173462743643,150.36165764306253,150.36165764306253,300.72331528612506,-0.12841934131137123,False,True,300.85173462743643,231.78997896764633,150.36165764306253,150.36165764306253,300.72331528612506,68.93333631847872,True,False
pool15mkly3gw008dmxfrh9eycl5aguyfm0rhdlup2hzukjkrsfdxqew,,112.597005,500.0,120.236159,340.0,0.0,False,0.0,0.0,0.0,0.0,0.0,0.0,False,False,0.0,0.0,0.0,0.0,0.0,0.0,False,False
pool15mv5w2vvfv2kplkrt40ylylyvdudv5axq5nyw6ln3v0gkd2auew,NLD,429181.152735,10.0,682.429748,340.0,0.0,True,127.46457443266345,127.46457443266345,63.73228598327628,63.73228598327628,127.46457196655255,-2.466110899490559e-06,False,True,127.46457443266345,127.46457443266345,63.73228598327628,63.73228598327628,127.46457196655255,-2.466110899490559e-06,False,True
pool15nww4436eq733eypdq7vnllsnqyrwftw434xkvpm2mc2kfue2ux,SEED,405629.79969,1000000.0,0.0,340.0,0.04,False,0.0,0.0,0.0,0.0,0.0,0.0,False,False,0.0,0.0,0.0,0.0,0.0,0.0,False,False
pool15pggy59smh8465ldedcc5ks0nlr6xxlna73wmpkfp5jn7sh23pv,KPOOL,710.795142,0.0,12.620906,340.0,0.01,True,0.21110245918458978,0.21110245918458978,0.10555122959229489,0.10555122959229489,0.21110245918458978,0.0,False,False,0.21110245918458978,0.21110245918458978,0.10555122959229489,0.10555122959229489,0.21110245918458978,0.0,False,False
pool15pmdr6nw3g6mmt7regefp2lrx3njah0gpwsnqm794c4wsr23062,METAX,925841.443536,100000.0,106505.138603,1000.0,0.0,True,275.0651384589053,275.0651384589053,137.50879044406327,137.50879044406327,275.01758088812653,-0.047557570778792524,False,True,275.0651384589053,275.0651384589053,137.50879044406327,137.50879044406327,275.01758088812653,-0.047557570778792524,False,True
pool15r7xg0vrrv2yu8wj3866eap8ftkuxvdk5rjz2lh4xajjq5v3p5d,NUFI0,7924254.649259,1000.0,1002.829501,340.0,0.03,True,2353.471509894065,400.6513096873355,1176.7334784660968,365.204717861083,730.409435722166,329.75812603483047,True,False,2353.471509894065,235.772178096042,1176.7334784660968,200.32558626978948,400.65117253957897,164.87899444353695,True,False
pool15s7w4spg5ee7n7rprhs0dq78plw2mhjkpu5v97uvl27gz2way7z,BALNC,72966563.938869,100000.0,112116.225677,170.0,0.0,True,21679.074830842783,203.04960734972536,10837.439824006273,186.3909745250729,372.7819490501458,169.73234170042042,True,False,21679.074830842783,118.18021346118388,10837.439824006273,101.52158063653141,203.04316127306282,84.86294781187894,True,False
pool15t0vyldspax6eu8mq7f50s4rjk2qn2g7kudl98tjuqzt2a2zpmx,RXE,10.276968,100.0,2.62271,340.0,0.02,False,0.0,0.0,0.0,0.0,0.0,0.0,False,False,0.0,0.0,0.0,0.0,0.0,0.0,False,False
pool15tn0nlazaatulwq667qdfs597pqlrgn62at0fqv3lvz5cg9l30m,,70.47316,1350000.0,42.456901,340.0,0.0,False,0.0,0.0,0.0,0.0,0.0,0.0,False,False,0.0,0.0,0.0,0.0,0.0,0.0,False,False
pool15ttu2vykfdfdxv7vve93l3dvk6tlrcegz7r6749syys4us2k3tu,GENIE,432.075956,100.0,101.031739,345.0,0.0,True,0.12832434917328836,0.12832434917328836,0.06416216504571823,0.06416216504571823,0.12832433009143646,-1.9081851904134695e-08,False,True,0.12832434917328836,0.12832434917328836,0.06416216504571823,0.06416216504571823,0.12832433009143646,-1.9081851904134695e-08,False,True
pool15txd36fltfgc63qq0yxtpqt88eu76s0yhugn9a6q7f4zspq6k5f,ARM1,12742922.932891,100000.0,953711.66263,170.0,0.0199,True,3786.036683063143,507.20660213327494,1892.6543883005304,330.6428484671027,661.2856969342054,154.07909480093042,True,False,3786.036683063143,430.1331149686061,1892.6543883005304,253.56936130243386,507.1387226048677,77.00560763626163,True,False
pool15uuf0sz5w0kp50wmflxml8ffnz880402nvj54e40e7l8x06y5e6,MEA,42864.87275,20246.0,24124.751914,340.0,0.02,True,12.73117074446125,12.73117074446125,6.3654537029495355,6.3654537029495355,12.730907405899071,-0.000263338562179527,False,True,12.73117074446125,12.73117074446125,6.3654537029495355,6.3654537029495355,12.730907405899071,-0.000263338562179527,False,True
pool15v22rpfg6qx9l0gx0m955gfv7tes0jpa9sy0gjs3a04lv6x9jdr,LBF1,63038323.964097,2.0,9.820727,170.0,0.06,True,18722.054398459568,1283.1259807149236,9361.027163006596,721.4629757364613,1442.9259514729226,159.79997075799906,True,False,18722.054398459568,1203.2259931625274,9361.027163006596,641.5629881840653,1283.1259763681305,79.89998320560312,True,False
pool15wfu7td5r4k27erk5q5wt06x59skxxyqj206tdnfmfmk7pd3rp3,,34697.003525,123.0,132.778425,340.0,0.0,True,10.304834419254824,10.304834419254824,5.1524159878057505,5.1524159878057505,10.304831975611501,-2.443643323246647e-06,False,True,10.304834419254824,10.304834419254824,5.1524159878057505,5.1524159878057505,10.304831975611501,-2.443643323246647e-06,False,True
pool15wj590e6gsmpmttrxjd0emck09a0h9tazd2ww77q6duyvg8lyum,HUSKY,2189484.629892,10000.0,37322.277692,340.0,0.03,True,650.2905948721491,354.439299281293,325.13903432354766,325.13903432354766,650.2780686470953,295.8387693658023,True,False,650.2905948721491,192.3502089846027,325.13903432354766,177.2193581881897,354.4387163763794,162.0885073917767,True,False
pool15wk0wjrau5pv6rp6w34g3mjxqejkfj3yak0xa9m63upcxx63myh,MCA,68739.044088,1000.0,14090.607815,345.0,0.05,True,20.415216321409964,20.415216321409964,10.207588698161752,10.207588698161752,20.415177396323504,-3.8925086460750435e-05,False,True,20.415216321409964,20.415216321409964,10.207588698161752,10.207588698161752,20.415177396323504,-3.8925086460750435e-05,False,True
pool15wkxegrfflzcyhurrjxsm9ljqtz09xr5rtnqsarnp7hmsz5um3t,STSH1,18751658.36702,1000.0,44560.039629,345.0,0.1,True,5569.166526799881,878.5895397183372,2784.5778760284456,594.1752951019438,1188.3505902038876,309.7610504855504,True,False,5569.166526799881,723.7084642164801,2784.5778760284456,439.2942196000868,878.5884392001736,154.8799749836935,True,False
pool15wppycnx4mgq5nmwg4eyzj4pg5wazhyml48wsy0jskunsqq69gh,INDIA,557450.00459,150.0,1942.053988,175.0,0.02,True,165.55984723983923,165.55984723983923,82.7798996021007,82.7798996021007,165.5597992042014,-4.8035637831844724e-05,False,True,165.55984723983923,89.32770426860849,82.7798996021007,82.7798996021007,165.5597992042014,76.23209493559291,True,False
pool15wwz2tj30xjerxstwjezhlp8nqqu8jyvxp0h6dj4kzdq6cgv3gv,VETS,14309.460627,25000.0,9.940733,170.0,0.0,False,0.0,0.0,0.0,0.0,0.0,0.0,False,False,0.0,0.0,0.0,0.0,0.0,0.0,False,False
pool15xdvllxmlzhz0ct3u35wv3gmzxym06zwg3l6ltuqmcsmv9jq527,,25.825259,500.0,25.825259,345.0,0.15,False,0.0,0.0,0.0,0.0,0.0,0.0,False,False,0.0,0.0,0.0,0.0,0.0,0.0,False,False
pool15xfeh7v3kr5j4unyeszxnfvy349d4h8s92h4xdwl2hct6n0wgah,,939.083298,700.0,939.083298,340.0,0.02,True,0.27890304616474887,0.27890304616474887,0.1394514749959616,0.1394514749959616,0.2789029499919232,-9.617282564766683e-08,False,True,0.27890304616474887,0.27890304616474887,0.1394514749959616,0.1394514749959616,0.2789029499919232,-9.617282564766683e-08,False,True
pool15xgej4c7ns20y5pt7dc5vq6yj87ss5sl2ffucmh5j766j90ppur,1PCT5,221571.814939,50000.0,51333.057213,340.0,0.01,True,65.81554338471493,65.81554338471493,32.905303891099486,32.905303891099486,65.81060778219897,-0.004935602515956816,False,True,65.81554338471493,65.81554338471493,32.905303891099486,32.905303891099486,65.81060778219897,-0.004935602515956816,False,True
pool15yyxtkhz64p7a8cnax9l7u82s9t9hdhyxsa3tdm977qhgpnsuhq,SECUR,66283902.619502,100000.0,155809.787518,170.0,0.03,True,19693.59019526162,800.2239055700649,9844.88987779338,482.3066415429606,964.6132830859212,164.38937751585638,True,False,19693.59019526162,717.9677160802065,9844.88987779338,400.0504520531022,800.1009041062044,82.13318802599792,True,False
pool15z7890uxn6nwl2yufxgrdsvjrpd0kzngvudfm2z2yafsjgkfndg,ZOHAR,832.494667,1.0,7.615098,357.0,0.05,True,0.24724658591009993,0.24724658591009993,0.12362329271615254,0.12362329271615254,0.24724658543230507,-4.777948592327164e-10,False,True,0.24724658591009993,0.24724658591009993,0.12362329271615254,0.12362329271615254,0.24724658543230507,-4.777948592327164e-10,False,True
pool15z87p296y3m7eq8pwuu8qs6h2v4d2ctnx3yd2vqpl6txkkdvl5h,MUEN,9079313.264193,10000.0,15431.680136,340.0,0.02,True,2696.613045282192,391.05757636813496,1348.2804604746386,361.84506137494355,723.6901227498871,332.63254638175215,True,False,2696.613045282192,224.7407385232284,1348.2804604746386,195.52822353003702,391.05644706007405,166.31570853684565,True,False
pool15zn2lqq4849ujttuthaycpamnyr8ae9k2pn2fkrlfzzsx4ek0tc,LABO,1698361.672789,10000.0,12373.659823,335.0,0.0,True,504.4239868075788,336.2343629818087,252.207141613725,252.207141613725,504.41428322745,168.1799202456413,True,False,504.4239868075788,169.95470847921322,252.207141613725,168.1171461424855,336.234292284971,166.27958380575777,True,False
pool15zrj43nldc357nas0g7glm09wqhtyexxs64skq52mtg6sdrsjzd,,60.781695,1.0,6.738263,340.0,0.05,True,0.018051847260292544,0.018051847260292544,0.009025923612970343,0.009025923612970343,0.018051847225940686,-3.435185816358377e-11,False,True,0.018051847260292544,0.018051847260292544,0.009025923612970343,0.009025923612970343,0.018051847225940686,-3.435185816358377e-11,False,True
pool15zrkyr0f80hxlt4scv72tej8l8zwrcphmrega9wutqchjekceal,ZETE,39660795.374542,10000.0,14232.906107,340.0,0.0,True,11779.505629528476,344.10524821799436,5889.638871687279,341.99157601965754,683.9831520393151,339.87790382132073,True,False,11779.505629528476,174.16625541705176,5889.638871687279,172.05258321871494,344.1051664374299,169.93891102037813,True,False
pool15zuu7g6030wsfafu6a80pf6z2w6ceu4aumu2d6neykgtcx650u2,,4.048591,1.0,4.048591,340.0,0.99,True,0.0012024104672664182,0.0012024104672664182,0.0006012052327573159,0.0006012052327573159,0.0012024104655146317,-1.7517864329269495e-12,False,True,0.0012024104672664182,0.0012024104672664182,0.0006012052327573159,0.0006012052327573159,0.0012024104655146317,-1.7517864329269495e-12,False,True
pool15zvek3jke3z2uml5xeztl6wt56zuye5ne9caadz8mjn9ykyuu8n,SENTI,25426.738876,100.0,107.625746,340.0,0.0,True,7.551612071446404,7.551612071446404,3.7758053080571465,3.7758053080571465,7.551610616114293,-1.4553321108223827e-06,False,True,7.551612071446404,7.551612071446404,3.7758053080571465,3.7758053080571465,7.551610616114293,-1.4553321108223827e-06,False,True
pool1620fkxluaftsvz5lge29tjur3flwa8wydpzqy0zd4cllxx2w3ma,,18.621214,0.0,18.621214,340.0,0.01,True,0.005530403679099021,0.005530403679099021,0.0027652018395495103,0.0027652018395495103,0.005530403679099021,0.0,False,False,0.005530403679099021,0.005530403679099021,0.0027652018395495103,0.0027652018395495103,0.005530403679099021,0.0,False,False
pool162343gl83jtrskacz2cex7szf4yd5t77f5nd0e65fg78ztppuj9,,114463.466015,0.0,1052.714629,340.0,0.25,True,33.99505389776316,33.99505389776316,16.99752694888158,16.99752694888158,33.99505389776316,0.0,False,False,33.99505389776316,33.99505389776316,16.99752694888158,16.99752694888158,33.99505389776316,0.0,False,False
pool162szyrlrwes7qwy0za4ekufgyljfz0lac9t8h8svzale67n8vl4,MAKL,496.719173,449.450697,496.719173,340.0,0.01,True,0.14752303456220414,0.14752303456220414,0.0737615111766689,0.0737615111766689,0.1475230223533378,-1.2208866334573187e-08,False,True,0.14752303456220414,0.14752303456220414,0.0737615111766689,0.0737615111766689,0.1475230223533378,-1.2208866334573187e-08,False,True
pool163aacna7n8tgphz40prapjgkrkpvsfttaqt56yeg2psd2umnxqu,,50.425749,1.0,50.425749,340.0,0.01,True,0.014976185164331928,0.014976185164331928,0.00748809256796541,0.00748809256796541,0.01497618513593082,-2.8401107854403307e-11,False,True,0.014976185164331928,0.014976185164331928,0.00748809256796541,0.00748809256796541,0.01497618513593082,-2.8401107854403307e-11,False,True
pool163q9zuwpt9wr8rruuhw2mz6w6em25mhtrv58f8nz9aywj7vzer7,DARTH,9.486132,289.0,9.486132,340.0,0.01,False,0.0,0.0,0.0,0.0,0.0,0.0,False,False,0.0,0.0,0.0,0.0,0.0,0.0,False,False
pool1646vlaras0deljthqtfl9dpdw2xsna799l0kayyu9v44cql4ky0,IOGP,2.925923,64000000.0,2.925923,500.0,1.0,False,0.0,0.0,0.0,0.0,0.0,0.0,False,False,0.0,0.0,0.0,0.0,0.0,0.0,False,False
pool164xvrnwxg0xwhkcm0fsnlzmtj3ptp5s7hne32k4dyv60x4utfje,,23705409.510386,200.0,1317.786751,340.0,0.03,True,7040.388743225692,541.3729635011751,3520.193009454881,435.5772740002765,871.154548000553,329.7815844993778,True,False,7040.388743225692,376.48213031329647,3520.193009454881,270.6864408123978,541.3728816247956,164.89075131149912,True,False
pool1659knc82juzdqycvvwz0uzjsj5scxwewguhuzae93ed36xanxmz,CASH,1448262.840343,610071.179076,695468.255894,170.0,0.0,True,430.7221922537948,295.2010362129176,215.21118148681634,191.71079769477234,383.4215953895447,88.22055917662709,True,False,430.7221922537948,251.01876632673415,215.21118148681634,147.52852780858893,295.05705561717787,44.038289290443714,True,False
pool165cyssah9wcnkuqq339c9fam5wga3x7zl6kw4ktltq5x68tlu4w,,1075.435349,1000.0,1000.0,340.0,0.0,True,0.3193987902925741,0.3193987902925741,0.15969937346691598,0.15969937346691598,0.31939874693383197,-4.335874215222191e-08,False,True,0.3193987902925741,0.3193987902925741,0.15969937346691598,0.15969937346691598,0.31939874693383197,-4.335874215222191e-08,False,True
pool165ljt7xrrpceutz5ppe96suuw0jcnrvhg0f5vu60df0r5mt0x0c,CSWP1,3492506.323562,1000.0,106184.424552,340.0,0.99,True,1037.260220594183,1030.4996099164664,518.6291071300903,516.8971255637455,1033.794251127491,3.2946412110245547,True,False,1037.260220594183,1028.851295870625,518.6291071300903,515.2488115179042,1030.4976230358084,1.6463271651832656,True,False
pool165zu45p489lpuypt4fsuc5g8l9g9ha4dddlls84jlsp3k4vsw9p,SWEET,4245248.173597,2000.0,15746.66007,340.0,0.05,True,1260.826374491742,389.2861096871399,630.4107488891494,355.5438814749147,711.0877629498294,321.8016532626895,True,False,1260.826374491742,228.38515254572272,630.4107488891494,194.64292433349752,389.28584866699504,160.90069612127232,True,False
pool166dkk9kx5y6ug9tnvh0dnvxhwt2yca3g5pd5jaqa8t39cgyqqlr,VIPER,39534342.003194,401000.0,469784.285524,170.0,0.009,True,11759.622595894705,410.7859449727581,5875.267342768859,288.5326076914211,577.0652153828422,166.2792704100841,True,False,11759.622595894705,327.5519045761307,5875.267342768859,205.2985672947937,410.5971345895874,83.04523001345672,True,False
pool166fpvc9lelw8pdvc4n3xeqns5ktkkmzu4plaen999fwy2xytgce,STBL2,506.849564,0.0,1.258444,340.0,1.0,True,0.15053168356774885,0.15053168356774885,0.07526584178387442,0.07526584178387442,0.15053168356774885,0.0,False,False,0.15053168356774885,0.15053168356774885,0.07526584178387442,0.07526584178387442,0.15053168356774885,0.0,False,False
pool1673d663ml4p0mtreukyfx5jt7ekk9pajsyyv6utzlakzj0y9v0w,MAUI,28188.782749,500.0,500.714954,340.0,0.01,True,8.371937731908835,8.371937731908835,4.185964888271638,4.185964888271638,8.371929776543276,-7.955365559197958e-06,False,True,8.371937731908835,8.371937731908835,4.185964888271638,4.185964888271638,8.371929776543276,-7.955365559197958e-06,False,True
pool1675wjgy0ggtt2l23eeaj5ey5l02qj2ra48stvc7fyussslr0kq7,,35.245376,1.0,17.433977,340.0,0.015,True,0.010467693343435606,0.010467693343435606,0.0052338466618787344,0.0052338466618787344,0.010467693323757469,-1.967813759162773e-11,False,True,0.010467693343435606,0.010467693343435606,0.0052338466618787344,0.0052338466618787344,0.010467693323757469,-1.967813759162773e-11,False,True
pool167n02n48l5hfgfu6e46xq8n3yefccm9dcnmefkmxuymhc8ncrjm,,2689.502728,0.0,2656.31012,340.0,0.0,True,0.7987683177841173,0.7987683177841173,0.39938415889205864,0.39938415889205864,0.7987683177841173,0.0,False,False,0.7987683177841173,0.7987683177841173,0.39938415889205864,0.39938415889205864,0.7987683177841173,0.0,False,False
pool167qekemyleju9g7eugaguqxh5telvmmmrs3a7sp897f6za308hg,HOT,4385051.660072,1000.0,1009.556752,340.0,0.0,True,1302.3425677379962,340.2215571245929,651.170024259092,340.07163970310114,680.1432794062023,339.9217222816094,True,False,1302.3425677379962,170.26069569379214,651.170024259092,170.1107782723004,340.2215565446008,169.96086085080864,True,False
pool167r4k4twa3lrqzpzdd44hl4ahc9rnt4x7rjtwz60gtf7j7pnk5x,EQX,137.05877,100.0,0.0,345.0,1.0,False,0.0,0.0,0.0,0.0,0.0,0.0,False,False,0.0,0.0,0.0,0.0,0.0,0.0,False,False
pool167zl76srpt5a2gthpsq0ye9z4fpray5vsh7xyzcn63hd5mnw7fa,NUFI4,3241970.233631,1000.0,1002.830618,340.0,0.03,True,962.8520173954217,358.8724458347,481.4250775138348,344.2851865940953,688.5703731881906,329.6979273534906,True,False,962.8520173954217,194.02345394303876,481.4250775138348,179.43619470243414,358.8723894048683,164.8489354618295,True,False
pool168235cjpsrvwnvddmhc7dmtcqr7c40j2mlrph3qvuxk3jqls0wy,,6930.190528,625000.0,0.0,340.0,0.01,False,0.0,0.0,0.0,0.0,0.0,0.0,False,False,0.0,0.0,0.0,0.0,0.0,0.0,False,False
pool1687dfgyljnhamx05h6r04zdllv68exatshhd0jny4q56skc0926,TRUEC,3360.713955,3355.0,3355.463742,340.0,0.025,True,0.9981145827454639,0.9981145827454639,0.49905728565460983,0.49905728565460983,0.9981145713092197,-1.143624428490142e-08,False,True,0.9981145827454639,0.9981145827454639,0.49905728565460983,0.49905728565460983,0.9981145713092197,-1.143624428490142e-08,False,True
pool168t0xlm0dtdgf7d5w2mrm7ulsw4czpw297yvrpke9pmjcc9hz7k,CCJ4,4467817.486649,10000.0,10255.835559,170.0,0.048,True,1326.96978701895,228.06288463073886,663.4720832333688,194.76504828280375,389.5300965656075,161.46721193486863,True,False,1326.96978701895,147.3286357756579,663.4720832333688,114.03079942772277,228.06159885544554,80.73296307978765,True,False
pool1692dxqqcsavymwz28w44t2jhyjnakvj4l3gwz2dqrarmc2k6dkh,BLUE,202039.93326,10000.0,13591.1989,170.0,0.0,True,60.00701634900249,60.00701634900249,30.0029563106601,30.0029563106601,60.0059126213202,-0.001103727682291833,False,True,60.00701634900249,60.00701634900249,30.0029563106601,30.0029563106601,60.0059126213202,-0.001103727682291833,False,True
pool1693h5jn424n7kazynt4h9r6fe8u8wtsp7us2me60msq5kpv390n,,626.690294,26169.0,1.038808,340.0,0.0,False,0.0,0.0,0.0,0.0,0.0,0.0,False,False,0.0,0.0,0.0,0.0,0.0,0.0,False,False
pool169mewaur9ma6ffw6x90xhjj0sk9j8yu3ynqz20jh03dj20syqwc,,3572.523687,9680.0,1233.312305,340.0,0.01,False,0.0,0.0,0.0,0.0,0.0,0.0,False,False,0.0,0.0,0.0,0.0,0.0,0.0,False,False
pool16a23pum2srw5xmkknvw8dtc8ynqedx3wecmhacez4chrv9huvyg,BEAR,5.267117,10000.0,1.074023,340.0,0.0,False,0.0,0.0,0.0,0.0,0.0,0.0,False,False,0.0,0.0,0.0,0.0,0.0,0.0,False,False
pool16agnvfan65ypnswgg6rml52lqtcqe5guxltexkn82sqgj2crqtx,SPIRE,74661028.990201,500000.0,509352.065142,340.0,0.01,True,22216.828398250826,706.5237836772687,11097.656808240112,520.2334874635189,1040.4669749270379,333.94319124976914,True,False,22216.828398250826,539.3719590201863,11097.656808240112,353.0816628064365,706.163325612873,166.7913665926867,True,False
pool16ajaae2n5lsyr4f9k9uz5y8tpf0996tw640dzu7chwp2wdrnz6a,BLADE,53378862.90655,10000.0,14765.380614,500.0,0.1,True,15853.857991100242,2039.2081922879365,7926.775631353523,1244.5264832259006,2489.0529664518012,449.8447741638647,True,False,15853.857991100242,1814.2704306058258,7926.775631353523,1019.58872154379,2039.17744308758,224.90701248175424,True,False
pool16az8esp0qgrt3vwnpqmn2n2z3h7nexrhm4qn8xrr4sds6tj0dxa,,243.759928,0.0,0.0,340.0,0.05,True,0.07239543042833366,0.07239543042833366,0.03619771521416683,0.03619771521416683,0.07239543042833366,0.0,False,False,0.07239543042833366,0.07239543042833366,0.03619771521416683,0.03619771521416683,0.07239543042833366,0.0,False,False
pool16c989ahn582z53azjfmregygfuc9k44u3q97wqgyn0zxuzp3dn4,BNP,32109713.363173,2.0,26614.155898,345.0,0.06,True,9536.417888373031,903.646286991454,4768.208925735578,613.8387442459143,1227.6774884918286,324.03120150037466,True,False,9536.417888373031,741.630685119835,4768.208925735578,451.8231423742953,903.6462847485906,162.01559962875558,True,False
pool16cdtqyk0fvxzfkhjg3esjcuty4tnlpds5lj0lkmqmwdjyzaj7p8,ECP,2133966.06588,75000.0,117509.463348,170.0,0.03,True,633.9544662867861,208.700410037569,316.93279917336093,182.25628803939978,364.51257607879955,155.81216604123057,True,False,633.9544662867861,130.79062059103308,316.93279917336093,104.34649859286387,208.69299718572773,77.90237659469466,True,False
pool16cerhwlk8nq7rpuerr4g08tpgeq7awnhgxzkyalc8n8xjwzxqm3,PLNGT,4802484.805767,1000.0,6492.895266,340.0,1.0,True,1426.3185200062942,1426.3185200062942,713.1578804578561,713.1578804578561,1426.3157609157122,-0.0027590905820034095,False,True,1426.3185200062942,1426.3185200062942,713.1578804578561,713.1578804578561,1426.3157609157122,-0.0027590905820034095,False,True
pool16cy45uggzv3ah3s5m960v9vuxlx47sfnezpszuhcwl99z7nq8kq,NIXE,156833.204277,1000.0,2013.693956,170.0,0.0,True,46.57882482097836,46.57882482097836,23.28936763704978,23.28936763704978,46.57873527409956,-8.954687880446954e-05,False,True,46.57882482097836,46.57882482097836,23.28936763704978,23.28936763704978,46.57873527409956,-8.954687880446954e-05,False,True
pool16d004c5q7k7wyf223kgct26zjcpjqql04rvnx8vtc0t5ckmnzaa,ICORG,1298.516313,13000.0,7.499772,340.0,0.0,False,0.0,0.0,0.0,0.0,0.0,0.0,False,False,0.0,0.0,0.0,0.0,0.0,0.0,False,False
pool16dk66d47thmteth783kt2cw9uh0zc4xsdvlqrwadz7vnyaev8cv,,6.453117,2000.0,6.453117,340.0,0.03,False,0.0,0.0,0.0,0.0,0.0,0.0,False,False,0.0,0.0,0.0,0.0,0.0,0.0,False,False
pool16e0qmln8gvtnjcpcvgvjdlhcnsz6z95uw90c58t50qfkc6rqek6,HENRY,10000.033939,10000.0,10000.033939,340.0,0.0,True,2.9699580688272107,2.9699580688272107,1.4849790287572235,1.4849790287572235,2.969958057514447,-1.1312763614768073e-08,False,True,2.9699580688272107,2.9699580688272107,1.4849790287572235,1.4849790287572235,2.969958057514447,-1.1312763614768073e-08,False,True
pool16e2x06wk8ufyakgrzq0c9p5tmfhl6w0c80raxr0xtg5g7aakhgh,CDN,2974546.641611,100000.0,141522.698909,340.0,0.01,True,883.7556734445212,371.04960520014316,441.7950825328608,345.812715670513,691.625431341026,320.57582614088284,True,False,883.7556734445212,210.75696668951784,441.7950825328608,185.52007715988768,371.04015431977535,160.28318763025752,True,False
pool16e43yxx4djcvnsunwgrm8tnph0ljrt3p9tnezu3qvtcwzh4zwwa,FBA,70017921.810984,0.0,0.0,340.0,0.05,True,20794.95850197165,1362.7479250985825,10397.479250985825,842.8739625492913,1685.7479250985825,323.0,True,False,20794.95850197165,1201.2479250985825,10397.479250985825,681.3739625492913,1362.7479250985825,161.5,True,False
pool16erldmmx5nvrwncujtp6lxs9tmvgxcpthd600pe6axm5z3p6522,XRAY8,150927.223124,100.0,444.970685,340.0,0.01,True,44.82461738619498,44.82461738619498,22.4123043596596,22.4123043596596,44.8246087193192,-8.666875778828853e-06,False,True,44.82461738619498,44.82461738619498,22.4123043596596,22.4123043596596,44.8246087193192,-8.666875778828853e-06,False,True
pool16eua0zalaln7q0s9u7jzlyygqad0pu2l2qdxx8r8ueqrw2jdhqf,ETO9,54629264.107418,0.0,0.0,340.0,1.0,True,16224.607225186104,16224.607225186104,8112.303612593052,8112.303612593052,16224.607225186104,0.0,False,False,16224.607225186104,16224.607225186104,8112.303612593052,8112.303612593052,16224.607225186104,0.0,False,False
pool16f95up5u5lyqne5mnxmlhe0rgdgmya27mph288r6gw0ukegjffa,MARAC,63762546.456536,100000.0,100237.084746,170.0,0.0,True,18944.47039356096,199.51416285081152,9470.40255839523,184.62057730164912,369.24115460329824,169.72699175248673,True,False,18944.47039356096,114.64778599914699,9470.40255839523,99.75420044998461,199.50840089996922,84.86061490082223,True,False
pool16fa03u6u85ek2q8lryqprngpahglssj5qqh66pfaxf34vgu5rhl,AFCH1,340435.414159,1.0,3.415849,340.0,0.0,True,101.10754724401606,101.10754724401606,50.55377352419753,50.55377352419753,101.10754704839506,-1.9562099851100356e-07,False,True,101.10754724401606,101.10754724401606,50.55377352419753,50.55377352419753,101.10754704839506,-1.9562099851100356e-07,False,True
pool16fyda57p3c8gp5r6gmcq5tvqsp6mnzwvkxswgznkuh8wztrp6vv,HRMS,41005233.156591,100000.0,111975.214626,340.0,0.02,True,12183.047998384469,608.5546045240629,6090.346468114426,470.39565674575243,940.7913134915049,332.2367089674419,True,False,12183.047998384469,442.40954818175294,6090.346468114426,304.2506004034425,608.501200806885,166.09165262513204,True,False
pool16g4atk6yaj7hxexrlhyf96gtxts3kjs5wszvxmq0paw3xdre68q,,18.114811,10000.0,1.289068,340.0,0.0,False,0.0,0.0,0.0,0.0,0.0,0.0,False,False,0.0,0.0,0.0,0.0,0.0,0.0,False,False
pool16ga833sw8tzuvv83gq2gp6zyuwhj3lka4nevnauj5grpuq8y2al,UNIF1,233.445021,100.0,198.619454,345.0,1.0,True,0.06933197204987926,0.06933197204987926,0.034665982190906657,0.034665982190906657,0.06933196438181331,-7.668065946098146e-09,False,True,0.06933197204987926,0.06933197204987926,0.034665982190906657,0.034665982190906657,0.06933196438181331,-7.668065946098146e-09,False,True
pool16gkhcchdyqr7a9vtupchcdaq4nu77tq9t0ny0k9m877u7zv03v2,0000,2158.538449,1000.0,1182.866914,340.0,0.0199,True,0.6410760207953892,0.6410760207953892,0.3205376775250498,0.3205376775250498,0.6410753550500996,-6.657452895630911e-07,False,True,0.6410760207953892,0.6410760207953892,0.3205376775250498,0.3205376775250498,0.6410753550500996,-6.657452895630911e-07,False,True
pool16hs0jxw7h6pwg3ru7rcq3yvg4csj7lhmcpj68kqem2sh5nt8mwk,NUFI7,25305884.814751,1000.0,1002.83078,340.0,0.03,True,7515.745215194745,555.5481885983339,3757.86533708919,442.6673411874497,885.3346823748994,329.7864937765655,True,False,7515.745215194745,390.6547233153309,3757.86533708919,277.7738759044467,555.5477518088934,164.8930284935625,True,False
pool16j3mvwws7zc9pjluyhddgea0tq647v0dh3y4nkcuckg9znjcun2,ITC3,18925657.135335,100000.0,100007.471898,340.0,0.0399,True,5622.988037946038,577.5938630045849,2810.952085402093,451.1270832061488,902.2541664122976,324.6603034077127,True,False,5622.988037946038,415.23933871277586,2810.952085402093,288.7725589143397,577.5451178286794,162.30577911590353,True,False
pool16j549cl7ftj9ejw9sx5v50zjyuh8l49stmakrfrea4rxy0e7us5,WRHP,138.439464,100.0,103.660397,345.0,0.01,True,0.04111580497920853,0.04111580497920853,0.02055790138518913,0.02055790138518913,0.04111580277037826,-2.2088302714662333e-09,False,True,0.04111580497920853,0.04111580497920853,0.02055790138518913,0.02055790138518913,0.04111580277037826,-2.2088302714662333e-09,False,True
pool16jczz0dlv557vgywgftd4m3vwnwjnl38wpn7wu5gqryz7aedahd,,109.063264,71000.0,1.072967,340.0,0.02,False,0.0,0.0,0.0,0.0,0.0,0.0,False,False,0.0,0.0,0.0,0.0,0.0,0.0,False,False
pool16jefdagcsgzyek9jytzfezx5ajvfkytjgghaps64hzz6uzkpc0e,NGS,5776426.477938,12400.0,109547.685448,340.0,0.01,True,1715.6507655588707,379.58430349927147,857.8048426083374,354.8998165496414,709.7996330992828,330.21532960001133,True,False,1715.6507655588707,214.47604765654842,857.8048426083374,189.79156070691835,379.5831214138367,165.10707375728828,True,False
pool16jhjt6nly4s5thsjc0yek6h9prwtkqhq6dff2mkjypweut69zh3,IRN,98.903851,0.0,1.577976,340.0,0.0,True,0.029373929188905808,0.029373929188905808,0.014686964594452904,0.014686964594452904,0.029373929188905808,0.0,False,False,0.029373929188905808,0.029373929188905808,0.014686964594452904,0.014686964594452904,0.029373929188905808,0.0,False,False
pool16k6ztd3t657dc88qc3gkpmntwyjvkaz04d335fwpl5jcj5hxyjg,,807643.959054,0.0,1689.608408,170.0,1.0,True,239.86605398307225,239.86605398307225,119.93302699153612,119.93302699153612,239.86605398307225,0.0,False,False,239.86605398307225,239.86605398307225,119.93302699153612,119.93302699153612,239.86605398307225,0.0,False,False
pool16kja6em4zlu8cmlr5la32yrsx5jqpejdqktadw9nv3cwx2s6ccf,,10.984954,0.0,0.0,340.0,0.025,True,0.003262474187576251,0.003262474187576251,0.0016312370937881255,0.0016312370937881255,0.003262474187576251,0.0,False,False,0.003262474187576251,0.003262474187576251,0.0016312370937881255,0.0016312370937881255,0.003262474187576251,0.0,False,False
pool16knnvtezwzmgpnu8v03wht6y4u7mwfc7qz6y2yk62w4as4qymat,LAMB,835002.385774,50000.0,50360.879107,340.0,0.025,True,248.0365032657991,248.0365032657991,124.00696304433063,124.00696304433063,248.01392608866126,-0.02257717713783336,False,True,248.0365032657991,176.53980633753235,124.00696304433063,124.00696304433063,248.01392608866126,71.47411975112891,True,False
pool16kus5xvdysgmtjp0hhlwt72tsm0yn2zcn0a8wg9emc6c75lxvmc,EDEN,33188349.828851,1000.0,1027.79353,340.0,0.01,True,9856.805373983896,435.45982774878155,4928.3931517223655,386.0246062302048,772.0492124604096,336.5893847116281,True,False,9856.805373983896,267.1650397479316,4928.3931517223655,217.72981822935486,435.4596364587097,168.29459671077814,True,False
pool16l00309tdqza9606rltqtrqejx7tcr2swa86jrmz459txfnkgq7,,5038.267335,100.0,4225.926615,340.0,0.0,True,1.4963397538863743,1.4963397538863743,0.7481697350611376,0.7481697350611376,1.4963394701222752,-2.837640991071311e-07,False,True,1.4963397538863743,1.4963397538863743,0.7481697350611376,0.7481697350611376,1.4963394701222752,-2.837640991071311e-07,False,True
pool16l9ph0cm42qk4h8wqlka3fw7ws7rvnj5n59xzy8ky4l8gnudugk,RKDN,160678.602252,4500.0,5790.20531,170.0,0.01,True,47.72151666156206,47.72151666156206,23.86055638957523,23.86055638957523,47.72111277915046,-0.00040388241160371763,False,True,47.72151666156206,47.72151666156206,23.86055638957523,23.86055638957523,47.72111277915046,-0.00040388241160371763,False,True
pool16lsx9mj2s2wr337hv9402enw0886d09grx5c0d4pk97w63kjn2a,,2273.931246,25000.0,28622.496493,340.0,0.0,True,0.6746928261812803,0.6746928261812803,0.3375096413334361,0.3375096413334361,0.6750192826668722,0.0003264564855918195,True,False,0.6746928261812803,0.6746928261812803,0.3375096413334361,0.3375096413334361,0.6750192826668722,0.0003264564855918195,True,False
pool16m6c5rcpm63k2606lkqadg3x5pykjwr4pthhj9h4ancquafwhjl,,2849.951108,100.0,109.852906,345.0,0.01,True,0.8464209679306036,0.8464209679306036,0.4232104049560693,0.4232104049560693,0.8464208099121386,-1.580184649796479e-07,False,True,0.8464209679306036,0.8464209679306036,0.4232104049560693,0.4232104049560693,0.8464208099121386,-1.580184649796479e-07,False,True
pool16m8xz3av9e3lwnxgu0jfnuwckgayev63zpzcu56hsxx7vy4eqzn,EZP,100.609921,550000.0,967272.282908,340.0,0.01,True,0.0,0.0,0.0,0.0,0.0,0.0,False,False,0.0,0.0,0.0,0.0,0.0,0.0,False,False
pool16nnl8ymck6c20x86lfd5p9q3yp9w749cam26y985459ww6kjtz8,ska1,64401.858412,50000.0,50105.884234,340.0,0.05,True,19.127846839311285,19.127846839311285,9.563715634158383,9.563715634158383,19.127431268316766,-0.0004155709945194985,False,True,19.127846839311285,19.127846839311285,9.563715634158383,9.563715634158383,19.127431268316766,-0.0004155709945194985,False,True
pool16nvyyawrxy0rsx99g332y3yasnnz42arrqhrsxq8pv7nwsya9nu,WILD,3.401976,3000.0,685.568799,340.0,0.01,False,0.0,0.0,0.0,0.0,0.0,0.0,False,False,0.0,0.0,0.0,0.0,0.0,0.0,False,False
pool16p8y0pzx8yx7vz6eqksw9xjhh3tzeymvxcstrgtk8ncw75356yw,ZPCT,818735.693117,1000.0,1005.574453,170.0,0.0,True,243.16118108325074,170.0898568552307,121.58035559275176,121.58035559275176,243.16071118550352,73.07085433027282,True,False,243.16118108325074,85.19425419520692,121.58035559275176,85.0449281390502,170.0898562781004,84.89560208289348,True,False
pool16pfjyderm8gvzfpcrlk9xunhjetcp4w20g73gzzrvsgncte60e4,,76827873.817154,76800000.0,76891675.97903,340.0,1.0,True,29537.245136565507,29537.245136565507,12249.017723392002,12249.017723392002,24498.035446784004,-5039.209689781503,False,True,29537.245136565507,29537.245136565507,12249.017723392002,12249.017723392002,24498.035446784004,-5039.209689781503,False,True
pool16pv24th2tzy8k70vk4ms35tff0fjxfm2dd2psk7cvs27wnjvlgh,SDG13,43358939.127888,10000.0,31601.489472,340.0,0.0,True,12877.877590427519,349.1380373838593,6438.814224913471,344.44502604069305,688.8900520813861,339.7520146975268,True,False,12877.877590427519,179.26193924396694,6438.814224913471,174.5689279008007,349.1378558016014,169.87591655763447,True,False
pool16q8rhnyj65mtfz8rvf38ernr0jlcr5gcdpjzv0wgtqvcc5yw7g7,,501.132556,100.0,482.150026,345.0,0.01,True,0.14883380803507346,0.14883380803507346,0.07441689249253602,0.07441689249253602,0.14883378498507205,-2.305000140756519e-08,False,True,0.14883380803507346,0.14883380803507346,0.07441689249253602,0.07441689249253602,0.14883378498507205,-2.305000140756519e-08,False,True
pool16qhf24jz4pdru0gqrh9rwnvv9v05a6fq73g4md6mawavz2fg5v7,,2250.458034,100.0,164.248716,345.0,0.027,True,0.6683745749844103,0.6683745749844103,0.33418722570709136,0.33418722570709136,0.6683744514141827,-1.2357022760589587e-07,False,True,0.6683745749844103,0.6683745749844103,0.33418722570709136,0.33418722570709136,0.6683744514141827,-1.2357022760589587e-07,False,True
pool16qr7dz5q4vwf3n87t4lmr0d2zlr5knexpdzkuk4trc8dwed7aw3,YASP,4768582.595765,15.0,3910.565536,170.0,0.07,True,1416.2443040737676,258.18756686527684,708.122131485961,208.07895554425295,416.1579110885059,157.97034422322906,True,False,1416.2443040737676,179.20239329942422,708.122131485961,129.09378197840036,258.1875639568007,78.9851706573765,True,False
pool16r36znhvh3h2lk55vu89hsx3ug94sx2etqv9s2006d8awufhaz7,,52.037404,0.0,52.037404,340.0,0.0,True,0.015454838257718435,0.015454838257718435,0.007727419128859218,0.007727419128859218,0.015454838257718435,0.0,False,False,0.015454838257718435,0.015454838257718435,0.007727419128859218,0.007727419128859218,0.015454838257718435,0.0,False,False
pool16r6g7plyuh4cqs9f3qy97l4rh5edwx3w9xvd205mhj2e58cpp28,LQWD,18257811.825353,10000000.0,15988021.194212,250.0,1.0,True,5544.442137640085,5544.442137640085,2738.346232588131,2738.346232588131,5476.692465176262,-67.74967246382312,False,True,5544.442137640085,5544.442137640085,2738.346232588131,2738.346232588131,5476.692465176262,-67.74967246382312,False,True
pool16rahfu936wdfq34wf6t8rqxvdjxayra5f7y80xq0udnqglrqel9,4KOMA,8228495.097189,5000.0,38216.750516,170.0,0.0,True,2443.867491253859,180.56084078477218,1221.9219309873108,174.88558813294844,349.7711762658969,169.2103354811247,True,False,2443.867491253859,95.9556181718268,1221.9219309873108,90.28036552000306,180.56073104000612,84.60511286817932,True,False
pool16rcqtg9gywenzkp6t5qg8um5tuul6d4dzwauppz7z3ufyaj0ky3,C2VN,11231.986424,100.0,151.053519,340.0,0.01,True,3.3358428116288446,3.3358428116288446,1.6679210859797695,1.6679210859797695,3.335842171959539,-6.396693055243929e-07,False,True,3.3358428116288446,3.3358428116288446,1.6679210859797695,1.6679210859797695,3.335842171959539,-6.396693055243929e-07,False,True
pool16rru46dcyk2h5qjwq6gnxwumdj8zkjjnhxdtvpclyq8h6q9apua,,709.842356,1001.0,29.020326,340.0,0.03,False,0.0,0.0,0.0,0.0,0.0,0.0,False,False,0.0,0.0,0.0,0.0,0.0,0.0,False,False
pool16sm29hg3qrk5lyp74qcljt38l86v5zvg95395h9gqrn6qe97d9z,,49203.342074,1000.0,5791.895947,340.0,0.01,True,14.613192008311993,14.613192008311993,7.306582154540163,7.306582154540163,14.613164309080325,-2.7699231667455138e-05,False,True,14.613192008311993,14.613192008311993,7.306582154540163,7.306582154540163,14.613164309080325,-2.7699231667455138e-05,False,True
pool16tcjctesjnks0p8sfrlf8f3d3vrp2fdn2msy80sgg3cdjtayu3z,TAPSY,6967818.211174,5.0,9.773409,340.0,0.01,True,2069.4057979214767,357.29645947244853,1034.7028889510964,346.94799357014824,693.8959871402965,336.59952766784795,True,False,2069.4057979214767,188.9966955384142,1034.7028889510964,178.64822963611394,357.2964592722279,168.29976373381368,True,False
pool16uf3j299ndwd3xmv6fvh648pc3s4c3y80g2t0y2rwew3xz6c3aa,GLOB,6521.75484,3000.0,4065.410123,340.0,0.02,True,1.936939400267515,1.936939400267515,0.9684666642925363,0.9684666642925363,1.9369333285850725,-6.071682442598814e-06,False,True,1.936939400267515,1.936939400267515,0.9684666642925363,0.9684666642925363,1.9369333285850725,-6.071682442598814e-06,False,True
pool16uja2pt05ddq9mzcsw9xkv40qdl7sm00nvpj0h4arn0fgl2xrae,,2532.541028,100.0,2532.541028,340.0,0.02,True,0.7521517890530462,0.7521517890530462,0.37607582463684375,0.37607582463684375,0.7521516492736875,-1.3977935875431058e-07,False,True,0.7521517890530462,0.7521517890530462,0.37607582463684375,0.37607582463684375,0.7521516492736875,-1.3977935875431058e-07,False,True
pool16utp8esfwwpwf4fzlvtulugtdj9mapt42gdwza962pk8q2f45yt,DRMZ,576896.412917,20000.0,21153.396419,340.0,0.01,True,171.34803688012616,171.34803688012616,85.67081710987496,85.67081710987496,171.34163421974992,-0.0064026603762386,False,True,171.34803688012616,170.06241532886605,85.67081710987496,85.67081710987496,171.34163421974992,1.2792188908838682,True,False
pool16v0jqnz2zuqsdrf6z94ec5rx9ds0xeghsvmddauzt6j5w2u7lsm,IBEX,12609984.899542,5.0,3824.309617,340.0,0.024,True,3745.099982799049,422.73030125824585,1872.5499732846035,377.23483058460147,754.4696611692029,331.7393599109571,True,False,3745.099982799049,256.8606208626473,1872.5499732846035,211.36515018900286,422.7303003780057,165.86967951535843,True,False
pool16vdezg50c80dhs78jhfl0gpqr68trtmqy40xplw39t9mgk6vrkd,BNP,32241675.842833,2.0,55006.192664,345.0,0.06,True,9575.610058586142,913.6396886493926,4787.805010766306,618.6932057596935,1237.386411519387,323.7467228699943,True,False,9575.610058586142,751.7663260730783,4787.805010766306,456.81984318337913,913.6396863667583,161.87336029367998,True,False
pool16vxqq0ttyvfkt84f6ksncskgdk0r9w8ulaum0af8cmmfgsf5hua,,113.068208,100.0,101.619014,345.0,0.02,True,0.03358067102816231,0.03358067102816231,0.016790335138611102,0.016790335138611102,0.033580670277222203,-7.509401087069101e-10,False,True,0.03358067102816231,0.03358067102816231,0.016790335138611102,0.016790335138611102,0.033580670277222203,-7.509401087069101e-10,False,True
pool16w2mssm03rrk5jzkcvxyma77zcxx4vsjhwz77hka33gnsk9j47n,,2115.669529,25000.0,0.0,340.0,0.01,False,0.0,0.0,0.0,0.0,0.0,0.0,False,False,0.0,0.0,0.0,0.0,0.0,0.0,False,False
pool16wt6mzvytu9key68efv7cx6zfkqn0d9kzlnt746cyuv0zj3nxh8,BANAN,301578.459965,10000.0,16075.03458,170.0,0.0,True,89.57058500775273,89.57058500775273,44.78445459973393,44.78445459973393,89.56890919946785,-0.0016758082848724598,False,True,89.57058500775273,85.24362586127332,44.78445459973393,44.78445459973393,89.56890919946785,4.325283338194538,True,False
pool16x5fslqfvgmsyra4vmpvuzq7p5fzeln240envdwfm2jps0j3rw2,0FEES,463969.741487,500.0,8467.778153,170.0,0.0,True,137.79686568982444,137.79686568982444,68.8983662643289,68.8983662643289,137.7967325286578,-0.00013316116664441324,False,True,137.79686568982444,85.96358039298495,68.8983662643289,68.8983662643289,137.7967325286578,51.83315213567285,True,False
pool16y2dn9e7cw07wtergytxr36qlydfe7aj92xhv59e6pzezgwxtv8,NUKE,9913.172904,105000.0,500.116169,340.0,0.025,False,0.0,0.0,0.0,0.0,0.0,0.0,False,False,0.0,0.0,0.0,0.0,0.0,0.0,False,False
pool16ypn6g8sm5um7mkxyhdu7j9eq9zl35wywq5n9x8g0aujc060qzp,MOM,15811.882827,100.0,161.021654,345.0,0.15,True,4.696048742250481,4.696048742250481,2.3480239197049486,2.3480239197049486,4.696047839409897,-9.02840583627551e-07,False,True,4.696048742250481,4.696048742250481,2.3480239197049486,2.3480239197049486,4.696047839409897,-9.02840583627551e-07,False,True
pool16zjsdvuxa39w9k48c9ds7sne4c9lhclmmcly53cdat4nu7l36f6,BMP,116.948336,100.0,100.0,340.0,0.04,True,0.034733049303294024,0.034733049303294024,0.01736652416469646,0.01736652416469646,0.03473304832939292,-9.739011055942548e-10,False,True,0.034733049303294024,0.034733049303294024,0.01736652416469646,0.01736652416469646,0.03473304832939292,-9.739011055942548e-10,False,True
pool16zx2pradv3pdv6tkp2dnll3d7u8sdwld884f228xl62vy2msdt0,MORNE,10754.655804,50000.0,4.0,340.0,0.02,False,0.0,0.0,0.0,0.0,0.0,0.0,False,False,0.0,0.0,0.0,0.0,0.0,0.0,False,False
pool170028ak8q37qf4e5lf7z8eyuscgcrqgzn9lh58a4g9ngzd83a0h,AQUA,1134109.469352,1000000.0,1006018.290086,340.0,0.0325,True,336.9955480748012,336.9955480748012,168.45293858686853,168.45293858686853,336.90587717373705,-0.08967090106415299,False,True,336.9955480748012,318.7473446146597,168.45293858686853,168.45293858686853,336.90587717373705,18.158532559077344,True,False
pool17037mqf5k46e6jpaue46lfy55v827re9cgm3qp8vsp33q8zufvy,BEAN,3.080875,13300.0,3.080875,340.0,0.035,False,0.0,0.0,0.0,0.0,0.0,0.0,False,False,0.0,0.0,0.0,0.0,0.0,0.0,False,False
pool170hmssk80z2ameg7jhj5m8psnkjejcc77vfpd0875yggxhhntd0,21ADA,8158285.18211,25000.0,27368.48783,340.0,0.02,True,2423.2020083941857,388.51275969541484,1211.5425563295776,360.29612799391265,720.5922559878253,332.07949629241045,True,False,2423.2020083941857,222.47165043908197,1211.5425563295776,194.2550187375798,388.5100374751596,166.03838703607764,True,False
pool170jjhp3s7gw23clx6yvfdfvv9t6egwazjhk3gy5y0xnq6y8mjjt,CALVA,596.78869,101.0,109.229272,340.0,0.0,True,0.17724319361967275,0.17724319361967275,0.08862158242281096,0.08862158242281096,0.17724316484562191,-2.8774050836455345e-08,False,True,0.17724319361967275,0.17724319361967275,0.08862158242281096,0.08862158242281096,0.17724316484562191,-2.8774050836455345e-08,False,True
pool172gxn08m64vyfvpn926t3q8md5qf0q9k3y6kqz6krj8ry0tntmz,,552.424253,550.0,552.424253,340.0,0.01,True,0.16406713062825667,0.16406713062825667,0.08203356493011663,0.08203356493011663,0.16406712986023325,-7.68023422637043e-10,False,True,0.16406713062825667,0.16406713062825667,0.08203356493011663,0.08203356493011663,0.16406712986023325,-7.68023422637043e-10,False,True
pool172vhywk0n2m7r47a8wq78xzc7nnytu3x78wyftmdedvjyzxjc7s,,70.449031,0.0,47.627732,340.0,1.0,True,0.020922995688216733,0.020922995688216733,0.010461497844108367,0.010461497844108367,0.020922995688216733,0.0,False,False,0.020922995688216733,0.020922995688216733,0.010461497844108367,0.010461497844108367,0.020922995688216733,0.0,False,False
pool173f5kzeuz485kshvga3t7un8u699w2rgn77apjx078xd73kzj6y,,347.620334,250.0,347.620334,340.0,0.01,True,0.10324145871292181,0.10324145871292181,0.05162072234449529,0.05162072234449529,0.10324144468899057,-1.4023931238504872e-08,False,True,0.10324145871292181,0.10324145871292181,0.05162072234449529,0.05162072234449529,0.10324144468899057,-1.4023931238504872e-08,False,True
pool173mzegwuu0pjcrt60ekelzj5haqr8r5e4e0n45qh9jdz7xm5kh8,ROCKY,60065721.568395,80000.0,90397.112368,340.0,0.0199,True,17844.727561056327,714.1639218800103,8920.982879784615,523.4186905615392,1046.8373811230783,332.673459243068,True,False,17844.727561056327,547.7976754758738,8920.982879784615,357.05244415740276,714.1048883148055,166.30721283893172,True,False
pool173qemdqfjnkrjzykmc0j4nqmxuuhvvv42pawt4xka3k2vwmd4mr,CHLA,28123.657362,100.0,2104.471489,345.0,0.15,True,8.352583140717188,8.352583140717188,4.176290765206999,4.176290765206999,8.352581530413998,-1.61030319034694e-06,False,True,8.352583140717188,8.352583140717188,4.176290765206999,4.176290765206999,8.352581530413998,-1.61030319034694e-06,False,True
pool173trwz74lv2ncl0dn5fqvgnhqtmqu3yvnf6dpx7k6psuwhzn2fc,,160.317709,50.0,104.725902,340.0,0.01,True,0.04761353184169804,0.04761353184169804,0.023806764336073153,0.023806764336073153,0.047613528672146306,-3.1695517321850275e-09,False,True,0.04761353184169804,0.04761353184169804,0.023806764336073153,0.023806764336073153,0.047613528672146306,-3.1695517321850275e-09,False,True
pool173ul998qx9wnukxsz4hs47fv3slu7zcympa7gkv4m9qp5fheyex,MUSIC,12672.711973,10000.0,11608.176345,340.0,0.05,True,3.7637602595615003,3.7637602595615003,1.8818724437451686,1.8818724437451686,3.763744887490337,-1.537207116308892e-05,False,True,3.7637602595615003,3.7637602595615003,1.8818724437451686,1.8818724437451686,3.763744887490337,-1.537207116308892e-05,False,True
pool1749t2act40esvfj0w0g0ear7l3hrnjfc8l5rl8eznuh8vunjl86,,12386.367655,10000.0,10442.525441,340.0,0.01,True,3.6787141956356746,3.6787141956356746,1.8393502346396726,1.8393502346396726,3.6787004692793452,-1.37263563293466e-05,False,True,3.6787141956356746,3.6787141956356746,1.8393502346396726,1.8393502346396726,3.6787004692793452,-1.37263563293466e-05,False,True
pool174s9fj3073jx2t8zlm5x8rvyqt52uult4jn7slyrtg8gx8ay9jy,,5585.614991,5000.0,5027.517645,345.0,0.03,True,1.6589019596951287,1.6589019596951287,0.8294501378036725,0.8294501378036725,1.658900275607345,-1.6840877836710177e-06,False,True,1.6589019596951287,1.6589019596951287,0.8294501378036725,0.8294501378036725,1.658900275607345,-1.6840877836710177e-06,False,True
pool175gxtzacpcm90adjpvlhjmfpj4ft2a3zuqsgm558hf3q7ra2vf9,CSK,1640336.007702,10.0,3876.554386,200.0,0.05,True,487.1712791114785,215.0032936466424,243.58563484290403,202.27713607136027,404.55427214272055,189.55097849607816,True,False,487.1712791114785,120.22780415238074,243.58563484290403,107.50164657709863,215.00329315419725,94.77548900181651,True,False
pool175jklkquzts0u05axap90uqpym5knnjxky396mz95hhauwyzswe,ANADA,710.483479,1000.0,0.0,340.0,0.01,False,0.0,0.0,0.0,0.0,0.0,0.0,False,False,0.0,0.0,0.0,0.0,0.0,0.0,False,False
pool175p7tqqgmduq6r5ad7jca2c4jz6tp3rslz7jffx7zru3cakdmt2,GQSRN,464.078945,401.0,10.054082,340.0,0.015,False,0.0,0.0,0.0,0.0,0.0,0.0,False,False,0.0,0.0,0.0,0.0,0.0,0.0,False,False
pool1777xvdg0vydjp78cdcfrmpuqj28w3nuasf7h9a2f6cd4z990777,777,166277.662629,77700.0,87445.838814,170.0,0.007,True,49.39152525328472,49.39152525328472,24.693779633981055,24.693779633981055,49.38755926796211,-0.00396598532260839,False,True,49.39152525328472,49.39152525328472,24.693779633981055,24.693779633981055,49.38755926796211,-0.00396598532260839,False,True
pool177ukluyy3tq6mphkp7kfpe6ku48rs8x48le7y23quee0xqmal06,BNP,136190.181931,2.0,389.987841,345.0,0.06,True,40.447775802227774,40.447775802227774,20.223887822857208,20.223887822857208,40.447775645714415,-1.5651335871780248e-07,False,True,40.447775802227774,40.447775802227774,20.223887822857208,20.223887822857208,40.447775645714415,-1.5651335871780248e-07,False,True
pool177xu75tv2wqnz2cg879yekswm3wqqvwfgzhulkglrfksslsyj9r,PUP,13932.545792,2000.0,2463.217672,340.0,0.02,True,4.1379210422552095,4.1379210422552095,2.0689536641184887,2.0689536641184887,4.137907328236977,-1.3714018232136027e-05,False,True,4.1379210422552095,4.1379210422552095,2.0689536641184887,2.0689536641184887,4.137907328236977,-1.3714018232136027e-05,False,True
pool178jmsy6t03udg2urvckseyync6y2jkq26haj7vxtwszc7ycq5ws,ROLL,3102.848977,500.0,562.621754,340.0,0.0,True,0.9215314989229911,0.9215314989229911,0.46076537554383085,0.46076537554383085,0.9215307510876617,-7.478353294398943e-07,False,True,0.9215314989229911,0.9215314989229911,0.46076537554383085,0.46076537554383085,0.9215307510876617,-7.478353294398943e-07,False,True
pool1796kveuwxrquwhwnne5g99er50q6alcaf7yjf3kd6xr5vemfaqc,,3779.374885,0.0,2.07065,340.0,0.075,True,1.1224546782341067,1.1224546782341067,0.5612273391170534,0.5612273391170534,1.1224546782341067,0.0,False,False,1.1224546782341067,1.1224546782341067,0.5612273391170534,0.5612273391170534,1.1224546782341067,0.0,False,False
pool179dpweul0jsfv9ls67ner4n286fh6hqtskaw6nux97t52dt5gxa,GET23,1654.49535,1.0,1047.64119,340.0,0.01,True,0.49137651315738756,0.49137651315738756,0.24568825610362666,0.24568825610362666,0.4913765122072533,-9.501342490558784e-10,False,True,0.49137651315738756,0.49137651315738756,0.24568825610362666,0.24568825610362666,0.4913765122072533,-9.501342490558784e-10,False,True
pool179mnckg6xz4w5x6k9056yl7r2ej8fd8uu68fc2vlsmulg7lzwhy,,57436.266933,101.0,450.496954,341.0,0.01,True,17.05827911576313,17.05827911576313,8.529137894100941,8.529137894100941,17.058275788201883,-3.327561248767097e-06,False,True,17.05827911576313,17.05827911576313,8.529137894100941,8.529137894100941,17.058275788201883,-3.327561248767097e-06,False,True
pool179u2dtcn92xv7n05dldlevt6hcu5v3p7g4aaqva2fm8qjzu7lpc,RISUP,3734.720474,1000.0,1802.630979,340.0,0.02,True,1.1091956934011815,1.1091956934011815,0.5545970609650152,0.5545970609650152,1.1091941219300303,-1.5714711512071489e-06,False,True,1.1091956934011815,1.1091956934011815,0.5545970609650152,0.5545970609650152,1.1091941219300303,-1.5714711512071489e-06,False,True
pool17agmzy52u2hh2f8zkuvzrvth94wdr3erlpng50thrlmryqvkz57,,8.585987,1000.0,1.0,170.0,0.015,False,0.0,0.0,0.0,0.0,0.0,0.0,False,False,0.0,0.0,0.0,0.0,0.0,0.0,False,False
pool17ahr5ygy48vpdfnatqn2z4wfu2te4quapk2yx3k50ce6kd7feg0,ST3AK,52098555.409452,2789000.0,3014145.774044,170.0,0.0199,True,15637.056112234573,1354.8288030635651,7776.763097314829,752.7037770070863,1505.4075540141725,150.5787509506074,True,False,15637.056112234573,1276.3400905076405,7776.763097314829,674.2150644511617,1348.4301289023233,72.09003839468278,True,False
pool17ajuw0arwq8klfe4xy8tcqj4yetp8kerl4amzn5dsnne20wlnsa,,35238.573775,10000.0,7706.172841,340.0,0.0,False,0.0,0.0,0.0,0.0,0.0,0.0,False,False,0.0,0.0,0.0,0.0,0.0,0.0,False,False
pool17am8pt0vu7zp8du7edlnz7x9sq4pln22rsn802gkr062vtp6fdp,HODLR,136361.132606,2001.0,7601.347618,170.0,0.0,True,40.49885593776447,40.49885593776447,20.249350721001043,20.249350721001043,40.49870144200209,-0.00015449576238069085,False,True,40.49885593776447,40.49885593776447,20.249350721001043,20.249350721001043,40.49870144200209,-0.00015449576238069085,False,True
pool17arsgklktp9sayk5kzaakwvl3jwyczp07guux2yd0upgqh04qjl,RMH,70025603.129351,0.0,0.0,340.0,0.05,True,20797.239813563752,1362.8619906781878,10398.619906781876,842.9309953390939,1685.8619906781878,323.0,True,False,20797.239813563752,1201.3619906781876,10398.619906781876,681.4309953390939,1362.8619906781878,161.50000000000023,True,False
pool17c4u37tjcjaeym0cs5mffvdkyyv74rkhczhnsgplef4sjglkwpj,BNP,32149973.913401,2.0,34174.605513,345.0,0.06,True,9548.375062423373,906.3984803957745,4774.187512737615,615.1768777403382,1230.3537554806765,323.9552750849019,True,False,9548.375062423373,744.42084172642,4774.187512737615,453.19923907098377,906.3984781419675,161.97763641554752,True,False
pool17cacd3k230r83pw5xny6d493t9wn5ww730m6wayuqsrhqwzyecv,,1923.412781,500.0,349.297658,340.0,0.01,False,0.0,0.0,0.0,0.0,0.0,0.0,False,False,0.0,0.0,0.0,0.0,0.0,0.0,False,False
pool17d6xuyhwkvp5g44q5jwukrfldhvcz3equ2tk34yuyrd0jlh4jjy,,12.611753,800.0,3.477772,340.0,0.02,False,0.0,0.0,0.0,0.0,0.0,0.0,False,False,0.0,0.0,0.0,0.0,0.0,0.0,False,False
pool17d6yemu3wsv9t3lf507z6vuu00slpyw3qstavfdtztjjy42qcp7,,99.280884,100.0,2.624602,345.0,1.0,False,0.0,0.0,0.0,0.0,0.0,0.0,False,False,0.0,0.0,0.0,0.0,0.0,0.0,False,False
pool17dqwaa26crnkecs7lydfr8826k3evkv5ypdf7wx8fu5mzexxa2x,,156.277982,100.0,155.020293,340.0,0.01,True,0.04641375406845147,0.04641375406845147,0.023206875417289663,0.023206875417289663,0.046413750834579326,-3.233872142294203e-09,False,True,0.04641375406845147,0.04641375406845147,0.023206875417289663,0.023206875417289663,0.046413750834579326,-3.233872142294203e-09,False,True
pool17dx6ld5544pngfc4w6ere708zmjga7wmykeelqhqt4tpkjcpup2,,4.0,176500.0,4.0,345.0,0.02,False,0.0,0.0,0.0,0.0,0.0,0.0,False,False,0.0,0.0,0.0,0.0,0.0,0.0,False,False
pool17e4rdh59t4fmn4g3p02xvs853katrjzge830tsmd3sfdc645yvt,GAIA,582539.431247,0.0,2543.434226,170.0,0.03,True,173.01118035530124,170.1030881559713,86.50559017765062,86.50559017765062,173.01118035530124,2.9080921993299285,True,False,173.01118035530124,88.01307434863949,86.50559017765062,85.05154407798565,170.1030881559713,82.09001380733181,True,False
pool17edtg9kt83mpguyh87u6ju2fkgjta4jjmmyzj9n8tsf4uwalg7h,,146.685847,10.0,112.542179,340.0,0.01,True,0.04356493498070264,0.04356493498070264,0.021782467097637995,0.021782467097637995,0.04356493419527599,-7.854266473317217e-10,False,True,0.04356493498070264,0.04356493498070264,0.021782467097637995,0.021782467097637995,0.04356493419527599,-7.854266473317217e-10,False,True
pool17etnr2ngwpnqwuvdzszzd36u67kzcsrs8scuxf0a63hezy9zvpv,ARARE,6588.687945,5000.0,6070.335122,340.0,0.02,True,1.9568151726826872,1.9568151726826872,0.9784053031894283,0.9784053031894283,1.9568106063788566,-4.566303830610963e-06,False,True,1.9568151726826872,1.9568151726826872,0.9784053031894283,0.9784053031894283,1.9568106063788566,-4.566303830610963e-06,False,True
pool17f450fgggph94ectjspqersd3u88cggvf3nu45k3xj2fwdqxjpp,,94.912118,10000.0,94.912118,342.0,0.03,False,0.0,0.0,0.0,0.0,0.0,0.0,False,False,0.0,0.0,0.0,0.0,0.0,0.0,False,False
pool17fge0jukcp0vqwu0chh3jh4g0emt4rat8vxucrx5n8s5qz6fegp,TRADA,73980.188046,25000.0,25576.475145,340.0,0.01,True,21.9731388989147,21.9731388989147,10.98621737896471,10.98621737896471,21.97243475792942,-0.0007041409852810432,False,True,21.9731388989147,21.9731388989147,10.98621737896471,10.98621737896471,21.97243475792942,-0.0007041409852810432,False,True
pool17gfj5t240hqaqr7vtrlrlhmyazw3lcyqvfd06v4kpxv7qxpdzau,EVOC,957023.134097,45000.0,54011.459978,170.0,0.0,True,284.2780866796837,176.44950585325824,142.12724103129418,142.12724103129418,284.25448206258835,107.8049762093301,True,False,284.2780866796837,96.24664600020131,142.12724103129418,88.22408684041547,176.44817368083093,80.20152768062962,True,False
pool17gvd032slmxg267lp8rwcykkfa52txm8ylefhmdsdkytzugrtaw,STPZ1,1231194.294684,12000.0,33146.128209,170.0,0.03,True,365.6751165372849,180.98016697786426,182.83335383037556,170.72013432488075,341.4402686497615,160.46010167189723,True,False,365.6751165372849,100.74988021291746,182.83335383037556,90.48984755993392,180.97969511986784,80.22981490695038,True,False
pool17h6slydr6rd9vquqa38p5cf9xqnpc24w6a99rhllcjzljgugx6x,NETA1,1405036.919509,880.0,3250.39087,340.0,0.05,True,417.2900753239843,344.0343653578073,208.64468263799006,208.64468263799006,417.2893652759801,73.25499991817281,True,False,417.2900753239843,182.90797698196909,208.64468263799006,172.01716414746184,344.0343282949237,161.1263513129546,True,False
pool17j4er5hpzkzyzpqzc98hxc7srvt5pvuye9q86mcrxluhjjj2aaj,PIXB,14816.950921,10000.0,2.828258,340.0,0.0,False,0.0,0.0,0.0,0.0,0.0,0.0,False,False,0.0,0.0,0.0,0.0,0.0,0.0,False,False
pool17k2dpgvx8spkdhgf5j7x5u7pqjpvlwa76sugwen8l3xtk7kq3c4,,27219.602099,105.0,134.259515,170.0,0.0,True,8.084083482386585,8.084083482386585,4.042040923208141,4.042040923208141,8.084081846416282,-1.635970303226486e-06,False,True,8.084083482386585,8.084083482386585,4.042040923208141,4.042040923208141,8.084081846416282,-1.635970303226486e-06,False,True
pool17k4f0mdwyulkqhyu2mudavu2qqqd7hfc9xtxmxtk8dudvznma8k,TTPL,218.112148,200.0,201.0,340.0,0.05,True,0.06477817736689456,0.06477817736689456,0.032389087642635525,0.032389087642635525,0.06477817528527105,-2.081623512451003e-09,False,True,0.06477817736689456,0.06477817736689456,0.032389087642635525,0.032389087642635525,0.06477817528527105,-2.081623512451003e-09,False,True
pool17k568pj9x6qwmvutn97p5wgzvgmjf7m46sz3vzudq62swqdfh4a,KDK,1753.913248,90.0,120.363176,345.0,0.15,True,0.5209032818325577,0.5209032818325577,0.2604515978907729,0.2604515978907729,0.5209031957815458,-8.605101198266851e-08,False,True,0.5209032818325577,0.5209032818325577,0.2604515978907729,0.2604515978907729,0.5209031957815458,-8.605101198266851e-08,False,True
pool17kew7rtakc7g6qzydntann5umw08xq3ll2j7spk7en4kvff69fa,BLOOM,13637592.089267,1000000.0,1000001.0,340.0,0.04,True,4065.0197261448534,751.2188176912161,2028.8031366106427,526.433275581328,1052.866551162656,301.6477334714398,True,False,4065.0197261448534,599.9857515994713,2028.8031366106427,375.2002094895829,750.4004189791658,150.4146673796945,True,False
pool17lue2fr93qlstfjwgstpkt22y5lg6h44ry3rz7jxe0mqqnq53wf,ORBST,62.60247,50.0,62.60247,170.0,1.0,True,0.018592608617975445,0.018592608617975445,0.009296304127945545,0.009296304127945545,0.01859260825589109,-3.620843555540709e-10,False,True,0.018592608617975445,0.018592608617975445,0.009296304127945545,0.009296304127945545,0.01859260825589109,-3.620843555540709e-10,False,True
pool17m2zg7dcg54a8gz2jgkwz2s3fzzth2gyf466k7sy4dl7wchp3lv,YOLO,6.502255,1000.0,6.502255,340.0,0.03,False,0.0,0.0,0.0,0.0,0.0,0.0,False,False,0.0,0.0,0.0,0.0,0.0,0.0,False,False
pool17m39tt99rq96gv9s4cp7u93auavams3khrdtzfapngxgjs3tj7s,,5.885306,2500.0,5.885306,340.0,0.0,False,0.0,0.0,0.0,0.0,0.0,0.0,False,False,0.0,0.0,0.0,0.0,0.0,0.0,False,False
pool17mr554wv653z4ttr3rydt5dsxg6r28ysu5mlz9cc5ax32gsleh9,,471199.213797,40000.0,62735.629901,340.0,0.0069,True,139.96354832087965,139.96354832087965,69.9768144413208,69.9768144413208,139.9536288826416,-0.00991943823805741,False,True,139.96354832087965,139.96354832087965,69.9768144413208,69.9768144413208,139.9536288826416,-0.00991943823805741,False,True
pool17n47upcpnzsdks0yd409nf79sg6hqy73twg87eddwh24uj745rt,HEPHY,824833.925977,25000.0,26831.176014,170.0,0.0,True,244.99437246348307,172.4395058741598,122.49143834226574,122.49143834226574,244.98287668453148,72.54337081037167,True,False,244.99437246348307,90.2044866652792,122.49143834226574,86.21956596291531,172.43913192583062,82.23464526055142,True,False
pool17p4syst04f92ylfzlcn8qwq8w5muxkwqn0a5fl98ksxhwj6y7g7,,197.226148,100.0,197.226148,340.0,0.01,True,0.058575151039089286,0.058575151039089286,0.02928757272612113,0.02928757272612113,0.05857514545224226,-5.586847026672892e-09,False,True,0.058575151039089286,0.058575151039089286,0.02928757272612113,0.02928757272612113,0.05857514545224226,-5.586847026672892e-09,False,True
pool17p8a9e5ljeucdvmsl62a667y7lwwx9xzwzjulwu7df2q7854mh4,AGC,56318.891059,25000.0,36474.258684,340.0,0.01,True,16.727317986782683,16.727317986782683,8.363433841307357,8.363433841307357,16.726867682614714,-0.0004503041679697617,False,True,16.727317986782683,16.727317986782683,8.363433841307357,8.363433841307357,16.726867682614714,-0.0004503041679697617,False,True
pool17pappd4r69ag7ud695he8rhygzh80qvtdtv8k25hjyggzz8gc53,,1053.239172,1000.0,1053.239172,340.0,0.0298,True,0.3128066156924734,0.3128066156924734,0.1564032925441911,0.1564032925441911,0.3128065850883822,-3.060409120569929e-08,False,True,0.3128066156924734,0.3128066156924734,0.1564032925441911,0.1564032925441911,0.3128065850883822,-3.060409120569929e-08,False,True
pool17pv7m8h5dxsyt55upay8n8ake2cgcz4mcr737um2tl8d2wthzqr,MEDIA,581997.338188,5000.0,5072.461821,170.0,0.025,True,172.85349730446566,170.09558565301387,86.42591968342526,86.42591968342526,172.85183936685053,2.7562537138366565,True,False,172.85349730446566,87.94289183180878,86.42591968342526,85.04776505794214,170.0955301158843,82.15263828407551,True,False
pool17qvfg2g843gw6lurru282kkex6vp3pyj6zwj99j4u6k7zvmva5a,1PCT4,5218912.081561,50000.0,59910.63248,340.0,0.01,True,1550.2869465570748,365.85745370921757,775.069146529082,349.295134801451,698.590269602902,332.73281589368446,True,False,1550.2869465570748,199.48945779144924,775.069146529082,182.9271388836827,365.8542777673654,166.36481997591613,True,False
pool17qyahrvutlsyq7c6ceynac8ay4qkmxkd2sh43w4va5yr255x437,,103.60797,100.0,103.60797,345.0,0.03,True,0.03077102847287149,0.03077102847287149,0.015385514132769099,0.015385514132769099,0.030771028265538198,-2.0733329289535085e-10,False,True,0.03077102847287149,0.03077102847287149,0.015385514132769099,0.015385514132769099,0.030771028265538198,-2.0733329289535085e-10,False,True
pool17r3u34ywld6sehe9dd5t40ygq7rmc6yfw2k0h0hpllznwlmwsnn,ADAR,406561.561576,100000.0,151815.67882,170.0,0.025,True,120.78196025713429,120.78196025713429,60.38214968267621,60.38214968267621,120.76429936535241,-0.01766089178187258,False,True,120.78196025713429,98.92198819858214,60.38214968267621,60.38214968267621,120.76429936535241,21.842311166770273,True,False
pool17rjst78s67lvellg8s586rf076jxa3wnsdz730f4xk2zwuhrtej,NORTH,65360966.448168,10000.0,11006.626857,340.0,0.0,True,19412.6181260449,343.21178223498123,9706.121266283793,341.5772319088511,683.1544638177022,339.942681582721,True,False,19412.6181260449,173.24040981910935,9706.121266283793,171.60585949297925,343.2117189859585,169.97130916684915,True,False
pool17rns3wjyql9jg9xkzw9h88f0kstd693pm6urwxmvejqgsyjw7ta,0PCT,2966381.221451,10.0,759.884097,840.0,0.0,True,880.9998239392694,840.0105027344314,440.4999034469272,440.4999034469272,880.9998068938544,40.989304159423,True,False,880.9998239392694,420.1180921832966,440.4999034469272,420.0052513650325,840.010502730065,419.8924105467684,True,False
pool17s3mr9c4ejjfq20dz0ls9ggskc770kt267s9xmw93payzdswwgg,FIKA,71803695.526176,50000.0,51462.324565,998.0,0.03,True,21329.44978846805,1622.0780664001536,10663.693115670405,1294.6904540898151,2589.3809081796303,967.3028417794767,True,False,21329.44978846805,1138.3949748534951,10663.693115670405,811.0073625431567,1622.0147250863133,483.6197502328182,True,False
pool17taqml487n9t4r9a6ppvf9qv0qlw2lu4zcrzwfdsfcv6xp7uqym,PSB,17593835.336317,50000.0,52290.700816,240.0,0.0169,True,5226.286319830776,338.83754424478013,2612.8908887151515,287.0351466318081,574.0702932636162,235.2327490188361,True,False,5226.286319830776,221.21616924715988,2612.8908887151515,169.41377163418787,338.82754326837573,117.61137402121585,True,False
pool17uux76nu89sauwvzuy99lnk50war63uye826sqc20a4ysekegd6,FGMTQ,10524.814153,2e-06,5.046709,170.0,0.1,True,3.1258150469451187,3.1258150469451187,1.5629075234725531,1.5629075234725531,3.1258150469451063,-1.2434497875801753e-14,False,False,3.1258150469451187,3.1258150469451187,1.5629075234725531,1.5629075234725531,3.1258150469451063,-1.2434497875801753e-14,False,False
pool17wdqcn6xjym38wlry6t2ull00fg7ghqejd0xuy4p20djyua800c,,98.62403,50.0,98.62403,340.0,0.05,True,0.029290826601750898,0.029290826601750898,0.014645412602363553,0.014645412602363553,0.029290825204727106,-1.3970237917881878e-09,False,True,0.029290826601750898,0.029290826601750898,0.014645412602363553,0.014645412602363553,0.029290825204727106,-1.3970237917881878e-09,False,True
pool17we8ycehylszd2n3haxut8gll239m9m9q5a8ytsc9pg9g3uuga6,HIPOO,524.777277,500.0,517.619542,345.0,0.15,True,0.15585613529736753,0.15585613529736753,0.07792806408856445,0.07792806408856445,0.1558561281771289,-7.120238620927921e-09,False,True,0.15585613529736753,0.15585613529736753,0.07792806408856445,0.07792806408856445,0.1558561281771289,-7.120238620927921e-09,False,True
pool17wph2uu643wykezxmm3ef3a8shg3hwyq2z0sgpu6r9sc7um83d9,BLKN,47332.21796,100.0,1529.740291,345.0,0.0,True,14.0574279112212,14.0574279112212,7.028712598575185,7.028712598575185,14.05742519715037,-2.7140708311890194e-06,False,True,14.0574279112212,14.0574279112212,7.028712598575185,7.028712598575185,14.05742519715037,-2.7140708311890194e-06,False,True
pool17wsk3ww9asev7kfk9ktfw2cxcq865jq2l796aue66xldwx6cy82,FUND3,342087.584942,100.0,336174.807284,170.0,0.0,True,101.59827228247175,101.59827228247175,50.7991263155431,50.7991263155431,101.5982526310862,-1.9651385557040157e-05,False,True,101.59827228247175,101.31138115331885,50.7991263155431,50.7991263155431,101.5982526310862,0.2868714777673489,True,False
pool17xextu09ghdfcmsq83whq0a45geg83jxe4qt94sevu087tzdzkl,ONYX,11944728.875218,250000.0,250392.546286,170.0,0.05,True,3550.893420963853,406.3733643302501,1774.6025549743235,282.18493371614954,564.3698674322991,157.99650310204896,True,False,3550.893420963853,327.31609409614236,1774.6025549743235,203.12766348204184,406.2553269640837,78.93923286794131,True,False
pool17xtz3a8ppy9prj4e2e5t5ggk6p68ls305x5pyyxdxc2lut0ltm2,ZLNDR,7.505346,0.0,7.426233,340.0,0.0,True,0.002229048714617163,0.002229048714617163,0.0011145243573085816,0.0011145243573085816,0.002229048714617163,0.0,False,False,0.002229048714617163,0.002229048714617163,0.0011145243573085816,0.0011145243573085816,0.002229048714617163,0.0,False,False
pool17y0uw9jraxxtqk4mhgkhkye2v6jqzn84u8hl68l9xwq3cvm2vqw,ADNT,380999.94774,100000.0,159014.546225,340.0,0.01,True,113.18735249436286,113.18735249436286,56.58558163507689,56.58558163507689,113.17116327015378,-0.01618922420907154,False,True,113.18735249436286,113.18735249436286,56.58558163507689,56.58558163507689,113.17116327015378,-0.01618922420907154,False,True
pool17y4pg5j8z8zklmplel2l3l705zx706w3mrac2etns0uccehx3nr,,1452.411459,1000.0,1035.664597,340.0,0.0,True,0.4313591669460289,0.4313591669460289,0.215679453482228,0.215679453482228,0.431358906964456,-2.599815728809851e-07,False,True,0.4313591669460289,0.4313591669460289,0.215679453482228,0.215679453482228,0.431358906964456,-2.599815728809851e-07,False,True
pool17ynruzy9lvq0x55ks22vtf4lrrdrw2ucydh4tfzhg9kkyeaw8nf,ASN,1291058.696501,1000.0,1643.116625,340.0,0.0,True,383.4391985973146,340.0552846044764,191.71922864364302,191.71922864364302,383.43845728728604,43.38317268280963,True,False,383.4391985973146,170.27164179025507,191.71922864364302,170.02764183050954,340.0552836610191,169.783641870764,True,False
pool17ywx7vha7t8snj3xzwm9863lvnpke0ufqjtx94mh49sf28srg9m,LAND,4109.515103,100.0,1.000009,345.0,0.15,False,0.0,0.0,0.0,0.0,0.0,0.0,False,False,0.0,0.0,0.0,0.0,0.0,0.0,False,False
pool17z4hzv0544uxx8q7yhedvsrtdavtz46nzwqyp2rgtku4x6d0zcn,ECOST,197.237368,50.0,197.237368,170.0,1.0,True,0.05857848060762204,0.05857848060762204,0.02928923818866374,0.02928923818866374,0.05857847637732748,-4.230294559093295e-09,False,True,0.05857848060762204,0.05857848060762204,0.02928923818866374,0.02928923818866374,0.05857847637732748,-4.230294559093295e-09,False,True
pool180fejev4xgwe2y53ky0pxvgxr3wcvkweu6feq5mdljfzcsmtg6u,CHIEN,1015400.334086,50000.0,55367.37366,170.0,0.0,True,301.62412811671777,177.1771517493836,150.79818144854445,150.79818144854445,301.5963628970889,124.41921114770531,True,False,301.62412811671777,96.81200029445154,150.79818144854445,88.5878188888812,177.1756377777624,80.36363748331087,True,False
pool18243r3ncukrk54jrx3mnr2k6lvu30dy7y6uj252cyldhqze7qe3,,391.08766,340.0,391.08766,340.0,0.05,True,0.11615102030650823,0.11615102030650823,0.05807550516246984,0.05807550516246984,0.11615101032493969,-9.9815685439264e-09,False,True,0.11615102030650823,0.11615102030650823,0.05807550516246984,0.05807550516246984,0.11615101032493969,-9.9815685439264e-09,False,True
pool183usq53j55v86q3eguw37xaqy67au9n5terk474sevuu6jy7266,,1002.944665,300000.0,0.0,340.0,0.03,False,0.0,0.0,0.0,0.0,0.0,0.0,False,False,0.0,0.0,0.0,0.0,0.0,0.0,False,False
pool1850xvydng5mkjzkwqw6566y7e6hsrgakc3y87jrnqrkrwdjua2p,BITA,14055410.005692,10.0,17.455182,340.0,1.0,True,4174.383808414597,4174.383808414597,2087.1918638246043,2087.1918638246043,4174.383727649209,-8.076538870227523e-05,False,True,4174.383808414597,4174.383808414597,2087.1918638246043,2087.1918638246043,4174.383727649209,-8.076538870227523e-05,False,True
pool1853ffwhtuka742fq4av7s3ssdpvzhdkpw53th3es36zkwrllj9g,ATLAS,6261261.916379,125000.0,140658.616868,340.0,0.0,True,1860.4451717499114,374.15664729222067,930.0016652254725,353.254327847768,706.508655695536,332.3520084033154,True,False,1860.4451717499114,207.9756801304746,930.0016652254725,187.07336068602197,374.14672137204394,166.17104124156936,True,False
pool1856hr68ypjteu686stdagfpv2sxjzguwzjxu946v8wdqzn0f67s,,101.080977,0.0,0.0,340.0,0.01,True,0.03002052428416985,0.03002052428416985,0.015010262142084925,0.015010262142084925,0.03002052428416985,0.0,False,False,0.03002052428416985,0.03002052428416985,0.015010262142084925,0.015010262142084925,0.03002052428416985,0.0,False,False
pool1859zslu3scj23wxcamw0slkhn80waxwkdl4k8k0asyw7sfa8dv5,UPBIT,31596954.914928,200000.0,31180711.307309,340.0,1.0,True,9391.366506548266,9391.366506548266,4693.872090513489,4693.872090513489,9387.744181026977,-3.622325521288076,False,True,9391.366506548266,9391.366506548266,4693.872090513489,4693.872090513489,9387.744181026977,-3.622325521288076,False,True
pool185ev4czpm5hc9xud25xlcz5lhpnl2jztqas6mgxujqke7j5mdzc,ALDIA,2178908.798827,1000.0,1295.377136,340.0,0.0,True,647.1270802199124,340.1825892840386,323.5629143610548,323.5629143610548,647.1258287221096,306.94323943807103,True,False,647.1270802199124,170.2836555210645,323.5629143610548,170.09129427000704,340.1825885400141,169.89893301894958,True,False
pool186wnrzw2zq20wt6p9aer6z33vqgv4xaxm6445fa4g4wr559e0j8,INF1,251.000039,250.0,251.000039,340.0,0.001,True,0.07454570601541947,0.07454570601541947,0.03727285293579202,0.03727285293579202,0.07454570587158404,-1.4383542967788543e-10,False,True,0.07454570601541947,0.07454570601541947,0.03727285293579202,0.03727285293579202,0.07454570587158404,-1.4383542967788543e-10,False,True
pool187k9uqvh2dacad2qyfyex7ct8q0jxepk45026s9h7mkxx9pn7at,CHESS,2338.71876,750.0,1047.052111,340.0,0.01,True,0.6945886736678761,0.6945886736678761,0.3472939944845436,0.3472939944845436,0.6945879889690872,-6.846987888886602e-07,False,True,0.6945886736678761,0.6945886736678761,0.3472939944845436,0.3472939944845436,0.6945879889690872,-6.846987888886602e-07,False,True
pool18872nzahx0h2f7j58pxrn5rjektn8na8p4amv08x2xj8qkht30g,MNKY,591730.511536,20000.0,178369.704745,340.0,0.01,True,175.75402804168513,175.75402804168513,87.87372741772589,87.87372741772589,175.74745483545178,-0.006573206233355222,False,True,175.75402804168513,171.77467471957803,87.87372741772589,87.87372741772589,175.74745483545178,3.9727801158737464,True,False
pool188837cdkhad7w2dwk2arsldyre3tcva8aardadf4ekc0j56267t,CAOW,847.833359,100.0,100.0,340.0,0.0,True,0.2518021826216642,0.2518021826216642,0.12590106982472252,0.12590106982472252,0.25180213964944503,-4.2972219171932835e-08,False,True,0.2518021826216642,0.2518021826216642,0.12590106982472252,0.12590106982472252,0.25180213964944503,-4.2972219171932835e-08,False,True
pool188ah5thmetn7vx5g5ugsq3xr0mwy672twqawn36qnzqmjrdftfp,IGUD,217787.93753,100000.0,104999.656326,340.0,0.005,True,64.69545336502517,64.69545336502517,32.34433040096851,32.34433040096851,64.68866080193702,-0.0067925630881546795,False,True,64.69545336502517,64.69545336502517,32.34433040096851,32.34433040096851,64.68866080193702,-0.0067925630881546795,False,True
pool1892ry20mvu6tvrmuua5gdmk7unw30w7tf8scpllpyq8w2sdwvc7,1GURU,59654.313452,20000.0,20013.205728,170.0,0.0,True,17.71793253997878,17.71793253997878,8.858738275069728,8.858738275069728,17.717476550139455,-0.00045598983932393367,False,True,17.71793253997878,17.71793253997878,8.858738275069728,8.858738275069728,17.717476550139455,-0.00045598983932393367,False,True
pool189elcklfyhaczaasjdyrrxmhaeepg6avn9gxjte78ntny5fqdl7,AIOA,68894.440762,6000.0,13519.299038,340.0,0.0,True,20.46172419832042,20.46172419832042,10.230753663848505,10.230753663848505,20.46150732769701,-0.00021687062341158025,False,True,20.46172419832042,20.46172419832042,10.230753663848505,10.230753663848505,20.46150732769701,-0.00021687062341158025,False,True
pool189j5mz6wa0gfrakwvn2tar7qt309qxrmsgde5v6qwm892n6re3v,CCJ,3564347.390129,100000.0,100250.720882,170.0,0.048,True,1058.9912971387776,236.47514353952909,529.3959159794548,196.87416083728576,393.7483216745715,157.27317813504243,True,False,1058.9912971387776,157.83109687568185,529.3959159794548,118.2301141734385,236.460228346877,78.62913147119514,True,False
pool189lfh7azuvxu0hyskwahnp35rtez0mzhsmule3742p3jkza00cq,SEBI,3169774.192544,1000.0,1012.470893,170.0,0.0,True,941.4100858284884,170.24639933667993,470.704132473474,170.09604917039528,340.19209834079055,169.94569900411062,True,False,941.4100858284884,85.2735495438169,470.704132473474,85.12319937753225,170.2463987550645,84.97284921124759,True,False
pool189lsf6c2upyhmrzddyvyfjxxkqnte9pw8aqx7f4cuf85sjxlm02,CRDN2,43365790.905497,100000.0,101911.685597,340.0,0.02,True,12884.393004194053,619.7781859599127,6440.951018418199,476.0697969198384,952.1395938396768,332.3614078797641,True,False,12884.393004194053,453.56970393908347,6440.951018418199,309.8613148990091,619.7226297980181,166.15292585893468,True,False
pool189vq6ay0gku9tkqc2t3nfjk3n88mm23grmfas852jruw6fjlkaf,WEP,1824801.874979,50000.0,51816.045974,340.0,0.05,True,542.058714723623,355.5536038911022,271.0038360121285,271.0038360121285,542.007672024257,186.45406813315475,True,False,542.058714723623,198.6394669042566,271.0038360121285,177.77483742269308,355.54967484538616,156.91020794112956,True,False
pool189ysyxejgdu0d5u323cajq40ec6wsacq3yav3ul7fdxs6mhdhr0,,3790.376532,5.0,14.388712,340.0,0.01,True,1.1257221319074309,1.1257221319074309,0.5628610605158165,0.5628610605158165,1.125722121031633,-1.087579781788861e-08,False,True,1.1257221319074309,1.1257221319074309,0.5628610605158165,0.5628610605158165,1.125722121031633,-1.087579781788861e-08,False,True
pool18a8vhtlcz7t0mahmfdlgtpsspvae62egz936j3dt7f9ykr4j2av,,525.042337,500.0,525.042337,340.0,0.15,True,0.15593485689067413,0.15593485689067413,0.07796742484714005,0.07796742484714005,0.1559348496942801,-7.196394036235176e-09,False,True,0.15593485689067413,0.15593485689067413,0.07796742484714005,0.07796742484714005,0.1559348496942801,-7.196394036235176e-09,False,True
pool18aklqwussc7j6y9nap8vxst4ht8s6sv76ge9799rzv3lcrau7yg,,472.976532,250.0,356.622907,340.0,0.0,True,0.14047163335591104,0.14047163335591104,0.07023580066189795,0.07023580066189795,0.1404716013237959,-3.203211512703419e-08,False,True,0.14047163335591104,0.14047163335591104,0.07023580066189795,0.07023580066189795,0.1404716013237959,-3.203211512703419e-08,False,True
pool18au4xxwcu552tjyxgyfssc95lwcf08g49z0ln5f7l060qh8r3wv,STBL3,1.430897,0.0,1.430897,340.0,1.0,True,0.0004249689646019724,0.0004249689646019724,0.0002124844823009862,0.0002124844823009862,0.0004249689646019724,0.0,False,False,0.0004249689646019724,0.0004249689646019724,0.0002124844823009862,0.0002124844823009862,0.0004249689646019724,0.0,False,False
pool18c2qgn5fv5vfhsvqjvn20j943qjaegs0dylgpsmmwz2lx03n76k,BETTR,121235.465198,35000.0,39.77146,340.0,0.01,False,0.0,0.0,0.0,0.0,0.0,0.0,False,False,0.0,0.0,0.0,0.0,0.0,0.0,False,False
pool18cr7st8wvagllpgq23y70ncnejux2dmxrsdc45hyalk67e63jg6,XSY,20809.410436,2000.0,2097.62183,340.0,0.01,True,6.180329870672695,6.180329870672695,3.0901541265789163,3.0901541265789163,6.180308253157833,-2.1617514862626308e-05,False,True,6.180329870672695,6.180329870672695,3.0901541265789163,3.0901541265789163,6.180308253157833,-2.1617514862626308e-05,False,True
pool18cx6qhjeynrsd7pvcrv7e3y65ksyzguaep2427zumc8t2qzxvsk,NINJZ,34305.277598,2000.0,2027.006993,340.0,0.0,True,10.18856322493362,10.18856322493362,5.094263048391644,5.094263048391644,10.188526096783288,-3.712815033196648e-05,False,True,10.18856322493362,10.18856322493362,5.094263048391644,5.094263048391644,10.188526096783288,-3.712815033196648e-05,False,True
pool18dmncsu0wwzfnje42udk3eeld3z0zwjpjxname3lp8a9kpah28w,BOS,3311.70978,400.0,401.42091,340.0,0.0,True,0.9835619136409973,0.9835619136409973,0.49178062219124935,0.49178062219124935,0.9835612443824987,-6.692584986200956e-07,False,True,0.9835619136409973,0.9835619136409973,0.49178062219124935,0.49178062219124935,0.9835612443824987,-6.692584986200956e-07,False,True
pool18dqp26atwr6rd7z6suxjmguqy8zym5a3tgtveuazqsjwyeafrz6,,266.665872,100.0,266.665872,345.0,0.018,True,0.07919839577966024,0.07919839577966024,0.03959919310132425,0.03959919310132425,0.0791983862026485,-9.577011739203556e-09,False,True,0.07919839577966024,0.07919839577966024,0.03959919310132425,0.03959919310132425,0.0791983862026485,-9.577011739203556e-09,False,True
pool18e0uhtm4pspfrnktwguypytjfgwz6dw6zzn3gulpdjfx7qd0439,MINES,57117.17667,1.0,517.019464,170.0,0.01,True,16.96350437827633,16.96350437827633,8.481752172728068,8.481752172728068,16.963504345456137,-3.282019278572079e-08,False,True,16.96350437827633,16.96350437827633,8.481752172728068,8.481752172728068,16.963504345456137,-3.282019278572079e-08,False,True
pool18e48wynvkevefs0c5yuh705u6tpy0m4xflg506kp0r6vga9gkmr,,497.62535,4000.0,497.62535,345.0,0.05,False,0.0,0.0,0.0,0.0,0.0,0.0,False,False,0.0,0.0,0.0,0.0,0.0,0.0,False,False
pool18e545ehldchd8qr8qx7q7m5dljzaky2twxrynx2z29ru2mt6pv4,BD4,26458.304953,200.0,202.0,340.0,0.08,True,7.857984954269853,7.857984954269853,3.9289909682699546,3.9289909682699546,7.857981936539909,-3.0177299441547234e-06,False,True,7.857984954269853,7.857984954269853,3.9289909682699546,3.9289909682699546,7.857981936539909,-3.0177299441547234e-06,False,True
pool18en4vtxkjt3u5x6ctu9l3nqmr6pm3r7akxgu84450xdvkr4j827,EQITY,5533.647768,3000.0,3500.428917,340.0,0.03,True,1.643473333760343,1.643473333760343,0.8217344827699798,0.8217344827699798,1.6434689655399597,-4.368220383410559e-06,False,True,1.643473333760343,1.643473333760343,0.8217344827699798,0.8217344827699798,1.6434689655399597,-4.368220383410559e-06,False,True
pool18fldcktken22hfd3tyx8qwes46lv6jhv43jhns8gg24k2rta4al,,7357.461182,1000.0,1212.621566,340.0,0.01,True,2.1851349994370035,2.1851349994370035,1.0925656731101407,1.0925656731101407,2.1851313462202815,-3.6532167220215683e-06,False,True,2.1851349994370035,2.1851349994370035,1.0925656731101407,1.0925656731101407,2.1851313462202815,-3.6532167220215683e-06,False,True
pool18fw3qgzt4u094hn8kf82n6jye5y96csamj0f20dja8tnq4ad0hy,,10.843473,1000.0,10.843473,340.0,0.05,False,0.0,0.0,0.0,0.0,0.0,0.0,False,False,0.0,0.0,0.0,0.0,0.0,0.0,False,False
pool18gk8kvd9qf829nldqus92q9y640e6u0jdyfz04mmktwxvglgt06,SBP1,70059328.471079,0.0,9.434153,340.0,1.0,True,20807.256064597193,20807.256064597193,10403.628032298597,10403.628032298597,20807.256064597193,0.0,False,False,20807.256064597193,20807.256064597193,10403.628032298597,10403.628032298597,20807.256064597193,0.0,False,False
pool18gsrasdghtjsnzlf20pht85l4epwag74w9pfx5qvdvcpxw68sl6,GCD,35009505.975753,0.0,0.0,340.0,0.05,True,10397.641134017556,842.8820567008779,5198.820567008778,582.941028350439,1165.882056700878,323.0,True,False,10397.641134017556,681.3820567008779,5198.820567008778,421.44102835043896,842.8820567008779,161.5,True,False
pool18gysxqfwz4j8rm3vlh6677vs9n23prvfr7gwe88mhn5uudgx9ng,EUR,4488232.76333,30000.0,39482.281475,170.0,0.0194,True,1333.1355478939174,202.5982518055938,666.5293245355352,183.9158226050082,367.8316452100164,165.2333934044226,True,False,1333.1355478939174,119.98047751307273,666.5293245355352,101.29804831248714,202.59609662497428,82.61561911190155,True,False
pool18heqrjtge2emf2hes4mdxkr76y99zztkqk4qtjr9dul0vuur0yu,RX78,2071215.345644,10000.0,103469.164205,170.0,0.0,True,615.163873382194,192.23850552767823,307.5760134447789,176.87271613534762,353.74543227069523,161.506926743017,True,False,615.163873382194,111.48474625581962,307.5760134447789,96.118956863489,192.237913726978,80.75316747115839,True,False
pool18hk4akqtnktgsptxll625lksugwpc4r30nzjgz4pxtufqgw5gdd,,9.823059,100.0,587113.361733,340.0,0.04,True,0.00291738705393865,0.00291738705393865,0.001458696117849974,0.001458696117849974,0.002917392235699948,5.1817612978233285e-09,True,False,0.00291738705393865,0.00291738705393865,0.001458696117849974,0.001458696117849974,0.002917392235699948,5.1817612978233285e-09,True,False
pool18hpttrmc7v6nhjcywhdpymwzxv3y9kujzc5ne53jjdlf6hxa7cv,5FOLD,754163.765269,25000.0,65724.03412,340.0,0.01,True,224.0036713174327,224.0036713174327,111.99659562233552,111.99659562233552,223.99319124467104,-0.010480072761652082,False,True,224.0036713174327,175.19929761475868,111.99659562233552,111.99659562233552,223.99319124467104,48.79389362991236,True,False
pool18j287g2sccele52hhxc0csk2ghfghwndqm9yahdqnhjks840wtq,APE,2622795.543385,25000.0,1081.182005,340.0,0.025,False,0.0,0.0,0.0,0.0,0.0,0.0,False,False,0.0,0.0,0.0,0.0,0.0,0.0,False,False
pool18jqumjfevywycjj54m62g74ghds4mmuyqynpwfkaem0xktazlqw,CEX,13577700.487705,1000.0,2209.144441,340.0,0.02,True,4032.5220085113933,414.4392120455719,2016.2571034471064,373.7924209195706,747.5848418391412,333.1456297935693,True,False,4032.5220085113933,247.8663185106323,2016.2571034471064,207.21952738463102,414.43905476926204,166.57273625862973,True,False
pool18jrsaddmrwtrdycydmk3zv0fxawnv0q8xh7f6fyp2r247zz9tc5,SUNNE,1413153.745858,0.0,19.446071,340.0,0.03,True,419.6993104330172,342.39204313446095,209.8496552165086,209.8496552165086,419.6993104330172,77.30726729855627,True,False,419.6993104330172,177.4943122839553,209.8496552165086,171.19602156723047,342.39204313446095,164.89773085050564,True,False
pool18kv6jmmtks4jwyt8tpvfc2kakh6wkcggjtehyj78yk9r7t2t2ex,,680.26647,100000.0,581.286802,340.0,0.019,False,0.0,0.0,0.0,0.0,0.0,0.0,False,False,0.0,0.0,0.0,0.0,0.0,0.0,False,False
pool18l6lvx95vl5p88zfh7xjkx073s9gufpz4sa5q43fu7auqunjhg3,BLNC,597735.713259,300000.0,376468.473664,340.0,0.0,True,177.6278457410832,177.6278457410832,88.78796101666694,88.78796101666694,177.57592203333388,-0.05192370774932442,False,True,177.6278457410832,174.80420255941064,88.78796101666694,88.78796101666694,177.57592203333388,2.771719473923241,True,False
pool18lc5x7fma0zsdwl56fa9rw97ayzc4kdue37sncrtdz2e7xfa8y6,BM1,126315.081491,0.0,1.812015,170.0,0.0,True,37.51492203481036,37.51492203481036,18.75746101740518,18.75746101740518,37.51492203481036,0.0,False,False,37.51492203481036,37.51492203481036,18.75746101740518,18.75746101740518,37.51492203481036,0.0,False,False
pool18lc8uxyrnuurer7hr77xqh83cp667jazlghe2qetvzfqvxjtdqc,,8.602239,100.0,6.647174,340.0,0.0075,False,0.0,0.0,0.0,0.0,0.0,0.0,False,False,0.0,0.0,0.0,0.0,0.0,0.0,False,False
pool18ljuhhw27t85zddz0pvsmsjsz5k0mlz03pzsxgh8qarcsw5wycc,CAFE3,1005528.534682,100000.0,104345.4665,340.0,0.0,True,298.740959746752,298.740959746752,149.34440716185262,149.34440716185262,298.68881432370523,-0.05214542304679526,False,True,298.740959746752,183.3596760699396,149.34440716185262,149.34440716185262,298.68881432370523,115.32913825376562,True,False
pool18lwlvq4j8yxgrsuvyqntmyq7wyeql5t9nhmtg0cx0uqa6n5hplm,,57.425793,10.0,57.425793,340.0,0.015,True,0.017055162302073604,0.017055162302073604,0.00852758101477733,0.00852758101477733,0.01705516202955466,-2.7251894491042705e-10,False,True,0.017055162302073604,0.017055162302073604,0.00852758101477733,0.00852758101477733,0.01705516202955466,-2.7251894491042705e-10,False,True
pool18mege8wvzzdvh8cxx6ncnqyvacl4lxukw495c87xmz8qcdl6lj8,1PCT6,706376.215508,50000.0,54289.373854,340.0,0.01,True,209.82780398334566,209.82780398334566,104.90446297523884,104.90446297523884,209.8089259504777,-0.01887803286797407,False,True,209.82780398334566,173.42868057581617,104.90446297523884,104.90446297523884,209.8089259504777,36.38024537466151,True,False
pool18mgmqghey8az6duffc6e9tpzwxsquf00wpkl0jr8gvqxumkg4m0,ARRK,290805.497657,25300.0,26215.649444,170.0,0.0,True,86.3754424157073,86.3754424157073,43.18579022320163,43.18579022320163,86.37158044640326,-0.003861969304040258,False,True,86.3754424157073,85.1239939289013,43.18579022320163,43.18579022320163,86.37158044640326,1.2475865175019578,True,False
pool18mgvt3k5sm5vns4tqu74qt036tw0yterxuz2zjczlqr9saeas9f,AMB,7695.88535,3900.0,4858.734371,340.0,0.04,True,2.2856549253446,2.2856549253446,1.1428232086855967,1.1428232086855967,2.2856464173711935,-8.507973406679525e-06,False,True,2.2856549253446,2.2856549253446,1.1428232086855967,1.1428232086855967,2.2856464173711935,-8.507973406679525e-06,False,True
pool18ml3ex5ra5wkv00vxx0mw876s2xe0058z37mpzv263872nasmv0,,7.475689,100000.0,7.475689,340.0,0.03,False,0.0,0.0,0.0,0.0,0.0,0.0,False,False,0.0,0.0,0.0,0.0,0.0,0.0,False,False
pool18mnua97ndq302yw2c6aaw6msx5rgf79mfnk4xe5y92tvjl45etl,CAHLI,360996.075932,2000.0,7159.895823,170.0,0.0,True,107.2147815993604,107.2147815993604,53.607184504730746,53.607184504730746,107.21436900946149,-0.00041258989891446163,False,True,107.2147815993604,85.44060180314004,53.607184504730746,53.607184504730746,107.21436900946149,21.773767206321452,True,False
pool18n7kk90klq4uf45j6pguqskyrxe9eprgfgrjhr7cpvdxzus3zn8,,2.029803,25000.0,2.029803,345.0,0.03,False,0.0,0.0,0.0,0.0,0.0,0.0,False,False,0.0,0.0,0.0,0.0,0.0,0.0,False,False
pool18nx24xhkcewezxvrjgdpt9pgt69pefr85m8qa8fdjd4m6p7egw9,,93.505493,50.0,93.505493,340.0,0.01,True,0.02777064744837664,0.02777064744837664,0.013885323099207052,0.013885323099207052,0.027770646198414104,-1.249962536253868e-09,False,True,0.02777064744837664,0.02777064744837664,0.013885323099207052,0.013885323099207052,0.027770646198414104,-1.249962536253868e-09,False,True
pool18p7p752cjnf9z8g70ygkre5cstwmgfatzuqm0tm3n2xf739j8k8,SAGAN,1893028.691474,45000.0,61912.378752,170.0,0.0,True,562.3153020626636,182.83085337317112,281.13373658237504,173.6346802467402,347.2693604934804,164.43850712030928,True,False,562.3153020626636,100.61081767990456,281.13373658237504,91.41464455347362,182.82928910694724,82.21847142704269,True,False
pool18pnja3z8vfkw3sj578xetj3ujhyp2vmljezjg5es290awqmzq7g,BEACN,22835.57218,15000.0,22655.178449,170.0,0.0,True,6.782181283749502,6.782181283749502,3.3910568446419065,3.3910568446419065,6.782113689283813,-6.759446568871397e-05,False,True,6.782181283749502,6.782181283749502,3.3910568446419065,3.3910568446419065,6.782113689283813,-6.759446568871397e-05,False,True
pool18pwq8mctjyctx00rl36e7r7m046mg34365amyaluw0n5cd7rv7w,,17.236444,12000.0,20206.916909,340.0,0.0,True,0.0049538808974648255,0.0049538808974648255,0.0025182537681461663,0.0025182537681461663,0.0050365075362923326,8.262663882750709e-05,True,False,0.0049538808974648255,0.0049538808974648255,0.0025182537681461663,0.0025182537681461663,0.0050365075362923326,8.262663882750709e-05,True,False
pool18q7axjzcrs7pd2vpmcgh33p0r5cng2q0v6ldw5vtwuhl6ctgmeg,5CH,650845.372815,3000.0,22102.555323,340.0,0.0,True,193.29992331461912,193.29992331461912,96.64940322576867,96.64940322576867,193.29880645153733,-0.0011168630817905978,False,True,193.29992331461912,170.79125989919177,96.64940322576867,96.64940322576867,193.29880645153733,22.50754655234556,True,False
pool18q92uyx3973u3qt64nxf8p7us58gwkytrn0c3ed2a99s5uc9usc,FREE,101747.25608,100000.0,101675.061005,340.0,0.03,True,30.21862158939253,30.21862158939253,15.109254938156518,15.109254938156518,30.218509876313036,-0.00011171307949453535,False,True,30.21862158939253,30.21862158939253,15.109254938156518,15.109254938156518,30.218509876313036,-0.00011171307949453535,False,True
pool18qahj5ggudguk69g9aaztf5dvapmazql4hdvd7v0947j7gy4wqf,TMS,802437.641118,35000.0,2.25413,170.0,0.02,False,0.0,0.0,0.0,0.0,0.0,0.0,False,False,0.0,0.0,0.0,0.0,0.0,0.0,False,False
pool18qamc87vnl2sjd888f3gv4ssh4qjww859z9v6mr622fvjhemunh,,197.226148,100.0,197.226148,340.0,0.01,True,0.058575151039089286,0.058575151039089286,0.02928757272612113,0.02928757272612113,0.05857514545224226,-5.586847026672892e-09,False,True,0.058575151039089286,0.058575151039089286,0.02928757272612113,0.02928757272612113,0.05857514545224226,-5.586847026672892e-09,False,True
pool18qddv82sx8p22uxzdrf0qx9lkewxadlr9ef45kpcf7dzz3n56qv,ALFA,25178805.881215,240000.0,264260.640456,170.0,0.0,True,7484.874431402212,246.77224294182014,3740.7095083252425,207.4758829312212,414.9517658624424,168.17952292062228,True,False,7484.874431402212,162.66434857005083,3740.7095083252425,123.3679885594519,246.7359771189038,84.07162854885297,True,False
pool18qzks8vdf0yu0u5ccf8aaj35q6zfutdcfgrssuvdjmgtyykr922,one,405372.583675,32700.0,49843.461352,340.0,0.01,True,120.40755991316682,120.40755991316682,60.2002762641862,60.2002762641862,120.4005525283724,-0.007007384794420091,False,True,120.40755991316682,120.40755991316682,60.2002762641862,60.2002762641862,120.4005525283724,-0.007007384794420091,False,True
pool18r2y72aue5nmv489xtnfxl36vzusq95qst6urd87yd5hgzms04c,ALPCH,177007.547742,27400.0,27421.637915,340.0,0.0,True,52.57503378021826,52.57503378021826,26.286338393380937,26.286338393380937,52.572676786761875,-0.002356993456388068,False,True,52.57503378021826,52.57503378021826,26.286338393380937,26.286338393380937,52.572676786761875,-0.002356993456388068,False,True
pool18rhzlrv83a7ygj7cp5uv8dx07qkn5drhe8nh6f3qvhv66xcyj2m,SIPO2,32495175.930415,50000.0,52325.493353,340.0,0.039,True,9652.763765966847,717.6088630322613,4825.915338869059,521.8924471121774,1043.7848942243547,326.17603119209343,True,False,9652.763765966847,554.5019302600672,4825.915338869059,358.7855143399833,717.5710286799666,163.06909841989943,True,False
pool18rjrygm3knlt67n3r3prlhnzcjxun7wa8d3l8w9nmlpasquv4au,CF1,76313015.863558,76000000.0,76301499.928745,170.0,1.0,True,29225.91665841049,29225.91665841049,12155.870287284853,12155.870287284853,24311.740574569707,-4914.176083840783,False,True,29225.91665841049,29225.91665841049,12155.870287284853,12155.870287284853,24311.740574569707,-4914.176083840783,False,True
pool18rpw5dwfywfrzjuy7uzn2cetrw9v85aan8a80p3fdvtqcxykkqu,FLUID,454085.079535,50000.0,52906.872562,170.0,0.029,True,134.88414262667212,134.88414262667212,67.43626010183495,67.43626010183495,134.8725202036699,-0.011622423002222604,False,True,134.88414262667212,92.09024501768742,67.43626010183495,67.43626010183495,134.8725202036699,42.78227518598247,True,False
pool18sqt4qwprlt6ytg8pu2qpz262j9vhlzmtwn2fwvhpcnzc0u5ynw,1WJG,654.398198,5000.0,20.603691,340.0,0.03,False,0.0,0.0,0.0,0.0,0.0,0.0,False,False,0.0,0.0,0.0,0.0,0.0,0.0,False,False
pool18t0u9vf408ftjf9xdpj47gdwkeq3jz3jqyshumm7fvtfkcq7ul7,KAPY,1815569.040922,200000.0,1711292.232129,340.0,0.0,True,539.5869723770452,528.1237384889162,269.7002483922216,269.7002483922216,539.4004967844432,11.276758295527088,True,False,539.5869723770452,518.3598258558787,269.7002483922216,263.97398654049346,527.9479730809869,9.588147225108173,True,False
pool18te4aqp0umd6xunyps0mlg9tzk4dcjh30wgntqu8kf2n7k3y88f,ADAKA,33100.544267,1000.0,1000.833986,340.0,0.01,True,9.830726329926838,9.830726329926838,4.915353941945335,4.915353941945335,9.83070788389067,-1.8446036168739965e-05,False,True,9.830726329926838,9.830726329926838,4.915353941945335,4.915353941945335,9.83070788389067,-1.8446036168739965e-05,False,True
pool18ufrgfgmslekdxnk9v9345qvhrr7vfgzkvneqtwm7unnwaht6ww,OGAM,69651264.686225,500000.0,548053.280565,340.0,0.0,True,20726.0571790211,500.4083653768574,10352.997840535796,418.7876047838827,837.5752095677655,337.1668441909081,True,False,20726.0571790211,331.74601600123253,10352.997840535796,250.12525540825794,500.2505108165159,168.50449481528335,True,False
pool18v6rlcg506atlkkhy8sdgtnm5efzjjjshk9axyvp8fa35txspr8,,101.227512,100.0,101.227512,340.0,0.075,True,0.030064044557891502,0.030064044557891502,0.015032022243672373,0.015032022243672373,0.030064044487344746,-7.054675593698434e-11,False,True,0.030064044557891502,0.030064044557891502,0.015032022243672373,0.015032022243672373,0.030064044487344746,-7.054675593698434e-11,False,True
pool18v9r8afalh50l4lstct2awdc3zspnvurcs7t45nv29uc2mnxc6c,LONDN,6060859.387932,0.0,351180.806798,340.0,0.0,True,1800.0437059324368,424.59845275913005,900.0218529662184,372.4490164778913,744.8980329557826,320.2995801966525,True,False,1800.0437059324368,264.44866266080373,900.0218529662184,212.29922637956503,424.59845275913005,160.14979009832632,True,False
pool18vej0s9gska8c847aj95g9v24duuxg2g63d5cuqngnxew643jw9,ADV2,69695840.683399,250000.0,254592.263054,340.0,0.0,True,20719.31919649419,414.4437105982297,10354.647248373401,376.58255186608585,753.1651037321717,338.721393133942,True,False,20719.31919649419,245.06470439491534,10354.647248373401,207.20354566277143,414.40709132554286,169.34238693062753,True,False
pool18vj02k4taarxxsdr36jxftcc5x270vsysp078j0n3v0njh0dt9x,SODM,2471595.506204,1500.0,7349.885496,170.0,0.0,True,734.0552647904484,171.6773544049661,367.02656783651827,170.5859060309963,341.1718120619926,169.49445765702652,True,False,734.0552647904484,86.93012241073075,367.02656783651827,85.83867403676093,171.67734807352187,84.74722566279112,True,False
pool18vyjg6jlyt2jywae7ndzv0f7xkrsexxgyhunxrlgm3zaku0327k,,141360.254622,0.0,0.0,345.0,0.06,True,41.98326018055983,41.98326018055983,20.991630090279916,20.991630090279916,41.98326018055983,0.0,False,False,41.98326018055983,41.98326018055983,20.991630090279916,20.991630090279916,41.98326018055983,0.0,False,False
pool18xjkr4xpscwxsatewj9lqc6z74vw90qycjd0wrypeqej673j5u8,TAM,5442360.419804,2000.0,2438.793097,340.0,0.03,True,1616.3652351254323,378.8457543788257,808.1794912927452,354.2488881892605,708.497776378521,329.65202199969536,True,False,1616.3652351254323,214.01964823198392,808.1794912927452,189.42278204241882,378.84556408483763,164.8259158528537,True,False
pool18xmqj9h97tx245mzkz0fqlvas5zse0fzh9xmn9p6z77aj5jegsx,BNP,32112725.377434,2.0,25062.413073,345.0,0.06,True,9537.312440945136,903.2824481218978,4768.656202019902,613.664672788185,1227.32934557637,324.0468974544723,True,False,9537.312440945136,741.2589982739645,4768.656202019902,451.6412229402516,903.2824458805032,162.02344760653875,True,False
pool18xwr0zysfyyxsva6sta7alezd44nsa5nasewmjxweg9sgqntlxn,HUM,45.953397,5500.0,19.41989,350.0,0.03,False,0.0,0.0,0.0,0.0,0.0,0.0,False,False,0.0,0.0,0.0,0.0,0.0,0.0,False,False
pool18xykgvvvxej2e5ap04ks72d8fdke4qsqeh30satznyrtj88634d,TQWS,88261.029338,1015000.0,624.035279,340.0,0.0,False,0.0,0.0,0.0,0.0,0.0,0.0,False,False,0.0,0.0,0.0,0.0,0.0,0.0,False,False
pool18y056s0echkc44dwnnd0hwanmrlnecxvkluwn339ukhnwnaz5v6,,100.0,100.0,100.0,340.0,0.15,True,0.029699479739085655,0.029699479739085655,0.01484973986953727,0.01484973986953727,0.02969947973907454,-1.111610803405938e-14,False,False,0.029699479739085655,0.029699479739085655,0.01484973986953727,0.01484973986953727,0.02969947973907454,-1.111610803405938e-14,False,False
pool18yp9wal36lzzw34ujcds8vtfpsndkzq484zcm360evp5khex0l5,AROCK,8710.551502,3000.0,3000.855561,340.0,0.0,True,2.5870081680995587,2.5870081680995587,1.2934991615040827,1.2934991615040827,2.5869983230081655,-9.84509139323464e-06,False,True,2.5870081680995587,2.5870081680995587,1.2934991615040827,1.2934991615040827,2.5869983230081655,-9.84509139323464e-06,False,True
pool18ytpk5m7fun45j9julxq0x06dcwzmfdads3ha5rmp3qqqd5lreq,,1031.989817,1000.0,1000.0,340.0,0.05,True,0.3064956433885707,0.3064956433885707,0.15324781249752772,0.15324781249752772,0.30649562499505545,-1.839351526644606e-08,False,True,0.3064956433885707,0.3064956433885707,0.15324781249752772,0.15324781249752772,0.30649562499505545,-1.839351526644606e-08,False,True
pool18zn7wa345uytjgds9hypn3jugnzqtfm4cny7anskkcmgwwxtwca,1PCT7,352434.780865,50000.0,52089.95831,340.0,0.01,True,104.6886879550324,104.6886879550324,52.33999444025712,52.33999444025712,104.67998888051424,-0.00869907451816232,False,True,104.6886879550324,104.6886879550324,52.33999444025712,52.33999444025712,104.67998888051424,-0.00869907451816232,False,True
pool19042p8xye9udlgxgxn6n358hx0u0mjuegcwpxradk3vpkqgf54t,,2920.621038,100000.0,2920.621038,340.0,0.035,False,0.0,0.0,0.0,0.0,0.0,0.0,False,False,0.0,0.0,0.0,0.0,0.0,0.0,False,False
pool19066qvd5dv6vq7fh5a5l7muzk6nc5fw8zq3w4tclyrhvjvlyeuc,ETO2,72220363.472387,0.0,0.0,340.0,1.0,True,21449.07221696489,21449.07221696489,10724.536108482445,10724.536108482445,21449.07221696489,0.0,False,False,21449.07221696489,21449.07221696489,10724.536108482445,10724.536108482445,21449.07221696489,0.0,False,False
pool190a9js7lk9lvmrngre7w268z9tz9xs9yz77audvw8ag4jerfdhx,307,2019763.670456,100000.0,140707.319006,340.0,0.03,True,600.0802290450204,365.3774016699823,299.9848453570753,299.9848453570753,599.9696907141506,234.5922890441683,True,False,600.0802290450204,211.9651995957916,299.9848453570753,182.68330793059255,365.3666158611851,153.4014162653935,True,False
pool190fke89hjqyyvsc0snhnzrgg3wjjchf0y7n79jlal0yuj8060xt,EMMY,6016.53104,500.0,512.62161,340.0,0.05,True,1.7868815871602506,1.7868815871602506,0.8934400010922026,0.8934400010922026,1.7868800021844051,-1.5849758454589136e-06,False,True,1.7868815871602506,1.7868815871602506,0.8934400010922026,0.8934400010922026,1.7868800021844051,-1.5849758454589136e-06,False,True
pool190gglea2zvf8vch44jnmpkzljyzvk3u84gpaj4l4ypwc2lpf27m,,653.014581,1101.148896,1.323235,345.0,0.05,False,0.0,0.0,0.0,0.0,0.0,0.0,False,False,0.0,0.0,0.0,0.0,0.0,0.0,False,False
pool190vx20f4ptv93u8em69pl74y6kux0mgl6kpzwmq6xvx8qvza429,,0.68645,121000.0,0.0,340.0,0.01,False,0.0,0.0,0.0,0.0,0.0,0.0,False,False,0.0,0.0,0.0,0.0,0.0,0.0,False,False
pool192ez0m2xn67tz4kx9casumhdkq9fz96rc6ja4ndl49v8ycnuwe3,,2832.231589,111.0,111.0,340.0,0.0,True,0.8411583940757908,0.8411583940757908,0.4205791102535377,0.4205791102535377,0.8411582205070754,-1.7356871540030738e-07,False,True,0.8411583940757908,0.8411583940757908,0.4205791102535377,0.4205791102535377,0.8411582205070754,-1.7356871540030738e-07,False,True
pool192pfftt48zc4x5aellvpufk6l6zxllpldw0rx82vrhqrqfhhqs2,EMUR5,52687543.26576,500.0,1799.666354,170.0,0.015,True,15647.956512540302,402.6901032310691,7823.970687417812,285.0670780047645,570.134156009529,167.44405277845988,True,False,15647.956512540302,318.9679630544001,7823.970687417812,201.34493782809557,402.68987565619113,83.72191260179102,True,False
pool192ve6p5958dam7hr3e656cuq5cucz5gnpfazlqr9kpc962gj07z,,862.976284,0.0,860.402823,340.0,0.0,True,0.2562994666195664,0.2562994666195664,0.1281497333097832,0.1281497333097832,0.2562994666195664,0.0,False,False,0.2562994666195664,0.2562994666195664,0.1281497333097832,0.1281497333097832,0.2562994666195664,0.0,False,False
pool192xshj2cu50qfy2pm5cck8lnm9lxv2tjquznqjdkkzw6y5hnzl6,STEEL,11625.848783,10000.0,10017.022851,340.0,0.0,True,3.4528353059944648,3.4528353059944648,1.726412975294928,1.726412975294928,3.452825950589856,-9.355404608779594e-06,False,True,3.4528353059944648,3.4528353059944648,1.726412975294928,1.726412975294928,3.452825950589856,-9.355404608779594e-06,False,True
pool1935erruagz8y3lkq5fycd7jk7ye9ldp86638nntmmwp9558jmhf,CASBA,12003.172185,11000.0,11022.446109,340.0,0.01,True,3.564892394437775,3.564892394437775,1.7824430187007132,1.7824430187007132,3.5648860374014264,-6.357036348436651e-06,False,True,3.564892394437775,3.564892394437775,1.7824430187007132,1.7824430187007132,3.5648860374014264,-6.357036348436651e-06,False,True
pool193cdhdpaedcev7x6qps3eps7s4sh2v8k6v9yr4tc2ulujq4982d,14ALL,887.126951,500.0,507.449333,340.0,0.01,True,0.26347231152690226,0.26347231152690226,0.13173610014933507,0.13173610014933507,0.26347220029867013,-1.112282321247271e-07,False,True,0.26347231152690226,0.26347231152690226,0.13173610014933507,0.13173610014933507,0.26347220029867013,-1.112282321247271e-07,False,True
pool193eeqrm9vfx5y7d7u7766zskcr0ss0pnypy8sn30mlar29s49zv,,19335.41357,1000000.0,5772.369729,340.0,0.015,False,0.0,0.0,0.0,0.0,0.0,0.0,False,False,0.0,0.0,0.0,0.0,0.0,0.0,False,False
pool193rdch53x9c53rmftlqgzj22vmz6w8z8hhut2ckzd2zej45zpap,ALLEY,1962556.637911,10000.0,10176.37411,170.0,0.01,True,582.891553580275,176.248457691467,291.4401657924584,171.83780397399528,343.67560794799056,167.42715025652356,True,False,582.891553580275,92.5347976496697,291.4401657924584,88.12414393219797,176.24828786439593,83.71349021472624,True,False
pool193spq4aagtqthqxnwzat2n53ugjkyx8d42wqu6wm8lckj056y0t,,69.054961,50.0,66.420469,340.0,0.05,True,0.020508965245960166,0.020508965245960166,0.010254482349244289,0.010254482349244289,0.020508964698488577,-5.474715888964532e-10,False,True,0.020508965245960166,0.020508965245960166,0.010254482349244289,0.010254482349244289,0.020508964698488577,-5.474715888964532e-10,False,True
pool193uec04jldvah7r52q86wl033g4v42x0aste8jfg9999qepaxfp,0AAAA,42118409.551902,50000.0,62960.552975,170.0,0.01,True,12511.367414103179,311.6776383285458,6255.078786238941,239.8560834103581,479.7121668207162,168.0345284921704,True,False,12511.367414103179,227.65342965327088,6255.078786238941,155.83187473508315,311.6637494701663,84.01031981689542,True,False
pool194lhpd5e6a8n8n0zce5hg9f5279pqecd86yl0ytf8nztk2x9unv,ARTMS,144083.220374,6000.0,7252.980925,170.0,0.0,True,42.79291906658542,42.79291906658542,21.39622146762933,21.39622146762933,42.79244293525866,-0.0004761313267565015,False,True,42.79291906658542,42.79291906658542,21.39622146762933,21.39622146762933,42.79244293525866,-0.0004761313267565015,False,True
pool194rde70lnsrdu692j6hzrth2ka08l2t4g9mj0xl8tyfmuny7faj,COW,9.618398,100.0,9.618398,345.0,0.05,False,0.0,0.0,0.0,0.0,0.0,0.0,False,False,0.0,0.0,0.0,0.0,0.0,0.0,False,False
pool194usk2h8vcq6yw89xs5asrvw22g08kcfy72xyfrnnkg6qrhtlfw,AUTO,200831.619675,100.0,1426.804391,170.0,0.0,True,59.64596926400165,59.64596926400165,29.8229788647528,29.8229788647528,59.6459577295056,-1.153449605340029e-05,False,True,59.64596926400165,59.64596926400165,29.8229788647528,29.8229788647528,59.6459577295056,-1.153449605340029e-05,False,True
pool194x3sx05hac6fhy37a7umfj55uaac4qf2ysp5fl2gyq2x7n4n98,ECX,421.986517,10.0,27.62183,340.0,0.0,True,0.12532780485275388,0.12532780485275388,0.06266390124269482,0.06266390124269482,0.12532780248538963,-2.367364249078463e-09,False,True,0.12532780485275388,0.12532780485275388,0.06266390124269482,0.06266390124269482,0.12532780248538963,-2.367364249078463e-09,False,True
pool195gdnmj6smzuakm4etxsxw3fgh8asqc4awtcskpyfnkpcvh2v8t,SUNNY,30238080.275151,1000.0,581645.513467,340.0,0.02,True,8980.587275013453,675.6938994257104,4490.284949897945,501.2419728214493,1002.4839456428986,326.7900462171882,True,False,8980.587275013453,512.2985387963927,4490.284949897945,337.84661219213166,675.6932243842633,163.39468558787064,True,False
pool196fz9gd7n0jnn2rwpcqqdyf9j5q3na6qwhhy0k6j9ysx5f3u7r4,,22.424605,5.0,22.424605,340.0,0.02,True,0.0066599911186672285,0.0066599911186672285,0.0033299955343022223,0.0033299955343022223,0.006659991068604445,-5.006278377961415e-11,False,True,0.0066599911186672285,0.0066599911186672285,0.0033299955343022223,0.0033299955343022223,0.006659991068604445,-5.006278377961415e-11,False,True
pool196tul7axlt0qzqvs7rx4glfdkpsjlsh68tdkl7y87q3uztcvd5k,ARM,5.879394,5.0,5.879394,340.0,0.015,True,0.0017461494348633368,0.0017461494348633368,0.0008730747161683704,0.0008730747161683704,0.0017461494323367409,-2.5265959029824314e-12,False,True,0.0017461494348633368,0.0017461494348633368,0.0008730747161683704,0.0008730747161683704,0.0017461494323367409,-2.5265959029824314e-12,False,True
pool197na7w0h8hjc8wdvwys7nsalhtpctefa3m23udeqxpfk6nzq8l9,,78580631.443634,0.0,76585.327202,340.0,0.03,True,23025.38744701054,1042.0077069395925,11669.019357218003,690.5806951462455,1381.161390292491,339.1536833528985,True,False,23025.38744701054,877.2684198305885,11669.019357218003,525.8414080372415,1051.682816074483,174.41439624389454,True,False
pool197rexraxmzk5mv36h2yfy8p4lwxzlqyenjk50r0q8dchz4gp26j,AADA,44600.133991,100000.0,0.0,340.0,0.023,False,0.0,0.0,0.0,0.0,0.0,0.0,False,False,0.0,0.0,0.0,0.0,0.0,0.0,False,False
pool1980svf2cxnfy66s5jgjv7y22xud75z9kfe6n0c3y54s62w56435,HYPE,1213236.681932,25000.0,25074.950379,340.0,0.0,True,360.3591331046857,340.4207787812239,180.17102750547133,180.17102750547133,360.34205501094266,19.921276229718785,True,False,360.3591331046857,173.93430720309937,180.17102750547133,170.21021290717735,340.4204258143547,166.48611861125534,True,False
pool199a44nvtjr0c5xlanz4p5c0nywu8l6k5hz3t2he0hq7wvljnsrt,ALoop,918190.240234,25000.0,25456.9646,170.0,0.0,True,272.72339519434007,172.84802181559638,136.3552788263398,136.3552788263398,272.7105576526796,99.86253583708321,True,False,272.72339519434007,90.20465979341736,136.3552788263398,86.42383294639691,172.84766589279383,82.64300609937646,True,False
pool19ae6xhzsscypyha0sszv90xwjsh20hxecxjpcqynshfawvwxqnn,GENE,4608870.711703,1000000.0,1387679.729101,170.0,0.018,True,1373.0264138971525,547.3524314264204,685.4507192689488,331.6810569990224,663.3621139980448,116.00968257162447,True,False,1373.0264138971525,489.0143203930477,685.4507192689488,273.34294596564973,546.6858919312995,57.67157153825178,True,False
pool19asxjgd6ah9ddzauwede4wpt9vsp6s4ax5nz297wt47evc9sn7z,,30088506.927409,7890000.0,8062501.672268,500.0,0.0215,True,9165.18133689345,2958.2979403204445,4521.857127172711,1640.9943667187385,3281.988733437477,323.6907931170326,True,False,9165.18133689345,2779.222536262073,4521.857127172711,1461.9189626603675,2923.837925320735,144.615389058662,True,False
pool19at4pzt6ghethuls7ehr0v5x65cg7mj0zun79eenefa074yfcz8,,100007.457236,75000.0,84725.705542,170.0,0.0,True,29.70385831227018,29.70385831227018,14.851387160546405,14.851387160546405,29.70277432109281,-0.001083991177370791,False,True,29.70385831227018,29.70385831227018,14.851387160546405,14.851387160546405,29.70277432109281,-0.001083991177370791,False,True
pool19clgr0yxjs8pqmlsmfzu6hg5muy5ws2rze5hlesg0v7tvyhcgxh,ACUDA,57013.365555,25000.0,27823.52232,340.0,0.01,True,16.933593258453882,16.933593258453882,8.46656648647902,8.46656648647902,16.93313297295804,-0.00046028549584065104,False,True,16.933593258453882,16.933593258453882,8.46656648647902,8.46656648647902,16.93313297295804,-0.00046028549584065104,False,True
pool19d5anp46tkzvf8xmqmxrtedr6lvw55snk65zfep2srsd2qe2wcc,ADAC2,38.907291,10000.0,36.920446,340.0,0.0,False,0.0,0.0,0.0,0.0,0.0,0.0,False,False,0.0,0.0,0.0,0.0,0.0,0.0,False,False
pool19ddv2pe786q8zqjzvw50u60y2aau7wl76sg3pnkc4j92wcx2kp2,NEXUS,4067.003192,1000.0,1342.823416,170.0,0.0,True,1.2078823137886479,1.2078823137886479,0.603940275688477,0.603940275688477,1.207880551376954,-1.7624116939174428e-06,False,True,1.2078823137886479,1.2078823137886479,0.603940275688477,0.603940275688477,1.207880551376954,-1.7624116939174428e-06,False,True
pool19dn4vmk5ayatdjshpnyvxy6w4fef0zfl585sfpls6l2wvn0xxjn,MJ23,38760.991338,10000.0,38098.955857,340.0,0.015,True,11.512143360324162,11.512143360324162,5.755989025171898,5.755989025171898,11.511978050343796,-0.00016530998036579092,False,True,11.512143360324162,11.512143360324162,5.755989025171898,5.755989025171898,11.511978050343796,-0.00016530998036579092,False,True
pool19egsg4esywdpq8lk5e0r4c8se3mx6k68de2pt2d0fnrs7jntp6m,UPBIT,29572552.127621,200000.0,29152469.356829,340.0,1.0,True,8789.662904257415,8789.662904257415,4393.137066072172,4393.137066072172,8786.274132144345,-3.388772113070445,False,True,8789.662904257415,8789.662904257415,4393.137066072172,4393.137066072172,8786.274132144345,-3.388772113070445,False,True
pool19ejln2jcpg5dphc8m5nh8sya49sycsqj0v2cjxw6nku966cc8nu,POP,13600011.035604,50000.0,54793.484161,340.0,0.05,True,4039.911639022645,539.1569305556438,2019.7609772629332,430.4173053135951,860.8346106271902,321.6776800715463,True,False,4039.911639022645,378.30760265207334,2019.7609772629332,269.5679774100246,539.1359548200492,160.82835216797582,True,False
pool19f6742plmyxw4w4tzhew003q67cf2w7c66v28mtk6f7fxf80ak7,,516.461389,2.0,516.461389,340.0,0.03,True,0.1533863467686615,0.1533863467686615,0.07669317308871008,0.07669317308871008,0.15338634617742017,-5.91241333669501e-10,False,True,0.1533863467686615,0.1533863467686615,0.07669317308871008,0.07669317308871008,0.15338634617742017,-5.91241333669501e-10,False,True
pool19f6guwy97mmnxg9dz65rxyj8hq07qxud886hamyu4fgfz7dj9gl,BERRY,32183455.492377,45000.0,150172.168637,340.0,0.015,True,9559.981880117963,520.676032509684,4779.575060092756,426.99852324180904,853.9970464836181,333.3210139739341,True,False,9559.981880117963,354.0073758817225,4779.575060092756,260.32986661384757,520.6597332276951,166.65235734597263,True,False
pool19gz6ffzagyh9daymscvyc64maq2xf4s05w5upthferlnwd7vgr8,SAK01,10137.954961,5550.0,5567.949459,340.0,0.02,True,3.010949147582645,3.010949147582645,1.5054672562166127,1.5054672562166127,3.0109345124332254,-1.4635149419461868e-05,False,True,3.010949147582645,3.010949147582645,1.5054672562166127,1.5054672562166127,3.0109345124332254,-1.4635149419461868e-05,False,True
pool19gzu2dyp0g9e0nsvtg34fdhrtgr8c5jq37nscalqkh3hsjmas69,,1495.728437,15000.0,1157.816911,340.0,0.0,False,0.0,0.0,0.0,0.0,0.0,0.0,False,False,0.0,0.0,0.0,0.0,0.0,0.0,False,False
pool19hrn8me383w9atvmjwukjxqsdvr8udpmyxau956hdc53x669j8p,WAV11,58971605.546304,1000.0,58918977.239731,340.0,1.0,True,17514.327813478485,17514.327813478485,8757.146963517682,8757.146963517682,17514.293927035364,-0.033886443121446064,False,True,17514.327813478485,17514.327813478485,8757.146963517682,8757.146963517682,17514.293927035364,-0.033886443121446064,False,True
pool19ht066hngsjfnv3mfsc8u9fgzl4w5qcrmh8l6zppwph6s2t7jn4,4GOOD,3366748.450739,1000000.0,1034294.187427,170.0,0.02,True,1002.6766512144488,437.3428792286004,500.6396178823957,276.1566303111804,552.3132606223608,114.97038139376036,True,False,1002.6766512144488,379.6333583134747,500.6396178823957,218.4471093960546,436.8942187921092,57.26086047863453,True,False
pool19k9grwq9cdswn4k7vxzmwcls24jj3466g4s4xr5vucehcqpslfy,ADV4,41479930.267317,250000.0,254589.883978,340.0,0.0,True,12331.207721229153,413.59800662223466,6162.627997920924,375.7373355472043,751.4746710944086,337.8766644721739,True,False,12331.207721229153,244.64140954016005,6162.627997920924,206.78073846512967,413.56147693025935,168.9200673900993,True,False
pool19kfm6lz5uw7nylq27swr367mqdycmug7tve94l6h3xsz64seqtc,KILN8,39351082.251739,100.0,3995.093193,340.0,0.05,True,11687.071222851539,908.4479650112495,5843.534480827236,615.7075296835314,1231.415059367063,322.9670943558134,True,False,11687.071222851539,746.964361194372,5843.534480827236,454.223925866654,908.447851733308,161.48349053893594,True,False
pool19klg32x4wrwh8yfdra6u52qa37meves4r68pxajxwllvzazd37c,TEACH,3045.807206,20000.0,5.081239,340.0,0.03,False,0.0,0.0,0.0,0.0,0.0,0.0,False,False,0.0,0.0,0.0,0.0,0.0,0.0,False,False
pool19l206haluae6wyzm7tjpt3gln9paa5m9s4fedec2u09fqz300ht,ETO10,50008175.819413,0.0,0.0,340.0,1.0,True,14852.168045365483,14852.168045365483,7426.084022682741,7426.084022682741,14852.168045365483,0.0,False,False,14852.168045365483,14852.168045365483,7426.084022682741,7426.084022682741,14852.168045365483,0.0,False,False
pool19l2vz7pdk09k49lezr9zcmc4j98zc30htuw2rnqk3cceckuce96,,1257.550057,1000.0,1257.550057,340.0,0.01,True,0.37348612039371476,0.37348612039371476,0.18674298619294571,0.18674298619294571,0.37348597238589143,-1.4800782333068696e-07,False,True,0.37348612039371476,0.37348612039371476,0.18674298619294571,0.18674298619294571,0.37348597238589143,-1.4800782333068696e-07,False,True
pool19lz8nyz0jjpdrdtnjaar4untk4th23gpg5s7aegn7480zff4vgq,MS5,28279057.385084,100000.0,102307.252065,340.0,0.025,True,8401.975569829036,569.9866384667495,4200.176598081034,450.1205321190891,900.2410642381782,330.2544257714287,True,False,8401.975569829036,404.8362845864507,4200.176598081034,284.9701782387903,569.9403564775806,165.10407189112993,True,False
pool19m3xzv58uymw76tg4th6q5fwkg9zktc8alvyysr37u04yw86axc,ADAIT,14341.115118,2000.0,2007.61171,340.0,0.015,True,4.259264945566007,4.259264945566007,2.1296253809920165,2.1296253809920165,4.259250761984033,-1.4183581973803427e-05,False,True,4.259264945566007,4.259264945566007,2.1296253809920165,2.1296253809920165,4.259250761984033,-1.4183581973803427e-05,False,True
pool19m547w9wkcqm5hcstz67fly4ucz0zsp3dqv4n956xyusy4dlpue,WRM01,4908136.538828,100.0,4744.160892,340.0,0.01,True,1457.6915809687068,352.2464629910549,728.8456494708744,344.260552675319,688.521105350638,336.2746423595831,True,False,1457.6915809687068,184.10914026618917,728.8456494708744,176.12322995045332,352.24645990090664,168.13731963471747,True,False
pool19m98gdj84d4kxem5h6ch8fvj92pvauhg0y4ktmzr3mln6c45yly,HOSKY,2535408.312077,25000.0,28459.376182,170.0,0.0269,True,753.0752281880552,192.0535517809137,376.51957359777856,177.81115350117722,355.62230700235443,163.56875522144074,True,False,753.0752281880552,110.26849182767741,376.51957359777856,96.02609354794092,192.05218709588183,81.78369526820443,True,False
pool19mc6suzenqdvmq3ssf3nfzv4xva3wgl83z6syumccdppyar0vga,BNP,9105.83169,2.0,17.451049,345.0,0.06,True,2.7043846587704774,2.7043846587704774,1.3521923241539797,1.3521923241539797,2.7043846483079594,-1.046251796310571e-08,False,True,2.7043846587704774,2.7043846587704774,1.3521923241539797,1.3521923241539797,2.7043846483079594,-1.046251796310571e-08,False,True
pool19n2rjlddd0afs02cgd86mehptwaajv5kndtfcuqzdmgzq06lq0n,NAO,3374.64346,100.0,913.771674,340.0,0.05,True,1.0022519270052939,1.0022519270052939,0.5011258694184058,0.5011258694184058,1.0022517388368115,-1.881684823512586e-07,False,True,1.0022519270052939,1.0022519270052939,0.5011258694184058,0.5011258694184058,1.0022517388368115,-1.881684823512586e-07,False,True
pool19n5ml38q5uedy8kgwwwtlsa3p9tmfcef0lfjp42k7j9d5mpgs2m,SLR,211968.917589,4.0,685.596642,170.0,0.0,True,62.953666706869924,62.953666706869924,31.476833109835678,31.476833109835678,62.953666219671355,-4.871985694876457e-07,False,True,62.953666706869924,62.953666706869924,31.476833109835678,31.476833109835678,62.953666219671355,-4.871985694876457e-07,False,True
pool19nfs9chtv37vfawvpyf0x2shfhns9hpwy3qfckvpm4dmq0nrl8m,,2620.34261,1000.0,1001.730947,340.0,0.0,True,0.7782299847579668,0.7782299847579668,0.3891145268224338,0.3891145268224338,0.7782290536448676,-9.311130991784822e-07,False,True,0.7782299847579668,0.7782299847579668,0.3891145268224338,0.3891145268224338,0.7782290536448676,-9.311130991784822e-07,False,True
pool19nhmxfd2tts089nx742g8jtc2ynwstkhp2594y0wwp6d5we25f6,,7497.583789,1000.0,5.819891,340.0,1.0,False,0.0,0.0,0.0,0.0,0.0,0.0,False,False,0.0,0.0,0.0,0.0,0.0,0.0,False,False
pool19peeq2czwunkwe3s70yuvwpsrqcyndlqnxvt67usz98px57z7fk,PREEB,692332.179684,1000.0,19018.939671,170.0,0.0,True,205.619849951475,170.97850684569707,102.80972634466515,102.80972634466515,205.6194526893303,34.64094584363323,True,False,205.619849951475,88.31352740298631,102.80972634466515,85.4892479662881,170.9784959325762,82.6649685295899,True,False
pool19pyfv4xnln8x4l7auw0n0skk3hd97shun707hrw5d4s553ys74x,TITAN,65530744.200463,250000.0,250002.026843,170.0,0.005,True,19481.10667423623,339.85970210456173,9735.84160365077,254.1407503249581,508.2815006499162,168.42179854535448,True,False,19481.10667423623,255.60735861759576,9735.84160365077,169.88840683799214,339.7768136759843,84.16945505838851,True,False
pool19q034g07ka2ltwc3wwjeu79w29nlafc0w2ppne5ppu5wud60rgq,HEDGE,3690124.654855,50000.0,66922.124707,170.0,0.0,True,1096.1571304161841,186.796289767188,548.0262215637766,176.85568112413839,353.71136224827677,166.91507248108877,True,False,1096.1571304161841,103.33780425033991,548.0262215637766,93.39719560729031,186.79439121458063,83.45658696424071,True,False
pool19qgfp80d2sv3p2azmygfq87g7va4s3ewd6aaulas6eqsyz4r2yl,P2P2,19085462.148894,0.0,786.719589,340.0,0.15,True,5668.2829640188065,1139.429135649032,2834.1414820094033,714.2086114070228,1428.4172228140455,288.98808716501344,True,False,5668.2829640188065,994.9350920665253,2834.1414820094033,569.714567824516,1139.429135649032,144.49404358250683,True,False
pool19r33az023gn3n8p2x35hq00j2dxc8vwln0nanpcfuvc8759cvkz,,5564.407628,25000.0,0.0,340.0,0.0499,False,0.0,0.0,0.0,0.0,0.0,0.0,False,False,0.0,0.0,0.0,0.0,0.0,0.0,False,False
pool19r8kcmqpajlm6h5q0lv8jye0q7evdur39wfsgs4z98fcqpz9lct,BLOOM,16557280.895228,1000000.0,1000001.0,340.0,0.04,True,4935.55082471466,790.2747936424433,2463.2135975558244,548.0337267421341,1096.0674534842683,305.79265984182496,True,False,4935.55082471466,636.9314944034383,2463.2135975558244,394.690427503129,789.380855006258,152.44936060281975,True,False
pool19rjjay24ez2ezgqkyqvna6uwc5ur9lt489gwvrv7ve5exlcld3x,MBCG,1478946.61488,24000.0,44057.190564,340.0,0.0,True,439.2795929703552,342.95749684444576,219.62975922359942,219.62975922359942,439.25951844719884,96.30202160275309,True,False,439.2795929703552,178.02172453226373,219.62975922359942,171.47844941646997,342.95689883293994,164.9351743006762,True,False
pool19ru9alj7n5anmzs0f9gpzlj8kaq44yhcp45mldjvldxck8f6yg6,XRAY4,2078421.703979,100.0,741.180635,340.0,0.01,True,617.2806717157372,342.87069826308505,308.64027614531926,308.64027614531926,617.2805522906385,274.4098540275535,True,False,617.2806717157372,174.63071529458145,308.64027614531926,171.43534851333604,342.8706970266721,168.23998173209063,True,False
pool19rz6ve8nz6uvq97yspwh3fvt7w03dsjsnmft6du83hvtc324dus,DGK,2218520.820751,50000.0,51134.32732,340.0,0.05,True,659.0138317864796,362.93594485560726,329.47573308609765,329.47573308609765,658.9514661721953,296.01552131658804,True,False,659.0138317864796,205.15833221611194,329.47573308609765,181.46573049634551,362.93146099269103,157.77312877657909,True,False
pool19sk7acvpdxszed5hmckt0wmqxljalartue7d7d4a7qhwuw0n0ws,ELON,59.603626,1000.0,0.0,345.0,0.02,False,0.0,0.0,0.0,0.0,0.0,0.0,False,False,0.0,0.0,0.0,0.0,0.0,0.0,False,False
pool19sydze39a8dccylczqe2m4nnslpreytxlj5fu400nqxkg8wvgx8,BNP,44914.06328,2.0,17.639298,345.0,0.06,True,13.339243227066834,13.339243227066834,6.669621587725972,6.669621587725972,13.339243175451944,-5.161489013971732e-08,False,True,13.339243227066834,13.339243227066834,6.669621587725972,6.669621587725972,13.339243175451944,-5.161489013971732e-08,False,True
pool19t833uyjq92aajf5f7qd9w3jcnyq78p4hsx0fn63aejfjtyn99j,OCT,1084.589756,1000.0,1000.801455,340.0,0.02,True,0.322117612065548,0.322117612065548,0.1610587817231918,0.1610587817231918,0.3221175634463836,-4.8619164416674465e-08,False,True,0.322117612065548,0.322117612065548,0.1610587817231918,0.1610587817231918,0.3221175634463836,-4.8619164416674465e-08,False,True
pool19tkfl9x2dkk07z43rvamftvnyu5vtcfatdpsag8phzqvgpdklqq,TIDE,33.692007,0.0,35.66164,345.0,0.05,True,0.010006350792651325,0.010006350792651325,0.005003175396325663,0.005003175396325663,0.010006350792651325,0.0,False,False,0.010006350792651325,0.010006350792651325,0.005003175396325663,0.005003175396325663,0.010006350792651325,0.0,False,False
pool19tz0rwsnzmsw602rauwhzrsgk4qx55qzhkmxfqe04s6vuu37ptw,,76829401.182537,76800000.0,76889756.776574,340.0,1.0,True,29537.967106718144,29537.967106718144,12249.294928019728,12249.294928019728,24498.589856039456,-5039.377250678688,False,True,29537.967106718144,29537.967106718144,12249.294928019728,12249.294928019728,24498.589856039456,-5039.377250678688,False,True
pool19u2lzwnmkz3gqqmx9sahhys8nqvwzkl8dqu7m474m0zsj3acjfj,,532.61831,510.0,532.61831,340.0,0.0,True,0.15818488032399539,0.15818488032399539,0.07909243684700003,0.07909243684700003,0.15818487369400006,-6.629995330520444e-09,False,True,0.15818488032399539,0.15818488032399539,0.07909243684700003,0.07909243684700003,0.15818487369400006,-6.629995330520444e-09,False,True
pool19ut4284xy9p82dd0cglzxweddfqw73yennkjk6mmp650chnr6lz,ELEMT,190819.952135,100000.0,130100.581481,170.0,0.019,True,56.68299873124438,56.68299873124438,28.338879402620922,28.338879402620922,56.677758805241844,-0.005239926002538198,False,True,56.68299873124438,56.68299873124438,28.338879402620922,28.338879402620922,56.677758805241844,-0.005239926002538198,False,True
pool19uynx6nxcdksmaqdcshjg487fap3rs3axyhrdqa7gdqgzgxss4y,JAPAN,3235225.509302,50000.0,54043.527394,340.0,0.05,True,961.0282945009476,380.906811689593,480.46834480055196,349.25257702424415,698.5051540484883,317.5983423588953,True,False,961.0282945009476,222.10462352652243,480.46834480055196,190.4503888611736,380.9007777223472,158.79615419582476,True,False
pool19v4jgpxxl72eaq8pefctatvts3gkhtyzd8nwvzskkm3mkdv2tpy,ONLY,5381102.130214,1000.0,1649.884756,170.0,0.02,True,1598.1655200278617,198.99243854089903,799.0812142223984,182.77064750885543,365.54129501771087,166.54885647681184,True,False,1598.1655200278617,115.71797892219065,799.0812142223984,99.49618789014704,198.99237578029408,83.27439685810343,True,False
pool19w5khsnmu27au0kprw0kjm8jr7knneysj7lfkqvnu66hyz0jxsx,ATAD2,59980523.776819,1300000.0,1350464.974458,340.0,0.01,True,17903.075792876876,907.1100921603573,8929.056996614081,617.3398556359871,1234.6797112719742,327.5696191116168,True,False,17903.075792876876,742.5993764294807,8929.056996614081,452.82913990511054,905.6582798102211,163.0589033807404,True,False
pool19x60wat4eu8sh42s05th8l4p6e9rmmnc6g2a64lj4npag7zj5cx,SNODE,2000.0,100000.0,2000.0,340.0,0.008,False,0.0,0.0,0.0,0.0,0.0,0.0,False,False,0.0,0.0,0.0,0.0,0.0,0.0,False,False
pool19xhza3f7nye6j5p6stsnkpvadejztnqvck0ge3l2uy9gvsvy05f,ARUBA,174.968922,0.0,0.0,340.0,0.01,True,0.051964859539060645,0.051964859539060645,0.025982429769530323,0.025982429769530323,0.051964859539060645,0.0,False,False,0.051964859539060645,0.051964859539060645,0.025982429769530323,0.025982429769530323,0.051964859539060645,0.0,False,False
pool19xyfanyp28j6j07dxgwdjp0wur6seqmyyu64qgzstzl7s47pvpj,VLHLA,201940.874744,5000.0,49037.025982,170.0,0.01,True,59.97652091926576,59.97652091926576,29.98797751533595,29.98797751533595,59.9759550306719,-0.0005658885938615299,False,True,59.97652091926576,59.97652091926576,29.98797751533595,29.98797751533595,59.9759550306719,-0.0005658885938615299,False,True
pool19yf67fkanhu30qqdcug4gwfy7gpzy8jhq56llg5ua3g3kufg3s5,DSC,35490.0,35489.362066,35490.0,340.0,0.0,True,10.540346048022343,10.540346048022343,5.270172769028722,5.270172769028722,10.540345538057444,-5.099648987538785e-07,False,True,10.540346048022343,10.540346048022343,5.270172769028722,5.270172769028722,10.540345538057444,-5.099648987538785e-07,False,True
pool19yzqr3meksnvzdxh5xf6aknfhldyqdj7eaquxgcjva4mzt5kg3v,gjp7a,86322745.389197,2.0,9.820727,170.0,0.1,True,23025.38762520742,2455.541102701991,12818.703188140053,1434.8716139247472,2869.7432278494944,414.20212514750347,True,False,23025.38762520742,2379.041111405208,12818.703188140053,1358.3716226279646,2716.743245255929,337.7021338507211,True,False
pool19z9ac79g48kekg2xghx3afj6qp5skr9ar590w0huhc8nxn9s5j9,TOAD,1040.652302,500.0,1027.765573,340.0,1.0,True,0.30906863026104625,0.30906863026104625,0.15453423746144554,0.15453423746144554,0.3090684749228911,-1.5533815517221328e-07,False,True,0.30906863026104625,0.30906863026104625,0.15453423746144554,0.15453423746144554,0.3090684749228911,-1.5533815517221328e-07,False,True
pool19zhl50qqzpfvvhdytqg6qx0cthummjyunfyvkfqx9uxrsp7k8ek,BKV,513705.423282,20000.0,21077.595074,170.0,0.0,True,152.57918890540878,152.57918890540878,76.28675637214025,76.28675637214025,152.5735127442805,-0.005676161128292279,False,True,152.57918890540878,87.7728085292096,76.28675637214025,76.28675637214025,152.5735127442805,64.8007042150709,True,False
pool19zz6frugmvm82ecgl5hh5vq3093d4kzr4h2r5vfmt6la7trk929,CVM,35010736.098546,0.0,0.0,340.0,0.05,True,10398.006474087228,842.9003237043614,5199.003237043614,582.9501618521807,1165.9003237043614,323.0,True,False,10398.006474087228,681.4003237043614,5199.003237043614,421.4501618521807,842.9003237043614,161.5,True,False
pool1a0kp4vl4fh0p0rs8s08rm7qq3vkj3epwraayk3sdgm8sz0zwt7t,BLC2,51361417.153099,1000.0,9380.505786,340.0,0.01,True,15254.1327074624,491.83796386447574,7627.051597041502,414.18809385520194,828.3761877104039,336.53822384592814,True,False,15254.1327074624,323.56870170644527,7627.051597041502,245.91883169717147,491.83766339434294,168.26896168789767,True,False
pool1a0wm2emve4y6e3tn8lnhk9vfhk9u7wgjqmrs5zfsn792gjtquu3,,2.015999,1000.0,0.0,340.0,0.075,False,0.0,0.0,0.0,0.0,0.0,0.0,False,False,0.0,0.0,0.0,0.0,0.0,0.0,False,False
pool1a23gmvalpdams9d42t7fur8vmknzjv7wd3nsvuvrc7dv66lnau0,AOS,48497236.542378,350000.0,382494.028273,340.0,0.025,True,14422.881518277423,800.3658914631576,7206.566106580605,564.4663368674953,1128.9326737349907,328.56678227183306,True,False,14422.881518277423,635.9231491484661,7206.566106580605,400.02359455280384,800.0471891056077,164.12403995714158,True,False
pool1a26gnntcj3j5v7ng599qncn7uuav2sp560xwlkvp3pqlj822jtl,NASA1,1685.271127,1000.0,1024.244396,340.0,0.05,True,0.5005175444800283,0.5005175444800283,0.25025857534482826,0.25025857534482826,0.5005171506896565,-3.937903717554647e-07,False,True,0.5005175444800283,0.5005175444800283,0.25025857534482826,0.25025857534482826,0.5005171506896565,-3.937903717554647e-07,False,True
pool1a2ffl2d20yransp2p4hqys5vy6hys8kmtchdvlfqale7ywxssjh,ZUND,746608.319851,450000.0,558077.3144,170.0,0.0,True,221.89442164827275,208.79021797076817,110.90802193888436,110.90802193888436,221.81604387776872,13.025825907000552,True,False,221.89442164827275,187.32630571951825,110.90802193888436,104.36581594477057,208.73163188954115,21.405326170022903,True,False
pool1a2gt2mvuf5zvtqlvw2xgks2efze3p4r985ft62q64lua7gx7lal,SALT,2974683.855982,10000.0,102863.793994,340.0,0.0,True,883.4997049497571,358.7940784273009,441.7413329634412,343.518188829909,687.036377659818,328.24229923251704,True,False,883.4997049497571,194.67263420855292,441.7413329634412,179.39674461116095,358.7934892223219,164.120855013769,True,False
pool1a2nh3ktswllhwf07fjahpdg5mpqyq7j950pyftq9765r6t4cefl,OCEAN,36682461.1297,15000.0,15099.618046,500.0,0.039,True,10895.132330881212,909.5222347540191,5447.408095178819,694.9059958918292,1389.8119917836584,480.2897570296393,True,False,10895.132330881212,669.3711289700512,5447.408095178819,454.7548901078614,909.5097802157228,240.13865124567155,True,False
pool1a3ekt9me035qgju0en2w39vjns9ggtewnc9fugsmpgczvgtl6u9,SA8,7231744.842891,168.0,5028.796721,340.0,0.01,True,2147.7919906201,359.3224478100278,1073.8956462535748,347.84418804614637,695.6883760922927,336.3659282822649,True,False,2147.7919906201,191.13947993803166,1073.8956462535748,179.6612201741502,359.3224403483004,168.18296041026875,True,False
pool1a3kdettzvvlqvkl9m9hwe63ggeq5fgvz0twqew5c62dzx99vsed,LEAD,7960389.439063,25000.0,143037.994231,340.0,0.01,True,2364.422314690943,396.2567344053933,1182.154131605267,363.40264724722465,726.8052944944493,330.548560089056,True,False,2364.422314690943,230.98086967080445,1182.154131605267,198.12678251263583,396.25356502527166,165.2726953544672,True,False
pool1a40qpxlsqwjk4a9yk636dcawly4dcrd6l26tghjxlr37cmlrwv4,RPO,4306.185517,100.0,197.125746,345.0,0.15,True,1.2789151785419202,1.2789151785419202,0.6394574684224547,0.6394574684224547,1.2789149368449093,-2.416970108498617e-07,False,True,1.2789151785419202,1.2789151785419202,0.6394574684224547,0.6394574684224547,1.2789149368449093,-2.416970108498617e-07,False,True
pool1a44j6jas4sjhh3qc96r8rmhsdjxjuntuzxr3440jzwjjcysl9ca,MELD,184188.249802,20000.0,29916.707329,340.0,0.05,True,54.70672686884098,54.70672686884098,27.35241956361708,27.35241956361708,54.70483912723416,-0.0018877416068221464,False,True,54.70672686884098,54.70672686884098,27.35241956361708,27.35241956361708,54.70483912723416,-0.0018877416068221464,False,True
pool1a44zldps27avv82mamm2lj33mrrkqdzt39nyrgn5dkk3jtm0wrp,ADD,719786.826334,3000.0,4393.548037,340.0,0.01,True,213.77541403502957,213.77541403502957,106.88708915964564,106.88708915964564,213.77417831929128,-0.0012357157382894002,False,True,213.77541403502957,170.70228536486326,106.88708915964564,106.88708915964564,213.77417831929128,43.07189295442802,True,False
pool1a4qtpgce7cu6wzc79fx7qrc3938hkl2gf8c2h5jugvm2gnu86l7,,20728203.293906,8440000.0,8623282.294236,500.0,0.0215,True,6297.2470781268075,2984.540726404077,3110.617939458134,1618.8390807315093,3237.6781614630186,253.13743505894172,True,False,6297.2470781268075,2841.6838536902296,3110.617939458134,1475.9822080176623,2951.9644160353246,110.28056234509495,True,False
pool1a58fg4u3mcr2zwyqlc4dqd6mnwqjmcussmpmcml9lrmszwedmfy,,4988.631386,100.0,470.531542,340.0,0.0075,True,1.4815981295654383,1.4815981295654383,0.7407989243267668,0.7407989243267668,1.4815978486535335,-2.8091190484857975e-07,False,True,1.4815981295654383,1.4815981295654383,0.7407989243267668,0.7407989243267668,1.4815978486535335,-2.8091190484857975e-07,False,True
pool1a5jd3x2udlvpm9mt4gpau4jlags6qtth6jdsguryh2zy27f5ttj,CRDN,3437185.035659,20000.0,21023.426316,340.0,0.02,True,1020.9046371825814,357.69952838157343,510.4326750630512,344.43025029453145,688.8605005890629,331.16097220748946,True,False,1020.9046371825814,192.11853166126565,510.4326750630512,178.84925357422367,357.69850714844733,165.57997548718168,True,False
pool1a600v0jd2z3yajazd80phln3exekumm7g56d9yvlrh6vx8dx2fc,POP3,1430495.846828,50000.0,52761.211865,340.0,0.05,True,424.9292034917815,347.22229496882994,212.44475029558205,212.44475029558205,424.8895005911641,77.66720562233417,True,False,424.9292034917815,191.67892583573664,212.44475029558205,173.60945933683092,347.21891867366185,155.5399928379252,True,False
pool1a6wdglfp93m2z4nhptx9xhjazgyqusjpu387gdrp899cj98yuqq,HYVEN,913.900616,9500.0,912.892879,340.0,0.05,False,0.0,0.0,0.0,0.0,0.0,0.0,False,False,0.0,0.0,0.0,0.0,0.0,0.0,False,False
pool1a6ysvnx24xsjh2f6ehgmx7yu9q45fd7lsk88v2swxkek7pkxtgp,VIVI,9024347.355078,15000.0,19366.470783,340.0,0.96,True,2680.3395533888665,2586.9268682968304,1340.1309381610317,1300.2115528556142,2600.4231057112283,13.49623741439791,True,False,2680.3395533888665,2580.141461263628,1340.1309381610317,1293.4261458224119,2586.8522916448237,6.710830381195592,True,False
pool1a8902n5s5z8cgehphzj8ujwv6wf7dycnrdx4ekfz9cwmwj2fenu,,799.909887,25500.0,1056.620624,340.0,0.0,False,0.0,0.0,0.0,0.0,0.0,0.0,False,False,0.0,0.0,0.0,0.0,0.0,0.0,False,False
pool1a8fp4uygrweyx2hgkawfec4dn9vnw73ruqj0p6p2ewsjyfu2lgu,,31642833.426721,0.0,4356.135719,340.0,0.05,True,9397.756902436937,794.0724412340975,4698.878451218468,558.5139875916705,1117.027975183341,322.95553394924343,True,False,9397.756902436937,632.5946742594758,4698.878451218468,397.03622061704874,794.0724412340975,161.47776697462166,True,False
pool1a8n7f97dmgtgrnl53exccknjdchqxrr9508hlxlgqp6xvjmzhej,HAPPY,55772438.400716,130000.0,151346.484422,170.0,0.01,True,16572.451086002093,378.08980269888343,8284.142035695506,272.94011586594763,545.8802317318953,167.79042903301183,True,False,16572.451086002093,294.16815575335465,8284.142035695506,189.01846892041885,378.0369378408377,83.86878208748305,True,False
pool1a9fmzl8m8ql8kk5s8cgxf0ny4c06v2540977gps5mjunwvk5zc0,HPAY,419.610317,100.0,115.548393,345.0,0.15,True,0.12462211781153054,0.12462211781153054,0.062311049722991334,0.062311049722991334,0.12462209944598267,-1.836554787415512e-08,False,True,0.12462211781153054,0.12462211781153054,0.062311049722991334,0.062311049722991334,0.12462209944598267,-1.836554787415512e-08,False,True
pool1a9j9dtdppvfq94w84ns59fnrptz3cj2mkwpmku57e2yf5k6a4ae,ayame,3.622402,1.0,3.622402,345.0,0.05,True,0.0010758345510714748,0.0010758345510714748,0.0005379172747822929,0.0005379172747822929,0.0010758345495645858,-1.5068890146102687e-12,False,True,0.0010758345510714748,0.0010758345510714748,0.0005379172747822929,0.0005379172747822929,0.0010758345495645858,-1.5068890146102687e-12,False,True
pool1a9xyvnnfjnujzy0n2mpf4rztdwrssraw5p5f06mqlgn4s06z0nw,LAGO,232361.508308,15000.0,26804.814719,170.0,0.01,True,69.01390687528038,69.01390687528038,34.50601639227881,34.50601639227881,69.01203278455762,-0.0018740907227652315,False,True,69.01390687528038,69.01390687528038,34.50601639227881,34.50601639227881,69.01203278455762,-0.0018740907227652315,False,True
pool1aaa4rk9exk0scgjh7a247p4hdgkuq887kau8vnf9c6xqcjwca7e,CYPAY,47.821475,1000.0,47.821475,340.0,0.03,False,0.0,0.0,0.0,0.0,0.0,0.0,False,False,0.0,0.0,0.0,0.0,0.0,0.0,False,False
pool1aasrxs9vpr97rjlqqwpp5gnju9tp9dgtsmqqvmsy8hryuuepvra,NEP,1299.987829,1.0,0.0,340.0,0.0,False,0.0,0.0,0.0,0.0,0.0,0.0,False,False,0.0,0.0,0.0,0.0,0.0,0.0,False,False
pool1aavk93lvhqfhskga397sadl0w30tul9sp587gh7r8mt625zxze8,,3487.585371,2000.0,3476.053175,340.0,0.01,True,1.0357981300448633,1.0357981300448633,0.5178982101461024,0.5178982101461024,1.0357964202922048,-1.7097526585629907e-06,False,True,1.0357981300448633,1.0357981300448633,0.5178982101461024,0.5178982101461024,1.0357964202922048,-1.7097526585629907e-06,False,True
pool1aawkmkg7vg0x0vxaqh4gr0lwp4fekwsqrjduylx0et3tuz9hfn4,CHAIN,571584.319303,2500.0,10192.743917,170.0,0.03,True,169.75920419694918,169.75920419694918,84.87919331839291,84.87919331839291,169.75838663678581,-0.0008175601633695351,False,True,169.75920419694918,89.00889576704988,84.87919331839291,84.87919331839291,169.75838663678581,80.74949086973594,True,False
pool1aczlsvfl50xtyfuff4vk3d0v2h9r78hr269ycxwgx00dcng4u9d,MYTHX,197.61919,50.0,197.61919,170.0,1.0,True,0.058691879777091685,0.058691879777091685,0.02934593776791348,0.02934593776791348,0.05869187553582696,-4.241264728310767e-09,False,True,0.058691879777091685,0.058691879777091685,0.02934593776791348,0.02934593776791348,0.05869187553582696,-4.241264728310767e-09,False,True
pool1adryduxm4puhn67tuxys7rhvdleee6gw5pc9ufnwwzp8k2wjc2z,,9308.804645,5000.0,9306.84591,340.0,0.03,True,2.7646913122661654,2.7646913122661654,1.3823394650081875,1.3823394650081875,2.764678930016375,-1.2382249790388045e-05,False,True,2.7646913122661654,2.7646913122661654,1.3823394650081875,1.3823394650081875,2.764678930016375,-1.2382249790388045e-05,False,True
pool1af7dmzgcyp9kc5lyrtrtpsce58l6j5cjvc8wavkwmzlr53ym50v,SHARE,2025036.735687,250000.0,583148.596233,200.0,0.02,True,601.9372384523276,321.4694542478905,300.84041885076147,230.4749833359456,460.9499666718912,139.48051242400072,True,False,601.9372384523276,251.69045459998839,300.84041885076147,160.69598368804353,321.39196737608705,69.70151277609867,True,False
pool1afv4cmmjdkujtd5r9t63090a3frwwqy8f3e46gz003vyzjcj63r,,527213.835495,150000.0,1.939663,340.0,0.02,False,0.0,0.0,0.0,0.0,0.0,0.0,False,False,0.0,0.0,0.0,0.0,0.0,0.0,False,False
pool1ag6ae29hrcjhcjaqp56hwhwj9geszjerwqrkjz6xndmcq3u9k80,,1967.312227,1900.0,1949.430457,345.0,0.045,True,0.5842816433478482,0.5842816433478482,0.2921407848893344,0.2921407848893344,0.5842815697786689,-7.356917930412266e-08,False,True,0.5842816433478482,0.5842816433478482,0.2921407848893344,0.2921407848893344,0.5842815697786689,-7.356917930412266e-08,False,True
pool1aga0u8m7rqpdvkqa7qfr8rhyweyqlg3jxt3skfq660vdczwzyca,,44.304481,9500.0,0.0,340.0,0.018,False,0.0,0.0,0.0,0.0,0.0,0.0,False,False,0.0,0.0,0.0,0.0,0.0,0.0,False,False
pool1agk62kg0s9606v78exurl53mqsdu44d6qeuzypur5e7ku6gpgzp,,7524.334329,1000.0,1000.973115,340.0,0.0,True,2.234695647700543,2.234695647700543,1.11734594929652,1.11734594929652,2.23469189859304,-3.7491075026707676e-06,False,True,2.234695647700543,2.234695647700543,1.11734594929652,1.11734594929652,2.23469189859304,-3.7491075026707676e-06,False,True
pool1agwy5atgc4ptg3whplaxyz28g4dgvsna8auktszctkq8xmtl7dh,8964,3368216.761057,89640.0,117402.288398,170.0,0.0,True,1000.6810086995482,198.9541494115365,500.25591565479715,181.51137322963814,363.0227464592763,164.0685970477398,True,False,1000.6810086995482,116.91690247102142,500.25591565479715,99.47412628912306,198.94825257824613,82.03135010722471,True,False
pool1ah5jv4mrq0z7g4wuhjjnc24kfwqekwcap0wqmsr57thfg8mpr4n,HWSP,1544.341958,500.0,533.61809,345.0,0.02,True,0.45866212702541675,0.45866212702541675,0.22933091348518375,0.22933091348518375,0.4586618269703675,-3.0005504925156856e-07,False,True,0.45866212702541675,0.45866212702541675,0.22933091348518375,0.22933091348518375,0.4586618269703675,-3.0005504925156856e-07,False,True
pool1ah6f5h5xss3qcc5wv5smvkwsqrqz2v2v4u0pvmrrttzs6z52kx8,FGMTE,1004589.024912,2e-06,9.820727,170.0,0.1,True,298.357713914671,182.8369007184176,149.17885695733492,149.17885695733492,298.35771391466983,115.52081319625222,True,False,298.357713914671,106.33764857211388,149.17885695733492,91.41845035920875,182.8369007184175,76.49925214630362,True,False
pool1ah9fqr5pwdtjtw82nkkcskak4vtc2xjz70mkyselzvalgzd3jlt,SYLV1,24613.859387,5000.0,23977.538087,340.0,0.03,True,7.3103008962523095,7.3103008962523095,3.6551222683342326,3.6551222683342326,7.310244536668465,-5.6359583844312056e-05,False,True,7.3103008962523095,7.3103008962523095,3.6551222683342326,3.6551222683342326,7.310244536668465,-5.6359583844312056e-05,False,True
pool1ahazpr2yz5gljk2m4q8g7wnmq7m2sr9unhdfmr5arhqrjnntwdz,ADV3,74282147.110501,250000.0,254594.255027,340.0,0.0,True,22082.750289198873,414.5209922901398,11036.031777434264,376.6595251759495,753.319050351899,338.7980580617592,True,False,22082.750289198873,245.1036494296838,11036.031777434264,207.24218231549347,414.48436463098693,169.38071520130313,True,False
pool1aj697twgk5kt7c6kjtkpwejqqhljvf3hzsmsamswzy42v24cw5h,KYLEK,37932.825619,15436.5,15920.617477,340.0,0.05,True,11.266251084604948,11.266251084604948,5.6330257191956985,5.6330257191956985,11.266051438391397,-0.00019964621355050838,False,True,11.266251084604948,11.266251084604948,5.6330257191956985,5.6330257191956985,11.266051438391397,-0.00019964621355050838,False,True
pool1ajjz83zx620n7fyr0gvfaz0k0udc6x09rdnkqrgaxu9qwcz97qe,,205.61853,100.0,205.61853,345.0,0.01,True,0.061067645795294855,0.061067645795294855,0.030533819863101223,0.030533819863101223,0.061067639726202445,-6.069092409188848e-09,False,True,0.061067645795294855,0.061067645795294855,0.030533819863101223,0.030533819863101223,0.061067639726202445,-6.069092409188848e-09,False,True
pool1ajpxqyq3p3aczgaxuc66lwtgzhrapzu6duk90dz0wz5twh9jzyw,STBL4,6.135954,0.0,6.135954,340.0,1.0,True,0.0018223464150287064,0.0018223464150287064,0.0009111732075143532,0.0009111732075143532,0.0018223464150287064,0.0,False,False,0.0018223464150287064,0.0018223464150287064,0.0009111732075143532,0.0009111732075143532,0.0018223464150287064,0.0,False,False
pool1ak3vhtv7alve9wfj5kx5xswrtfvy5a23txuupgy6nqpduq350w5,HEAP,1102.568441,10.0,386.682468,170.0,0.0,True,0.32745710330045563,0.32745710330045563,0.16372854851115975,0.16372854851115975,0.3274570970223195,-6.278136122084277e-09,False,True,0.32745710330045563,0.32745710330045563,0.16372854851115975,0.16372854851115975,0.3274570970223195,-6.278136122084277e-09,False,True
pool1aksxtgqz36vtvnf3rrgrzz9qxrvjv4p2ukqcdyv5q66s5eqhql9,,6.444552,110000.0,129291.780517,345.0,0.03,True,0.0,0.0,0.0,0.0,0.0,0.0,False,False,0.0,0.0,0.0,0.0,0.0,0.0,False,False
pool1al5vg7cqtfs5mqgd5uyyx09z9hvsxqnh26lr42t920y5qnvq7aq,ROUTE,1252.315408,10000.0,488.856807,345.0,0.15,False,0.0,0.0,0.0,0.0,0.0,0.0,False,False,0.0,0.0,0.0,0.0,0.0,0.0,False,False
pool1al783um2muyhrpcj779y46z0qtnd0nteu0y5jt7252nl26dt0h0,GOLGI,108000.371031,10000.0,11018.158692,340.0,0.005,True,32.076674735294375,32.076674735294375,16.03805574192995,16.03805574192995,32.0761114838599,-0.000563251434478218,False,True,32.076674735294375,32.076674735294375,16.03805574192995,16.03805574192995,32.0761114838599,-0.000563251434478218,False,True
pool1alseugmsr68dn8mlen92jqgdc6nm4f3dvqyc8m55fgl967ytyua,,76824819.233615,76800000.0,76888185.192034,340.0,1.0,True,29535.801265852937,29535.801265852937,12248.463340857075,12248.463340857075,24496.92668171415,-5038.874584138786,False,True,29535.801265852937,29535.801265852937,12248.463340857075,12248.463340857075,24496.92668171415,-5038.874584138786,False,True
pool1alukhlxd53jat03vgt5h4dxxqyaapzefhk9yrl40e4r3x5cr5au,,3.991496,0.0,2.88248,340.0,0.075,True,0.0011854535458058228,0.0011854535458058228,0.0005927267729029114,0.0005927267729029114,0.0011854535458058228,0.0,False,False,0.0011854535458058228,0.0011854535458058228,0.0005927267729029114,0.0005927267729029114,0.0011854535458058228,0.0,False,False
pool1am69d5jfzgjepwhseryw59j0lspn0c0307shw3v2cvfq77gvnrh,BIDA,126923.599625,100.0,102.232264,340.0,0.01,True,37.69566332986265,37.69566332986265,18.847828021144874,18.847828021144874,37.69565604228975,-7.28757289891746e-06,False,True,37.69566332986265,37.69566332986265,18.847828021144874,18.847828021144874,37.69565604228975,-7.28757289891746e-06,False,True
pool1anxttanf5g4cjgagns6cf084wq6x9k2pfygjdjyk3swf77wj2ax,FGMTM,2858604.422914,2e-06,9.820727,170.0,0.1,True,848.9906414035329,237.901163543651,424.4953207017648,195.45031895630268,390.90063791260536,152.99947436895437,True,False,848.9906414035329,161.40142635917366,424.4953207017648,118.95058177182534,237.90116354365068,76.49973718447703,True,False
pool1ap0mx7frdu2mhk6f8rp3psy6wkd8t560dgh0cwnlxxfswtqjg9v,,244.646977,100.0,244.646977,340.0,0.0,True,0.07265889598985786,0.07265889598985786,0.036329443839051005,0.036329443839051005,0.07265888767810201,-8.3117558530299e-09,False,True,0.07265889598985786,0.07265889598985786,0.036329443839051005,0.036329443839051005,0.07265888767810201,-8.3117558530299e-09,False,True
pool1ap29p59japhsunqkknkrdm4wh4f8krrvhft66zhns43evawjd03,SNOW,6304.620604,0.0,47.632478,340.0,0.02,True,1.8724395189102652,1.8724395189102652,0.9362197594551326,0.9362197594551326,1.8724395189102652,0.0,False,False,1.8724395189102652,1.8724395189102652,0.9362197594551326,0.9362197594551326,1.8724395189102652,0.0,False,False
pool1ap4k28jflxcyekms0rjp39ruuydrvwrek2ca267w8mwyvknpx87,,127355.289384,100000.0,124497.61831,340.0,0.015,True,37.82702103426502,37.82702103426502,18.91271749054437,18.91271749054437,37.82543498108874,-0.0015860531762825758,False,True,37.82702103426502,37.82702103426502,18.91271749054437,18.91271749054437,37.82543498108874,-0.0015860531762825758,False,True
pool1ap5sw2p7erpvegveucua66gy50cadjvq72apar0hvzrdv8s27nl,ELEV8,6737.303755,0.0,3.036359,340.0,0.0,True,2.0009441636758836,2.0009441636758836,1.0004720818379418,1.0004720818379418,2.0009441636758836,0.0,False,False,2.0009441636758836,2.0009441636758836,1.0004720818379418,1.0004720818379418,2.0009441636758836,0.0,False,False
pool1apts5675m9f6tkp4ed2jeu35azt7a0hxd3dypzjvwr2hxu6lg9a,ANON,3943.453987,0.0,3.899819,340.0,0.007,True,1.171185317888646,1.171185317888646,0.585592658944323,0.585592658944323,1.171185317888646,0.0,False,False,1.171185317888646,1.171185317888646,0.585592658944323,0.585592658944323,1.171185317888646,0.0,False,False
pool1apupv5qtfp2aa2xlrzzjzx0uj686g3n695a329nq8j5jvvzumz0,RIDGE,2751157.784657,10000.0,11316.702258,170.0,0.01,True,817.1110554952401,179.10633982166442,408.5476505750529,173.35691370337292,346.71382740674585,167.60748758508143,True,False,817.1110554952401,95.3024851792014,408.5476505750529,89.5530590609099,179.1061181218198,83.8036329426184,True,False
pool1aq2kqdp9xf9w47vttvmqnahwd4scz2qyddsr9l4mfru4qddg3kr,NMKR,2648449.481691,400000.0,727337.622445,340.0,0.99,True,787.6156049724037,784.36872541876,393.5470453552134,393.15862992735407,786.3172598547081,1.9485344359480905,True,False,787.6156049724037,783.1355925297638,393.5470453552134,391.92549703835783,783.8509940767157,0.7154015469518527,True,False
pool1aq6sd3kr3cnjk995tfthhyf0suth3rm547kp6pv35z7wgqu6twn,BNP,11670.859974,2.0,11.982733,345.0,0.06,True,3.466184720174178,3.466184720174178,1.733092353381909,1.733092353381909,3.466184706763818,-1.3410359933629934e-08,False,True,3.466184720174178,3.466184720174178,1.733092353381909,1.733092353381909,3.466184706763818,-1.3410359933629934e-08,False,True
pool1aqg6fvhcaulvss2ruvpx6ur9vj7pejvdcxv6xp0qlwuwx94evf0,SARGA,16066580.321068,25000.0,25006.732093,340.0,0.02,True,4772.151808049002,435.40346420675223,2385.960625209919,384.0399471248167,768.0798942496334,332.6764300428812,True,False,4772.151808049002,269.06276777250423,2385.960625209919,217.6992506905687,435.3985013811374,166.33573360863318,True,False
pool1aqg8vxzv75zhjzjjd9s20fu6r0xz70yl8lk3teacwy7qyc2p2j7,KILN7,65955029.462936,100.0,3251.012417,340.0,0.03,True,19588.30819207892,918.3695575985505,9794.152201079227,624.0765937163115,1248.153187432623,329.7836298340726,True,False,19588.30819207892,753.4776857421042,9794.152201079227,459.18472185986525,918.3694437197305,164.8917579776263,True,False
pool1aqr4843pgkyaq6p2557vgnxsxwnj5s5em2xusf5k4ya4uzk3w5l,,831.024711,5000.0,23.427305,340.0,0.01,False,0.0,0.0,0.0,0.0,0.0,0.0,False,False,0.0,0.0,0.0,0.0,0.0,0.0,False,False
pool1aqslsnawz622pd8367tgsu2atfm3lgk9xcdw5rh3c6rgzca33yq,,20.0159,5000.0,9.823059,345.0,0.01,False,0.0,0.0,0.0,0.0,0.0,0.0,False,False,0.0,0.0,0.0,0.0,0.0,0.0,False,False
pool1ar6nsa2uzng70uf8fdrttu5jhgxzgu2f4za8h845zr435nfcruw,1STEP,4066303.931467,25000.0,39422.155243,170.0,0.015,True,1207.7872609679027,195.47706993597637,603.864588596583,180.6511217492779,361.3022434985558,165.82517356257944,True,False,1207.7872609679027,112.5637701933473,603.864588596583,97.73782200664883,195.47564401329765,82.91187381995036,True,False
pool1arsqn9w87wpqlm0sre66gs79dcs0jmwulytgke3vut7u62lttu7,LATIN,2520227.202168,50000.0,52552.776755,170.0,0.018,True,748.6364052901433,192.26422381375494,374.2826814695022,177.86019562531746,355.7203912506349,163.45616743687998,True,False,748.6364052901433,110.5347733451489,374.2826814695022,96.13074515671143,192.26149031342285,81.72671696827395,True,False
pool1arx4x8ecnxu46xrpfj88hwm25j9gcy8080szvf62a0avke556v5,SPG01,131012.917179,3500.0,13393.716169,340.0,0.0,True,38.91066771872594,38.91066771872594,19.455205624993358,19.455205624993358,38.910411249986716,-0.00025646873922369195,False,True,38.91066771872594,38.91066771872594,19.455205624993358,19.455205624993358,38.910411249986716,-0.00025646873922369195,False,True
pool1ases3nklh6gyjf74r7dqm89exjfd520z9cefqru959wcccmrdlk,MIN,35113937.580679,30000000.0,40639572.089969,340.0,1.0,True,11073.43521952885,11073.43521952885,5316.965038873231,5316.965038873231,10633.930077746461,-439.5051417823888,False,True,11073.43521952885,11073.43521952885,5316.965038873231,5316.965038873231,10633.930077746461,-439.5051417823888,False,True
pool1asfgkqtmjuusclgx72xpzvpw336gkulchtstsx9lsj9uqzjckv0,BASHO,24288366.153241,4.0,4917.104473,340.0,0.03,True,7213.518496286108,547.5553317356628,3606.7592202298133,438.6442815308766,877.2885630617532,329.7332313260904,True,False,7213.518496286108,382.68871522973905,3606.7592202298133,273.77766502495274,547.5553300499055,164.86661482016643,True,False
pool1ast5kjj9zer9sp02f5w44nyqsc54589l2glyp5fhsg3awqs5axk,,67679.828832,10000.0,10789.189043,340.0,0.0,True,20.101220033308156,20.101220033308156,10.050444258635716,10.050444258635716,20.100888517271432,-0.0003315160367236558,False,True,20.101220033308156,20.101220033308156,10.050444258635716,10.050444258635716,20.100888517271432,-0.0003315160367236558,False,True
pool1aum2mx8ds554pfm45el2wn3lr7lsnphlggxzhk3qlpl56qnffm2,AMM,1384.519322,10000.0,363.30011,340.0,0.02,False,0.0,0.0,0.0,0.0,0.0,0.0,False,False,0.0,0.0,0.0,0.0,0.0,0.0,False,False
pool1auwfzangu7s9uagapchhmac87jy3k87a3dxhp23vadtw5m5dswl,JPN24,3324.707793,100.0,512.065971,340.0,0.017,True,0.9874212879632286,0.9874212879632286,0.4937105513320816,0.4937105513320816,0.9874211026641632,-1.8529906542497088e-07,False,True,0.9874212879632286,0.9874212879632286,0.4937105513320816,0.4937105513320816,0.9874211026641632,-1.8529906542497088e-07,False,True
pool1av640ert5ktadalakrc5lkgrf988tu0t0j58d9hptd06u57qlms,NUV,24695.938217,1000.0,1013.141944,340.0,0.0,True,7.33459239989635,7.33459239989635,3.667289391711168,3.667289391711168,7.334578783422336,-1.3616474013211644e-05,False,True,7.33459239989635,7.33459239989635,3.667289391711168,3.667289391711168,7.334578783422336,-1.3616474013211644e-05,False,True
pool1avrc505uzld32hjr78pxra8jtmxvwaxdttxq2zxsjearwsy0quc,WPool,138245.095266,50000.0,0.0,340.0,0.03,False,0.0,0.0,0.0,0.0,0.0,0.0,False,False,0.0,0.0,0.0,0.0,0.0,0.0,False,False
pool1ax6nusmcp8h8alsqmueqvxu46h37fmvfyr2y6w9l6486cy2rq06,,321.624382,20000.0,321.624382,340.0,0.01,False,0.0,0.0,0.0,0.0,0.0,0.0,False,False,0.0,0.0,0.0,0.0,0.0,0.0,False,False
pool1ax7rlt56kgfpn0ystuwk5jawjh5r6qfw6xhwa8ckaqe47va4y39,GYQX,534.521077,10000.0,47.281368,340.0,0.99,False,0.0,0.0,0.0,0.0,0.0,0.0,False,False,0.0,0.0,0.0,0.0,0.0,0.0,False,False
pool1ax8znp3yeeh0udrr2vvtm4wkxjldwv4mywycn573km7fu20y5xa,,827124.562756,50000.0,0.0,340.0,0.05,False,0.0,0.0,0.0,0.0,0.0,0.0,False,False,0.0,0.0,0.0,0.0,0.0,0.0,False,False
pool1axeed9wqmyvm8ttgdkpazx5dr0e6ezhucnzarpua0zpdg8ycqwl,,150990.903879,100000.0,100496.838386,340.0,0.03,True,44.84939538328966,44.84939538328966,22.423224274381067,22.423224274381067,44.84644854876213,-0.002946834527527642,False,True,44.84939538328966,44.84939538328966,22.423224274381067,22.423224274381067,44.84644854876213,-0.002946834527527642,False,True
pool1axgtae69sdv7tnqru3enjdln0hff9k7n8awlh9xxzq92cdgmq53,,7.62,0.0,7.62,500.0,1.0,True,0.0022631003561171975,0.0022631003561171975,0.0011315501780585987,0.0011315501780585987,0.0022631003561171975,0.0,False,False,0.0022631003561171975,0.0022631003561171975,0.0011315501780585987,0.0011315501780585987,0.0022631003561171975,0.0,False,False
pool1axngzl8clfn6pnjaf4w5r0q4tgcwktv0zcuxnn32hl995pthddr,NOSP,7073062.306941,100.0,6722.536896,7000.0,0.9999,True,2100.663519638321,2100.663519638321,1050.3315566048987,1050.3315566048987,2100.6631132097973,-0.0004064285235472198,False,True,2100.663519638321,2100.663519638321,1050.3315566048987,1050.3315566048987,2100.6631132097973,-0.0004064285235472198,False,True
pool1axzm26vduyuxgw0x9ddh4vkvn7q5hyd558l0t9c08p556lf2zaj,WAV1,28829781.990669,1000.0,9340.30132,340.0,0.05,True,8562.328392849757,753.6471038331543,4281.155913443277,538.2708122882086,1076.5416245764172,322.8945207432629,True,False,8562.328392849757,592.1994267630907,4281.155913443277,376.823135218145,753.64627043629,161.44684367319928,True,False
pool1ayfjmnrv5vg6tfducvysn360re6qfwuv2rhc4ph6jk33ztuxlhq,1PCT5,530206.390444,50000.0,54079.543334,340.0,0.01,True,157.49615285362148,157.49615285362148,78.74117063358307,78.74117063358307,157.48234126716613,-0.01381158645534697,False,True,157.49615285362148,157.49615285362148,78.74117063358307,78.74117063358307,157.48234126716613,-0.01381158645534697,False,True
pool1azwa3mcez0mr7520jznl0kamr3wdun5ygzscwtjulhdy5s58vvu,ZMT,93199.989121,1000.0,1021.614101,340.0,0.0,True,27.680017847411538,27.680017847411538,13.839982433132095,13.839982433132095,27.67996486626419,-5.2981147348418745e-05,False,True,27.680017847411538,27.680017847411538,13.839982433132095,13.839982433132095,27.67996486626419,-5.2981147348418745e-05,False,True
pool1azwytj96wpa7hqmj5adks6tpw7rhnwdqpf9hkgyy0mwdxxzxz9w,XAT1,741911.895963,100000.0,100497.79245,340.0,0.04,True,220.41785449776359,220.41785449776359,110.190443183,110.190443183,220.380886366,-0.0369681317635866,False,True,220.41785449776359,178.57302872409667,110.190443183,110.190443183,220.380886366,41.807857641903325,True,False
pool1c0p84nykx0m4yqs9pkvlgagh3nlnrn77d5zed9kv9ktljh2cjcy,GOKEY,101816.753652,1000.0,10.762675,340.0,0.99,False,0.0,0.0,0.0,0.0,0.0,0.0,False,False,0.0,0.0,0.0,0.0,0.0,0.0,False,False
pool1c0qt93ydpjdndag5v9fsmzjv0hm87ehstqn6ttvrr60rw9d6uaq,PACT,1808.521302,51000.0,1808.521302,340.0,0.005,False,0.0,0.0,0.0,0.0,0.0,0.0,False,False,0.0,0.0,0.0,0.0,0.0,0.0,False,False
pool1c0t0xzlpu7nhprxhnlepnapek47waww3m54ek6gaufnpjrl5j0m,,37852.390594,10000.0,0.0,345.0,0.15,False,0.0,0.0,0.0,0.0,0.0,0.0,False,False,0.0,0.0,0.0,0.0,0.0,0.0,False,False
pool1c0xj2fa97zuz4phld87atg6yphz3hju409fm5xgnwuuvqww25qj,SAPIO,1433936.152958,25000.0,59784.858671,340.0,0.01,True,425.9120707658809,344.405219038671,212.9459103355802,212.9459103355802,425.8918206711604,81.4866016324894,True,False,425.9120707658809,183.12212261110227,212.9459103355802,172.20209034838547,344.40418069677094,161.28205808566867,True,False
pool1c2utlagkpht4zj0jetsf245c258geuxnjqp9kf4f2z9rutx9dz4,QCPOL,3365363.898132,25000.0,132253.69003,170.0,0.05,True,999.591572524081,242.45118303657705,499.771781501541,198.8001427367112,397.6002854734224,155.14910243684534,True,False,999.591572524081,164.87453539703063,499.771781501541,121.2234950971648,242.4469901943296,77.57245479729897,True,False
pool1c2wf97p3j9gfvfjshj99ufxerpy3aznm8tzr2fd0ua465s26th4,P2P,76744352.487519,10000.0,12119.845373,340.0,0.15,True,22793.555396101034,3711.047388875806,11396.55718928286,1999.9677683722268,3999.9355367444537,288.8881478686476,True,False,22793.555396101034,3566.5702090260793,11396.55718928286,1855.4905885225,3710.981177045,144.4109680189208,True,False
pool1c38rf777lz0lweuz856xtetz2p2tfq04xfles089839tclt4dp3,,24314.759422,10000.0,18154.276684,340.0,0.019,True,7.2215215956015575,7.2215215956015575,3.6107196564301605,3.6107196564301605,7.221439312860321,-8.228274123656121e-05,False,True,7.2215215956015575,7.2215215956015575,3.6107196564301605,3.6107196564301605,7.221439312860321,-8.228274123656121e-05,False,True
pool1c39qg80pu8596huf5kh6cmfuxp8yzxz4kfqc4csfz7xdcwfwcnc,,314.310501,0.0,1.434673,340.0,0.075,True,0.09334858356226702,0.09334858356226702,0.04667429178113351,0.04667429178113351,0.09334858356226702,0.0,False,False,0.09334858356226702,0.09334858356226702,0.04667429178113351,0.04667429178113351,0.09334858356226702,0.0,False,False
pool1c3ecg6h4m73a2mftmdm9mz3gxklxmnzuwzl9e38lzd4y26qcm8a,COSMC,27602401.293508,300000.0,570311.265219,340.0,0.025,True,8207.219535464576,695.166512205117,4101.242675651394,509.8017243126624,1019.6034486253247,324.43693642020776,True,False,8207.219535464576,532.8411813563579,4101.242675651394,347.47639346390326,694.9527869278065,162.11160557144865,True,False
pool1c3f370yr063cpzpdapsdyqye8dutrztqjfhrug8dr3uj7d50375,,76825585.553792,76800000.0,76883610.882338,340.0,1.0,True,29536.163497641952,29536.163497641952,12248.602421853508,12248.602421853508,24497.204843707015,-5038.958653934937,False,True,29536.163497641952,29536.163497641952,12248.602421853508,12248.602421853508,24497.204843707015,-5038.958653934937,False,True
pool1c3fjkls7d2aujud8y5xy5e0azu0ueatwn34u7jy3ql85ze3xya8,MANDA,2263956.73049,10000.0,44477.209458,340.0,0.04,True,672.4092772765546,359.5655949582919,336.1981615179406,336.1981615179406,672.3963230358812,312.8307280775893,True,False,672.4092772765546,199.57178723475585,336.1981615179406,179.7824162361372,359.5648324722744,159.99304523751857,True,False
pool1c3kxs76qj58284f923cx7ed8vw25en3nfghyurv0z9m2g3x9c4j,NAHA,8236727.969869,1000.0,32192.776013,340.0,0.045,True,2446.2748195511444,442.6441690684342,1223.1350435159297,383.0374336128776,766.0748672257552,323.43069815732093,True,False,2446.2748195511444,280.92870467587807,1223.1350435159297,221.32196922032145,442.6439384406429,161.71523376476483,True,False
pool1c45udwv2kdjcth5fvnhlklsz2tutw8spl9tcwnfw7m8cxl8eanm,,77424.461885,70000.0,73448.819064,345.0,0.01,True,22.99526527032819,22.99526527032819,11.497481207264858,11.497481207264858,22.994962414529716,-0.0003028557984734448,False,True,22.99526527032819,22.99526527032819,11.497481207264858,11.497481207264858,22.994962414529716,-0.0003028557984734448,False,True
pool1c60f68y8406zjmacluvcu8c0krgngp6h2qkkqhdz4mtl62ns0dq,MYUJK,12017633.205353,1000.0,15404.343442,500.0,0.99994,True,3569.1883491533463,3569.0044338996986,1784.5907220009842,1784.513745353873,3569.027490707746,0.023056808047385857,True,False,3569.1883491533463,3568.9894531268747,1784.5907220009842,1784.4987645810493,3568.9975291620985,0.008076035223893996,True,False
pool1c6ezumxqayxzfwec8q8nz40zpf58n3sr22nstpxf2pg3gggx0ce,,1501.2,1500.0,1501.2,340.0,0.0,True,0.44584859196163906,0.44584859196163906,0.2229242954448839,0.2229242954448839,0.4458485908897678,-1.0718712584179002e-09,False,True,0.44584859196163906,0.44584859196163906,0.2229242954448839,0.2229242954448839,0.4458485908897678,-1.0718712584179002e-09,False,True
pool1c7jrfce3zxkk9s9enzpvwj8fuayvx3pdzc2k2es6mrw6gsfcjep,EDEN,27447420.713771,1000.0,1092.096695,340.0,0.01,True,8151.772696806708,418.42543890650046,4075.8784625968055,377.5059438493729,755.0118876987458,336.58644879224533,True,False,8151.772696806708,250.13213534168415,4075.8784625968055,209.21264028455656,418.4252805691131,168.29314522742897,True,False
pool1c86ul4pnqvu7jzag8fjdy6dgrn6pt4ad4vmyq038hyg0wl2kaed,BAIDU,7388711.802735,30.0,70.514482,340.0,0.02,True,2194.4092195735134,377.1055280712408,1097.2045461012701,355.15117280720466,710.3023456144093,333.1968175431685,True,False,2194.4092195735134,210.50711802535122,1097.2045461012701,188.55276276131505,377.1055255226301,166.59840749727888,True,False
pool1c89d4drtwn0048mekkdkzllz559ahnntxelyw2mppxnmc36hjlx,CLIO1,36712260.296272,1135000.0,1456978.401462,170.0,0.0099,True,10950.458035390575,700.3287898794385,5463.364453147555,430.3992850408488,860.7985700816976,160.46978020225902,True,False,10950.458035390575,619.5102399617791,5463.364453147555,349.5807351231893,699.1614702463786,79.65123028459948,True,False
pool1c8enfyd0rt39p4wr9h840y3d2xtqylxq5rsu3ku8gld45swgtne,NBLWR,28155.734292,10000.0,14371.453119,340.0,0.0,True,8.362315296741153,8.362315296741153,4.181105469327958,4.181105469327958,8.362210938655917,-0.00010435808523645562,False,True,8.362315296741153,8.362315296741153,4.181105469327958,4.181105469327958,8.362210938655917,-0.00010435808523645562,False,True
pool1c8glhjlfs7lqww0zg7ghajtyf527zrahyksyawnz7l58kx0utf7,,7.110416,5000.0,5.64295,340.0,0.0,False,0.0,0.0,0.0,0.0,0.0,0.0,False,False,0.0,0.0,0.0,0.0,0.0,0.0,False,False
pool1ca862gvy5r06k5l3hulsphtp20tvuxqef0arzcyejdf365c5nrs,CHILL,7083.426021,300.0,1809.605726,340.0,0.01,True,2.103743014690546,2.103743014690546,1.0518709226561969,1.0518709226561969,2.1037418453123937,-1.169378152088285e-06,False,True,2.103743014690546,2.103743014690546,1.0518709226561969,1.0518709226561969,2.1037418453123937,-1.169378152088285e-06,False,True
pool1calq8kjzrvp83l80rtvgmulausl99q4tjfkz2lp227vkymd5wgg,ODIN,946578.341679,180000.0,216830.419793,170.0,0.02,True,281.287874736685,197.2083538883295,140.60412255611232,140.60412255611232,281.20824511222463,83.99989122389513,True,False,281.287874736685,132.98968416334864,140.60412255611232,98.59444277048483,197.18888554096966,64.19920137762102,True,False
pool1cauj94scz5wp58defdxqqgnujaalvxe388peyv2gx79y6suzl55,FGMTA,69797994.297653,2e-06,9.820727,170.0,0.1,True,20729.641174709428,2225.9667209778586,10364.820587354674,1189.4833497252118,2378.9666994504237,152.9999784725651,True,False,20729.641174709428,2149.4667317415724,10364.820587354674,1112.9833604889254,2225.966720977851,76.49998923627845,True,False
pool1caulv7s08g0jnptzdc69qycptacu7fzahny2epzh7sh9vhqz6xz,NUFI1,15305306.201514,1000.0,1002.829501,340.0,0.03,True,4545.613902920077,466.4357092428229,2272.80255428201,398.10691790021644,796.2138358004329,329.77812655761,True,False,4545.613902920077,301.5465137692099,2272.80255428201,233.2177224266034,466.4354448532068,164.88893108399685,True,False
pool1cc76kmtcpf6vht32ya5ke9er74dnpy4jh5qpy4klqwp87ygdsu6,BLOCK,7332117.348758,500000.0,501102.574043,340.0,0.029,True,2181.553761185722,515.6134028281072,1089.7852203929872,411.50067335457794,823.0013467091559,307.3879438810487,True,False,2181.553761185722,361.82486464367526,1089.7852203929872,257.71213517014604,515.4242703402921,153.59940569661683,True,False
pool1cd6mgg8y98sq4cc7668xwwg0g6ln4z7r0gx0r5pfvjg9w8u0rc8,,35201209.359949,0.0,36074188.783743,340.0,1.0,True,10454.576041765959,10454.576041765959,5227.288020882979,5227.288020882979,10454.576041765959,0.0,False,False,10454.576041765959,10454.576041765959,5227.288020882979,5227.288020882979,10454.576041765959,0.0,False,False
pool1cd7u9yenr0vkzh9kj7nhhy28ye289muhcdgnhyvz7r3z7jwcxl9,WAAC,41226.879055,25000.0,25426.075945,340.0,0.03,True,12.244635189760158,12.244635189760158,6.122200897693167,6.122200897693167,12.244401795386334,-0.00023339437382396966,False,True,12.244635189760158,12.244635189760158,6.122200897693167,6.122200897693167,12.244401795386334,-0.00023339437382396966,False,True
pool1cdkv8070twtzhpeznc42wql8fre2edkc48watnuf2pmqcp93qjy,NOMS,112512.025805,50000.0,50006.869925,340.0,0.05,True,33.41908255398869,33.41908255398869,16.70864169429257,16.70864169429257,33.41728338858514,-0.001799165403546965,False,True,33.41908255398869,33.41908255398869,16.70864169429257,16.70864169429257,33.41728338858514,-0.001799165403546965,False,True
pool1cduc7ut6grhqyavrmm3gzcdf4qfdsjk7vdwcxy9c0r5fyaxh2sq,POOLS,1790324.478528,10000.0,19900.527003,340.0,0.0189,True,531.7375186782457,345.71483512352705,265.8636432788353,265.8636432788353,531.7272865576706,186.01245143414354,True,False,531.7375186782457,180.7817723494641,265.8636432788353,172.85726507496165,345.7145301499233,164.9327578004592,True,False
pool1cejaj3e490r9ejf854k3pw0kagglczuaqp69g6g5jzyfxjxgn4h,Croco,99.442997,50.0,99.442997,340.0,0.0,True,0.029534055587045225,0.029534055587045225,0.014767027083245801,0.014767027083245801,0.029534054166491602,-1.4205536226497006e-09,False,True,0.029534055587045225,0.029534055587045225,0.014767027083245801,0.014767027083245801,0.029534054166491602,-1.4205536226497006e-09,False,True
pool1cew2q6pge250exctkq26lyl0w95923xxa54thd79nv8xy9j3xe6,ARRA,4711573.530495,50000.0,4438657.412654,170.0,0.02,True,1399.5808648010166,1329.7823175978997,699.7234008946655,669.6530534613346,1339.3061069226692,9.523789324769496,True,False,1399.5808648010166,1324.957196548846,699.7234008946655,664.827932412281,1329.655864824562,4.698668275716045,True,False
pool1cf7mqj0xd8z4jqhr7nf565mxuvepk8euv5t6ehmuwe49kfz9llr,TOKAI,43007158.286808,100000.0,142497.947251,340.0,0.005,True,12777.839713492092,443.194111807996,6387.6846969066855,390.1763541875452,780.3527083750904,337.1585965670944,True,False,12777.839713492092,274.60456566585765,6387.6846969066855,221.58680804540683,443.17361609081365,168.569050424956,True,False
pool1cg559cdc25fkvs73umj6w5nxlwy3mpmj02xt7p4v69eqs5ncz9k,WOOF,1911718.101593,195000.0,200336.843792,170.0,0.0,True,568.1561285552225,211.72442687273195,283.98148000479057,181.94459054181314,363.8891810836263,152.16475421089433,True,False,568.1561285552225,135.6319283020119,283.98148000479057,105.85209197109307,211.70418394218615,76.07225564017426,True,False
pool1ch3k0e07dhqwum847sa02cyecrp000a6egdx89fz5rza230jhlp,ZAM,126436.158071,5000.0,5934.685681,170.0,0.0,True,37.55157899448455,37.55157899448455,18.775615030053192,18.775615030053192,37.551230060106384,-0.0003489343781666321,False,True,37.55157899448455,37.55157899448455,18.775615030053192,18.775615030053192,37.551230060106384,-0.0003489343781666321,False,True
pool1chdvqec5lwsxuedrdhcdcxg2295tqrce9lcz3luru5fruzjf3wr,RXD,128.72494,110.0,112.045247,340.0,0.02,True,0.038230639841600536,0.038230639841600536,0.01911531932900502,0.01911531932900502,0.03823063865801004,-1.1835904964452304e-09,False,True,0.038230639841600536,0.038230639841600536,0.01911531932900502,0.01911531932900502,0.03823063865801004,-1.1835904964452304e-09,False,True
pool1chfk2749hyrwqqpj9fapredjsgw3fdauyxw3hn82kavqva6nv3w,KSP,2554060.835543,1000.0,8010.643185,340.0,0.0,True,758.5457145016288,341.3127410000673,379.2721237145838,340.12317442318397,680.2463488463679,338.9336078463006,True,False,758.5457145016288,171.84593477622903,379.2721237145838,170.65636819934568,341.31273639869136,169.46680162246233,True,False
pool1chtam5czevzk2ttctvltpsc8twlwf6zzyh7kj3jkz72gks975sn,NUFIC,220028.283569,1000.0,1008.473835,340.0,0.03,True,65.34750721885567,65.34750721885567,32.673690679006334,32.673690679006334,65.34738135801267,-0.00012586084299925915,False,True,65.34750721885567,65.34750721885567,32.673690679006334,32.673690679006334,65.34738135801267,-0.00012586084299925915,False,True
pool1chxjq4stjq2q635q8lv3vpszu0jqntxh3ltl97s5de4rz0rkdn3,CRTX,2376.367721,500000.0,2296.886009,340.0,0.005,False,0.0,0.0,0.0,0.0,0.0,0.0,False,False,0.0,0.0,0.0,0.0,0.0,0.0,False,False
pool1chxnn5gurqm83728aafjm7thv8yla9tz85yejtstqsc658mrpm7,XERSA,4306.866433,100.0,108.621346,345.0,0.1,True,1.2791174071296343,1.2791174071296343,0.6395585826967481,0.6395585826967481,1.2791171653934963,-2.417361379958294e-07,False,True,1.2791174071296343,1.2791174071296343,0.6395585826967481,0.6395585826967481,1.2791171653934963,-2.417361379958294e-07,False,True
pool1chzrvd7wzmw8ufsehctn8fmf7ca27xf7d6f5tpreat7kxx6hwf9,MOBC,631579.413995,1000.0,1012.669001,170.0,0.0,True,187.57652479413406,170.0281820487019,93.78808122126006,93.78808122126006,187.57616244252011,17.54798039381822,True,False,187.57652479413406,85.16447031772658,93.78808122126006,85.01409073385523,170.02818146771045,84.86371114998387,True,False
pool1cj2uh0ylps28czcjslnz85v2zyf8mld0w5tuqp3amxk4jjwfkgd,CAT,36761.794932,10000.0,31279.336806,340.0,0.01,True,10.918369450185114,10.918369450185114,5.459107815121526,5.459107815121526,10.918215630243052,-0.00015381994206187244,False,True,10.918369450185114,10.918369450185114,5.459107815121526,5.459107815121526,10.918215630243052,-0.00015381994206187244,False,True
pool1cj6js4ae570qqgssp5qr83zla0775u35fyxytk8j240uy2aca2q,,305.490616,100.0,101.630865,340.0,0.01,True,0.0907291472195999,0.0907291472195999,0.04536456770581499,0.04536456770581499,0.09072913541162998,-1.1807969921284744e-08,False,True,0.0907291472195999,0.0907291472195999,0.04536456770581499,0.04536456770581499,0.09072913541162998,-1.1807969921284744e-08,False,True
pool1cj8dxjjlyn9xmjavr98ytmvlpd4vwgqp36kq8rl6jjyt6k2adfh,,354153.397237,100.0,201.831639,345.0,1.0,True,105.18175714703682,105.18175714703682,52.59086840116111,52.59086840116111,105.18173680232222,-2.0344714599218605e-05,False,True,105.18175714703682,105.18175714703682,52.59086840116111,52.59086840116111,105.18173680232222,-2.0344714599218605e-05,False,True
pool1cjjtz6enkc76yytlf2zd86ngdu60e705vq7wq940ncu6506s6n2,,19639.639941,50000.0,0.0,340.0,0.2,False,0.0,0.0,0.0,0.0,0.0,0.0,False,False,0.0,0.0,0.0,0.0,0.0,0.0,False,False
pool1cjz6kg9a8ug9uk0nc59q60a67c2628ms58rd98gq587jwa2x5qt,GENS1,2043579.03645,10000.0,695.303738,340.0,0.0,False,0.0,0.0,0.0,0.0,0.0,0.0,False,False,0.0,0.0,0.0,0.0,0.0,0.0,False,False
pool1ck8rqpxp7j8kyzutk856fnvgm8xsqmuh922wkeeg32ekjjrvtc0,ISPF,2867847.570208,168.0,1203.702556,340.0,0.0,True,851.7363617337111,340.2147876940936,425.8680424486178,340.0360408214327,680.0720816428654,339.8572939487718,True,False,851.7363617337111,170.28614066161037,425.8680424486178,170.10739378894945,340.2147875778989,169.92864691628853,True,False
pool1cl3fhy6me0nf5jnxahk997r0529aumt967kw4yml5vraq94mdk4,RAID,37774.019504,30000.0,33501.481433,340.0,0.01,True,11.21895580037709,11.21895580037709,5.609410704405997,5.609410704405997,11.218821408811994,-0.0001343915650959815,False,True,11.21895580037709,11.21895580037709,5.609410704405997,5.609410704405997,11.218821408811994,-0.0001343915650959815,False,True
pool1cljrz5vyw7jp2mp23nt9ywn2wdg5ulamhalw6d3mng326laxs77,,18.599471,0.0,2.531107,340.0,0.075,True,0.005523946121219356,0.005523946121219356,0.002761973060609678,0.002761973060609678,0.005523946121219356,0.0,False,False,0.005523946121219356,0.005523946121219356,0.002761973060609678,0.002761973060609678,0.005523946121219356,0.0,False,False
pool1clkt34hufs3k4gfnd2rl8gy9zlzzdgr9838y0k2hwfuhy0mh2t9,,103.923029,100.0,103.923029,340.0,0.9,True,0.030864599392950602,0.030864599392950602,0.01543229958375665,0.01543229958375665,0.0308645991675133,-2.254373007715138e-10,False,True,0.030864599392950602,0.030864599392950602,0.01543229958375665,0.01543229958375665,0.0308645991675133,-2.254373007715138e-10,False,True
pool1cmaafeyy52ppz62jqmsm20c5p8nua7xx95lkkf96ktmqqj3w5td,EDEN,40558510.741917,1000.0,1094.747321,340.0,0.01,True,12045.71329131436,457.369931634086,6022.844992819564,396.9803062568815,793.960612513763,336.59068087967694,True,False,12045.71329131436,289.0744743544856,6022.844992819564,228.68484897728104,457.36969795456207,168.2952236000765,True,False
pool1cmdq8atcy8x7lfhh09vdumveuh0ywsx0269ur774nvzkyhma37d,MOMO,35747860.623319,40000.0,61321.402365,340.0,0.0,True,10618.570951656926,357.631723243673,5308.874787675263,348.5235414048129,697.0470828096257,339.41535956595277,True,False,10618.570951656926,187.9233389717272,5308.874787675263,178.81515713286709,357.63031426573417,169.70697529400698,True,False
pool1cmk4xnegvtm7svgw5u0neg93640ytmssyr0tqngncwnf6c0kn4u,,7.304864,0.0,7.304864,340.0,1.0,True,0.0021695066036466794,0.0021695066036466794,0.0010847533018233397,0.0010847533018233397,0.0021695066036466794,0.0,False,False,0.0021695066036466794,0.0021695066036466794,0.0010847533018233397,0.0010847533018233397,0.0021695066036466794,0.0,False,False
pool1cmqpzlsrrjup8zg6qaperz868u64dlt7uvvdszsr658mvzz9qq0,TREK,1467248.960741,1000.0,1062.166597,170.0,0.0,True,435.76699291558623,170.19239326795469,217.883075180428,170.03466337641336,340.0693267528267,169.87693348487204,True,False,435.76699291558623,85.25392622054876,217.883075180428,85.09619632900746,170.1923926580149,84.93846643746615,True,False
pool1cn0dqtplwf67fds40hgkf0u5rm4q4azev5qutmgkw5hdyvue2ue,NEDS2,22203754.969848,250000.0,260470.162746,340.0,0.02,True,6600.727831423346,537.1896862129115,3298.7793135974102,433.19056507985664,866.3811301597133,329.19144394680177,True,False,6600.727831423346,372.5440551551202,3298.7793135974102,268.5449340220654,537.0898680441308,164.54581288901056,True,False
pool1cn0ku4zvg266h3rznm7kzsytg3smeu9wma785g25yr89xdgw3kj,ODYC,212183.614349,500.0,507.255628,170.0,0.02,True,63.01755119198653,63.01755119198653,31.508745186200706,31.508745186200706,63.01749037240141,-6.0819585115723385e-05,False,True,63.01755119198653,63.01755119198653,31.508745186200706,31.508745186200706,63.01749037240141,-6.0819585115723385e-05,False,True
pool1cp4q7w2jvlthul9mlskj6xutx9rdr7n4vruqqe09pfg5ywmzdzq,UPBIT,31687257.992093,200000.0,31265996.538997,340.0,1.0,True,9418.206860241125,9418.206860241125,4707.287058270211,4707.287058270211,9414.574116540422,-3.6327437007039407,False,True,9418.206860241125,9418.206860241125,4707.287058270211,4707.287058270211,9414.574116540422,-3.6327437007039407,False,True
pool1cpqpw923842ple6gnkjl0k2z238uwm4s8xh53ryzxcavu89rp9p,HUSKY,577228.581586,10000.0,27124.923676,340.0,0.03,True,171.4404053285506,171.4404053285506,85.71857263424505,85.71857263424505,171.4371452684901,-0.00326006006051216,False,True,171.4404053285506,170.10886857270657,85.71857263424505,85.71857263424505,171.4371452684901,1.3282766957835292,True,False
pool1cpr59c88ps8499gtgegr3muhclr7dln35g9a3rqmv4dkxg9n3h8,LACE,1590909.519412,75000.0,132502.357504,170.0,0.01,True,472.62264420679014,197.97876533205522,236.27860706606762,176.1277423521878,352.2554847043756,154.27671937232037,True,False,472.62264420679014,120.83738099995485,236.27860706606762,98.98635802008741,197.97271604017482,77.13533504021997,True,False
pool1cpwymxe2fjr20u34f874e2q6za3razk0rttslrxqhc4tu3zxau8,BTV3,45473140.341425,2.0,9.820727,170.0,0.02,True,13505.286206940169,436.7085465293451,6752.643077340233,301.6542547519652,603.3085095039304,166.5999629745853,True,False,13505.286206940169,353.40856451944984,6752.643077340233,218.35427274206995,436.7085454841399,83.29998096469006,True,False
pool1cpzz6aqljgk97ks728xa76wqg96kj79ndc3gasx7kdnr74wrk70,7CS,729.283955,1.0,8.705929,340.0,0.0,True,0.21659354129249495,0.21659354129249495,0.1082967704370036,0.1082967704370036,0.2165935408740072,-4.1848774445796266e-10,False,True,0.21659354129249495,0.21659354129249495,0.1082967704370036,0.1082967704370036,0.2165935408740072,-4.1848774445796266e-10,False,True
pool1cq25dmlt5974x8tqg3e4dlzvrxefcce2atpnwlfp7ad5ugec9fp,BEAST,15427247.646494,1000000.0,1698203.156472,340.0,0.03,True,4598.621394621843,922.4764454595278,2295.079834990556,607.4076531698872,1214.8153063397745,292.33886088024667,True,False,4598.621394621843,775.7283353441679,2295.079834990556,460.6595430545273,921.3190861090546,145.5907507648867,True,False
pool1crprz3rdcwvfxmc0s4gxquh3qeqmscww2qfvpl93q52yyn7agsc,WOW,1344561.801353,50000.0,50004.822319,340.0,0.01,True,399.40229792591737,342.7811276081691,199.68253319599205,199.68253319599205,399.3650663919841,56.58393878381503,True,False,399.40229792591737,180.7402758212293,199.68253319599205,171.38969224144694,342.7793844828939,162.03910866166459,True,False
pool1crts5gmqr34gsrn6wvrhfs9yqp0ynu8t2t4r350xp80s6pc56ue,BREAK,12857049.916857,25000.0,72117.14261,340.0,0.0,True,3818.8457329104344,359.5133732435428,1909.3306521127247,348.8026135989619,697.6052271979238,338.091853954381,True,False,3818.8457329104344,190.466929022122,1909.3306521127247,179.7561693775411,359.5123387550822,169.04540973296022,True,False
pool1cshuf0jy40a83glgwakert9czfnqrpyq6zwqly2705mrwkajuhu,TGN,6108.812087,1.0,12.068846,340.0,0.01,True,1.8142854150958374,1.8142854150958374,0.9071427057930782,0.9071427057930782,1.8142854115861564,-3.50968099027682e-09,False,True,1.8142854150958374,1.8142854150958374,0.9071427057930782,0.9071427057930782,1.8142854115861564,-3.50968099027682e-09,False,True
pool1cspe7naf0mtntwyysqxk6czah3jlh6v4cja8pdfju932yxsehnm,CBH,6024121.804691,50000.0,55919.113072,170.0,0.01,True,1789.4763440704844,201.07727858568043,894.652266821905,183.9058655942856,367.8117311885712,166.73445260289074,True,False,1789.4763440704844,117.70840378825264,894.652266821905,100.5369907968578,201.0739815937156,83.36557780546295,True,False
pool1csrtagrya4hc5pectc20s8s7am3e6vpdjj6antqzvn2lgmm5afs,,1046253.831022,1000.0,519300.401124,170.0,0.008,True,310.7331458301321,240.4189130855808,155.3662725965022,155.3662725965022,310.7325451930044,70.31363210742359,True,False,310.7331458301321,197.95052549975313,155.3662725965022,120.20930627181677,240.41861254363354,42.468087043880416,True,False
pool1ct4ag0j73mxzy4325zwwxhgswemlgmepdnqxj6f7edz4zmlfeve,WADE,95142.192627,100.0,102.450829,340.0,0.05,True,28.25674714523829,28.25674714523829,14.128370841948712,14.128370841948712,28.256741683897424,-5.461340865764441e-06,False,True,28.25674714523829,28.25674714523829,14.128370841948712,14.128370841948712,28.256741683897424,-5.461340865764441e-06,False,True
pool1ct59zfxfvtv74k3mmukq5faq7kc48wuxrstyxtd02pxluwf6mkh,,207992.548628,5.0,31.343043,750.0,0.25,True,61.77270603369149,61.77270603369149,30.886352718060344,30.886352718060344,61.77270543612069,-5.975708035066418e-07,False,True,61.77270603369149,61.77270603369149,30.886352718060344,30.886352718060344,61.77270543612069,-5.975708035066418e-07,False,True
pool1ctfxzwgqakxujmn95dfvprcm0h3dtzjh408apk0cewl0c4r6gg3,ROAR,4.233056,0.0,4.233056,340.0,0.02,True,0.0012571956090635223,0.0012571956090635223,0.0006285978045317611,0.0006285978045317611,0.0012571956090635223,0.0,False,False,0.0012571956090635223,0.0012571956090635223,0.0006285978045317611,0.0006285978045317611,0.0012571956090635223,0.0,False,False
pool1ctzja2cdwyeqnvehmrlclc5wrn9w9acwklk3acn73jrx56d66vs,OCEA2,33652338.598781,15000.0,15099.617694,500.0,0.039,True,9995.149458413964,874.4050933650241,4997.429721540481,677.3390300143063,1354.6780600286127,480.2729666635886,True,False,9995.149458413964,634.2628922076019,4997.429721540481,437.19682885688405,874.3936577137681,240.1307655061662,True,False
pool1cuccvs6vdlrxw67kwvzdx3gcl3ha0402mkhhseqmre7u7vdkwev,ADAGO,7564.819509,400.0,401.158734,340.0,0.0,True,2.246715331039082,2.246715331039082,1.123356842100711,1.123356842100711,2.246713684201422,-1.6468376600187185e-06,False,True,2.246715331039082,2.246715331039082,1.123356842100711,1.123356842100711,2.246713684201422,-1.6468376600187185e-06,False,True
pool1cunvnkjkzh2lna593sjmkylcr3r5rmxdpr8r9u6pfuer72p24x4,LBF3,62823335.042913,2.0,9.820727,170.0,0.06,True,18658.20380687713,1279.2949451347827,9329.101867338915,719.547457911206,1439.094915822412,159.7999706876294,True,False,18658.20380687713,1199.3949576249838,9329.101867338915,639.6474704014071,1279.2949408028142,79.89998317783034,True,False
pool1cuufgqx2wymaavuuuuewrcywksqql299ugjxcw5hf8gux3ed3lc,APPY,2.823411,5000.0,2.823411,340.0,0.0199,False,0.0,0.0,0.0,0.0,0.0,0.0,False,False,0.0,0.0,0.0,0.0,0.0,0.0,False,False
pool1cuzhrcpp676p4u9yk2vrtj7utmq2dy4ey56uw6znml2f5hrpgpw,MIAMI,5477.524588,500.0,640.528036,345.0,0.03,True,1.6267991654294442,1.6267991654294442,0.8133988676587445,0.8133988676587445,1.626797735317489,-1.4301119553028485e-06,False,True,1.6267991654294442,1.6267991654294442,0.8133988676587445,0.8133988676587445,1.626797735317489,-1.4301119553028485e-06,False,True
pool1cvekct2pwhypvwrfw5e936vkk2kqhwsjxzkpf63xsc87klnsxqv,CHPL,7812.956423,300.0,308.431601,170.0,0.05,True,2.320410000146255,2.320410000146255,1.1602043525030903,1.1602043525030903,2.3204087050061806,-1.2951400742977626e-06,False,True,2.320410000146255,2.320410000146255,1.1602043525030903,1.1602043525030903,2.3204087050061806,-1.2951400742977626e-06,False,True
pool1cvmk7ftz7v5u2pd944e0xvalgchtxgsnnhryzqmqfavgxwgxmcy,,1392.209223,70.0,90.440409,340.0,0.04,True,0.41347900247827063,0.41347900247827063,0.20673947464714512,0.20673947464714512,0.41347894929429024,-5.318398038633987e-08,False,True,0.41347900247827063,0.41347900247827063,0.20673947464714512,0.20673947464714512,0.41347894929429024,-5.318398038633987e-08,False,True
pool1cwc8jnc89xnd0qlyl4tp9gu2uf6jxhc2xay9xqdwt88s66a5yzx,,297.094817,8.269074,8.269074,340.0,0.0109,True,0.08823561772550735,0.08823561772550735,0.04411780817656294,0.04411780817656294,0.08823561635312588,-1.3723814723531902e-09,False,True,0.08823561772550735,0.08823561772550735,0.04411780817656294,0.04411780817656294,0.08823561635312588,-1.3723814723531902e-09,False,True
pool1cxduaaaqpk8g3xr5yksg8urfemexxyjf42evekrmmg9a2f7gmn7,SPFS,517.703111,100.0,158.222233,345.0,0.02,True,0.15375517856431248,0.15375517856431248,0.07687757728106462,0.07687757728106462,0.15375515456212924,-2.4002183240945385e-08,False,True,0.15375517856431248,0.15375517856431248,0.07687757728106462,0.07687757728106462,0.15375515456212924,-2.4002183240945385e-08,False,True
pool1cy77h3wzf5z9ea0z66wr8luczcp2u4wchhkejkndjvyrvyvqauj,GEEK,466.084377,51337.0,0.0,340.0,0.0,False,0.0,0.0,0.0,0.0,0.0,0.0,False,False,0.0,0.0,0.0,0.0,0.0,0.0,False,False
pool1cyha5jsy6g06w699tw4awy2jw7gxj0azm38yzetr7zls7rkl0t0,PLUTS,27418.865569,5000.0,7947.337229,340.0,0.01,True,8.143389258167794,8.143389258167794,4.0716624193588595,4.0716624193588595,8.143324838717719,-6.441945007473748e-05,False,True,8.143389258167794,8.143389258167794,4.0716624193588595,4.0716624193588595,8.143324838717719,-6.441945007473748e-05,False,True
pool1cyq3v3v43hu7spwlfxdm6vq9djpsjjueerhlu5qr2rvd57vqk84,SKY4,69501296.235173,5.0,28970.982977,340.0,0.02,True,20641.52379312631,754.3237312323702,10320.761796720775,543.6924178843642,1087.3848357687284,333.06110453635824,True,False,20641.52379312631,587.7931769265574,10320.761796720775,377.16186357855145,754.3237271571029,166.5305502305455,True,False
pool1czlxfj2dyc2lt2gcrhhxyqhgzcpza845yjr6k262e2vqsysrylu,VTX,29.445355,1.0,4.749457,340.0,0.03,True,0.008745117275013115,0.008745117275013115,0.004372558629333899,0.004372558629333899,0.008745117258667797,-1.634531746064205e-11,False,True,0.008745117275013115,0.008745117275013115,0.004372558629333899,0.004372558629333899,0.008745117258667797,-1.634531746064205e-11,False,True
pool1d0329t36ac7udkqe9k5w4g4jpn8xrqfjh2u5jrrm4h4d50wkz2c,ECWB1,1686.687763,1254.0,1686.687763,340.0,0.01,True,0.5009381140413495,0.5009381140413495,0.2504689011138157,0.2504689011138157,0.5009378022276314,-3.118137180679881e-07,False,True,0.5009381140413495,0.5009381140413495,0.2504689011138157,0.2504689011138157,0.5009378022276314,-3.118137180679881e-07,False,True
pool1d04sakv5um2c8yrp3lm9ncncupgl7f7zw0lz2yuz3jrzsxvf42n,,15473.272131,50000.0,154.565639,340.0,0.0,False,0.0,0.0,0.0,0.0,0.0,0.0,False,False,0.0,0.0,0.0,0.0,0.0,0.0,False,False
pool1d0ld90s42dnypxxp08923d7pezh4xnzht2gfl5c6xm2pg6lyyyq,,4767.922558,2000.0,2006.489432,340.0,0.025,True,1.416054556403575,1.416054556403575,0.7080256875875042,0.7080256875875042,1.4160513751750083,-3.181228566573324e-06,False,True,1.416054556403575,1.416054556403575,0.7080256875875042,0.7080256875875042,1.4160513751750083,-3.181228566573324e-06,False,True
pool1d0vm9y545l3y2g9pamx45k4e498nllhd8wy4289vw8mt70am2r8,PLANT,308025.147396,25000.0,29889.295522,340.0,0.048,True,91.49000071495446,91.49000071495446,45.74296638254597,45.74296638254597,91.48593276509195,-0.004067949862516684,False,True,91.49000071495446,91.49000071495446,45.74296638254597,45.74296638254597,91.48593276509195,-0.004067949862516684,False,True
pool1d0ze7l6t8gjng564zsfyd7uw7snenpsjh9dacawdpr9g27djq8f,DEVIL,48894.033649,1000.0,4525.852266,340.0,0.0,True,14.521328659822649,14.521328659822649,7.260650569164872,7.260650569164872,14.521301138329743,-2.7521492905080436e-05,False,True,14.521328659822649,14.521328659822649,7.260650569164872,7.260650569164872,14.521301138329743,-2.7521492905080436e-05,False,True
pool1d25d0c06al8geglarw7yd4nqh65nws82d7v04yrv2eec7rwcjlk,COMET,515.619014,500.0,515.619014,340.0,0.01,True,0.15313617357066145,0.15313617357066145,0.07656808454085821,0.07656808454085821,0.15313616908171643,-4.488945021252633e-09,False,True,0.15313617357066145,0.15313617357066145,0.07656808454085821,0.07656808454085821,0.15313616908171643,-4.488945021252633e-09,False,True
pool1d2cl6yayuxp0wv0v7dtvu0s52vglg0x4z2lz27d6x4ewj72nk2a,,13574.730253,40000.0,0.0,340.0,0.0289,False,0.0,0.0,0.0,0.0,0.0,0.0,False,False,0.0,0.0,0.0,0.0,0.0,0.0,False,False
pool1d3gckjrphwytzw2uavgkxskwe08msumzsfj4lxnpcnpks3zjml3,CRFA,24555407.629511,1000.0,1000.829703,170.0,0.0199,True,7292.85653312602,312.0293812727814,3646.421211679223,239.31965447318626,478.6393089463725,166.60992767359113,True,False,7292.85653312602,228.72427676197753,3646.421211679223,156.01454996238238,312.02909992476475,83.30482316278722,True,False
pool1d42r0zln3kvvc54w4945735gnrm635as8hj8zy38tjprw2l49rd,,211774.63239,500.0,14468.841387,170.0,0.0,True,62.896085442925454,62.896085442925454,31.44801237042321,31.44801237042321,62.89602474084642,-6.070207903263736e-05,False,True,62.896085442925454,62.896085442925454,31.44801237042321,31.44801237042321,62.89602474084642,-6.070207903263736e-05,False,True
pool1d4387s7mszjkeg5w0xppzxdtzsj7aahfqdgeef24emyh70mccmw,,46096.646397,45000.0,46096.646397,340.0,0.3,True,13.690522254898207,13.690522254898207,6.845246430026576,6.845246430026576,13.690492860053151,-2.939484505581902e-05,False,True,13.690522254898207,13.690522254898207,6.845246430026576,6.845246430026576,13.690492860053151,-2.939484505581902e-05,False,True
pool1d4tuk5ln88x5s9xcck4lfz8u4svdvxzsh2ue9rnmqrxm6a486uv,,1.801494,220.0,1.801494,340.0,0.05,False,0.0,0.0,0.0,0.0,0.0,0.0,False,False,0.0,0.0,0.0,0.0,0.0,0.0,False,False
pool1d5lk27jlkaj6dx7ndexjzmdqtt5hnnpx5224awz83ye0v28ve42,AHOLY,3734.595071,500.0,1569.979638,340.0,0.03,True,1.1091571651302254,1.1091571651302254,0.5545781178928222,0.5545781178928222,1.1091562357856444,-9.293445810687473e-07,False,True,1.1091571651302254,1.1091571651302254,0.5545781178928222,0.5545781178928222,1.1091562357856444,-9.293445810687473e-07,False,True
pool1d5zrmzgskqzse485j7p5cly2290xyffr2tyq9d8ngkzyxjjxwtm,ELLY7,2132.836767,1000.0,1000.435602,340.0,0.01,True,0.6334427254193311,0.6334427254193311,0.31672103722153533,0.31672103722153533,0.6334420744430707,-6.509762604522962e-07,False,True,0.6334427254193311,0.6334427254193311,0.31672103722153533,0.31672103722153533,0.6334420744430707,-6.509762604522962e-07,False,True
pool1d63tmq02tgtk7yd6g62p9h44w4xqdgz9y8jkmcrztfmmqga540m,CELL,92158.111697,17356.0,30273.135724,340.0,0.01,True,27.37197214578417,27.37197214578417,13.685612912846738,13.685612912846738,27.371225825693475,-0.000746320090694752,False,True,27.37197214578417,27.37197214578417,13.685612912846738,13.685612912846738,27.371225825693475,-0.000746320090694752,False,True
pool1d66wvltjn768rm2ywdzpetzx034z7vanrlz8mrpn9us8zjcyjaf,,11.346026,51168.940178,0.0,340.0,0.0,False,0.0,0.0,0.0,0.0,0.0,0.0,False,False,0.0,0.0,0.0,0.0,0.0,0.0,False,False
pool1d70vllztcsgx3ku8h5vnukzz2a7lpzjxfjmuqqvxtj9kq27hygs,LIV,430364.362995,230000.0,283102.319521,340.0,0.015,True,127.86927577388526,127.86927577388526,63.92127095665346,63.92127095665346,127.84254191330692,-0.02673386057834648,False,True,127.86927577388526,127.86927577388526,63.92127095665346,63.92127095665346,127.84254191330692,-0.02673386057834648,False,True
pool1d76p7zfn2ydq577z4wsvmnl2lx4cxa3s5vplfuhvr8qfw8hd05j,KYSN2,2308869.697065,100.0,17713.995202,170.0,0.019,True,685.7225532155252,183.68025210455892,342.86121027417994,174.5853820448719,349.1707640897438,165.49051198518487,True,False,685.7225532155252,100.93499435237673,342.86121027417994,91.84012429268968,183.68024858537936,82.74525423300263,True,False
pool1d85unpsumsxmq4kfvy0prju3n983vp3ajuavmt2r5tyzw2jtpcw,TRIBE,15138.493118,700.0,1124.429384,340.0,0.01,True,4.496065311830321,4.496065311830321,2.248029752039096,2.248029752039096,4.496059504078192,-5.807752128994537e-06,False,True,4.496065311830321,4.496065311830321,2.248029752039096,2.248029752039096,4.496059504078192,-5.807752128994537e-06,False,True
pool1d9g45764jtjzagrmy5ndtrx4pua7l9sr4nh08l3mqs43xe6wnh9,SS63,5396484.854648,9000.0,180402.989389,340.0,0.015,True,1602.7836562870596,400.52304403374944,801.3778947688639,362.1130472367682,724.2260944735364,323.7030504397869,True,False,1602.7836562870596,238.67085101122467,801.3778947688639,200.2608542142434,400.5217084284868,161.85085741726215,True,False
pool1da9msyhpfmt58vrdkk7lpzgwldvc0t7q46kvpcyvvpff7347lsp,FGMTD,26269218.470085,2e-06,9.820727,170.0,0.1,True,7801.821217135208,933.1846895489323,3900.9106085675885,543.0923161749988,1086.1846323499976,152.99994280106534,True,False,7801.821217135208,856.6847181483981,3900.9106085675885,466.5923447744646,933.1846895489292,76.49997140053108,True,False
pool1dadfsnjauzhgcvz5hkrulwevpe9mk2a9rsxt24pawcy7zndhll3,zzcf1,195.631231,2.0,9.60969,170.0,0.069,True,0.05810145825919868,0.05810145825919868,0.029050729018334633,0.029050729018334633,0.058101458036669267,-2.225294115643095e-10,False,True,0.05810145825919868,0.05810145825919868,0.029050729018334633,0.029050729018334633,0.058101458036669267,-2.225294115643095e-10,False,True
pool1dadzh387unlwu37ek693hy9a7w49r22mrmrl9y0fjfhhqe4qtpe,CMINT,1216.344244,500.0,507.621786,340.0,0.02,True,0.36124832393556344,0.36124832393556344,0.18062405905936096,0.18062405905936096,0.36124811811872193,-2.0581684151421697e-07,False,True,0.36124832393556344,0.36124832393556344,0.18062405905936096,0.18062405905936096,0.36124811811872193,-2.0581684151421697e-07,False,True
pool1dcjycc5mvj9svh9ys482078mnqutu48k3zj7uqzswj7m54a7hzr,JUST,514208.725882,25000.0,34814.816201,340.0,0.0,True,152.73137662048453,152.73137662048453,76.36217264958367,76.36217264958367,152.72434529916734,-0.007031321317185757,False,True,152.73137662048453,152.73137662048453,76.36217264958367,76.36217264958367,152.72434529916734,-0.007031321317185757,False,True
pool1dde9jvej6nr4yqfnnlx5ydn036zv7yr098y4p2qs7cvn2l3kuj8,PWP,13547.846476,100.0,5.119687,340.0,0.1,False,0.0,0.0,0.0,0.0,0.0,0.0,False,False,0.0,0.0,0.0,0.0,0.0,0.0,False,False
pool1ddg6t2h9kj6lqlec4ncjs945lzj43m3ggrgdhf5sgzhtygpkznz,FAIR,56923198.410051,100000.0,108187.806586,340.0,0.005,True,16912.43258486137,454.2021175530642,8454.580536112502,395.9183014040711,791.8366028081422,337.63448525507795,True,False,16912.43258486137,285.37360278220046,8454.580536112502,227.08978663320732,454.17957326641465,168.80597048421419,True,False
pool1ddgcpgjcyawxw95se9x8qnc8gxgwjr4fqrk4vk6v9x47s0ggpjp,1PCT8,4560860.486397,50000.0,59993.209252,340.0,0.01,True,1354.8112089216966,363.36337345838194,677.3407401239895,347.7663880975637,695.5327761951274,332.1694027367455,True,False,1354.8112089216966,197.2771787583305,677.3407401239895,181.68019339751228,363.36038679502457,166.08320803669406,True,False
pool1ddghnthymd3duklvx5pfunymqg29xe4vlmy89u2efyjdktn33kz,BOOST,224258.62138,61000.0,88831.583609,340.0,0.01,True,66.61510124643853,66.61510124643853,33.304684720352704,33.304684720352704,66.60936944070541,-0.005731805733120154,False,True,66.61510124643853,66.61510124643853,33.304684720352704,33.304684720352704,66.60936944070541,-0.005731805733120154,False,True
pool1ddhftaa3pv225npllmevq9remkeaf0fhsayx78zhannjv0tm0ds,LUMP,1629.275239,0.0,101.667297,170.0,0.0,True,0.4838862695005029,0.4838862695005029,0.24194313475025145,0.24194313475025145,0.4838862695005029,0.0,False,False,0.4838862695005029,0.4838862695005029,0.24194313475025145,0.24194313475025145,0.4838862695005029,0.0,False,False
pool1ddskftmsscw92d7vnj89pldwx5feegkgcmamgt5t0e4lkd7mdp8,,2671.108363,7149.0,0.0,340.0,0.05,False,0.0,0.0,0.0,0.0,0.0,0.0,False,False,0.0,0.0,0.0,0.0,0.0,0.0,False,False
pool1ddywudgudfaphp8txj9qf7alj3uk6wzyd22u7cd2myhyv3lyxxx,SIAM,1249092.060219,456540.0,629970.440837,340.0,0.0,True,371.39353531190096,355.83309982484616,185.59136225506404,185.59136225506404,371.1827245101281,15.349624685281924,True,False,371.39353531190096,271.57135591744617,185.59136225506404,177.8633894697481,355.7267789394962,84.15542302205006,True,False
pool1devkrwcez409eqm07mr224qqm4a5t3efx3x7u046kct7yk4fxa9,AMAP,7258.913963,5000.0,5007.088344,170.0,0.0,True,2.155872664616856,2.155872664616856,1.0779330862473957,1.0779330862473957,2.1558661724947914,-6.49212206438321e-06,False,True,2.155872664616856,2.155872664616856,1.0779330862473957,1.0779330862473957,2.1558661724947914,-6.49212206438321e-06,False,True
pool1df9rj4n0t3zlpak7xnh4ue6t3yh9zlw7a02w4l8askp77up25rt,VEGAS,4889090.043963,100002.0,203836.093296,300.0,0.02,True,1452.5854255561264,370.1442631702172,726.1548425509027,325.93501250697307,651.8700250139461,281.72576184372895,True,False,1452.5854255561264,229.27299171583093,726.1548425509027,185.06374105258678,370.12748210517356,140.85449038934263,True,False
pool1dg80xj5qfgu2caursxwk67cm34esh03kzmu63qu89vdv2vk3x4u,,964.601654,500.0,526.620774,340.0,0.0,True,0.28648193976622244,0.28648193976622244,0.14324090313922683,0.14324090313922683,0.28648180627845365,-1.3348776878308044e-07,False,True,0.28648193976622244,0.28648193976622244,0.14324090313922683,0.14324090313922683,0.28648180627845365,-1.3348776878308044e-07,False,True
pool1dghwejqptsjtf9k8paspg9rhl8humxx0nh7sk37j0ada2dr9mqh,YOROI,7163046.766261,500.0,1223.956693,170.0,0.04,True,2127.391738826942,248.61675250643918,1063.6948404648808,205.8943918559784,411.7887837119568,163.1720312055176,True,False,2127.391738826942,167.03069557695204,1063.6948404648808,124.30833492649126,248.6166698529825,81.58597427603047,True,False
pool1dgmuwu0txducah4pes4e2avlcv98wedml33kdz7ujtrrxk8xv9y,XORN,430287.952362,250000.0,253312.460929,340.0,0.013,True,127.84548056423048,127.84548056423048,63.90964111750974,63.90964111750974,127.81928223501949,-0.02619832921099885,False,True,127.84548056423048,127.84548056423048,63.90964111750974,63.90964111750974,127.81928223501949,-0.02619832921099885,False,True
pool1dhf4dt395f0c0ujnscazvzvw73ynzgwvtf5k4y9c907hwjdyaq4,JSP,7300949.821419,10000.0,58096.583948,340.0,0.0,True,2168.4279145490914,354.54953374954465,1084.1930055274588,345.92184201736336,691.8436840347267,337.29415028518207,True,False,2168.4279145490914,185.90229188550464,1084.1930055274588,177.27460015332332,354.54920030664664,168.646908421142,True,False
pool1dhfz7yak8wqmpvm5luf8ey44aewa9hcrldz0ea3rhh97jmrru5j,FIDE,3417.929988,520.0,557.856648,340.0,0.0,True,1.0151091561172725,1.0151091561172725,0.5075541450980271,0.5075541450980271,1.0151082901960542,-8.659212182848819e-07,False,True,1.0151091561172725,1.0151091561172725,0.5075541450980271,0.5075541450980271,1.0151082901960542,-8.659212182848819e-07,False,True
pool1dhugawja82wkmrq0lhd24uyrhm02v7grdhnren9r2qgujsh5kml,NACHO,577.325281,10000.0,8.407364,340.0,0.02,False,0.0,0.0,0.0,0.0,0.0,0.0,False,False,0.0,0.0,0.0,0.0,0.0,0.0,False,False
pool1dhzv896pw40c4tw23w4h2ux5yzm47r59h8qaqhu89shwkugqygj,,1001.06373,505.0,505.835174,340.0,0.005,True,0.29731100756977685,0.29731100756977685,0.14865543180860535,0.14865543180860535,0.2973108636172107,-1.43952566145078e-07,False,True,0.29731100756977685,0.29731100756977685,0.14865543180860535,0.14865543180860535,0.2973108636172107,-1.43952566145078e-07,False,True
pool1dj4l8qma9zzqqzhsawdkvxrs7qyqyv70kn56ywdqqazscvcqvva,K9K,457360.758619,50000.0,51477.7189,340.0,0.0099,True,135.85719062155172,135.85719062155172,67.92273699684806,67.92273699684806,135.84547399369612,-0.011716627855605566,False,True,135.85719062155172,135.85719062155172,67.92273699684806,67.92273699684806,135.84547399369612,-0.011716627855605566,False,True
pool1djg8jsygtculv3q2qdrxtnpxfq003pdxcvlw2pvfupq7jm5xpgp,ADAAP,6090350.456795,10000.0,50567.64756,340.0,0.02,True,1808.872287004292,381.32944559852956,904.4186706111208,355.8809659275358,711.7619318550716,330.432486256542,True,False,1808.872287004292,216.11271083806872,904.4186706111208,190.66423116707492,381.32846233414983,165.2157514960811,True,False
pool1dkt4rqtjs6j6d8snna60s2g002ddcj5h62nee59mvsznk20q300,ELIK,403041.774577,1000.0,1756.869573,330.0,0.01,True,119.7017722302893,119.7017722302893,59.85077060194742,59.85077060194742,119.70154120389483,-0.00023102639445937712,False,True,119.7017722302893,119.7017722302893,59.85077060194742,59.85077060194742,119.70154120389483,-0.00023102639445937712,False,True
pool1dkww2vlysa8lsnuf5rca979zdsyr3zvt59hu7e420yxfunkka2z,TRUE,661667.759299,40000.0,41198.596811,340.0,0.018,True,196.54047570724452,196.54047570724452,98.26308749339321,98.26308749339321,196.52617498678643,-0.014300720458095384,False,True,196.54047570724452,172.10051975408518,98.26308749339321,98.26308749339321,196.52617498678643,24.425655232701246,True,False
pool1dl4695wfl79k7gtzt87gsf8gsqeq97yzuvaq0d4zxhz6c0nlf4g,BD2,61871956.57936,200.0,4930.387423,170.0,0.08,True,18375.663429631106,1627.7877678349635,9187.828159516623,892.0873677135417,1784.1747354270833,156.38696759211984,True,False,18375.663429631106,1549.5939993543432,9187.828159516623,813.8935992329212,1627.7871984658425,78.19319911149933,True,False
pool1dlzpcfmnn727lfsav0x8jmdwjz70sy429xfxjwnzk7r9wm6stws,,7212.598776,20.0,23.861746,340.0,0.1,True,2.1421044774595566,2.1421044774595566,1.0710521973995315,1.0710521973995315,2.142104394799063,-8.266049356109306e-08,False,True,2.1421044774595566,2.1421044774595566,1.0710521973995315,1.0710521973995315,2.142104394799063,-8.266049356109306e-08,False,True
pool1dmnyhw9uthknzcq4q6pwdc4vtfxz5zzrvd9eg432u60lzl959tw,WRFGS,6093666.767007,14000.0,113922.806845,340.0,1.0,True,1809.8851627690171,1809.8851627690171,904.9181201876004,904.9181201876004,1809.8362403752008,-0.04892239381638319,False,True,1809.8851627690171,1809.8851627690171,904.9181201876004,904.9181201876004,1809.8362403752008,-0.04892239381638319,False,True
pool1dmqzwuql5mylffvn7ln3pr9j7kh4gdsssrmma5wgx56f6rtyf42,BNTY1,6628782.308974,1000000.0,1280544.693477,170.0,0.03,True,1975.2809617777957,562.4393623105527,985.9864223368647,347.3824673366071,694.7649346732142,132.32557236266143,True,False,1975.2809617777957,495.9170101131127,985.9864223368647,280.8601151391672,561.7202302783344,65.80322016522166,True,False
pool1dmuaa0wmqrwwx467p48fu83y5w7wdkxf8xlgymmfc73kjy3vxg7,,2.486679,0.0,1.060471,340.0,0.0,True,0.0007385307257807293,0.0007385307257807293,0.00036926536289036465,0.00036926536289036465,0.0007385307257807293,0.0,False,False,0.0007385307257807293,0.0007385307257807293,0.00036926536289036465,0.00036926536289036465,0.0007385307257807293,0.0,False,False
pool1dmugaarr3nq0679fa02kqunlfmcyxdxfy3quc9x9s69zquty478,BNP,3147.38296,2.0,17.639298,345.0,0.06,True,0.9347563717457887,0.9347563717457887,0.46737818406548914,0.46737818406548914,0.9347563681309783,-3.6148104509692303e-09,False,True,0.9347563717457887,0.9347563717457887,0.46737818406548914,0.46737818406548914,0.9347563681309783,-3.6148104509692303e-09,False,True
pool1dpu6kslgxlg3ccrwxldl8e6r7ylnq0yalafmucp0yc7k6qegtt0,FARM,8363347.354992,31250.0,38220.87719,250.0,0.0095,True,2484.170012001253,281.33787606712986,1242.010151167641,263.9145593252233,527.8291186504466,246.49124258331676,True,False,2484.170012001253,158.09120481442713,1242.010151167641,140.66788807252055,281.3357761450411,123.24457133061398,True,False
pool1dqhaw0h2f4ehpdhh57quszcj22qhkglhg6yvaf39w3clxdl2kpy,CHEF,1243184.628952,5000.0,6468.196496,340.0,0.01,True,369.22648233267387,340.44280738953125,184.61146227429,184.61146227429,369.22292454858,28.780117159048757,True,False,369.22648233267387,173.01845968197836,184.61146227429,170.22137674295752,340.44275348591503,167.42429380393668,True,False
pool1dqlgn7smehsnj5ztz8almy2036lfhrdjv79nmg9tmje0zzt620h,POA,1201084.228385,10000.0,10015.643313,340.0,0.0,True,356.72945729484655,340.13950418557283,178.36130586575123,178.36130586575123,356.72261173150247,16.583107545929636,True,False,356.72945729484655,171.55710615133958,178.36130586575123,170.0697235507745,340.139447101549,168.58234095020944,True,False
pool1dqzprrl8305mlysnh85znqpe22lg0q2d9zest7jjhugajuf46kv,COIN,159749.97865,0.0,0.0,340.0,0.05,True,47.44491254232673,47.44491254232673,23.722456271163367,23.722456271163367,47.44491254232673,0.0,False,False,47.44491254232673,47.44491254232673,23.722456271163367,23.722456271163367,47.44491254232673,0.0,False,False
pool1druxd2syfrvqvepxh60fz0qhralcesruphh5atujuh0jktjy0ma,BSSP,3183912.768092,10000.0,40051.735493,170.0,0.0199,True,945.6420081696108,194.99822607335992,472.81188331973254,179.75934753042833,359.51869506085666,164.52046898749674,True,False,945.6420081696108,112.73769762577092,472.81188331973254,97.49881908283933,194.99763816567867,82.25994053990775,True,False
pool1drv9qkh2tgqqucc0jp8cwswpmmkfzdd898ja7ac0uwm9j5d44tq,NIMUE,5565839.744088,250000.123456,1052217.74244,170.0,0.0,True,1654.5579027820856,450.65453495064367,826.8951928943097,294.18553330090464,588.3710666018093,137.7165316511656,True,False,1654.5579027820856,381.7237198750571,826.8951928943097,225.25471822531807,450.50943645063614,68.78571657557904,True,False
pool1ds25hy480zcnzjwzr4eef28j85lvpm4mq9qm55vr4mqr5h3l68y,UPBIT,29565147.50942,200000.0,29142997.997982,340.0,1.0,True,8787.462064842914,8787.462064842914,4392.037073496773,4392.037073496773,8784.074146993546,-3.387917849368023,False,True,8787.462064842914,8787.462064842914,4392.037073496773,4392.037073496773,8784.074146993546,-3.387917849368023,False,True
pool1dsqxx4ehzudlaygj5p75eptkdz3kzwcck9qrft4aq02a5vf8agf,,115591.781291,120000.0,115590.775046,340.0,0.02,False,0.0,0.0,0.0,0.0,0.0,0.0,False,False,0.0,0.0,0.0,0.0,0.0,0.0,False,False
pool1dsvkdd2t3wnn3mrm27q0572zl2z36lkw3cl2cf4z0c24vad28v2,,450.684401,0.0,373.76041,340.0,0.075,True,0.13385092236214774,0.13385092236214774,0.06692546118107387,0.06692546118107387,0.13385092236214774,0.0,False,False,0.13385092236214774,0.13385092236214774,0.06692546118107387,0.06692546118107387,0.13385092236214774,0.0,False,False
pool1dswpls43u0s6cpt0dh2d6npm0rnxh5qcjm9xax9y6fp3uq880xm,RELAY,2570541.837175,10000.0,20493.136242,340.0,0.0,True,763.4669827828284,343.3760067417126,381.7261332484304,340.3326533422431,680.6653066844862,337.28929994277354,True,False,763.4669827828284,174.73129810898666,381.7261332484304,171.6879447095171,343.3758894190342,168.64459131004753,True,False
pool1dts0h87pntgmsffp6mjtnahfht2dz5zjjeeujhzmtn6wgctcuzd,DSIO,462650.113913,235000.0,292585.043196,340.0,0.009,True,137.46653754837382,137.46653754837382,68.71775625556744,68.71775625556744,137.43551251113487,-0.03102503723894756,False,True,137.46653754837382,137.46653754837382,68.71775625556744,68.71775625556744,137.43551251113487,-0.03102503723894756,False,True
pool1du3r4a7xq60hg2x0wcz7lw5ya3qs74rk258c8kanp93rsqdqu45,,50609235.856811,100000.0,237550.938318,340.0,0.0,True,15036.491991738461,408.98277366799255,7516.7919975183895,373.68661162850117,747.3732232570023,338.3904495890098,True,False,15036.491991738461,239.78072405847692,7516.7919975183895,204.48456201898557,408.96912403797114,169.18839997949422,True,False
pool1dv4yvcrl2kefasd4qxf8pzu695npqqfdzvlyauh2xqfhgf6ng8d,ION,16.614156,10000.0,0.0,340.0,0.04,False,0.0,0.0,0.0,0.0,0.0,0.0,False,False,0.0,0.0,0.0,0.0,0.0,0.0,False,False
pool1dv7s5fn4m9dee8ncvx5hktfmsnx6agydhn798rfdqjazuwr84gc,BOBA,760657.628441,500000.0,570721.480022,340.0,0.0,True,226.06395668514327,226.06395668514327,112.99347636661942,112.99347636661942,225.98695273323884,-0.07700395190443032,False,True,226.06395668514327,212.06479122652496,112.99347636661942,112.99347636661942,225.98695273323884,13.922161506713877,True,False
pool1dvp46zdtmzwkt6x74g6dzq7cyygp5armhrzh2t5hm8scwtxvsnt,,197.299065,100.0,197.299065,345.0,0.15,True,0.05859680701711057,0.05859680701711057,0.029298400713036785,0.029298400713036785,0.05859680142607357,-5.5910370014289335e-09,False,True,0.05859680701711057,0.05859680701711057,0.029298400713036785,0.029298400713036785,0.05859680142607357,-5.5910370014289335e-09,False,True
pool1dwlkpwakps05gelgwdml2d44al2xfsv8k9jgrkwsevlxxpcelqa,,37124.558691,100.0,101.066235,340.0,0.05,True,11.025805041681213,11.025805041681213,5.512901457082867,5.512901457082867,11.025802914165734,-2.1275154793443107e-06,False,True,11.025805041681213,11.025805041681213,5.512901457082867,5.512901457082867,11.025802914165734,-2.1275154793443107e-06,False,True
pool1dwthjmzrkm5q42yqa3x50jaye6pg57n7t569c44an6hzsg8qake,ADAO,66020.72568,2998.0,6422.609401,340.0,0.02,True,19.60802919619953,19.60802919619953,9.803960309680136,9.803960309680136,19.60792061936027,-0.00010857683925991068,False,True,19.60802919619953,19.60802919619953,9.803960309680136,9.803960309680136,19.60792061936027,-0.00010857683925991068,False,True
pool1dwvtdk76v5vg99d8h2a28h5f94hy2zwcxnj576g6w90ezapqjyn,RKT0,15212.659929,100.0,157.62205,345.0,0.15,True,4.5180825902017165,4.5180825902017165,2.259040860896923,2.259040860896923,4.518081721793846,-8.684078709464416e-07,False,True,4.5180825902017165,4.5180825902017165,2.259040860896923,2.259040860896923,4.518081721793846,-8.684078709464416e-07,False,True
pool1dww6s8stvm7dl2n8740s3v5rnxmsuqcl8jcnu64g7cds5w29pft,1PCT3,1644419.818139,50000.0,58931.604164,340.0,0.01,True,488.4758104709585,346.7525239259102,244.21497767853137,244.21497767853137,488.42995535706274,141.6774314311525,True,False,488.4758104709585,184.4839453861707,244.21497767853137,173.37521924174442,346.75043848348884,162.26649309731815,True,False
pool1dx5t3yqhzh3v5ch7add7836tg0ey255tjz87spjvws4j2gjp9yg,,59.4604,27000.0,0.0,340.0,0.03,False,0.0,0.0,0.0,0.0,0.0,0.0,False,False,0.0,0.0,0.0,0.0,0.0,0.0,False,False
pool1dxkf7k3qwnpgpxqfye8y9jvk7lver3fk8dq7c4dpzezyyx8cf5c,SPACE,2562309.081521,100.0,1019743.228191,170.0,0.0,True,760.9927609792504,405.2022518535314,380.4963068744404,253.77294723828032,507.54589447656065,102.34364262302927,True,False,760.9927609792504,354.03040124477593,380.4963068744404,202.60109662952487,405.20219325904975,51.17179201427382,True,False
pool1dxwgzj66pual956mnv9delkelg873yvgr2dd8s279m0hxqvr475,APOP,45032453.524664,250000.0,255070.975294,340.0,0.01,True,13387.312616009158,543.6361583405914,6690.4240414606265,439.1143535604441,878.2287071208882,334.59254878029685,True,False,13387.312616009158,376.2894362942003,6690.4240414606265,271.767631514053,543.535263028106,167.2458267339057,True,False
pool1dxyj26fptj4muj6r2xp8h6lsp3s9ycgup6ssc0e62arxw6gc2xz,POET,2216.335571,100.0,151.030379,340.0,0.0,True,0.658240377077747,0.658240377077747,0.3291201277341369,0.3291201277341369,0.6582402554682738,-1.216094731582018e-07,False,True,0.658240377077747,0.658240377077747,0.3291201277341369,0.3291201277341369,0.6582402554682738,-1.216094731582018e-07,False,True
pool1dy7tz7eyf2qal2jcns4qwm4xqn34gc4rj9dz34kfs6zuju477k7,CSP,1834579.772364,10000.0,31017.773779,340.0,0.0,True,544.8816193711489,343.4639931263063,272.4355664504331,272.4355664504331,544.8711329008662,201.40713977455988,True,False,544.8816193711489,176.3382325689637,272.4355664504331,171.73190791425168,343.46381582850336,167.12558325953967,True,False
pool1dye0sw6hv4jee7wemgc6dnxhaquuz7sxkktz2tpm2ekcsqyyj9l,XMEGA,9640.844736,1000.0,1009.808451,340.0,0.0,True,2.863290659619672,2.863290659619672,1.431642847147953,1.431642847147953,2.863285694295906,-4.965323765926399e-06,False,True,2.863290659619672,2.863290659619672,1.431642847147953,1.431642847147953,2.863285694295906,-4.965323765926399e-06,False,True
pool1dzdglfergm9km74055n6c9xsp8n78ec8ztsklgxg5c5gyrfz9zc,FGMTJ,14855383.596638,2e-06,9.820727,170.0,0.1,True,4411.971641444789,594.199688032243,2205.985820722386,373.5997934428311,747.1995868856623,152.99989885341927,True,False,4411.971641444789,517.6997386055325,2205.985820722386,297.09984401612064,594.1996880322413,76.49994942670878,True,False
pool1dzdxps32uqhva9q9urx4lm7m0nhlczjjccwy9kv4t2d3krsn4m7,ETO5,50000214.398811,0.0,0.0,340.0,1.0,True,14849.80354486685,14849.80354486685,7424.901772433425,7424.901772433425,14849.80354486685,0.0,False,False,14849.80354486685,14849.80354486685,7424.901772433425,7424.901772433425,14849.80354486685,0.0,False,False
pool1dzk2hrh2vtfcc6wk5n69ml6a08jc8d8s3lpg7jsaydcdwrerlq2,,1000.819149,1000.0,1000.819149,340.0,0.02,True,0.29723808133823343,0.29723808133823343,0.14861904042820293,0.14861904042820293,0.29723808085640585,-4.818275778362135e-10,False,True,0.29723808133823343,0.29723808133823343,0.14861904042820293,0.14861904042820293,0.29723808085640585,-4.818275778362135e-10,False,True
pool1dzkrcxlqgamf3dwgyh89nrx2xkwm7cfju9mp54eyqwulku73jxs,,3364.19858,0.0,2.447909,340.0,0.075,True,0.9991494756492088,0.9991494756492088,0.4995747378246044,0.4995747378246044,0.9991494756492088,0.0,False,False,0.9991494756492088,0.9991494756492088,0.4995747378246044,0.4995747378246044,0.9991494756492088,0.0,False,False
pool1dzq7728vsl8alh46l7vdz7wa5pxt2kx58glwnteymaz7c6jmv4t,,607.72409,8000.0,4178.381851,340.0,0.0,False,0.0,0.0,0.0,0.0,0.0,0.0,False,False,0.0,0.0,0.0,0.0,0.0,0.0,False,False
pool1e0jyj79d3ady680wajgcd4vgndqjdlf65777pz5939ehseqaem3,FRONT,63907.383326,15000.0,0.0,340.0,0.0,False,0.0,0.0,0.0,0.0,0.0,0.0,False,False,0.0,0.0,0.0,0.0,0.0,0.0,False,False
pool1e2a7hrepdkn0anf65djlmz8jpycujcg4nmfzs8w2ftvcvlnrw0g,EMGHW,19634.235991,10000.0,18598.503281,170.0,0.005,True,5.831376689987771,5.831376689987771,2.9156606538759147,2.9156606538759147,5.831321307751829,-5.538223594125924e-05,False,True,5.831376689987771,5.831376689987771,2.9156606538759147,2.9156606538759147,5.831321307751829,-5.538223594125924e-05,False,True
pool1e2tl2w0x4puw0f7c04mznq4qz6kxjkwhvuvusgf2fgu7q4d6ghv,DEV,967363.466767,3000.0,3394.017348,170.0,0.0,True,287.3052418095372,170.4115681844421,143.6517896401616,143.6517896401616,287.3035792803232,116.89201109588112,True,False,287.3052418095372,85.70979267243538,143.6517896401616,85.20578117570973,170.41156235141946,84.70176967898408,True,False
pool1e3y7u0rtq2zskc7ansvtrd4p3vtv9hglyztzcvsvlk22w9t40v0,CRPL,60509.318359,1.0,4.408893,340.0,0.01,True,17.970952815819853,17.970952815819853,8.985476390525232,8.985476390525232,17.970952781050464,-3.476938914559469e-08,False,True,17.970952815819853,17.970952815819853,8.985476390525232,8.985476390525232,17.970952781050464,-3.476938914559469e-08,False,True
pool1e4tjrl3ve7dcqwa70pexds6f8llk0txx09gm3r4m472ej4p6473,1PCT8,1983708.562024,50000.0,58609.553316,340.0,0.01,True,589.2623110580018,349.78354349042166,294.60334919034716,294.60334919034716,589.2066983806943,239.42315489027266,True,False,589.2623110580018,186.45604197730546,294.60334919034716,174.89068034666616,349.7813606933323,163.32531871602686,True,False
pool1e556526sqwugxwnmeumt9lhj5jukklg8vv3ynk75xt9vs7adr5y,CHEAP,3349984.476323,500000.0,500178.711331,500.0,0.009,True,996.5780383431862,577.9448751918766,497.87494794854507,497.87494794854507,995.7498958970901,417.80502070521356,True,False,996.5780383431862,367.1858751825008,497.87494794854507,288.9074433204993,577.8148866409986,210.62901145849776,True,False
pool1e59h5m5vyggszyafel7zvcnsayt2de7wyxyezlrsmm4a679q3zr,IAGL2,1057178.201185,10.0,12.081415,340.0,0.99,True,313.97643781624913,313.97643781624913,156.9882158707652,156.9882158707652,313.9764317415304,-6.074718726267747e-06,False,True,313.97643781624913,312.5366898916901,156.9882158707652,156.9882158707652,313.9764317415304,1.4397418498402885,True,False
pool1e5efe78z67djz6juekzw2hqpu3tn9eaqmekdnqn2am6j25kmrt8,,3502.420645,3500.0,3502.420645,345.0,0.042,True,1.0402007202114962,1.0402007202114962,0.520100357433076,0.520100357433076,1.040200714866152,-5.345344167295707e-09,False,True,1.0402007202114962,1.0402007202114962,0.520100357433076,0.520100357433076,1.040200714866152,-5.345344167295707e-09,False,True
pool1e603j2p4q346w8knqt2a8c96n8t9l5u4qdrv4kk50qvpgvh8hax,,3140.661415,3000.0,3089.220713,170.0,0.0,True,0.9327605860023219,0.9327605860023219,0.4663801716033902,0.4663801716033902,0.9327603432067804,-2.4279554156070304e-07,False,True,0.9327605860023219,0.9327605860023219,0.4663801716033902,0.4663801716033902,0.9327603432067804,-2.4279554156070304e-07,False,True
pool1e6rjpsl42hsc52zc9s2awhv2df50yzw43xtc7d0vranpc9ej8uj,XRAY7,84956.29401,100.0,101.077715,340.0,0.01,True,25.23158707863097,25.23158707863097,12.615791101297516,12.615791101297516,25.231582202595032,-4.876035937684264e-06,False,True,25.23158707863097,25.23158707863097,12.615791101297516,12.615791101297516,25.231582202595032,-4.876035937684264e-06,False,True
pool1e6z3jnnvu9zqxlk60hkfjym2vj3mvgysy6h8l2xxyj5j220vlsd,UAE,1321.051063,5000.0,9.248208,340.0,0.05,False,0.0,0.0,0.0,0.0,0.0,0.0,False,False,0.0,0.0,0.0,0.0,0.0,0.0,False,False
pool1e7mwu80pmsjqdf8lu7rsfdj5sldashslll0hpj7rhx3w6xpwkq7,NIZI🌈,1223985.174171,100.0,1510.618691,200.0,0.0,True,363.51736946651556,200.20180995638822,181.75864956964296,181.75864956964296,363.5172991392859,163.3154891828977,True,False,363.51736946651556,100.32522801102463,181.75864956964296,100.10090493479586,200.20180986959173,99.87658185856709,True,False
pool1e8vr85ank99g6fx2r7tjel2mh2jyfppnqy6nmp8vr0arys65n05,RELY,380643.158127,75000.0,76800.092947,340.0,0.02,True,113.07541374219751,113.07541374219751,56.53110887468533,56.53110887468533,113.06221774937066,-0.013195992826851466,False,True,113.07541374219751,113.07541374219751,56.53110887468533,56.53110887468533,113.06221774937066,-0.013195992826851466,False,True
pool1e96dkrs5msjuycwz4mf0kq6fytlz0x48mnrur5ggufqkzs2a4kp,BNP,108988.049377,2.0,2104.137527,345.0,0.06,True,32.368883893233615,32.368883893233615,16.184441883991063,16.184441883991063,32.368883767982126,-1.2525148918030027e-07,False,True,32.368883893233615,32.368883893233615,16.184441883991063,16.184441883991063,32.368883767982126,-1.2525148918030027e-07,False,True
pool1e98xlcgj80c3rdmm27v5hnvrdtut52e65uk0ema7ctfag596vr2,COSD,13489396.667928,300000.0,307001.403746,340.0,0.01,True,4010.8459746873978,459.4167784328655,2004.2794016833843,394.1408944781812,788.2817889563624,328.86501052349695,True,False,4010.8459746873978,294.94707103396433,2004.2794016833843,229.67118707928003,459.34237415856006,164.39530312459573,True,False
pool1e9tp0emvvg9sc4ds9h4nhwk8qpn6869qwnas2qywu9ep2reaaxe,LORDB,74650.234176,20000.0,0.0,340.0,0.02,False,0.0,0.0,0.0,0.0,0.0,0.0,False,False,0.0,0.0,0.0,0.0,0.0,0.0,False,False
pool1e9wmzv9r2pkvhwddc3ay42axm9aggheae6u4e52tgx6326krg03,MUEN3,6383010.307071,10.0,2820.114127,340.0,0.9999,True,1895.7209262475692,1895.5654228891365,947.8604447847299,947.7996855964799,1895.5993711929598,0.03394830382330838,True,False,1895.7209262475692,1895.5484304000033,947.8604447847299,947.7826931073466,1895.5653862146933,0.016955814689936233,True,False
pool1ea34czsr90yc63fmv4gj4tetp7ds7c4jhpj6vqg4yw40wvygdl3,SMILE,5549208.245548,10000.0,10042.772904,170.0,0.03,True,1648.1496457725023,216.93934235708588,824.0589050562287,190.7699504268326,381.5399008536652,164.6005584965793,True,False,1648.1496457725023,134.63855763056188,824.0589050562287,108.46916570030861,216.93833140061722,82.29977377005534,True,False
pool1ea568m9q882n0tx5d4vxff2dmz2n7rq5h62hx5ystq625m4tcfu,NUFI6,11990436.881354,1000.0,1002.830858,340.0,0.03,True,3561.1111511618947,436.89465301729865,1780.5521308192078,383.33343132810194,766.6668626562039,329.7722096389052,True,False,3561.1111511618947,272.0084445755313,1780.5521308192078,218.4472228863346,436.8944457726692,164.8860011971379,True,False
pool1eaeynp2hs06v4x8q65jfm2xqcd3dc80rv220gmxvwg8m5sd6e7a,HODLR,19972736.502396,20001.0,20069.694472,170.0,0.0,True,5932.257583199809,175.79023055503245,2966.0140887118487,172.80958738393824,345.6191747678765,169.82894421284402,True,False,5932.257583199809,90.87564318889538,2966.0140887118487,87.89500001780117,175.79000003560233,84.91435684670695,True,False
pool1eal2z34ugj8a0ckykd6xx45dz6jwdgz4cuvutk320cp4w8t2sm4,,1732.950989,20000.0,0.0,340.0,0.002,False,0.0,0.0,0.0,0.0,0.0,0.0,False,False,0.0,0.0,0.0,0.0,0.0,0.0,False,False
pool1ec5lvdyd9dghpezzeqfzn48yvw34ff6u6m9tlh08kjjaxx4nxmk,RAID2,36374.43735,30000.0,33738.795901,340.0,0.01,True,10.803238909632453,10.803238909632453,5.40156432948914,5.40156432948914,10.80312865897828,-0.00011025065417413771,False,True,10.803238909632453,10.803238909632453,5.40156432948914,5.40156432948914,10.80312865897828,-0.00011025065417413771,False,True
pool1ecvcst7k9eul4ggnljh0jw2s5nc2tyfmyzsx3xg3kmmz6ptgfwj,NUFI2,12443589.684611,1000.0,1002.830191,340.0,0.03,True,3695.6956969417915,440.9331936986008,1847.8442735109286,385.35320001283316,770.7064000256663,329.7732063270655,True,False,3695.6956969417915,276.04648300680583,1847.8442735109286,220.46648932103818,440.93297864207636,164.88649563527053,True,False
pool1ed2usjswfh2hfyvatwuwl959y5g4fkf63uxtadcuez0l2rjn747,,1112.619894,1000.0,1112.619894,345.0,0.02,True,0.33044244943555623,0.33044244943555623,0.16522119235467775,0.16522119235467775,0.3304423847093555,-6.472620073250113e-08,False,True,0.33044244943555623,0.33044244943555623,0.16522119235467775,0.16522119235467775,0.3304423847093555,-6.472620073250113e-08,False,True
pool1edqwpnln3zr9gj9sfsmyl72pen6hdwev07xgqj7uz5mkjrgfj6h,TBG,70202603.633665,0.0,0.0,340.0,0.05,True,20849.80804248054,1365.490402124027,10424.90402124027,844.2452010620136,1688.4904021240272,323.0000000000002,True,False,20849.80804248054,1203.990402124027,10424.90402124027,682.7452010620135,1365.490402124027,161.5,True,False
pool1ee3fptp2m7z8a32yeg9cwq4kvehh5xeyv2547u2rqz85qqxaxnc,TENK,107026.146346,10000.0,72614.827891,170.0,0.0,True,31.78732387470343,31.78732387470343,15.89338311122908,15.89338311122908,31.78676622245816,-0.0005576522452699351,False,True,31.78732387470343,31.78732387470343,15.89338311122908,15.89338311122908,31.78676622245816,-0.0005576522452699351,False,True
pool1eeflu4eaztffgd33enpsfh4nkta6t5qk662nddqqhjyrgdgmkc5,ANA,218.784956,100.0,127.621302,345.0,0.02,True,0.06497800733066929,0.06497800733066929,0.03248900025250203,0.03248900025250203,0.06497800050500406,-6.8256652274722995e-09,False,True,0.06497800733066929,0.06497800733066929,0.03248900025250203,0.03248900025250203,0.06497800050500406,-6.8256652274722995e-09,False,True
pool1efacpnedlfrhe9sa6s4jzq839s5q4qdrl70em0za57xg6t38d3s,ADACH,6888100.512649,150000.0,151868.637204,340.0,0.04,True,2046.8938711159815,444.40395880434176,1023.1556846447385,381.78593594103705,763.5718718820741,319.16791307773235,True,False,2046.8938711159815,284.80218759705156,1023.1556846447385,222.18416473374685,444.3683294674937,159.56614187044215,True,False
pool1efj8td645z33mr8h0ww5y5s0lz6jwj7e54cj4mv44s2269r7d4f,ABBA,32.637619,1000000.0,3.326062,340.0,0.02,False,0.0,0.0,0.0,0.0,0.0,0.0,False,False,0.0,0.0,0.0,0.0,0.0,0.0,False,False
pool1efxh54fk0dj5uu2e4eu08klxl5ys3saphv3kec33kw3xv8738sc,KRONO,2320710.938324,5000.0,5046.688969,340.0,0.025,True,689.2523823666995,349.47181709652193,344.6228642166551,340.1253733017524,680.2507466035048,330.7789295069829,True,False,689.2523823666995,184.0822621148127,344.6228642166551,174.73581832004317,349.47163664008633,165.38937452527364,True,False
pool1efzvmtxl4n9z8ylegk9jhctclu44z7k0qg82mp2kp2ytqa9xgf0,1PFP,535.455827,3000.0,0.0,340.0,0.01,False,0.0,0.0,0.0,0.0,0.0,0.0,False,False,0.0,0.0,0.0,0.0,0.0,0.0,False,False
pool1eg6k5zz4ndk6a3sa3z7ug97y84ghj0zljs26zkhthzzkw3p82ew,POEM,38055.690195,10.0,0.0,340.0,0.03,False,0.0,0.0,0.0,0.0,0.0,0.0,False,False,0.0,0.0,0.0,0.0,0.0,0.0,False,False
pool1eggah53ghqwlsm2u4upwnm3s9et8m5yd4p56shaqtm7vql6zm4h,,69.720767,0.0,5.835127,340.0,0.0,True,0.02070670506908978,0.02070670506908978,0.01035335253454489,0.01035335253454489,0.02070670506908978,0.0,False,False,0.02070670506908978,0.02070670506908978,0.01035335253454489,0.01035335253454489,0.02070670506908978,0.0,False,False
pool1egunxfppwtglyu3t864uq76y0zu05s7pjda3e9g95nwlwc5ye2h,AUSST,1624918.016233,650000.0,688526.385761,170.0,0.009,True,483.3306455434135,304.39263796024596,241.479438535378,200.65870013456984,401.3174002691397,96.92476230889372,True,False,483.3306455434135,255.8505280169597,241.479438535378,152.1165901912836,304.2331803825672,48.3826523656075,True,False
pool1eh6msmm3v7fs90lapzem3lkpl4sn2dgtz4hfvnfmqqtxya3k8yh,ARGT,2742.228618,500.0,1876.917677,340.0,0.01,True,0.8144289212452144,0.8144289212452144,0.40721413851051136,0.40721413851051136,0.8144282770210227,-6.442241916593261e-07,False,True,0.8144289212452144,0.8144289212452144,0.40721413851051136,0.40721413851051136,0.8144282770210227,-6.442241916593261e-07,False,True
pool1ehfmxk64lnl90rmy66zt7nfjlsvzhqkxlzsml348z4ptss529mw,,31236.944012,10.0,380.414582,340.0,0.02,True,9.277210216822457,9.277210216822457,4.638605018692818,4.638605018692818,9.277210037385636,-1.7943682095733493e-07,False,True,9.277210216822457,9.277210216822457,4.638605018692818,4.638605018692818,9.277210037385636,-1.7943682095733493e-07,False,True
pool1ek2m5zuydqcgqv3s5mlh55tr8gp76yuxe4hj4s7xtxajyc94rx3,,1.221941,0.0,0.0,340.0,0.0,True,0.0003629101197183995,0.0003629101197183995,0.00018145505985919975,0.00018145505985919975,0.0003629101197183995,0.0,False,False,0.0003629101197183995,0.0003629101197183995,0.00018145505985919975,0.00018145505985919975,0.0003629101197183995,0.0,False,False
pool1ek4yc2mvmettdmkl7wjfpcjkp60xssq2urr9hc8ffx5ss73wdm0,,1822.684341,500.0,35.0,345.0,0.05,False,0.0,0.0,0.0,0.0,0.0,0.0,False,False,0.0,0.0,0.0,0.0,0.0,0.0,False,False
pool1ek9pyk0xwjelrw7uqktvjwqj8wlcqqftjxqeq3t2vffw7qm8efs,UPBIT,35896455.644803,200000.0,35882577.07075,340.0,1.0,True,10669.286638568718,10669.286638568718,5332.584141885668,5332.584141885668,10665.168283771336,-4.118354797381471,False,True,10669.286638568718,10669.286638568718,5332.584141885668,5332.584141885668,10665.168283771336,-4.118354797381471,False,True
pool1ekcsyzwexl7p2kwxxh34hy28l6772vrmff7jwmuxsa6u6fzty9z,ADALO,75752912.102008,200000.0,702340.837652,170.0,0.0,True,22515.63143477941,377.17684725614424,11253.457439410948,272.7599410514257,545.5198821028514,168.34303484670716,True,False,22515.63143477941,292.9649221900826,11253.457439410948,188.54801598536397,377.09603197072795,84.13110978064537,True,False
pool1ekhy5xsgjaq38em75vevk8df0k0rljju77tljw288ys5kumqce5,,1824900.74067,1000.0,3.724624,340.0,0.0,False,0.0,0.0,0.0,0.0,0.0,0.0,False,False,0.0,0.0,0.0,0.0,0.0,0.0,False,False
pool1ekyuhd48h9nnymqpx0c00taz6ygnsge4502r7e67clp7zy9cegv,CASIA,12750.391348,3.14,10158.748178,340.0,0.0314,True,3.78679994105154,3.78679994105154,1.8933999590257597,1.8933999590257597,3.7867999180515195,-2.3000020554775347e-08,False,True,3.78679994105154,3.78679994105154,1.8933999590257597,1.8933999590257597,3.7867999180515195,-2.3000020554775347e-08,False,True
pool1el6ze57482qzf830l6h2y9uj0l9fr5g7xzur89d4d806y896vgf,,4998.698343,280000.0,0.0,340.0,0.05,False,0.0,0.0,0.0,0.0,0.0,0.0,False,False,0.0,0.0,0.0,0.0,0.0,0.0,False,False
pool1el9z347208wda3t5cqz65dmwal7r0e0eeq7xfzl6whdwvy80twn,,1006.277905,1000.0,1000.0,340.0,0.05,True,0.29885930974397856,0.29885930974397856,0.1494296530626854,0.1494296530626854,0.2988593061253708,-3.6186077467803557e-09,False,True,0.29885930974397856,0.29885930974397856,0.1494296530626854,0.1494296530626854,0.2988593061253708,-3.6186077467803557e-09,False,True
pool1ell3xjtspzzz4vtsatscan6rheltf7j3hh2s8qsam2h3jvcxzm9,OCEA4,42367396.439097,15000.0,15099.617606,500.0,0.039,True,12583.626560845525,975.4000492319622,6291.630702898181,727.8572171547215,1455.714434309443,480.3143850774809,True,False,12583.626560845525,735.2356736373952,6291.630702898181,487.6928415601545,975.385683120309,240.1500094829138,True,False
pool1elvz3kppg3peep0dcclju3gwf9m37vzyxetuf03we37sqlnsjxr,DC5,1036.68243,0.0,335.880311,340.0,0.0,True,0.3078892882563572,0.3078892882563572,0.1539446441281786,0.1539446441281786,0.3078892882563572,0.0,False,False,0.3078892882563572,0.3078892882563572,0.1539446441281786,0.1539446441281786,0.3078892882563572,0.0,False,False
pool1em9u4sf0lzkz4ammtcmakymunpf0l7445ayh3e7fpvryw640fc6,NLAP,28734.625064,2000.0,2046.640231,340.0,0.00575,True,8.534095599863427,8.534095599863427,4.267032436998044,4.267032436998044,8.534064873996089,-3.072586733843252e-05,False,True,8.534095599863427,8.534095599863427,4.267032436998044,4.267032436998044,8.534064873996089,-3.072586733843252e-05,False,True
pool1en2f7un7v3rjyhqkeg87d27nvsk5arnnva5tzx38t0lpv7hercz,BKN,156976.294591,11000.0,11580.735614,170.0,0.02,True,46.62298847386874,46.62298847386874,23.31103278507154,23.31103278507154,46.62206557014308,-0.0009229037256588413,False,True,46.62298847386874,46.62298847386874,23.31103278507154,23.31103278507154,46.62206557014308,-0.0009229037256588413,False,True
pool1enc9l2nealzp9sr7n77032rc593879faj6hqeny6f6h052eaaxh,,4731.38011,0.0,0.0,340.0,0.0,True,1.4051952771478773,1.4051952771478773,0.7025976385739386,0.7025976385739386,1.4051952771478773,0.0,False,False,1.4051952771478773,1.4051952771478773,0.7025976385739386,0.7025976385739386,1.4051952771478773,0.0,False,False
pool1enul577he3e0s500lv8z98m6k936uecz2rpckxxmmk8c7k0n2rd,PXLZ,5593097.12502,100000.0,213830.008812,340.0,0.0169,True,1661.7528670528118,412.01564026187793,830.7182999838295,366.73676255407264,733.4735251081453,321.45788484626735,True,False,1661.7528670528118,251.2780819404176,830.7182999838295,205.9992042326123,411.9984084652246,160.720326524807,True,False
pool1enve22w67h6nm4y80cl0svc4edlm26h7ce226u5xlxq7ucawt07,FGMTR,2.86207,2e-06,2.86207,170.0,0.1,True,0.0008500198997680313,0.0008500198997680313,0.00042500994988401396,0.00042500994988401396,0.0008500198997680279,-3.3610267347050637e-18,False,False,0.0008500198997680313,0.0008500198997680313,0.00042500994988401396,0.00042500994988401396,0.0008500198997680279,-3.3610267347050637e-18,False,False
pool1epqdygzumryx7w9kk5l76gfjsvzuesmeh3u3tfjmmdsw65ja7k3,DRRS,81750.163681,1337.0,1340.727048,170.0,0.01,True,24.279496859170294,24.279496859170294,12.139717539295754,12.139717539295754,24.279435078591508,-6.17805787861414e-05,False,True,24.279496859170294,24.279496859170294,12.139717539295754,12.139717539295754,24.279435078591508,-6.17805787861414e-05,False,True
pool1eq96x3rdmq0dxdyx0wwwy064p2jzrlg6dp37r5uwhehnja29fxq,CRTR,202.980481,100.0,102.624998,340.0,0.1,True,0.06028415866385668,0.06028415866385668,0.03014207637317629,0.03014207637317629,0.06028415274635258,-5.917504104779869e-09,False,True,0.06028415866385668,0.06028415866385668,0.03014207637317629,0.03014207637317629,0.06028415274635258,-5.917504104779869e-09,False,True
pool1eqa7kxx4xg35cu4rqj4exkvzhenscgh8wxez0gl7hsagygp79kr,PILOT,77012797.542518,1050000.0,1050050.0,340.0,0.0,True,22965.323550002777,648.4905593848089,11459.273610385018,491.60848102081604,983.2169620416321,334.7264026568232,True,False,22965.323550002777,480.80846635217296,11459.273610385018,323.92638798818007,647.8527759763601,167.04430962418718,True,False
pool1eqc4jwuez8yyerwlyjwenh99dlvmn6t6n3qjym70ulf5u8xr6lq,VOLVO,2267.54457,100.0,5.577986,340.0,0.0,False,0.0,0.0,0.0,0.0,0.0,0.0,False,False,0.0,0.0,0.0,0.0,0.0,0.0,False,False
pool1eqj3dzpkcklc2r0v8pt8adrhrshq8m4zsev072ga7a52uj5wv5c,OTG,9745706.136905,6.9e-05,420.121774,170.0,0.05,True,2894.424019560256,306.33277425390884,1447.2120097799348,233.9129061238472,467.8258122476944,161.49303799378555,True,False,2894.424019560256,225.5862552570064,1447.2120097799348,153.16638712694476,306.3327742538895,80.74651899688311,True,False
pool1erd30yrzqx4nvevnqu3cxmgv5nh6reau5ycxdulde7vq68zcrlz,,615.898392,100000.0,5.782789,340.0,0.042,False,0.0,0.0,0.0,0.0,0.0,0.0,False,False,0.0,0.0,0.0,0.0,0.0,0.0,False,False
pool1es67mveksd22l9alfh5cht6w2krc7lcrq3zvxcpaj5hwxgmhg3m,ANEJO,1338586.616242,25000.0,26196.098046,340.0,0.01,True,397.5910140487515,341.6916939336027,198.78606718215505,198.78606718215505,397.5721343643101,55.88044043070738,True,False,397.5910140487515,176.68531964870158,198.78606718215505,170.84556967833748,341.69113935667497,165.0058197079734,True,False
pool1es7867e973f59y07uwn04sylwd7myrv49q76e3jqp4a5ktvzpeg,A1STK,110.966399,1000.0,0.0,340.0,0.02,False,0.0,0.0,0.0,0.0,0.0,0.0,False,False,0.0,0.0,0.0,0.0,0.0,0.0,False,False
pool1esd3cqme3zzvvdnsx3p6ywudn6p86mqyz7fpvqpegxv2qzmtes0,SRN,324501.480321,25000.0,30331.712169,170.0,0.025,True,96.38385940929805,96.38385940929805,48.18977732675128,48.18977732675128,96.37955465350257,-0.004304755795487836,False,True,96.38385940929805,86.32206370408083,48.18977732675128,48.18977732675128,96.37955465350257,10.057490949421734,True,False
pool1et8qw5ejgl5qqq8v4gdfset78gjcphh88cc2xajykggau8vps0j,ALAM0,40326.866357,5.0,47.646532,170.0,0.025,True,11.976869734797582,11.976869734797582,5.98843480947424,5.98843480947424,11.97686961894848,-1.1584910097894863e-07,False,True,11.976869734797582,11.976869734797582,5.98843480947424,5.98843480947424,11.97686961894848,-1.1584910097894863e-07,False,True
pool1etfar35l4tf6vam3gvqf5dnaq7levz32vgw4p00jzk7q7twg2te,POP2,18070877.362193,50000.0,55472.939204,340.0,0.05,True,5367.992749199656,606.0625480635455,2683.7372438030075,464.0217983959741,928.0435967919482,321.9810487284027,True,False,5367.992749199656,445.05831146793827,2683.7372438030075,303.01756180036693,606.0351236007339,160.9768121327956,True,False
pool1etfxpqw7456eh337p7x5jsvxxa67fsduvnmucevrqweckex3nhl,KYBK,93022.641167,33000.0,41617.785438,170.0,0.0,True,27.629518328254452,27.629518328254452,13.814189510892056,13.814189510892056,27.628379021784113,-0.0011393064703391076,False,True,27.629518328254452,27.629518328254452,13.814189510892056,13.814189510892056,27.628379021784113,-0.0011393064703391076,False,True
pool1etgtwnwu4lmtw0dwdtmjvp9fh7wx2fk4e6jt725ysp5f7sjd5vy,,413438.823115,5000.0,0.0,340.0,0.01,False,0.0,0.0,0.0,0.0,0.0,0.0,False,False,0.0,0.0,0.0,0.0,0.0,0.0,False,False
pool1eu8knr403p82ythegskwmf8w6v8l2w858d8jz7qvvqzj7ryech4,,6760.705331,100.0,1146.144322,345.0,0.0,True,2.0078950754767453,2.0078950754767453,1.0039473463687176,1.0039473463687176,2.0078946927374353,-3.827393100230836e-07,False,True,2.0078950754767453,2.0078950754767453,1.0039473463687176,1.0039473463687176,2.0078946927374353,-3.827393100230836e-07,False,True
pool1eucxv3gn8lk93fpud5d5n5e87nr0j2udvnjnm99q8eqrucmj25d,ECHO,596.074742,250.0,596.074742,170.0,0.0,True,0.17703119666158307,0.17703119666158307,0.08851557347282893,0.08851557347282893,0.17703114694565786,-4.9715925209969924e-08,False,True,0.17703119666158307,0.17703119666158307,0.08851557347282893,0.08851557347282893,0.17703114694565786,-4.9715925209969924e-08,False,True
pool1euzg0c7npjm9dld4f7n5kj7as6n5d8ts8q6qt4rer50p5p9nr6g,Saar,7.414749,500.0,7.414749,345.0,0.025,False,0.0,0.0,0.0,0.0,0.0,0.0,False,False,0.0,0.0,0.0,0.0,0.0,0.0,False,False
pool1ev8fwfccn8gr0zcz3uyps0t0mcrefc6s95wjc6aed3ngc86y5rk,ZEIT,6467205.687053,31000.0,86642.900778,340.0,0.009,True,1920.955834598623,375.21847026643377,960.4205578111802,353.8209192753982,707.6418385507964,332.4233682843626,True,False,1920.955834598623,209.0055083444543,960.4205578111802,187.6079573534187,375.2159147068374,166.21040636238308,True,False
pool1evg78egp8gfqae273kvmmdee2dnt6vty60dpwdespg4hujznh3a,SQUID,13166931.954975,50000.0,50934.833454,340.0,0.0175,True,3911.2645035053956,416.0704109145715,1955.4436369384155,374.4100699207841,748.8201398415682,332.74972892699674,True,False,3911.2645035053956,249.6915288247077,1955.4436369384155,208.03118783092035,416.0623756618407,166.370846837133,True,False
pool1evun4ps8xa0dfpj2r0cw9p94t2pctcvusccsm458enajuw2mftw,,16.515204,500.0,0.0,400.0,0.1,False,0.0,0.0,0.0,0.0,0.0,0.0,False,False,0.0,0.0,0.0,0.0,0.0,0.0,False,False
pool1ew5543rzgp7vs5qvmc0c42zucz9v6d3vct2zsa74erjfjen2p2d,UMKR,4.91012,3.0,4.618002,340.0,0.03,True,0.0014582801011496435,0.0014582801011496435,0.000729140048928427,0.000729140048928427,0.001458280097856854,-3.2927894352136056e-12,False,True,0.0014582801011496435,0.0014582801011496435,0.000729140048928427,0.000729140048928427,0.001458280097856854,-3.2927894352136056e-12,False,True
pool1ewgnsmk42ljf00wytawfcl3dcash9f852u5fr92e37wqxutyksl,BNP,32134992.797924,2.0,55654.663723,345.0,0.06,True,9543.92574903316,911.9112860305595,4771.962856051117,617.8248139406098,1235.6496278812197,323.73834185066016,True,False,9543.92574903316,750.04211396724,4771.962856051117,455.9556418772904,911.9112837545808,161.86916978734087,True,False
pool1ewrm7y47s9hv6hxku9n5gfnsuspymp0qqpwgvgm9rvm37cek2h6,A4G,33421371.005047,25000.0,44986.748268,340.0,0.03,True,9926.933133718525,640.1253260820774,4963.22657226544,484.73318664050146,969.4663732810029,329.3410471989255,True,False,9926.933133718525,475.44728929203296,4963.22657226544,320.0551498504569,640.1102997009139,164.6630104088809,True,False
pool1eww2f6gu0g65v5l6xvqhuqq32qg3jeyadzz3jxlfn0e3739337k,,103.072351,4000.0,103.072351,340.0,0.15,False,0.0,0.0,0.0,0.0,0.0,0.0,False,False,0.0,0.0,0.0,0.0,0.0,0.0,False,False
pool1ey0gxeyesszrsshc6zjlzamr7z0f2d29e3ut0ppg4j4gxduyn5r,KYBBN,221668.401503,1140000.0,1228730.407429,340.0,0.01,True,64.63549181328119,64.63549181328119,32.6169296528449,32.6169296528449,65.2338593056898,0.5983674924086131,True,False,64.63549181328119,64.63549181328119,32.6169296528449,32.6169296528449,65.2338593056898,0.5983674924086131,True,False
pool1ey97shazvk483tzqsvda6hvh8z0kld4g5ssxanrgetddgcf2mns,INV,3472.842615,2.0,2.825479,340.0,0.01,True,1.0314161967894284,1.0314161967894284,0.5157080964002928,0.5157080964002928,1.0314161928005856,-3.988842811608606e-09,False,True,1.0314161967894284,1.0314161967894284,0.5157080964002928,0.5157080964002928,1.0314161928005856,-3.988842811608606e-09,False,True
pool1eyccsl45l8f7sdplfs770460l2uqe9xfne4l64xvwewd22fcl9a,NRDCO,1169.052438,300.0,306.763214,340.0,0.03,True,0.3472027915902981,0.3472027915902981,0.17360132088811048,0.17360132088811048,0.34720264177622095,-1.4981407714387274e-07,False,True,0.3472027915902981,0.3472027915902981,0.17360132088811048,0.17360132088811048,0.34720264177622095,-1.4981407714387274e-07,False,True
pool1ezh8sewqgzy7267yvy0jssz8q7amce37x3dhmfl22j8lwz6wjrd,DAN2,1378273.554412,100000.0,102649.40322,340.0,0.02,True,409.48718408682015,346.46142309981354,204.7067892433644,204.7067892433644,409.4135784867288,62.95215538691525,True,False,409.48718408682015,192.26925790278761,204.7067892433644,173.22728935823966,346.4545787164793,154.1853208136917,True,False
pool1f297l6rl99h5v56x48j4pgza70ya3lm37yzu0njpcnsljqdd4dl,,201427.577994,50000.0,50000.0,170.0,0.03,True,59.831651536623056,59.831651536623056,29.913647629874543,29.913647629874543,59.827295259749086,-0.004356276873970444,False,True,59.831651536623056,59.831651536623056,29.913647629874543,29.913647629874543,59.827295259749086,-0.004356276873970444,False,True
pool1f2pqecfn9x8kzgjeecyjk7cnqj0nyu84uaj2ptr0xdjr5w9qepc,,24.92387,25.0,24.92387,350.0,0.0,False,0.0,0.0,0.0,0.0,0.0,0.0,False,False,0.0,0.0,0.0,0.0,0.0,0.0,False,False
pool1f2uwt68neknpyk8pw2rh68gmpc6czndekl5ym22n5zf4vy8ecct,,738.215807,300.0,21.623986,345.0,0.0,False,0.0,0.0,0.0,0.0,0.0,0.0,False,False,0.0,0.0,0.0,0.0,0.0,0.0,False,False
pool1f2wfjqkf2wx6jq93pdck6hgmy9zgw32lmvrq9zejl7scqxjqfze,LBF2,84297666.364494,2.0,9.820727,170.0,0.06,True,23025.38762520742,1541.3257604183984,12517.984219655476,910.8804054138093,1821.7608108276186,280.43505040922014,True,False,23025.38762520742,1461.425769726795,12517.984219655476,830.9804147222055,1661.960829444411,200.53505971761615,True,False
pool1f3ptnevzpgwjx32az75u7nth59gkqxe5h5qld86a8vm0j5jrms3,,2085.42539,1100.0,0.0,340.0,0.0,False,0.0,0.0,0.0,0.0,0.0,0.0,False,False,0.0,0.0,0.0,0.0,0.0,0.0,False,False
pool1f3qeehc4htjqpwv248kf5lfaumd0e84jtze379ev3ywa2w69aam,AFCH2,111802.962659,1.0,3.416377,340.0,0.0,True,33.20489837107829,33.20489837107829,16.602449153417233,16.602449153417233,33.204898306834465,-6.424382803515982e-08,False,True,33.20489837107829,33.20489837107829,16.602449153417233,16.602449153417233,33.204898306834465,-6.424382803515982e-08,False,True
pool1f4n4mdsv5ydxuc3y4tzgumqvfa8xxlyr8jl70qquama0ug2pmhf,BNP,1351596.477788,2.0,48702.829071,345.0,0.06,True,401.417125181264,350.29596263875106,200.7085618139765,200.7085618139765,401.417123627953,51.12116098920194,True,False,401.417125181264,193.98880394800557,200.7085618139765,175.14798124646967,350.29596249293934,156.30715854493377,True,False
pool1f4pxpxcee0mhwd2knwqkwquaj35enlstssc6crsmt2tvv0pwymt,MARY,147.624426,100.0,147.624426,340.0,0.05,True,0.04384369196301688,0.04384369196301688,0.02192184461319889,0.02192184461319889,0.04384368922639778,-2.736619097998272e-09,False,True,0.04384369196301688,0.04384369196301688,0.02192184461319889,0.02192184461319889,0.04384368922639778,-2.736619097998272e-09,False,True
pool1f5ml07llzd2ndk5mrdl0gvtkkaq72v2hxusla795ksnms4tae66,ADABP,9.471895,8000.0,2.825259,340.0,0.03,False,0.0,0.0,0.0,0.0,0.0,0.0,False,False,0.0,0.0,0.0,0.0,0.0,0.0,False,False
pool1f5s5lqe7e3x7wxscsawaj0ddjz42y4ckcfqcxrd3nxg7wwvsysn,,5922.701064,100.0,1600.623986,345.0,0.15,True,1.7590120716793256,1.7590120716793256,0.8795058685468248,0.8795058685468248,1.7590117370936496,-3.345856760539334e-07,False,True,1.7590120716793256,1.7590120716793256,0.8795058685468248,0.8795058685468248,1.7590117370936496,-3.345856760539334e-07,False,True
pool1f5zye57nw6nsrczkkzkpd8avayar7j48zjw5pu2e5k38ssm2yhd,TRUCK,101352.865246,40000.0,95.427892,340.0,0.01,False,0.0,0.0,0.0,0.0,0.0,0.0,False,False,0.0,0.0,0.0,0.0,0.0,0.0,False,False
pool1f6lnuxzw90mmd399nxqjvzyyxgmf4h3cp7j6pp5s7xmps86arct,DYNO,1500651.74487,25000.0,41152.079103,170.0,0.01,True,445.7281718979124,180.24290901649238,222.85348146700153,171.96343158606152,343.92686317212303,163.68395415563066,True,False,445.7281718979124,98.40053799727063,222.85348146700153,90.12106056683977,180.24212113367955,81.84158313640891,True,False
pool1f6ltd3rd3e69klr32r0xw7h59lc76lhc9l705d380lj76d926du,MTSK,1213.528943,1200.0,1213.528943,200.0,0.01,True,0.3604118012376064,0.3604118012376064,0.18020589594467498,0.18020589594467498,0.36041179188934996,-9.348256446717329e-09,False,True,0.3604118012376064,0.3604118012376064,0.18020589594467498,0.18020589594467498,0.36041179188934996,-9.348256446717329e-09,False,True
pool1f776th42gqa5ammpj738evvnlga5jk4ll0gr4uupkrqnqpjsfyt,DEVFO,12209096.373422,0.0,67899.119781,10000.0,1.0,True,3626.038103748099,3626.038103748099,1813.0190518740494,1813.0190518740494,3626.038103748099,0.0,False,False,3626.038103748099,3626.038103748099,1813.0190518740494,1813.0190518740494,3626.038103748099,0.0,False,False
pool1f89cpnym44rfv52jj88f3g20axraw4g9g7aglnqsgjl220lpdd8,BNP,32080943.470088,2.0,27273.016444,345.0,0.06,True,9527.873379739172,903.3106525932118,4763.936671435181,613.6674763740591,1227.3349527481182,324.0243001549064,True,False,9527.873379739172,741.2985013949628,4763.936671435181,451.6553251758102,903.3106503516204,162.0121489566576,True,False
pool1f8erepj5w5nth5xfxgxnwpz59jzywt6zdwfr50jzjwfwksmg9ek,NUFIE,36654309.567607,1000.0,1008.52285,340.0,0.03,True,10886.18136764257,656.6669081490927,5443.08015272466,493.2286007292082,986.4572014584164,329.7902933093237,True,False,10886.18136764257,491.7714452804677,5443.08015272466,328.3331378605831,656.6662757211662,164.89483044069857,True,False
pool1f9934hk9awd25mmxl0dd2haqvda9nlquwnh5pv64hs42znl07zj,BD5,38696963.009297,200.0,2405.435607,170.0,0.03,True,11492.805583004183,510.36688750933047,5746.400567893652,337.6282517513331,675.2565035026662,164.88961599333572,True,False,11492.805583004183,427.9220126703347,5746.400567893652,255.18337691233734,510.3667538246747,82.44474115433997,True,False
pool1fa0ydxjq23eq3nucw6ek46dj8p6vxq4t32ex822jhwhx5fyvzze,ZAZEN,604.286909,18000.0,34.878363,340.0,0.01,False,0.0,0.0,0.0,0.0,0.0,0.0,False,False,0.0,0.0,0.0,0.0,0.0,0.0,False,False
pool1fagx52jnyh3dz0d722c2fedjvstc3mmwt4a2mlkgvszvqgkvt2g,STCRP,93.64729,5000.0,0.0,340.0,0.01,False,0.0,0.0,0.0,0.0,0.0,0.0,False,False,0.0,0.0,0.0,0.0,0.0,0.0,False,False
pool1fc3m8hdjj76n6llxextpc60tt63w5ygwgvf2ekzr3k222kxxdkg,BUNNY,5.0,4.0,5.0,340.0,0.03,True,0.001484973991550516,0.001484973991550516,0.0007424869946260144,0.0007424869946260144,0.0014849739892520287,-2.2984873553066887e-12,False,True,0.001484973991550516,0.001484973991550516,0.0007424869946260144,0.0007424869946260144,0.0014849739892520287,-2.2984873553066887e-12,False,True
pool1fcgm2ae0j3rmvghwa2064rfxcvugwa2qt89cc4jwtj0ecgh8na8,CSPHD,401114.261152,50000.0,56619.930002,170.0,0.018,True,119.14903937236569,119.14903937236569,59.56947016531937,59.56947016531937,119.13894033063875,-0.010099041726945757,False,True,119.14903937236569,90.34827887031899,59.56947016531937,59.56947016531937,119.13894033063875,28.790661460319754,True,False
pool1fcp4d2pxh0e7q5ju63sjqcdpxpr3pvxg6ykl23t6c97d7dnvjvw,KILN1,10812155.411503,100.0,1572.302032,340.0,0.05,True,3211.1551483660414,483.9544042252562,1605.5772635403562,403.4537012315976,806.9074024631952,322.952998237939,True,False,3211.1551483660414,322.4778895312386,1605.5772635403562,241.97718653757997,483.95437307515994,161.47648354392135,True,False
pool1fd0q9h8974y6psejmzczlywy8fgxxy07rn2ynrwu734aqwq540p,,3672487.306002,0.0,0.0,345.0,0.1,True,1090.7096233660122,419.5709623366012,545.3548116830061,365.03548116830063,730.0709623366013,310.50000000000006,True,False,1090.7096233660122,264.3209623366012,545.3548116830061,209.7854811683006,419.5709623366012,155.25,True,False
pool1fd6geyevpsg26s7q58fvuv2eh559n5p9vv3ctxjs74v6g7lkew4,ECO,1002.621654,1000.0,1002.621654,345.0,0.04,True,0.2977734180170477,0.2977734180170477,0.14888670824972083,0.14888670824972083,0.29777341649944167,-1.5176060408350622e-09,False,True,0.2977734180170477,0.2977734180170477,0.14888670824972083,0.14888670824972083,0.29777341649944167,-1.5176060408350622e-09,False,True
pool1fd8qnudvhz2hanlccdsfrwdxmmwwfryalrmy6a6y62cgqfx3ujz,MOST,376851.631886,125000.0,183918.312426,170.0,0.025,True,111.95924119523995,111.95924119523995,55.9705429026521,55.9705429026521,111.9410858053042,-0.018155389935756716,False,True,111.95924119523995,98.50221443064174,55.9705429026521,55.9705429026521,111.9410858053042,13.438871374662455,True,False
pool1fdgzsd07tq6t7zd44na0a72kz6gpedp9avny02z7qsx9ywr3le7,,29321.267634,20000000.0,2761004.556813,170.0,1.0,False,0.0,0.0,0.0,0.0,0.0,0.0,False,False,0.0,0.0,0.0,0.0,0.0,0.0,False,False
pool1ferfwtmcjm9rxc00ugtdwrm9m042jf4xjvse6a8u5smxqt0pwnx,MOCHI,436588.475579,50000.0,52504.339364,170.0,0.02,True,129.68673623855932,129.68673623855932,64.8378084991232,64.8378084991232,129.6756169982464,-0.01111924031292233,False,True,129.68673623855932,91.16030208021674,64.8378084991232,64.8378084991232,129.6756169982464,38.51531491802966,True,False
pool1ff2hr0sukqqd75jr2rh3wrmnesxqgpq42dgd6rm3ungnqp904ue,BD3,56761459.222046,200.0,6399.632571,340.0,0.08,True,16857.871127785857,1663.1430295717864,8428.932302255384,987.953620028148,1975.907240056296,312.7642104845095,True,False,16857.871127785857,1506.7606630602102,8428.932302255384,831.5712535165717,1663.1425070331434,156.3818439729332,True,False
pool1ff9rrcn2qdvv754al6d8qx8f3mecyeez3hp2nunm9uj2k7tj4pf,,8.755036,2200.0,0.0,340.0,0.0,False,0.0,0.0,0.0,0.0,0.0,0.0,False,False,0.0,0.0,0.0,0.0,0.0,0.0,False,False
pool1ffhg5vdmjzv9pc2syjwxkrj85qg7xsnxsmmsrnag5r7wsggv4ac,,1004.481523,200000.0,61.905486,340.0,0.0,False,0.0,0.0,0.0,0.0,0.0,0.0,False,False,0.0,0.0,0.0,0.0,0.0,0.0,False,False
pool1ffrre548h22n68ln29xph3qezrag3z8ad0kg8yzu6epds3qr58k,OCEA6,520641.603052,1000.0,10099.619454,500.0,0.039,True,154.62844461396548,154.62844461396548,77.31407300542723,77.31407300542723,154.62814601085446,-0.00029860311101970183,False,True,154.62844461396548,154.62844461396548,77.31407300542723,77.31407300542723,154.62814601085446,-0.00029860311101970183,False,True
pool1fftlhn68f3lejs2u39pcd5q33zgwnlumrp20dr6cqqkxwyuft2r,ARKA,16036.474125,1000.0,1493.565935,340.0,0.25,True,4.762766664420998,4.762766664420998,2.381379011979463,2.381379011979463,4.762758023958926,-8.640462072051491e-06,False,True,4.762766664420998,4.762766664420998,2.381379011979463,2.381379011979463,4.762758023958926,-8.640462072051491e-06,False,True
pool1ffuv59d0rdp0jsgxa9x5r8pvmaexvuufeu43kpxl3u2qut3ljq4,,905.625683,50000.0,0.0,340.0,0.2,False,0.0,0.0,0.0,0.0,0.0,0.0,False,False,0.0,0.0,0.0,0.0,0.0,0.0,False,False
pool1fg42yz0qpu5jd0gd3g5xty4mm6jdxkje8szag8h798nyyxw6zd3,CCJ3,17368029.8758,100000.0,100589.273798,170.0,0.048,True,5160.201605420069,437.0438305216397,2579.603708043708,298.9466548878985,597.893309775797,160.8494792541573,True,False,5160.201605420069,356.5924895517048,2579.603708043708,218.49531391796356,436.9906278359271,80.39813828422234,True,False
pool1fgj2ua0rz4dkq0hmmkv7syuccda96slh40wex2w7vsnxujuvjtv,CUJO,11417.466066,10000.0,10834.855913,340.0,0.03,True,3.390944328045954,3.390944328045954,1.6954680851426278,1.6954680851426278,3.3909361702852556,-8.157760698512817e-06,False,True,3.390944328045954,3.390944328045954,1.6954680851426278,1.6954680851426278,3.3909361702852556,-8.157760698512817e-06,False,True
pool1fgp4f4afdrq26axqlnm80fz49hdkyq4am3ca3r33w0w8sw2x8ap,UPBIT,31035189.563513,200000.0,30819242.549084,340.0,1.0,True,9224.395665711674,9224.395665711674,4610.419075260129,4610.419075260129,9220.838150520258,-3.5575151914163143,False,True,9224.395665711674,9224.395665711674,4610.419075260129,4610.419075260129,9220.838150520258,-3.5575151914163143,False,True
pool1fh4sh2telea0tfdy39h0drx6uq566yt9gf24edpz7335sclx39z,CANUK,3989532.493666,25000.0,35279.333006,340.0,0.02,True,1184.9843369149655,364.22241795483205,592.4636782684819,347.237152768725,694.47430553745,330.251887582618,True,False,1184.9843369149655,199.09565746049617,592.4636782684819,182.11039227438917,364.22078454877834,165.12512708828217,True,False
pool1fhrhklkcqy5mlygak5hszc3phplq7qq5a6wn30hjrv4e6ydrl9g,ANIME,6960.622506,1000.0,4997.129522,340.0,0.005,True,2.0672755211915033,2.0672755211915033,1.0336360480056468,1.0336360480056468,2.0672720960112936,-3.425180209681855e-06,False,True,2.0672755211915033,2.0672755211915033,1.0336360480056468,1.0336360480056468,2.0672720960112936,-3.425180209681855e-06,False,True
pool1fjdsl4zajjt5rv8panvnp89g6pnvt2t3e6za8hcf8yw2zncnl07,BYOB,71.276945,550.0,51.339332,340.0,0.02,False,0.0,0.0,0.0,0.0,0.0,0.0,False,False,0.0,0.0,0.0,0.0,0.0,0.0,False,False
pool1fjxud865hvsg3us4t5ndv6jhjcssj5rg2eq783664wpn720deqr,,148.796601,10000.0,15.383405,340.0,0.019,False,0.0,0.0,0.0,0.0,0.0,0.0,False,False,0.0,0.0,0.0,0.0,0.0,0.0,False,False
pool1fk7lk6x7j6jkxuvl0het8nmunra4g7370mw29f286dv9ylegutq,WISH,170854.099375,100.0,73406.110696,170.0,0.0,True,50.742798251076344,50.742798251076344,25.371394219578438,25.371394219578438,50.742788439156875,-9.81191946891613e-06,False,True,50.742798251076344,50.742798251076344,25.371394219578438,25.371394219578438,50.742788439156875,-9.81191946891613e-06,False,True
pool1fkg3cr9en57ccsmnde20eevkaeu3elp0h4yyqk3udkkxzhl70ju,ADMON,2337951.72791,1000.0,13319.66301,340.0,0.03,True,694.3621855007254,352.58915464895375,347.18042130582097,340.25509334224216,680.5101866844843,327.9210320355306,True,False,694.3621855007254,188.62861477729115,347.18042130582097,176.2945534705796,352.5891069411592,163.96049216386803,True,False
pool1fkjfa9yuu844hyg7yagvjr9u7texse7dcdhe75c6lta0xqpgqgk,,76829401.927715,76800000.0,76896720.219421,340.0,1.0,True,29537.967458956242,29537.967458956242,12249.295063263588,12249.295063263588,24498.590126527175,-5039.377332429067,False,True,29537.967458956242,29537.967458956242,12249.295063263588,12249.295063263588,24498.590126527175,-5039.377332429067,False,True
pool1fl0gdfcmzg4jf3hw839epdteuazm23nff44vddap00r0sm5gvvk,OMNI,162193.279442,40000.0,44742.30487,180.0,0.04,True,48.17618120532045,48.17618120532045,24.086684861975062,24.086684861975062,48.173369723950124,-0.0028114813703226105,False,True,48.17618120532045,48.17618120532045,24.086684861975062,24.086684861975062,48.173369723950124,-0.0028114813703226105,False,True
pool1fl20ddkpvnstlx63fal6e3ku46r76nk2s4mqtk5jnyxn2vt7hg6,KOH,70540482.443232,0.0,0.0,340.0,0.05,True,20950.156291070507,1370.5078145535253,10475.078145535253,846.7539072767627,1693.5078145535253,323.0,True,False,20950.156291070507,1209.0078145535253,10475.078145535253,685.2539072767627,1370.5078145535253,161.5,True,False
pool1flkcdxj7cq6sfgl4fujx50p20ylqgj02kgwvfj4g5w24s6th8vz,U0001,16657704.234062,50.0,1584.594892,340.0,0.2,True,4947.252451175105,1261.8011089564345,2473.625986291096,766.8875693494418,1533.7751386988837,271.97402974244915,True,False,4947.252451175105,1125.8140462077076,2473.625986291096,630.9005066007151,1261.8010132014301,135.9869669937225,True,False
pool1fm57fshvdlrgs5pnpk78tnxha0me28equyy96vj0xm85gy5chv0,BANDA,13814063.025497,500000.0,738033.011033,340.0,0.009,True,4110.406592011303,573.5592411762251,2053.271461157868,446.1292390175501,892.2584780351002,318.6992368588751,True,False,4110.406592011303,414.0899545173499,2053.271461157868,286.6599523586749,573.3199047173498,159.2299501999999,True,False
pool1fmcv9p7vv754rwc0p6ud2mgm76vnn0gq0gngrk7rq400vsvhsvs,JAZZ4,10799076.459225,50000.0,90119.840055,340.0,0.05,True,3207.887590437719,506.1306656594775,1603.7892288376095,413.2086384906129,826.4172769812258,320.2866113217483,True,False,3207.887590437719,345.9784062948769,1603.7892288376095,253.05637912601225,506.1127582520245,160.1343519571476,True,False
pool1fmf707pca09wmv6dc7ap4kxf0j648374ruu6ahazhpywcngt780,CHIVO,27.893084,500.0,1.06108,170.0,0.05,False,0.0,0.0,0.0,0.0,0.0,0.0,False,False,0.0,0.0,0.0,0.0,0.0,0.0,False,False
pool1fmgus36uc0jf0wlspfvzwfn04mz34kwrensmqgfzkv7t58dejw4,GRAB,4111701.087203,200000.0,223812.823933,340.0,0.01,True,1222.0553686099058,396.3534715076271,610.8019952325285,357.3012183425573,714.6024366851146,318.24896517748755,True,False,1222.0553686099058,237.21456991168145,610.8019952325285,198.16231674661168,396.32463349322336,159.1100635815419,True,False
pool1fmrd4ds793ja4c5muy7hwj6q7kssuhtx22em4udmvx6957z9m0u,TLP,4341.618756,800.0,3511.839844,340.0,0.0,True,1.2894414389724895,1.2894414389724895,0.6447199054344535,0.6447199054344535,1.289439810868907,-1.6281035826182233e-06,False,True,1.2894414389724895,1.2894414389724895,0.6447199054344535,0.6447199054344535,1.289439810868907,-1.6281035826182233e-06,False,True
pool1fn8mfqp4jt6097ygqrze5rjzg3y5s8fktxszqgs9mg22jvr42dx,DARK,131232.80239,25010.0,54451.119964,340.0,0.02,True,38.978513890577695,38.978513890577695,19.488493209751088,19.488493209751088,38.976986419502175,-0.0015274710755193155,False,True,38.978513890577695,38.978513890577695,19.488493209751088,19.488493209751088,38.976986419502175,-0.0015274710755193155,False,True
pool1fnvj5za9k5ev88l8tw0nh3n4tn582gvf3d6vmuv7nh4ustqecn5,,1803.75061,100.0,102.011235,340.0,0.0,True,0.5357047427629861,0.5357047427629861,0.26785232243079227,0.26785232243079227,0.5357046448615845,-9.790140154120053e-08,False,True,0.5357047427629861,0.5357047427629861,0.26785232243079227,0.26785232243079227,0.5357046448615845,-9.790140154120053e-08,False,True
pool1fp9z85qx2k6jgnn4f4taxlgn0xw0w9k3t47q32t83ymexz5ymwd,,1602.699093,50000.0,1459.544093,340.0,0.01,False,0.0,0.0,0.0,0.0,0.0,0.0,False,False,0.0,0.0,0.0,0.0,0.0,0.0,False,False
pool1fpkjz7j77m5ukhjx5xvspfttrs0578kyxa9hgn0458hk55wp784,,16047.025942,0.0,2.339805,340.0,0.075,True,4.765883218367731,4.765883218367731,2.3829416091838653,2.3829416091838653,4.765883218367731,0.0,False,False,4.765883218367731,4.765883218367731,2.3829416091838653,2.3829416091838653,4.765883218367731,0.0,False,False
pool1fpsp2ayycsvpj2k43jnctdp306murzt7nzrlg0fuyyr9y8vx3pp,WLP,744.804214,31500.0,0.0,340.0,0.015,False,0.0,0.0,0.0,0.0,0.0,0.0,False,False,0.0,0.0,0.0,0.0,0.0,0.0,False,False
pool1fpu5xurq3jx5rn626ejcx0dzzzk5lmtvdl2qkj9l4kw2sjp50dz,MS6,48149282.315984,100000.0,102838.453562,340.0,0.025,True,14305.6155151167,718.2227994466112,7151.424573082562,524.4699266897437,1048.9398533794874,330.7170539328762,True,False,14305.6155151167,552.8268124839404,7151.424573082562,359.0739397270729,718.1478794541458,165.32106697020538,True,False
pool1fpvs8h5q5kwpz4k2yd0vw90dgdxacr3ef508tzzewm0kysdt4eq,SBP2,70000006.554332,0.0,5.265792,340.0,1.0,True,20789.637763952087,20789.637763952087,10394.818881976043,10394.818881976043,20789.637763952087,0.0,False,False,20789.637763952087,20789.637763952087,10394.818881976043,10394.818881976043,20789.637763952087,0.0,False,False
pool1fqas6yd8n3fdpz8e869qjvyensdmzletqjexcut8mxasu2sk72r,LAG,70048600.5882,0.0,0.0,340.0,0.05,True,20804.069939195113,1363.2034969597557,10402.034969597556,843.1017484798779,1686.2034969597557,323.0,True,False,20804.069939195113,1201.7034969597557,10402.034969597556,681.6017484798779,1363.2034969597557,161.5,True,False
pool1fqwnqk3phwa2s5thgym8dw34pv0z67m526uqprnjh93cvzxymef,NUFI9,23602635.32783,1000.0,1003.650337,340.0,0.03,True,7009.887021447458,540.3717243006884,3504.9367295870416,435.0786464254554,870.1572928509108,329.7855685502225,True,False,7009.887021447458,375.4787363117741,3504.9367295870416,270.1856584365412,540.3713168730824,164.89258056130825,True,False
pool1fr3ws5vwm7l5y2ywau2jrlaan0xmfqv68h5g3g3sum2ywthurt2,,2972.639531,100000.0,2972.639531,420.0,0.9999,False,0.0,0.0,0.0,0.0,0.0,0.0,False,False,0.0,0.0,0.0,0.0,0.0,0.0,False,False
pool1fr8ug253hlv0pt4sxu3w20r03pnpkh2wpedegp55t8nsx28rkma,JOKER,454720.827931,10000.0,10766.590798,170.0,0.01,True,135.05483175920696,135.05483175920696,67.52613789571983,67.52613789571983,135.05227579143965,-0.0025559677673072656,False,True,135.05483175920696,86.6738631501929,67.52613789571983,67.52613789571983,135.05227579143965,48.378412641246754,True,False
pool1frxut5ury0r2clgpvr0dewlsvc233ft7g6v7vx8msepy5068evn,,28883.053111,500.0,698.292896,350.0,0.01,True,8.578132816350763,8.578132816350763,4.2890623307559395,4.2890623307559395,8.578124661511879,-8.154838884166793e-06,False,True,8.578132816350763,8.578132816350763,4.2890623307559395,4.2890623307559395,8.578124661511879,-8.154838884166793e-06,False,True
pool1frz0ds4nhg4t0e30jadc5kwx35kzj2vfp9eak9ehh2727m4dqnv,,1233716.869437,100.0,550.0,345.0,0.025,True,366.40763344871937,345.5444959237314,183.20378128114217,183.20378128114217,366.40756256228434,20.863066638552937,True,False,366.40763344871937,177.4319751408367,183.20378128114217,172.77224706037944,345.5444941207589,168.11251897992219,True,False
pool1fs2m5rmlx66crcwwrrsf2pcxjhvk7kzdurcqusd3v5gm65cufnj,BIRD,23591196.265875,125000.0,134211.175897,340.0,0.0,True,7009.839065541025,377.9449576842731,3504.074722161515,358.00053648409255,716.0010729681851,338.056115283912,True,False,7009.839065541025,208.9120938839534,3504.074722161515,188.96767268377283,377.93534536754566,169.02325148359228,True,False
pool1fsck5keruz5n4qyes46s9rvrnxcrn8hukemgxazzlxpp6g66fzh,,104.134531,0.0,0.0,345.0,0.06,True,0.030927413935721435,0.030927413935721435,0.015463706967860718,0.015463706967860718,0.030927413935721435,0.0,False,False,0.030927413935721435,0.030927413935721435,0.015463706967860718,0.015463706967860718,0.030927413935721435,0.0,False,False
pool1fspfv7z8l8755une5vt8drk7aufenxlucnl0p09sy8vxjw5kz3y,,1525.080999,1000.0,0.0,340.0,0.001,False,0.0,0.0,0.0,0.0,0.0,0.0,False,False,0.0,0.0,0.0,0.0,0.0,0.0,False,False
pool1ft4xjlz9uw0r0ewcgtkgeakqrfc5azxmxwsm5pt94dv67mw4rgd,1LOVE,55298409.180879,712000.0,826006.52452,340.0,0.01,True,16468.42132718145,739.7894366473047,8222.888345335617,535.4001217356637,1070.8002434713273,331.01080682402267,True,False,16468.42132718145,574.0033769239951,8222.888345335617,369.6140620123541,739.2281240247082,165.2247471007131,True,False
pool1ft4z335t0eclqwlxdktam5wphf47swfpzgxe4fslnjz5y70hq2p,MDRS,12825.377957,1100.0,1112.215016,345.0,0.0,True,3.809085350872142,3.809085350872142,1.904538969638898,1.904538969638898,3.809077939277796,-7.411594346251604e-06,False,True,3.809085350872142,3.809085350872142,1.904538969638898,1.904538969638898,3.809077939277796,-7.411594346251604e-06,False,True
pool1ft6jvmft8tg3lwzg6wfsprlex3ncuq5cnckwycavqk5q63jhrhv,FRCA🍁,842985.275547,25000.0,28582.742536,170.0,0.0,True,250.3857505274957,172.72560539020049,125.18699693422542,125.18699693422542,250.37399386845084,77.64838847825035,True,False,250.3857505274957,90.60766417110091,125.18699693422542,86.36260338108592,172.72520676217184,82.11754259107093,True,False
pool1ftfgs9lp0l4l07glvemrzu86pqvxrvzsn85lc3hathlq5ddsw49,RAID6,36601.017158,30000.0,34119.485702,340.0,0.01,True,10.870539748685076,10.870539748685076,5.435212794916884,5.435212794916884,10.870425589833768,-0.00011415885130716674,False,True,10.870539748685076,10.870539748685076,5.435212794916884,5.435212794916884,10.870425589833768,-0.00011415885130716674,False,True
pool1fts0a4clzu7wyhdqw48cpg2kwvstzeqddtwj34pxfw9jgvznu0q,,4503.424647,0.0,5.031048,340.0,0.075,True,1.3374936906000872,1.3374936906000872,0.6687468453000436,0.6687468453000436,1.3374936906000872,0.0,False,False,1.3374936906000872,1.3374936906000872,0.6687468453000436,0.6687468453000436,1.3374936906000872,0.0,False,False
pool1fttmappcugymuqxvayq2uew72cd8qej2gc5c9ajexsckswj3qza,,1163.423098,500.0,506.259412,170.0,0.0,True,0.3455309884917763,0.3455309884917763,0.1727653989399502,0.1727653989399502,0.3455307978799004,-1.9061187594981988e-07,False,True,0.3455309884917763,0.3455309884917763,0.1727653989399502,0.1727653989399502,0.3455307978799004,-1.9061187594981988e-07,False,True
pool1fu567g42mlv9f7enek7zeh94c0aht98w44du7s29t0elzd9yazz,,650875.719095,1000.0,8747.054844,340.0,0.01,True,193.30744919413377,193.30744919413377,96.65353787711517,96.65353787711517,193.30707575423034,-0.00037343990342719735,False,True,193.30744919413377,170.5431687466352,96.65353787711517,96.65353787711517,193.30707575423034,22.76390700759515,True,False
pool1fu69ry8k9qxfque9hng3lxcq7g30pykg38mtahah8x4mzpgls3k,BFADA,385102.561839,250.0,259.670633,340.0,0.02,True,114.37356790068307,114.37356790068307,57.1867563071303,57.1867563071303,114.3735126142606,-5.5286422465883334e-05,False,True,114.37356790068307,114.37356790068307,57.1867563071303,57.1867563071303,114.3735126142606,-5.5286422465883334e-05,False,True
pool1fu6cvwqamrfxkzc0pjsmd7mqazfqh558sckequqj3ckvgyyg5ta,KOMA,300.093772,111.0,300.093772,345.0,0.02,True,0.08912631313534614,0.08912631313534614,0.04456315053716804,0.04456315053716804,0.08912630107433608,-1.206101005180038e-08,False,True,0.08912631313534614,0.08912631313534614,0.04456315053716804,0.04456315053716804,0.08912630107433608,-1.206101005180038e-08,False,True
pool1fu6ppur5uumrpydpeswzrvfg4epr68xw39aar9rcu56tk5ukat3,,8956.278597,1000.0,645.450226,340.0,0.0499,False,0.0,0.0,0.0,0.0,0.0,0.0,False,False,0.0,0.0,0.0,0.0,0.0,0.0,False,False
pool1fuge4duc9hfgm9xvu33llsntmnfcumsyw2d0away49v8gmphfzs,FGMTK,73044778.176785,2e-06,9.820727,170.0,0.1,True,21693.919095063666,2322.39451397016,10846.959547531791,1237.697246699801,2475.394493399602,152.9999794294422,True,False,21693.919095063666,2245.894524255435,10846.959547531791,1161.197256985076,2322.394513970152,76.49998971471678,True,False
pool1futpazj04ukh0754m6wexrr9gdezmrl6e0pksyhpc9gjql44l0y,SMBU1,457.999378,50.0,347.416817,345.0,0.0,True,0.13602345591872556,0.13602345591872556,0.06801172209822437,0.06801172209822437,0.13602344419644874,-1.1722276815895327e-08,False,True,0.13602345591872556,0.13602345591872556,0.06801172209822437,0.06801172209822437,0.13602344419644874,-1.1722276815895327e-08,False,True
pool1fuu0vcmzc28lqm09m4j3llg64ghf9j36tcsp9vcy3kpnz9pg9hn,AID,8.2248,80.0,0.0,170.0,1.0,False,0.0,0.0,0.0,0.0,0.0,0.0,False,False,0.0,0.0,0.0,0.0,0.0,0.0,False,False
pool1fuzqy5r9x98826zv6wp40tr27uplemmstkd57cuw8jh5v5m90vn,247,4063902.390787,5000.0,5193.033252,170.0,0.005,True,1206.981192005905,176.50338064457742,603.484764605071,172.7185800953618,345.4371601907236,168.93377954614618,True,False,1206.981192005905,92.03645430015625,603.484764605071,88.25165375094065,176.5033075018813,84.46685320172504,True,False
pool1fv9f8phzn7hp623ypw6ctf73a98hd7nrh8wm7glpcuhf64856g2,GNP1,619055.006271,25000.0,25000.219457,170.0,0.0,True,183.8731897403656,170.56026166425332,91.93232575845718,91.93232575845718,183.86465151691436,13.304389852661046,True,False,183.8731897403656,88.99294314218122,91.93232575845718,85.27995842623551,170.55991685247102,81.5669737102898,True,False
pool1fvgmxt3688a5zl6amhvaqk9tmvk3lhxkgdsta6yj3czuy5hjwfy,ETO12,50000075.643364,0.0,0.0,340.0,1.0,True,14849.762335220981,14849.762335220981,7424.881167610491,7424.881167610491,14849.762335220981,0.0,False,False,14849.762335220981,14849.762335220981,7424.881167610491,7424.881167610491,14849.762335220981,0.0,False,False
pool1fvuy9r4ndp432yuh059q4fekh42t4d42qjhgz5qxlr8jctrp5l2,,1.0,1000.0,1.0,340.0,0.02,False,0.0,0.0,0.0,0.0,0.0,0.0,False,False,0.0,0.0,0.0,0.0,0.0,0.0,False,False
pool1fwg2x8pwwxverf0wqtk3pnqtywlah9em3ywyvhskafvm5z3e7kr,,18.269664,100.0,18.269664,345.0,0.1,False,0.0,0.0,0.0,0.0,0.0,0.0,False,False,0.0,0.0,0.0,0.0,0.0,0.0,False,False
pool1fwh9zp2hw7ppkna86n7m7ycgz66dnkdhhyqqahhv362agxj2u7g,ISPO2,75165.715939,100.0,6915.918066,345.0,0.099,True,22.32383520291931,22.32383520291931,11.161915444736145,11.161915444736145,22.32383088947229,-4.313447018233774e-06,False,True,22.32383520291931,22.32383520291931,11.161915444736145,11.161915444736145,22.32383088947229,-4.313447018233774e-06,False,True
pool1fxlf6mqxeuptm7ztwdpp2zdwm7tsfcy3fweu7euyf6aduuh6u42,SLICE,50333.091393,10000.0,10933.201503,340.0,0.02,True,14.949129880285737,14.949129880285737,7.47444903082297,7.47444903082297,14.94889806164594,-0.00023181863979715445,False,True,14.949129880285737,14.949129880285737,7.47444903082297,7.47444903082297,14.94889806164594,-0.00023181863979715445,False,True
pool1fxmancs3dmc9l0s7u7zrj8334m9nvzam5t5hnuuf4c7cjr6867m,CONGE,4902495.577084,100000.0,109304.455617,340.0,0.01,True,1456.5683309516496,375.8113831859008,728.1459120533057,352.44889506828025,704.8977901365605,329.0864069506597,True,False,1456.5683309516496,211.2637455472929,728.1459120533057,187.9012574296723,375.8025148593446,164.53876931205173,True,False
pool1fxra32qureulvqrhrdpnrl5yechhqreg2khrghv3tkl4z66t0rm,,35018155.935408,0.0,0.0,340.0,0.05,True,10400.210127032731,843.0105063516366,5200.105063516366,583.0052531758183,1166.0105063516366,323.0,True,False,10400.210127032731,681.5105063516366,5200.105063516366,421.5052531758183,843.0105063516366,161.5,True,False
pool1fy57yj7fq4n640h0r7yzchgytvx747nl85lkct7pc8faywwsyy2,,1068.093207,20000.0,1.721373,340.0,0.025,False,0.0,0.0,0.0,0.0,0.0,0.0,False,False,0.0,0.0,0.0,0.0,0.0,0.0,False,False
pool1fy5aaf5gz2646dghhm8u899mj6hyznn428sqhdx3tmqmsdy6rcz,,28066.816027,760.0,2191.292824,340.0,0.01,True,8.335722190035323,8.335722190035323,4.16785513231408,4.16785513231408,8.33571026462816,-1.1925407163104751e-05,False,True,8.335722190035323,8.335722190035323,4.16785513231408,4.16785513231408,8.33571026462816,-1.1925407163104751e-05,False,True
pool1fyp482ntshhm9zfz4nv7pmsaeakscf5mnuzcxuvtqf6t56fc7l0,KYSN,3495328.26376,100.0,19943.261445,170.0,0.019,True,1038.094711196712,191.35277078722496,519.0472551764676,178.58561391696378,357.17122783392756,165.8184570467026,True,False,1038.094711196712,108.44353979376812,519.0472551764676,95.67638292350694,191.35276584701387,82.90922605324575,True,False
pool1g04psph8yjpqrgvtltqxrgh6vtl3uklvl46ng6ttrdhwjuvelna,,92.633094,90.0,92.633094,345.0,0.0,True,0.027511547256561478,0.027511547256561478,0.01375577356019009,0.01375577356019009,0.02751154712038018,-1.361812988764921e-10,False,True,0.027511547256561478,0.027511547256561478,0.01375577356019009,0.01375577356019009,0.02751154712038018,-1.361812988764921e-10,False,True
pool1g0fvxf4ewt0j3hplp09dv4ak2uv5ay3ftw8upk80d8kx2ca5syn,,148.091537,100.0,148.091303,345.0,0.01,True,0.04398242155350334,0.04398242155350334,0.021991209395021485,0.021991209395021485,0.04398241879004297,-2.7634603702586524e-09,False,True,0.04398242155350334,0.04398242155350334,0.021991209395021485,0.021991209395021485,0.04398241879004297,-2.7634603702586524e-09,False,True
pool1g0hsnjnt0du3kp33gjua3npncngr3yg4ak2zfdhd4zvmy6r8hyd,EGGS,733370.078492,225000.0,255951.775633,300.0,0.02,True,217.93910243533526,217.93910243533526,108.93648128312155,108.93648128312155,217.8729625662431,-0.06613986909215441,False,True,217.93910243533526,174.59582392558974,108.93648128312155,108.93648128312155,217.8729625662431,43.27713864065336,True,False
pool1g0nq3m3fnvd245k4favcvutn09vce0yshg535f68d2xa54vy0cc,1PCT3,10666285.527986,50000.0,60422.062749,340.0,0.01,True,3168.4417393433782,384.1466668119413,1584.068212749499,359.4175697931574,718.8351395863148,334.68847277437345,True,False,3168.4417393433782,216.800047736723,1584.068212749499,192.07095071793904,384.1419014358781,167.34185369915508,True,False
pool1g0t2a93g5e2j7wj0clmk73fhd8cjcj4xn383yt7xvdyhq37m0kk,,107.845589,0.0,0.0,345.0,0.06,True,0.032029578854536604,0.032029578854536604,0.016014789427268302,0.016014789427268302,0.032029578854536604,0.0,False,False,0.032029578854536604,0.032029578854536604,0.016014789427268302,0.016014789427268302,0.032029578854536604,0.0,False,False
pool1g2htk67ngtrw5mz6npgu3tugmcuqfgu0lxm8m26d7x79w75xupn,,341.036001,100000.0,27.560169,340.0,0.0,False,0.0,0.0,0.0,0.0,0.0,0.0,False,False,0.0,0.0,0.0,0.0,0.0,0.0,False,False
pool1g2y0j7rsv7dpu8p6jt2dva3rxfqjl2zu0ag9dd0cfm8guzg0lh0,SOCIO,6284504.944229,0.0,2307.468613,340.0,0.03,True,1866.4652726121967,386.33761318612636,933.2326363060984,358.0082606029398,716.0165212058796,329.67890801975324,True,False,1866.4652726121967,221.49815917624977,933.2326363060984,193.16880659306318,386.33761318612636,164.8394540098766,True,False
pool1g2zsavkscwrzz0tqqwwykkyganyedlzgqc63fneq6nvzc7rwdzp,RBA,136.613397,100.0,106.633769,345.0,0.999,True,0.040573472370661876,0.040573472370661876,0.02028673513338079,0.02028673513338079,0.04057347026676158,-2.1039002970346665e-09,False,True,0.040573472370661876,0.040573472370661876,0.02028673513338079,0.02028673513338079,0.04057347026676158,-2.1039002970346665e-09,False,True
pool1g3ssnndd8e7lcmstkjl9ane9mup0eshv3aklg63u5tznwl4ch87,VRSTK,48460909.024554,1000.0,1496.999256,400.0,0.04,True,14392.693550062462,960.1226985141549,7196.332851705061,672.0548608656156,1344.1097217312313,383.9870232170764,True,False,14392.693550062462,768.1286295596705,7196.332851705061,480.0607919111312,960.1215838222624,191.99295426259198,True,False
pool1g43yqk4yuflm07faedr9qsgwdvjuw4welxae2vcv7ymyj27q8mg,,92.090039,100000.0,92.090039,340.0,0.1,False,0.0,0.0,0.0,0.0,0.0,0.0,False,False,0.0,0.0,0.0,0.0,0.0,0.0,False,False
pool1g4th3pqfzh4zajzrhlh8y6wpuztrkzxwt5wd7q578894j06gwfc,FEEL,3488028.578752,25000.0,31595.09431,340.0,0.0,True,1036.0258699174171,346.30470837773606,517.988048699751,341.6122428637708,683.2244857275416,336.91977734980554,True,False,1036.0258699174171,177.84459427930796,517.988048699751,173.15212876534267,346.30425753068533,168.45966325137738,True,False
pool1g50v6e6e0dpmt35lllufjnpqmdklsm3nrshzw4z4advqqjxfcpx,,24575.953354,2100.0,2616.256829,340.0,0.02,True,7.2989845323741305,7.2989845323741305,3.649478704656392,3.649478704656392,7.298957409312784,-2.7123061346223665e-05,False,True,7.2989845323741305,7.2989845323741305,3.649478704656392,3.649478704656392,7.298957409312784,-2.7123061346223665e-05,False,True
pool1g59d82m8c84f2ds6l50mng863h9cxfm88khxyhna2l9rzgv6030,FGMTB,21.86748,2e-06,5.046709,170.0,0.1,True,0.006494527792045418,0.006494527792045418,0.003247263896022696,0.003247263896022696,0.006494527792045392,-2.6020852139652106e-17,False,False,0.006494527792045418,0.006494527792045418,0.003247263896022696,0.003247263896022696,0.006494527792045392,-2.6020852139652106e-17,False,False
pool1g5gcxs48ur9y6kvycy44e9n8wn254fltvjklcf29jxfp23x2wjx,,701.407805,0.0,3.582106,345.0,0.025,True,0.20831446893423647,0.20831446893423647,0.10415723446711823,0.10415723446711823,0.20831446893423647,0.0,False,False,0.20831446893423647,0.20831446893423647,0.10415723446711823,0.10415723446711823,0.20831446893423647,0.0,False,False
pool1g5gmej3cj67td4pmvmacnls8nuq0gjld2pwfeg3jwpxujdx6lmu,SKY,10874643.663351,5.0,32837.418502,340.0,0.01,True,3229.712653981114,377.53573573380305,1614.8563113685482,356.5596636524309,713.1193273048618,335.5835915710588,True,False,3229.712653981114,209.74393974535258,1614.8563113685482,188.76786766398047,377.53573532796094,167.79179558260836,True,False
pool1g5k0fks847av9zdayg05htnj8wx0ah7jmnwwqlt63rjdzyjr93n,ADAMS,12450.996009,5000.0,9630.536499,170.0,0.01,True,3.6979238566569497,3.6979238566569497,1.8489512228388285,1.8489512228388285,3.697902445677657,-2.141097929264646e-05,False,True,3.6979238566569497,3.6979238566569497,1.8489512228388285,1.8489512228388285,3.697902445677657,-2.141097929264646e-05,False,True
pool1g637quu9s4v8e30s8y2jg8zfejsne9s8mg985q62y8jfu4khtqg,,220.848661,220.22022,220.82511,340.0,0.0,True,0.065590903486913,0.065590903486913,0.03279545170363446,0.03279545170363446,0.06559090340726892,-7.964408299532266e-11,False,True,0.065590903486913,0.065590903486913,0.03279545170363446,0.03279545170363446,0.06559090340726892,-7.964408299532266e-11,False,True
pool1g6czdusgxwskqy8evsnxvqkg2a70rpjtv0maauldl5uusmhm94a,ALRES,146.13907,100.0,146.13907,340.0,0.05,True,0.04340254878804004,0.04340254878804004,0.02170127306838644,0.02170127306838644,0.04340254613677288,-2.651267164144322e-09,False,True,0.04340254878804004,0.04340254878804004,0.02170127306838644,0.02170127306838644,0.04340254613677288,-2.651267164144322e-09,False,True
pool1g6g2d09le8hd6nv9jhyavewdnw8tu0ndst4lqysd00ru24cav0a,ONYX,2654710.241678,0.0,209.131048,170.0,0.05,True,788.4351303581959,200.96803926683518,394.21756517909796,181.22765836209658,362.45531672419315,161.48727745735798,True,False,788.4351303581959,120.2244005381562,394.21756517909796,100.48401963341759,200.96803926683518,80.74363872867897,True,False
pool1g6rm3p7695z7xfhp629hcsj09njun2fnsz03pjrshw8rgs7pluc,,28137.191642,1.0,1.378163,340.0,0.15,True,8.356599563194653,8.356599563194653,4.178299773513494,4.178299773513494,8.356599547026988,-1.6167664540489568e-08,False,True,8.356599563194653,8.356599563194653,4.178299773513494,4.178299773513494,8.356599547026988,-1.6167664540489568e-08,False,True
pool1g6rugsgxrl7ylqnuw2qvma0kuk63wc4yv43a4tmw3qaawgu87c0,,153.60697,1.0,3.085023,340.0,0.99,True,0.04562047110833316,0.04562047110833316,0.02281023551032094,0.02281023551032094,0.04562047102064188,-8.769127785024367e-11,False,True,0.04562047110833316,0.04562047110833316,0.02281023551032094,0.02281023551032094,0.04562047102064188,-8.769127785024367e-11,False,True
pool1g7757qwvwzpqn35xfxqmhmw3nz8xe8rcptuqqwkv3cfzk38gedd,eth2s,13839.468452,100.0,12069.10563,340.0,0.0,True,4.110251707898136,4.110251707898136,2.0551254591984875,2.0551254591984875,4.110250918396975,-7.895011613356928e-07,False,True,4.110251707898136,4.110251707898136,2.0551254591984875,2.0551254591984875,4.110250918396975,-7.895011613356928e-07,False,True
pool1g79uyzvt9mm3z7jdcxnp36n4egm4z6l8c6n9l2mk8ae2yf5zman,ABC,66045.57808,10000.0,0.0,340.0,0.02,False,0.0,0.0,0.0,0.0,0.0,0.0,False,False,0.0,0.0,0.0,0.0,0.0,0.0,False,False
pool1g7axcymry0dz86usn9np76gm2tankhh478k2x3uc7v0pugcv2xp,,24925.11543,500.0,867.999447,170.0,0.02,True,7.402643642365713,7.402643642365713,3.701318312348099,3.701318312348099,7.402636624696198,-7.017669514830516e-06,False,True,7.402643642365713,7.402643642365713,3.701318312348099,3.701318312348099,7.402636624696198,-7.017669514830516e-06,False,True
pool1g8w64u3sx9mrvhwrdfvysw4g4wnffkjfp5zds3ur6svwzdhwhx9,KNGHT,326777.05097,30000.0,50339.017312,170.0,0.015,True,97.06132047575525,97.06132047575525,48.52810058517925,48.52810058517925,97.0562011703585,-0.005119305396746654,False,True,97.06132047575525,87.01105963230418,48.52810058517925,48.52810058517925,97.0562011703585,10.045141538054324,True,False
pool1g8y2gz4sk7xhyaj469jlj3njyu5dlvqa7t7v9c2gk0yc69879z8,1PCT0,7797449.13451,50000.0,60019.984553,340.0,0.01,True,2316.247300045379,374.8222941126815,1158.0122453576575,354.4137138074598,708.8274276149197,334.00513350223815,True,False,2316.247300045379,207.81776436532644,1158.0122453576575,187.4091840601048,374.8183681202096,167.00060375488314,True,False
pool1ga0h4pv0psju8z3j7l852elq92c7xshuspt27jklnx665r4l2q8,,14.776577,1.0,14.776577,500.0,0.01,True,0.00438856650807584,0.00438856650807584,0.0021942832500797603,0.0021942832500797603,0.0043885665001595206,-7.91631950963767e-12,False,True,0.00438856650807584,0.00438856650807584,0.0021942832500797603,0.0021942832500797603,0.0043885665001595206,-7.91631950963767e-12,False,True
pool1ga8rg7snafqj5t24zf4xr8cz7tl576ett05qf93qhcamgmkqmj3,,494.831058,250.0,494.616908,340.0,0.005,True,0.14696232015641328,0.14696232015641328,0.07348114249238097,0.07348114249238097,0.14696228498476194,-3.5171651341370236e-08,False,True,0.14696232015641328,0.14696232015641328,0.07348114249238097,0.07348114249238097,0.14696228498476194,-3.5171651341370236e-08,False,True
pool1gaq7x3ejv47cykw2wrcyt99f3gcy3ayyuxsf6gqvd8j2jf90w4h,,2.646822,25000.0,2.646822,340.0,0.025,False,0.0,0.0,0.0,0.0,0.0,0.0,False,False,0.0,0.0,0.0,0.0,0.0,0.0,False,False
pool1gas95lqlch5pj5e4lwg78gxlq7km9xfurfd557x4tgwk5kktd04,NEDS3,10789584.719794,250000.0,255343.788166,340.0,0.02,True,3207.488660925532,463.85386280995885,1602.983547642024,394.5513547001791,789.1027094003582,325.24884659039935,True,False,3207.488660925532,301.1965794402304,1602.983547642024,231.89407133045066,463.7881426609013,162.59156322067093,True,False
pool1gavc60d7mz7vvhsh7grcrc8pmcy0zugrnxh3dklwx0sjsdva6sj,CHILD,107.825567,10.0,10.0,340.0,0.05,True,0.03202363354895721,0.03202363354895721,0.016011816493415095,0.016011816493415095,0.03202363298683019,-5.621270185440785e-10,False,True,0.03202363354895721,0.03202363354895721,0.016011816493415095,0.016011816493415095,0.03202363298683019,-5.621270185440785e-10,False,True
pool1gaztx97t53k47fr7282d70tje8323vvzx8pshgts30t9krw62tm,TW001,114176461.996014,100.0,8655.681386,340.0,0.1,True,23025.396356854464,2610.087431120623,16954.910879059717,2002.624701919584,4005.249403839168,1395.1619727185448,True,False,23025.396356854464,2457.0990300021167,16954.910879059717,1849.6363008010776,3699.272601602155,1242.1735716000385,True,False
pool1gclysx2h7fndj0jdajlmwvqr8q9tzu3rurjknacu0ff954fsg9a,1PCT0,64761837.247187,50000.0,65347.845266,340.0,0.01,True,19237.649614249014,547.8544577325515,9617.894286530583,442.0471712192547,884.0943424385094,336.23988470595793,True,False,19237.649614249014,379.724280622478,9617.894286530583,273.91699410918125,547.8339882183625,168.10970759588452,True,False
pool1gcqq0gt4hmgvq942x0s57lf3f4mhtexuuzgjrsmtj0kmsmqz32z,,11.0,45000.0,11.0,480.0,0.008,False,0.0,0.0,0.0,0.0,0.0,0.0,False,False,0.0,0.0,0.0,0.0,0.0,0.0,False,False
pool1gd3nuzly536f20e4kpm4ctkgv0ywes37qms6g7cy2f0xxf56nh7,TKS,111.625658,100.0,111.625658,340.0,0.05,True,0.03315224101740204,0.03315224101740204,0.016576120174677068,0.016576120174677068,0.033152240349354135,-6.680479017195928e-10,False,True,0.03315224101740204,0.03315224101740204,0.016576120174677068,0.016576120174677068,0.033152240349354135,-6.680479017195928e-10,False,True
pool1gdgjzmp96kk0d0sj482655wqlq8jtc4t9xw8xzfwfx4tjyq73hw,LUNA9,2869997.046427,250000.0,251861.355971,340.0,0.02,True,853.1296038286378,394.3925216214955,426.3756164133228,349.15594724661537,698.3118944932307,303.9193728717352,True,False,853.1296038286378,242.4127812336114,426.3756164133228,197.1762068587313,394.3524137174626,151.93963248385117,True,False
pool1gduk8s5stt3uej5nl9vs7marx8jjyeadwz3505gzvuqey2lch35,TCATL,2514.018865,200.0,1961.80621,340.0,0.0,True,0.7466510553227326,0.7466510553227326,0.37332539469227016,0.37332539469227016,0.7466507893845403,-2.659381922454074e-07,False,True,0.7466510553227326,0.7466510553227326,0.37332539469227016,0.37332539469227016,0.7466507893845403,-2.659381922454074e-07,False,True
pool1gdyn4dggh5c9yn5cjve3dlljjkpwzdt2g4au8aszgwd6y97wde8,SYNK,41411.564629,100.0,20852.390502,340.0,0.99,True,12.29902399433222,12.29902399433222,6.149510810237808,6.149510810237808,12.299021620475616,-2.373856604620528e-06,False,True,12.29902399433222,12.29902399433222,6.149510810237808,6.149510810237808,12.299021620475616,-2.373856604620528e-06,False,True
pool1ge9c0gw40pzkcuj0xx6kevxz0hvwce7ac207lw2dtd58y957f74,CSPMX,1336.641259,100.0,0.0,345.0,0.06,False,0.0,0.0,0.0,0.0,0.0,0.0,False,False,0.0,0.0,0.0,0.0,0.0,0.0,False,False
pool1gecx8vya3f8lyre2gn9w53547p0rhkmq0x78zrw956lkcvn8uyp,LQWD,18325629.912921,10000000.0,16060088.804858,250.0,1.0,True,5565.463682529721,5565.463682529721,2748.6244572464293,2748.6244572464293,5497.248914492859,-68.21476803686255,False,True,5565.463682529721,5565.463682529721,2748.6244572464293,2748.6244572464293,5497.248914492859,-68.21476803686255,False,True
pool1gf8a46j6hvhad8e48hez4084x34snpua8k7t3kzy9w42q6w60z8,GRADA,759788.062145,30000.0,48813.994498,170.0,0.0,True,225.6782728349957,173.57715399759326,112.83284233584229,112.83284233584229,225.66568467168457,52.08853067409132,True,False,225.6782728349957,94.03813678878926,112.83284233584229,86.78817262383654,173.5763452476731,79.53820845888383,True,False
pool1gglca5t7h2tky6jrhp08sxsf3mecvh0xk6sc4v3mcpfzc8jwu2w,,4.664004,10000.0,0.0,340.0,0.009,False,0.0,0.0,0.0,0.0,0.0,0.0,False,False,0.0,0.0,0.0,0.0,0.0,0.0,False,False
pool1gha260s6hx855p49fc735w78p0kcp4hyxl8glymp5k5muk9jkgm,NSPYR,762856.451565,100000.0,100905.376265,340.0,0.04,True,226.6406886890354,226.6406886890354,113.30125735458924,113.30125735458924,226.60251470917848,-0.03817397985690718,False,True,226.6406886890354,179.45798463211747,113.30125735458924,113.30125735458924,226.60251470917848,47.144530077061006,True,False
pool1ghfmak7eu4t6f7ep8jkspt586l828z54xnxfw732yxlngtny0uh,NOBLE,96440.397709,50000.0,56174.79944,340.0,0.008,True,28.64496851771147,28.64496851771147,14.32181577714552,14.32181577714552,28.64363155429104,-0.0013369634204281056,False,True,28.64496851771147,28.64496851771147,14.32181577714552,14.32181577714552,28.64363155429104,-0.0013369634204281056,False,True
pool1ghsq6nqsdmxxep9jrfml0j6jk935uhq7d9l5a0ltllev7nk2fa0,,1162.10863,25000.0,30048.666834,340.0,0.0,True,0.3444553394390997,0.3444553394390997,0.17239888779215448,0.17239888779215448,0.34479777558430896,0.00034243614520929055,True,False,0.3444553394390997,0.3444553394390997,0.17239888779215448,0.17239888779215448,0.34479777558430896,0.00034243614520929055,True,False
pool1gjmerqh4wxl553enqeqgc6m3r3gt6yspdg29jy6nuypa6k2tpdt,NPY,2534.400511,0.0,0.0,340.0,0.13,True,0.7527037662713526,0.7527037662713526,0.3763518831356763,0.3763518831356763,0.7527037662713526,0.0,False,False,0.7527037662713526,0.7527037662713526,0.3763518831356763,0.3763518831356763,0.7527037662713526,0.0,False,False
pool1gk20vlqg7qq868avysckjcjtwyphtjurfwlgra45670ny6r4fww,GCN,35010773.902622,0.0,0.0,340.0,0.05,True,10398.01770170112,842.900885085056,5199.00885085056,582.950442542528,1165.900885085056,323.0,True,False,10398.01770170112,681.400885085056,5199.00885085056,421.450442542528,842.900885085056,161.5,True,False
pool1glll6eskvg5f4jcep5trqcgqa8zpekfv8d8a6jrprvcwum6u5jn,MZS,118911.036565,10000.0,12891.475307,170.0,0.0,True,35.31721104123175,35.31721104123175,17.658292541309628,17.658292541309628,35.316585082619255,-0.0006259586124954808,False,True,35.31721104123175,35.31721104123175,17.658292541309628,17.658292541309628,35.316585082619255,-0.0006259586124954808,False,True
pool1gm4mcrf8mytfetsj6ykulrmv4j70y7fhceawgdg2h09t5rtt7cf,ALTZ,1899400.123914,500000.0,1069449.999383,170.0,0.02,True,564.9231195838212,395.81122031149505,282.2578887636193,234.18740659705713,468.37481319411427,72.56359288261922,True,False,564.9231195838212,359.4129677774426,282.2578887636193,197.78915406300467,395.57830812600935,36.16534034856676,True,False
pool1gmwp956mrfn5hcs7rp7nasa7xpwmx84kkkclyx48xwuh5dltmpj,OBLUE,2358.794577,100.0,131.285137,340.0,0.0,True,0.700549977073226,0.700549977073226,0.3502749236388669,0.3502749236388669,0.7005498472777338,-1.2979549213198993e-07,False,True,0.700549977073226,0.700549977073226,0.3502749236388669,0.3502749236388669,0.7005498472777338,-1.2979549213198993e-07,False,True
pool1gn4vygcs9trs7pzzdcwv6djr69eq5ux8dmwy028zk5vhcpgn8ty,NEZHA,204.237406,100.0,204.237406,340.0,0.01,True,0.06065745899401845,0.06065745899401845,0.030328726502144288,0.030328726502144288,0.060657453004288577,-5.989729871813676e-09,False,True,0.06065745899401845,0.06065745899401845,0.030328726502144288,0.030328726502144288,0.060657453004288577,-5.989729871813676e-09,False,True
pool1gnnwyf9vwcgtm3us0w0duuy43r9k7yhnchvyx0xqv9766ysw2a9,A2A,4231164.239484,0.0,19878.690965,170.0,0.0,True,1256.633766032361,175.10518041949743,628.3168830161806,172.1532465217261,344.3064930434522,169.20131262395475,True,False,1256.633766032361,90.50452410752006,628.3168830161806,87.55259020974871,175.10518041949743,84.60065631197737,True,False
pool1gntlh2yq89tpsd7kgaeuremj3s60rscqahyl52qzv0x87mt22rq,KOR,2993490.024348,10000.0,14191.223855,340.0,0.0,True,889.0852552698256,342.60304584603085,444.53405408086263,340.4955640906989,680.9911281813978,338.38808233536696,True,False,889.0852552698256,173.40896403374072,444.53405408086263,171.3014822784087,342.6029645568174,169.1940005230767,True,False
pool1gplusrfxc087ep94rata3m02qpyqa6a6g4wezxf4fwwnczzyg3l,,19915.568179,15000.0,16343.792032,170.0,0.0,True,5.914904940426579,5.914904940426579,2.9574312608643027,2.9574312608643027,5.9148625217286055,-4.2418697973722885e-05,False,True,5.914904940426579,5.914904940426579,2.9574312608643027,2.9574312608643027,5.9148625217286055,-4.2418697973722885e-05,False,True
pool1gppqnqfguctp6gu0q8l5wjhye0ny28yzfx93hkr384cfsezru0f,CAPEX,3050046.916677,150000.0,213434.397454,340.0,0.0,True,906.3490122718807,379.6316396059287,453.04914241992236,347.9108867024824,695.8217734049648,316.1901337990361,True,False,906.3490122718807,221.5278000776866,453.04914241992236,189.80704717424032,379.61409434848065,158.08629427079404,True,False
pool1gprrm7gehg9wlupqsvyf59l52q8wgr3y46p656r66t7zy7j2z66,MILK,17.427226,1111.0,10.689635,340.0,0.01,False,0.0,0.0,0.0,0.0,0.0,0.0,False,False,0.0,0.0,0.0,0.0,0.0,0.0,False,False
pool1gpz25s2aasmqnh9tg8a2rxmyxuvmj5s779htxk295e9ajnzjflc,MUGGY,503639.347429,10000.0,71507.186863,340.0,0.0,True,149.5839398115054,149.5839398115054,74.79055134647056,74.79055134647056,149.58110269294113,-0.0028371185642583896,False,True,149.5839398115054,149.5839398115054,74.79055134647056,74.79055134647056,149.58110269294113,-0.0028371185642583896,False,True
pool1gq07hfmull6etsr23l36cvwgfkym6jqn4q2dz5vz4y446yat70t,MKM,1941746.450507,0.0,0.0,340.0,1.0,True,576.6885936524536,576.6885936524536,288.3442968262268,288.3442968262268,576.6885936524536,0.0,False,False,576.6885936524536,576.6885936524536,288.3442968262268,288.3442968262268,576.6885936524536,0.0,False,False
pool1gqf605yxhmyfasdjhf8yxcesztgzuek9gfuvy2dnyj5cyp8zga3,OLEUM,264605.204446,1.0,7.310247,170.0,0.0,True,78.58636938706134,78.58636938706134,39.293184617507016,39.293184617507016,78.58636923501403,-1.5204730630102858e-07,False,True,78.58636938706134,78.58636938706134,39.293184617507016,39.293184617507016,78.58636923501403,-1.5204730630102858e-07,False,True
pool1gqgyta9sku3crjzfl9kj7kxsgfkt98y98yeu09kx22zscrezuj7,FORTE,31092311.983577,2000000.0,2026129.211247,170.0,0.019,True,9302.96678969696,927.3679296569547,4634.0749718137,540.1915595543464,1080.3831191086929,153.01518945173814,True,False,9302.96678969696,849.4167096977915,4634.0749718137,462.24033959518323,924.4806791903665,75.06396949257498,True,False
pool1gqk5pzqmrc9c6030m5sj2s3560ymm5ymq3hqjmz6vfdmx4mw5gs,HIST,265821.659157,500.0,3623.030342,340.0,0.01,True,78.94780226395356,78.94780226395356,39.47386301671404,39.47386301671404,78.94772603342808,-7.623052547955922e-05,False,True,78.94780226395356,78.94780226395356,39.47386301671404,39.47386301671404,78.94772603342808,-7.623052547955922e-05,False,True
pool1gqmjahruyhxvec59g9wh0z67aqxa2k3n4al4lyafv08xk90zl2z,,1100.522781,11000.0,12182.171449,340.0,0.015,True,0.3267243963512988,0.3267243963512988,0.1633934839328182,0.1633934839328182,0.3267869678656364,6.257151433758379e-05,True,False,0.3267243963512988,0.3267243963512988,0.1633934839328182,0.1633934839328182,0.3267869678656364,6.257151433758379e-05,True,False
pool1gqp9e65nqy0q08dvqst6mk9fyc96sdels5drncsdz5d82dpw5gg,,107.26174,100.0,107.25608,340.0,0.0095,True,0.03185617957364136,0.03185617957364136,0.01592808957817706,0.01592808957817706,0.03185617915635412,-4.1728723948475377e-10,False,True,0.03185617957364136,0.03185617957364136,0.01592808957817706,0.01592808957817706,0.03185617915635412,-4.1728723948475377e-10,False,True
pool1gqvrgg7zycvf65ydkjeph72t0yx0f5ykzd9f477zh4f3smwk997,SAND,2957548.329397,100000.0,652113.757969,170.0,0.01,True,878.705307113087,331.78779346316804,439.27038869197736,231.47077155229073,462.94154310458146,131.1537496414134,True,False,878.705307113087,266.1921386914943,439.27038869197736,165.87511678061693,331.75023356123387,65.55809486973959,True,False
pool1grgycym8cf0xmgjjr7gx7udmkpu93hqaygysy5myx6ghx8dvl5r,THOR,14529789.385548,100000.0,101009.435003,340.0,0.03,True,4316.932342447232,486.12573396892174,2158.0507800545756,406.80123817866297,813.6024763573259,327.4767423884042,True,False,4316.932342447232,322.3720999202797,2158.0507800545756,243.04760413002094,486.0952082600419,163.72310833976218,True,False
pool1grhujlggx90ln0jcnrey4adckysxdx6rqfmx9s6fnhtc2g0qym0,,104120.507816,10000.0,0.0,340.0,0.99,False,0.0,0.0,0.0,0.0,0.0,0.0,False,False,0.0,0.0,0.0,0.0,0.0,0.0,False,False
pool1grnz2afeg7st9480vlzqc25gavvs4n34ndtktne8pnp8yutsmfv,ADAS,824.076982,7098.754104,220.122395,345.0,0.0,False,0.0,0.0,0.0,0.0,0.0,0.0,False,False,0.0,0.0,0.0,0.0,0.0,0.0,False,False
pool1grz62pdyyakffeymsjxpkz4x9382y3zhfa8zu28tk2fpqxm6p5l,KAWAN,399529.471693,30000.0,31379.031822,340.0,0.0095,True,118.670920205698,118.670920205698,59.33227300941669,59.33227300941669,118.66454601883338,-0.006374186864618991,False,True,118.670920205698,118.670920205698,59.33227300941669,59.33227300941669,118.66454601883338,-0.006374186864618991,False,True
pool1gseulah8qjuemuuh6wf2a2t2k2na7k8xrewdslcljprmcr2fqeq,,10.277188,100.0,2.62293,340.0,0.02,False,0.0,0.0,0.0,0.0,0.0,0.0,False,False,0.0,0.0,0.0,0.0,0.0,0.0,False,False
pool1gsfu7c2ac6rh45dn836myms9flp99y0erppqez80nwehk9c70eu,BZONE,500.647786,500.0,500.647786,340.0,0.04,True,0.14868978814126393,0.14868978814126393,0.07434489397687824,0.07434489397687824,0.14868978795375648,-1.8750745400808455e-10,False,True,0.14868978814126393,0.14868978814126393,0.07434489397687824,0.07434489397687824,0.14868978795375648,-1.8750745400808455e-10,False,True
pool1gslrt6mmljsqkzft6nd0q7w7g2fyhxpxx6sj4ff68x22kwx6unm,GOOF,979698.152766,50000.0,92414.241308,170.0,0.0,True,291.018713161406,181.41561054219224,145.49598734821754,145.49598734821754,290.9919746964351,109.57636415424284,True,False,291.018713161406,104.43360107223685,145.49598734821754,90.7065441607495,181.413088321499,76.97948724926215,True,False
pool1gsrcrjm6ctkquef6m8jsyvplv0j357hupn92uklqdcm7729ytv6,YUMMI,496011.03248,1.0,16100.898719,340.0,0.01,True,147.3126966649899,147.3126966649899,73.65634818998589,73.65634818998589,147.31269637997178,-2.8501810334091715e-07,False,True,147.3126966649899,147.3126966649899,73.65634818998589,73.65634818998589,147.31269637997178,-2.8501810334091715e-07,False,True
pool1gtphgrdj8sluxm9e7ca2spcwcq2p0dxj9zf5v0yv3gsagzq704n,ADAFR,63162642.487696,3030000.0,4034096.211119,170.0,0.015,True,18976.966593919577,1635.2575945624862,9432.911193063976,891.6767736367943,1783.3535472735887,148.09595271110243,True,False,18976.966593919577,1556.8799754188483,9432.911193063976,813.2991544931563,1626.5983089863125,69.71833356746424,True,False
pool1gu33fszp9ek0w9fkdt2xpnp4vznvvv2vhktc0dypa8fr53lc9pc,TESLA,1671207.614983,200001.0,268774.634981,170.0,0.01,True,496.6791145206902,225.28009480914866,248.25464651473249,183.24212074266794,366.4842414853359,141.2041466761872,True,False,496.6791145206902,154.6636530163264,248.25464651473249,112.6256789498457,225.2513578996914,70.587704883365,True,False
pool1gvnkmpfu26vncrmhj6hr792kwu32hw553upadcphjwu4qewj7jz,GEN,61654.138895,100.0,51188.310871,340.0,0.0,True,18.310965563496598,18.310965563496598,9.155481013227787,9.155481013227787,18.310962026455574,-3.5370410245150197e-06,False,True,18.310965563496598,18.310965563496598,9.155481013227787,9.155481013227787,18.310962026455574,-3.5370410245150197e-06,False,True
pool1gvydgpt2nt6zchvt6fyc5h3w5g24nrrw54tskm0mkc6hqh4ye5n,AP050,496.831786,50.0,496.831786,345.0,0.02,True,0.14755648129627463,0.14755648129627463,0.0737782342291498,0.0737782342291498,0.1475564684582996,-1.28379750441443e-08,False,True,0.14755648129627463,0.14755648129627463,0.0737782342291498,0.0737782342291498,0.1475564684582996,-1.28379750441443e-08,False,True
pool1gw25vftc9nnqqgld043k2fsjsm76rkkcy2xjzqdm268cvlf698l,,1470.941454,0.0,343.557285,170.0,0.0,True,0.4368619591043239,0.4368619591043239,0.21843097955216195,0.21843097955216195,0.4368619591043239,0.0,False,False,0.4368619591043239,0.4368619591043239,0.21843097955216195,0.21843097955216195,0.4368619591043239,0.0,False,False
pool1gwljutrkqx7km7ec2e8u93y0tvd8w07mgz2aaeqj75h9q7tntmq,,220.566414,0.0,2.300524,340.0,0.075,True,0.0655070774371251,0.0655070774371251,0.03275353871856255,0.03275353871856255,0.0655070774371251,0.0,False,False,0.0655070774371251,0.0655070774371251,0.03275353871856255,0.03275353871856255,0.0655070774371251,0.0,False,False
pool1gwnu7f7qgaruxph8gn3u28qphvquvnj63elyd3r0nndacj9g9pa,JAZZ2,18624300.931468,50000.0,98144.423508,340.0,0.05,True,5532.388491454294,625.6136231280657,2765.927157010018,473.4410639532746,946.8821279065492,321.2685047784835,True,False,5532.388491454294,464.96467920017636,2765.927157010018,312.7921200253852,625.5842400507704,160.61956085059404,True,False
pool1gx6eawfvnhckevmlzhfz9j3uzj92j2wgww0mdd2fu5d4zd4wvaa,BSSP2,962741.783034,10000.0,553599.973344,170.0,0.01,True,285.94025154025934,237.16118625466544,142.96738790461154,142.96738790461154,285.9347758092231,48.773589554557645,True,False,285.94025154025934,201.39948577365746,142.96738790461154,118.57900715271597,237.15801430543195,35.75852853177449,True,False
pool1gyrvar6gwyad7u2rsryeg49dgqtsp99k4903knwj5eq9qmu5jlj,YOOU,486918.512034,100000.0,102786.714233,170.0,0.0,True,144.65680335806053,144.65680335806053,72.31725802398519,72.31725802398519,144.63451604797038,-0.022287310090149504,False,True,144.65680335806053,97.59333265684315,72.31725802398519,72.31725802398519,144.63451604797038,47.041183391127234,True,False
pool1gztqypddgmycs0fjat62k5f2kt4zjck4l4f2ffrsmagj2w8zkq3,SGEN,1938626.932338,100000.0,234442.63764,340.0,0.01,True,575.9737033338355,370.61121416668175,287.9339181581284,287.9339181581284,575.8678363162568,205.25662214957504,True,False,575.9737033338355,222.664122328969,287.9339181581284,185.2987403903524,370.5974807807048,147.9333584517358,True,False
pool1h04mh7qugt09hp8mhjpvfl4t0rutmz703dd003e6qeny5jf9c57,P2PFI,1077164.679322,150000.0,178517.564636,170.0,0.015,True,320.0724956329223,196.74940073720754,159.99615542264962,159.99615542264962,319.99231084529924,123.2429101080917,True,False,320.0724956329223,126.90007210489182,159.99615542264962,98.36755417233339,196.73510834466677,69.83503623977495,True,False
pool1h0524mtazrjnzqh5e4u060jsfk8lpsqqjfpa5gygjwuhqu34wvt,JAZZ,19682050.336738,50000.0,98394.576182,340.0,0.05,True,5846.595381534101,641.4819307685405,2923.0153922071518,481.4181383761887,962.8362767523774,321.354345983837,True,False,5846.595381534101,480.7893021440588,2923.0153922071518,320.725509751707,641.451019503414,160.66171735935524,True,False
pool1h08araxldht60j00vp8lzllmwyevjwqd5zwyprc62536gk4s5ge,,18.737033,125000.0,7.823411,340.0,0.0275,False,0.0,0.0,0.0,0.0,0.0,0.0,False,False,0.0,0.0,0.0,0.0,0.0,0.0,False,False
pool1h0jfkyfqt729vxhq8ndxffcqn2afjhzzlwqecrvsufgu5sag0sj,RAID3,101530.8611,50000.0,64523.30551,340.0,0.01,True,30.157102358848377,30.157102358848377,15.07780949970752,15.07780949970752,30.15561899941504,-0.0014833594333367728,False,True,30.157102358848377,30.157102358848377,15.07780949970752,15.07780949970752,30.15561899941504,-0.0014833594333367728,False,True
pool1h0prd5vcdv6uk7hglztdcqfp5czjqxdydxkxkdhg8rrk22mr4ym,SIGN,555025.252348,1000.0,1176.93255,170.0,0.0,True,164.8402490858734,164.8402490858734,82.41996536239517,82.41996536239517,164.83993072479035,-0.00031836108306038113,False,True,164.8402490858734,85.1693014643059,82.41996536239517,82.41996536239517,164.83993072479035,79.67062926048445,True,False
pool1h26acqctjzuzk04uxc35mt5eavnlr5wyaqavmdqhd3s2zr8v7nm,BABYL,1594.72739,10.0,402.257168,345.0,0.02,True,0.47362575629883924,0.47362575629883924,0.2368128735963253,0.2368128735963253,0.4736257471926506,-9.106188636476276e-09,False,True,0.47362575629883924,0.47362575629883924,0.2368128735963253,0.2368128735963253,0.4736257471926506,-9.106188636476276e-09,False,True
pool1h2q3cyle9yrjv4g6qvwqyrm5vk9qj38gtqndvavpqf6lkgpqvj3,REACH,659.281602,400.0,476.6529,500.0,0.04,True,0.19580332500203576,0.19580332500203576,0.09790163270266639,0.09790163270266639,0.19580326540533277,-5.9596702989273e-08,False,True,0.19580332500203576,0.19580332500203576,0.09790163270266639,0.09790163270266639,0.19580326540533277,-5.9596702989273e-08,False,True
pool1h2vtxz36m93e2dw9mn4luh64372t794qsjcpgt3fqpnycc8qh3z,FRITZ,445263.263332,500000.0,371832.737543,340.0,0.0,False,0.0,0.0,0.0,0.0,0.0,0.0,False,False,0.0,0.0,0.0,0.0,0.0,0.0,False,False
pool1h3aejp7fln74mwaraqjn65ve3j5zwqr7wk0pasct87wpkv0aspm,BEAST,3706225.006981,1000000.0,1009758.007639,340.0,0.03,True,1103.894595688765,564.7956291016067,551.1491677275993,402.1360725177133,804.2721450354265,239.47651593381988,True,False,1103.894595688765,444.8225008231122,551.1491677275993,282.16294423921875,564.3258884784375,119.5033876553253,True,False
pool1h40kkf28nr3amhs6nsmqn75aderg6cutmygr47czu2dw2dxzvgm,,729166.623097,30000.0,30028.357174,340.0,0.02,True,216.58280859605907,216.58280859605907,108.28537430570597,108.28537430570597,216.57074861141194,-0.012059984647123656,False,True,216.58280859605907,172.81165049279997,108.28537430570597,108.28537430570597,216.57074861141194,43.75909811861197,True,False
pool1h40xjqda9wmw9cff5jss3ww9npujkhlvg6xjy9l5ujsu5rqlw28,CHG,310477.208274,27000.0,27201.067556,170.0,0.005,True,92.21891509675159,92.21891509675159,46.10725724623727,46.10725724623727,92.21451449247454,-0.004400604277051912,False,True,92.21891509675159,85.6653851676267,46.10725724623727,46.10725724623727,92.21451449247454,6.54912932484784,True,False
pool1h4g295xugk46jdyxv4m55y9rp9kln0k5hy8fyk2kaef5u3gmt8y,,495.282744,432.0,482.590245,340.0,0.03,True,0.14709642962494543,0.14709642962494543,0.0735482069574136,0.0735482069574136,0.1470964139148272,-1.5710118234091297e-08,False,True,0.14709642962494543,0.14709642962494543,0.0735482069574136,0.0735482069574136,0.1470964139148272,-1.5710118234091297e-08,False,True
pool1h4gwh638485yd0xcw0pkrm935nvm4aecqsxjx2yzzz0u6dfj73q,SEBA,1917057.392983,0.0,46.86241,340.0,0.25,True,569.3560720153456,397.34322295551993,284.6780360076728,284.6780360076728,569.3560720153456,172.01284905982567,True,False,569.3560720153456,269.8463396891644,284.6780360076728,198.67161147775997,397.34322295551993,127.49688326635555,True,False
pool1h4n266z2xz0v754qf8uu09cda7q68gpymt5dlf4zxcvlg3hq3r7,,25.098487,0.0,25.098487,340.0,0.01,True,0.007454120061378327,0.007454120061378327,0.0037270600306891634,0.0037270600306891634,0.007454120061378327,0.0,False,False,0.007454120061378327,0.007454120061378327,0.0037270600306891634,0.0037270600306891634,0.007454120061378327,0.0,False,False
pool1h5368szqrqvfy7txc5r2lyay0xx4fvp2w38mswplqknax8l9wl2,OSADA,4845.998156,500.0,152.577729,340.0,0.015,False,0.0,0.0,0.0,0.0,0.0,0.0,False,False,0.0,0.0,0.0,0.0,0.0,0.0,False,False
pool1h59405hmvnxz2kyjpll3f65lnqhm7we3u96cws9vzzxzzws9gjc,LBA,6369323.408481,1000.0,19510.702974,340.0,0.05,True,1891.663234065316,422.09860810271425,945.8297873089545,372.0544955846617,744.1089911693234,322.01038306660917,True,False,1891.663234065316,261.0933197586031,945.8297873089545,211.04920724055052,422.09841448110103,161.00509472249792,True,False
pool1h5a30zxga37fphw3tjkp8anu3xm69a28kytceppz2prysfzfcjv,FGMTP,48398274.503951,2e-06,5.046709,170.0,0.1,True,14374.035730360922,1590.404906043769,7187.017865180434,871.7024450448777,1743.4048900897553,152.99998404598637,True,False,14374.035730360922,1513.9049140207733,7187.017865180434,795.2024530218818,1590.4049060437635,76.49999202299023,True,False
pool1h5jtxde8j86qrnqzj32ugn480u7gw5xw8wqy5d227rl3vfg58qz,PEACE,388304.761492,51000.0,153741.17101,340.0,0.024,True,115.34427884430319,115.34427884430319,57.6671913309222,57.6671913309222,115.3343826618444,-0.009896182458788871,False,True,115.34427884430319,115.34427884430319,57.6671913309222,57.6671913309222,115.3343826618444,-0.009896182458788871,False,True
pool1h5kewwuh5jh6cuq52nwu5w7g8488qsp8ja7ahs8p2ln8ygde8xf,,8247.425397,8000.0,8247.425397,340.0,0.01,True,2.449444717417313,2.449444717417313,1.2247217870705251,1.2247217870705251,2.4494435741410503,-1.1432762625496196e-06,False,True,2.449444717417313,2.449444717417313,1.2247217870705251,1.2247217870705251,2.4494435741410503,-1.1432762625496196e-06,False,True
pool1h5spwddnynn6dt2z3qz9tvkju7sn6s8ptqetyfpltsppwalukyg,CNUS,3056.710208,352.472521,1096.672568,345.0,0.14,True,0.907828124336359,0.907828124336359,0.45391378831015355,0.45391378831015355,0.9078275766203071,-5.477160518463364e-07,False,True,0.907828124336359,0.907828124336359,0.45391378831015355,0.45391378831015355,0.9078275766203071,-5.477160518463364e-07,False,True
pool1h5uycju7n5puxn2ckfkpza550rf6jk4twr6ef0hsmxft78ajt6q,IOGP,5466.199163,64000000.0,3.98148,500.0,1.0,False,0.0,0.0,0.0,0.0,0.0,0.0,False,False,0.0,0.0,0.0,0.0,0.0,0.0,False,False
pool1h5xdez7j0ncewgxs4m8fykjt9jzuy86t8e0m7m7m2l79w4jzzk2,GOOD,203.250629,1.0,12.068846,340.0,1.0,True,0.06036437961182422,0.06036437961182422,0.03018218974780331,0.03018218974780331,0.06036437949560662,-1.1621759804514298e-10,False,True,0.06036437961182422,0.06036437961182422,0.03018218974780331,0.03018218974780331,0.06036437949560662,-1.1621759804514298e-10,False,True
pool1h6l7mhtqqvkgq5hyvkrjrrwddulx7zc6mxlrsezsspymckuuext,Trump,9216.689878,1.0,463.832905,340.0,0.01,True,2.7373089535206723,2.7373089535206723,1.3686544741125686,1.3686544741125686,2.737308948225137,-5.295535121518924e-09,False,True,2.7373089535206723,2.7373089535206723,1.3686544741125686,1.3686544741125686,2.737308948225137,-5.295535121518924e-09,False,True
pool1h6q8jj55dn6727yydlypu0rz4sflf2enxhs0thqydmddgu3shl5,HAZEL,4060955.819648,350000.0,433860.314052,170.0,0.03,True,1207.5828020514382,308.6541452061233,603.4154664480415,227.91812557094332,455.83625114188663,147.18210593576333,True,False,1207.5828020514382,235.01285539216227,603.4154664480415,154.27683575698222,308.55367151396445,73.54081612180218,True,False
pool1h7eevnu53zdfujqfzldw4jgdjh475u0glvtruwrnmdmycn6jdzs,,805280.503823,100.0,7789.314918,340.0,0.01,True,239.16421261055098,239.16421261055098,119.58208317152267,119.58208317152267,239.16416634304534,-4.6267505638297735e-05,False,True,239.16421261055098,171.3539634069713,119.58208317152267,119.58208317152267,239.16416634304534,67.81020293607403,True,False
pool1h7nugww5y2q74435nadg6gggsj20nj5v3dq0w2gjwp3qvrpvgzh,DOGE,27.597982,500.0,27.597982,340.0,0.01,False,0.0,0.0,0.0,0.0,0.0,0.0,False,False,0.0,0.0,0.0,0.0,0.0,0.0,False,False
pool1h8625k6vszveym92qandxwjv3wmnekc548yzcepr5w88ys824pg,,77.848386,1.0,77.848386,568.8,1.0,True,0.023120565715581153,0.023120565715581153,0.011560282835711203,0.011560282835711203,0.023120565671422406,-4.415874610419479e-11,False,True,0.023120565715581153,0.023120565715581153,0.011560282835711203,0.011560282835711203,0.023120565671422406,-4.415874610419479e-11,False,True
pool1h8fnr4vlfcv9l4jlv9epalghy3zgjpye4wv85c4rafpvvfztsk7,JANUS,663668.37377,250000.0,313131.201333,340.0,0.0,True,197.22552047954235,197.22552047954235,98.58281681144139,98.58281681144139,197.16563362288278,-0.05988685665957405,False,True,197.22552047954235,182.84551181224398,98.58281681144139,98.58281681144139,197.16563362288278,14.320121810638796,True,False
pool1h92eaq3wksa7j3ecd8llyxva9kuyuz5ucm7a8hpwz8vhzj0wtsf,SSX,233851.270924,5000.0,20336.239496,300.0,0.03,True,69.45392594327733,69.45392594327733,34.72663418189472,34.72663418189472,69.45326836378943,-0.0006575794878926899,False,True,69.45392594327733,69.45392594327733,34.72663418189472,34.72663418189472,69.45326836378943,-0.0006575794878926899,False,True
pool1h9jr0f9evk3raxlljq6mt4gj7ej4v82afvnlc2wh28rwy2d8lsy,RUNIR,4794.706524,100.0,8347.059364,170.0,0.01618034,True,1.4240034321800132,1.4240034321800132,0.7120015812057364,0.7120015812057364,1.4240031624114728,-2.697685403951766e-07,False,True,1.4240034321800132,1.4240034321800132,0.7120015812057364,0.7120015812057364,1.4240031624114728,-2.697685403951766e-07,False,True
pool1ha4z9zne9z7he43qf0tzv9pdq8cdj63xfrj8s246u89lkcwmq7w,VADA,147332.877264,30000.0,15246.333255,340.0,0.01,False,0.0,0.0,0.0,0.0,0.0,0.0,False,False,0.0,0.0,0.0,0.0,0.0,0.0,False,False
pool1ha70qvqwnmnwpa7e575y9tgyx47aw29rvkz73mnf42z5wet5dr3,IOGP,1.48148,64000000.0,1.48148,500.0,1.0,False,0.0,0.0,0.0,0.0,0.0,0.0,False,False,0.0,0.0,0.0,0.0,0.0,0.0,False,False
pool1haus36sw7cwyg8jdeg882mentse5txac7fmeew8ketuwky6q602,BD1,316604.851258,200.0,498.825396,340.0,0.08,True,94.03006637770565,94.03006637770565,47.01501500747421,47.01501500747421,94.03003001494842,-3.63627572284031e-05,False,True,94.03006637770565,94.03006637770565,47.01501500747421,47.01501500747421,94.03003001494842,-3.63627572284031e-05,False,True
pool1hc8y5s28zah72qsnnky93zxqcqcrvav7hz2l3sdj5gk5znztcty,SNIPE,410870.143791,100.0,271.865496,170.0,0.01,True,122.02634231664487,122.02634231664487,61.01315935642842,61.01315935642842,122.02631871285683,-2.360378803700769e-05,False,True,122.02634231664487,85.39451810124513,61.01315935642842,61.01315935642842,122.02631871285683,36.63180061161171,True,False
pool1hcg8sa642l0xeygkzvpgn3sfj5s2yeuzpws7a0gypyy7grrjcje,,110580.78768,10000.0,10095.2,340.0,0.02,True,32.84307471423903,32.84307471423903,16.421248316151313,16.421248316151313,32.84249663230263,-0.0005780819364034073,False,True,32.84307471423903,32.84307471423903,16.421248316151313,16.421248316151313,32.84249663230263,-0.0005780819364034073,False,True
pool1hd5r62ktu43k53tskpr8xja8pyt5k6vws2fxylqm7hp5ye954ea,,126.003727,100.0,119.032971,340.0,0.02,True,0.03742245435931878,0.03742245435931878,0.018711226432537142,0.018711226432537142,0.037422452865074285,-1.494244492028507e-09,False,True,0.03742245435931878,0.03742245435931878,0.018711226432537142,0.018711226432537142,0.037422452865074285,-1.494244492028507e-09,False,True
pool1hdglvd3xn5m0glqx3l8cy73ajdlxzn7ztlvzwuythj95kwnmvwe,,1214.2165,1618033.988749,0.0,345.0,0.0777,False,0.0,0.0,0.0,0.0,0.0,0.0,False,False,0.0,0.0,0.0,0.0,0.0,0.0,False,False
pool1hdug72ukeepdxqxz0new8e3nhq5cykkn3prky9wgrz5tgyf4ty2,,1567.639059,10000.0,0.0,340.0,0.025,False,0.0,0.0,0.0,0.0,0.0,0.0,False,False,0.0,0.0,0.0,0.0,0.0,0.0,False,False
pool1heks0vmxkfka2amg9c8yn8qdsxvgmzelfx6jhpfkj8ht5mn0r2m,ADA,3969434.030887,25000.0,25134.483718,340.0,0.029,True,1179.0146203972379,369.4900036217782,589.4789644420974,348.768781122636,697.537562245272,328.04755862349384,True,False,1179.0146203972379,205.4652280026462,589.4789644420974,184.744005503504,369.488011007008,164.02278300436183,True,False
pool1helzgcd9sjm9xtyh9mw2wy06gekh6r52s6mx987q0p8lvklwura,,1600260.760124,31500.0,32385.504205,340.0,0.015,True,475.32593472999196,344.7274866602781,237.64876079660587,237.64876079660587,475.29752159321174,130.57003493293365,True,False,475.32593472999196,180.6662797959087,237.64876079660587,172.3632470367812,344.7264940735624,164.06021427765367,True,False
pool1her5uyhxcxeyxws60jrft4kkczc2uxyz3z2sq24582z9kvwsng0,AIVS,316.914476,0.0,100.777362,340.0,0.0,True,0.0941219505898025,0.0941219505898025,0.04706097529490125,0.04706097529490125,0.0941219505898025,0.0,False,False,0.0941219505898025,0.0941219505898025,0.04706097529490125,0.04706097529490125,0.0941219505898025,0.0,False,False
pool1hezakp5r240dy4fcsm7mfd3qqahcvyrhj8hl770yxmxxzdwvcre,HIT,3888464.44217,500.0,55915.621182,340.0,0.9,True,1154.855943286261,1074.5421013786822,577.4274131105772,554.0260893818879,1108.0521787637758,33.51007738509361,True,False,1154.855943286261,1057.7865592036749,577.4274131105772,537.2705472068806,1074.5410944137611,16.75453521008626,True,False
pool1hfn7yuwfyhmmqe4qpaxfewuly7cnemc6kqkv5npytj9vcrskh6j,AMINT,1206832.668876,50000.0,50097.556686,340.0,0.025,True,358.48954281267635,341.2105808380304,179.22813610699387,179.22813610699387,358.45627221398775,17.245691375957335,True,False,358.48954281267635,182.34112876721284,179.22813610699387,170.60420124256422,341.20840248512843,158.8672737179156,True,False
pool1hfzfx33ffjcma9xautgrg4ka0u32s062mmu8gw6fmf2zxftmp66,AFICA,72103.246734,10000.0,12774.369581,170.0,0.01,True,21.4150029792793,21.4150029792793,10.707323020203592,10.707323020203592,21.414646040407185,-0.0003569388721160749,False,True,21.4150029792793,21.4150029792793,10.707323020203592,10.707323020203592,21.414646040407185,-0.0003569388721160749,False,True
pool1hg8vu74hyaj5qm66ys83c0gmr44j66g2k8s9sns4htw27whsqwf,FUJI,2064.890349,1000.0,1614.064977,340.0,0.01,True,0.6132629146840219,0.6132629146840219,0.30663115137600033,0.30663115137600033,0.6132623027520007,-6.119320212771839e-07,False,True,0.6132629146840219,0.6132629146840219,0.30663115137600033,0.30663115137600033,0.6132623027520007,-6.119320212771839e-07,False,True
pool1hg9yyezrm6dslw9q767n5tlu0qk2ccvd4k9946vv7ymgvsvnttf,,97.623898,0.0,97.623898,340.0,0.02,True,0.028993789807001177,0.028993789807001177,0.014496894903500588,0.014496894903500588,0.028993789807001177,0.0,False,False,0.028993789807001177,0.028993789807001177,0.014496894903500588,0.014496894903500588,0.028993789807001177,0.0,False,False
pool1hgksl8y3637f88zhet6g8j8seq2kzp6v2qt4ct2maxaxzt0pmmj,FMSP,1099.622807,500.0,529.503708,340.0,0.02,True,0.3265825973314973,0.3265825973314973,0.16329121252515666,0.16329121252515666,0.3265824250503133,-1.7228118398548986e-07,False,True,0.3265825973314973,0.3265825973314973,0.16329121252515666,0.16329121252515666,0.3265824250503133,-1.7228118398548986e-07,False,True
pool1hhlzudyzp80xch7r0vamq58hpdnspagutvgqwptsmr0tk2425vf,,572.91521,900.0,497.619938,340.0,0.04,False,0.0,0.0,0.0,0.0,0.0,0.0,False,False,0.0,0.0,0.0,0.0,0.0,0.0,False,False
pool1hht4pctn70tqdsd0zwuxv8d8cz6l5scjzaquty7vamyzy78eqvc,ACL,16793849.264494,750000.0,776350.261547,340.0,0.01,True,5001.654606560625,599.9616790893795,2497.3176125950913,460.30490378030925,920.6098075606185,320.64812847123903,True,False,5001.654606560625,439.4418935572206,2497.3176125950913,299.7851182481504,599.5702364963008,160.1283429390802,True,False
pool1hjjj584gq0ynqf06g036a4a0stpm90asrdfskpasqjxf5948ygv,,3320030.176579,1000000.0,1273388.193512,340.0,0.01999,True,988.7471836476464,596.819590726258,493.6885664652126,400.8407030254464,801.6814060508927,204.8618153246348,True,False,988.7471836476464,494.1175020296795,493.6885664652126,298.13861432886796,596.2772286577359,102.15972662805643,True,False
pool1hjlkmtquuanfvvumfwsu395gdrmt36kda0x6wwwpz4kqctg5lyy,STARS,59.742229,35000.0,0.0,340.0,0.0,False,0.0,0.0,0.0,0.0,0.0,0.0,False,False,0.0,0.0,0.0,0.0,0.0,0.0,False,False
pool1hjpax8lf2hmct63xxrspe9zzmmywcrzw89yg3nacu0axzy0latu,GG63,5480986.646416,9000.0,106616.02984,340.0,0.02,True,1627.8811229318947,390.30842060302166,813.9264095487123,358.51295800669743,717.0259160133949,326.7174954103732,True,False,1627.8811229318947,226.94912008236787,813.9264095487123,195.15365748604367,390.30731497208734,163.35819488971947,True,False
pool1hjszxsd493fmr99g2d8evnqlrlurscu00n8jv9mz8qm42f7jvln,RAINF,16188.245142,999.0,2005.908625,340.0,0.0399,True,4.807842024981398,4.807842024981398,2.4039166527302656,2.4039166527302656,4.807833305460531,-8.71952086711758e-06,False,True,4.807842024981398,4.807842024981398,2.4039166527302656,2.4039166527302656,4.807833305460531,-8.71952086711758e-06,False,True
pool1hjz482dskv7vvc3wpmgwy2avx784c26xq8v5pc8dm0ne6shyfzr,SCENE,1.006318,0.0,37277.841802,340.0,0.0,True,0.00029887121052062283,0.00029887121052062283,0.00014943560526031142,0.00014943560526031142,0.00029887121052062283,0.0,False,False,0.00029887121052062283,0.00029887121052062283,0.00014943560526031142,0.00014943560526031142,0.00029887121052062283,0.0,False,False
pool1hkklrx9ac7w57d79mnv76rxlgq4acg5ecwhyep7k3zn0u5cz2k9,AZUR3,16984294.133972,500000.0,688234.773544,340.0,0.02,True,5053.782169794557,621.4665271030784,2524.49942346889,470.4395163023122,940.8790326046244,319.412505501546,True,False,5053.782169794557,461.61746490290653,2524.49942346889,310.59045410214026,621.1809082042805,159.56344330137398,True,False
pool1hkpgddlnya3pgktj3sxdraa8x8400vhaphcudvym9ye22esak43,ISP,12439004.677756,50000.0,52278.020621,350.0,0.1,True,3695.0320340379612,697.1557019247953,1847.3378693903837,505.3974293152903,1010.7948586305806,313.63915670578535,True,False,3695.0320340379612,540.3176349701723,1847.3378693903837,348.5593623606675,697.118724721335,156.80108975116264,True,False
pool1hkr5zcthjvcn3ffncc4jqk5ctxxfrk37h7uddqnvxd4cu872nrt,PONTA,5834841.959916,100.0,7968.050133,20000.0,0.9999,True,1732.918376246748,1732.918376246748,866.4590204845929,866.4590204845929,1732.9180409691858,-0.00033527756227158534,False,True,1732.918376246748,1732.918376246748,866.4590204845929,866.4590204845929,1732.9180409691858,-0.00033527756227158534,False,True
pool1hkumvckq9l79akgge54ugnxa4n86s63j6jvhmvx5g7cgz7nc6cs,PMAN,231369.385939,0.0,858.955215,170.0,0.0,True,68.71550389936591,68.71550389936591,34.35775194968296,34.35775194968296,68.71550389936591,0.0,False,False,68.71550389936591,68.71550389936591,34.35775194968296,34.35775194968296,68.71550389936591,0.0,False,False
pool1hl9tn0qpujfss69h6jr3wepc0e7tuczchpfu7nu4ma006u5scfw,HISTK,6707.636362,400.0,0.0,340.0,0.0,False,0.0,0.0,0.0,0.0,0.0,0.0,False,False,0.0,0.0,0.0,0.0,0.0,0.0,False,False
pool1hlu9mdmcf0m9mqkq7apxsyalhd2nr07rqyhh8mgra3wzkva2d3p,LBP,262058.400758,100.0,3228.076234,170.0,0.0,True,77.83001174308855,77.83001174308855,38.9149983451811,38.9149983451811,77.8299966903622,-1.5052726354269907e-05,False,True,77.83001174308855,77.83001174308855,38.9149983451811,38.9149983451811,77.8299966903622,-1.5052726354269907e-05,False,True
pool1hmmt5a9vyjtkz0tk6ywyyuhumt57hts5m89m9avgyyupveaejfr,AOTA,11001559.45062,5.0,2328.045005,340.0,0.0,True,3267.4059832360385,340.61946971313193,1633.7029758136891,340.2737610758107,680.5475221516214,339.92805243848943,True,False,3267.4059832360385,170.65544349054292,1633.7029758136891,170.3097348532216,340.6194697064432,169.9640262159003,True,False
pool1hmtm4mukp5gs7fgrp0k997lveh4psq9qpeqa6ldugq9nsfcdxmp,ADALY,1254089.53379,30000.0,143389.611969,340.0,0.03,True,372.5002870307815,344.57953390041934,186.239586415748,186.239586415748,372.479172831496,27.89963893107665,True,False,372.5002870307815,198.53380736064858,186.239586415748,172.28827937578737,344.57655875157474,146.04275139092616,True,False
pool1hn7hlwrschqykupwwrtdfkvt2u4uaxvsgxyh6z63703p2knj288,,1938.863141,100000.0,0.0,340.0,0.02,False,0.0,0.0,0.0,0.0,0.0,0.0,False,False,0.0,0.0,0.0,0.0,0.0,0.0,False,False
pool1hnaps49hfe3uljp4cleu4amhes6wvatufyvgt2tjdtj3xjrgknk,UPBIT,35303421.507039,200000.0,35282160.896182,340.0,1.0,True,10493.021925236284,10493.021925236284,5244.485994109336,5244.485994109336,10488.971988218673,-4.049937017611228,False,True,10493.021925236284,10493.021925236284,5244.485994109336,5244.485994109336,10488.971988218673,-4.049937017611228,False,True
pool1hnmcevsa69k88nh4d6ud5qyykwmgzrg6crju79zsv2uu65mkgr8,TSUNA,17166.449673,100.0,102.258928,170.0,0.0,True,5.0983482039033134,5.0983482039033134,2.549173611613117,2.549173611613117,5.098347223226234,-9.806770790987684e-07,False,True,5.0983482039033134,5.0983482039033134,2.549173611613117,2.549173611613117,5.098347223226234,-9.806770790987684e-07,False,True
pool1hnnfvsq3xlln6vz7d2xmk6kqekd5z4ctmfpdad8g8kr0yk8kdfd,AZDFM,3096934.571746,1000.0,1659.019076,170.0,0.02,True,919.7770136960423,185.38916062748595,459.887617335268,175.94993848251016,351.8998769650203,166.51071633753438,True,False,919.7770136960423,102.13378420148446,459.887617335268,92.69456205650864,185.3891241130173,83.25533991153283,True,False
pool1hnp560z9e5acwux8tjguxq36j9r255zuf02u7z2d46dvcf5zhns,LCP,71685674.820599,333333.333333,363598.37581,170.0,0.0,True,21317.724274435128,277.2638043445299,10651.98442700635,223.16588736122293,446.33177472244586,169.06797037791597,True,False,21317.724274435128,192.69493458109662,10651.98442700635,138.59701759778966,277.1940351955793,84.4991006144827,True,False
pool1hntu7agmt8u5j9c20ejen7dvq0jfkvkpnul3mrdd8tppqvwfvt2,BLOOM,28547821.271305,1000000.0,1000001.0,340.0,0.04,True,8510.636725897293,941.5861600927927,4247.244882369058,627.6819180904756,1255.3638361809512,313.7776760881585,True,False,8510.636725897293,784.1028892837535,4247.244882369058,470.1986472814364,940.3972945628728,156.29440527911936,True,False
pool1hnu6h6xsquej2sgu6hammqg0ag0d9xwpw8tccuha3dfhsfh0llj,AaRK,77.181433,70.0,77.362774,170.0,0.01,True,0.022922484633890114,0.022922484633890114,0.01146124217251171,0.01146124217251171,0.02292248434502342,-2.888666944533824e-10,False,True,0.022922484633890114,0.022922484633890114,0.01146124217251171,0.01146124217251171,0.02292248434502342,-2.888666944533824e-10,False,True
pool1hnukelq3ap6pj3wnetj448efj4nalngy756jln9zd2mjsp73etg,UPBIT,31639394.783413,200000.0,31420788.412137,340.0,1.0,True,9403.980706601875,9403.980706601875,4700.176742416829,4700.176742416829,9400.353484833659,-3.627221768216259,False,True,9403.980706601875,9403.980706601875,4700.176742416829,4700.176742416829,9400.353484833659,-3.627221768216259,False,True
pool1hqlvn3qndgkne52uhe5347nlysmmec73ys9vduk96rs4jzjjyxm,ETO7,129.962041,0.0,0.0,340.0,1.0,True,0.03859805003527793,0.03859805003527793,0.019299025017638964,0.019299025017638964,0.03859805003527793,0.0,False,False,0.03859805003527793,0.03859805003527793,0.019299025017638964,0.019299025017638964,0.03859805003527793,0.0,False,False
pool1hqwxta8p0j8ffkyle5mf6yg80tucqzh8q9mszws60xe5ja06nwa,LUKE,3730230.02801,150000.0,1648559.605961,170.0,0.0,True,1108.4773388584638,584.7561464935185,554.0839070435175,339.7442811025286,679.4885622050572,94.73241571153869,True,False,1108.4773388584638,537.3215420467359,554.0839070435175,292.309676655746,584.619353311492,47.29781126475609,True,False
pool1hr4t5a052rh773vml9pra5planumw2tjn9cg6nsrzq64jdz907s,,88849.236744,50000.0,67055.986343,340.0,0.0,True,26.38999671907545,26.38999671907545,13.19443903446153,13.19443903446153,26.38887806892306,-0.0011186501523923198,False,True,26.38999671907545,26.38999671907545,13.19443903446153,13.19443903446153,26.38887806892306,-0.0011186501523923198,False,True
pool1hsq2jrulgj97tna2femdhsfn2wurkkwt8uk9uvs42h9zs0a783p,JAZZ3,23566023.160212,50000.0,97073.789555,340.0,0.05,True,7000.338428741711,699.0805925228349,3499.831066461697,510.3568105069228,1020.7136210138456,321.6330284910107,True,False,7000.338428741711,538.2458476194013,3499.831066461697,349.5220656034891,699.0441312069782,160.79828358757698,True,False
pool1ht35ft8az9k9u7gnc2yut7usj96he5mqngthunyf2kmnsl2kmed,DRED📡,651275.467617,100000.0,104010.326649,170.0,0.03,True,193.4888770582811,174.34336194826233,96.7285635843684,96.7285635843684,193.4571271687368,19.113765220474477,True,False,193.4888770582811,105.06083386853614,96.7285635843684,87.16874551532301,174.33749103064602,69.27665716210988,True,False
pool1hut596zjmx2eunuwt8vjnh953ezgtvc3cwv3nat8cepsc2jeaxe,,55.456744,10000.0,0.0,340.0,0.015,False,0.0,0.0,0.0,0.0,0.0,0.0,False,False,0.0,0.0,0.0,0.0,0.0,0.0,False,False
pool1huxl069mddvz0n95zg95u6gyx7ycvy0f0z0rh8md9w6kyvur9h6,QTMPL,197.61919,50.0,197.61919,170.0,1.0,True,0.058691879777091685,0.058691879777091685,0.02934593776791348,0.02934593776791348,0.05869187553582696,-4.241264728310767e-09,False,True,0.058691879777091685,0.058691879777091685,0.02934593776791348,0.02934593776791348,0.05869187553582696,-4.241264728310767e-09,False,True
pool1huyzkfxwnttj7r4530hv7gc5v6mzk75vuzysc75aemu85mae9vd,TOSHZ,338718.714687,100000.0,124064.291184,340.0,0.02,True,100.62518084025459,100.62518084025459,50.30571294399903,50.30571294399903,100.61142588799807,-0.01375495225651946,False,True,100.62518084025459,100.62518084025459,50.30571294399903,50.30571294399903,100.61142588799807,-0.01375495225651946,False,True
pool1hv3yae6keeeu2y7eusejx4swd2myfkurldt7lasn2qu4xk20j8m,BLESS,113480.764987,40.0,350.110365,300.0,0.0,True,33.70320201990104,33.70320201990104,16.85159970623909,16.85159970623909,33.70319941247818,-2.6074228642869457e-06,False,True,33.70320201990104,33.70320201990104,16.85159970623909,16.85159970623909,33.70319941247818,-2.6074228642869457e-06,False,True
pool1hvevy8qu5lwg7ul66xmzvwv8zwdgdradsg9ncvrflm7dvy407e0,HAMDA,222025.069892,72000.0,73347.820229,170.0,0.0,True,65.95272161224314,65.95272161224314,32.97325093241329,32.97325093241329,65.94650186482659,-0.006219747416551513,False,True,65.95272161224314,65.95272161224314,32.97325093241329,32.97325093241329,65.94650186482659,-0.006219747416551513,False,True
pool1hw3cgyx7tvxh2fpd46k9sqgruu5pfnzt4nxuyv2w7nlmusutda2,THREE,2157261.837113,33333.0,33663.603868,333.0,0.03333,True,640.7769406508141,347.90092087487267,320.36811627936845,320.36811627936845,640.7362325587369,292.83531168386423,True,False,640.7769406508141,189.4619644359012,320.36811627936845,173.94947500289123,347.89895000578247,158.43698556988127,True,False
pool1hwlghkwnjsjk8370qt3dvp23d7urwm36f95fmxcz3np2kghknj9,PEGA,6370898.528433,500.0,2429.550318,340.0,0.0,True,1892.127378241334,340.59190576471326,946.0627739695624,340.2311228155109,680.4622456310218,339.87033986630854,True,False,1892.127378241334,170.65673548256495,946.0627739695624,170.2959525333626,340.5919050667252,169.93516958416023,True,False
pool1hwnl625swgnlp5w7e8dqz0chlz3kl05tm2lawwy8xq2l5uz5h0y,,500.0,15100.0,500.0,340.0,0.0,False,0.0,0.0,0.0,0.0,0.0,0.0,False,False,0.0,0.0,0.0,0.0,0.0,0.0,False,False
pool1hx7rpmjen9gx9w3awzp34zw5wr54mdyf2ft03llqz2wdszavuk8,PIZZA,658078.261711,400000.0,427683.105459,170.0,0.01,True,195.56601870720078,186.70478692775006,97.75276457595457,97.75276457595457,195.50552915190914,8.80074222415908,True,False,195.56601870720078,157.24362170372677,97.75276457595457,93.33263158495141,186.66526316990283,29.421641466176055,True,False
pool1hxdcr4u22lytge79hr5hds39e90jsdmhafphdgnn4hlqvl4qlt7,TRADE,98869.532847,1000.0,6884.23242,340.0,0.01,True,29.363849353382008,29.363849353382008,14.681896557164489,14.681896557164489,29.363793114328978,-5.623905303053789e-05,False,True,29.363849353382008,29.363849353382008,14.681896557164489,14.681896557164489,29.363793114328978,-5.623905303053789e-05,False,True
pool1hy08gpvzkutxkg3ccxwmkzqaun9cd0styl4dtpqp2yxq2rjxehj,,452.300922,0.0,4.664573,340.0,0.075,True,0.13433102068902059,0.13433102068902059,0.06716551034451029,0.06716551034451029,0.13433102068902059,0.0,False,False,0.13433102068902059,0.13433102068902059,0.06716551034451029,0.06716551034451029,0.13433102068902059,0.0,False,False
pool1hyqdlnuff3rnvg9lx70ccca2xqxcezzz4998tp6chhxnx2st257,FCS,35010816.820801,0.0,0.0,340.0,0.05,True,10398.030448176996,842.9015224088498,5199.015224088498,582.9507612044249,1165.9015224088498,323.0,True,False,10398.030448176996,681.4015224088498,5199.015224088498,421.4507612044249,842.9015224088498,161.5,True,False
pool1j045vdrzmj3hl36p50c6mhhpwtu2q7cmecnrqjuqq0khja02sr0,,148.583375,100.0,110.780331,340.0,0.005,True,0.04412849493718662,0.04412849493718662,0.02206424607273206,0.02206424607273206,0.04412849214546412,-2.7917224990070544e-09,False,True,0.04412849493718662,0.04412849493718662,0.02206424607273206,0.02206424607273206,0.04412849214546412,-2.7917224990070544e-09,False,True
pool1j099ctc7kcc9fa78dz5qwsy2g0n96lrgletwxvxmyzh4zd7ck0j,PRIDE,25079668.566039,10000.0,28802.707293,340.0,0.0199,True,7448.8192330673855,489.46714955299177,3724.3375747189248,411.1577090138013,822.3154180276026,332.84826847461085,True,False,7448.8192330673855,323.0415005937123,3724.3375747189248,244.7320600545218,489.4641201090436,166.4226195153313,True,False
pool1j0ys5378p896epefs0q2ehx3h9rrd4gupd33adkza7g3q02f6np,NOUSE,2318.776412,0.0,2318.776412,170.0,0.0,True,0.6886645306762937,0.6886645306762937,0.34433226533814687,0.34433226533814687,0.6886645306762937,0.0,False,False,0.6886645306762937,0.6886645306762937,0.34433226533814687,0.34433226533814687,0.6886645306762937,0.0,False,False
pool1j276s043qh2knv3ukmap6sra6sk7p5khuetzwx9h43wqydzsx8c,UBE,70339688.376803,0.0,0.0,340.0,0.05,True,20890.521497994167,1367.5260748997084,10445.260748997083,845.2630374498542,1690.5260748997084,323.0,True,False,20890.521497994167,1206.0260748997084,10445.260748997083,683.7630374498542,1367.5260748997084,161.5,True,False
pool1j3azwphh66wk6efre3ezjjw8mqljqmnxe5qr9tyfmjdq6eqe5fc,VTRA,177.935758,100.0,177.935758,345.0,0.0475,True,0.05284600335251347,0.05284600335251347,0.0264229994370681,0.0264229994370681,0.0528459988741362,-4.4783772731871174e-09,False,True,0.05284600335251347,0.05284600335251347,0.0264229994370681,0.0264229994370681,0.0528459988741362,-4.4783772731871174e-09,False,True
pool1j3kzujz0m07detlksr26sx7smft8xn280695zgu60zjhge9566f,TCSP1,1795605.334228,2000.0,9370.411966,290.0,1.0,True,533.2895651171169,533.2895651171169,266.64375187415055,266.64375187415055,533.2875037483011,-0.0020613688158164223,False,True,533.2895651171169,533.2895651171169,266.64375187415055,266.64375187415055,533.2875037483011,-0.0020613688158164223,False,True
pool1j3t6mhgndeuzqkpcj6csyxfhsr2fkgwknk6e4tjeeqhnc52fjc9,7SEAS,29992.172519,100.0,197.625306,340.0,0.1,True,8.907522635930006,8.907522635930006,4.45376045912884,4.45376045912884,8.90752091825768,-1.717672326151387e-06,False,True,8.907522635930006,8.907522635930006,4.45376045912884,4.45376045912884,8.90752091825768,-1.717672326151387e-06,False,True
pool1j3umdcuxcewcxz98wm3sx5xqwgxx0v7z376xyjfq4jgejpvv8fz,MASTR,2097701.729781,10000.0,10012.104023,340.0,0.02,True,623.0304961048396,346.98446646179616,311.5092486931277,311.5092486931277,623.0184973862554,276.0340309244592,True,False,623.0304961048396,181.17963028635285,311.5092486931277,173.49208518210355,346.9841703642071,165.80454007785426,True,False
pool1j4nkshfytq8tww99ttfwvrmv8n7yq2tvuw0xlphelzzw6vfghwq,TAPC,53991.661543,10350.0,14232.774199,170.0,0.0,True,16.035761769581136,16.035761769581136,8.017751076866078,8.017751076866078,16.035502153732157,-0.0002596158489787115,False,True,16.035761769581136,16.035761769581136,8.017751076866078,8.017751076866078,16.035502153732157,-0.0002596158489787115,False,True
pool1j4vmgapf520ul8tvwz95xsmne4alpymxpmcnf0zu5v4vz2pej34,FGMTL,4.840598,2e-06,4.840598,170.0,0.1,True,0.001437632422259879,0.001437632422259879,0.0007188162111299367,0.0007188162111299367,0.0014376324222598734,-5.637851296924623e-18,False,False,0.001437632422259879,0.001437632422259879,0.0007188162111299367,0.0007188162111299367,0.0014376324222598734,-5.637851296924623e-18,False,False
pool1j55hm5wkgcegrpn25nnfl0rgjdje26fhw9uxmgxf8dez2uups3y,UNITE,22.931848,10000.0,0.0,340.0,0.04,False,0.0,0.0,0.0,0.0,0.0,0.0,False,False,0.0,0.0,0.0,0.0,0.0,0.0,False,False
pool1j5kx7rp08axydqevxhmujs5vthfv5kjzq2h40edpychlxg5twqw,,481.788826,450.0,4.945136,340.0,0.01,False,0.0,0.0,0.0,0.0,0.0,0.0,False,False,0.0,0.0,0.0,0.0,0.0,0.0,False,False
pool1j5tw5wwfvk2zllqycg0cunu8emtd5g9tgymp0uayc6nzujunrhq,,165.62832,100.0,1.0,340.0,0.0,False,0.0,0.0,0.0,0.0,0.0,0.0,False,False,0.0,0.0,0.0,0.0,0.0,0.0,False,False
pool1j5ukjmhn96jslmcd6k3ymj3vnjf3wpjn9sarhk7m7vtkv7ll2w3,REDH,12939.9435,15000.0,629.160235,340.0,0.0,False,0.0,0.0,0.0,0.0,0.0,0.0,False,False,0.0,0.0,0.0,0.0,0.0,0.0,False,False
pool1j6490a90qefvsqxdurf99z9ld50rtthaz9ms6c8xh78s52veuq2,CETH,3718387.677546,25000.0,26693.484452,340.0,0.01,True,1104.4479443915025,353.07740448473015,552.1974305198523,343.63005963962325,687.2601192792465,334.18271479451636,True,False,1104.4479443915025,185.9855930392481,552.1974305198523,176.53824819414118,353.07649638828235,167.09090334903425,True,False
pool1j6dh3ynys827j38976q0q3s3c9hpzgx40kjcq4472h6m7d3t0hm,KIND,3012812.183173,100000.0,207838.082216,340.0,0.03,True,895.1247435219406,393.80002737672305,447.4785160339869,350.41630223209376,700.8326044641875,307.03257708746446,True,False,895.1247435219406,240.27561193816217,447.4785160339869,196.89188679353288,393.78377358706575,153.50816164890358,True,False
pool1j6jnnxsngexalq60tqnvn2muge7vevd5ukc0unacr4432t4lr28,UPBIT,29572781.6636,200000.0,29343618.371785,340.0,1.0,True,8789.731128143632,8789.731128143632,4393.171164774609,4393.171164774609,8786.342329549218,-3.388798594414766,False,True,8789.731128143632,8789.731128143632,4393.171164774609,4393.171164774609,8786.342329549218,-3.388798594414766,False,True
pool1j6xfryctrxm4aplw3vnrtgfsvqdr35exenxqse5kzxmfue7qqmr,,61473087.543909,0.0,68871.770683,340.0,0.03,True,18257.18718008453,896.9870426949044,9128.593590042265,613.2087745673671,1226.4175491347341,329.43050643982974,True,False,18257.18718008453,732.2717894749895,9128.593590042265,448.4935213474522,896.9870426949044,164.71525321991487,True,False
pool1j6zqawj6f58lp4p00t26eqe58gxx4pa3cudlzpkv23y92nlxjzd,GURU,5567193.664539,0.0,18089.638344,813.0,0.0,True,1653.4275544345953,815.7308247979394,826.7137772172977,813.0445605605156,1626.0891211210312,810.3582963230918,True,False,1653.4275544345953,410.55167663639344,826.7137772172977,407.8654123989697,815.7308247979394,405.1791481615459,True,False
pool1j742gcsul7u8c05rsqmkgpkvj5qadj0pew69nctu6crqy9wjjn4,BONE,1534673.764941,62000.0,141744.891204,340.0,0.01,True,455.89514387912124,351.7561672680727,227.92130600856535,227.92130600856535,455.8426120171307,104.08644474905799,True,False,455.89514387912124,199.0006209067588,227.92130600856535,175.8754192715109,351.7508385430218,152.75021763626302,True,False
pool1j7cypyjzhcfuy0gsuc2vtd48cpsc0utmqkq09fjlp5dgsjrs7pg,SHINE,4095.098478,5.0,7.423505,345.0,0.03,True,1.2162229662712014,1.2162229662712014,0.6081114772599522,0.6081114772599522,1.2162229545199044,-1.1751297046558307e-08,False,True,1.2162229662712014,1.2162229662712014,0.6081114772599522,0.6081114772599522,1.2162229545199044,-1.1751297046558307e-08,False,True
pool1j8355yxxpfuhqyda4lrj8c9cdghaang3wvwge8jq8nlxurvfqv7,LvLUp,734775.196031,20000.0,24343.898422,170.0,0.0,True,218.24084384225657,171.59827142863693,109.11631303419942,109.11631303419942,218.23262606839884,46.63435463976191,True,False,218.24084384225657,89.41441353175537,109.11631303419942,85.79899958244226,171.59799916488453,82.18358563312916,True,False
pool1j8grqucdwwcr0cwzxrtw30vqcptg0jdlrmauq5w7ytvqx6nf5np,VINCI,3313394.445821,250000.0,330783.722144,170.0,0.01,True,984.94412829777,258.6935943986294,492.2508763801537,205.07183809516434,410.1436761903287,151.4500817916993,True,False,984.94412829777,182.94448076261932,492.2508763801537,129.32272445915424,258.6454489183085,75.70096815568917,True,False
pool1j8r3q09v0tx48f78u4kxldmakryd384uk6cg9rrlzjhtu93027r,LIA,4.581261,1000.0,0.0,340.0,0.0,False,0.0,0.0,0.0,0.0,0.0,0.0,False,False,0.0,0.0,0.0,0.0,0.0,0.0,False,False
pool1j9qrcwg28mgsu38p5jkrwpthff5pmm5wdpprghg2xrvfyfcm5ls,OSCAR,336.747257,15000.0,1.715741,340.0,0.005,False,0.0,0.0,0.0,0.0,0.0,0.0,False,False,0.0,0.0,0.0,0.0,0.0,0.0,False,False
pool1jakl9kqhx87ywc7fcxweaxvna9khxhzyh6v8j70u6zpaxa45ghh,THNDR,63880111.755437,100.0,545522.71544,170.0,1.0,True,18972.068189479018,18972.068189479018,9486.032259394025,9486.032259394025,18972.06451878805,-0.0036706909668282606,False,True,18972.068189479018,18972.068189479018,9486.032259394025,9486.032259394025,18972.06451878805,-0.0036706909668282606,False,True
pool1jas6p8hw9e2nz049g3xfn2me9yzknka4w84vzrxg0c2ej63stlm,AME,1306.340739,1000.0,1306.340739,170.0,0.01,True,0.38797675518194835,0.38797675518194835,0.1939882895686998,0.1939882895686998,0.3879765791373996,-1.7604454877195863e-07,False,True,0.38797675518194835,0.38797675518194835,0.1939882895686998,0.1939882895686998,0.3879765791373996,-1.7604454877195863e-07,False,True
pool1jayej3rwf5ynfmmu7583x3w2j73dcedtflgnazdezfn3kl6062x,TAX,1788178.154114,750.0,9776.687018,340.0,0.9999,True,531.0811492368991,531.062145593702,265.54018945225556,265.54018945225556,531.0803789045111,0.018233310809137038,True,False,531.0811492368991,531.0452385395189,265.54018945225556,265.530687668963,531.061375337926,0.016136798407160313,True,False
pool1jc24u7v5xsaw9dw6s0vftjat8ssc8ru4c0uhrj8zpm3usnrp03t,HALO,47483.656226,3000.0,3002.007384,340.0,0.0,True,14.102552234181225,14.102552234181225,7.0512377728061715,7.0512377728061715,14.102475545612343,-7.668856888187747e-05,False,True,14.102552234181225,14.102552234181225,7.0512377728061715,7.0512377728061715,14.102475545612343,-7.668856888187747e-05,False,True
pool1jcetszf3sh39hc8nezj5pzj3ukg4fhfjwdqkmwg8ern8u3c4y7v,,19427628.105105,100.0,1987.630615,170.0,0.06,True,5769.906705556277,506.5329504871686,2884.9527946031317,333.15826717159825,666.3165343431965,159.78358385602792,True,False,5769.906705556277,426.641125014974,2884.9527946031317,253.26644169940369,506.53288339880737,79.89175838383335,True,False
pool1jcpwtg5ce6xr42v37nk3xahmduwrs87mvd6pkm92v7tj2ux8v5j,,1.957114,0.0,0.0,340.0,0.03,True,0.0005812526759005188,0.0005812526759005188,0.0002906263379502594,0.0002906263379502594,0.0005812526759005188,0.0,False,False,0.0005812526759005188,0.0005812526759005188,0.0002906263379502594,0.0002906263379502594,0.0005812526759005188,0.0,False,False
pool1jdhjfcu34lq88rypdtslzwyf27uh0h3apcr9mjd68zhc69r29fy,NUFI5,18014505.219017,1000.0,1002.830907,340.0,0.03,True,5350.235029783542,490.57759321058745,2675.112339316458,410.17946141057735,820.3589228211547,329.78132961056724,True,False,5350.235029783542,325.68677285857416,2675.112339316458,245.288641058564,490.577282117128,164.89050925855383,True,False
pool1je2n5smmnyn3lh92xrp8nepjyfp596ypga6pmdecwtcrcj9uvec,YOADA,1543306.675854,150000.0,156971.375168,170.0,0.015,True,458.59475550804893,203.24190382788788,229.23713791115202,176.82325372827825,353.6465074565565,150.4046036286686,True,False,458.59475550804893,128.03266326284808,229.23713791115202,101.61401316323847,203.22802632647694,75.19536306362886,True,False
pool1je5j68dcgm0hynv4fd2t2xsplmad40adneu68vp3h4nlcdaznwc,GALGD,57.602998,50.0,57.602998,170.0,1.0,True,0.017107791156994248,0.017107791156994248,0.00855389546927514,0.00855389546927514,0.01710779093855028,-2.1844396777548347e-10,False,True,0.017107791156994248,0.017107791156994248,0.00855389546927514,0.00855389546927514,0.01710779093855028,-2.1844396777548347e-10,False,True
pool1je8qh9d4nawl9zstsg3vyan3r64lyw9dzruw0ulxvpumxa66l6g,ATHC,653.148109,0.0,8.323139,340.0,0.03,True,0.19398159029857928,0.19398159029857928,0.09699079514928964,0.09699079514928964,0.19398159029857928,0.0,False,False,0.19398159029857928,0.19398159029857928,0.09699079514928964,0.09699079514928964,0.19398159029857928,0.0,False,False
pool1jepxzmqljthtfvcx9dhcp7rysg9n40z6jxr9cw7963h0qv8mz60,JUNC,568.150653,100.0,105.624954,340.0,0.02,True,0.16873784187711932,0.16873784187711932,0.08436890748805272,0.08436890748805272,0.16873781497610543,-2.6901013888691594e-08,False,True,0.16873784187711932,0.16873784187711932,0.08436890748805272,0.08436890748805272,0.16873781497610543,-2.6901013888691594e-08,False,True
pool1jeu6mkn43sc8y0yf5jwtfy6g5yc7lmyt3psm2tlue7pfg8deygg,,635.69045,5000.0,0.0,340.0,0.001,False,0.0,0.0,0.0,0.0,0.0,0.0,False,False,0.0,0.0,0.0,0.0,0.0,0.0,False,False
pool1jeu74g86ys4fekhykqcww99kdsq3nlym8a6kfw8s8ff3vskad70,KAIZN,24279349.498271,5000.0,6020.435538,340.0,0.025,True,7210.979979685919,513.4356698110726,3605.4551150510665,422.42585436011746,844.8517087202349,331.41603890916235,True,False,7210.979979685919,347.72677005515004,3605.4551150510665,256.71695460419505,513.4339092083901,165.70713915324006,True,False
pool1jezf7dcx26edfpxmpuh05yen64a9cj44xm2ggsapcxrtqewfek2,CURRY,1374650.639729,1000000.0,1020175.653316,340.0,0.0274,True,408.7150302579836,391.48130110210855,204.2422324617589,204.2422324617589,408.4844649235178,17.00316382140926,True,False,408.7150302579836,348.84530217291694,204.2422324617589,195.65428077603724,391.3085615520745,42.463259379157535,True,False
pool1jf32ru0d9mcre5pp7yundjdfcz8qlhmw4f5cftgh8vkqy8scj09,DXB,37952.986516,1000.0,1356.141268,170.0,0.0,True,11.271882009227516,11.271882009227516,5.63593038740948,5.63593038740948,11.27186077481896,-2.1234408556836115e-05,False,True,11.271882009227516,11.271882009227516,5.63593038740948,5.63593038740948,11.27186077481896,-2.1234408556836115e-05,False,True
pool1jg3fmnmc9n52sgzslhhvhye5e3xeqmrwkekdhh82sma47r47zg0,NUFI3,11498705.609,1000.0,1002.830473,340.0,0.03,True,3415.0689564322693,432.5122075096417,1707.5311747368498,381.1416230353227,762.2832460706454,329.7710385610037,True,False,3415.0689564322693,267.6265888452999,1707.5311747368498,216.2560043709809,432.5120087419618,164.88541989666186,True,False
pool1jgwu8lq3dqddnnx7prymcgcyrqy0fdlghg33he2hmw9t2gma3zd,KIWI,1902532.454538,175369.0,175632.747113,340.0,0.02,True,565.3912035872447,364.89872707230955,282.60825269494325,282.60825269494325,565.2165053898865,200.31777831757694,True,False,565.3912035872447,213.67844666617648,282.60825269494325,182.43971417391967,364.87942834783934,151.20098168166285,True,False
pool1jh4caf4afnjdgne8m95addh93e7zf6zlnx0pk5flcvylsps7nsp,,999.825743,1.0,999.825743,340.0,0.0,True,0.29694304511619324,0.29694304511619324,0.14847152227112317,0.14847152227112317,0.29694304454224635,-5.739468900145539e-10,False,True,0.29694304511619324,0.29694304511619324,0.14847152227112317,0.14847152227112317,0.29694304454224635,-5.739468900145539e-10,False,True
pool1jh5p5627hzqxdzjutfenz83qs7p2qtha4kvst3hs0829sdc0ksm,PAO,29490.648646,500.0,517.425,170.0,0.03,True,8.758585878303395,8.758585878303395,4.379288774447022,4.379288774447022,8.758577548894044,-8.329409350693595e-06,False,True,8.758585878303395,8.758585878303395,4.379288774447022,4.379288774447022,8.758577548894044,-8.329409350693595e-06,False,True
pool1jhca0ycgclhc3ae860llt8fwtgvkw4p44m0khs2df5xawk4kx8t,BTPUL,5828.192999,0.0,5.15315,340.0,0.0,True,1.7309429988919498,1.7309429988919498,0.8654714994459749,0.8654714994459749,1.7309429988919498,0.0,False,False,1.7309429988919498,1.7309429988919498,0.8654714994459749,0.8654714994459749,1.7309429988919498,0.0,False,False
pool1jhzf2mm6zdlhl6w89uhgx8nq8p6ykcc86qq58vjy0ejyxrrksfj,LOVE,22276868.484126,10.0,571685.039259,340.0,0.03,True,6616.114297957801,684.5137281765876,3308.0570849750607,502.9250780404714,1005.8501560809428,321.3364279043552,True,False,6616.114297957801,523.8455107110576,3308.0570849750607,342.2568605749414,684.5137211498828,160.6682104388252,True,False
pool1jj2hvts3ryffy5txm7w0am3zt7s7sehdf8rrwfesjmr7shv0mgl,FIDA,5769350.669008,100000.0,123860.384413,340.0,0.01,True,1714.1195345870049,382.9467322792833,856.8965599980137,356.1550852160683,712.3101704321366,329.3634381528533,True,False,1714.1195345870049,218.2599123220024,856.8965599980137,191.46826525878743,382.93653051757485,164.67661819557244,True,False
pool1jjry6f6q0swaq457ft9eclaxaskvrxnpj0v3w8edsyfryml3vj6,STACK,10648751.060977,50000.0,95614.89872,340.0,0.02,True,3163.233085648415,421.3074137992407,1581.4641380378118,375.7534200422474,751.5068400844948,330.1994262852541,True,False,3163.233085648415,256.20331149048513,1581.4641380378118,210.6493177334918,421.2986354669836,165.0953239764985,True,False
pool1jk25l2pejpdzq8vdjlxrr05th49v9tgd78fqrtxvuw3rumpfc6t,GROW,11571129.78762,555.0,998.705034,340.0,0.049,True,3436.5727269688887,491.986233028335,1718.284518449566,407.6490722068311,815.2981444136622,323.31191138532716,True,False,3436.5727269688887,330.3301867775202,1718.284518449566,245.99302595601637,491.98605191203274,161.6558651345125,True,False
pool1jk9na2mu29wwap6pprs0c98j3rvh4jva95f5m3hxnwq86tk9c0l,富士山,4071.545199,1000.0,2706.222775,340.0,0.01,True,1.2092312714572986,1.2092312714572986,0.6046147532178093,0.6046147532178093,1.2092295064356187,-1.7650216799225404e-06,False,True,1.2092312714572986,1.2092312714572986,0.6046147532178093,0.6046147532178093,1.2092295064356187,-1.7650216799225404e-06,False,True
pool1jkxwcqkaaacvd77rf9lrj3qsgvtktqh7cglu3awsy34h5eava4d,JITSU,763994.524742,5000.0,27066.329557,170.0,0.0,True,226.90676071345825,172.01605782451378,113.45228991381366,113.45228991381366,226.90457982762732,54.888522003113536,True,False,226.90676071345825,90.02738570428089,113.45228991381366,86.00799028071393,172.01598056142785,81.98859485714696,True,False
pool1jldj0znj8rltkuj4sumqq5z6p8sdt3yk4qde90q42daru5kgfl6,UPBIT,33115135.136113,200000.0,35294462.865669,340.0,1.0,True,9842.607985635996,9842.607985635996,4919.405254559243,4919.405254559243,9838.810509118486,-3.7974765175094944,False,True,9842.607985635996,9842.607985635996,4919.405254559243,4919.405254559243,9838.810509118486,-3.7974765175094944,False,True
pool1jldq2rf7y2ukm2t8ds8d9upzgdgv07jhkckl0mvedwhxx5nkugt,DEEZY,668504.0201,10000.0,10007.470353,340.0,0.035,True,198.54978480895466,198.54978480895466,99.27300007948654,99.27300007948654,198.54600015897307,-0.0037846499815827883,False,True,198.54978480895466,171.41167265181747,99.27300007948654,99.27300007948654,198.54600015897307,27.134327507155604,True,False
pool1jm8s3r3xq4kpawavy096rqle964exle3lxwnpvx62wjnwadwd5l,NARU,164311.112035,100000.0,100664.15509,340.0,0.01,True,48.806960696353606,48.806960696353606,24.401623486453456,24.401623486453456,48.80324697290691,-0.0037137234466939617,False,True,48.806960696353606,48.806960696353606,24.401623486453456,24.401623486453456,48.80324697290691,-0.0037137234466939617,False,True
pool1jmw0strgchxurvgamymrexjn2lypxslexaz0q7la3078vnple57,ADAC0,17087.143254,10000.0,11350.940266,340.0,0.03,True,5.074874122558056,5.074874122558056,2.5374166896502848,2.5374166896502848,5.0748333793005695,-4.074325748604224e-05,False,True,5.074874122558056,5.074874122558056,2.5374166896502848,2.5374166896502848,5.0748333793005695,-4.074325748604224e-05,False,True
pool1jmx55w5ydjkn4xd58gmr9xgt5t46ngs48aek779t92e7zcqfw97,AAATO,3778938.602191,20000.0,111529.947979,340.0,0.01,True,1122.4115256188377,370.68495071216705,561.184154731245,348.67449502468986,697.3489900493797,326.66403933721267,True,False,1122.4115256188377,207.35208360868535,561.184154731245,185.3416279212081,370.6832558424162,163.33117223373085,True,False
pool1jp3wtdhgpeu6qf53upw5rupaqwtl7pzvcuuyyn0f8u3xgx5755y,MARTE,0.065868,25000.0,0.0,340.0,0.01,False,0.0,0.0,0.0,0.0,0.0,0.0,False,False,0.0,0.0,0.0,0.0,0.0,0.0,False,False
pool1jp67hct7n86tdkr7qxrfh3q0xl973rl6986aawxkrqz6wq4ymc9,69DN,160234.49454,1069.0,13.476533,170.0,0.0,False,0.0,0.0,0.0,0.0,0.0,0.0,False,False,0.0,0.0,0.0,0.0,0.0,0.0,False,False
pool1jpezycd8q3l6a255dv8wt7vpt4aay8llqakdn7vkum5swes4hu3,BOLT,150955.154215,5000.0,8909.684654,340.0,0.05,True,44.83373418704555,44.83373418704555,22.416657400060338,22.416657400060338,44.833314800120675,-0.000419386924875198,False,True,44.83373418704555,44.83373418704555,22.416657400060338,22.416657400060338,44.833314800120675,-0.000419386924875198,False,True
pool1jphnr6n8v7hg4rhsmel2s6yunjalthar07vv7rwvgsky5q8k49h,BCHEF,812.165326,500.0,502.429929,340.0,0.01,True,0.24120905582309748,0.24120905582309748,0.12060448306618031,0.12060448306618031,0.24120896613236062,-8.969073686526663e-08,False,True,0.24120905582309748,0.24120905582309748,0.12060448306618031,0.12060448306618031,0.24120896613236062,-8.969073686526663e-08,False,True
pool1jpz5m45ff4r6tnq7n5tw63fkhpmw3cyv8sn569w24x8lj3kl68c,ADP,3825716.383137,10000.0,11853.701975,170.0,0.01,True,1136.2617196211352,182.6265694430843,568.1198947174191,175.20240882490296,350.4048176498059,167.77824820672163,True,False,1136.2617196211352,98.73730205399947,568.1198947174191,91.31314143581812,182.62628287163625,83.88898081763678,True,False
pool1jq3s8emkm332n7vd3n57amjzspvt3hygh4wqsyp33psugvw7zc0,OWL,502.300231,500.0,502.300231,340.0,0.01,True,0.14918055665877505,0.14918055665877505,0.07459027799824883,0.07459027799824883,0.14918055599649765,-6.622773995879072e-10,False,True,0.14918055665877505,0.14918055665877505,0.07459027799824883,0.07459027799824883,0.14918055599649765,-6.622773995879072e-10,False,True
pool1jq7083uth03spzhg5ag6gfgg24ux6fjuhng8vj2wdz8jkukqvcl,,22653.96907,400.0,406.436573,345.0,0.075,True,6.728121184183945,6.728121184183945,3.3640580345492754,3.3640580345492754,6.728116069098551,-5.115085394358232e-06,False,True,6.728121184183945,6.728121184183945,3.3640580345492754,3.3640580345492754,6.728116069098551,-5.115085394358232e-06,False,True
pool1jq7r3evstu2c040vlry8tgvpwf0mfvft86cxecwjpwcuvvqfu2r,CCV3,29819532.779897,500.0,503.091338,340.0,0.03,True,8856.263231023842,595.6272661336609,4428.127331804921,462.7107224244351,925.4214448488702,329.79417871520934,True,False,8856.263231023842,430.7300481947431,4428.127331804921,297.81350448551734,595.6270089710347,164.89696077629156,True,False
pool1jqdvgk0csfnwftkzn6vyz7fq8s3606uu6k7wa9xrn0jpzg4r304,,4780.56692,25000.0,9138.6054,340.0,0.0,False,0.0,0.0,0.0,0.0,0.0,0.0,False,False,0.0,0.0,0.0,0.0,0.0,0.0,False,False
pool1jqfk2y5wked4sjpx9sqxn6dmut8hq2n9qlreymqtpxuc5l38fl0,,1327.56167,1000.0,0.0,340.0,0.02,False,0.0,0.0,0.0,0.0,0.0,0.0,False,False,0.0,0.0,0.0,0.0,0.0,0.0,False,False
pool1jql92je87mrx5gpjhmwr6a8a766cktcf5p0p8wd0wxq87nu80yf,DIGI5,2595332.237924,215000.0,215031.175261,170.0,0.04,True,771.3901004433695,241.88952426542727,385.547345854704,195.76629734800454,391.5325946960091,149.64307043058182,True,False,771.3901004433695,167.0503326293433,385.547345854704,120.92710571192063,241.85421142384126,74.80387879449796,True,False
pool1jqnywskl2n92fx65thtew8zlj3vqfrqxz7zyj70tt7d3qmn0m9t,BNP,64425.701712,2.0,19112.350917,345.0,0.06,True,19.134098374786674,19.134098374786674,9.56704915037408,9.56704915037408,19.13409830074816,-7.403851398635197e-08,False,True,19.134098374786674,19.134098374786674,9.56704915037408,9.56704915037408,19.13409830074816,-7.403851398635197e-08,False,True
pool1jqw9cv37w0eewvdr36w2kacd2w9wh5uwm2y3vmc0fmdfc0ax26l,LIX,538461.75556,80000.0,81388.0,170.0,0.02,True,159.9625418087431,159.9625418087431,79.97071406542635,79.97071406542635,159.9414281308527,-0.021113677890411964,False,True,159.9625418087431,97.60315982123768,79.97071406542635,79.97071406542635,159.9414281308527,62.33826830961502,True,False
pool1jqxp8hn0ywdrg3clzha9c2u7qh3zsh68u55wh50vdmecupc5rxs,,1729.297269,2000.0,50.0,340.0,0.01,False,0.0,0.0,0.0,0.0,0.0,0.0,False,False,0.0,0.0,0.0,0.0,0.0,0.0,False,False
pool1jrsmda62uar63wrndmdg3jupdtmmtsxmnqt66r3mm33wj2fd2yh,,509.766415,500.0,509.766415,340.0,1.0,True,0.15139797875339553,0.15139797875339553,0.07569898797299092,0.07569898797299092,0.15139797594598184,-2.807413690408822e-09,False,True,0.15139797875339553,0.15139797875339553,0.07569898797299092,0.07569898797299092,0.15139797594598184,-2.807413690408822e-09,False,True
pool1jrst9acplgqk95469zu68xv5xj802lqxe682jjsd39z26ddj8ur,8888,7.952568,8000.0,3.994995,340.0,0.0088,False,0.0,0.0,0.0,0.0,0.0,0.0,False,False,0.0,0.0,0.0,0.0,0.0,0.0,False,False
pool1js3l2kgut64prz0q0a8px7qtyduclfm3h2kuvrl5gfzmy0waxyt,Gunda,1.293033,50000.0,0.0,340.0,0.0,False,0.0,0.0,0.0,0.0,0.0,0.0,False,False,0.0,0.0,0.0,0.0,0.0,0.0,False,False
pool1js570lkcs6t3pwsj3eda0zz43mc5gm922ae5rdxcfn84gu5uyrg,ASSET,1605623.775754,150000.0,193389.110198,340.0,0.02,True,477.11337337821425,358.92657477590546,238.49375339530084,238.49375339530084,476.9875067906017,118.06093201469622,True,False,477.11337337821425,212.39268630558615,238.49375339530084,179.45460033094457,358.90920066188914,146.516514356303,True,False
pool1jsala5rdc0hjewcvu9dujcz8jpfxp7hadqr3r3hzs63skhhtpqs,BNP,45246.469228,2.0,44227.399495,345.0,0.06,True,13.437966065008592,13.437966065008592,6.718983006505843,6.718983006505843,13.437966013011685,-5.199690633617138e-08,False,True,13.437966065008592,13.437966065008592,6.718983006505843,6.718983006505843,13.437966013011685,-5.199690633617138e-08,False,True
pool1jslaut45plz6ek7grjyzxz6kzgerr7p5204h9sprh3msw6d8yht,,1034710.513268,60000.0,92194.968012,340.0,0.01,True,307.370905236635,307.370905236635,153.6686292185113,153.6686292185113,307.3372584370226,-0.03364679961237016,False,True,307.370905236635,183.4913564437414,153.6686292185113,153.6686292185113,307.3372584370226,123.84590199328122,True,False
pool1jst7rrhucnp93hepezv5yqy6fx982xs2v0udwfc5ea6my3kfak7,ESTK,33963504.036896,1000.0,1496.390498,400.0,0.04,True,10087.023031801067,787.8906477370986,5043.501757916441,585.9364738510052,1171.8729477020104,383.9822999649118,True,False,10087.023031801067,595.8991070225511,5043.501757916441,393.94493313645773,787.8898662729155,191.99075925036436,True,False
pool1jsxk3ymqv2gdc6mhqk52544g2aun4zhq5wgx6n32l5s3jlne70n,AKYO,2352849.572721,1000.0,7346.609902,170.0,0.02,True,698.7867850233961,182.19381382599758,349.39271678676135,174.1367928476898,348.2735856953796,166.07977186938203,True,False,698.7867850233961,99.15391230910156,349.39271678676135,91.09689133079381,182.19378266158762,83.03987035248606,True,False
pool1jt7d6ak3m8gnjyxtuxfswe258xzwda80ndl0a57vv5m2zv8h6at,CARDs,12252834.60776,1000.0,1469.696915,340.0,0.029,True,3639.0422123143526,436.05646038815263,1819.5175860042693,383.0783279653448,766.1566559306896,330.10019554253694,True,False,3639.0422123143526,271.0062601224611,1819.5175860042693,218.02812769965323,436.05625539930645,165.04999527684538,True,False
pool1ju00mkurj9t920staddyd3ln9r98kktx38jrer0zp82eg8x36jf,,114.848902,5.0,114.848902,340.0,0.02,True,0.03410952701125095,0.03410952701125095,0.01705476334782156,0.01705476334782156,0.03410952669564312,-3.156078315358357e-10,False,True,0.03410952701125095,0.03410952701125095,0.01705476334782156,0.01705476334782156,0.03410952669564312,-3.156078315358357e-10,False,True
pool1ju8f57hyvaa32tp85r468kuedvmjmcy56f8u9968drea57p50l5,AICHI,71350410.441342,100000.0,143984.045261,340.0,0.005,True,21198.899675357785,486.1769765950938,10597.398769943975,411.8827724979182,823.7655449958364,337.58856840074264,True,False,21198.899675357785,317.3683187276092,10597.398769943975,243.07411463043366,486.1482292608673,168.7799105332581,True,False
pool1jufp9k6gmyusvch65ra8yk2s7wu6cx5fsgnltl83p93ejg6h3xg,FUND,13726138.481618,500000.0,668044.341601,495.0,0.0,True,4084.2426107288525,669.6866549497297,2040.2022235434667,570.2042246586614,1140.4084493173227,470.721794367593,True,False,4084.2426107288525,434.2323570069887,2040.2022235434667,334.7499267159203,669.4998534318406,235.2674964248519,True,False
pool1jv4yvr5edp7qp690hk3qfudwmw28n2wygjxyhaecqkzeqh0wlem,WEED,1777215.275589,420.0,1758.51381,170.0,0.042,True,527.8245483253229,185.36781973845757,263.91205975405654,174.03332754089152,348.06665508178304,162.69883534332547,True,False,527.8245483253229,104.01839285839142,263.91205975405654,92.68390066082539,185.36780132165077,81.34940846325935,True,False
pool1jv9pf6w2fmjqpaekyt74tjkmjxhma8wsqs8ur3dte45tqdxe3t0,ICP1,104290.789486,0.0,63.626322,340.0,0.03,True,30.973821893111584,30.973821893111584,15.486910946555792,15.486910946555792,30.973821893111584,0.0,False,False,30.973821893111584,30.973821893111584,15.486910946555792,15.486910946555792,30.973821893111584,0.0,False,False
pool1jvknf3dwtnqln5hcjrh5m7s979revuj5dlxr0337nwmm6p7250q,SQQQ,7268524.531946,100.0,8944.134387,170.0,1.0,True,2158.714806014613,2158.714806014613,1079.3571941771922,1079.3571941771922,2158.7143883543845,-0.0004176602283223474,False,True,2158.714806014613,2158.714806014613,1079.3571941771922,1079.3571941771922,2158.7143883543845,-0.0004176602283223474,False,True
pool1jwgt6tydz6f4kw7la2hxxqwzq0m8spj3reyju08nm07xjnlg3d0,,381.025852,0.0,2.260736,340.0,0.075,True,0.11316269571536201,0.11316269571536201,0.05658134785768101,0.05658134785768101,0.11316269571536201,0.0,False,False,0.11316269571536201,0.11316269571536201,0.05658134785768101,0.05658134785768101,0.11316269571536201,0.0,False,False
pool1jwpt6qmmkvfusvwan4f9pfhn7pljsm33lcqf7ftya3mtc0fs2nz,,144.698748,100.0,144.698748,340.0,0.01,True,0.0429747804819444,0.0429747804819444,0.02148738895672071,0.02148738895672071,0.04297477791344142,-2.5685029797495318e-09,False,True,0.0429747804819444,0.0429747804819444,0.02148738895672071,0.02148738895672071,0.04297477791344142,-2.5685029797495318e-09,False,True
pool1jx4ss2zjage3cw0wht3450328y82yeprmq4fr3e2qtac2rhezkv,ZZZ5,19863880.588346,50000.0,55984.034749,340.0,0.05,True,5900.608475368547,632.9187549728847,2950.019324507412,477.4892000356507,954.9784000713014,322.0596450984167,True,False,5900.608475368547,471.8739239199467,2950.019324507412,316.4443689827127,632.8887379654254,161.01481404547872,True,False
pool1jxv3my3c70e8pfr0cgm6esatehey2ml3v0qk8x236aw32eu0fcy,COINZ,882588.313149,100000.0,235436.543232,250.0,0.01,True,262.2142065142782,253.3477839777186,131.0845695854155,131.0845695854155,262.169139170831,8.821355193112396,True,False,262.2142065142782,162.60895327476925,131.0845695854155,126.66771574932484,253.33543149864968,90.72647822388043,True,False
pool1jyn6ynmz6qcpr48et0rkdk9j4vuyn6d0qdlsahc0jls8jrs708g,,11536.676262,1000.0,1377.437325,345.0,0.01,True,3.4263449383707956,3.4263449383707956,1.7131694418200432,1.7131694418200432,3.4263388836400863,-6.054730709248446e-06,False,True,3.4263449383707956,3.4263449383707956,1.7131694418200432,1.7131694418200432,3.4263388836400863,-6.054730709248446e-06,False,True
pool1jyutduy73e5u9877uns3k9rm0tf4r24j8lrn4xtkjpl3q5sn5mw,KOALA,1501809.247922,500.0,699.789655,170.0,0.03,True,446.0303959964704,178.40567360937183,223.0149823249435,171.6144114716837,343.2288229433674,164.82314933399556,True,False,446.0303959964704,95.9940923746941,223.0149823249435,89.20283023700597,178.40566047401194,82.41156809931783,True,False
pool1jz4vmzq5zkedem6wep8c99fxatxgvymlvdzs9qxxn7xsuv4m8um,,6.001245,100.0,6.001245,340.0,0.01,False,0.0,0.0,0.0,0.0,0.0,0.0,False,False,0.0,0.0,0.0,0.0,0.0,0.0,False,False
pool1jz5ljsnj4fzmk84j0wcw9ldy866dn07nzqg2ktyuyjvfvr3jgtq,DIGI4,30973280.350189,215000.0,215031.763262,340.0,0.04,True,9206.524326602232,753.754519658528,4601.354209239424,538.8552107897242,1077.7104215794484,323.9559019209204,True,False,9206.524326602232,591.6875344173004,4601.354209239424,376.7882255484966,753.5764510969932,161.88891667969278,True,False
pool1jzk8rwf2fs5l02dmm6pm5tnw9stmd8jpmvsy54085vu2u2656re,ETO11,50000242.227199,0.0,0.0,340.0,1.0,True,14849.811809753308,14849.811809753308,7424.905904876654,7424.905904876654,14849.811809753308,0.0,False,False,14849.811809753308,14849.811809753308,7424.905904876654,7424.905904876654,14849.811809753308,0.0,False,False
pool1k0d5szkmzsw6035ytsm8dv75d4ewu5gkm7c7dhsjug9uvkaunz3,,96.634341,100.0,96.634341,345.0,0.15,False,0.0,0.0,0.0,0.0,0.0,0.0,False,False,0.0,0.0,0.0,0.0,0.0,0.0,False,False
pool1k0h45kcsfynjfyplgn6qpaw40n3cvlcrdryez04x40ayq6w9dgh,,7.054091,100.0,7.054091,345.0,0.2,False,0.0,0.0,0.0,0.0,0.0,0.0,False,False,0.0,0.0,0.0,0.0,0.0,0.0,False,False
pool1k0ucs0fau2vhr3p7qh7mnpfgrllwwda7petxjz2gzzaxkyp8f88,POLY,69110361.740577,1000000.0,1005749.878996,170.0,0.009,True,20604.7177263809,648.6185561883605,10282.405844177194,406.8510859576241,813.7021719152482,165.08361572688773,True,False,20604.7177263809,565.6094120357839,10282.405844177194,323.84194180504744,647.6838836100949,82.07447157431102,True,False
pool1k0uv5fhsr74we0w7gfkv6m7r9rfpvgz2u7v66ppe0vxsvj0pzvt,,1367.097607,100.0,107.621522,340.0,0.9,True,0.40602102242483695,0.40602102242483695,0.2030104748072557,0.2030104748072557,0.4060209496145114,-7.28103255465129e-08,False,True,0.40602102242483695,0.40602102242483695,0.2030104748072557,0.2030104748072557,0.4060209496145114,-7.28103255465129e-08,False,True
pool1k0xa8wlsntmjhtw2shj3tspqd4kjyquw9tuyx5s7zz5jsyw4y2p,WMOPS,6181736.513282,150000.0,3070292.909736,170.0,0.0,True,1836.9854350284552,997.9443083354154,918.2319968531336,541.6255763796878,1083.2511527593756,85.30684442396023,True,False,1836.9854350284552,955.1613935778602,918.2319968531336,498.8426616221327,997.6853232442654,42.52392966640525,True,False
pool1k0xrqp03mn9u3q3sadndd6vu9udl5v38xpzyw0shm8sskuxw2av,JP2,36222079.108682,50000.0,58675.843019,340.0,0.05,True,10759.848914337037,877.0275205251655,5379.404322278234,599.7253405846595,1199.450681169319,322.42316064415354,True,False,10759.848914337037,715.7891330245236,5379.404322278234,438.48695308401767,876.9739061680353,161.18477314351173,True,False
pool1k2224hj6uhdgkflj6ncqvmfhqvhlhj0t8crhqux5mphwwumupec,UPBIT,35864351.698487,200000.0,35842795.348724,340.0,1.0,True,10659.74453545208,10659.74453545208,5327.8149422280985,5327.8149422280985,10655.629884456197,-4.114650995883494,False,True,10659.74453545208,10659.74453545208,5327.8149422280985,5327.8149422280985,10655.629884456197,-4.114650995883494,False,True
pool1k26f25u5uqvhxuj20x3p72kx5gx4lc658f55kr328y5xzh0x4et,BICKS,25378.110549,100.0,503.901303,345.0,0.15,True,7.537169705733004,7.537169705733004,3.7685841265975943,3.7685841265975943,7.537168253195189,-1.4525378153606994e-06,False,True,7.537169705733004,7.537169705733004,3.7685841265975943,3.7685841265975943,7.537168253195189,-1.4525378153606994e-06,False,True
pool1k2cj852umvq5f527x9u7p58mnletdzx29gr4e4npv4nc6m3hch9,,921332.464717,125000.0,165188.138654,340.0,0.0,True,273.7455595575938,273.7455595575938,136.84410038667886,136.84410038667886,273.6882007733577,-0.057358784236100746,False,True,273.7455595575938,188.60081624519836,136.84410038667886,136.84410038667886,273.6882007733577,85.08738452815936,True,False
pool1k2qhlrrweu8fecd4hx4hn22lv00nrd3rjdxj6durax7m78q7ynu,,14692412.478449,0.0,485.265834,340.0,0.99,True,4363.570067217675,4323.33569546346,2181.7850336088377,2163.3677915835706,4326.735583167141,3.399887703681088,True,False,4363.570067217675,4321.6357516116195,2181.7850336088377,2161.66784773173,4323.33569546346,1.699943851840544,True,False
pool1k2rhjxppp87k488zfeu9t24hl4jgjrjcqxwfg4q7jcu6wvkfwpn,,1.289969,200000.0,1.289969,340.0,0.01,False,0.0,0.0,0.0,0.0,0.0,0.0,False,False,0.0,0.0,0.0,0.0,0.0,0.0,False,False
pool1k2yfr7tapqzfgdn7vq2u44225rtqxctelr6dp0xjqggrwnx9hnw,BPP,85424.34872,27000.0,27027.002115,340.0,0.0,True,25.37240094587034,25.37240094587034,12.685746906158679,12.685746906158679,25.371493812317357,-0.0009071335529817759,False,True,25.37240094587034,25.37240094587034,12.685746906158679,12.685746906158679,25.371493812317357,-0.0009071335529817759,False,True
pool1k3mtxd2duy4848gx8knvlsas7w77f3k2cplwk6hjul72646fjte,QUACK,14420.188426,1000.0,1002.437424,345.0,0.01,True,4.2827363631914785,4.2827363631914785,2.141364325750077,2.141364325750077,4.282728651500154,-7.71169132463001e-06,False,True,4.2827363631914785,4.2827363631914785,2.141364325750077,2.141364325750077,4.282728651500154,-7.71169132463001e-06,False,True
pool1k3nkfa5ugavrpd9nwd3s6yyx454qxnquxwmux4rzfunl7q0z38t,KILN9,40549675.566282,100.0,2665.358294,340.0,0.05,True,12043.047339205807,925.8831539064807,6021.52250456742,624.4309031217249,1248.8618062434498,322.97865233696905,True,False,12043.047339205807,764.3937694134723,6021.52250456742,462.94151862871655,925.8830372574331,161.48926784396076,True,False
pool1k3wpsc8q8za2qeptx5kv73r76hs5gvp59gga6ad6u5hnj3scy3q,CPU,30645.771776,4000.0,4204.171603,170.0,0.0,True,9.101757276665257,9.101757276665257,4.550848013131505,4.550848013131505,9.10169602626301,-6.125040224702616e-05,False,True,9.101757276665257,9.101757276665257,4.550848013131505,4.550848013131505,9.10169602626301,-6.125040224702616e-05,False,True
pool1k5a5e3ylva34qpmwdywv7fn75wt3gzv423e9uw2vmw5rqjc2q7t,MAXC,70154.585652,500.0,503.373352,170.0,0.0,True,20.835586977038737,20.835586977038737,10.417783482163394,10.417783482163394,20.835566964326787,-2.0012711949846107e-05,False,True,20.835586977038737,20.835586977038737,10.417783482163394,10.417783482163394,20.835566964326787,-2.0012711949846107e-05,False,True
pool1k633phcvz2hjhj45evwwau4w576jpq83acg5h84w23jauqu56cw,NORTH,76296499.045325,10000.0,11008.965045,340.0,0.0,True,22660.540106186207,343.2206726244221,11330.050831305854,341.5857750612219,683.1715501224438,339.9508774980217,True,False,22660.540106186207,173.24520224348808,11330.050831305854,171.61030468028792,343.22060936057585,169.97540711708777,True,False
pool1k65vmd0uyy0k5eylunwakd99m9j0n2hfynkxzd9472276m32p50,FM2,244.251759,100.0,147.225972,345.0,0.03,True,0.07254151825460249,0.07254151825460249,0.036270754982778375,0.036270754982778375,0.07254150996555675,-8.289045741460832e-09,False,True,0.07254151825460249,0.07254151825460249,0.036270754982778375,0.036270754982778375,0.07254150996555675,-8.289045741460832e-09,False,True
pool1k6altfangsst2mmxg8a9wvg3dppyszu8ckfzd3uv6azgw3z2txy,ELITE,1370499.612187,300000.0,312979.951088,340.0,0.0,True,407.40216242393325,355.3925804218248,203.60812571520634,203.60812571520634,407.2162514304127,51.823671008587894,True,False,407.40216242393325,224.21535075450265,203.60812571520634,177.67506203501895,355.3501240700379,131.13477331553526,True,False
pool1k6knum588fm9fe5tmljeytyx65rv6h5jn8au824t86zt62nyd9e,ZONE,380134.821383,0.0,0.0,170.0,0.01,True,112.89806425779719,112.89806425779719,56.449032128898594,56.449032128898594,112.89806425779719,0.0,False,False,112.89806425779719,85.27898064257798,56.449032128898594,56.449032128898594,112.89806425779719,27.61908361521921,True,False
pool1k6u3rdl30ruf85q3jpzcfyq4ta0umrxdlt30rcpxqqasumcnkgu,,1008.611006,1000.0,1008.611006,345.0,0.005,True,0.29955223128410097,0.29955223128410097,0.14977611316240846,0.14977611316240846,0.29955222632481693,-4.959284038985601e-09,False,True,0.29955223128410097,0.29955223128410097,0.14977611316240846,0.14977611316240846,0.29955222632481693,-4.959284038985601e-09,False,True
pool1k7asvr2vd28jxw25fsh9pxckt5ykadhn8ua4x88vu39dzquvqvh,PRIZE,499.489389,300000.0,28915.983067,340.0,0.018,False,0.0,0.0,0.0,0.0,0.0,0.0,False,False,0.0,0.0,0.0,0.0,0.0,0.0,False,False
pool1k7ku4sqvepztwqfvqj7wjadcsw96mancwyf8spty9tm0jfnwls9,,240.722383,20000.0,0.0,340.0,0.01,False,0.0,0.0,0.0,0.0,0.0,0.0,False,False,0.0,0.0,0.0,0.0,0.0,0.0,False,False
pool1k7zrx5rw6cvef9m5qtp9sy4e53u93kwqx73ykz7md9gmwgf56yk,TREFI,10662851.655882,10.0,748.055989,340.0,0.01,True,3166.8115896878658,368.46444866728643,1583.4057642084279,352.52041688134824,705.0408337626965,336.57638509541005,True,False,3166.8115896878658,200.17625581109857,1583.4057642084279,184.2322240251604,368.4644480503208,168.28819223922224,True,False
pool1k8dm3fwajc6c8s32accfwqw8dqawl6k243z43cf74uxu7457z6l,,39364368.335038,0.0,39387105.381895,340.0,1.0,True,11691.012598077825,11691.012598077825,5845.506299038912,5845.506299038912,11691.012598077825,0.0,False,False,11691.012598077825,11691.012598077825,5845.506299038912,5845.506299038912,11691.012598077825,0.0,False,False
pool1k8l84smxjczp2mpqmn7qsd23j7h4vd7rwagdscsrjecvgplkmw8,,1.0,600000.0,1.0,340.0,0.02,False,0.0,0.0,0.0,0.0,0.0,0.0,False,False,0.0,0.0,0.0,0.0,0.0,0.0,False,False
pool1k8mxlherc4vmfk9pmxs0rk27qmu3sqy0gsdck4gwduz57xsepak,LOFI,2239.710944,100.0,1142.46907,340.0,0.01,True,0.6651827439322168,0.6651827439322168,0.3325913104897707,0.3325913104897707,0.6651826209795414,-1.2295267537432153e-07,False,True,0.6651827439322168,0.6651827439322168,0.3325913104897707,0.3325913104897707,0.6651826209795414,-1.2295267537432153e-07,False,True
pool1k8s63hvxl5un403f0lwqm87f7svwn2j7vpeflgupvkhqkjpknut,,2141646.986382,100.0,557.104176,170.0,0.06,True,636.0582589191193,198.0774566238405,318.02906793047595,178.91794030970442,357.83588061940884,159.75842399556834,True,False,636.0582589191193,118.19824091926617,318.02906793047595,99.03872460513007,198.07744921026014,79.87920829099397,True,False
pool1k8w7ylxa542hwymnwmuumpnudz7j9ae582wqecxv9n24zu8fptq,DAO,14834.495919,25000.0,1428.907188,340.0,0.02,False,0.0,0.0,0.0,0.0,0.0,0.0,False,False,0.0,0.0,0.0,0.0,0.0,0.0,False,False
pool1k93a7tazk6uhy0pe26pau9hthyn9kmtdcdl9er5kw9w82fl5j2w,LIFE,306.685167,450000.0,200.28513,345.0,0.01,False,0.0,0.0,0.0,0.0,0.0,0.0,False,False,0.0,0.0,0.0,0.0,0.0,0.0,False,False
pool1k99yncea8tq9pfeks3yymyj6fwjf4apx0s490j09m4y66vtyufr,PUMP,1809472.213659,6942.0,76607.815693,340.0,0.0,True,537.4182154434995,348.35811578037675,268.70551206923864,268.70551206923864,537.4110241384773,189.05290835810052,True,False,537.4182154434995,185.5554236856886,268.70551206923864,174.1789056606693,348.3578113213386,162.80238763565,True,False
pool1k9xjmvud972vng83669mkveaedteaprnfflqv047y66ugtqjyyq,,1167.085052,100.0,498.625042,345.0,0.15,True,0.34661831119067493,0.34661831119067493,0.1733091249367632,0.1733091249367632,0.3466182498735264,-6.131714852530834e-08,False,True,0.34661831119067493,0.34661831119067493,0.1733091249367632,0.1733091249367632,0.3466182498735264,-6.131714852530834e-08,False,True
pool1ka8q6my2a5fennpr2nmrj5yzma27d2fkev8lmpfq90kxzjszwgm,,366.625702,100.0,365.625702,345.0,0.02,True,0.10888595672555149,0.10888595672555149,0.05444297070231013,0.05444297070231013,0.10888594140462025,-1.5320931232021273e-08,False,True,0.10888595672555149,0.10888595672555149,0.05444297070231013,0.05444297070231013,0.10888594140462025,-1.5320931232021273e-08,False,True
pool1kccqxg032r6dcqqpvmv87azttcug5ug6cur9pa7qkuwc5ze4pxa,HUDO,29017.70999,0.0,872.818026,170.0,0.01,True,8.618108899222383,8.618108899222383,4.3090544496111916,4.3090544496111916,8.618108899222383,0.0,False,False,8.618108899222383,8.618108899222383,4.3090544496111916,4.3090544496111916,8.618108899222383,0.0,False,False
pool1kcrpxr6rqyqu0zlpdflma4565qrxtz4u4whcqhsan6335g5uext,GLOBA,32.479113,1.0,1.899062,170.0,0.06,True,0.009646127621042081,0.009646127621042081,0.00482306380147675,0.00482306380147675,0.0096461276029535,-1.808858098029109e-11,False,True,0.009646127621042081,0.009646127621042081,0.00482306380147675,0.00482306380147675,0.0096461276029535,-1.808858098029109e-11,False,True
pool1kcrr7re05pwesye0zh00a4xxnsrw5c29rd82fn4qecdcqu5rue3,4WARD,439538.566146,200000.0,207153.177644,170.0,0.0,True,130.59598563960736,130.59598563960736,65.28413068165094,65.28413068165094,130.56826136330187,-0.027724276305491458,False,True,130.59598563960736,106.4892481355491,65.28413068165094,65.28413068165094,130.56826136330187,24.079013227752768,True,False
pool1kcvaxe4q4npwt28qlr3h84htjf4qrqglqk3cr2484ptycr0ldut,RRC,55591953.86676,0.0,0.0,340.0,0.05,True,16510.521075211993,1148.5260537605996,8255.260537605996,735.7630268802998,1471.5260537605996,323.0,True,False,16510.521075211993,987.0260537605997,8255.260537605996,574.2630268802998,1148.5260537605996,161.4999999999999,True,False
pool1kcwfpv65agclgu9p6eetn6x4q0zexzgr5v2cl9255qlwjjqr56v,,1.77386,10000.0,1.77386,340.0,0.01,False,0.0,0.0,0.0,0.0,0.0,0.0,False,False,0.0,0.0,0.0,0.0,0.0,0.0,False,False
pool1kdfznpenxa9wwcz8tweump45k5h78h8hl4slv78fdypsug9ypc6,DOW,357360.789813,10000.0,11351.723494,340.0,0.015,True,106.1382879163348,106.1382879163348,53.068145754340364,53.068145754340364,106.13629150868073,-0.001996407654075938,False,True,106.1382879163348,106.1382879163348,53.068145754340364,53.068145754340364,106.13629150868073,-0.001996407654075938,False,True
pool1kdhhrsl8av6gzr7vrf5q06pwlrsr8646wkjkg0h550tw6vxf8mv,VIVA,32094.476337,500.0,846.849674,340.0,0.029,True,9.531910652057707,9.531910652057707,4.7659507872666085,4.7659507872666085,9.531901574533217,-9.07752449030852e-06,False,True,9.531910652057707,9.531910652057707,4.7659507872666085,4.7659507872666085,9.531901574533217,-9.07752449030852e-06,False,True
pool1kdr3lv2e7h5tx3gp3fwrpxhaj8cxh7v422uwj84enqxf6j5flj7,REYTS,400.299099,100.0,107.249204,340.0,0.0,True,0.11888678431492104,0.11888678431492104,0.05944338352951987,0.05944338352951987,0.11888676705903974,-1.7255881307187693e-08,False,True,0.11888678431492104,0.11888678431492104,0.05944338352951987,0.05944338352951987,0.11888676705903974,-1.7255881307187693e-08,False,True
pool1keasvddt9vndl8jyhg204s6kqusv5zgzg3kk3l3g949ew402ahe,UPSTR,261145.155441,15000.0,15719.993535,170.0,0.01,True,77.56299661093024,77.56299661093024,38.78043717629871,38.78043717629871,77.56087435259742,-0.0021222583328182054,False,True,77.56299661093024,77.56299661093024,38.78043717629871,38.78043717629871,77.56087435259742,-0.0021222583328182054,False,True
pool1kez2gdqpwq2d3xd5k5q4enea59sp8tmgqsyt0rtmgxvuyykz8qg,CSPS1,561.645229,35130.209624,10.176589,345.0,0.04,False,0.0,0.0,0.0,0.0,0.0,0.0,False,False,0.0,0.0,0.0,0.0,0.0,0.0,False,False
pool1kf0c6a38vy9t7muc2jpfefdc0y6ey8386ujtn6rtly25y5yxwqf,FGMTC,1026353.314341,2e-06,9.820727,170.0,0.1,True,304.82159464398967,183.4833205085059,152.41079732199424,152.41079732199424,304.8215946439885,121.33827413548258,True,False,304.82159464398967,106.98405250362394,152.41079732199424,91.74166025425288,183.48332050850576,76.49926800488181,True,False
pool1kffetqjt06qvk4995tz3e3q9h3c8cdq9eedrz8qr3ynnc63qckz,LUNA,768545.594961,1000.0,2540.705578,340.0,0.01,True,228.25492536901035,228.25492536901035,114.1272421560694,114.1272421560694,228.2544843121388,-0.00044105687155138185,False,True,228.25492536901035,170.7732061628617,114.1272421560694,114.1272421560694,228.2544843121388,57.4812781492771,True,False
pool1kftku3r6truhvjm75gsh9pm33zfv7nuwas88m5sxqqknyyj82gf,NORBY,4406.979749,500.0,1.050475,170.0,0.01,False,0.0,0.0,0.0,0.0,0.0,0.0,False,False,0.0,0.0,0.0,0.0,0.0,0.0,False,False
pool1kfu02878dsz2l2pml9r42fvh32l4zn3msjvgfx077q3yx2xgul8,WOMEN,10738.508606,25005.0,10.729466,340.0,0.0,False,0.0,0.0,0.0,0.0,0.0,0.0,False,False,0.0,0.0,0.0,0.0,0.0,0.0,False,False
pool1khwvcz8jz9auk53k698ywgr6ams27hrz20vnwqx2d4xggscp93f,CBUS,1252857.377449,25000.0,25097.8,345.0,0.015,True,372.1274122548116,345.9421882264054,186.05488235650594,186.05488235650594,372.1097647130119,26.167576486606492,True,False,372.1274122548116,179.43345151124393,186.05488235650594,172.9707876463353,345.9415752926706,166.5081237814267,True,False
pool1khyv2zj3asyhz76a4r2ky42sdxn3gqu3lcyw3sj74trmwhlc5ud,PALMA,764030.001311,50000.0,58075.770202,340.0,0.0,True,226.95399346474156,226.95399346474156,113.46672868685607,113.46672868685607,226.93345737371214,-0.020536091029413228,False,True,226.95399346474156,174.32921093526295,113.46672868685607,113.46672868685607,226.93345737371214,52.604246438449195,True,False
pool1kjd9ff9u5ytq4atavv2dfsg3pvxqw8d50642pzmpn386zel0ka8,HASH,433160.211263,101000.0,103303.983976,170.0,0.025,True,128.68494970593395,128.68494970593395,64.33281153435291,64.33281153435291,128.66562306870583,-0.01932663722811867,False,True,128.68494970593395,96.25004798498435,64.33281153435291,64.33281153435291,128.66562306870583,32.41557508372148,True,False
pool1kjhpg98jhm08usqg4sh5x9esa595apyw75qczyjp3z24g0cdate,,12059156.057595,100.0,1486.679131,170.0,0.06,True,3581.5079959091195,375.08582323094157,1790.7536514841465,267.4330405403615,534.866081080723,159.78025784978144,True,False,3581.5079959091195,295.1956734776752,1790.7536514841465,187.5428907870952,375.0857815741904,79.89010809651518,True,False
pool1kkfkdces5mdcyc9dn2hgg3463jggjvw3h89nejjarkz25uavaqu,1PCT9,16408785.271812,50000.0,60858.207735,340.0,0.01,True,4874.264476564465,401.9915150397342,2436.897007436796,368.66833706881226,737.3366741376245,335.3451590978903,True,False,4874.264476564465,234.3157194638969,2436.897007436796,200.99254149297496,401.98508298594993,167.66936352205303,True,False
pool1kkmk9dnzrrjtnsejttydecmq63x4dpkln70yfledaednj7mf7rk,LUM,548135.583956,2000.0,2716.66925,170.0,0.0238,True,162.79467201750356,162.79467201750356,81.39702217522567,81.39702217522567,162.79404435045134,-0.0006276670522140648,False,True,162.79467201750356,87.22790263189003,81.39702217522567,81.39702217522567,162.79404435045134,75.56614171856131,True,False
pool1kkqc725ffjcarn2ycawan340fkf476276c5yxy9nw3u5x3xluyg,,201.640658,200.0,201.640658,170.0,0.06,True,0.05988622674566173,0.05988622674566173,0.029943113278510264,0.029943113278510264,0.05988622655702053,-1.8864119988304395e-10,False,True,0.05988622674566173,0.05988622674566173,0.029943113278510264,0.029943113278510264,0.05988622655702053,-1.8864119988304395e-10,False,True
pool1kks6sgxvx7p6fe3hhnne68xzwa9jg8qgy50yt3w3lrelvns7390,lido,630859.941025,1000.0,1352.468176,200.0,0.02,True,187.36284423832063,187.36284423832063,93.68124115006972,93.68124115006972,187.36248230013945,-0.0003619381811859057,False,True,187.36284423832063,101.93080373841049,93.68124115006972,93.68124115006972,187.36248230013945,85.43167856172896,True,False
pool1kkwd6say8twq3z9e36v57adw02j2x52ascd6eumxy5zd66qm4fa,NDE,11271.452921,10.0,15.72317,340.0,0.03,True,3.3475630059928156,3.3475630059928156,1.6737814706410274,1.6737814706410274,3.347562941282055,-6.471076074987536e-08,False,True,3.3475630059928156,3.3475630059928156,1.6737814706410274,1.6737814706410274,3.347562941282055,-6.471076074987536e-08,False,True
pool1kl2vuauwfc5k0avf874ym5tcm04ywa22frleszhujeccj4va3lt,,70092705.538052,0.0,66829.930694,340.0,0.05,True,20817.16887984033,1382.4062140947246,10408.584439920165,852.5491247788192,1705.0982495576384,322.69203546291374,True,False,20817.16887984033,1221.060196363268,10408.584439920165,691.2031070473623,1382.4062140947246,161.34601773145664,True,False
pool1kl7qlqtzxamrj8qwutn6ww0ksw3m7chwuewztqr6uu6yz0nuqtn,,7065.623281,1000.0,1100.480403,340.0,0.05,True,2.098460325761492,2.098460325761492,1.0492284201221975,1.0492284201221975,2.098456840244395,-3.485517097168156e-06,False,True,2.098460325761492,2.098460325761492,1.0492284201221975,1.0492284201221975,2.098456840244395,-3.485517097168156e-06,False,True
pool1kllc67fn00yqpffw8e9dqnlcaa733h9u5nwx97vhtjlw2t5e56j,KEEN,9.892022,1000.0,9.892022,340.0,0.015,False,0.0,0.0,0.0,0.0,0.0,0.0,False,False,0.0,0.0,0.0,0.0,0.0,0.0,False,False
pool1klq8yy3rr6k4ez7uwkzz5ku3yuym3eeg6g2ne3p9f4hnzfycfkl,,47.868172,0.0,2.493879,340.0,0.075,True,0.014216598044603578,0.014216598044603578,0.007108299022301789,0.007108299022301789,0.014216598044603578,0.0,False,False,0.014216598044603578,0.014216598044603578,0.007108299022301789,0.007108299022301789,0.014216598044603578,0.0,False,False
pool1km88m74x0l6gax9whuw9v86ftejwztxyg4arfh5cartjv8eqsze,,100.380823,100.0,100.380823,345.0,0.15,True,0.029812582232578266,0.029812582232578266,0.014906291105342096,0.014906291105342096,0.029812582210684193,-2.1894073359840505e-11,False,True,0.029812582232578266,0.029812582232578266,0.014906291105342096,0.014906291105342096,0.029812582210684193,-2.1894073359840505e-11,False,True
pool1kmmahq4upmm5j8fkh3xa9vd7gdffkp8pd4axucfh4w4dw549yqe,,77026458.26547,71000000.0,76976501.88031,340.0,1.0,True,29124.05777112506,29124.05777112506,12280.64580296471,12280.64580296471,24561.29160592942,-4562.7661651956405,False,True,29124.05777112506,29124.05777112506,12280.64580296471,12280.64580296471,24561.29160592942,-4562.7661651956405,False,True
pool1kmsr376syqkluhxvv8k2axugqw7unjmlkwhfxjxtj7cw7qcn0jn,CRDN3,15509410.949401,100000.0,101490.692421,340.0,0.02,True,4607.9875778932155,452.7300879051975,2303.550197733188,391.86312808014185,783.7262561602837,330.9961682550862,True,False,4607.9875778932155,287.2202872307877,2303.550197733188,226.35332740573205,452.7066548114641,165.48636758067641,True,False
pool1kn059wyuuff0srprtvufv327th542l4c25e5hhcmwlsjymwr32d,,504.68367,500.0,503.612018,340.0,0.02,True,0.14988842701125765,0.14988842701125765,0.0749442128320929,0.0749442128320929,0.1498884256641858,-1.3470718429609008e-09,False,True,0.14988842701125765,0.14988842701125765,0.0749442128320929,0.0749442128320929,0.1498884256641858,-1.3470718429609008e-09,False,True
pool1knwd92dnngrypyvj3egguuxtl8g8elxarlvaqsyjewvh7sjla2g,,14144.899478,14009.822531,14009.822531,340.0,0.0,True,4.200963770567941,4.200963770567941,2.1004813261427895,2.1004813261427895,4.200962652285579,-1.1182823618227644e-06,False,True,4.200963770567941,4.200963770567941,2.1004813261427895,2.1004813261427895,4.200962652285579,-1.1182823618227644e-06,False,True
pool1kprt6l4quz03dhqx8jw22spdjvp5dkshdnn567vlexqkj35hd8a,BDRK,3231201.559999,25000.0,39722.29352,170.0,0.0,True,959.7422002205258,179.7085777224928,479.8480594732064,173.80907081667814,347.6181416333563,167.90956391086348,True,False,959.7422002205258,95.75351252043252,479.8480594732064,89.85400561461786,179.70801122923572,83.9544987088032,True,False
pool1kqpy3de52m07versalrkqd57w2qh5cze3wupwrgx39m5gvtkjct,,2249.499805,480.0,493.619014,340.0,0.01,True,0.6680907149453014,0.6680907149453014,0.33404511343946824,0.33404511343946824,0.6680902268789365,-4.880663648787475e-07,False,True,0.6680907149453014,0.6680907149453014,0.33404511343946824,0.33404511343946824,0.6680902268789365,-4.880663648787475e-07,False,True
pool1kqxgjf0zl60g88fxl3l8tpwu52pq78es33kqyaahgr2a7xh9g9t,RUGWA,294.768139,420.0,247.455053,340.0,0.069,False,0.0,0.0,0.0,0.0,0.0,0.0,False,False,0.0,0.0,0.0,0.0,0.0,0.0,False,False
pool1krznhwu3h5pu2stuslr53z5rme50t6384macsmylcnljwc7yjky,LEAF,54453895.984252,150000.0,229245.91584,170.0,0.01,True,16181.903225571748,396.8535921877691,8088.604487378509,282.1892786740758,564.3785573481516,167.52496516038252,True,False,16181.903225571748,313.057855982292,8088.604487378509,198.39354246859872,396.78708493719745,83.72922895490547,True,False
pool1ks49mpnl7mhh4eqa7ff3krhqa8nnx7gx04cawe46qnjeufawr5z,MOGA,8516.465074,500.0,2839.123365,340.0,0.9,True,2.529350425603736,2.529350425603736,1.2646740611814073,1.2646740611814073,2.5293481223628147,-2.3032409210976823e-06,False,True,2.529350425603736,2.529350425603736,1.2646740611814073,1.2646740611814073,2.5293481223628147,-2.3032409210976823e-06,False,True
pool1ksfzungz56vxa9sy6hr54v5hf6qx8rmcu6734gqm3qlxucveed6,EUSKL,291396.849734,5000.0,78085.292094,340.0,0.0,True,86.54499415337271,86.54499415337271,43.27208561160458,43.27208561160458,86.54417122320916,-0.0008229301635509501,False,True,86.54499415337271,86.54499415337271,43.27208561160458,43.27208561160458,86.54417122320916,-0.0008229301635509501,False,True
pool1ksh2u6kktx74ugv8jadrdqttwyjz9074ke82xt6j0qgfvdn43a5,MILKY,841404.600631,1000.0,1610.534534,340.0,0.01,True,249.89375472986663,249.89375472986663,124.94663590291101,124.94663590291101,249.89327180582202,-0.0004829240446042604,False,True,249.89375472986663,170.95033312374002,124.94663590291101,124.94663590291101,249.89327180582202,78.942938682082,True,False
pool1ksh2zpeeqe0rpcug63up5l66g3kr5vf58jraeun82rur6m4g6xz,TRUST,206813.081641,200.0,224.582333,340.0,0.005,True,61.42245676958056,61.42245676958056,30.711216512309015,30.711216512309015,61.42243302461803,-2.374496253310099e-05,False,True,61.42245676958056,61.42245676958056,30.711216512309015,30.711216512309015,61.42243302461803,-2.374496253310099e-05,False,True
pool1ksrg8a964464las0ymw88slrwxkychjz9lh09lqltu5m7nw3pq0,QUEEN,53894723.113098,10000.0,11234.841543,300.0,0.0069,True,16007.071717879591,411.6304832032723,8003.381012334187,354.7480880046473,709.4961760092946,297.86569280602225,True,False,16007.071717879591,262.69653630223604,8003.381012334187,205.814141103611,411.628282207222,148.93174590498597,True,False
pool1kterawv22xya864tqjy9pq2ftmuptlggywtqt3p7adexg7qyl6u,INDIE,207263.261787,10000.0,22041.412323,340.0,0.01,True,61.55837778308143,61.55837778308143,30.778622017607344,30.778622017607344,61.55724403521469,-0.0011337478667456935,False,True,61.55837778308143,61.55837778308143,30.778622017607344,30.778622017607344,61.55724403521469,-0.0011337478667456935,False,True
pool1ktg9hvae8kluwnr29khma3mxd7ffjj9k5l0yjdqlmazjclv4j3d,,2.618354,500.0,2.618354,340.0,0.075,False,0.0,0.0,0.0,0.0,0.0,0.0,False,False,0.0,0.0,0.0,0.0,0.0,0.0,False,False
pool1ktqaf79utweyenk6e7289ta5p5993g32emn8355rxmp0kgh2r0m,UPBIT,29565516.907554,200000.0,29347207.419735,340.0,1.0,True,8787.571859291578,8787.571859291578,4392.091949412551,4392.091949412551,8784.183898825102,-3.3879604664762155,False,True,8787.571859291578,8787.571859291578,4392.091949412551,4392.091949412551,8784.183898825102,-3.3879604664762155,False,True
pool1kv53mzjwqjp4aw48rczj8vm6hejwfnfwa634czyx5tw5qq3tata,GRC1,871324.496134,46000.0,48246.639551,170.0,0.01,True,258.8225004603544,175.75728734695218,129.4003322464808,129.4003322464808,258.8006644929616,83.04337714600939,True,False,258.8225004603544,96.2668082673789,129.4003322464808,87.8779359927751,175.7558719855502,79.48906371817128,True,False
pool1kvd03hq8kp0hnxq9lq598a5amrvauj9m386rwx7ydawvjdskwnh,CAKE,2434656.159576,500.0,108382.179123,170.0,0.0,True,723.0816115572,194.62121398853682,361.5404560955007,178.5266956240174,357.0533912480348,162.432177259498,True,False,723.0816115572,113.4051097921477,361.5404560955007,97.31059142762827,194.62118285525654,81.21607306310884,True,False
pool1kveecu8hx4dk8pe9rmv4q4tjwr9xmq30nacu2pafeljhypcn4wt,,295.168564,10000.0,5.930639,340.0,0.025,False,0.0,0.0,0.0,0.0,0.0,0.0,False,False,0.0,0.0,0.0,0.0,0.0,0.0,False,False
pool1kx0jm9ycs3t99tnwafw6w72jkdlzhj5ltxe2nrzkd9x2u5x343h,EMUR6,10880200.917663,500.0,1191.095594,170.0,0.015,True,3231.369318863689,216.2506520466788,1615.6830964887627,191.84113672710527,383.68227345421053,167.43162140753174,True,False,3231.369318863689,132.53481773023208,1615.6830964887627,108.12530241065856,216.25060482131713,83.71578709108505,True,False
pool1kxedw6c34730h344lz0s0z6848005qrs096l8l2whcwly3rcl27,,805.254475,0.0,2.609445,340.0,0.075,True,0.2391563896505862,0.2391563896505862,0.1195781948252931,0.1195781948252931,0.2391563896505862,0.0,False,False,0.2391563896505862,0.2391563896505862,0.1195781948252931,0.1195781948252931,0.2391563896505862,0.0,False,False
pool1kxfg47ms0mlszthp5j8uqpmqp6575j0nfusqne5sd7ggy3ntlsz,WAVE,5081.345635,2000.0,2465.370514,340.0,0.01,True,1.5091403000721066,1.5091403000721066,0.754568379315111,0.754568379315111,1.509136758630222,-3.5414418846357876e-06,False,True,1.5091403000721066,1.5091403000721066,0.754568379315111,0.754568379315111,1.509136758630222,-3.5414418846357876e-06,False,True
pool1kxtzkv3ylyc48hgjqkwe93q2vkx67vgzag9tvqfalhwsjs43w9u,ADAAT,433703.117971,160000.0,161481.731881,170.0,0.005,True,128.85806247021284,128.85806247021284,64.41638745698978,64.41638745698978,128.83277491397956,-0.025287556233280384,False,True,128.85806247021284,101.46741999649845,64.41638745698978,64.41638745698978,128.83277491397956,27.365354917481113,True,False
pool1kxzfswkhgcmyahh6lfjpy5uxh75qzsnlyprh3450av9jghsda89,,45.354204,5.0,12.621038,340.0,0.03,True,0.013469962859680868,0.013469962859680868,0.006734981371869429,0.006734981371869429,0.013469962743738857,-1.1594201120013192e-10,False,True,0.013469962859680868,0.013469962859680868,0.006734981371869429,0.006734981371869429,0.013469962743738857,-1.1594201120013192e-10,False,True
pool1kyn4xguhrd600j4y9kvksptzjk8k4hz5rdcrxx3qw3jksuwjnwz,,2342.381143,100.0,0.0,345.0,0.0,False,0.0,0.0,0.0,0.0,0.0,0.0,False,False,0.0,0.0,0.0,0.0,0.0,0.0,False,False
pool1kz0gh586tn9fh77fgc7em9tl6d82e3ly5quwsvvfevvszt64g8d,,2568.212709,5.0,57.340775,340.0,0.02,True,0.7627458278944736,0.7627458278944736,0.38137291026504255,0.38137291026504255,0.7627458205300851,-7.3643885434293566e-09,False,True,0.7627458278944736,0.7627458278944736,0.38137291026504255,0.38137291026504255,0.7627458205300851,-7.3643885434293566e-09,False,True
pool1kzf7zw2y05e7lyd7ht0nluh39fzmurm2wuvshvut6l6twu0el44,キティ,10549.056753,4000.0,5824.559377,340.0,0.01,True,3.1330450813614377,3.1330450813614377,1.566515013282689,1.566515013282689,3.133030026565378,-1.5054796059565945e-05,False,True,3.1330450813614377,3.1330450813614377,1.566515013282689,1.566515013282689,3.133030026565378,-1.5054796059565945e-05,False,True
pool1l0erdjregched3dj828q93rfa2f4w4p62nr248xshj5huq6zuvp,CF3,76301553.670411,76000000.0,76301499.726481,170.0,1.0,True,29220.529903964813,29220.529903964813,12153.795221514381,12153.795221514381,24307.590443028763,-4912.93946093605,False,True,29220.529903964813,29220.529903964813,12153.795221514381,12153.795221514381,24307.590443028763,-4912.93946093605,False,True
pool1l0m820vyqh5pp2yzpw973qzz23neqqd977u0uczh9fs9zqvg0je,WPBJ2,75718148.308149,50000000.0,63786708.200356,340.0,0.04,True,26771.756774569658,22773.320828256834,11964.158204896188,10205.726012572082,20411.452025144165,-2361.8688031126694,False,True,26771.756774569658,22747.604258727595,11964.158204896188,10180.009443042843,20360.018886085687,-2387.585372641908,False,True
pool1l0pmgdsymmdntuyan4snj88q8nm9axemwefu5ymkuq2s6gr90cn,SWIM2,1409867.117824,0.0,177202.179396,340.0,0.015,True,418.7231990059608,350.9269250604917,209.3615995029804,209.3615995029804,418.7231990059608,67.79627394546907,True,False,418.7231990059608,204.52323826599226,209.3615995029804,175.46346253024586,350.9269250604917,146.40368679449946,True,False
pool1l3rf0h8s6fdw8g4vy8qg7fw3wwj8jdm3hg0wwwycnvj8xcl2ps8,WALL,3893.026529,1000000.0,2.578114,340.0,0.012,False,0.0,0.0,0.0,0.0,0.0,0.0,False,False,0.0,0.0,0.0,0.0,0.0,0.0,False,False
pool1l3u6jww4npkx2e0utcsmkhwjjgnp43w62exrqwzm8wudg0457e5,ACE,9157.678697,0.0,6423.846429,340.0,0.01,True,2.7197829291847206,2.7197829291847206,1.3598914645923603,1.3598914645923603,2.7197829291847206,0.0,False,False,2.7197829291847206,2.7197829291847206,1.3598914645923603,1.3598914645923603,2.7197829291847206,0.0,False,False
pool1l3wdq3cec23jadkt2cx384vtgd75ncau33smrptwj87n2wedc0d,PIVT,4959252.635322,1000.0,19543.600785,340.0,1.0,True,1472.8779299490684,1472.8779299490684,736.4375403872763,736.4375403872763,1472.8750807745525,-0.0028491745158589765,False,True,1472.8779299490684,1472.8779299490684,736.4375403872763,736.4375403872763,1472.8750807745525,-0.0028491745158589765,False,True
pool1l40jtd7he9dv272md7jxp9yctj5glc598r6d3f5xv93qkx3e5z5,,2317.175115,1000.0,0.0,340.0,0.02,False,0.0,0.0,0.0,0.0,0.0,0.0,False,False,0.0,0.0,0.0,0.0,0.0,0.0,False,False
pool1l4synes9s3swlf5r5rsfpede3582r4km2wd94xctceyaudv9zx3,STAYK,193279.644403,3000.0,24456.601601,170.0,0.01,True,57.40370488783853,57.40370488783853,28.70168842604068,28.70168842604068,57.40337685208136,-0.0003280357571711079,False,True,57.40370488783853,57.40370488783853,28.70168842604068,28.70168842604068,57.40337685208136,-0.0003280357571711079,False,True
pool1l54esv8h5xjry9ms3jq4mnf49vwt3yuxl5fdudp7jpdx2swuaah,,19.453176,4700.0,19.453176,340.0,0.01,False,0.0,0.0,0.0,0.0,0.0,0.0,False,False,0.0,0.0,0.0,0.0,0.0,0.0,False,False
pool1l54qvzlg2jfalkcram9kxsa8vcmgy0fz845q5gptjq8k20kzg2r,RADAR,1978611.386375,100000.0,140071.382293,340.0,0.01,True,587.8534792731741,359.8493069868677,293.872655108445,293.872655108445,587.74531021689,227.89600323002225,True,False,587.8534792731741,203.46373030528483,293.872655108445,179.92032214248619,359.84064428497237,156.37691397968754,True,False
pool1l5jfc3zv4nue29uqh32fvz9khstd24azmxjltus3s90ckzw37p8,PLRS,58.273114,50.0,55.308833,340.0,0.01,True,0.017306812161148863,0.017306812161148863,0.008653405961725858,0.008653405961725858,0.017306811923451716,-2.376971466877542e-10,False,True,0.017306812161148863,0.017306812161148863,0.008653405961725858,0.008653405961725858,0.017306811923451716,-2.376971466877542e-10,False,True
pool1l5ktcfhhsx66ms6ugguusytr0nnsy49t2684avev6dak55jc00t,,429.978956,5000.0,0.0,200.0,0.6,False,0.0,0.0,0.0,0.0,0.0,0.0,False,False,0.0,0.0,0.0,0.0,0.0,0.0,False,False
pool1l5kwfudnqrhw3k4lwzcppu36nun9puvvr7xnanuz8a2zx4jaek5,ADOPT,2152783.119839,250.0,9033.775089,340.0,0.042,True,639.366004950797,353.77684696463587,319.6828478631301,319.6828478631301,639.3656957262602,285.5888487616244,True,False,639.366004950797,191.60026026225802,319.6828478631301,176.88841636704925,353.7768327340985,162.17657247184047,True,False
pool1l5tmww2aqkhl3lfcrced6xpsd30pzx65p6v4e48v29g4jtlvf3d,,2.621434,100.0,2.621434,345.0,0.15,False,0.0,0.0,0.0,0.0,0.0,0.0,False,False,0.0,0.0,0.0,0.0,0.0,0.0,False,False
pool1l6946mnu54f6v0we4xzra8kwm68ch7fphhxvgytd0m4lzk3pats,SMACH,420.094396,150.0,376.405598,340.0,0.03,True,0.1247658965857595,0.1247658965857595,0.06238293665267036,0.06238293665267036,0.12476587330534072,-2.328041877330822e-08,False,True,0.1247658965857595,0.1247658965857595,0.06238293665267036,0.06238293665267036,0.12476587330534072,-2.328041877330822e-08,False,True
pool1l6aeyn35nkqkn9lqqlwqnpraakdzuukjrqprcrj3sctk6hhe32k,OYSTR,24845572.640775,400000.0,466066.782525,170.0,0.02,True,7390.302305167702,447.13956167266696,3692.31966339772,305.19851196346644,610.3970239269329,163.25746225426593,True,False,7390.302305167702,365.40214843794917,3692.31966339772,223.46109872874865,446.9221974574973,81.52004901954814,True,False
pool1l6hkustv67tynh66w46mys94wsxhwddgp28k3r5twwlsv80uw0k,CASCH,109493.092365,50000.0,64428.869009,340.0,0.025,True,32.52230144230544,32.52230144230544,16.260294549019385,16.260294549019385,32.52058909803877,-0.0017123442666715505,False,True,32.52230144230544,32.52230144230544,16.260294549019385,16.260294549019385,32.52058909803877,-0.0017123442666715505,False,True
pool1l6vtae673eltsx86sk4xxr3fnn9tk8e99jkrdvcmjqlc6cca4nk,MUEN2,19081598.432756,10.0,4587.066978,340.0,0.9999,True,5667.135679721136,5666.6030942133375,2833.567785037087,2833.318488202002,5666.636976404004,0.03388219066619058,True,False,5667.135679721136,5666.586098300005,2833.567785037087,2833.301492288669,5666.602984577338,0.01688627733346948,True,False
pool1l7xwy6sswcpxcepf9m43sez4kwgrgxuw5ekhkavj3k2lv6njvec,BNP,32089286.639523,2.0,26652.234558,345.0,0.06,True,9530.35125767429,903.2923638293516,4765.175610397947,613.6615046983784,1227.3230093967568,324.03064556740514,True,False,9530.35125767429,741.2770399249011,4765.175610397947,451.6461807939279,903.2923615878558,162.01532166295465,True,False
pool1l8myd66tqjk75kh7uk9k8nyl20sd4qs33s4tzzn927ujyl7ahyk,KURD,908969.780217,500.0,358818.323133,170.0,0.03,True,269.95981773961006,211.27442537685857,134.9797783619376,134.9797783619376,269.9595567238752,58.685131347016636,True,False,269.95981773961006,161.37178986157562,134.9797783619376,105.63715880040351,211.27431760080702,49.9025277392314,True,False
pool1l8pvaam6f2wj2ank46uywp32wwapqga8e8utve3mgzzuxksc3tq,COR,449364.485073,70000.0,72852.944756,340.0,0.025,True,133.48946558596785,133.48946558596785,66.73709086621439,66.73709086621439,133.47418173242878,-0.015283853539074244,False,True,133.48946558596785,133.48946558596785,66.73709086621439,66.73709086621439,133.47418173242878,-0.015283853539074244,False,True
pool1l92vxagssugcsu4wyhvnjd0t6dlqjjfrxkt8v4qaucgmq8t3j3s,FGMTI,69999065.64124,2e-06,9.820727,170.0,0.1,True,20789.358317659127,2231.9384353346663,10394.679158829524,1192.4692069345342,2384.9384138690684,152.9999785344021,True,False,20789.358317659127,2155.438446067461,10394.679158829524,1115.969217667329,2231.938435334658,76.49998926719718,True,False
pool1l93nkg4n5jzdsd7k33g8vsavq4ne6ka82eddt9ysnu35vy6883j,LBF6,10106.658956,2e-06,9.820727,170.0,0.06,True,3.001625128934231,3.001625128934231,1.5008125644671098,1.5008125644671098,3.0016251289342195,-1.1546319456101628e-14,False,False,3.001625128934231,3.001625128934231,1.5008125644671098,1.5008125644671098,3.0016251289342195,-1.1546319456101628e-14,False,False
pool1la0t0gsskwejyfca5lchw5aqd5g8hknxdu6tuyqp0ttjxl6zt35,HUNNY,631891.132175,5000.0,5264.852368,170.0,0.0,True,187.67198125972791,170.1472411427302,93.83508997898525,93.83508997898525,187.6701799579705,17.52293881524031,True,False,187.67198125972791,85.85545246030264,93.83508997898525,85.07361306723398,170.14722613446796,84.29177367416531,True,False
pool1la6wjq8uaqctd05zw58dczxp6csf2z66wf726kdfyr9l7hnr6jp,,1.763938,100.0,1.763938,345.0,0.0,False,0.0,0.0,0.0,0.0,0.0,0.0,False,False,0.0,0.0,0.0,0.0,0.0,0.0,False,False
pool1lakvp73yzpuueyrhzr3sfyy0796gm53g95kapgnmsvv4k6apr5r,TRASI,31119.659249,25000.0,25565.946903,170.0,0.015,True,9.242553006279705,9.242553006279705,4.621232438911586,4.621232438911586,9.242464877823172,-8.81284565323881e-05,False,True,9.242553006279705,9.242553006279705,4.621232438911586,4.621232438911586,9.242464877823172,-8.81284565323881e-05,False,True
pool1lakxjm7v0q03xddynffn6m2wfm27pms3z9enztwvu7k0297tcr7,ROS,1294199.433437,20000.0,27629.133369,170.0,0.0,True,384.39979349462675,174.5771002024144,192.19257204361932,170.47377669697005,340.9475533939401,166.37045319152568,True,False,384.39979349462675,91.39171723568582,192.19257204361932,87.28839373024148,174.57678746048296,83.18507022479714,True,False
pool1larpvn53yyufaf8fh89nrrpgruqcq8mgxrtdxp5y87cqse3yfg2,JP5,8684648.187501,50000.0,55008.027821,340.0,0.05,True,2579.7918162920164,465.466959326212,1289.7717460565493,393.20359337187887,786.4071867437577,320.9402274175457,True,False,2579.7918162920164,304.98989039967535,1289.7717460565493,232.72652444534216,465.45304889068433,160.46315849100898,True,False
pool1lcl9j8zzqtcd4g2gf5zgexcqmnmjtvje707hupngymjhq43yk3s,,183.90648,10100.0,7.448162,340.0,0.0,False,0.0,0.0,0.0,0.0,0.0,0.0,False,False,0.0,0.0,0.0,0.0,0.0,0.0,False,False
pool1ld9hkah2dkzh73pvh9tf6xr0x28us34msv3zcv2sase5vhvq962,KOPI,15414088.392124,1000.0,394844.75286,340.0,0.008,True,4577.921772598831,481.5928179749774,2288.95645786648,405.11640652833916,810.2328130566783,328.63999508170093,True,False,4577.921772598831,317.2726724761579,2288.95645786648,240.79626102951966,481.5925220590393,164.31984958288143,True,False
pool1les50pm26wpf8gym7cda470xgfswukzhyykvhyfsfl4dcu2ezj4,SGTRS,8183613.177314,1000.0,6291.222118,340.0,0.03,True,2430.4999414552144,404.2738751368904,1215.2476197287153,366.910097010165,733.82019402033,329.54631888343954,True,False,2430.4999414552144,239.50064341207406,1215.2476197287153,202.1368652853486,404.2737305706972,164.77308715862313,True,False
pool1lev7ygxcqd4aw5em7wf7y64au4hv04yl5cew27lkjmgngj46vqk,TLK,70036654.425897,0.0,0.0,340.0,0.05,True,20800.521991142337,1363.026099557117,10400.260995571169,843.0130497785585,1686.026099557117,323.0,True,False,20800.521991142337,1201.5260995571168,10400.260995571169,681.5130497785585,1363.026099557117,161.50000000000023,True,False
pool1lfnlxfxxwvjadesxzm4c7grgs3elj70vfdnpjwjmg0ufsqnq52t,HISAI,25398188.857881,100.0,493.459874,340.0,0.0035,True,7543.132872799495,365.3504244650734,3771.5657066837316,352.07691830491154,704.1538366098231,338.8034121447497,True,False,7543.132872799495,195.94871582456454,3771.5657066837316,182.67520966440267,365.35041932880534,169.4017035042408,True,False
pool1lfsslc99da8jhj5apzctsnfm76kjc6ndyc6hnynagcj8xexvjsr,BNP,32142260.190186,2.0,42126.053205,345.0,0.06,True,9546.084126742275,908.4005615274206,4773.042044901499,616.1377637895616,1232.2755275791233,323.8749660517027,True,False,9546.084126742275,746.4630773706367,4773.042044901499,454.20027963277784,908.4005592655557,161.93748189491896,True,False
pool1lfvzgsrghmugvpym868mh29288ez0nncz680mamzjygu2jpuwcd,NORTH,66777951.197536,10000.0,11008.51914,340.0,0.0,True,19833.471511292348,343.2135495382647,9916.543886969164,341.5787181964133,683.1574363928266,339.9438868545619,True,False,19833.471511292348,173.24157448093277,9916.543886969164,171.60674313908135,343.2134862781627,169.97191179722992,True,False
pool1lfxjjg2fmaea3dnvu6wpxylrtrzq0pkgjutjesuzwem4xymtqaj,FGMTH,561898.684879,2e-06,9.820727,170.0,0.1,True,166.88098606974535,166.88098606974535,83.44049303487236,83.44049303487236,166.88098606974472,-6.252776074688882e-13,False,False,166.88098606974535,93.18938659313483,83.44049303487236,83.44049303487236,166.88098606974472,73.6915994766099,True,False
pool1lfy5rdaps2m3n5ere4l55rw6q8jn4nwt3jf9yksj8q9h27kng2t,FENIX,12455201.65021,130358.0,133579.691837,170.0,0.02,True,3700.979650600947,277.7313028918826,1850.0270431072188,221.2581550043015,442.516310008603,164.7850071167204,True,False,3700.979650600947,195.32467970283406,1850.0270431072188,138.85153181525297,277.70306363050594,82.37838392767188,True,False
pool1lg4pepngyq03jdkskr3689pv4a4djra9q8nkzu6hwtzezwanhyn,CDTRN,10551.383033,10000.0,10009.611578,340.0,0.0,True,3.1337122184512674,3.1337122184512674,1.5668545191770955,1.5668545191770955,3.133709038354191,-3.180097076338484e-06,False,True,3.1337122184512674,3.1337122184512674,1.5668545191770955,1.5668545191770955,3.133709038354191,-3.180097076338484e-06,False,True
pool1lg4y9djpazcpaag230mawgx4w43vmld7xcd7rq35lpjvkn333nj,GRUNT,12421.419815,100.0,111.62568,340.0,0.1,True,3.6890984772936477,3.6890984772936477,1.8445488846383955,1.8445488846383955,3.689097769276791,-7.080168566986345e-07,False,True,3.6890984772936477,3.6890984772936477,1.8445488846383955,1.8445488846383955,3.689097769276791,-7.080168566986345e-07,False,True
pool1lgves5hhdt5h6jzy7sf57l6gq9x3csf5w05ymv5zq7a9jfwn7kk,AdaPi,1036.427591,1000.0,1001.425841,340.0,0.005,True,0.3078136442787144,0.3078136442787144,0.15390681166755438,0.15390681166755438,0.30781362333510875,-2.0943605627543604e-08,False,True,0.3078136442787144,0.3078136442787144,0.15390681166755438,0.15390681166755438,0.30781362333510875,-2.0943605627543604e-08,False,True
pool1lgzryt60tckrjspn7z0gxup6ms6srd2xmtl9y7wvt5fsxnd2qxh,,6971.108217,100.0,10.0,340.0,0.015,False,0.0,0.0,0.0,0.0,0.0,0.0,False,False,0.0,0.0,0.0,0.0,0.0,0.0,False,False
pool1lhvpgr8lhsf6h03v9zqxm74pa63rdxx4yuvkqfw4tv9fua8t37a,OSAKA,9114174.027358,1000.0,2900.751658,340.0,0.03,True,2706.8727420284,411.7368835520279,1353.4337526499232,370.71587999244866,741.4317599848973,329.6948764328694,True,False,2706.8727420284,246.88936597632312,1353.4337526499232,205.86836241674385,411.7367248334877,164.84735885716458,True,False
pool1lhwzsyhh7dmw9wuz7qxnml2z5ef5303lp7jxgss2qnat22sprgx,UNION,1699.164094,50000.0,9.126538,340.0,0.01,False,0.0,0.0,0.0,0.0,0.0,0.0,False,False,0.0,0.0,0.0,0.0,0.0,0.0,False,False
pool1lhz4gsk5ezdl5s4mv2kxgrkhzzhad6me2v0xmwuyt845vensdlc,SECUR,44239078.625301,100000.0,106376.353759,170.0,0.03,True,13143.855405062332,589.4764209836732,6570.657079805424,376.94887062892224,753.8977412578445,164.4213202741713,True,False,13143.855405062332,507.224678511632,6570.657079805424,294.6971281568811,589.3942563137622,82.16957780213016,True,False
pool1lj9t0saaxejj6drmxefgejwuy47lx4ewwruwvn3uttyuw6f5389,ADBV,501.251536,7.0,501.251536,340.0,0.08,True,0.14886910235220868,0.14886910235220868,0.07443455018207745,0.07443455018207745,0.1488691003641549,-1.9880537771577167e-09,False,True,0.14886910235220868,0.14886910235220868,0.07443455018207745,0.07443455018207745,0.1488691003641549,-1.9880537771577167e-09,False,True
pool1ljqjqskd4f4zekzddw204u5xtzhyz2cllq5v5dmn27zdwf9c70f,WPBJ3,75637906.629269,30000000.0,74906813.26778,340.0,0.04,True,25046.640472464842,24817.38576178463,11751.538315867962,11645.649823341584,23291.29964668317,-1526.0861151014615,False,True,25046.640472464842,24815.808319442396,11751.538315867962,11644.07238099935,23288.1447619987,-1527.663557443695,False,True
pool1ljywsch33t7gaf02aeeqkqpuku0ngpwl9fm04t7u5sl5xyunmgp,AUTO,19791787.237272,100.0,6963.148883,170.0,0.0,True,5878.060115082991,172.00821037220868,2939.029488903782,170.97420027618043,341.94840055236085,169.94019018015217,True,False,5878.060115082991,87.03811508207441,2939.029488903782,86.00410498604616,172.00820997209232,84.9700948900179,True,False
pool1lk0hu3njxgra3emgfa73268el89qzytecff0fzz982avvjsw3l6,IMPI,47550.955609,10000.0,7278.721602,340.0,0.03,False,0.0,0.0,0.0,0.0,0.0,0.0,False,False,0.0,0.0,0.0,0.0,0.0,0.0,False,False
pool1lkcd3w5g6s6v3hf6kwt55dqpalrmq9h9f3ec033nnzhvgjgl860,FUND2,950974.813854,500000.0,619769.486305,495.0,0.0,True,282.69723628141764,282.69723628141764,141.28251158401648,141.28251158401648,282.56502316803295,-0.13221311338469377,False,True,282.69723628141764,270.4387495143893,141.28251158401648,141.28251158401648,282.56502316803295,12.126273653643636,True,False
pool1lkpj6fa4l0sy39qfvyl4pcsnnd22y8np8j98vzwula2kuxgers4,JOY,6279235.608842,50000.0,56977.137544,340.0,0.01,True,1865.2584854920183,368.9542229606319,932.5396691393549,351.24827421480995,702.4965484296199,333.542325468988,True,False,1865.2584854920183,202.18135983620198,932.5396691393549,184.47541109038002,368.95082218076004,166.76946234455806,True,False
pool1ll5mu4rgne203spelzdgrse0v7yk9rfzkp243rtt60rgu8mh3q8,WAN,59069.597444,10000.0,10008.598035,340.0,0.005,True,17.54392714146874,17.54392714146874,8.771822555629749,8.771822555629749,17.543645111259497,-0.0002820302092416682,False,True,17.54392714146874,17.54392714146874,8.771822555629749,8.771822555629749,17.543645111259497,-0.0002820302092416682,False,True
pool1llknxwa7zzugc52mnv3lpxgh7az8wnqylrxxfqhzzm9e2eufug3,,229.374109,50.0,55.924461,340.0,0.2,True,0.06812292733636265,0.06812292733636265,0.03406146109137191,0.03406146109137191,0.06812292218274382,-5.1536188233614055e-09,False,True,0.06812292733636265,0.06812292733636265,0.03406146109137191,0.03406146109137191,0.06812292218274382,-5.1536188233614055e-09,False,True
pool1lllmq2jgcqrag5c77lpc5m34fsqn63leadyx9tzx842n66ly3ql,,267892.624193,100000.0,122632.260204,340.0,0.0,True,79.58205030383553,79.58205030383553,39.78618652320653,39.78618652320653,79.57237304641306,-0.009677257422467278,False,True,79.58205030383553,79.58205030383553,39.78618652320653,39.78618652320653,79.57237304641306,-0.009677257422467278,False,True
pool1llwfa6erdh7k87j06y2z9999jcc84cnezwhg9e2sulrgwzrsug4,,4.613866,100.0,4.613866,345.0,0.15,False,0.0,0.0,0.0,0.0,0.0,0.0,False,False,0.0,0.0,0.0,0.0,0.0,0.0,False,False
pool1llwt52flj60vwd2tv3z4qzynu9p2njvsm95cf603zemlua4f955,,123.042202,100.0,107.414793,340.0,0.03,True,0.03654289650162454,0.03654289650162454,0.01827144758877801,0.01827144758877801,0.03654289517755602,-1.3240685214910286e-09,False,True,0.03654289650162454,0.03654289650162454,0.01827144758877801,0.01827144758877801,0.03654289517755602,-1.3240685214910286e-09,False,True
pool1llxh8l0h8g9ghz3nrzh7ndvev4x43vnk72nsemzm795vxqs6dp8,JP4,9838321.328894,50000.0,55621.536266,340.0,0.05,True,2922.49307248716,482.9949182682733,1461.105784981865,402.0766157328646,804.1532314657292,321.15831319745587,True,False,2922.49307248716,322.40796814809147,1461.105784981865,241.4896656126827,482.9793312253654,160.57136307727393,True,False
pool1lm89trd8cl36k8njlhgsemavry2jymnhddpvtk7fk7r7g4e3fep,BNP,60964.901339,2.0,29104.086169,345.0,0.06,True,18.106258661243245,18.106258661243245,9.053129295591019,9.053129295591019,18.106258591182037,-7.006120839037067e-08,False,True,18.106258661243245,18.106258661243245,9.053129295591019,9.053129295591019,18.106258591182037,-7.006120839037067e-08,False,True
pool1lmzhzkdvkh67a8hjcexlhajkk8f7kz2tf35frjut6creqs2kedg,HRDIB,2302877.639974,500.0,69153.626028,340.0,1.0,True,683.9440011042758,683.9440011042758,341.9716697999198,341.9716697999198,683.9433395998396,-0.0006615044361524269,False,True,683.9440011042758,683.9440011042758,341.9716697999198,341.9716697999198,683.9433395998396,-0.0006615044361524269,False,True
pool1lnk67xp7jsc2e3yyun3fpaqvkx0f3c8q0ml29ge85udeghn2gvn,WIRA,1007367.632547,487000.0,545323.968839,340.0,0.0,True,299.47772766620926,299.47772766620926,149.66472569781806,149.66472569781806,299.3294513956361,-0.14827627057314885,False,True,299.47772766620926,240.09090429942728,149.66472569781806,149.66472569781806,299.3294513956361,59.23854709620883,True,False
pool1lnr8t7pxvq3vfg8c5lc7yjcq39haws4ntu28xpxzx4zyya9ntny,KKS,34802274.695681,0.0,0.0,345.0,0.03,True,10336.094521979554,644.7328356593866,5168.047260989777,489.6914178296933,979.3828356593866,334.65,True,False,10336.094521979554,477.4078356593866,5168.047260989777,322.3664178296933,644.7328356593866,167.32500000000005,True,False
pool1lp9pugfvyrjt8rqj5v02yvucchzj27tlru9kwl7nj0fh2mjc5d3,,2112.667281,2000.0,2007.615582,340.0,0.03,True,0.6274514501640851,0.6274514501640851,0.31372566029400606,0.31372566029400606,0.6274513205880121,-1.2957607298247353e-07,False,True,0.6274514501640851,0.6274514501640851,0.31372566029400606,0.31372566029400606,0.6274513205880121,-1.2957607298247353e-07,False,True
pool1lp9wmr8dkcceta5we999nvlfh9um06cd6sggtt5523eawf7mtg4,YYG,10551782.199983,1000.0,12776.855117,170.0,0.01,True,3133.8365421673006,203.19130314141717,1566.9152396709817,185.64372276376628,371.28744552753255,168.0961423861154,True,False,3133.8365421673006,119.14319800028727,1566.9152396709817,101.59561762263641,203.19123524527282,84.04803724498555,True,False
pool1lptznmldt230m0ugku9ygx0jucm74y7sgmac4mu5x2x9jznr84r,HST,16638.426514,1000.0,2412.673658,340.0,0.0,True,4.941544084029596,4.941544084029596,2.4707675488329732,2.4707675488329732,4.9415350976659465,-8.98636364965455e-06,False,True,4.941544084029596,4.941544084029596,2.4707675488329732,2.4707675488329732,4.9415350976659465,-8.98636364965455e-06,False,True
pool1lpw2wnj2vrc75fv7f4jnfzgkqvlrxlampz5nmduwve47xgnckns,BNP,73462.825617,2.0,29066.574241,345.0,0.06,True,21.818077178718582,21.818077178718582,10.909038547147109,10.909038547147109,21.818077094294217,-8.442436438826917e-08,False,True,21.818077178718582,21.818077178718582,10.909038547147109,10.909038547147109,21.818077094294217,-8.442436438826917e-08,False,True
pool1lq60ecvs6ake3ntq45sv38v0xq3traf3tvc60vx7263n5c37df7,,10.277188,100.0,2.62293,340.0,0.02,False,0.0,0.0,0.0,0.0,0.0,0.0,False,False,0.0,0.0,0.0,0.0,0.0,0.0,False,False
pool1lq7t0qg273vp8t2wzmeyj7sdq2vhu2v87jjplgurpfxcs9afnr3,,7237074.786452,50000.0,0.0,340.0,0.2,False,0.0,0.0,0.0,0.0,0.0,0.0,False,False,0.0,0.0,0.0,0.0,0.0,0.0,False,False
pool1lqeg5d3jpwr3nvra568nk28sr8lttyr6cf4yyssdx6qtxea9nmr,,377689.59473,50000.0,0.0,340.0,0.05,False,0.0,0.0,0.0,0.0,0.0,0.0,False,False,0.0,0.0,0.0,0.0,0.0,0.0,False,False
pool1lqpymyzg9glc88r7urptuv0d8t2tu9ty7xtshvxmgpu0j4lp8p3,VINCE,6501245.339774,250000.0,375294.590966,170.0,0.01,True,1932.6381162174457,288.3599223703276,965.8677867672242,223.4419678050309,446.8839356100618,158.52401323973424,True,False,1932.6381162174457,209.06761319405013,965.8677867672242,144.14965862875346,288.2993172575069,79.23170406345679,True,False
pool1lqucyxuvjktfmpf7fd28j54cfgamyrxed344vnwlm9wqkwjeqwk,SPS3,11794614.704944,1000.0,11299.743259,340.0,0.05,True,3502.9527585041665,501.02636921531473,1751.4729907532649,411.8582882198872,823.7165764397744,322.69020722445964,True,False,3502.9527585041665,339.681093094134,1751.4729907532649,250.51301209870655,501.0260241974131,161.34493110327912,True,False
pool1lr02c9krwmtzr29e9h2w5e7crr9elss7qfflkr42j0ke6de4vh7,nmk,32634.679791,1000.0,20010.420252,170.0,0.05,True,9.692366468867142,9.692366468867142,4.846174145265987,4.846174145265987,9.692348290531974,-1.817833516781775e-05,False,True,9.692366468867142,9.692366468867142,4.846174145265987,4.846174145265987,9.692348290531974,-1.817833516781775e-05,False,True
pool1lr54356svvdz4yeqrq69wn6la2025l9r65pm26xxl466gxqqs83,,525.372401,10000.0,525.372401,340.0,0.03,False,0.0,0.0,0.0,0.0,0.0,0.0,False,False,0.0,0.0,0.0,0.0,0.0,0.0,False,False
pool1lr5ku0p3jhykdf3a2kcr0tyra30qvzrtl02dr6uyv98rxdsy3k9,STAKE,788736.194132,10000.0,10051.617741,340.0,0.0,True,234.25949691389874,234.25949691389874,117.12751062506368,117.12751062506368,234.25502125012736,-0.004475663771387417,False,True,234.25949691389874,170.81892006986988,117.12751062506368,117.12751062506368,234.25502125012736,63.43610118025748,True,False
pool1lr9vvcf5r5jgkgv5ly7z2lh068ymzg4xmqk5f8pu2k23vt25x7a,HYGGE,222759.542392,0.0,326.767053,340.0,0.0,True,66.15842515955894,66.15842515955894,33.07921257977947,33.07921257977947,66.15842515955894,0.0,False,False,66.15842515955894,66.15842515955894,33.07921257977947,33.07921257977947,66.15842515955894,0.0,False,False
pool1lrgpe8s7yskeqwvgu4t6tmkmh8eqwu0xj56yvufpxcn2kjgn7ss,HUB01,9199.194224,3815.541999,3315.346446,345.0,0.15,False,0.0,0.0,0.0,0.0,0.0,0.0,False,False,0.0,0.0,0.0,0.0,0.0,0.0,False,False
pool1lrnyqdlrj97d0ju5j6d9xa8prw0xeyumfd53rz5wk3gf7czqzjz,TYGAR,1551155.806234,100000.0,118684.654914,340.0,0.01,True,460.852207443977,350.3629019592033,230.38432421731153,230.38432421731153,460.76864843462306,110.40574647541973,True,False,460.852207443977,194.94015603113434,230.38432421731153,175.17786844751532,350.35573689503065,155.4155808638963,True,False
pool1ls80gx9sen3qc7s6c7u2ajw6hk8faqanljugcg5tfukp6qscetv,LGBTQ,142163.71662,0.0,962.913526,340.0,0.02,True,42.22188421386697,42.22188421386697,21.110942106933486,21.110942106933486,42.22188421386697,0.0,False,False,42.22188421386697,42.22188421386697,21.110942106933486,21.110942106933486,42.22188421386697,0.0,False,False
pool1lskcfz80qg2kr2p6776kl9emjn8ulkqsqse7um7skz4y2lwa0cu,CERO,17358178.979861,10000.0,14597.914144,340.0,0.0,True,5155.4882477160445,344.04973840188865,2577.694271011493,341.8818603545133,683.7637207090266,339.713982307138,True,False,5155.4882477160445,174.19270532297867,2577.694271011493,172.02482727560331,344.04965455120663,169.85694922822796,True,False
pool1lssudmnyy4vlzrvpmw4539xwklnx0lm2murc9t7n25u9sg2ce3n,PREV,6.0,45000.0,6.0,340.0,0.02,False,0.0,0.0,0.0,0.0,0.0,0.0,False,False,0.0,0.0,0.0,0.0,0.0,0.0,False,False
pool1lu0gwsvugl2cgx6gzk9zqdjwutd5szp293wpvwj4fvq4jleg8ww,WBFL,20893353.15236,399.0,18417.121586,339.0,0.01,True,6205.22676677116,402.7815331450409,3102.610988261046,369.04782338900117,738.0956467780023,335.31411363296144,True,False,6205.22676677116,235.12445028716746,3102.610988261046,201.39074053112773,402.78148106225547,167.657030775088,True,False
pool1lu2luhmkyayq9njh848kfknn6evwzmn3gzsxar7z3sttg7grxcm,PPTG1,95774417.551118,500.0,5810.316019,340.0,0.04,True,23025.43199623015,1248.7384797166035,14222.265626390032,896.0991283941231,1792.1982567882462,543.4597770716427,True,False,23025.43199623015,1085.548380518911,14222.265626390032,732.9090291964308,1465.8180583928615,380.2696778739505,True,False
pool1lugxr82p89qm35spzwccle405t5dfdznhrasyrtr2cyv2vyfud6,KISSA,264393.801532,101.0,103.930982,340.0,0.025,True,78.5236141948061,78.5236141948061,39.2617994280354,39.2617994280354,78.5235988560708,-1.5338735295244987e-05,False,True,78.5236141948061,78.5236141948061,39.2617994280354,39.2617994280354,78.5235988560708,-1.5338735295244987e-05,False,True
pool1luhm55xxqp0cv7a43rcfrr8m6m74kfe7wdvqdgfzt483x29lr0t,CF5,35000041.522467,34600000.0,50551499.245635,170.0,1.0,True,11031.856174400034,11031.856174400034,5279.031759381108,5279.031759381108,10558.063518762216,-473.7926556378188,False,True,11031.856174400034,11031.856174400034,5279.031759381108,5279.031759381108,10558.063518762216,-473.7926556378188,False,True
pool1lum6jezln4dtxsvjgagnd06uavwps9ntks9rk93h7spzkgyzu9w,LOTTO,6945.505531,5000.0,6607.056757,170.0,0.0055,True,2.062790189825583,2.062790189825583,1.031392299123501,1.031392299123501,2.062784598247002,-5.5915785810434215e-06,False,True,2.062790189825583,2.062790189825583,1.031392299123501,1.031392299123501,2.062784598247002,-5.5915785810434215e-06,False,True
pool1lunsvxzwgxjqf622gq72n6jhclq5juy0mqh9v4ktufdrzulfncr,DERP,3140.93108,0.0,2.624426,340.0,0.03,True,0.9328401897227787,0.9328401897227787,0.46642009486138936,0.46642009486138936,0.9328401897227787,0.0,False,False,0.9328401897227787,0.9328401897227787,0.46642009486138936,0.46642009486138936,0.9328401897227787,0.0,False,False
pool1luwt2c73ng94v20qv75dcyduml727s39w3yr8xvx6eue6ae58h2,QSTKE,3841.060475,500.0,0.0,340.0,0.01,False,0.0,0.0,0.0,0.0,0.0,0.0,False,False,0.0,0.0,0.0,0.0,0.0,0.0,False,False
pool1luyjjta9jja0nvh4wzqt4jvtesrlt893dj4c7x533dvfq9zshvp,RXR,191624.553797,100.0,15505.196359,340.0,0.02,True,56.91151754088487,56.91151754088487,28.455753267723896,28.455753267723896,56.91150653544779,-1.1005437080768843e-05,False,True,56.91151754088487,56.91151754088487,28.455753267723896,28.455753267723896,56.91150653544779,-1.1005437080768843e-05,False,True
pool1lv7v8r8ge22agkuv2astu503d42v749p6rp3sg8l6twuwqm525c,,5341.73636,100.0,4578.371497,345.0,0.15,True,1.5864685103566256,1.5864685103566256,0.7932341045772524,0.7932341045772524,1.5864682091545048,-3.0120212080042563e-07,False,True,1.5864685103566256,1.5864685103566256,0.7932341045772524,0.7932341045772524,1.5864682091545048,-3.0120212080042563e-07,False,True
pool1lvgs6gdcgl3lgcc77wxmuyst8x4h9gxcth07pzry0rfsv5ntl3r,BNP,32187119.774565,2.0,27850.305837,345.0,0.06,True,9559.407190019057,905.3589390345472,4779.703576514112,614.6891660876363,1229.3783321752726,324.01939314072536,True,False,9559.407190019057,743.3492413394164,4779.703576514112,452.67946839250544,905.3589367850109,162.0096954455945,True,False
pool1lvl6pfge9lgjuanu3556x29zglf6s3fw2lf2m823x9duj9gz6tu,LBF5,569.613562,2e-06,183.540082,170.0,0.06,True,0.169172264437191,0.169172264437191,0.08458613221859516,0.08458613221859516,0.16917226443719033,-6.661338147750939e-16,False,False,0.169172264437191,0.169172264437191,0.08458613221859516,0.08458613221859516,0.16917226443719033,-6.661338147750939e-16,False,False
pool1lvsa8e0dw6z8g2fkw7prnfa7627wuy5jjexaadck6w5sxw5xkvm,DIGI2,32958941.749797,215000.0,215033.046198,340.0,0.04,True,9796.747424027548,777.500338651397,4896.342589784369,550.7914419896257,1101.5828839792514,324.0825453278544,True,False,9796.747424027548,615.3650995713901,4896.342589784369,388.65620290961874,777.3124058192375,161.94730624784734,True,False
pool1lwp52dj9762g7uk2jk3czwywxqaa4753v7x2v56qr5l2znkky4h,PMP,1000.713424,1000.0,1000.713424,340.0,0.02,True,0.297206681441774,0.297206681441774,0.14860334051034974,0.14860334051034974,0.29720668102069947,-4.2107450859418805e-10,False,True,0.297206681441774,0.297206681441774,0.14860334051034974,0.14860334051034974,0.29720668102069947,-4.2107450859418805e-10,False,True
pool1lx7hdfz430vmrwhkrdgxu8c0xclffltavmkejpqzzz4ax0lnfvd,,1046970.618957,1000.0,1003.618222,340.0,0.0,True,310.94602894143395,310.94602894143395,155.47271394620816,155.47271394620816,310.9454278924163,-0.0006010490176322492,False,True,310.94602894143395,170.13510981149125,155.47271394620816,155.47271394620816,310.9454278924163,140.81031808092507,True,False
pool1lxhlu48gq0606mj6k20mh56zz804zf7narxvmty4pd3mgee65e5,ORPH,226848.173372,50000.0,182925.74382,340.0,0.01,True,67.38289777500749,67.38289777500749,33.688905215172944,33.688905215172944,67.37781043034589,-0.005087344661603765,False,True,67.38289777500749,67.38289777500749,33.688905215172944,33.688905215172944,67.37781043034589,-0.005087344661603765,False,True
pool1lxqewhueg4hzyad766zhdwsjet5348ww8mzejf6fprxaw8wfq5s,YOON,8809220.605439,100000.0,199604.455865,340.0,0.02,True,2617.2948960941108,436.114167733673,1308.396733013602,380.87158241528147,761.7431648305629,325.6289970968899,True,False,2617.2948960941108,273.2890876541229,1308.396733013602,218.04650233573133,436.09300467146267,162.80391701733976,True,False
pool1lyh8e725vttnkr5eylgfap7pmnmkrk0wznpkfl8qxahyqe2agcu,ETO14,19232.364293,0.0,0.0,340.0,1.0,True,5.711912136543829,5.711912136543829,2.8559560682719143,2.8559560682719143,5.711912136543829,0.0,False,False,5.711912136543829,5.711912136543829,2.8559560682719143,2.8559560682719143,5.711912136543829,0.0,False,False
pool1lyvg6ukqpumsr6wz0jvh7xutcgdtcyyde4wkvptzyl8rql4n3c6,FLAIR,552693.233724,38000.0,63258.836836,500.0,0.0,True,164.16950409470036,164.16950409470036,82.07912828712405,82.07912828712405,164.1582565742481,-0.011247520452258186,False,True,164.16950409470036,164.16950409470036,82.07912828712405,82.07912828712405,164.1582565742481,-0.011247520452258186,False,True
pool1lyxxsvl8tulypzj6rql4yaw9rsh6q6237fmfmj76a4mfsrz40gk,BOX,10589.719757,25200.0,0.0,340.0,0.01,False,0.0,0.0,0.0,0.0,0.0,0.0,False,False,0.0,0.0,0.0,0.0,0.0,0.0,False,False
pool1lz95nzjjmr6449lk0avhplw9678m6kxghvxzg2yfcmy3vl0k6jl,,103.230899,100.0,103.230899,340.0,0.035,True,0.030659040304289887,0.030659040304289887,0.015329520059311978,0.015329520059311978,0.030659040118623956,-1.8566593054658576e-10,False,True,0.030659040304289887,0.030659040304289887,0.015329520059311978,0.015329520059311978,0.030659040118623956,-1.8566593054658576e-10,False,True
pool1lzg07gaddygem6f5ch60yv0l0g2529af87hqgw6gkqdmsfs39z9,COSMV,122.084935,100.0,122.084935,170.0,1.0,True,0.03625859307289731,0.03625859307289731,0.018129295901917766,0.018129295901917766,0.03625859180383553,-1.2690617792743275e-09,False,True,0.03625859307289731,0.03625859307289731,0.018129295901917766,0.018129295901917766,0.03625859180383553,-1.2690617792743275e-09,False,True
pool1lzupr43772kfux007sdt02vlx7uzmfcplrwmxntdztxmwv9myrj,CRCI,480521.055956,57000.0,144722.045294,340.0,0.02,True,142.74002033705904,142.74002033705904,71.36306560531933,71.36306560531933,142.72613121063867,-0.013889126420366438,False,True,142.74002033705904,142.74002033705904,71.36306560531933,71.36306560531933,142.72613121063867,-0.013889126420366438,False,True
pool1m06dl8dfcy6d0475fanf0mtnnp2tzhw8rarums042q3jux23q0j,BTCS,36165712.0605,100.0,7693.765635,170.0,1.0,True,10741.032482213095,10741.032482213095,5370.515202027327,5370.515202027327,10741.030404054654,-0.002078158440781408,False,True,10741.032482213095,10741.032482213095,5370.515202027327,5370.515202027327,10741.030404054654,-0.002078158440781408,False,True
pool1m0drnjxsvnlesq0rwmur2rh6lenuql57jfzd6cf6aegj2cv7ugy,EMUR1,60196587.330888,500.0,1805.065577,170.0,0.015,True,17878.10784814812,436.1446512174393,8939.045276496436,301.79468504689197,603.5893700937839,167.44471887634467,True,False,17878.10784814812,352.4221618101844,8939.045276496436,218.07219563963707,436.14439127927415,83.72222946908977,True,False
pool1m2tgjxn880a3v6w4v3uf3kz9kduhvtr97slmpwnppd6r63230sm,,1.044631,123450.0,1.044631,340.0,0.0,False,0.0,0.0,0.0,0.0,0.0,0.0,False,False,0.0,0.0,0.0,0.0,0.0,0.0,False,False
pool1m3gg43uhtetn4hmw79u8836dyq8qe4cex8qnn6mks5egza7n6tp,ULTRA,2146583.31413,1000.0,3091.501361,340.0,1.0,True,637.5265422914435,637.5265422914435,318.76265468446195,318.76265468446195,637.5253093689239,-0.0012329225196481275,False,True,637.5265422914435,637.5265422914435,318.76265468446195,318.76265468446195,637.5253093689239,-0.0012329225196481275,False,True
pool1m3h5p82m6v99nda37rmed8vrkqt43e2a8d89k76gw5ets0gdyag,BANK,3174193.184991,10000.0,10000.375823,340.0,0.045,True,942.7552308397389,368.93752616949,471.36852258561464,346.30683877246884,692.6136775449377,323.67615137544766,True,False,942.7552308397389,207.0990139461449,471.36852258561464,184.4683265491237,368.9366530982474,161.8376391521025,True,False
pool1m3tqw6s5dphrlkxyr97faxk4cm3gwejv54mtyfd6w34dsx429eu,ECOP,597.625746,100.0,597.625746,345.0,0.0,True,0.1774917945381364,0.1774917945381364,0.08874588297170825,0.08874588297170825,0.1774917659434165,-2.859471989746787e-08,False,True,0.1774917945381364,0.1774917945381364,0.08874588297170825,0.08874588297170825,0.1774917659434165,-2.859471989746787e-08,False,True
pool1m3wam7j8xjahp5mq03rfkcfcy45kevzfyekmdy74x8ghgpm5cdz,,122680.092731,27700.0,27712.036094,340.0,0.03,True,36.43837427997008,36.43837427997008,18.21843071670118,18.21843071670118,36.43686143340236,-0.001512846567713666,False,True,36.43837427997008,36.43837427997008,18.21843071670118,18.21843071670118,36.43686143340236,-0.001512846567713666,False,True
pool1m42um4nhc654jyjasdk6mu4q38yf3qcswqcr4q2ysc6sjhyve9n,,76828637.678619,76800000.0,76890136.12774,340.0,1.0,True,29537.606206146247,29537.606206146247,12249.156358151826,12249.156358151826,24498.31271630365,-5039.293489842596,False,True,29537.606206146247,29537.606206146247,12249.156358151826,12249.156358151826,24498.31271630365,-5039.293489842596,False,True
pool1m4awll97kncxpantx2cvswt3yfh0sqkhzzg7m2rstyy36udnt29,FGMTN,5.046709,2e-06,5.046709,170.0,0.1,True,0.0014988463169448758,0.0014988463169448758,0.000749423158472435,0.000749423158472435,0.00149884631694487,-5.854691731421724e-18,False,False,0.0014988463169448758,0.0014988463169448758,0.000749423158472435,0.000749423158472435,0.00149884631694487,-5.854691731421724e-18,False,False
pool1m4enp55hp80tf6xl7k6f6593wnyu3pr83xfvef9x3ktdw9m0em5,AZUR2,20897786.681342,500000.0,2964503.266355,340.0,0.02,True,6218.332376609469,1274.7732293087647,3106.206893844336,779.8826036758528,1559.7652073517056,284.9919780429409,True,False,6218.332376609469,1131.8066528720215,3106.206893844336,636.9160272391097,1273.8320544782193,142.02540160619787,True,False
pool1m4nc6ea8htk9t58yx43sqluln7cp2a6qmzq257uudrvtkue8vw3,,712.881149,25000.0,1.817228,340.0,0.01,False,0.0,0.0,0.0,0.0,0.0,0.0,False,False,0.0,0.0,0.0,0.0,0.0,0.0,False,False
pool1m4njkh73pdj90xxkgaz9dnh7gffweeupft8nfurlntg6cgqfmy8,Pier2,14472738.546756,100.0,6247.377549,170.0,0.01,True,4298.329715642967,213.047532857509,2149.1644420060966,190.63743746649888,381.27487493299776,168.22734207548876,True,False,4298.329715642967,128.93385748391262,2149.1644420060966,106.52376209290252,213.04752418580503,84.11366670189241,True,False
pool1m4r66650ugw2xshz3gtred6wdxcn65v48r0r6p4vy64dy276q8h,,4.105189,0.0,2.411433,340.0,0.075,True,0.0012192197753055647,0.0012192197753055647,0.0006096098876527823,0.0006096098876527823,0.0012192197753055647,0.0,False,False,0.0012192197753055647,0.0012192197753055647,0.0006096098876527823,0.0006096098876527823,0.0012192197753055647,0.0,False,False
pool1m5chjwkxs3w5l43uf4y9ys2pprqxv86ffdm0fr4n38np2c7mhg6,,55.651486,500001.0,0.0,340.0,0.01,False,0.0,0.0,0.0,0.0,0.0,0.0,False,False,0.0,0.0,0.0,0.0,0.0,0.0,False,False
pool1m62sl6rauje9cknrkhwl39tc4hujudkd7gp478dpz7tagmjr8wm,,16022935.893662,35000.0,55549.546754,340.0,0.0349,True,4759.371981304661,509.0227833872294,2379.5251087918805,418.0034385280185,836.006877056037,326.98409366880753,True,False,4759.371981304661,345.5245834840265,2379.5251087918805,254.5052386248156,509.0104772496312,163.48589376560471,True,False
pool1m6awcstjzafepr5dwan54gemvh4y8dlvmqjtpwxsa7uqurcuq0l,,76827874.430358,76800000.0,76889869.543211,340.0,1.0,True,29537.245426420825,29537.245426420825,12249.017834683633,12249.017834683633,24498.035669367266,-5039.209757053559,False,True,29537.245426420825,29537.245426420825,12249.017834683633,12249.017834683633,24498.035669367266,-5039.209757053559,False,True
pool1m7eljcrzd593cawzwpts00mmnxnj52kr9da8r264r7c4kfd4m0h,,3866.076017,0.0,0.0,340.0,0.13,True,1.1482044633659916,1.1482044633659916,0.5741022316829958,0.5741022316829958,1.1482044633659916,0.0,False,False,1.1482044633659916,1.1482044633659916,0.5741022316829958,0.5741022316829958,1.1482044633659916,0.0,False,False
pool1m7mmef85qylqdqa3skut8a7akklp5myaanrn0gqzsfg37j3vms8,REM,10.899413,30000.0,0.0,340.0,0.02,False,0.0,0.0,0.0,0.0,0.0,0.0,False,False,0.0,0.0,0.0,0.0,0.0,0.0,False,False
pool1m80jrruqnynpuqvmm5cyhxjqy2q8pnnpyu40sd02z0gkzehqxua,,3233.967812,50000.0,750.760012,340.0,0.01,False,0.0,0.0,0.0,0.0,0.0,0.0,False,False,0.0,0.0,0.0,0.0,0.0,0.0,False,False
pool1m83drqwlugdt9jn7jkz8hx3pne53acfkd539d9cj8yr92dr4k9y,BKIND,1702569.498024,5000.0,6027.255412,330.0,0.01,True,505.6640383422924,332.37228885283986,252.82958028401313,252.82958028401313,505.65916056802627,173.2868717151864,True,False,505.6640383422924,169.6005631451333,252.82958028401313,166.18611148999872,332.37222297999745,162.77165983486415,True,False
pool1m90qdgknvwdewy6n7dz9ufkfqtscvdaqnw3q2vaphp20z27w706,KRAY1,1187.238209,100.0,1187.238209,340.0,0.015,True,0.35260369628676425,0.35260369628676425,0.17630181690578467,0.17630181690578467,0.35260363381156934,-6.247519490631959e-08,False,True,0.35260369628676425,0.35260369628676425,0.17630181690578467,0.17630181690578467,0.35260363381156934,-6.247519490631959e-08,False,True
pool1m93zq87dml37q6x97fqkx22qf2l0pj40pmpz86xer0ecc9vtsud,PAWS,1004.936177,1000.0,1004.936177,170.0,0.0,True,0.2984608219664733,0.2984608219664733,0.14923040955943323,0.14923040955943323,0.29846081911886646,-2.8476068170135704e-09,False,True,0.2984608219664733,0.2984608219664733,0.14923040955943323,0.14923040955943323,0.29846081911886646,-2.8476068170135704e-09,False,True
pool1m9h0ndgxlgxa63wsszv7a6l4x8lur35wktlnrycme6t852xrq76,VVM1,20825.937233,20000.0,20803.11149,340.0,0.015,True,6.185214116529737,6.185214116529737,3.0926022659432704,3.0926022659432704,6.185204531886541,-9.584643196447473e-06,False,True,6.185214116529737,6.185214116529737,3.0926022659432704,3.0926022659432704,6.185204531886541,-9.584643196447473e-06,False,True
pool1madkc465h6e9887ctj2adnky2t46km277wt3rs97hlzukzl4rx9,DEM,500.954444,150.0,167.020519,340.0,0.5,True,0.14878092409773003,0.14878092409773003,0.07439044692385036,0.07439044692385036,0.1487808938477007,-3.025002931478227e-08,False,True,0.14878092409773003,0.14878092409773003,0.07439044692385036,0.07439044692385036,0.1487808938477007,-3.025002931478227e-08,False,True
pool1mc4h5pk0juqfd5lj08d09d9tfeyd86v7se4kq2jyu9j0jy8ey4y,,13052.27821,10000.0,4.367959,340.0,0.02,False,0.0,0.0,0.0,0.0,0.0,0.0,False,False,0.0,0.0,0.0,0.0,0.0,0.0,False,False
pool1mctfqjen6qflfk65vz2hm8zse0a6e3g289hc0rgvrml777g85yq,VELA,844.013198,100.0,101.053977,340.0,0.01,True,0.2506676142404393,0.2506676142404393,0.12533378574386764,0.12533378574386764,0.2506675714877353,-4.275270404363596e-08,False,True,0.2506676142404393,0.2506676142404393,0.12533378574386764,0.12533378574386764,0.2506675714877353,-4.275270404363596e-08,False,True
pool1mcvq2z34f9cfdmkd97famsh20ekqtndw246ny5e8ug3mxfdf4zq,HIVE,1754157.471575,10000.0,184991.334332,170.0,0.01,True,520.9956900754842,210.15538382677076,260.49283290928787,180.35276085088913,360.70552170177825,150.5501378750075,True,False,520.9956900754842,134.87974148068233,260.49283290928787,105.07711850480072,210.15423700960145,75.27449552891912,True,False
pool1mcwcfl96ew79rmj4zxehr33p55e4e62dt4whyr2vqesswp9mmvz,MYB,4813006.563171,1000.0,3054.637865,340.0,0.0,True,1429.4434393069048,340.691429595577,714.7203370850882,340.23782118628395,680.4756423725679,339.7842127769909,True,False,1429.4434393069048,170.79932232961636,714.7203370850882,170.3457139203233,340.6914278406466,169.89210551103025,True,False
pool1mdyuct0kgd0hcjjnea999me5dxqpepr4y8du4smegfm3vlr37w5,AY1,906903.744737,100.0,583.588581,340.0,0.0,True,269.34579813498976,269.34579813498976,134.67287301399062,134.67287301399062,269.34574602798125,-5.2107008514212794e-05,False,True,269.34579813498976,170.06392858525325,134.67287301399062,134.67287301399062,269.34574602798125,99.281817442728,True,False
pool1mdzxt5rl2sgnehedgnl0jwk8vumsglequrap26qgg0uwg4cuq52,FGMT4,10101656.564206,2e-06,9.820727,170.0,0.1,True,3000.139444596903,453.01642074900116,1500.0697222984459,303.00813600198387,606.0162720039677,152.9998512549666,True,False,3000.139444596903,376.51649512151727,1500.0697222984459,226.5082103745,453.016420749,76.49992562748275,True,False
pool1me68mzk9kephj0yqya6xu9jefjvtg0dvmly3m9sy67cezrexalx,BNP,1469534.491373,2.0,49370.119768,345.0,0.06,True,436.4441019016827,353.37445168253,218.2220501064161,218.2220501064161,436.4441002128322,83.06964853030223,True,False,436.4441019016827,196.6720032489459,218.2220501064161,176.68722576393253,353.37445152786506,156.70244827891915,True,False
pool1meljzszklf23y97ka5sjqwasnel50xe5ar68gz70slm0jmt2wxs,MRPHM,63271.225078,1000.0,1090.494635,340.0,0.03,True,18.791296238430384,18.791296238430384,9.395630227665986,9.395630227665986,18.791260455331972,-3.5783098411457104e-05,False,True,18.791296238430384,18.791296238430384,9.395630227665986,9.395630227665986,18.791260455331972,-3.5783098411457104e-05,False,True
pool1mfgqn8n658vjdcvg3xgtr3qyet64fht0dzsukqeznxw36z8g2k6,CSN2,3875527.668061,10000.0,11623.649044,340.0,0.0189,True,1151.0559846216165,357.7155367853903,575.5168840767532,345.1442910262092,690.2885820524184,332.5730452670281,True,False,1151.0559846216165,191.4287715196379,575.5168840767532,178.85752576045675,357.7150515209135,166.2862800012756,True,False
pool1mfm9nf0fc2wknc94dxyedny3vxtmv4t05arq7czyxsmg7qcy76n,BYADA,1914.491173,1.0,1.0,340.0,0.0,True,0.5685939202305015,0.5685939202305015,0.284296959565484,0.284296959565484,0.568593919130968,-1.0995334642771581e-09,False,True,0.5685939202305015,0.5685939202305015,0.284296959565484,0.284296959565484,0.568593919130968,-1.0995334642771581e-09,False,True
pool1mfyzxyggryp0jhgghvzas7qjdyz2rcfnm5rfq8s9uefvukrlps5,BD6,76156221.778754,200.0,3062.090036,340.0,0.03,True,22618.019161628035,1009.209456995778,11309.005204707088,669.4979667433529,1338.9959334867058,329.7864764909277,True,False,22618.019161628035,844.3160872964304,11309.005204707088,504.60459704400523,1009.2091940880105,164.89310679158007,True,False
pool1mgpcx225587y9uf2zcwrputd3kj70jfpf654ca86dehuw5qk5pf,,209.736273,75000.0,0.0,340.0,0.0299,False,0.0,0.0,0.0,0.0,0.0,0.0,False,False,0.0,0.0,0.0,0.0,0.0,0.0,False,False
pool1mgpzhdjucv0hyyndzq08la7m5h645wmsat35gxy9fv6au9k7eg4,,1029.618662,500.0,997.620818,340.0,0.015,True,0.3057916902445548,0.3057916902445548,0.15289576903825727,0.15289576903825727,0.30579153807651455,-1.52168040279399e-07,False,True,0.3057916902445548,0.3057916902445548,0.15289576903825727,0.15289576903825727,0.30579153807651455,-1.52168040279399e-07,False,True
pool1mh4ng2ldxk4sqfppzu6r4knxrk6e87e9c4wgrred84uy7xauzlh,CCV2,32248857.032261,500.0,503.118476,340.0,0.03,True,9577.761291102368,617.2726346249517,4788.876012855222,473.53360563584283,947.0672112716857,329.79457664673396,True,False,9577.761291102368,452.3752072505989,4788.876012855222,308.63617826149004,617.2723565229801,164.89714927238117,True,False
pool1mh5qagd86gndurjs44k9dwurktdr7rra9prm5wwf09c77cwwaqw,CPATH,10687.792319,100.0,10175.696117,345.0,0.01,True,3.1742199311319266,3.1742199311319266,1.5871096613666271,1.5871096613666271,3.1742193227332542,-6.083986723304236e-07,False,True,3.1742199311319266,3.1742199311319266,1.5871096613666271,1.5871096613666271,3.1742193227332542,-6.083986723304236e-07,False,True
pool1mhrvkx5vfv7ygd55wsknycz2a8d6gd6y8m8rgdnqwa7jcy34g05,MCRP,15243.976509,3110.0,15243.976509,340.0,0.0,True,4.527425085517497,4.527425085517497,2.2637016997859662,2.2637016997859662,4.5274033995719325,-2.1685945564620113e-05,False,True,4.527425085517497,4.527425085517497,2.2637016997859662,2.2637016997859662,4.5274033995719325,-2.1685945564620113e-05,False,True
pool1mhww3q6d7qssj5j2add05r7cyr7znyswe2g6vd23anpx5sh6z8d,GMBL,565993.105629,18000.0,20321.893018,340.0,0.0314159,True,168.10834644277182,168.10834644277182,84.05133820360122,84.05133820360122,168.10267640720244,-0.005670035569380616,False,True,168.10834644277182,168.10834644277182,84.05133820360122,84.05133820360122,168.10267640720244,-0.005670035569380616,False,True
pool1mk9k389xy5szdzyc0fpty66fu93rhwnar3202vy0d7w9ue2rycu,,2419.912775,10000.0,10811.086467,340.0,0.0,True,0.7186143942547887,0.7186143942547887,0.35932897419387716,0.35932897419387716,0.7186579483877543,4.35541329656397e-05,True,False,0.7186143942547887,0.7186143942547887,0.35932897419387716,0.35932897419387716,0.7186579483877543,4.35541329656397e-05,True,False
pool1mkjtce8r8yeku0mmc9vpwl0scuwuwc8lz89ckpj3k0kwgvlunv5,RSNG,14299528.53152,10000.0,15386.377165,340.0,0.05,True,4247.049821651776,539.3462993346984,2123.4838475136708,430.99727957263485,861.9945591452697,322.6482598105713,True,False,4247.049821651776,378.02007428865375,2123.4838475136708,269.6710545265902,539.3421090531804,161.32203476452662,True,False
pool1mkw6psku0jvaw60uqleul9jxlmyt2xet3urjrgu6735ryxtga60,CRYL,101365.782198,15800.0,17113.652155,170.0,0.01,True,30.10666402864454,30.10666402864454,15.05294344683372,15.05294344683372,30.10588689366744,-0.0007771349771026337,False,True,30.10666402864454,30.10666402864454,15.05294344683372,15.05294344683372,30.10588689366744,-0.0007771349771026337,False,True
pool1ml8hj9zhv5esld4dwuxrkda0ktclw4g5xfggg86nw3majud2uf6,,548.60634,100.0,548.60634,345.0,0.15,True,0.1629332803514237,0.1629332803514237,0.08146662728673527,0.08146662728673527,0.16293325457347055,-2.5777953160943667e-08,False,True,0.1629332803514237,0.1629332803514237,0.08146662728673527,0.08146662728673527,0.16293325457347055,-2.5777953160943667e-08,False,True
pool1mltwh4elef39dkuuz058lgfuvx79c5wcnz3szau3arhsyq22ace,PARTY,90738.500126,25000.0,6.553927,345.0,0.03,False,0.0,0.0,0.0,0.0,0.0,0.0,False,False,0.0,0.0,0.0,0.0,0.0,0.0,False,False
pool1mlw3uh4m8qy0jlc8x0amx58gwt5xz277ya60xk6xv5daxjzt2gs,ASTRL,171.162648,100.0,121.484627,170.0,1.0,True,0.05083442414196235,0.05083442414196235,0.025417210026391697,0.025417210026391697,0.050834420052783394,-4.089178953781136e-09,False,True,0.05083442414196235,0.05083442414196235,0.025417210026391697,0.025417210026391697,0.050834420052783394,-4.089178953781136e-09,False,True
pool1mmrh2l3t5r7w5l7e82ven0e595vhgvu0hyf4ttrgcyejq8gwqcm,FKAI,76.874263,0.0,1.530598,340.0,0.1,True,0.022831256164245025,0.022831256164245025,0.011415628082122512,0.011415628082122512,0.022831256164245025,0.0,False,False,0.022831256164245025,0.022831256164245025,0.011415628082122512,0.011415628082122512,0.022831256164245025,0.0,False,False
pool1mn0ydnu5tt4w80y3dxdsajddhdz03p6mudk8vlh55r5exqywxhh,,1.86549,1.0,1.86549,340.0,0.01,True,0.0005540408255790512,0.0005540408255790512,0.0002770204125408609,0.0002770204125408609,0.0005540408250817218,-4.973293912108323e-13,False,False,0.0005540408255790512,0.0005540408255790512,0.0002770204125408609,0.0002770204125408609,0.0005540408250817218,-4.973293912108323e-13,False,False
pool1mn6relcs7dn2fqzfq5yjlwxa49d900p5sdpw62jlx45k2djgwe4,RED,24435324.385274,12059.0,32610.477122,170.0,0.0,True,7257.502742980259,179.45871814132164,3628.6667329060124,174.6158082695242,349.2316165390484,169.77289839772675,True,False,7257.502742980259,94.57215598694485,3628.6667329060124,89.72924611514742,179.45849223029484,84.88633624334999,True,False
pool1mnghpud4rypv76fgq5urhzaujlevp94tjxug6556e9qyua43ktl,TRDMK,5612.300437,100.0,107.618574,345.0,0.15,True,1.6668246646808809,1.6668246646808809,0.8334121739657658,0.8334121739657658,1.6668243479315317,-3.167493491940121e-07,False,True,1.6668246646808809,1.6668246646808809,0.8334121739657658,0.8334121739657658,1.6668243479315317,-3.167493491940121e-07,False,True
pool1mnhywmx87p5dlsk86szshumnn5pljdnacr0e8zsq2v32ckh5wyf,,43014.883895,100000.0,25.522547,340.0,0.015,False,0.0,0.0,0.0,0.0,0.0,0.0,False,False,0.0,0.0,0.0,0.0,0.0,0.0,False,False
pool1mqy259k253xryf4hvdq0n72n2uvadcgp34r0fxwpqzm0z5n0qp6,SPS4,17024762.075901,1000.0,13240.958287,340.0,0.05,True,5056.285328054588,579.2989395023565,2528.1377728214097,451.0236154302391,902.0472308604782,322.7482913581217,True,False,5056.285328054588,417.92454564908655,2528.1377728214097,289.6492215769691,579.2984431539383,161.3738975048517,True,False
pool1mrxg6svcug7mc459ce5zum4qd6p0hkfc08jzpphxfnxzz8yf7ll,PET♥,1476163.150429,10000.0,12855.476493,200.0,0.0,True,438.42962774768387,202.07641443552788,219.21060060771782,200.16729954575626,400.33459909151253,198.25818465598465,True,False,438.42962774768387,102.94728541542356,219.21060060771782,101.03817052565196,202.07634105130393,99.12905563588036,True,False
pool1msfz0v3yrzl3k5njsm92uw59cfs5uepajs4a62rxfm5xke9d2zr,,1047.231164,600.0,1047.231164,340.0,0.01,True,0.311022515765463,0.311022515765463,0.1555111807840211,0.1555111807840211,0.3110223615680422,-1.5419742083189192e-07,False,True,0.311022515765463,0.311022515765463,0.1555111807840211,0.1555111807840211,0.3110223615680422,-1.5419742083189192e-07,False,True
pool1mt8sdg37f2h3rypyuc77k7vxrjshtvjw04zdjlae9vdzyt9uu34,ABLE,45373236.443159,5000.0,21118.02751,170.0,0.0,True,13475.875876926813,176.19294268694276,6737.872758229021,173.05687952774133,346.11375905548266,169.9208163685399,True,False,13475.875876926813,91.23250416589077,6737.872758229021,88.09644100668937,176.19288201337875,84.96037784748798,True,False
pool1mtnhc34ylrthfu7vzja3em2j5csaq3ewd5z294hs8xw2w6nupuf,,1360.197288,33000.0,1279.861864,345.0,0.025,False,0.0,0.0,0.0,0.0,0.0,0.0,False,False,0.0,0.0,0.0,0.0,0.0,0.0,False,False
pool1mtuhuh8hkf8am0qzx45y58kll8q83sjh6pwljrflcmw970d82f3,KILN6,67753433.424012,100.0,3115.03727,340.0,0.03,True,20122.425018805974,934.3549833672572,10061.210562772561,632.0698517423234,1264.1397034846468,329.7847201173896,True,False,20122.425018805974,769.462564822836,10061.210562772561,467.1774331979023,934.3548663958046,164.89230157296856,True,False
pool1mtxmk0skqkr5y0wxnxps4n35j6wn9q8dfr82y423vvlp53vccux,KILN3,12510888.130769,100.0,1391.94329,340.0,0.03,True,3715.67012337139,441.6344087039933,1857.8347022365049,385.6988469946051,771.3976939892102,329.7632852852169,True,False,3715.67012337139,276.7527552391171,1857.8347022365049,220.8171935297289,441.6343870594578,164.88163182034071,True,False
pool1mugxe86p0p6fzeesthdzkuk3h9xtndf4my9cznmxtmpvujzlw4f,Kings,12.691233,5000.0,12.691233,340.0,0.01,False,0.0,0.0,0.0,0.0,0.0,0.0,False,False,0.0,0.0,0.0,0.0,0.0,0.0,False,False
pool1mvk6eup390pja32f2r9fgeus5sr5u8l6x9ver65tf7q76t6309z,GSG,3209.593764,100.0,367.289456,170.0,0.015,True,0.9532330070141255,0.9532330070141255,0.47661641416488715,0.47661641416488715,0.9532328283297743,-1.7868435120416137e-07,False,True,0.9532330070141255,0.9532330070141255,0.47661641416488715,0.47661641416488715,0.9532328283297743,-1.7868435120416137e-07,False,True
pool1mvl09pgsejrudghjhq79qurugrvqy3pceznp7f9vz63n7ku7jqx,AMZ1,14419205.140954,5.0,2267.520132,340.0,0.0,True,4282.428992228547,340.61997433433197,2141.2144754003093,340.28325348346834,680.5665069669367,339.9465326326047,True,False,4282.428992228547,170.64670801477214,2141.2144754003093,170.30998716390854,340.6199743278171,169.97326631304495,True,False
pool1mvtxupzcgdtslv2sw0l3f4zlhd3a69fue6gu0vhqz47w7j5zryx,FGMT5,10440768.729879,2e-06,9.820727,170.0,0.1,True,3100.8539935336803,463.0878804738605,1550.4269967668345,308.0438682800044,616.0877365600088,152.99985608614833,True,False,3100.8539935336803,386.5879524307858,1550.4269967668345,231.54394023692967,463.08788047385934,76.49992804307357,True,False
pool1mw8jpnmxd22vw4h68uqw70nx24vfju4aav9rznesc4vnjnt68g4,OZGRN,4845.770281,500.0,31.521092,340.0,0.0,False,0.0,0.0,0.0,0.0,0.0,0.0,False,False,0.0,0.0,0.0,0.0,0.0,0.0,False,False
pool1mwp8ewtzmun0426v9z0h9um2amswgfzn78rckfl2fc3t5sy0m5g,AACC,9341443.078363,10000.0,62273.580872,340.0,0.01,True,2774.4672492296463,380.4114580986364,1387.2068091753015,357.3833326790433,714.7666653580866,334.3552072594502,True,False,2774.4672492296463,213.23340934030625,1387.2068091753015,190.20528392071316,380.4105678414263,167.17715850112006,True,False
pool1mwv76cr0znehqxe23xk4ylhr0j6gwsjxf2cvwjxm0ewdgcjzw3e,,33387.952777,100.0,8.442161,345.0,0.15,False,0.0,0.0,0.0,0.0,0.0,0.0,False,False,0.0,0.0,0.0,0.0,0.0,0.0,False,False
pool1mxqjlrfskhd5kql9kak06fpdh8xjwc76gec76p3taqy2qmfzs5z,IOG1,10209293.320842,5000000.0,5000558.043187,340.0,0.07,True,3065.8241930360023,1772.4702403633555,1524.0098656227408,962.2187407149447,1924.4374814298894,151.96724106653392,True,False,3065.8241930360023,1691.8083354187595,1524.0098656227408,881.5568357703488,1763.1136715406976,71.30533612193813,True,False
pool1mxv85lq4lvuqx8r83lmwlvqhtnu3qjy0lldhsv83rfnj5ed7vyg,,8.247561,1000.0,8.247561,340.0,0.006,False,0.0,0.0,0.0,0.0,0.0,0.0,False,False,0.0,0.0,0.0,0.0,0.0,0.0,False,False
pool1my7sevxtc4dfvj626q0ujqqukntfa2v0uuydq6wd8x8hvml03rn,POWER,107137.276004,500.0,3508.604444,340.0,0.0,True,31.819274856286413,31.819274856286413,15.909622108972068,15.909622108972068,31.819244217944135,-3.063834227745588e-05,False,True,31.819274856286413,31.819274856286413,15.909622108972068,15.909622108972068,31.819244217944135,-3.063834227745588e-05,False,True
pool1myvgx4ef424e6nw2strqq7dxcepav52plyyhxrk0avaw7y098l2,COOL2,40449331.833228,50000.0,52749.960151,170.0,0.02,True,12015.564044540246,422.05012108757353,6007.2011018582725,294.2040682067832,588.4081364135664,166.35801532599282,True,False,12015.564044540246,338.85875258978706,6007.2011018582725,211.01269970899673,422.02539941799347,83.16664682820641,True,False
pool1myw0304x7q2zuk24pzmf2rwwcwlh9p29pnj257zzjcd9j29s4xl,,340.417081,100.0,340.417081,400.0,0.01,True,0.10110212962975444,0.10110212962975444,0.05055105790741514,0.05055105790741514,0.10110211581483028,-1.3814924162969255e-08,False,True,0.10110212962975444,0.10110212962975444,0.05055105790741514,0.05055105790741514,0.10110211581483028,-1.3814924162969255e-08,False,True
pool1mzcwrurfd3afzp0xz84423q8xxdxj0ju5h4sse73hx4msvqra9t,,13133482.221696,0.0,13151568.669862,340.0,1.0,True,3900.5758914670737,3900.5758914670737,1950.2879457335368,1950.2879457335368,3900.5758914670737,0.0,False,False,3900.5758914670737,3900.5758914670737,1950.2879457335368,1950.2879457335368,3900.5758914670737,0.0,False,False
pool1mzf0vc58p7ktgs5gqzqrcwtrs4xnlpd5v9thzl7gahqj7f7aqye,MPN,104.616489,100.0,1.132205,345.0,0.03,False,0.0,0.0,0.0,0.0,0.0,0.0,False,False,0.0,0.0,0.0,0.0,0.0,0.0,False,False
pool1mzn7a7h4ghv35d7hm7lepzcc8vkwq38qajnnuqalc60mkl0recn,,314.271584,300.0,304.534015,340.0,0.05,True,0.09333703033661306,0.09333703033661306,0.0466685139380351,0.0466685139380351,0.0933370278760702,-2.460542852800174e-09,False,True,0.09333703033661306,0.09333703033661306,0.0466685139380351,0.0466685139380351,0.0933370278760702,-2.460542852800174e-09,False,True
pool1mzry5s8pkfy42ul2xevaq7dk6qae8247hqd8serm3ms06glvny0,SCP,74537.486574,191.0,2163.517774,340.0,0.01,True,22.13726204255898,22.13726204255898,11.068626941399149,11.068626941399149,22.137253882798298,-8.159760682246997e-06,False,True,22.13726204255898,22.13726204255898,11.068626941399149,11.068626941399149,22.137253882798298,-8.159760682246997e-06,False,True
pool1n0tqrkw62zmr20h9jz5ev2ph428ym49wt2z0mq4vlylf5u0sv7y,LANKA,59291.546128,25000.0,25001.617254,345.0,0.05,True,17.610266511853848,17.610266511853848,8.80488674161506,8.80488674161506,17.60977348323012,-0.0004930286237261328,False,True,17.610266511853848,17.610266511853848,8.80488674161506,8.80488674161506,17.60977348323012,-0.0004930286237261328,False,True
pool1n0uxgs5qfk5n9xl7qvq9jt8zuu02cntrsjnjayjlqtejyffnemj,EVE7,59122834.798393,10.0,11.51385,400.0,0.04,True,17559.175021578256,1086.3702088527552,8779.587340922815,735.1850602407392,1470.3701204814784,383.9999116287231,True,False,17559.175021578256,894.3702462437092,8779.587340922815,543.1850976316932,1086.3701952633864,191.99994901967727,True,False
pool1n20x3spgcj72k0azl85gxt72qzr2eq7sr53tlmwdg8wrz60ynzn,MAMAK,8859.727556,50000.0,58702.580756,340.0,0.0001,True,2.6289293095825195,2.6289293095825195,1.3150555339618044,1.3150555339618044,2.630111067923609,0.0011817583410893562,True,False,2.6289293095825195,2.6289293095825195,1.3150555339618044,1.3150555339618044,2.630111067923609,0.0011817583410893562,True,False
pool1n2j7zmw69gf3weqp3wae234p3lykjks49c84mleqgmnmg4jht3y,YORK,140114.668803,50000.0,50103.811902,340.0,0.01,True,41.618511049219904,41.618511049219904,20.80795903139429,20.80795903139429,41.61591806278858,-0.002592986431324107,False,True,41.618511049219904,41.618511049219904,20.80795903139429,20.80795903139429,41.61591806278858,-0.002592986431324107,False,True
pool1n2yp66zk6m33sg8k20hsvmk9tw7xeeswzdcfxhnx9hm9jkxv5k4,ONE1,3398851.830147,100000.0,140765.715416,340.0,0.01,True,1009.8209328336349,374.161879193225,504.81549789324157,348.4058393104872,696.8116786209744,322.6497994277494,True,False,1009.8209328336349,212.83213594121864,504.81549789324157,187.07609605848083,374.15219211696166,161.32005617574302,True,False
pool1n353xqapcq8wtyskm8cj4g04t8rv03lteyl30c42zug7kzv8vqz,NES,700393.222217,0.0,1551.240629,340.0,0.0,True,208.01314312616327,208.01314312616327,104.00657156308164,104.00657156308164,208.01314312616327,0.0,False,False,208.01314312616327,170.08419203696266,104.00657156308164,104.00657156308164,208.01314312616327,37.92895108920061,True,False
pool1n3agd6rep8jw3gff684mja56ns6wqmshayu0av7hxcgx7f4pnwy,,4593.359052,1097.0,1097.096991,340.0,0.0,True,1.3642081490029994,1.3642081490029994,0.6821029724883864,0.6821029724883864,1.3642059449767727,-2.204026226637623e-06,False,True,1.3642081490029994,1.3642081490029994,0.6821029724883864,0.6821029724883864,1.3642059449767727,-2.204026226637623e-06,False,True
pool1n3sjq3qvu5vvcd6aud6ndcwq7r3ghmkafcg60gznlwfrk2ucxku,ANVIL,429627.097792,100.0,484.005065,340.0,0.05,True,127.5970622254719,127.5970622254719,63.79851877193328,63.79851877193328,127.59703754386656,-2.4681605339083035e-05,False,True,127.5970622254719,127.5970622254719,63.79851877193328,63.79851877193328,127.59703754386656,-2.4681605339083035e-05,False,True
pool1n4fq4gw6snzqjep3pylj8dc6aaa4xgn78gl58k360dqdw6a58g8,PEPE,1508453.523145,42000.0,173967.966096,340.0,0.0369,True,448.0736710250228,355.99199176857263,224.01912494565389,224.01912494565389,448.03824989130777,92.04625812273514,True,False,448.0736710250228,211.14741190811702,224.01912494565389,177.99337519752038,355.98675039504076,144.83933848692374,True,False
pool1n500map6vvxwkxnrw5m9vgmjqrmtaxuuxkgqvzz7699c7qc550v,TEXAN,856150.192541,190000.0,204308.500816,340.0,0.005,True,254.41806916950054,254.41806916950054,127.17249826561518,127.17249826561518,254.34499653123035,-0.07307263827019028,False,True,254.41806916950054,190.4665786348707,127.17249826561518,127.17249826561518,254.34499653123035,63.87841789635965,True,False
pool1n5kljtvdhg29vrhr6uefqk76dpepzfwuvsw8zd0z5yqfuqj7x8a,,237876.182717,25000.0,25799.962155,340.0,0.01,True,70.654107057293,70.654107057293,35.32552366136784,35.32552366136784,70.65104732273568,-0.003059734557325555,False,True,70.654107057293,70.654107057293,35.32552366136784,35.32552366136784,70.65104732273568,-0.003059734557325555,False,True
pool1n5shd9xdt4s2gm27fxcnuejaqhhmpepn6chw2c82kqnuzdtpsem,ZOE,190524.81102,5000.0,10003.852578,340.0,0.0,True,56.58594378315093,56.58594378315093,28.29270534865888,28.29270534865888,56.58541069731776,-0.0005330858331689114,False,True,56.58594378315093,56.58594378315093,28.29270534865888,28.29270534865888,56.58541069731776,-0.0005330858331689114,False,True
pool1n5ytegzw3enscfw4t8wsjytrz228agvm9c3xaarce7pgjzftdtx,_Q_,170595.914687,25010.0,35197.688805,170.0,0.01,True,50.67028521410686,50.67028521410686,25.33409588533951,25.33409588533951,50.66819177067902,-0.0020934434278387926,False,True,50.67028521410686,50.67028521410686,25.33409588533951,25.33409588533951,50.66819177067902,-0.0020934434278387926,False,True
pool1n62v2xsrnpyyaav2mgauwzn40u8hfzavt520vsaehz252v2tf7u,GUILD,2800.352071,500.0,527.625746,345.0,0.2,True,0.8316913177918084,0.8316913177918084,0.4158453284339787,0.4158453284339787,0.8316906568679574,-6.609238509813764e-07,False,True,0.8316913177918084,0.8316913177918084,0.4158453284339787,0.4158453284339787,0.8316906568679574,-6.609238509813764e-07,False,True
pool1n6erydn8x79sa3fmrqmj7mcyqa9em5fppr447j6d9k0xwfl7sc5,CF4,76301500.320156,76000000.0,76301500.320156,170.0,1.0,True,29220.50483156203,29220.50483156203,12153.785563215433,12153.785563215433,24307.571126430867,-4912.933705131163,False,True,29220.50483156203,29220.50483156203,12153.785563215433,12153.785563215433,24307.571126430867,-4912.933705131163,False,True
pool1n6w5q9hw3gj6574uts75mkyrqcm702n240fxlk5df4sf7a7vlvk,,138.742943,100.0,138.742943,345.0,0.02,True,0.04120593669820304,0.04120593669820304,0.02060296723596709,0.02060296723596709,0.04120593447193418,-2.2262688637031403e-09,False,True,0.04120593669820304,0.04120593669820304,0.02060296723596709,0.02060296723596709,0.04120593447193418,-2.2262688637031403e-09,False,True
pool1n6z7rf722heq35v2dxvstfwezgdt8cv0mftpv4r9jay3wjk2kkt,YKSP,2033341.300741,5000.0,88141.682748,340.0,0.01,True,603.9034436818051,353.964375964393,301.9488077361924,301.9488077361924,603.8976154723848,249.9332395079918,True,False,603.9034436818051,192.95987780713943,301.9488077361924,176.98203378317126,353.9640675663425,161.0041897592031,True,False
pool1n75mtv5qwzquyq2cprnu7yqpnyg4ppagpzvcw6gk2un5vadg48a,CDMS,1143026.437558,1000000.0,1110506.46455,340.0,0.01,True,339.65422118833067,339.65422118833067,169.77966363396715,169.77966363396715,339.5593272679343,-0.09489392039637323,False,True,339.65422118833067,334.8756972563125,169.77966363396715,169.77966363396715,339.5593272679343,4.683630011621801,True,False
pool1n7s5kpymwd0zsld8q23tpf7z5esjaqwmnnzzssee5630zpx5ww0,RABIT,1629748.867349,150000.0,159195.564133,170.0,0.0,True,484.2825669550568,200.6994479615512,242.07730745627512,177.04058634527786,354.0811726905557,153.38172472900453,True,False,484.2825669550568,124.00233635276446,242.07730745627512,100.34347473649112,200.68694947298223,76.68461312021778,True,False
pool1n7zh6hu89v9lz6d8ggjr9xll8q8jqr5aa4qxkfnlfh2uj39802c,ARIA,2398.77006,100.0,400.944493,345.0,0.1,True,0.7124224921415683,0.7124224921415683,0.3562111800244969,0.3562111800244969,0.7124223600489938,-1.3209257443413946e-07,False,True,0.7124224921415683,0.7124224921415683,0.3562111800244969,0.3562111800244969,0.7124223600489938,-1.3209257443413946e-07,False,True
pool1n7zhzk2zyvqywfj476s4xk9h0xzncsq37469d8cyg37lsngvvqp,PUB,27.20215,10.0,21.145604,170.0,0.01,True,0.008078897225536258,0.008078897225536258,0.004039448563344474,0.004039448563344474,0.008078897126688947,-9.884731054510265e-11,False,True,0.008078897225536258,0.008078897225536258,0.004039448563344474,0.004039448563344474,0.008078897126688947,-9.884731054510265e-11,False,True
pool1n8nq690antqxcekkekzk07yp7y7psmm3v6ad6tmkm4v3ulyhz0w,DUST,17512.997323,0.0,11.749238,340.0,0.0,True,5.201269091648403,5.201269091648403,2.6006345458242013,2.6006345458242013,5.201269091648403,0.0,False,False,5.201269091648403,5.201269091648403,2.6006345458242013,2.6006345458242013,5.201269091648403,0.0,False,False
pool1n8xmcjuadnkn8kk9axtjt3ahx5amj4nc8446grdjzfdrzl77xh6,,148.435878,100.0,148.435878,340.0,0.15,True,0.04408468907860487,0.04408468907860487,0.02204234314767894,0.02204234314767894,0.04408468629535788,-2.783246987048127e-09,False,True,0.04408468907860487,0.04408468907860487,0.02204234314767894,0.02204234314767894,0.04408468629535788,-2.783246987048127e-09,False,True
pool1n940lfxkd7z73qzj5y554yrletrmgg5x2eya9tpglh3uwcqfnud,FUNON,1333944.071066,1000.0,1542.057747,270.0,0.0,True,396.17598101363774,270.14586117456327,198.08760753013354,198.08760753013354,396.1752150602671,126.02935388570381,True,False,396.17598101363774,135.3019230367961,198.08760753013354,135.0729301445553,270.1458602891106,134.8439372523145,True,False
pool1n96ql32ct37n8w0l9ddhnc2t8tv0uyd6kuhzua8uxy63xs35wgl,,80.466289,1.0,1.42651,340.0,0.02,True,0.023898069289663287,0.023898069289663287,0.011949034622000117,0.011949034622000117,0.023898069244000234,-4.56630531997515e-11,False,True,0.023898069289663287,0.023898069289663287,0.011949034622000117,0.011949034622000117,0.023898069244000234,-4.56630531997515e-11,False,True
pool1n9vs3ye3939ae8x6jfkf0unksj7q05zgsk2fnm8lhve95w3j0rs,ZOOM,1402.160582,1000.0,1354.324795,340.0,0.015,True,0.4164348601614785,0.4164348601614785,0.20821731452785341,0.20821731452785341,0.41643462905570683,-2.3110577168639068e-07,False,True,0.4164348601614785,0.4164348601614785,0.20821731452785341,0.20821731452785341,0.41643462905570683,-2.3110577168639068e-07,False,True
pool1nc4tjhmg9m2rmhq5thyvn9nvayy28dt0z7h5erhlfw6pzj9usfn,,76827873.816001,76800000.0,76886308.18368,340.0,1.0,True,29537.245136020494,29537.245136020494,12249.01772318274,12249.01772318274,24498.03544636548,-5039.209689655014,False,True,29537.245136020494,29537.245136020494,12249.01772318274,12249.01772318274,24498.03544636548,-5039.209689655014,False,True
pool1ncg357pkgx29g6jrwunk94pwxe409ktxyrw8s0k66vwkc4qdgnu,BIMI1,1751219.397282,25000.0,40379.105817,340.0,0.01,True,520.1526624601975,345.91389506779365,260.0639261075837,260.0639261075837,520.1278522151674,174.21395714737378,True,False,520.1526624601975,181.49450735403752,260.0639261075837,172.95654030931377,345.91308061862753,164.41857326459,True,False
pool1nchr83fc0hrykvhlnh64n3wlt5vkdu727xjep59znrwzs589jdd,CANDY,790629.403302,10000.0,15079.600524,340.0,0.01,True,234.82179194814762,234.82179194814762,117.40865270174069,117.40865270174069,234.81730540348138,-0.004486544666235659,False,True,234.82179194814762,171.87219448360628,117.40865270174069,117.40865270174069,234.81730540348138,62.945110919875106,True,False
pool1ncst8jldzmwa4s874u3x4q7seqjyq3njc89a2w2056m2ywktd6w,PROUD,525.997253,0.0,53.738926,340.0,0.99,True,0.15621844758280415,0.15621844758280415,0.07810922379140207,0.07810922379140207,0.15621844758280415,0.0,False,False,0.15621844758280415,0.15621844758280415,0.07810922379140207,0.07810922379140207,0.15621844758280415,0.0,False,False
pool1ndtsklata6rphamr6jw2p3ltnzayq3pezhg0djvn7n5js8rqlzh,,1712.12848,10.0,21.63503,340.0,0.0,True,0.508493270586062,0.508493270586062,0.2542466304026305,0.2542466304026305,0.508493260805261,-9.780800946934676e-09,False,True,0.508493270586062,0.508493270586062,0.2542466304026305,0.2542466304026305,0.508493260805261,-9.780800946934676e-09,False,True
pool1ndu9fpv7prmp6r6k23lzx6fcpjlvh6upl3w8ghldys467u6vvrl,STAG,1405.326847,1000.0,1397.01853,345.0,0.039,True,0.41737522803249466,0.41737522803249466,0.20868749755364166,0.20868749755364166,0.4173749951072833,-2.3292521134088418e-07,False,True,0.41737522803249466,0.41737522803249466,0.20868749755364166,0.20868749755364166,0.4173749951072833,-2.3292521134088418e-07,False,True
pool1nf8990yn76kp9csnfrrl9aar7z8l7pas0jlfu637us5n6sgycem,ZADA,5097.814933,100.0,9.619058,345.0,0.15,False,0.0,0.0,0.0,0.0,0.0,0.0,False,False,0.0,0.0,0.0,0.0,0.0,0.0,False,False
pool1nffpy6r7l4ueeedzvvzsta2vty9g6mtet6huuhfzyvndkwd35dl,ALAB,2832084.619837,1000.0,1438.386722,340.0,0.01,True,841.1176515089238,345.2631439038216,420.558012337441,340.84608556545777,681.6921711309155,336.42902722709397,True,False,841.1176515089238,177.0486217471095,420.558012337441,172.63156340874568,345.26312681749135,168.21450507038185,True,False
pool1ng0wg25mkdkcmryzh5dcw70p0462z7svegxr9c7d2k5cqf9tt2k,,466.984959,54000.0,0.0,340.0,0.0,False,0.0,0.0,0.0,0.0,0.0,0.0,False,False,0.0,0.0,0.0,0.0,0.0,0.0,False,False
pool1ng3vqzrhn3z45yjdscv3q37n26g2pj3vp99rfkgv6225y8lqg8j,EVE2,47944358.173565,1000.0,1497.294501,400.0,0.04,True,14239.28004108071,953.9861121675317,7119.626245627711,668.9865085455347,1337.9730170910693,383.9869049235376,True,False,14239.28004108071,761.9921082962765,7119.626245627711,476.9925046742793,953.9850093485586,191.99290105228215,True,False
pool1nh9j5qucsddxkzn3m4dm4gxkhwtpya4wm4e0ye2u0puaqgkcm65,FUNGI,332745.125389,250000.0,154691.075119,340.0,0.03,False,0.0,0.0,0.0,0.0,0.0,0.0,False,False,0.0,0.0,0.0,0.0,0.0,0.0,False,False
pool1nhd907krga9dh69kf0jg4tl0764rravepy337gptvsknxyyx94k,TOPO⚡,1681730.44196,65000.0,97008.260729,170.0,0.01,True,499.58606828584146,192.1174534558235,249.76280187459227,175.35262326815757,350.70524653631514,158.58779308049165,True,False,499.58606828584146,112.82152812597775,249.76280187459227,96.05669793831183,192.11339587662366,79.2918677506459,True,False
pool1nhhsh9yhlrvj9e3nce0zpx0xm2xlt6tx7gqakhr6hjc8wy84sat,,18227195.103741,0.0,0.0,340.0,0.99,True,5413.382116836469,5362.648295668105,2706.6910584182347,2683.024147834052,5366.048295668104,3.399999999999636,True,False,5413.382116836469,5360.948295668105,2706.6910584182347,2681.3241478340524,5362.648295668105,1.699999999999818,True,False
pool1nhls8e9swnyshldgjknku4npreax075nw0ltrkmrarh4w3skxt9,DAN,3770073.659497,100000.0,103931.580753,340.0,0.025,True,1120.1146022779774,380.4710442832444,559.951646374472,351.41072451996206,702.8214490399241,322.3504047566797,True,False,1120.1146022779774,219.2903607119606,559.951646374472,190.23004094867824,380.4600818973565,161.16972118539587,True,False
pool1nhlv5z2lsptzgcp9ype0mppc7zyndm66ypm4sw5hy27ewdchqx0,PPCX2,27598878.320191,1000.0,13729.288417,340.0,0.035,True,8196.754992002587,618.758037687963,4098.3695666784915,473.3471294930144,946.6942589860288,327.9362212980658,True,False,8196.754992002587,454.78964570618314,4098.3695666784915,309.3787375112345,618.757475022469,163.96782931628582,True,False
pool1nhstzc6dk7d04k83yfccyrylzewhpd422kall4u6a5ck5c0pw3q,K2P,130.601408,100.0,120.856153,340.0,0.01,True,0.03878794222476699,0.03878794222476699,0.019393970233164637,0.019393970233164637,0.038787940466329274,-1.7584377148827102e-09,False,True,0.03878794222476699,0.03878794222476699,0.019393970233164637,0.019393970233164637,0.038787940466329274,-1.7584377148827102e-09,False,True
pool1njgax5g706nhknujnntnrx0gyu8zqvrhexwmmp7qrfhjvaumfq4,ABE,32.618266,20.0,32.618266,340.0,0.02,True,0.009687455591935583,0.009687455591935583,0.004843727723460429,0.004843727723460429,0.009687455446920857,-1.4501472592187703e-10,False,True,0.009687455591935583,0.009687455591935583,0.004843727723460429,0.004843727723460429,0.009687455446920857,-1.4501472592187703e-10,False,True
pool1njjr0zn7uvydjy8067nprgwlyxqnznp9wgllfnag24nycgkda25,FMD,70023745.003543,0.0,0.0,340.0,0.05,True,20796.68795986588,1362.8343979932943,10398.34397993294,842.9171989966471,1685.8343979932943,323.0,True,False,20796.68795986588,1201.334397993294,10398.34397993294,681.4171989966471,1362.8343979932943,161.50000000000023,True,False
pool1njs6ejpvdkt3cee7u8ekqyunmufm82jjrehtg42xd28m7zhzn5v,SSCC,126.660459,0.0,126.660459,340.0,0.03,True,0.037617497358119124,0.037617497358119124,0.018808748679059562,0.018808748679059562,0.037617497358119124,0.0,False,False,0.037617497358119124,0.037617497358119124,0.018808748679059562,0.018808748679059562,0.037617497358119124,0.0,False,False
pool1njs7jzx60aht6ws459434lsx37gfmqahwr0uu4y00dd3wwnggym,WINTR,222157.596303,16876.688435,19312.826406,170.0,0.0,True,65.98363275053923,65.98363275053923,32.990820646092466,32.990820646092466,65.98164129218493,-0.0019914583542970377,False,True,65.98363275053923,65.98363275053923,32.990820646092466,32.990820646092466,65.98164129218493,-0.0019914583542970377,False,True
pool1nll5ghr8cdkl6ppnxpuk6c6vrg9d5kq3tp8d6xjdds5pct6pxj9,BNP,1539064.357272,2.0,50132.119839,345.0,0.06,True,457.0941104967728,355.1578256890324,228.54705436400778,228.54705436400778,457.09410872801556,101.93628303898316,True,False,457.0941104967728,198.28955623752123,228.54705436400778,177.57891276437493,355.15782552874987,156.86826929122864,True,False
pool1nlv8mxyx5juqe5aua9tplr5j9ar4wy950zlya3ul94wkgqmf9z0,,245.204781,236.0,245.204781,340.0,0.01,True,0.07282454674906427,0.07282454674906427,0.036412272750322765,0.036412272750322765,0.07282454550064553,-1.248418743382551e-09,False,True,0.07282454674906427,0.07282454674906427,0.036412272750322765,0.036412272750322765,0.07282454550064553,-1.248418743382551e-09,False,True
pool1nnfwte5lhr8rxjye4a8m8krt5fsu6fs2g39g6ccq09nqqf8sekw,,25.3,100.0,0.0,340.0,0.04,False,0.0,0.0,0.0,0.0,0.0,0.0,False,False,0.0,0.0,0.0,0.0,0.0,0.0,False,False
pool1npdsmx25352qzj33rk2mtvc6u7c339qs0vv7gy43t7kpcapw95d,,350.501298,100000.0,350.456075,340.0,0.019,False,0.0,0.0,0.0,0.0,0.0,0.0,False,False,0.0,0.0,0.0,0.0,0.0,0.0,False,False
pool1npx8wwtj8knlavx6h7spcj7sk6n6dd5qa0npk9fcdefd542y9vx,,150.610962,100.0,150.610962,345.0,0.01,True,0.04473067796046304,0.04473067796046304,0.022365337526115386,0.022365337526115386,0.04473067505223077,-2.9082322661189153e-09,False,True,0.04473067796046304,0.04473067796046304,0.022365337526115386,0.022365337526115386,0.04473067505223077,-2.9082322661189153e-09,False,True
pool1nq0jx33p0sfa2fux33yklkzssck4kfgaqlgnlc0a7a9ggqzhgnt,,110.622006,100.0,100.622006,345.0,0.15,True,0.03285416147966707,0.03285416147966707,0.01642708043464565,0.01642708043464565,0.0328541608692913,-6.103757707598412e-10,False,True,0.03285416147966707,0.03285416147966707,0.01642708043464565,0.01642708043464565,0.0328541608692913,-6.103757707598412e-10,False,True
pool1nqheyct9a0mxn80cwp9pd5guncfu3rzwqtmru0l94accz7gjcgl,CAG,76359535.826896,76000000.0,76301500.0,170.0,1.0,True,29247.779107953094,29247.779107953094,12164.292059831207,12164.292059831207,24328.584119662413,-4919.194988290681,False,True,29247.779107953094,29247.779107953094,12164.292059831207,12164.292059831207,24328.584119662413,-4919.194988290681,False,True
pool1nqveuw4q2yw9u9x6yzy260skdwc309krsx32hmgvpyp962mu996,,776.657131,700.0,776.657131,341.0,0.01,True,0.2306631889374226,0.2306631889374226,0.11533157904949895,0.11533157904949895,0.2306631580989979,-3.0838424702750444e-08,False,True,0.2306631889374226,0.2306631889374226,0.11533157904949895,0.11533157904949895,0.2306631580989979,-3.0838424702750444e-08,False,True
pool1ns6veetewra0zqlljq36rwt4g3d5s0lnvxmzmx82epph50weacy,,2141.065397,2000.0,2029.114459,340.0,0.0,True,0.6358856081461575,0.6358856081461575,0.3179427229662381,0.3179427229662381,0.6358854459324762,-1.6221368126512203e-07,False,True,0.6358856081461575,0.6358856081461575,0.3179427229662381,0.3179427229662381,0.6358854459324762,-1.6221368126512203e-07,False,True
pool1nsaul82z7ytu73q96w2wgj8wrardmrzjkuzaankzn0xuqkj70qm,,1030216.727989,160000.0,170699.894309,340.0,0.019,True,306.12941387171935,306.12941387171935,153.02455669844417,153.02455669844417,306.04911339688834,-0.08030047483100589,False,True,306.12941387171935,194.71361685497055,153.02455669844417,153.02455669844417,306.04911339688834,111.33549654191779,True,False
pool1nss40t2xhh7ntgp8ca73u2xd8kzyn3dgtf9jfh0y57kxul9zt82,,154714.50314,15000.0,15366.313336,170.0,0.01,True,45.9518115188983,45.9518115188983,22.975303443589045,22.975303443589045,45.95060688717809,-0.001204631720213456,False,True,45.9518115188983,45.9518115188983,22.975303443589045,22.975303443589045,45.95060688717809,-0.001204631720213456,False,True
pool1nt00f6p0frek3f0jza4u9ka5rey76752j5zkrpldkpqvjspytm3,,1009.939347,50000.0,1007.623546,340.0,0.025,False,0.0,0.0,0.0,0.0,0.0,0.0,False,False,0.0,0.0,0.0,0.0,0.0,0.0,False,False
pool1nt65pu06tlggjeaer8862fdju98ddrrxa9wnw3k4lhfvgrrgt85,FIXA,2271909.714102,25000.0,25011.690881,340.0,0.0,True,674.8099424283419,343.685957558931,337.38882428342623,337.38882428342623,674.7776485668525,331.09169100792144,True,False,674.8099424283419,175.5575052808222,337.38882428342623,171.84280101622167,343.68560203244334,168.12809675162114,True,False
pool1ntfxj2jgvhzen8e86ed679ctukar3vj538ywyyq8ryld66jj4sx,XRAY2,8669163.187234,100.0,839.94647,340.0,0.01,True,2574.697360627137,362.561326001981,1287.348431241511,349.56435406927176,699.1287081385435,336.5673821365625,True,False,2574.697360627137,194.27763241908815,1287.348431241511,181.2806604863789,362.5613209727578,168.28368855366966,True,False
pool1ntwurms3f0j4kqe5wfpg9chlasylp0lmuw72m4fn66vnuyrvs8v,MANGO,1609816.045148,180000.0,249036.227613,170.0,0.0,True,478.40354051439897,217.70958429920353,239.127536023576,180.69393043222553,361.38786086445106,143.67827656524753,True,False,478.40354051439897,145.85896208737117,239.127536023576,108.84330822039317,217.68661644078634,71.82765435341517,True,False
pool1ntyzyya7yde0yrna4q9n4g7m0gttpy35jzld9mckmtz0zfm28nq,MMDIG,7786.285385,20000.0,0.0,340.0,0.03,False,0.0,0.0,0.0,0.0,0.0,0.0,False,False,0.0,0.0,0.0,0.0,0.0,0.0,False,False
pool1nudasuv0lljpe0tswcverqvlh0v4226vgnpsuxn0e9nkvnvcvne,STI,35652102.293699,50000.0,55582.458871,340.0,0.015,True,10590.535992428386,509.4991521679298,5294.756057270599,421.93005239205286,843.8601047841057,334.3609526161759,True,False,10590.535992428386,342.3102106228079,5294.756057270599,254.74111084693095,509.4822216938619,167.172011071054,True,False
pool1nw42xqnaplxsx3fq4ytl4x4qqvhs7g5uymnm906pfvx5636fglw,VIVID,232607.434063,15000.0,51214.18689,170.0,0.0,True,69.08694978530801,69.08694978530801,34.54253678712803,34.54253678712803,69.08507357425606,-0.0018762110519503494,False,True,69.08694978530801,69.08694978530801,34.54253678712803,34.54253678712803,69.08507357425606,-0.0018762110519503494,False,True
pool1nwcu3al5vfm7t3dtvyuu4hlmlvezd05c5v386q90hlptks4mqw3,AARD,704848.948904,450000.0,472716.140441,340.0,0.0075,True,209.4703841269418,209.4703841269418,104.7014492492172,104.7014492492172,209.4028984984344,-0.06748562850739859,False,True,209.4703841269418,196.5688208214254,104.7014492492172,104.7014492492172,209.4028984984344,12.83407767700902,True,False
pool1nwddjgvjrke3e2gu6m0a7y04alhgcx4egec6dd9gahr5sz0p5u9,BZH,194856.771062,60000.0,64749.776936,170.0,0.022,True,57.880756634959376,57.880756634959376,28.93804966936536,28.93804966936536,57.87609933873072,-0.004657296228657515,False,True,57.880756634959376,57.880756634959376,28.93804966936536,28.93804966936536,57.87609933873072,-0.004657296228657515,False,True
pool1nwt6mxqus3tpzrshky5h5kykz9rjpxmacrvw0z6yak9uk5p5045,DNEWS,20011189.925747,40000.0,40320.992855,340.0,0.05,True,5944.137842436182,630.9341993236634,2971.839225667497,476.62976525490467,953.2595305098093,322.32533118614595,True,False,5944.137842436182,469.7596092753077,2971.839225667497,315.455175206549,630.910350413098,161.15074113779025,True,False
pool1nwv3c3q62lqcdgp7s0jtl4xldgfnjnt0szkdclk4tzjqzv6kv7n,BNP,1295992.803533,2.0,48343.383888,345.0,0.06,True,384.903123083917,348.793353239026,192.4515607972541,192.4515607972541,384.9031215945082,36.10976835548223,True,False,384.903123083917,192.69190511066418,192.4515607972541,174.39667654871835,348.7933530974367,156.1014479867725,True,False
pool1nx2g7dzc90uu47e8kp057r59g8z5sz6v0x76wsph8xpcqzqycv7,FLY,1036223.696216,1000006.619057,1022937.125506,340.0,0.0147,True,307.8100299948664,307.8100299948664,153.88884907900305,153.88884907900305,307.7776981580061,-0.03233183686029406,False,True,307.8100299948664,306.068990216628,153.88884907900305,153.88884907900305,307.7776981580061,1.7087079413781225,True,False
pool1ny8kyrxev9tc6uekf0kfvc8rv8kwwasf4j95tw9xmlwfvmxv3lt,JBMS,507.078707,500.0,507.078707,980.0,0.15,True,0.15059974191606493,0.15059974191606493,0.07529986994043317,0.07529986994043317,0.15059973988086633,-2.035198592986731e-09,False,True,0.15059974191606493,0.15059974191606493,0.07529986994043317,0.07529986994043317,0.15059973988086633,-2.035198592986731e-09,False,True
pool1nydxffhrmpn0ft6wpg4l6cwp2jr2glxvx5hxr69xknl0s5p603w,,1704.777377,1000.0,0.0,340.0,0.0,False,0.0,0.0,0.0,0.0,0.0,0.0,False,False,0.0,0.0,0.0,0.0,0.0,0.0,False,False
pool1nyf8x2xrlmfqwy9shqrlx2csentnzyjmxr0r3w0ljuaqz5ek7qz,1PCT6,3868793.692578,50000.0,59927.062704,340.0,0.01,True,1149.2311784059966,360.50183860549987,574.5606763982012,345.94258508450616,691.8851701690123,331.38333156351246,True,False,1149.2311784059966,194.80878161009377,574.5606763982012,180.24952808910004,360.4990561782001,165.6902745681063,True,False
pool1nyh6jcznks8wvlek7r7rlvg9hfchfqqyvup39ugkmr6kghrl0as,HNB1,177271.439486,100.0,3368.339653,340.0,0.037,True,52.648715614639535,52.648715614639535,26.324352716982546,26.324352716982546,52.64870543396509,-1.0180674443915905e-05,False,True,52.648715614639535,52.648715614639535,26.324352716982546,26.324352716982546,52.64870543396509,-1.0180674443915905e-05,False,True
pool1nyj2wwps0nk9kn48rtqck5876la35k3j4talj24gpvnauxqsfh3,,564.425881,555.0,564.425881,340.0,0.02,True,0.16763155618435438,0.16763155618435438,0.0838157765881832,0.0838157765881832,0.1676315531763664,-3.0079879698163836e-09,False,True,0.16763155618435438,0.16763155618435438,0.0838157765881832,0.0838157765881832,0.1676315531763664,-3.0079879698163836e-09,False,True
pool1nyjw0460ww5qjtpukexuywxdz4lzhy6tm7yygn74lnlcc62hnc8,ETO13,5507754.22027,0.0,0.0,340.0,1.0,True,1635.7743487269076,1635.7743487269076,817.8871743634538,817.8871743634538,1635.7743487269076,0.0,False,False,1635.7743487269076,1635.7743487269076,817.8871743634538,817.8871743634538,1635.7743487269076,0.0,False,False
pool1nz9h4raywm6mu2v8l7htuaqvmn06l3mepuaxynpzlwljsf8txhy,NORTH,58506019.543964,10000.0,11007.063688,340.0,0.0,True,17376.655768925313,343.20520104667486,8688.159786539554,341.5705858502131,683.1411717004262,339.9359706537513,True,False,17376.655768925313,173.2371840945996,8688.159786539554,171.60256889813783,343.20513779627566,169.96795370167607,True,False
pool1nzsjg3cuam3uj39qusn44cs2uj7h30lppqsrqsllwxs2c8fx4xs,BPOOL,493431.089097,0.0,0.0,340.0,0.04,True,146.54646633264008,146.54646633264008,73.27323316632004,73.27323316632004,146.54646633264008,0.0,False,False,146.54646633264008,146.54646633264008,73.27323316632004,73.27323316632004,146.54646633264008,0.0,False,False
pool1p00qq8zftf8m2ll0r9d24fx6tq7yzxzy5teltpswl7zew5m7nqp,TALOS,70554.475827,5000.0,5009.601018,340.0,0.02,True,20.954688969614185,20.954688969614185,10.47725030244707,10.47725030244707,20.95450060489414,-0.00018836472004579718,False,True,20.954688969614185,20.954688969614185,10.47725030244707,10.47725030244707,20.95450060489414,-0.00018836472004579718,False,True
pool1p0jc0n0sqhj7fhm8sng8086akyyrsl085cvd6ewskhhly9tn3d0,,100.25752,100.0,100.25752,340.0,0.0,True,0.029775961868905063,0.029775961868905063,0.01488798092704813,0.01488798092704813,0.02977596185409626,-1.4808803489030353e-11,False,True,0.029775961868905063,0.029775961868905063,0.01488798092704813,0.01488798092704813,0.02977596185409626,-1.4808803489030353e-11,False,True
pool1p2ldp00jsl5l9xpg9m77zavhqmw7amtg5nlf0jwudlu2zaq389s,WOLV,377838.330403,350000.0,374847.95088,170.0,0.0175,True,112.22790205343938,112.22790205343938,56.11089434528831,56.11089434528831,112.22178869057662,-0.006113362862762983,False,True,112.22790205343938,112.01617954276578,56.11089434528831,56.11089434528831,112.22178869057662,0.20560914781083284,True,False
pool1p2vgec7gamn3zq0pgevauvu5m7gzhzwal48sutz4hc5tk54vnxn,GEM,32.036957,32.0,32.036957,340.0,0.03,True,0.009514809554589446,0.009514809554589446,0.00475740477695476,0.00475740477695476,0.00951480955390952,-6.799266011325855e-13,False,False,0.009514809554589446,0.009514809554589446,0.00475740477695476,0.00475740477695476,0.00951480955390952,-6.799266011325855e-13,False,False
pool1p39fgnpatsmyln2nyhr64elqfzxxk8q25xtkny97qgnlkllaxry,,120.549939,100.0,120.549939,340.0,0.005,True,0.03580270707047315,0.03580270707047315,0.017901352944807866,0.017901352944807866,0.03580270588961573,-1.1808574187921472e-09,False,True,0.03580270707047315,0.03580270707047315,0.017901352944807866,0.017901352944807866,0.03580270588961573,-1.1808574187921472e-09,False,True
pool1p3chxyfv5cfk95hwq5zqjuljrpyk3uk5ua5alpn8rjgkkvvy8ne,IAMX,1309241.622017,20000.0,9.2373,340.0,0.99,False,0.0,0.0,0.0,0.0,0.0,0.0,False,False,0.0,0.0,0.0,0.0,0.0,0.0,False,False
pool1p42f6kw9lkgw5tn77kqyrc22zrs4uq298p468gacwzw6gq0ckq2,WISE,930555.862173,5000.0,9040.276158,170.0,0.01,True,276.37556853615837,172.08685156769542,138.18645452763425,138.18645452763425,276.3729090552685,104.28605748757309,True,False,276.37556853615837,88.75436212199922,138.18645452763425,86.04339969730387,172.08679939460774,83.33243727260852,True,False
pool1p4a0vuantvzu9ysk3w430vgxjjfa95g0uz2sw8e4tltjg4jhkwz,LUCID,57845.04941,50000.0,57240.808282,340.0,0.01,True,17.18013166679383,17.18013166679383,8.58995233113299,8.58995233113299,17.17990466226598,-0.00022700452785073821,False,True,17.18013166679383,17.18013166679383,8.58995233113299,8.58995233113299,17.17990466226598,-0.00022700452785073821,False,True
pool1p5ja48uqc7pjnuqvwu7cgmspvx938qpnf4zqm0x2k0ngkh4lkjx,SIPO3,27571012.24579,50000.0,52150.052266,340.0,0.039,True,8190.029634535216,660.4202603212707,4094.6190798632624,493.25496577545425,986.5099315509085,326.0896712296378,True,False,8190.029634535216,497.35927161047346,4094.6190798632624,330.193977064657,660.387954129314,163.02868251884058,True,False
pool1p627hhec2ha6wu6ql377c3hv4mjd26w7ll0xyw2ezgnu6nyl0a4,PMW,528904.446568,100000.0,136019.848538,170.0,0.0,True,157.13123890758948,157.13123890758948,78.55326716343491,78.55326716343491,157.10653432686982,-0.024704580719657088,False,True,157.13123890758948,103.5501941886344,78.55326716343491,78.55326716343491,157.10653432686982,53.55634013823541,True,False
pool1p693mkpyjphqedgje9sx5k8dzaqsusmw99vh26gd8aszjzkajt4,CCDO,541997.107203,200000.0,209193.841334,170.0,0.0,True,161.04924999292936,161.04924999292936,80.50485258649863,80.50485258649863,161.00970517299726,-0.03954481993210379,False,True,161.04924999292936,114.35261927630913,80.50485258649863,80.50485258649863,161.00970517299726,46.65708589668813,True,False
pool1p6t3cglz78w32telly44te3d5l30zc0f0mprhehm6jus59m9aaa,UPBIT,29565396.519146,200000.0,29142954.40477,340.0,1.0,True,8787.536076818238,8787.536076818238,4392.074065120428,4392.074065120428,8784.148130240856,-3.387946577382536,False,True,8787.536076818238,8787.536076818238,4392.074065120428,4392.074065120428,8784.148130240856,-3.387946577382536,False,True
pool1p70svj9zrg7lgzkdn8udlslry0t27qs8r9tz9lr955v2yfna2rl,BTV1,41650641.049738,2.0,9.820727,170.0,0.02,True,12370.023795493498,414.00329499831776,6185.011873813388,290.30162737933443,580.6032547586689,166.5999597603511,True,False,12370.023795493498,330.70331463946945,6185.011873813388,207.00164702048613,414.00329404097226,83.29997940150281,True,False
pool1p7x98437an7p6c7jf9zdkd0ekmw077q4a3c3r3lazxr0ccgf5vp,,2.735858,14000.0,2.498742,340.0,0.0,False,0.0,0.0,0.0,0.0,0.0,0.0,False,False,0.0,0.0,0.0,0.0,0.0,0.0,False,False
pool1p82vmqednsalje23mpnz9u3qt9ruj79xu83mr6p8t93fw5fcu3y,RCADA,885765.280239,17000.0,44208.568632,170.0,0.01,True,263.0846569208798,175.53024568827666,131.5380837409666,131.5380837409666,263.0761674819332,87.54592179365656,True,False,263.0846569208798,95.58017442038843,131.5380837409666,87.7648706614227,175.5297413228454,79.94956690245698,True,False
pool1p86vmfhr4xnerm4kjltlhxrpzaeqjg30h7p8f6h279ulcty9n7e,,458.257808,0.0,458.257808,340.0,0.0,True,0.13610018483967012,0.13610018483967012,0.06805009241983506,0.06805009241983506,0.13610018483967012,0.0,False,False,0.13610018483967012,0.13610018483967012,0.06805009241983506,0.06805009241983506,0.13610018483967012,0.0,False,False
pool1p8a3jea0k5w749jf0jtr7qeer8xth9r0zr8ktmp75heqx0ewyz7,,51498.021487,50000.0,51498.021487,345.0,0.0195,True,15.294732445579934,15.294732445579934,7.647343987225204,7.647343987225204,15.294687974450408,-4.4471129525547326e-05,False,True,15.294732445579934,15.294732445579934,7.647343987225204,7.647343987225204,15.294687974450408,-4.4471129525547326e-05,False,True
pool1p8cgpwp63e08jsckma4y83x4ehc3ynt0tuameh99hmreg0hf7mx,OBI,1569.643535,5000.0,5685.871732,340.0,0.0,True,0.46615625266325056,0.46615625266325056,0.23308305400634086,0.23308305400634086,0.4661661080126817,9.855349431153737e-06,True,False,0.46615625266325056,0.46615625266325056,0.23308305400634086,0.23308305400634086,0.4661661080126817,9.855349431153737e-06,True,False
pool1p8fhygz7ga9hghhwmkr64p3ftn77lxu9nyddvsqszattcdyajc0,SUNNY,7128520.826673,1000.0,86023.74893,340.0,0.02,True,2117.1417899746193,396.559660301166,1058.5688471337442,362.86931190643236,725.7386238128647,329.1789635116987,True,False,2117.1417899746193,231.97011336993071,1058.5688471337442,198.27976497519705,396.5595299503941,164.5894165804634,True,False
pool1p8gda4td9882kcllejstrzfh84n8cxts0j67dyuuamzdg85cf3a,ALL1,33882.154271,10000.0,0.0,340.0,0.01,False,0.0,0.0,0.0,0.0,0.0,0.0,False,False,0.0,0.0,0.0,0.0,0.0,0.0,False,False
pool1p8yn95k4wgznc38ezckler84ufc6kxemmsvptv74r3g4zkxj24q,BUDDA,890213.087827,610000.0,644021.811407,170.0,0.0,True,264.59000609134876,238.43083739944757,132.2440516494718,132.2440516494718,264.4881032989436,26.05726589949603,True,False,264.59000609134876,214.92381556181007,132.2440516494718,119.17855807508818,238.35711615017635,23.43330058836628,True,False
pool1p90ymkn27wj473ve0leq0u6s935atjspsq77kxttyzzqsekqjh3,JSY,4907.458502,200.0,203.20022,340.0,0.01,True,1.4574907255107643,1.4574907255107643,0.7287450922535271,0.7287450922535271,1.4574901845070543,-5.410037100528342e-07,False,True,1.4574907255107643,1.4574907255107643,0.7287450922535271,0.7287450922535271,1.4574901845070543,-5.410037100528342e-07,False,True
pool1p98qztq2t77u89vvsratsmsx8hu965w4n7xneg5qu7gtgcdude0,,11.63316,5.0,10.0,340.0,0.05,True,0.003454988035329271,0.003454988035329271,0.0017274940081357403,0.0017274940081357403,0.0034549880162714807,-1.9057790501958438e-11,False,True,0.003454988035329271,0.003454988035329271,0.0017274940081357403,0.0017274940081357403,0.0034549880162714807,-1.9057790501958438e-11,False,True
pool1p9sda64t6l9802tsu2fj6phvt9xfqgcpjucyr3kek8wzurmn8rz,K8S,872869.645828,200000.0,323284.427169,340.0,0.0,True,259.39291936448797,259.39291936448797,129.65760104853655,129.65760104853655,259.3152020970731,-0.07771726741486873,False,True,259.39291936448797,203.10842445700965,129.65760104853655,129.65760104853655,259.3152020970731,56.20677764006345,True,False
pool1p9sjhjx0v3k76wvgdqu7jcks2ra48wqlhc6g0mkewd25k3zcymy,WA2,22989231.132045,50000.0,100333.745837,340.0,0.048935,True,6829.001032104825,684.4738712254016,3414.1706620888854,503.194837470047,1006.389674940094,321.9158037146924,True,False,6829.001032104825,523.4984588034565,3414.1706620888854,342.21942504810187,684.4388500962037,160.94039129274722,True,False
pool1paxzxl23ygch4ad08m8zu477atpfumdeg6uyrvg579eawvsy77z,VELES,1628.257489,2000.0,9.404793,340.0,0.01,False,0.0,0.0,0.0,0.0,0.0,0.0,False,False,0.0,0.0,0.0,0.0,0.0,0.0,False,False
pool1pd7x30trlcd86h9x8ya5ch3j4729wudgdh4qrmr6fulh5zm24w9,RXC,10.276968,100.0,2.62271,340.0,0.02,False,0.0,0.0,0.0,0.0,0.0,0.0,False,False,0.0,0.0,0.0,0.0,0.0,0.0,False,False
pool1pdqcefsvu9mqxfalj5dywcfyymtpqpjqhlnxl99ds62pxv5ungm,SIMBA,229058.888597,107500.0,114076.407127,170.0,0.01,True,68.0443552781432,68.0443552781432,34.018408467012144,34.018408467012144,68.03681693402429,-0.007538344118913187,False,True,68.0443552781432,68.0443552781432,34.018408467012144,34.018408467012144,68.03681693402429,-0.007538344118913187,False,True
pool1peayemzlkmcwn64c455mx8sxdaztq0xuv9hdxlp0kcsxz57up3z,AID1,1622615.296591,50000.0,50762.282886,340.0,0.01,True,481.998727268509,345.8178860120954,240.97674961408833,240.97674961408833,481.95349922817667,136.13561321608125,True,False,481.998727268509,182.78302324312156,240.97674961408833,172.90801647808416,345.8160329561683,163.03300971304677,True,False
pool1pemnlylem2e94xguhd3fytj90848kpv4agvr6rthx2tp58z79ek,ACL,15251213.95146,250000.0,268472.370446,340.0,0.01,True,4533.85533861334,455.0261741337117,2265.8448677880237,392.82074588436916,785.6414917687383,330.6153176350266,True,False,4533.85533861334,289.68881698233145,2265.8448677880237,227.48338873298886,454.9667774659777,165.27796048364627,True,False
pool1peps5qt7kjcnsfh530hya9wa7ww5rplvw3n73efk800mk4unsyg,VSPBM,140.512654,100.0,111.058159,340.0,0.0,True,0.041731531861471265,0.041731531861471265,0.020865764766755387,0.020865764766755387,0.041731529533510774,-2.327960491044223e-09,False,True,0.041731531861471265,0.041731531861471265,0.020865764766755387,0.020865764766755387,0.041731529533510774,-2.327960491044223e-09,False,True
pool1pf6yhzdr9vpct5rc3dtwersl4lyuglp80l4jc67kf2qj29xjg2u,TAVN,1477613.609452,1000.0,18829.621053,340.0,0.01,True,438.84525157119253,342.23546758912994,219.42220153029768,219.42220153029768,438.84440306059537,96.60893547146543,True,False,438.84525157119253,176.08015900436075,219.42220153029768,171.1177241996785,342.235448399357,166.15528939499623,True,False
pool1pfdd8d8n7jx0xnk4uev3x36se87c747w6l2d5x7fanh5w9evhw2,BRAVO,10738762.532829,501000.0,562003.964957,340.0,0.0,True,3195.291164632786,489.4292243379723,1596.1569473062352,405.73990092771027,811.4798018554205,322.05057751744823,True,False,3195.291164632786,328.3260291374654,1596.1569473062352,244.63670572720338,489.27341145440676,160.94738231694134,True,False
pool1pfl8ssfunf32pe5dyntel7eqc4gutej3f9r70h8ss7v3vesdtks,GOLF,5643.104132,1000.0,1735.056791,340.0,0.0049,True,1.675977904478106,1.675977904478106,0.8379876181935725,0.8379876181935725,1.675975236387145,-2.6680909610554693e-06,False,True,1.675977904478106,1.675977904478106,0.8379876181935725,0.8379876181935725,1.675975236387145,-2.6680909610554693e-06,False,True
pool1pfprlfz0ywcnewjegazz05ghgcfkvu40v6edsz6yn8w362sdjr8,ADI,26921278.34829,80000.0,88186.090379,340.0,0.008,True,7997.949935405107,426.1480815324773,3998.3570667322347,381.15467527447225,762.3093505489445,336.1612690164672,True,False,7997.949935405107,258.0604959493974,3998.3570667322347,213.06708969139237,426.13417938278474,168.07368343338732,True,False
pool1pg2fxvdpl9d8kdsfln3lvmwwk0apwvw6ykc5fyuc9jamgk6yvmt,,2313.440393,25000.0,2313.440393,340.0,0.04,False,0.0,0.0,0.0,0.0,0.0,0.0,False,False,0.0,0.0,0.0,0.0,0.0,0.0,False,False
pool1pg2k7lp6w68vlvdycug2ycu3mkrt0z4ftxay4g8zchj87mw6ug8,VJRAS,1005.1753,1000.0,1005.1753,340.0,0.02,True,0.2985318405282238,0.2985318405282238,0.14926591877160453,0.14926591877160453,0.29853183754320906,-2.9850147353904788e-09,False,True,0.2985318405282238,0.2985318405282238,0.14926591877160453,0.14926591877160453,0.29853183754320906,-2.9850147353904788e-09,False,True
pool1pgdw8zfuwjkqhkl5fycfkdplkwqkmwvx7gsr2rkvvpnf23wwg8r,,3396.396549,128000.0,0.0,340.0,0.0,False,0.0,0.0,0.0,0.0,0.0,0.0,False,False,0.0,0.0,0.0,0.0,0.0,0.0,False,False
pool1pgmuramw9waw9ckxsvpxmcn9p6fd4xl5jmavu8jje0x5vuc00l0,ATRMN,4139187.394471,1000.0,2243.811703,340.0,0.03,True,1229.3218774287002,367.1472859628731,614.6597497452775,348.3842160617757,696.7684321235514,329.6211461606783,True,False,1229.3218774287002,202.33667658826954,614.6597497452775,183.5736066871721,367.1472133743442,164.81053678607464,True,False
pool1phc0dedrry2jp2s2tqngcw87vzx3mychvm7qqe3470etzsf3ph7,BROCK,1563630.540566,20000.0,20519.99193,170.0,0.0,True,464.42562500278024,173.86383566469308,232.2039389890936,170.81632092297735,341.6326418459547,167.76880618126162,True,False,464.42562500278024,89.97931612430258,232.2039389890936,86.93180138258684,173.86360276517368,83.8842866408711,True,False
pool1phgu0sftpeantu8smmve8w2pa0n4jhhxekrls8h8mnyuvm8m5t8,0dd1,36695.212127,0.0,6.478225,170.0,1.0,True,10.898287090867429,10.898287090867429,5.4491435454337145,5.4491435454337145,10.898287090867429,0.0,False,False,10.898287090867429,10.898287090867429,5.4491435454337145,5.4491435454337145,10.898287090867429,0.0,False,False
pool1pj5jnehwjtt4esfl0325hr338n98v3kcww3sggce59ugyf2f883,MIMSA,10314720.984708,100.0,2269.482957,340.0,1.0,True,3063.419654397504,3063.419654397504,1531.7095308479447,1531.7095308479447,3063.4190616958895,-0.0005927016145506059,False,True,3063.419654397504,3063.419654397504,1531.7095308479447,1531.7095308479447,3063.4190616958895,-0.0005927016145506059,False,True
pool1pj5wv8tvu5f5dpmx6w5wthqy4sg3vs4qjvumg439v0plxgnu8a6,,1763.035874,0.0,196.814345,340.0,0.0,True,0.5236124821911804,0.5236124821911804,0.2618062410955902,0.2618062410955902,0.5236124821911804,0.0,False,False,0.5236124821911804,0.5236124821911804,0.2618062410955902,0.2618062410955902,0.5236124821911804,0.0,False,False
pool1pjc7paja05sa5uzukgkc0wn6hfwmx37a50akys5hrhx3j96vf2j,,24258.788842,10000.0,10597.30394,170.0,0.02,True,7.204897981213493,7.204897981213493,3.6024080100767804,3.6024080100767804,7.204816020153561,-8.196105993185654e-05,False,True,7.204897981213493,7.204897981213493,3.6024080100767804,3.6024080100767804,7.204816020153561,-8.196105993185654e-05,False,True
pool1pjmqlsyny06w0x60rfd3seul5xc9pluh3t08y55ylhks28jeh7c,RIZIN,24183051.158724,10000.0,312506.479754,200000.0,0.999,True,7182.518222200041,7182.518222200041,3591.189645862602,3591.189645862602,7182.379291725204,-0.1389304748372524,False,True,7182.518222200041,7182.518222200041,3591.189645862602,3591.189645862602,7182.379291725204,-0.1389304748372524,False,True
pool1pk6q8vjxu0404jzq0dpt7fceyz9yu57lmx5csne8tmce5nx523m,,90.420676,30000.0,9.597366,340.0,0.02,False,0.0,0.0,0.0,0.0,0.0,0.0,False,False,0.0,0.0,0.0,0.0,0.0,0.0,False,False
pool1pkqtms0pzd2x8phsrxn9kk5gmy4gn79edg9hhldykjd0guv0av9,TAMIL,875.945144,123.0,495.230343,170.0,0.0,True,0.2601512570018648,0.2601512570018648,0.13007560189235537,0.13007560189235537,0.26015120378471074,-5.321715407236027e-08,False,True,0.2601512570018648,0.2601512570018648,0.13007560189235537,0.13007560189235537,0.26015120378471074,-5.321715407236027e-08,False,True
pool1plgh3y74vhkj7l0wpxtnwtp22czfq004a69y40fptfg4kntvypm,,13608.637799,2.0,2.2,340.0,0.1,True,4.041694657152217,4.041694657152217,2.020847320757439,2.020847320757439,4.041694641514878,-1.563733853515714e-08,False,True,4.041694657152217,4.041694657152217,2.020847320757439,2.020847320757439,4.041694641514878,-1.563733853515714e-08,False,True
pool1pm635fj8skdkh0lvhtcygateyt4nt4gj5rap28zqpe7rv0wgdhf,,2.050621,100000.0,2.050621,340.0,0.03,False,0.0,0.0,0.0,0.0,0.0,0.0,False,False,0.0,0.0,0.0,0.0,0.0,0.0,False,False
pool1pmcgmdd2984nzs2azxmau9umr49sqf3sr0kgphhra6yfg67nt00,,397.921363,10000.0,397.921363,345.0,0.02,False,0.0,0.0,0.0,0.0,0.0,0.0,False,False,0.0,0.0,0.0,0.0,0.0,0.0,False,False
pool1pmm654jfx088td54ekkkd0j28x6r5gnjdhnutzggursrxjnpk2y,EMUR4,33917292.248374,500.0,1594.329507,170.0,0.015,True,10073.278828796576,319.00771706950513,5036.6345420202515,243.22484961338355,486.4496992267671,167.44198215726198,True,False,10073.278828796576,235.28665267960622,5036.6345420202515,159.5037852234846,319.0075704469692,83.720917767363,True,False
pool1pmrgd8snhv0nnj97xcg70nqqhg0v9g3d0e93jl8vn23wxtsxz53,CALM,3954567.610983,50000.0,51629.143432,170.0,0.015,True,1174.710517857967,197.990972530149,587.2991127433816,181.62584425467995,363.2516885093599,165.2607159792109,True,False,1174.710517857967,115.35905032248183,587.2991127433816,98.99392204701276,197.98784409402552,82.62879377154368,True,False
pool1pmsjsvnd506xqzwlcavexcl86ta046eqz74xzvt97688urmd0qj,,1196.873739,100.0,205.796251,340.0,0.1,True,0.3554653996742246,0.3554653996742246,0.1777326683226751,0.1777326683226751,0.3554653366453502,-6.302887439746385e-08,False,True,0.3554653996742246,0.3554653996742246,0.1777326683226751,0.1777326683226751,0.3554653366453502,-6.302887439746385e-08,False,True
pool1pmyave37l324x5phh0s7tdy30kx9mdzmqnj829teccun2je37xw,,1828.161971,2000.0,0.0,340.0,0.01,False,0.0,0.0,0.0,0.0,0.0,0.0,False,False,0.0,0.0,0.0,0.0,0.0,0.0,False,False
pool1pn36hexudnjg6uwvxc5tld3ay2g6ty99ardzhn7crhkhzshjpte,YKSB,674702.697228,500.0,22425.369477,200.0,0.01,True,200.3835782761705,200.0164574393162,100.19169228427866,100.19169228427866,200.38338456855732,0.3669271292411054,True,False,200.3835782761705,104.30696092676969,100.19169228427866,100.00822456414215,200.0164491282843,95.70948820151462,True,False
pool1pnsk7v8a4eyn9qtqev7k3clazzw2s66cpa850zprqlu5x5eqtuw,LKBH,11172.56393,12900.0,369.80433,340.0,0.027,False,0.0,0.0,0.0,0.0,0.0,0.0,False,False,0.0,0.0,0.0,0.0,0.0,0.0,False,False
pool1pnuluy36ukdzv369d4zee8rarpw2k8ukwe5kkdmh06t6y78cyrr,,748.849228,100.0,163.622402,345.0,0.15,True,0.222404399314724,0.222404399314724,0.11120218101517922,0.11120218101517922,0.22240436203035843,-3.728436556715842e-08,False,True,0.222404399314724,0.222404399314724,0.11120218101517922,0.11120218101517922,0.22240436203035843,-3.728436556715842e-08,False,True
pool1pnvthl5hwnsuulx6fch0885aae0l9fkht35rla46dw9r54d5whr,PURE,2.062184,35000.0,2.062184,345.0,0.02,False,0.0,0.0,0.0,0.0,0.0,0.0,False,False,0.0,0.0,0.0,0.0,0.0,0.0,False,False
pool1pnzwgsgzd6t4788sfr7dxjyusepyq9xaxnpyfcngewqf29t9ayd,PHRCK,5494838.994494,3000.0,3741.047675,340.0,0.0095,True,1631.9575289753616,353.1448429084674,815.9740306182827,344.8427318396058,689.6854636792116,336.54062077074417,True,False,1631.9575289753616,184.8744843589969,815.9740306182827,176.57237329013526,353.1447465802705,168.2702622212736,True,False
pool1pp7tn2w6ken4rpfcjwcdup3g4m5gcdhc9lgvrm3mnxz5stmrhq2,CROW,59590409.570242,100000.0,101126.572884,340.0,0.0399,True,17704.887345820505,1061.1518982211628,8850.731136459965,693.4448448803371,1386.8896897606742,325.73779153951136,True,False,17704.887345820505,898.2118819835744,8850.731136459965,530.5048286427486,1061.0096572854973,162.7977753019229,True,False
pool1ppqdq5yfkkllrcj0u47pakg9e4ha568pz3a9kkrr6w2kyw8gxv7,COOL3,8416415.92164,50000.0,51904.760508,170.0,0.02,True,2500.1128056914563,230.68486197561532,1249.9360977857023,198.12557953268805,396.2511590653761,165.56629708976078,True,False,2500.1128056914563,147.89858023652013,1249.9360977857023,115.33929779359286,230.67859558718573,82.7800153506656,True,False
pool1ppznyu6qrvlw9uuqa3tslryjd40nh56jyvmaqw6kdf4kzq3y8kh,DIGI3,21984727.553871,215000.0,215031.178622,340.0,0.04,True,6534.743793495663,645.9565192686086,3266.0214917116373,484.51531504002,969.03063008004,323.0741108114314,True,False,6534.743793495663,484.3527677672593,3266.0214917116373,322.9115635386707,645.8231270773414,161.47035931008207,True,False
pool1pqdgdhka8xegl8y3lt780n0v4p9yl5z3vdh6qqs4vdlvgaujaxu,,4766.631131,2200.0,0.0,340.0,0.008,False,0.0,0.0,0.0,0.0,0.0,0.0,False,False,0.0,0.0,0.0,0.0,0.0,0.0,False,False
pool1prc9hna2mgamtspchrygc66s9n4tlkvh39e3t9zccef4kzc3ns2,TERM,70505163.17781,3350000.0,3397092.936237,170.0,0.009,True,21209.94078363185,1363.9860690556293,10535.935722556911,758.2517908552121,1516.5035817104242,152.51751265479493,True,False,21209.94078363185,1283.8096955531278,10535.935722556911,678.0754173527107,1356.1508347054214,72.34113915229364,True,False
pool1prerctlrtn5e63m0zu5ydr2adaxpsypzj6wx3v8y44dsyj2lcwm,CADEN,12198.816319,11000.0,11912.109622,340.0,0.015,True,3.6230001579965765,3.6230001579965765,1.8114962820310514,1.8114962820310514,3.622992564062103,-7.593934473693054e-06,False,True,3.6230001579965765,3.6230001579965765,1.8114962820310514,1.8114962820310514,3.622992564062103,-7.593934473693054e-06,False,True
pool1prn0a3058n4e0evm55gvc5rrawht79p3jxpv42nq7s2ncxhszla,ADIZ,1190.761831,1000.0,1190.761831,345.0,0.01,True,0.3536502879878468,0.3536502879878468,0.17682508917936376,0.17682508917936376,0.35365017835872753,-1.0962911928258379e-07,False,True,0.3536502879878468,0.3536502879878468,0.17682508917936376,0.17682508917936376,0.35365017835872753,-1.0962911928258379e-07,False,True
pool1prnv2zg6hpf34hyqf9eqmkxxpxqr4phq7hs8cmehyhvxz2gsrpm,STAR,5338136.485597,10000.0,12393.381093,170.0,0.02,True,1585.460005149952,201.52970385122532,792.7146912943148,183.87111591205783,367.74223182411566,166.21252797289034,True,False,1585.460005149952,118.42309880240958,792.7146912943148,100.76451086324208,201.52902172648416,83.10592292407458,True,False
pool1ps39v4j035ejzrga2qt56cfhjuwx38wved8rd0mujtyh6r5mt3c,RAID4,33806.910011,30000.0,32173.632068,340.0,0.01,True,10.040608092127098,10.040608092127098,5.020271063934199,5.020271063934199,10.040542127868399,-6.596425869886957e-05,False,True,10.040608092127098,10.040608092127098,5.020271063934199,5.020271063934199,10.040542127868399,-6.596425869886957e-05,False,True
pool1ps3quyamsmn5cvp403tgjzgpfwha5u4dr2zc3wtts5kgqc078se,YETI,1175.937269,50.0,95.424561,340.0,0.01,True,0.3492473156496762,0.3492473156496762,0.17462364165012306,0.17462364165012306,0.3492472833002461,-3.234943007912605e-08,False,True,0.3492473156496762,0.3492473156496762,0.17462364165012306,0.17462364165012306,0.3492472833002461,-3.234943007912605e-08,False,True
pool1pshqcksxywy68lt04lw6uf35f4yssekh5dx2mxqmyrukke2z5y3,ACL,52117838.108113,750000.0,778340.615162,340.0,0.01,True,15523.436951349107,716.3200202065766,7750.48660854431,523.6681957585481,1047.3363915170962,331.0163713105196,True,False,15523.436951349107,550.533453807948,7750.48660854431,357.8816293599195,715.763258719839,165.22980491189094,True,False
pool1psk0c2p7pwactw00nkzjexdw0msn7g8nddc06eyvds6yswr3tjg,ITC2,21074655.737004,10000.0,100010.433979,340.0,0.0399,True,6259.305226081343,603.1497246390203,3129.5920802879136,464.01461991662273,928.0292398332455,324.8795151942252,True,False,6259.305226081343,440.707275986689,3129.5920802879136,301.57217126429146,603.1443425285829,162.4370665418939,True,False
pool1psr42v6rvv3raeqsg9ru2zy5dp4cchlde8hw9xthrpstx5wz7wk,PLKOZ,128525.688393,1000.0,1148.289538,170.0,0.0,True,38.17160734373213,38.17160734373213,19.085767031639968,19.085767031639968,38.171534063279935,-7.328045219168189e-05,False,True,38.17160734373213,38.17160734373213,19.085767031639968,19.085767031639968,38.171534063279935,-7.328045219168189e-05,False,True
pool1ptzl40tt9a6l2kp6fhjmzsg3t2maqdhwv6cnqu8kj6xgz3vw9us,BNP,32183264.604701,2.0,27791.69271,345.0,0.06,True,9558.26222461753,905.2744347959936,4779.131093815565,614.6471924744319,1229.2943849488638,324.01995015287025,True,False,9558.26222461753,743.2644585949548,4779.131093815565,452.6372162733932,905.2744325467864,162.00997395183163,True,False
pool1ptzt9j6y4jefzkq4vj3z7wa4h492ktlkecggseqvc8f060xuved,,624403.47004,10000.0,86502.708052,200.0,0.0,True,185.45164399106397,185.45164399106397,92.72405640071335,92.72405640071335,185.4481128014267,-0.0035311896372718365,False,True,185.45164399106397,111.83817670367674,92.72405640071335,92.72405640071335,185.4481128014267,73.60993609774997,True,False
pool1pu49urd00qf9zzeghrks03tvszzvrdzecw649ag5dwd07snx69n,SWING,29836.454638,10000.0,10362.678864,340.0,0.01,True,8.86149981342974,8.86149981342974,4.430692897846353,4.430692897846353,8.861385795692707,-0.00011401773703312301,False,True,8.86149981342974,8.86149981342974,4.430692897846353,4.430692897846353,8.861385795692707,-0.00011401773703312301,False,True
pool1pu5jlj4q9w9jlxeu370a3c9myx47md5j5m2str0naunn2q3lkdy,NUTS,5955996.259072,250000.0,374214.559764,340.0,0.049,True,1770.5448148399585,495.5734947289151,884.8604895051964,399.25424328738274,798.5084865747655,302.9349918458504,True,False,1770.5448148399585,344.06120222997254,884.8604895051964,247.7419507884402,495.4839015768804,151.42269934690785,True,False
pool1pujegnn8qf7xux6tkx2mj2qdn9jf0y4z0t6nma97wdgqudlc9ww,,640.942071,100.0,640.942071,340.0,0.0,True,0.19035652268332762,0.19035652268332762,0.09517824579977653,0.09517824579977653,0.19035649159955306,-3.1083774554296895e-08,False,True,0.19035652268332762,0.19035652268332762,0.09517824579977653,0.09517824579977653,0.19035649159955306,-3.1083774554296895e-08,False,True
pool1pup39uk3d9hl8vg3v0evn3hxkxygkas0asekng7x9cpx5f2r6d6,TAMED,443.699303,100.0,442.163289,170.0,0.01,True,0.13177642409636237,0.13177642409636237,0.06588820217330325,0.06588820217330325,0.1317764043466065,-1.974975585850025e-08,False,True,0.13177642409636237,0.13177642409636237,0.06588820217330325,0.06588820217330325,0.1317764043466065,-1.974975585850025e-08,False,True
pool1pv4hhvy8dkvllr706q0lpyu9py6lcf6zddl4wlynwx3cglxajmg,DOD,138314.984207,10.0,364.622624,170.0,0.0,True,41.078832300118,41.078832300118,20.53941575269372,20.53941575269372,41.07883150538744,-7.947305604716348e-07,False,True,41.078832300118,41.078832300118,20.53941575269372,20.53941575269372,41.07883150538744,-7.947305604716348e-07,False,True
pool1pvg7uqf9a0ms24xcdfq8f48p72csfslgz3gzwlmfee5szuda0du,BLOQ,23.433361,1.0,23.433361,340.0,0.05,True,0.0069595863281597175,0.0069595863281597175,0.0034797931576345115,0.0034797931576345115,0.006959586315269023,-1.2890694588152396e-11,False,True,0.0069595863281597175,0.0069595863281597175,0.0034797931576345115,0.0034797931576345115,0.006959586315269023,-1.2890694588152396e-11,False,True
pool1pvsvhzqlrtmseg2mlk600hzs7zqztuqm4ytxyeupa2dyjzs33nr,,11642.837161,400000.0,21.234778,340.0,0.01,False,0.0,0.0,0.0,0.0,0.0,0.0,False,False,0.0,0.0,0.0,0.0,0.0,0.0,False,False
pool1pvu2zdexh8wr4ggmuz90jvqrua6an43qj9m9urs785p8kwjzqwl,KTN3,29551900.712151,50000.0,69383.471038,340.0,0.05,True,8778.457102808166,780.7444861825528,4388.804329935397,551.4709078105316,1102.9418156210631,322.19732943851034,True,False,8778.457102808166,619.6236641813482,4388.804329935397,390.3500858093271,780.7001716186542,161.07650743730596,True,False
pool1pvxsyzqze90jyyqqewg5spkh6tst0cwyvtvh6qfsn6xx75p2vk9,,2.639298,1.0,2.639298,340.0,0.02,True,0.0007838577766476541,0.0007838577766476541,0.00039192888785283893,0.00039192888785283893,0.0007838577757056779,-9.419762062382042e-13,False,False,0.0007838577766476541,0.0007838577766476541,0.00039192888785283893,0.00039192888785283893,0.0007838577757056779,-9.419762062382042e-13,False,False
pool1pwfdasxs7ht7878g99fnw86g7u77hqjvv4qgvr9jx6reznfrllj,Safe,19353.99055,18000.0,18734.89233,345.0,0.05,True,5.74806260421613,5.74806260421613,2.87402426495948,2.87402426495948,5.74804852991896,-1.4074297169486272e-05,False,True,5.74806260421613,5.74806260421613,2.87402426495948,2.87402426495948,5.74804852991896,-1.4074297169486272e-05,False,True
pool1pxhywws8s8h05c69ug3k4rl6jtpxms23eyag7eawwdvxql8spwc,,945.85325,5000.0,0.0,340.0,0.01,False,0.0,0.0,0.0,0.0,0.0,0.0,False,False,0.0,0.0,0.0,0.0,0.0,0.0,False,False
pool1pxw4z2m0lmw422hr32dwyy3uz9436g8p7qdmg2sl2w0m5pyk3yn,STOIC,261915.752863,30000.0,41686.914116,340.0,0.01,True,77.79561527821464,77.79561527821464,38.895807371513726,38.895807371513726,77.79161474302745,-0.004000535187188348,False,True,77.79561527821464,77.79561527821464,38.895807371513726,38.895807371513726,77.79161474302745,-0.004000535187188348,False,True
pool1py2uxkvuj926h42s40wxl26dh0ggaq882v4m0hkd99m86vzmwnz,EARTH,2418721.894271,100098.0,107833.565705,340.0,0.05,True,718.614905619487,374.96649772890134,359.2406362326296,341.77694447087356,683.5538889417471,308.5873912128458,True,False,718.614905619487,220.66663136253942,359.2406362326296,187.47707810451166,374.9541562090233,154.2875248464839,True,False
pool1py6q7y3f7jz60mt5jhsrdx6lqtuvc02chqgvwzjzayctqhgzzge,WSKS,5334636.977761,100.0,9433.683631,500.0,0.9999,True,1584.3600414320028,1584.2517971842924,792.179867448679,792.1507011305378,1584.3014022610755,0.049605076783109325,True,False,1584.3600414320028,1584.2268413938782,792.179867448679,792.1257453401234,1584.251490680247,0.024649286368685352,True,False
pool1pzkgztz8y8tgd9tpfu7umep97x7m0c5ck0dpn2vqtf202fyhfv5,,49997.029299,10000.0,10.0,340.0,0.0325,False,0.0,0.0,0.0,0.0,0.0,0.0,False,False,0.0,0.0,0.0,0.0,0.0,0.0,False,False
pool1pzqdfptvl5f8vh28az37jag2wkfmqz9x8d6eufl8y0z9q34hlr7,VICE,1250701.976493,900000.0,975632.608454,340.0,0.04,True,371.8297351512865,365.10937339798943,185.81855164767347,185.81855164767347,371.63710329534695,6.527729897357517,True,False,371.8297351512865,329.2164734844215,185.81855164767347,182.47870640609966,364.9574128121993,35.740939327777824,True,False
pool1q0a7a94cfk4ph7gugj636tsuhhd98l2sfjv2adhaff2mvs7kmtl,NUFI8,7806919.209518,1000.0,1002.830397,340.0,0.03,True,2318.623359892726,399.6052381168661,1159.3094371778225,364.6813694229443,729.3627388458885,329.75750072902247,True,False,2318.623359892726,234.72642018984868,1159.3094371778225,199.8025514959269,399.6051029918538,164.87868280200513,True,False
pool1q0c5nnpfpyl8ks0fdm0h2p833yxj0gll237z362yluvs2nt65pp,CDT,122.180874,100.0,110.599318,170.0,0.05,True,0.03628708646778992,0.03628708646778992,0.018143542596607633,0.018143542596607633,0.03628708519321527,-1.2745746541531489e-09,False,True,0.03628708646778992,0.03628708646778992,0.018143542596607633,0.018143542596607633,0.03628708519321527,-1.2745746541531489e-09,False,True
pool1q0jmr57udknpq8k5qtgt5vgdjq9pzrzevf68966wxn8zgz7qy3w,EPOCH,3167693.971006,50000.0,1101442.487135,340.0,0.015,True,940.9678959561002,554.8433031539705,470.4391165937458,386.6313938865269,773.2627877730538,218.41948461908328,True,False,940.9678959561002,445.6175338274223,470.4391165937458,277.40562455997866,554.8112491199573,109.19371529253505,True,False
pool1q0memmdw4ktr88fkma53tqgkaqeq3wfc476le59rped4cu8tn4h,JOEY,793558.974793,25000.0,34698.483755,340.0,0.0,True,235.70497582020724,235.70497582020724,117.84696477009201,117.84696477009201,235.69392954018403,-0.01104628002320851,False,True,235.70497582020724,172.87295980328977,117.84696477009201,117.84696477009201,235.69392954018403,62.820969736894256,True,False
pool1q23kstu6ute8x43z95ahnwh04n9rpn6k0wzakq663ke75220682,,2736.79397,500.0,509.859258,340.0,0.025,True,0.8128148559406779,0.8128148559406779,0.4064071066389673,0.4064071066389673,0.8128142132779346,-6.426627433553378e-07,False,True,0.8128148559406779,0.8128148559406779,0.4064071066389673,0.4064071066389673,0.8128142132779346,-6.426627433553378e-07,False,True
pool1q2fh3cl6rx0wv5gry4qx5l4h65qpjf7x99xmq66nqj2fj5g6u9z,ASTCH,1923836.883332,5000.0,21119.021546,170.0,0.0,True,571.3805721433447,174.40617654473894,285.6875292912066,171.26996599601156,342.5399319920231,168.1337554472842,True,False,571.3805721433447,90.33926855839289,285.6875292912066,87.20305800966551,174.40611601933102,84.06684746093813,True,False
pool1q34qp4ckh590gt99eadtz8w8ag3watavf5adj8qjs7guxmkgk8g,,1047.621962,100.0,1047.621962,340.0,0.01,True,0.3111383812512234,0.3111383812512234,0.155569163399348,0.155569163399348,0.311138326798696,-5.445252737601436e-08,False,True,0.3111383812512234,0.3111383812512234,0.155569163399348,0.155569163399348,0.311138326798696,-5.445252737601436e-08,False,True
pool1q3xdrewrldt06rpjx6pzguzm847ujxnmajxrsr7dsthscz4htlv,MICRO,15303.952338,10000.0,11779.09216,340.0,0.0,True,4.545255201905721,4.545255201905721,2.272612353616025,2.272612353616025,4.54522470723205,-3.0494673670666828e-05,False,True,4.545255201905721,4.545255201905721,2.272612353616025,2.272612353616025,4.54522470723205,-3.0494673670666828e-05,False,True
pool1q42574l9xer3khqpshk8w2vc6md6zlah7493fp6zzv9mqurmufx,,429.14441,5000.0,429.14441,340.0,0.015,False,0.0,0.0,0.0,0.0,0.0,0.0,False,False,0.0,0.0,0.0,0.0,0.0,0.0,False,False
pool1q4f8t94fzl9eamju0km090z8sxaydk4na5pqjpklzuukjlr63u5,HAVN,1697.600883,1000.0,1697.600883,170.0,0.05,True,0.5041794320351978,0.5041794320351978,0.25208951557987197,0.25208951557987197,0.5041790311597439,-4.0087545383205025e-07,False,True,0.5041794320351978,0.5041794320351978,0.25208951557987197,0.25208951557987197,0.5041790311597439,-4.0087545383205025e-07,False,True
pool1q5h54ekx7wwqpfz78y8dppyl6uv7rpyvvr8nhf4es434un4mpx3,BHMT,3522.825093,1000.0,2015.644521,345.0,0.0,True,1.0462636241305656,1.0462636241305656,0.5231310872107233,0.5231310872107233,1.0462621744214466,-1.4497091189724642e-06,False,True,1.0462636241305656,1.0462636241305656,0.5231310872107233,0.5231310872107233,1.0462621744214466,-1.4497091189724642e-06,False,True
pool1q5q3rld4nll02w8sqhf9582jcf22t99yt27z0pqksvpnv4rdra9,,53123918.747451,0.0,64572.408101,340.0,0.03,True,15777.527484999662,821.3272900646784,7888.763742499831,575.363208198105,1150.72641639621,329.39912633153153,True,False,15777.527484999662,656.6277268989127,7888.763742499831,410.6636450323392,821.3272900646784,164.69956316576577,True,False
pool1q5sspejl875flc0z6wh9y9zxkgqnk0y3aaw8jc0pkxs6cpavm4q,ONYX,116198.318083,0.0,5.665643,170.0,0.05,True,34.510295936201665,34.510295936201665,17.255147968100832,17.255147968100832,34.510295936201665,0.0,False,False,34.510295936201665,34.510295936201665,17.255147968100832,17.255147968100832,34.510295936201665,0.0,False,False
pool1q5za50d3sr707xkmjtyrs0v76ezxyj8g8uhggfk0wfl77aufd9k,,315867.938645,725000.0,14395.819559,340.0,0.01,False,0.0,0.0,0.0,0.0,0.0,0.0,False,False,0.0,0.0,0.0,0.0,0.0,0.0,False,False
pool1q66d2n39uvln4hazyzv8fyq977mpqus78sjd2369qfn7cptdeyh,KTN2,6336314.010172,50000.0,59504.184531,340.0,0.05,True,1882.213755694272,430.8694382459235,941.0164834851071,375.4127500349301,750.8255000698603,319.95606182393675,True,False,1882.213755694272,270.88608116897456,941.0164834851071,215.42939295798115,430.8587859159623,159.97270474698774,True,False
pool1q6lzp5x6tqg04chsxakupgq6x829nsx2dk5w8h043fnajm8d3uj,ADAIM,186857.90105,4000.0,11355.61722,170.0,0.0,True,55.49666510040748,55.49666510040748,27.748122385361494,27.748122385361494,55.49624477072299,-0.00042032968449490227,False,True,55.49666510040748,55.49666510040748,27.748122385361494,27.748122385361494,55.49624477072299,-0.00042032968449490227,False,True
pool1q6ydlweuzytf4wxdnr9h7qxalu7v3kg4c2t6m7uysn0r67jqx62,,19.73646,8000.0,2.48148,340.0,0.0,False,0.0,0.0,0.0,0.0,0.0,0.0,False,False,0.0,0.0,0.0,0.0,0.0,0.0,False,False
pool1q7k8mmnvsgthp94hpn8jrnacjewplvywq70eef90fv4nu7gedzp,LOGIC,340344.174498,0.0,200664.388705,500.0,0.0,True,101.0804491481414,101.0804491481414,50.5402245740707,50.5402245740707,101.0804491481414,0.0,False,False,101.0804491481414,101.0804491481414,50.5402245740707,50.5402245740707,101.0804491481414,0.0,False,False
pool1q7wrwstqkzhrffdzpw8ftfd4epmxywdjnp8384atjcnezchv242,SPEC,1369403.911896,8601.0,8970.379954,170.0,0.017,True,406.7192899107308,175.54851386141092,203.3562816298691,170.78184499057195,341.5636899811439,166.01517611973298,True,False,406.7192899107308,92.5408469678417,203.3562816298691,87.77417809700272,175.54835619400544,83.00750922616373,True,False
pool1q80jjs53w0fx836n8g38gtdwr8ck5zre3da90peuxn84sj3cu0r,000,6687478.28096,2000.0,4542.114802,340.0,0.0,True,1986.1616239876287,341.1180679420054,993.0769702244602,340.44356788144603,680.8871357628921,339.7690678208867,True,False,1986.1616239876287,171.23353142224403,993.0769702244602,170.55903136168467,341.11806272336935,169.88453130112532,True,False
pool1q86d5lfjtyrq8yzkyc55dy5p4yw0qvgkp5nqgr9ld5fv6ustg8h,,3.070591,1862.817955,3.070591,345.0,0.02,False,0.0,0.0,0.0,0.0,0.0,0.0,False,False,0.0,0.0,0.0,0.0,0.0,0.0,False,False
pool1q8a7ym63gurl72wr32je0tv0lp4p2uh8vzzc6rn6un7ryslvqmu,LSSP,4910349.697464,68000.0,68918.043598,340.0,0.02,True,1458.7270726822376,377.7621362689413,729.2688044774253,353.1395958843482,706.2791917686964,328.5170554997551,True,False,1458.7270726822376,213.50041088701107,729.2688044774253,188.87787050241795,377.7557410048359,164.25533011782483,True,False
pool1q8fqknvzyj9p4ezhxqdghlc7rnmwvwuku9eevgvl25cpjy385gg,PORTO,1411419.44955,1000.0,2105.743249,170.0,0.0,True,419.1858543884721,170.37176859847872,209.59252195760456,170.05906938993203,340.11813877986407,169.74637018138534,True,False,419.1858543884721,85.49858290320017,209.59252195760456,85.18588369465346,170.3717673893069,84.87318448610674,True,False
pool1q8sll5g69z98q6mmu5teg7zn4fnlsqjyq898e6cxmec0cj9lk6r,MATRX,13408.015848,100.0,105.92712,340.0,0.02,True,3.982112479604996,3.982112479604996,1.9910558574480421,1.9910558574480421,3.9821117148960843,-7.64708911749068e-07,False,True,3.982112479604996,3.982112479604996,1.9910558574480421,1.9910558574480421,3.9821117148960843,-7.64708911749068e-07,False,True
pool1q8xqp4w6yzt3z7wd7359ywn6xfke2qj249gyxtru684ruk8kazv,,233.375391,25000.0,208.038836,340.0,0.0,False,0.0,0.0,0.0,0.0,0.0,0.0,False,False,0.0,0.0,0.0,0.0,0.0,0.0,False,False
pool1q9049mstrv5czwyylpf3xen08pmvsfsgtru4wf3zvc9uxat2sm0,SNEK,9293546.537528,50000.0,50022.570203,340.0,0.04,True,2760.666469573313,449.3347405584296,1380.200317080678,386.98294177506375,773.9658835501275,324.6311429916979,True,False,2760.666469573313,287.01316554120274,1380.200317080678,224.66136675783693,449.32273351567386,162.30956797447112,True,False
pool1q9kwa675j2z53jecrs6pn3fqsc9ypxrsypu5dgu6hammqkagy22,TIGER,9173185.086734,369.0,11672.021761,340.0,0.01,True,2724.392136203894,366.847498622392,1362.195095614167,351.5095923210889,703.0191846421778,336.17168601978585,True,False,2724.392136203894,198.7616446625953,1362.195095614167,183.42373836129227,366.84747672258453,168.08583205998923,True,False
pool1qa0t2lecmzmvzn6z7lzc439wvlgz0x04lvnqcdyzv4gywz3qehp,,429050.591156,100000.0,112042.785871,340.0,0.01,True,127.46367291116563,127.46367291116563,63.722358625379805,63.722358625379805,127.44471725075961,-0.01895566040602148,False,True,127.46367291116563,127.46367291116563,63.722358625379805,63.722358625379805,127.44471725075961,-0.01895566040602148,False,True
pool1qa2h3hha0m5he0429ym7tqvsn89nsddvn7wgkx3v8g6hsstdzc0,SNSKY,113236.612073,80000.0,107100.807,790.0,0.0,True,33.633751159085136,33.633751159085136,16.816107611868993,16.816107611868993,33.63221522373799,-0.0015359353471495751,False,True,33.633751159085136,33.633751159085136,16.816107611868993,16.816107611868993,33.63221522373799,-0.0015359353471495751,False,True
pool1qa6lqyu67ghpa0evxfu9nzqkj3h82qpfku82ec79zdwru4pd25m,CNODE,41649494.305388,500000.0,670602.508833,495.0,0.0,True,12393.482862480725,686.5786155860674,6190.772202667284,586.7081753944806,1173.4163507889612,486.8377352028938,True,False,12393.482862480725,443.06363686193663,6190.772202667284,343.19319667034983,686.3863933406997,243.32275647876304,True,False
pool1qadgwr92pgx0yz3u9n63f0s9ugryaud6wxers850z6sfu06y3rg,VITAL,72209.836408,0.0,13486.823023,340.0,1.0,True,21.445945733610156,21.445945733610156,10.722972866805078,10.722972866805078,21.445945733610156,0.0,False,False,21.445945733610156,21.445945733610156,10.722972866805078,10.722972866805078,21.445945733610156,0.0,False,False
pool1qakys0fxx5p2fxcnsc2tyjpqa88q7qgtdh5t3a32hplv6fg25r9,DAPP,34290331.60055,1000.0,1062.35835,340.0,0.025,True,10184.089493459429,586.3995952630148,5092.034894842707,458.9444158896494,917.8888317792988,331.489236516284,True,False,10184.089493459429,420.65473041010426,5092.034894842707,293.1995510367388,586.3991020734776,165.74437166337333,True,False
pool1qarmuvc39q7ygl2affsuly2hs39mukcag9tunsnu8xudwv8mf00,,28893.162406,25000.0,25189.617709,340.0,0.01,True,8.58123103720787,8.58123103720787,4.290587454527661,4.290587454527661,8.581174909055322,-5.6128152547074706e-05,False,True,8.58123103720787,8.58123103720787,4.290587454527661,4.290587454527661,8.581174909055322,-5.6128152547074706e-05,False,True
pool1qaxrj6n50naglqmzj5puq5sd0awgy9wnqmykpwmcah4vzhndpve,🐈NNSP,933128.25164,50000.0,78832.650804,340.0,0.0,True,277.1850170787414,277.1850170787414,138.5798089559253,138.5798089559253,277.1596179118506,-0.025399166890792912,False,True,277.1850170787414,179.05521723079184,138.5798089559253,138.5798089559253,277.1596179118506,98.10440068105876,True,False
pool1qc05c76autq4235sq20zu4vjwtl5m0xn4mxq9kg6e66uwz95kd4,EGH,70036808.429206,0.0,0.0,340.0,0.05,True,20800.567729323888,1363.0283864661944,10400.283864661944,843.0141932330972,1686.0283864661944,323.0,True,False,20800.567729323888,1201.5283864661944,10400.283864661944,681.5141932330972,1363.0283864661944,161.5,True,False
pool1qcdw8uk5d9ehldhccy926u886qhr07xa354yrkamdde0qku53nx,ARMY,15101.037507,5000.0,5049.522212,340.0,0.02,True,4.484987623127063,4.484987623127063,2.2424792987774667,2.2424792987774667,4.484958597554933,-2.9025572129803834e-05,False,True,4.484987623127063,4.484987623127063,2.2424792987774667,2.2424792987774667,4.484958597554933,-2.9025572129803834e-05,False,True
pool1qcu4r9rw853pyvfznfeujfzxlku4xtvp8cas6c2y79hvuy22vl4,MPOL,21868.233519,100.0,127.679256,340.0,0.0,True,6.494754084971058,6.494754084971058,3.247376417059385,3.247376417059385,6.49475283411877,-1.2508522884147055e-06,False,True,6.494754084971058,6.494754084971058,3.247376417059385,3.247376417059385,6.49475283411877,-1.2508522884147055e-06,False,True
pool1qcvvyev6gdhdnggvypta045l0vtruawayq6gap29a99c755k8nm,,76827492.396133,76800000.0,76896698.64204,340.0,1.0,True,29537.064842710603,29537.064842710603,12248.94849852066,12248.94849852066,24497.89699704132,-5039.1678456692825,False,True,29537.064842710603,29537.064842710603,12248.94849852066,12248.94849852066,24497.89699704132,-5039.1678456692825,False,True
pool1qcw5gq4zsxupu33q4g7d4hqw87tmlzclqut3c9wexczpwfmqfal,OvO,173905.925436,10000.0,15333.994669,170.0,0.0,True,51.651039025612384,51.651039025612384,25.825048496656294,25.825048496656294,51.65009699331259,-0.0009420322997968356,False,True,51.651039025612384,51.651039025612384,25.825048496656294,25.825048496656294,51.65009699331259,-0.0009420322997968356,False,True
pool1qd3hwt2hvkt2jn9lktcjqpdk9cz0mk8qdue35x00p7ud5g0268s,,66.488296,42951872.0,0.0,340.0,0.15,False,0.0,0.0,0.0,0.0,0.0,0.0,False,False,0.0,0.0,0.0,0.0,0.0,0.0,False,False
pool1qd6mlgr6u0yp2ddxn7gd5jr6pcflu5md3sff4xyu2ngeu503jkd,ACGW,16318.140922,100.0,497.625394,345.0,0.15,True,4.846404820783861,4.846404820783861,2.423201944426267,2.423201944426267,4.846403888852534,-9.319313267752705e-07,False,True,4.846404820783861,4.846404820783861,2.423201944426267,2.423201944426267,4.846403888852534,-9.319313267752705e-07,False,True
pool1qd9yemufpf2fctpd2zyx9v2lv3h4fne3v8jplse284gqxk8ketu,,164.620642,100.0,164.620642,340.0,0.03,True,0.0488914816436269,0.0488914816436269,0.024445738965183258,0.024445738965183258,0.048891477930366516,-3.7132603866729674e-09,False,True,0.0488914816436269,0.0488914816436269,0.024445738965183258,0.024445738965183258,0.048891477930366516,-3.7132603866729674e-09,False,True
pool1qdjx5xeeu6288ftmhmdr0c6mazkua7m07cydmr78ymfhz7jj7g4,1PCT,222151.74466,50000.0,51882.837597,340.0,0.01,True,65.98781284021393,65.98781284021393,32.99143027978509,32.99143027978509,65.98286055957018,-0.004952280643749418,False,True,65.98781284021393,65.98781284021393,32.99143027978509,32.99143027978509,65.98286055957018,-0.004952280643749418,False,True
pool1qds0ldd626j09nnpn3g3ne2fvn65phr6cz74k6xv8urtgygu9cp,PERDX,7759.002179,500.0,0.0,340.0,0.0,False,0.0,0.0,0.0,0.0,0.0,0.0,False,False,0.0,0.0,0.0,0.0,0.0,0.0,False,False
pool1qel9h28zarup4g5dx95smeggfruq26k47lc8e6wmdzaaywyj63r,RAID1,36731.86099,30000.0,33806.430839,340.0,0.01,True,10.909404198947389,10.909404198947389,5.454643891607925,5.454643891607925,10.90928778321585,-0.00011641573153831075,False,True,10.909404198947389,10.909404198947389,5.454643891607925,5.454643891607925,10.90928778321585,-0.00011641573153831075,False,True
pool1qelp62ghdjald2mfsmfd4k82y0rnd2e8udypc8vu58fwkpaceml,KUMOJ,379.485117,100.0,156.561817,225.0,0.015,True,0.1127051375559011,0.1127051375559011,0.0563525607480193,0.0563525607480193,0.1127051214960386,-1.605986249542113e-08,False,True,0.1127051375559011,0.1127051375559011,0.0563525607480193,0.0563525607480193,0.1127051214960386,-1.605986249542113e-08,False,True
pool1qeqylk3pnenvt3j4mah2dafcnd3h8uc3fqhvfzrxlxf3xuvdvvp,LILIE,1533759.51042,750.0,4438.91422,340.0,0.9999,True,455.5199164067627,455.50839784819914,227.75962786090707,227.75962786090707,455.51925572181415,0.010857873615009339,True,False,455.5199164067627,455.49144704857326,227.75962786090707,227.75386861456394,455.5077372291279,0.016290180554619837,True,False
pool1qetkrhjs9fll3nthuxk6zp0ssanf3rszg5wh8x79mg67gsg7vjv,CARAT,10791089.405691,50000.0,92793.714539,340.0,0.03,True,3205.5150178422477,449.8670900638641,1602.6030573892208,388.40963071467263,776.8192614293453,326.95217136548115,True,False,3205.5150178422477,286.3850825345234,1602.6030573892208,224.9276231853319,449.8552463706638,163.4701638361404,True,False
pool1qfdzhvd4kttdew9klp89jtuts46dnecxdj36lwax9j2eyag0v6t,,3.24472,0.0,2.384669,170.0,0.0,True,0.0009636649589895792,0.0009636649589895792,0.0004818324794947896,0.0004818324794947896,0.0009636649589895792,0.0,False,False,0.0009636649589895792,0.0009636649589895792,0.0004818324794947896,0.0004818324794947896,0.0009636649589895792,0.0,False,False
pool1qfxukshs4fkcrflzdnxa2fdza5lfvew3y6echg8ckaa4q8m5hyf,NEDS1,51146934.952272,250000.0,258159.663153,340.0,0.02,True,15205.044210414166,710.8302895089546,7598.848525132704,521.0826030500996,1042.1652061001992,331.33491659124456,True,False,15205.044210414166,545.0711883804397,7598.848525132704,355.3235019215847,710.6470038431694,165.57581546272968,True,False
pool1qg0g6hv2e50wevkqj34g0cya4f9audctayzp8wqwhxtdjnhn3tt,,551.719342,0.0,0.0,345.0,0.06,True,0.1638577741938249,0.1638577741938249,0.08192888709691246,0.08192888709691246,0.1638577741938249,0.0,False,False,0.1638577741938249,0.1638577741938249,0.08192888709691246,0.08192888709691246,0.1638577741938249,0.0,False,False
pool1qgmwcxs8d8qmr0vtvsqd9u8gugrventh5dcqukmu79e2sgfuu8t,CLAY,7847994.286318,100000.0,110904.794056,170.0,0.05,True,2331.705069418327,307.1062076724291,1165.629490182218,233.1478297279699,466.2956594559398,159.18945178351072,True,False,2331.705069418327,227.49733517498538,1165.629490182218,153.5389572305262,307.0779144610524,79.580579286067,True,False
pool1qgsylc6kjv29zva4w783fuyf9xxhj78ktgjlxjvppest5ya9pek,TURBO,10809.257028,24000.0,0.0,340.0,0.0,False,0.0,0.0,0.0,0.0,0.0,0.0,False,False,0.0,0.0,0.0,0.0,0.0,0.0,False,False
pool1qh4jvncd9chmm5ru3sk3cqxuat83vj8v7rgl4x5lqfepcywvc9g,,19.424099,0.0,12.3,340.0,0.0,True,0.00576885634700206,0.00576885634700206,0.00288442817350103,0.00288442817350103,0.00576885634700206,0.0,False,False,0.00576885634700206,0.00576885634700206,0.00288442817350103,0.00288442817350103,0.00576885634700206,0.0,False,False
pool1qhnjcmyy9xrf00z4uj66yedje5ue2ukqte2hr6dmty9a2gz7tu5,,197.22628,100.0,197.22628,340.0,0.01,True,0.05857519024241771,0.05857519024241771,0.029287592327781553,0.029287592327781553,0.058575184655563106,-5.586854603945035e-09,False,True,0.05857519024241771,0.05857519024241771,0.029287592327781553,0.029287592327781553,0.058575184655563106,-5.586854603945035e-09,False,True
pool1qhs3cf9ymc2nvmrd2j8cs36cj9jdqgnqk6s9ngyvy2lz5s8rak8,PANL,327550.204001,166000.0,191785.787865,170.0,0.04,True,97.31165991206699,97.31165991206699,48.64807487147219,48.64807487147219,97.29614974294438,-0.015510169122606499,False,True,97.31165991206699,92.41278979310104,48.64807487147219,48.64807487147219,97.29614974294438,4.883359949843339,True,False
pool1qkd5y9azf2xx0gmrj68lrkcn59ldjmnpzd3y2rq3tvjp2vqljan,AMOON,8378187.626864,150000.0,189795.882466,340.0,0.01,True,2489.699359588415,409.7083806057227,1244.494024784235,369.3300611799658,738.6601223599316,328.9517417542089,True,False,2489.699359588415,245.2209768904617,1244.494024784235,204.84265746470476,409.6853149294095,164.4643380389478,True,False
pool1qku2yhky7sv4dfjfv42uyvauhehuqevk25aw952d7ulzqzx3jcu,ASPEN,16052570.333042,250000.0,253877.488205,170.0,0.005,True,4772.084995604795,265.4302260550651,2384.9018582776876,215.92887467899664,431.85774935799327,166.4275233029282,True,False,4772.084995604795,182.19281175750814,2384.9018582776876,132.69146038143967,265.38292076287934,83.1901090053712,True,False
pool1qkvt06tjvd5mjf3yms9y6hp22uedn5ys6384pn8k3d4tz3d7j2z,,497.432393,100.0,497.432393,340.0,0.075,True,0.14773487844933653,0.14773487844933653,0.07386742780597746,0.07386742780597746,0.14773485561195493,-2.2837381596918505e-08,False,True,0.14773487844933653,0.14773487844933653,0.07386742780597746,0.07386742780597746,0.14773485561195493,-2.2837381596918505e-08,False,True
pool1qkwseukqpnezhh9gjcuhtse7wp7v8m8asgekl34lh3f5xnnl6z2,,35.245729,5.0,7.614702,340.0,0.0,True,0.010467798317041338,0.010467798317041338,0.005233899115071036,0.005233899115071036,0.010467798230142072,-8.689926556115779e-11,False,True,0.010467798317041338,0.010467798317041338,0.005233899115071036,0.005233899115071036,0.010467798230142072,-8.689926556115779e-11,False,True
pool1qle9cf4ycvz2ervhjsedsq8kkxdey4a9jxyuhhmj8wanx2xjqgn,,10.27688,100.0,2.622622,340.0,0.02,False,0.0,0.0,0.0,0.0,0.0,0.0,False,False,0.0,0.0,0.0,0.0,0.0,0.0,False,False
pool1qlkr6qu4mm38x77ldp2vnxn0gatgq4ernvvdw4pxze2tuyw5pfh,,13156.203178,500.0,501.04051,345.0,0.0,True,3.90733116985839,3.90733116985839,1.9536637667787788,1.9536637667787788,3.9073275335575577,-3.6363008324435953e-06,False,True,3.90733116985839,3.90733116985839,1.9536637667787788,1.9536637667787788,3.9073275335575577,-3.6363008324435953e-06,False,True
pool1qlpen2kkw8yc0pjyjjcg4zlswhrahf73f99y3ae85kjy6leqk7l,FOFA,8862.233701,1.0,140.98411,2500.0,0.0,True,2.632037312641316,2.632037312641316,1.3160186537747294,1.3160186537747294,2.6320373075494587,-5.0918571581348715e-09,False,True,2.632037312641316,2.632037312641316,1.3160186537747294,1.3160186537747294,2.6320373075494587,-5.0918571581348715e-09,False,True
pool1qlpjsz5j5vqs59cnu09j90agycj2xvrp45sv0v6euujj60up6dw,ROAM,64422.20212,10000.0,25635.068257,340.0,0.0,True,19.133684405116536,19.133684405116536,9.566685805865182,9.566685805865182,19.133371611730364,-0.0003127933861719612,False,True,19.133684405116536,19.133684405116536,9.566685805865182,9.566685805865182,19.133371611730364,-0.0003127933861719612,False,True
pool1qlps2dwr0qd0a7pjqr47apewf2lq42xv03zgentgwv9mspeh57g,,70016772.650874,0.0,0.0,340.0,0.05,True,20794.617207397612,1362.7308603698807,10397.308603698806,842.8654301849404,1685.7308603698807,323.0,True,False,20794.617207397612,1201.2308603698807,10397.308603698806,681.3654301849404,1362.7308603698807,161.5,True,False
pool1qlxxw3zlgx0kgv2cel0n6z3a6yjs0w8grwtp5xwna8fm2g5tsda,,60867.075946,0.0,2.182349,340.0,0.075,True,18.077204888347126,18.077204888347126,9.038602444173563,9.038602444173563,18.077204888347126,0.0,False,False,18.077204888347126,18.077204888347126,9.038602444173563,9.038602444173563,18.077204888347126,0.0,False,False
pool1qm06f4n2hwgeqzm9lsc3rdyqcsvtt2d7z76carwxjv0e274mu24,ECO,227733.780347,5000.0,5086.738225,170.0,0.009,True,67.6370279141284,67.6370279141284,33.81819395627695,33.81819395627695,67.6363879125539,-0.0006400015744958409,False,True,67.6370279141284,67.6370279141284,33.81819395627695,33.81819395627695,67.6363879125539,-0.0006400015744958409,False,True
pool1qm656ca3pdnu3gfetusmslva555j3m3efaq5u44sgpdsjn7dg4d,,1047.502152,1000.0,1008.418929,345.0,0.01,True,0.31110274400663,0.31110274400663,0.15555135834960926,0.15555135834960926,0.3111027166992185,-2.7307411498700418e-08,False,True,0.31110274400663,0.31110274400663,0.15555135834960926,0.15555135834960926,0.3111027166992185,-2.7307411498700418e-08,False,True
pool1qmsck80ldwm23t4t5elxc857r82ph3urkt7tpyq65ntn2dv2ust,CAMP,9189449.703135,20000.0,34280.445995,340.0,0.0,True,2729.4295657808952,348.91355998832705,1364.6620728128553,343.82241309163516,687.6448261832703,338.73126619494326,True,False,2729.4295657808952,179.54773026047752,1364.6620728128553,174.4565833637856,348.9131667275712,169.36543646709367,True,False
pool1qn77pnnf6cf22qjjfd2kadudmdc77rw0uxked3m2arnn2ea2f9v,BRIAN,314669.435307,500.0,6043.090583,170.0,0.01,True,93.45536571378094,93.45536571378094,46.72763772431223,46.72763772431223,93.45527544862446,-9.026515647292399e-05,False,True,93.45536571378094,85.2453114868972,46.72763772431223,46.72763772431223,93.45527544862446,8.209963961727269,True,False
pool1qngadlcclnkqgdwd4l3vp5gmgdc7cpkfek76q7rzscqqk5ak9y8,UNIT,1396.757037,10000.0,20.0,340.0,0.03,False,0.0,0.0,0.0,0.0,0.0,0.0,False,False,0.0,0.0,0.0,0.0,0.0,0.0,False,False
pool1qnrqc7zpwye2r9wtkayh2dryvfqs7unp99f2039duljrsaffq5c,NUFI,27265033.330967,1000.0,1002.829501,340.0,0.03,True,8097.604383394027,573.0049024048734,4048.7943582933494,451.3961507683646,902.7923015367292,329.78739913185575,True,False,8097.604383394027,408.11096755736037,4048.7943582933494,286.50221592085154,573.0044318417031,164.8934642843427,True,False
pool1qp3j2cy4xje783x3a98y08yz6kwr3emu05zm2xyxryajjhmt48p,,1578.596558,100.0,1.089511,340.0,0.015,False,0.0,0.0,0.0,0.0,0.0,0.0,False,False,0.0,0.0,0.0,0.0,0.0,0.0,False,False
pool1qp7ge7rwk8ht63v8z6vkyw3g8em5qr5k0z0l6ta8mxjtzx4dzy8,EVE01,183.132845,100.0,114.588717,340.0,0.0,True,0.05438951175037289,0.05438951175037289,0.027194753486679577,0.027194753486679577,0.054389506973359154,-4.777013735968172e-09,False,True,0.05438951175037289,0.05438951175037289,0.027194753486679577,0.027194753486679577,0.054389506973359154,-4.777013735968172e-09,False,True
pool1qpn9lpmwp9p88vtp6gt20xdc5e7rf50ew42hp7gdnfltxqvfpka,WSP,69.699931,10000.0,0.0,340.0,0.05,False,0.0,0.0,0.0,0.0,0.0,0.0,False,False,0.0,0.0,0.0,0.0,0.0,0.0,False,False
pool1qprj52nh0j32p5vq290rludcfz58kujyszt5ztfvj2ymx43649f,,7.033144,0.0,2.438019,340.0,0.075,True,0.002088807177299676,0.002088807177299676,0.001044403588649838,0.001044403588649838,0.002088807177299676,0.0,False,False,0.002088807177299676,0.002088807177299676,0.001044403588649838,0.001044403588649838,0.002088807177299676,0.0,False,False
pool1qpuzf5kcxrmuf6qg2nnu9cs7hj2d6ke3fwz58l7rlefcy50caaa,ANFRA,287214.268075,107000.000119,172814.690889,340.0,0.03,True,85.32335287421115,85.32335287421115,42.65611796412837,42.65611796412837,85.31223592825674,-0.011116945954412927,False,True,85.32335287421115,85.32335287421115,42.65611796412837,42.65611796412837,85.31223592825674,-0.011116945954412927,False,True
pool1qpzz7fg5qn7ypklmjtajklh3yzjnhvkwx4se82qgymuqqm67w8k,,951.274414,0.0,0.0,340.0,0.0,True,0.28252355184889477,0.28252355184889477,0.14126177592444739,0.14126177592444739,0.28252355184889477,0.0,False,False,0.28252355184889477,0.28252355184889477,0.14126177592444739,0.14126177592444739,0.28252355184889477,0.0,False,False
pool1qq76dtlr0m9g6xlvngzq550j86cgtslphyjffz3pgpn7wazatdc,ATM,237284.471093,25000.0,141511.025574,170.0,0.0299,True,70.47835477741144,70.47835477741144,35.2376517736118,35.2376517736118,70.4753035472236,-0.0030512301878360404,False,True,70.47835477741144,70.47835477741144,35.2376517736118,35.2376517736118,70.4753035472236,-0.0030512301878360404,False,True
pool1qqenhz258k5k9nyjull6gkzg7s4f3ae8v7qxwpegeef9v0nsy3e,CHRTY,1521005.831417,60000.0,67289.860036,200.0,0.01,True,451.831642972485,213.54803012421002,225.89060528000914,201.39286189824017,402.78572379648034,189.23769367227032,True,False,451.831642972485,118.9278267074735,225.89060528000914,106.77265848150364,213.54531696300728,94.61749025553378,True,False
pool1qqlf3epa7m8780p2jx5689u2ql06tw026l5377tptk2zswrc645,CPS,3758266.112826,1.0,19391.448848,340.0,0.03,True,1116.185487038284,367.17028695254515,558.0927424393517,347.6343122788283,695.2686245576566,328.09833760511145,True,False,1116.185487038284,203.12111811219145,558.0927424393517,183.58514343847463,367.17028687694926,164.0491687647578,True,False
pool1qqq0c53vaf5ju0n3fvujmyxwca0yhp65930evw9lngmr5705csz,ANP,55905695.936318,350000.0,415604.57458,340.0,0.001,True,16626.148810804618,477.2367824960618,8307.449722262418,407.1384731457832,814.2769462915664,337.04016379550467,True,False,16626.148810804618,308.669303670672,8307.449722262418,238.57099432039342,477.14198864078685,168.47268497011487,True,False
pool1qqq6qqa0hpzvumv5p87ynczfmdj557xuwlc3289ke42g72z7f74,AHL,10704541.973046,400000.0,690594.482984,380.0,0.01,True,3183.9556336776327,587.1254371773824,1590.7840534322718,469.43942385623166,938.8788477124633,351.7534105350809,True,False,3183.9556336776327,411.1605497843842,1590.7840534322718,293.47453646323345,586.9490729264669,175.78852314208268,True,False
pool1qqq9tqyj69j9kygpxza3h82ynh8d0xlueucnu2yqum8nse8hj7y,SION,2280854.113792,22222.0,63303.451594,170.0,0.025,True,677.4595041425202,196.41855381204982,338.7153252994595,178.7833903276141,357.5667806552282,161.14822684317835,True,False,677.4595041425202,115.8436893266929,338.7153252994595,98.20852584225719,196.41705168451438,80.57336235782148,True,False
pool1qqqq02jxq3q9j93devp9pts90ctm8w3r0rgek97ngujpjgpw46j,ZENY,118639.005847,500.0,500.0,340.0,0.01,True,35.235235389836625,35.235235389836625,17.617600723445406,17.617600723445406,35.23520144689081,-3.3942945812270864e-05,False,True,35.235235389836625,35.235235389836625,17.617600723445406,17.617600723445406,35.23520144689081,-3.3942945812270864e-05,False,True
pool1qqqq4md2rfdt75qvh3x9cgmkrgkl74ctcj3fnxpu3ylcudl22ex,MASTR,5117255.837921,10000.0,10015.018444,340.0,0.02,True,1519.8570631623581,365.860065926514,759.9138550373289,349.20365721727063,698.4073144345413,332.5472485080273,True,False,1519.8570631623581,199.58611999252454,759.9138550373289,182.9297112832812,365.8594225665624,166.27330257403784,True,False
pool1qqqq58jy30weq2an3px3maljdmawcwh6ml4hr8m9euq9z2n7wyz,COAST,713027.446597,500.0,500.0,340.0,0.035,True,211.7658514724396,211.7658514724396,105.88282337680214,105.88282337680214,211.76564675360427,-0.0002047188353344609,False,True,211.7658514724396,171.4900674209221,105.88282337680214,105.88282337680214,211.76564675360427,40.275579332682184,True,False
pool1qqqqdktl6pq46td0mwut0qn30g7nlue0sete9wxl0hwsq37wrw8,STR8,54417283.931373,650000.0,651516.112807,170.0,0.02,True,16202.155629795257,678.7506920633682,8090.908859633134,421.3553359362371,842.7106718724742,163.95997980910602,True,False,16202.155629795257,596.4480092441607,8090.908859633134,339.0526531170296,678.1053062340592,81.65729698989844,True,False
pool1qqqqpanw9zc0rzh0yp247nzf2s35uvnsm7aaesfl2nnejaev0uc,TITAN,55063701.336049,250000.0,250002.026843,170.0,0.01,True,16369.432407187236,404.8080276345694,8180.759930371643,286.11460771119755,572.2292154223951,167.42118778782572,True,False,16369.432407187236,321.0400882307224,8180.759930371643,202.34666830735046,404.6933366147009,83.65324838397851,True,False
pool1qqqqqdk4zhsjuxxd8jyvwncf5eucfskz0xjjj64fdmlgj735lr9,ATADA,69538883.749141,1300000.0,1340017.23465,340.0,0.01,True,20756.378777133832,933.6540265549222,10352.048606640785,631.1237606961322,1262.2475213922644,328.5934948373422,True,False,20756.378777133832,768.5971746820214,10352.048606640785,466.0669088232313,932.1338176464626,163.53664296444117,True,False
pool1qqqqrwzy7njvjq9wph7usj5gghm3py9c97688ek8pgc7uem9cfz,FROG2,6408784.32699,150000.0,150000.0,340.0,0.04,True,1904.4566701639485,437.73029393202313,951.9578010286198,378.2284897428665,756.456979485733,318.72668555370984,True,False,1904.4566701639485,278.3500511201227,951.9578010286198,218.84824693096604,437.6964938619321,159.34644274180937,True,False
pool1qqqqvmpm9v2l0tkwx4dpzth3g85lapxjug2j6sucnphyqlt4fuu,SALUD,59023.768048,500.0,500.0,340.0,0.0175,True,17.529785661895648,17.529785661895648,8.764884423609551,8.764884423609551,17.529768847219103,-1.6814676545351404e-05,False,True,17.529785661895648,17.529785661895648,8.764884423609551,8.764884423609551,17.529768847219103,-1.6814676545351404e-05,False,True
pool1qqqqx69ztfvd83rtafs3mk4lwanehrglmp2vwkjpaguecs2t4c2,WOLF,1332002.486422,5000.0,5001.761955,340.0,0.0249,True,395.60543431621886,341.5881784101789,197.80081066205676,197.80081066205676,395.6016213241135,54.013442913934625,True,False,395.60543431621886,176.4436450215001,197.80081066205676,170.79403475257223,341.58806950514446,165.14442448364437,True,False
pool1qqqqzyqf8mlm70883zht60n4q6uqxg4a8x266sewv8ad2grkztl,FROG,4589709.150867,100000.0,100270.678939,340.0,0.04,True,1363.6363965331896,402.4141556349851,681.688948924249,360.83379148019685,721.6675829603937,319.2534273254086,True,False,1363.6363965331896,242.77956125545967,681.688948924249,201.1991971006714,402.3983942013428,159.61883294588313,True,False
pool1qqqyv9pn9typyqwcxqk5ewpxy5p27g5j2ms58hpp2c2kuzs5z77,ANGEL,25992645.513419,55555.0,118392.690772,170.0,0.025,True,7721.337662102899,392.3187969543798,3860.2543888537666,278.6447134132154,557.2894268264308,164.970629872051,True,False,7721.337662102899,309.8212804330301,3860.2543888537666,196.1471968918657,392.2943937837314,82.47311335070128,True,False
pool1qqvukkkfr3ux4qylfkrky23f6trl2l6xjluv36z90ax7gfa8yxt,STAKE,23070236.932187,50000.0,50039.540087,340.0,0.008,True,6853.063991076233,406.11838798058164,3426.200976756649,371.3300520072931,742.6601040145862,336.54171603400454,True,False,6853.063991076233,237.8441695746362,3426.200976756649,203.05583360134762,406.11166720269523,168.26749762805903,True,False
pool1qr6jmmu8q2u44gzy2xarmnkq70c0ggz72nnh77qmevl62th69k3,,381.26312,100.0,100.047271,340.0,0.0,True,0.11323319540098226,0.11323319540098226,0.05661658961947583,0.05661658961947583,0.11323317923895165,-1.6162030602728805e-08,False,True,0.11323319540098226,0.11323319540098226,0.05661658961947583,0.05661658961947583,0.11323317923895165,-1.6162030602728805e-08,False,True
pool1qrmc270m32g080pks0uvyf0hhj7m8gyhgckkpy32l7nnzrll85v,,537.982299,80.0,424.685339,344.0,0.15,True,0.15977798599799165,0.15977798599799165,0.07988898247231466,0.07988898247231466,0.1597779649446293,-2.10533623312692e-08,False,True,0.15977798599799165,0.15977798599799165,0.07988898247231466,0.07988898247231466,0.1597779649446293,-2.10533623312692e-08,False,True
pool1qrp4nzmalqdgc96avaqjha9zp6mkahtzler6tvuupzlvvw786qn,,96578.165534,13000.0,41342.534276,340.0,0.04,True,28.684461618521855,28.684461618521855,14.341918550671293,14.341918550671293,28.683837101342586,-0.00062451717926848,False,True,28.684461618521855,28.684461618521855,14.341918550671293,14.341918550671293,28.683837101342586,-0.00062451717926848,False,True
pool1qsdg8ylzy4kv624drfgkzuqgqj3y29lw44qnvltepht2wegh58c,ADLF1,3168.038168,8500.0,4.191429,340.0,0.01,False,0.0,0.0,0.0,0.0,0.0,0.0,False,False,0.0,0.0,0.0,0.0,0.0,0.0,False,False
pool1qsql4xy359qgypnnh3hu3hm7ax4rs37gkas9tnhun03ygglxtth,,2.267244,1000.0,2.267244,345.0,0.0,False,0.0,0.0,0.0,0.0,0.0,0.0,False,False,0.0,0.0,0.0,0.0,0.0,0.0,False,False
pool1qsxhnvr03tg6jj7cl0y74jd63n85fgejm8tlqq7ct7fexfygkye,BRNS,381219.10436,50000.0,60961.350777,200.0,0.015,True,113.23913735576397,113.23913735576397,56.614805238206706,56.614805238206706,113.22961047641341,-0.009526879350559625,False,True,113.23913735576397,102.28392211252195,56.614805238206706,56.614805238206706,113.22961047641341,10.945688363891463,True,False
pool1qtscx3ge0rgmpffgqen5uup8r8tnav7a2veduweskqx7gf8gjec,,50181832.588042,0.0,45376.831097,340.0,0.05,True,14903.743202179978,1080.697936564854,7451.871601089989,701.7029322003586,1403.4058644007173,322.7079278358633,True,False,14903.743202179978,919.3439726469222,7451.871601089989,540.348968282427,1080.697936564854,161.35396391793176,True,False
pool1qu48wpwwarmkewhlwge9xs87sgt8gdnqq26nnre2v6c8up4fxwr,OBS,3349631.645731,95000.0,210672.828429,340.0,0.02,True,995.1789546332687,393.48647779203304,497.50047563217026,352.85777821854805,705.7155564370961,312.22907864506305,True,False,995.1789546332687,237.36467268877726,497.50047563217026,196.73597311529224,393.4719462305845,156.10727354180722,True,False
pool1quj6cp7w4tarq7hrcdsjxlgcmnunm2xvnpvmj20l9nplue6rjxx,FGPX,243777.518211,60000.0,61499.999598,250.0,0.01,True,72.41333994386996,72.41333994386996,36.20349701719097,36.20349701719097,72.40699403438194,-0.0063459094880187195,False,True,72.41333994386996,72.41333994386996,36.20349701719097,36.20349701719097,72.40699403438194,-0.0063459094880187195,False,True
pool1qv3velgldz529zq904jy9qfrhdh0akwkkhylu2rymd6sw9m02cc,RVH,41.543327,0.0,0.0,340.0,0.05,True,0.012338151985300942,0.012338151985300942,0.006169075992650471,0.006169075992650471,0.012338151985300942,0.0,False,False,0.012338151985300942,0.012338151985300942,0.006169075992650471,0.006169075992650471,0.012338151985300942,0.0,False,False
pool1qvhss6kxmtl27nr4ugvypayhvt4a4vzll8p9csdg2v8q7d22llu,ASTRA,6087912.038959,50000.0,50025.0,340.0,0.02,True,1808.425379661475,381.1933860679066,904.125867349635,355.8252880714875,711.650576142975,330.45719007506835,True,False,1808.425379661475,215.9623554200698,904.125867349635,190.59425742365062,381.18851484730124,165.22615942723144,True,False
pool1qvkdjemewy8phhrkdhscjcnh3947f5ae42rdfjkv6gkgkjtlfsg,RANMA,18436221.264156,100.0,20788.631523,20000.0,0.9999,True,5475.463917759948,5475.463917759948,2737.7314291892158,2737.7314291892158,5475.4628583784315,-0.001059381516824942,False,True,5475.463917759948,5475.463917759948,2737.7314291892158,2737.7314291892158,5475.4628583784315,-0.001059381516824942,False,True
pool1qvqpd95v4k2ge6unntpettve72ntguk6qp9ktet572e7v4v9de8,,136.644068,134.0,136.328469,345.0,0.03,True,0.040582577697521334,0.040582577697521334,0.020291288746951328,0.020291288746951328,0.040582577493902657,-2.0361867747453744e-10,False,True,0.040582577697521334,0.040582577697521334,0.020291288746951328,0.020291288746951328,0.040582577493902657,-2.0361867747453744e-10,False,True
pool1qvudfuw9ar47up5fugs53s2g84q3c4v86z4es6uwsfzzs89rwha,LGNS1,41840137.95723,10.0,271235.735581,340.0,0.1,True,12426.30377625175,1619.1467260345025,6213.151767914633,961.5815020464094,1923.1630040928187,304.0162780583162,True,False,12426.30377625175,1467.1385742828595,6213.151767914633,809.5733502947663,1619.1467005895327,152.00812630667315,True,False
pool1qvvn2l690zm3v2p0f3vd66ly6cfs2wjqx34zpqcx5pwsx3eprtp,VIPER,22616561.896847,401000.0,580739.024395,170.0,0.0,True,6727.2930938175305,338.37554758959857,3361.066839263291,251.93893711454672,503.87787422909344,165.50232663949487,True,False,6727.2930938175305,255.55814356942594,3361.066839263291,169.1215330943741,338.2430661887482,82.68492261932224,True,False
pool1qw4h9v0yqy53m2yx6ngcj5w8394q7wtmfk06edlpvu0zw4gn9ku,CORN,7727.136525,6000.0,6097.624954,345.0,0.05,True,2.294931260177072,2.294931260177072,1.147462651191999,1.147462651191999,2.294925302383998,-5.957793073996243e-06,False,True,2.294931260177072,2.294931260177072,1.147462651191999,1.147462651191999,2.294925302383998,-5.957793073996243e-06,False,True
pool1qw5jc5u4k6ck47kdwtwh8msv6t82x5c6qx38hjaycnha6skrek7,,4.593662,20500.0,4.593662,340.0,0.0,False,0.0,0.0,0.0,0.0,0.0,0.0,False,False,0.0,0.0,0.0,0.0,0.0,0.0,False,False
pool1qwa8x4u4a2pff0xdv0haxpgk3tyrvl5adl2lpf3ztcftqruhea0,ELITE,24281445.731307,200000.0,218488.156174,340.0,0.0,True,7217.01254103526,401.88040888104854,3607.1170993965475,369.3980185097189,738.7960370194378,336.91562813838925,True,False,7217.01254103526,233.41009483799675,3607.1170993965475,200.9277044666671,401.8554089333342,168.44531409533747,True,False
pool1qwn9l4vzm4rsrd5kexuafqlsgg4ap877vsunqpm4yq89crm4aqr,,79.065199,496030.845332,0.0,340.0,0.03,False,0.0,0.0,0.0,0.0,0.0,0.0,False,False,0.0,0.0,0.0,0.0,0.0,0.0,False,False
pool1qxpjz94fpwdwnltngf036yjkh63nrl55xkshug56aukqqwn6gsn,TW002,297944.639549,100.0,100.296526,340.0,0.1,True,88.48804208614354,88.48804208614354,44.244012485656086,44.244012485656086,88.48802497131217,-1.7114831365461214e-05,False,True,88.48804208614354,88.48804208614354,44.244012485656086,44.244012485656086,88.48802497131217,-1.7114831365461214e-05,False,True
pool1qxpzlkxfem0q230hjp9f622c6yaej8qycwy34nwyt98axedf78f,,103.0,2.0,3.0,340.0,0.069,True,0.030590464363390114,0.030590464363390114,0.015295232123658268,0.015295232123658268,0.030590464247316537,-1.1607357783272043e-10,False,True,0.030590464363390114,0.030590464363390114,0.015295232123658268,0.015295232123658268,0.030590464247316537,-1.1607357783272043e-10,False,True
pool1qz9qfxcxsc46vpgrrj868scmttjp3y9xaehyn6knknegcsphq6u,KTO,37857.049966,100.0,11759.039354,340.0,0.0,True,11.24335122367148,11.24335122367148,5.621674527032691,5.621674527032691,11.243349054065382,-2.169606098334498e-06,False,True,11.24335122367148,11.24335122367148,5.621674527032691,5.621674527032691,11.243349054065382,-2.169606098334498e-06,False,True
pool1qzg0lsft8d6zz5vytz5td3f383ra8f46zsdnsa93dgrg2nf7ckf,,509.235798,100.0,156.62584,340.0,0.01,True,0.15124042968233223,0.15124042968233223,0.07562020308335003,0.07562020308335003,0.15124040616670006,-2.3515632163739753e-08,False,True,0.15124042968233223,0.15124042968233223,0.07562020308335003,0.07562020308335003,0.15124040616670006,-2.3515632163739753e-08,False,True
pool1qzlw72zfwhhc0ptvzdpld06szu39x9mlm6782efy6sluz932fx6,BCSH2,3585084.85862,10000.0,10001.967599,340.0,0.02,True,1064.792642952948,356.4774978578129,532.3860478775241,344.37372084636456,688.7474416927291,332.2699438349162,True,False,1064.792642952948,190.34229237947864,532.3860478775241,178.23851536803033,356.47703073606067,166.13473835658203,True,False
pool1qzlw756y0z6ehg9jkerrfrydr7qlvzl5pgset33h3h2akst593a,BCSH5,2821999.887363,10000.0,10001.979702,340.0,0.02,True,838.1516056882926,351.6933129070098,419.0677220951644,341.8559884275105,683.711976855021,332.01866394801124,True,False,838.1516056882926,185.6837912503347,419.0677220951644,175.84646677083543,351.69293354167087,166.00914229133616,True,False
pool1qzlw76zztkg02rywyypyw6s0gtkg2zpkaxhl6cq7eauqg8h9659,BCSH6,2859824.63611,500001.95,500023.706502,400.0,0.025,True,850.7196472133935,488.1035576355502,425.0168466080059,404.8901200571464,809.7802401142928,321.67668247874263,True,False,850.7196472133935,327.1981736258922,425.0168466080059,243.9847360474884,487.9694720949768,160.77129846908463,True,False
pool1qzlw7den2mlj0fmm65g0fnf46vyhzkhmdaf0f8v3s6skuue6rlk,BCSH4,11214663.296107,10000.0,10000.0,340.0,0.02,True,3330.8254389018675,402.4300593169477,1665.380521005523,367.66580204503094,735.3316040900619,332.9015447731142,True,False,3330.8254389018675,235.97861482468,1665.380521005523,201.21435755276323,402.42871510552646,166.45010028084647,True,False
pool1qzlw7z5mutmd39ldyjnp8n650weqe55z5p8dl3fagac3ge0nx8l,BCSH,20927694.218715,10000.0,10065.132958,340.0,0.02,True,6215.656730569577,460.2825023343176,3107.768254850085,396.65989468765025,793.3197893753005,333.0372870409829,True,False,6215.656730569577,293.76262827333784,3107.768254850085,230.14002062667046,460.2800412533409,166.5174129800031,True,False
pool1qzlwlpcsgflr9z3f24fg836tyq45p0kf5cnrp20s8v0psp6tdkx,BCSH0,22156604.205706,10000.0,10056.630021,340.0,0.02,True,6580.65072815511,467.58892356897024,3290.2617221682103,400.3175427972489,800.6350855944978,333.04616202552756,True,False,6580.65072815511,301.06454140940934,3290.2617221682103,233.79316063768795,467.5863212753759,166.52177986596655,True,False
pool1qzlwlyu92fsx94qu6u5nw3sy334f5yat3dv3jgx0grrsv0kp422,BCSH1,4624554.615093,500001.95,500027.077179,400.0,0.025,True,1375.8558657696199,527.2723570336668,687.3289893905501,437.4738104330563,874.9476208661126,347.6752638324458,True,False,1375.8558657696199,353.356610148914,687.3289893905501,263.55806354830344,527.1161270966069,173.75951694769287,True,False
pool1qzz0flh92qkg0mjufaw9j2zk72lmvf5n2kuaslk4f8j4ze362w4,,287656.480848,100000.0,870.523316,340.0,0.05,False,0.0,0.0,0.0,0.0,0.0,0.0,False,False,0.0,0.0,0.0,0.0,0.0,0.0,False,False
pool1r0sxz0hygfc0266lhdclve6j3cwcwlth6dya6uey65yxjnwm7qc,BURN,12114731.303373,200000.0,213221.093223,170.0,0.0,True,3600.757937340244,230.3818557477625,1799.6916286370297,198.68281780030992,397.36563560061984,166.98377985285734,True,False,3600.757937340244,146.87786853336254,1799.6916286370297,115.17883058590995,230.3576611718199,83.47979263845735,True,False
pool1r2249l40de8nlj77u77yzk8kxl3av4k09ztswcuqfexzcxwx3k8,LUCK2,164.521435,25000.0,0.0,340.0,0.001,False,0.0,0.0,0.0,0.0,0.0,0.0,False,False,0.0,0.0,0.0,0.0,0.0,0.0,False,False
pool1r2g9wv7jyt7haygrmrc2tst2m8m9ssrr3c690ffp49uhywhvmdl,CRFN,2786259.637653,750001.0,829130.546295,170.0,0.0,True,829.282969064863,366.1883382713728,414.193992322924,242.66684537239036,485.3336907447807,119.14535247340791,True,False,829.282969064863,306.4824980412212,414.193992322924,182.96100514223883,365.92201028447766,59.439512243256445,True,False
pool1r2z2v45320taq385pny6gz80hyq3rsue8r8n0w9zpq0c7yjl9el,,1068.520358,1000.0,1014.627418,340.0,0.02,True,0.3173450659944608,0.3173450659944608,0.15867251330464954,0.15867251330464954,0.3173450266092991,-3.9385161687555126e-08,False,True,0.3173450659944608,0.3173450659944608,0.15867251330464954,0.15867251330464954,0.3173450266092991,-3.9385161687555126e-08,False,True
pool1r3ax7pd3cgad5kttench60ttr23kvfpx3vzvd6c3azppgw7q93t,PALM1,3012093.514643,10000.0,15162.612772,170.0,0.99,True,894.6106089276973,887.4009790966116,447.2966774496143,444.53766954499616,889.0753390899923,1.6743599933806763,True,False,894.6106089276973,886.555257921553,447.2966774496143,443.69194836993756,887.3838967398751,0.8286388183221334,True,False
pool1r48usrtdxqzt6dmd02xgjss8xgqc9pc92cpkm4pykywnv7n33g6,,2.729004,100.0,2.729004,340.0,0.02,False,0.0,0.0,0.0,0.0,0.0,0.0,False,False,0.0,0.0,0.0,0.0,0.0,0.0,False,False
pool1r55hyfrd3tw6nzpkvf4rfceh2f04yph92fc462phnd0akp2s5r6,COFFE,28675173.76811,101.0,1220.575569,340.0,0.025,True,8516.380751825764,544.7488504210597,4258.189543806694,438.1173491274973,876.2346982549946,331.4858478339348,True,False,8516.380751825764,379.005905666904,4258.189543806694,272.3744043733416,544.7488087466832,165.74290307977913,True,False
pool1r5r0z899up4kc9slygn7a2uhl9ama33sl6qwafvef28jgaf06hz,,1121.054874,5000.0,2.873438,345.0,0.01,False,0.0,0.0,0.0,0.0,0.0,0.0,False,False,0.0,0.0,0.0,0.0,0.0,0.0,False,False
pool1r5srulgd6gpav0sympqrkt9f4ykl06lh9sgk0p20r54v7759kws,DOG,1106688.76533,50000.0,91442.538103,340.0,0.0,True,328.7415662722322,328.7415662722322,164.3555878498975,164.3555878498975,328.711175699795,-0.030390572437227092,False,True,328.7415662722322,183.11636313399288,164.3555878498975,164.3555878498975,328.711175699795,145.5948125658021,True,False
pool1r650ja5y4jy7xd6srjz8ujkumy8xpk8kqgrxu92g3nwyk5jf4zq,XRAY6,145.1592,100.0,101.74195,340.0,0.01,True,0.04311153238330976,0.04311153238330976,0.02155576489417408,0.02155576489417408,0.04311152978834816,-2.5949615997666875e-09,False,True,0.04311153238330976,0.04311153238330976,0.02155576489417408,0.02155576489417408,0.04311152978834816,-2.5949615997666875e-09,False,True
pool1r6dzsz6ju52hgelstefrrel4y8fsyt8ck9qgfvvmamgns4vh7w4,DAI,146568.178741,100.0,6793.363761,170.0,0.05,True,43.53000338188787,43.53000338188787,21.76499748274636,21.76499748274636,43.52999496549272,-8.41639515414272e-06,False,True,43.53000338188787,43.53000338188787,21.76499748274636,21.76499748274636,43.52999496549272,-8.41639515414272e-06,False,True
pool1r6lp6uumua0kvs069y0k5kh3t7acvv4pz9pfw3zs6rmmcs52z4z,DREAM,1.688197,10000.0,1.688197,345.0,0.0007,False,0.0,0.0,0.0,0.0,0.0,0.0,False,False,0.0,0.0,0.0,0.0,0.0,0.0,False,False
pool1r76pjed6q8k9y8lngcedqhv52zqzc2gczwzqc93x6kwq73xprtr,TTP,106323.323065,5000.0,5636.851952,170.0,0.01,True,31.57805605676401,31.57805605676401,15.78888245716483,15.78888245716483,31.57776491432966,-0.0002911424343494673,False,True,31.57805605676401,31.57805605676401,15.78888245716483,15.78888245716483,31.57776491432966,-0.0002911424343494673,False,True
pool1r7tn56lj5j7te7zyj3wvqn0wyw8tr3g96chw6lwnqxjmgggrfd8,AKLEI,70538.603305,2500.0,10.0,340.0,0.024,False,0.0,0.0,0.0,0.0,0.0,0.0,False,False,0.0,0.0,0.0,0.0,0.0,0.0,False,False
pool1r80l6hsdftyfvqftjak0r6llnszdtnh2x7rvtllawzj7x3afq2k,LBRTA,8685.979612,50.0,104.437937,340.0,0.02,True,2.5796912512481827,2.5796912512481827,1.2898455015634462,1.2898455015634462,2.5796910031268925,-2.481212901805918e-07,False,True,2.5796912512481827,2.5796912512481827,1.2898455015634462,1.2898455015634462,2.5796910031268925,-2.481212901805918e-07,False,True
pool1r8938r4ts8f4t8nsp9xl9dktzapt7f67jgpsp4wrju39xrdnaye,VENUS,1829365.541984,70000.0,75939.036289,340.0,0.0085,True,543.4537171100509,350.10316335079887,271.6914247916333,271.6914247916333,543.3828495832666,193.27968623246778,True,False,543.4537171100509,188.54507237085755,271.6914247916333,175.04982209535947,350.09964419071895,161.5545718198614,True,False
pool1r8lmsrdure385hz647kl2qjhyyxkdle4au5krjcsqed4x8227k3,MAYZ,393655.281637,5000.0,5160.278423,340.0,1.0,True,116.9158040548948,116.9158040548948,58.45734364837886,58.45734364837886,116.91468729675772,-0.0011167581370870039,False,True,116.9158040548948,116.9158040548948,58.45734364837886,58.45734364837886,116.91468729675772,-0.0011167581370870039,False,True
pool1r96tdg42e7qpxxef2fhzlusl4wtqjk24kznsj4ttar0f6adw0jq,,1.665757,1000.0,1.665757,340.0,0.0125,False,0.0,0.0,0.0,0.0,0.0,0.0,False,False,0.0,0.0,0.0,0.0,0.0,0.0,False,False
pool1r9dfv5360alp5dh020k050d4n4yh9h4gms9lf0srm43z5zk4d3s,,115.453029,0.0,107.453029,340.0,0.2,True,0.03428894895599857,0.03428894895599857,0.017144474477999286,0.017144474477999286,0.03428894895599857,0.0,False,False,0.03428894895599857,0.03428894895599857,0.017144474477999286,0.017144474477999286,0.03428894895599857,0.0,False,False
pool1r9fpxs4kcn80kylsjxs8tg3p50nk2s66qerfqtw4x70n5740nj9,,77079758.20068,71000000.0,77021526.027575,340.0,1.0,True,29148.219531216695,29148.219531216695,12290.145833803197,12290.145833803197,24580.291667606394,-4567.927863610301,False,True,29148.219531216695,29148.219531216695,12290.145833803197,12290.145833803197,24580.291667606394,-4567.927863610301,False,True
pool1r9kse9x8ja0ajkyw8w96zw5c2aqeey6j85nmyqxhwt0rs090fu4,UPBIT,31753189.808382,200000.0,31331920.741047,340.0,1.0,True,9437.803460095369,9437.803460095369,4717.081554952123,4717.081554952123,9434.163109904246,-3.6403501911227067,False,True,9437.803460095369,9437.803460095369,4717.081554952123,4717.081554952123,9434.163109904246,-3.6403501911227067,False,True
pool1r9mgl8cj0hyht0678cpdljt2pw353672jyy9ak00dzalglx2jq5,REPUT,1348.625059,100.0,115.624602,170.0,0.99,True,0.40053476965133883,0.40053476965133883,0.20026734895124398,0.20026734895124398,0.40053469790248797,-7.17488508605868e-08,False,True,0.40053476965133883,0.40053476965133883,0.20026734895124398,0.20026734895124398,0.40053469790248797,-7.17488508605868e-08,False,True
pool1r9qyjstrc050njg8lm7wxy5874mgu322vyljntdsm5qgxvjcewv,SHEIN,32814.049187,0.0,9.829592,340.0,0.01,True,9.7456018898618,9.7456018898618,4.8728009449309,4.8728009449309,9.7456018898618,0.0,False,False,9.7456018898618,9.7456018898618,4.8728009449309,4.8728009449309,9.7456018898618,0.0,False,False
pool1r9rc8f6xtl8fxmrvz3et9en0p8tp9aq0rzslfczawq6m7udqd33,ETO17,106.43319,0.0,0.0,340.0,1.0,True,0.031610103699696766,0.031610103699696766,0.015805051849848383,0.015805051849848383,0.031610103699696766,0.0,False,False,0.031610103699696766,0.031610103699696766,0.015805051849848383,0.015805051849848383,0.031610103699696766,0.0,False,False
pool1ra2su7cvnmr83pu9nvvz4a9carsgc9egc3e5fuk7h9pycyp5ela,LBF4,86942067.15871,2.0,9.820727,170.0,0.06,True,23025.38762520742,1541.3256842908495,12910.67086022401,934.4416044141635,1868.883208828327,327.55752453747755,True,False,23025.38762520742,1461.4256933161248,12910.67086022401,854.5416134394387,1709.0832268788774,247.65753356275263,True,False
pool1ralkckmup253k79hap4chku450qyshezh4sasjqh0ltxu2gytlq,OYAJI,553736.903673,15000.0,16261.754719,340.0,0.0,True,164.46626845788907,164.46626845788907,82.23081176214184,82.23081176214184,164.46162352428368,-0.004644933605391088,False,True,164.46626845788907,164.46626845788907,82.23081176214184,82.23081176214184,164.46162352428368,-0.004644933605391088,False,True
pool1raua8hvrv65aq3gjuk0re4juzdpw4gnpkeq7lyl94j8cv2grye4,,1120.93101,0.0,1.434673,340.0,0.075,True,0.33291067820391207,0.33291067820391207,0.16645533910195603,0.16645533910195603,0.33291067820391207,0.0,False,False,0.33291067820391207,0.33291067820391207,0.16645533910195603,0.16645533910195603,0.33291067820391207,0.0,False,False
pool1rcd7qslz3xnpnk9u6tcwegy5r2574uf8suqu24ptg637jha3sr5,NINI,8261490.267555,100.0,10016.833032,340.0,0.02,True,2453.6205775937956,384.7838650618879,1226.8100514377475,358.7899295172109,717.5798590344218,332.7959939725339,True,False,2453.6205775937956,218.38586304640233,1226.8100514377475,192.39192750172526,384.7838550034505,166.3979919570482,True,False
pool1rcdq9r6f0nwv376afk5dx3ugaumlhm4kx7g8tue74dlwgwsmd4l,GALT1,9267.198215,20000.0,5436.154854,340.0,0.01,False,0.0,0.0,0.0,0.0,0.0,0.0,False,False,0.0,0.0,0.0,0.0,0.0,0.0,False,False
pool1rcg65q6m4y2w49n0nvj570xfa3hsyarm5tjnnumy4xm3sw0d6lu,,203.182474,0.0,203.182474,340.0,0.0,True,0.06034413769897287,0.06034413769897287,0.030172068849486436,0.030172068849486436,0.06034413769897287,0.0,False,False,0.06034413769897287,0.06034413769897287,0.030172068849486436,0.030172068849486436,0.06034413769897287,0.0,False,False
pool1rct5guwnp6nk9f4ldn5tr3s42j0nm5rxeayv56lxua5ck47ex39,FIMI,41429628.383507,10000.0,41051.097589,340.0,0.01,True,12304.860161461424,471.3855868273322,6152.311054621649,403.8247241028499,807.6494482056999,336.26386137836766,True,False,12304.860161461424,303.25234911784264,6152.311054621649,235.69148639336032,471.38297278672064,168.130623668878,True,False
pool1rd02pkrtvme3pd6fznltk62e4cr5ddgq5fmd080neu4mkt8r020,,3009.507338,2500.0,3004.708164,340.0,0.03,True,0.8938094862437556,0.8938094862437556,0.44690437704987596,0.44690437704987596,0.8938087540997519,-7.321440036456295e-07,False,True,0.8938094862437556,0.8938094862437556,0.44690437704987596,0.44690437704987596,0.8938087540997519,-7.321440036456295e-07,False,True
pool1rdlpngqqd54x2ek7s9m8hl5yrc7dx5mlm9wtdqatldm5jfrcgqt,,1099.411067,43000.0,586.687244,340.0,0.0,False,0.0,0.0,0.0,0.0,0.0,0.0,False,False,0.0,0.0,0.0,0.0,0.0,0.0,False,False
pool1re8cmjt895tpx8dx2veg0cew5yqtxnt82sll03e433a4ugnh9w7,RISE,201158.7092,30000.0,32813.934167,345.0,0.02,True,59.74899385607671,59.74899385607671,29.8730206491133,29.8730206491133,59.7460412982266,-0.002952557850107951,False,True,59.74899385607671,59.74899385607671,29.8730206491133,29.8730206491133,59.7460412982266,-0.002952557850107951,False,True
pool1reje63x6l2dh4t6d8ya3m04c9lypu4chc0cvn4jnk7lmus54ckn,MILL,1010.076116,1000.0,1007.430809,340.0,0.02,True,0.29998736301549567,0.29998736301549567,0.14999367860715568,0.14999367860715568,0.29998735721431136,-5.80118431070531e-09,False,True,0.29998736301549567,0.29998736301549567,0.14999367860715568,0.14999367860715568,0.29998735721431136,-5.80118431070531e-09,False,True
pool1rek8m67j3lrslpkrv5twxr5adpt2r5k3qq2huh6vgx8jkcw4qc8,UNTH,197.456153,100.0,197.456153,340.0,0.01,True,0.05864346135389634,0.05864346135389634,0.02932172787691635,0.02932172787691635,0.0586434557538327,-5.600063635036179e-09,False,True,0.05864346135389634,0.05864346135389634,0.02932172787691635,0.02932172787691635,0.0586434557538327,-5.600063635036179e-09,False,True
pool1repwaml372lx5kf3yw7568yhefa4d60r2d07un5gmykyv57ejxq,IND,1620.880065,400.0,406.405934,340.0,0.0,True,0.4813935077384653,0.4813935077384653,0.24069661355896405,0.24069661355896405,0.4813932271179281,-2.8062053719635216e-07,False,True,0.4813935077384653,0.4813935077384653,0.24069661355896405,0.24069661355896405,0.4813932271179281,-2.8062053719635216e-07,False,True
pool1ret0s9eqs27nvw0k7y6vvv7nzfhpx3a86qyjnl4np79sk29q8f8,edu,7153.748966,0.0,1.64403,340.0,0.0,True,2.124626224741159,2.124626224741159,1.0623131123705796,1.0623131123705796,2.124626224741159,0.0,False,False,2.124626224741159,2.124626224741159,1.0623131123705796,1.0623131123705796,2.124626224741159,0.0,False,False
pool1rf2q4a04tgrwpuj5xg4sf0dj737ytaqs8s6yuyps55r6s87x7v7,CPTN,1000.986218,1000.0,1000.986218,340.0,0.01,True,0.2972877001540441,0.2972877001540441,0.1486438497881066,0.1486438497881066,0.2972876995762132,-5.778308942439025e-10,False,True,0.2972877001540441,0.2972877001540441,0.1486438497881066,0.1486438497881066,0.2972876995762132,-5.778308942439025e-10,False,True
pool1rfwfql54dxqe2f3pht7c8xztq9c5wncdhcp542nk76dcgshtvdk,,376.518669,200.0,257.63,340.0,0.01,True,0.11182412638627795,0.11182412638627795,0.05591205304991012,0.05591205304991012,0.11182410609982024,-2.0286457708129646e-08,False,True,0.11182412638627795,0.11182412638627795,0.05591205304991012,0.05591205304991012,0.11182410609982024,-2.0286457708129646e-08,False,True
pool1rg4h4fc9j70w3jx86s3vc8vzd7hxwd4sz4j80d93hk7j7mm5dx2,,27.617078,100.0,27.617078,345.0,0.15,False,0.0,0.0,0.0,0.0,0.0,0.0,False,False,0.0,0.0,0.0,0.0,0.0,0.0,False,False
pool1rg8yt3kqrzdch8edul6fm7n6achgvfyg8n6zhrpx5a83scz83ys,,174492.468281,100.0,285.427333,170.0,0.03,True,51.82337530528414,51.82337530528414,25.91168264214785,25.91168264214785,51.8233652842957,-1.002098844082866e-05,False,True,51.82337530528414,51.82337530528414,25.91168264214785,25.91168264214785,51.8233652842957,-1.002098844082866e-05,False,True
pool1rglej4fkg4l99e5agyxsd5w977n5u7chq8wrpwsgmr80292fw65,HEAVN,460.377578,1800.0,0.0,340.0,0.02,False,0.0,0.0,0.0,0.0,0.0,0.0,False,False,0.0,0.0,0.0,0.0,0.0,0.0,False,False
pool1rhew9hdp6wpudh22k7gyjtv98r872hca064n8ug8lk3j65ae59a,HAX,9.975834,0.0,9.975834,340.0,0.0,True,0.0029627707976333396,0.0029627707976333396,0.0014813853988166698,0.0014813853988166698,0.0029627707976333396,0.0,False,False,0.0029627707976333396,0.0029627707976333396,0.0014813853988166698,0.0014813853988166698,0.0029627707976333396,0.0,False,False
pool1rhq7qyw4y2s80gstyevm6rhz2lsdsrcstawunxx5eld8csvuvlu,ART,119374.715152,25000.0,25041.076998,340.0,0.0,True,35.45638193391269,35.45638193391269,17.72751268026644,17.72751268026644,35.45502536053288,-0.0013565733798088786,False,True,35.45638193391269,35.45638193391269,17.72751268026644,17.72751268026644,35.45502536053288,-0.0013565733798088786,False,True
pool1rj6apcqxcvavaxp22f75zs9upphena7ntsnut2efvq98g4404up,APP,1668204.268842,10000.0,26843.200819,930.0,0.01,True,495.4670481058529,495.4670481058529,247.7287589251143,247.7287589251143,495.4575178502286,-0.009530255624270012,False,True,495.4670481058529,465.7900155763105,247.7287589251143,247.7287589251143,495.4575178502286,29.667502273918103,True,False
pool1rj8zkzk3dm0lmnjtafczqfp8sshmang8gg85eypjeh2e6cve0vl,STKD,7516.719048,0.0,8.79512,340.0,0.1,True,2.232426450703638,2.232426450703638,1.116213225351819,1.116213225351819,2.232426450703638,0.0,False,False,2.232426450703638,2.232426450703638,1.116213225351819,1.116213225351819,2.232426450703638,0.0,False,False
pool1rjxdqghfjw5rv6lxg8qhedkechvfgnsqhl8rrzwck9g45n43yql,XRAY1,16571734.001958,100.0,869.891421,340.0,0.01,True,4921.720686810667,386.0553076922703,2460.8598672834164,361.31881457573485,722.6376291514697,336.5823214591994,True,False,4921.720686810667,217.76414217670845,2460.8598672834164,193.02764906017308,386.05529812034615,168.2911559436377,True,False
pool1rk28hp58ptwapha9nc944ast32gln8a7hx6eue0gzuj7sndzrhk,NOCAR,74000.41242,5000.0,8911.318987,340.0,0.03,True,21.97813401224867,21.97813401224867,10.988967873010878,10.988967873010878,21.977935746021757,-0.000198266226913546,False,True,21.97813401224867,21.97813401224867,10.988967873010878,10.988967873010878,21.977935746021757,-0.000198266226913546,False,True
pool1rk2mshek3ln2uahk9xg2r2yf6z5u00h37g4jc2mkyt6yk0r2xw3,,9.490391,100.0,9.490391,345.0,0.15,False,0.0,0.0,0.0,0.0,0.0,0.0,False,False,0.0,0.0,0.0,0.0,0.0,0.0,False,False
pool1rkknx2m6h3dw6y6t8ux6fx65mxamgk207mdwtcc3yvas2yyrvxp,BTFND,23.613933,1000.0,21.942491,345.0,0.05,False,0.0,0.0,0.0,0.0,0.0,0.0,False,False,0.0,0.0,0.0,0.0,0.0,0.0,False,False
pool1rkyc3ss904h066sffergss99r9p2kqa4k6ds0g4u5ud4x7yaajd,1PCT5,7446155.678658,50000.0,60046.46929,340.0,0.01,True,2211.894772198323,373.6631242924957,1105.841032836856,353.7724632065744,707.5449264131488,333.8818021206531,True,False,2211.894772198323,206.72031063369346,1105.841032836856,186.82964954777216,373.6592990955443,166.93898846185087,True,False
pool1rkz43352y9kmsvzqn3wp08t6qfz64j6at4gtmn74ge0tv7hqdhf,BLIZZ,2800.169685,600.0,1.0,340.0,0.0,False,0.0,0.0,0.0,0.0,0.0,0.0,False,False,0.0,0.0,0.0,0.0,0.0,0.0,False,False
pool1rm8rza3ff0cape54ddjclwwm6a4g5wx604t3y9mdlysdz898f42,,501.115212,20000.0,501.115212,340.0,0.04,False,0.0,0.0,0.0,0.0,0.0,0.0,False,False,0.0,0.0,0.0,0.0,0.0,0.0,False,False
pool1rmpv0h0pecysach8tj06vxx9wku2pdm74mk9cunx759v58q0hu2,SASA,41841973.891547,80.0,1919.604158,340.0,0.035,True,12426.852405272672,763.5749404672354,6213.425240904498,545.8299103304685,1091.659820660937,328.08488019370157,True,False,12426.852405272672,599.5324666671927,6213.425240904498,381.7874365304258,763.5748730608516,164.0424063936589,True,False
pool1rp466amdpse0gsmdkteqpqmnm5fl4v0q8juwwq4xagwygwzu8ln,,507.102535,450.0,507.102535,340.0,0.03,True,0.15060684417128012,0.15060684417128012,0.07530341470228964,0.07530341470228964,0.15060682940457928,-1.4766700834334401e-08,False,True,0.15060684417128012,0.15060684417128012,0.07530341470228964,0.07530341470228964,0.15060682940457928,-1.4766700834334401e-08,False,True
pool1rpdfq9gm9ls0q8tnc2ssnpg5av3hm5ehktul7cfznjvjxyku2k6,PADA,17387.273798,100.0,240.619014,345.0,0.075,True,5.163931845544766,5.163931845544766,2.581965426089315,2.581965426089315,5.16393085217863,-9.933661360150836e-07,False,True,5.163931845544766,5.163931845544766,2.581965426089315,2.581965426089315,5.16393085217863,-9.933661360150836e-07,False,True
pool1rpfj2y4vddj8azwu9977a63s2cjl374pep98l6dhuqh5u9jctj0,BNP,49594.901658,2.0,29601.171163,345.0,0.06,True,14.72942788351844,14.72942788351844,7.364713913262064,7.364713913262064,14.729427826524129,-5.699431149253087e-08,False,True,14.72942788351844,14.72942788351844,7.364713913262064,7.364713913262064,14.729427826524129,-5.699431149253087e-08,False,True
pool1rpjjz68kmmetyxztmrstrwgz8lxf6v0d7vqgw98r5x8rc50jrdf,DEW,4486165.582742,105000.0,111800.718198,340.0,0.02,True,1332.8972491410161,384.1072712801517,666.3161802152576,354.49587688586,708.99175377172,324.88448249156835,True,False,1332.8972491410161,221.6591464858819,666.3161802152576,192.0477520915902,384.0955041831804,162.43635769729852,True,False
pool1rq4vahleea4yc38cr58klupl6g0w7ca07lc6kyvtcznp6649j5p,,3.678935,0.0,0.0,345.0,0.06,True,0.0010926245549385857,0.0010926245549385857,0.0005463122774692928,0.0005463122774692928,0.0010926245549385857,0.0,False,False,0.0010926245549385857,0.0010926245549385857,0.0005463122774692928,0.0005463122774692928,0.0010926245549385857,0.0,False,False
pool1rq6c8ntlsh2xl3le0utg4fpxqhag7fdlpzdykcld7dh9gtz8fxt,NOCAP,274.417916,50000.0,119.945678,340.0,0.005,False,0.0,0.0,0.0,0.0,0.0,0.0,False,False,0.0,0.0,0.0,0.0,0.0,0.0,False,False
pool1rq70y0sj8fnjgnuavsjtvk2qm6hjw2r9zfacd46z6z8c7tlgcmx,,127.046347,100.0,127.046347,345.0,0.05,True,0.037732107194796846,0.037732107194796846,0.01886605282032051,0.01886605282032051,0.03773210564064102,-1.5541558248677312e-09,False,True,0.037732107194796846,0.037732107194796846,0.01886605282032051,0.01886605282032051,0.03773210564064102,-1.5541558248677312e-09,False,True
pool1rqgf6qd0p3wyf9dxf2w7qcddvgg4vu56l35ez2xqemhqun2gn7y,HADA,1381877.482224,50000.0,95149.445568,170.0,0.01,True,410.48700662844266,188.798062360782,205.22435096870777,172.75336932090838,345.50673864181675,156.70867628103474,True,False,410.48700662844266,110.44222714568103,205.22435096870777,94.39753410580737,188.79506821161473,78.3528410659337,True,False
pool1rqgmaq82p2l3j2jknc2syky2xtgylevss39c7ffgpp5x56s5pt5,,17303311.756665,0.0,29545.684962,340.0,0.04,True,5138.993569358983,539.8263276202988,2569.4967846794916,432.8344971679708,865.6689943359416,325.84266671564285,True,False,5138.993569358983,376.9049942624773,2569.4967846794916,269.9131638101494,539.8263276202988,162.92133335782148,True,False
pool1rqwhzyfvm8uh6qseqpkkz2uvga0ufr0aaavrw7nynytuxy9uj6c,,598.614966,100.0,598.614966,340.0,0.15,True,0.1777855878452968,0.1777855878452968,0.08889277959686705,0.08889277959686705,0.1777855591937341,-2.8651562705706013e-08,False,True,0.1777855878452968,0.1777855878452968,0.08889277959686705,0.08889277959686705,0.1777855591937341,-2.8651562705706013e-08,False,True
pool1rrzlme4g2r49x7tcesdkuk5wqv5ks2dkq3ptapgnclgvkcxy9sc,DDP,25012.719466,341.0,342.417653,340.0,0.01,True,7.428657218687277,7.428657218687277,3.7143261921652537,3.7143261921652537,7.4286523843305075,-4.83435676912336e-06,False,True,7.428657218687277,7.428657218687277,3.7143261921652537,3.7143261921652537,7.4286523843305075,-4.83435676912336e-06,False,True
pool1rscmngzy9mzyy98kl7h38scshgmk4cw0cs6ed58mq68mw4uustm,,1062.558799,10000.0,1012.446209,500.0,0.05,False,0.0,0.0,0.0,0.0,0.0,0.0,False,False,0.0,0.0,0.0,0.0,0.0,0.0,False,False
pool1rsm2ara9zm9tq0gupcq4c7e3v7c8lwxlgjgh2zalgjf3669rlwq,,100.838685,100.0,100.838685,345.0,0.01,True,0.029948564917120724,0.029948564917120724,0.014974282434458426,0.014974282434458426,0.029948564868916852,-4.8203871449992164e-11,False,True,0.029948564917120724,0.029948564917120724,0.014974282434458426,0.014974282434458426,0.029948564868916852,-4.8203871449992164e-11,False,True
pool1rsrmpq6jnxnwh6z8wlzphnan4huyz6pymcgna2p5m93mz780xkw,,107.431117,10000.0,2.38378,340.0,0.01,False,0.0,0.0,0.0,0.0,0.0,0.0,False,False,0.0,0.0,0.0,0.0,0.0,0.0,False,False
pool1rte6kvv4z3f4fuq6np3qsmxh3pujem6rncpg58tuxc04gwmc2xn,,611.091876,0.0,0.0,340.0,0.04,True,0.18149110789972786,0.18149110789972786,0.09074555394986393,0.09074555394986393,0.18149110789972786,0.0,False,False,0.18149110789972786,0.18149110789972786,0.09074555394986393,0.09074555394986393,0.18149110789972786,0.0,False,False
pool1rthy0xp2syng0cydp85wvz973szmq2ns8u5p4hdedkwlyhry27w,MEDA🌌,6559.270234,3270.0,5629.894504,340.0,0.04,True,1.948081496379445,1.948081496379445,0.9740376575093332,0.9740376575093332,1.9480753150186665,-6.181360778567679e-06,False,True,1.948081496379445,1.948081496379445,0.9740376575093332,0.9740376575093332,1.9480753150186665,-6.181360778567679e-06,False,True
pool1rtnk3j8jv0wl0qz2j8xq4h5yeh0uvw3xj738fgl6wc4scxenkgz,MOKUM,88215.822664,10000.0,11238.837972,340.0,0.02,True,26.200539399640583,26.200539399640583,13.100044928251522,13.100044928251522,26.200089856503045,-0.00044954313753819974,False,True,26.200539399640583,26.200539399640583,13.100044928251522,13.100044928251522,26.200089856503045,-0.00044954313753819974,False,True
pool1rtnv5vj0glxu9w2mkl9ptev72enx75gjzdkc8urfhavr5reah0c,STKGR,1116395.302306,60000.0,69040.130137,170.0,0.0,True,331.6364995079151,179.99592611852182,165.8000165840038,165.8000165840038,331.6000331680076,151.60410704948578,True,False,331.6364995079151,100.25249702089246,165.8000165840038,89.99683548337106,179.99367096674212,79.74117394584965,True,False
pool1rtr6nja4hh8j8hkrmevehw7009za3fu2vucv27rl6qdr6xttd09,BWITS,2026.297299,500.0,507.617122,350.0,0.0,True,0.6018006328208477,0.6018006328208477,0.30090009714673444,0.30090009714673444,0.6018001942934689,-4.3852737885430315e-07,False,True,0.6018006328208477,0.6018006328208477,0.30090009714673444,0.30090009714673444,0.6018001942934689,-4.3852737885430315e-07,False,True
pool1ru5ltcffgwnz6qdmccq9lcfu4zncygacm5fzvwz6tq9zcfwyl0v,,5021.439761,5000.000001,5017.621566,340.0,0.01,True,1.4913416094862437,1.4913416094862437,0.7456707732459094,0.7456707732459094,1.4913415464918187,-6.2994425009677e-08,False,True,1.4913416094862437,1.4913416094862437,0.7456707732459094,0.7456707732459094,1.4913415464918187,-6.2994425009677e-08,False,True
pool1rv3f2ctg35ke7t5azmaha6393skhvnhwedh96e6r703tg00wp77,,5609.097091,100.0,107.625218,340.0,0.02,True,1.6658732872164954,1.6658732872164954,0.8329364853256089,0.8329364853256089,1.6658729706512179,-3.165652775471983e-07,False,True,1.6658732872164954,1.6658732872164954,0.8329364853256089,0.8329364853256089,1.6658729706512179,-3.165652775471983e-07,False,True
pool1rven0s3l30qawndj2m8v0fwgc8rsthumda72l4wkgwdhx7qgdjw,NIFTY,103.070019,100.0,103.070019,345.0,0.0099,True,0.030611259762796623,0.030611259762796623,0.01530562979318761,0.01530562979318761,0.03061125958637522,-1.7642140179296995e-10,False,True,0.030611259762796623,0.030611259762796623,0.01530562979318761,0.01530562979318761,0.03061125958637522,-1.7642140179296995e-10,False,True
pool1rvjj8cp3urh7de07pm0ceqha2x4lxws69lhd4429dm6djfjsy4l,DINO,26153919.628981,10000.0,11699.892626,340.0,0.01,True,7767.878557203695,417.56840062642186,3883.8641497502517,377.00812715453543,754.0162543090709,336.447853682649,True,False,7767.878557203695,249.34368922395862,3883.8641497502517,208.7834157520722,417.5668315041444,168.22314228018575,True,False
pool1rvng7n968748udkc5rxy4h9zp9hms4s3jsfwuues76ft28uc056,DIGI,57918199.914586,215000.0,215034.199852,340.0,0.04,True,17215.701464413338,1075.1766620902,8604.271417472613,700.0264847133674,1400.0529694267348,324.87630733653486,True,False,17215.701464413338,912.5825783905614,8604.271417472613,537.4324010137288,1074.8648020274577,162.28222363689633,True,False
pool1rw29y8c5md2rm4ynkrqhpm9saatd0a0xzyyc6xudelgkww5junh,RGDL,10047890.804267,0.0,49982.472863,999999.0,0.99999,True,2984.1712936172394,2984.1712936172394,1492.0856468086197,1492.0856468086197,2984.1712936172394,0.0,False,False,2984.1712936172394,2984.1712936172394,1492.0856468086197,1492.0856468086197,2984.1712936172394,0.0,False,False
pool1rx2745qj65qrgcutmpydv9k3ld930puq52t7skcd3ennqh550zc,KUNI,9197.820559,1000.0,4664.621622,340.0,0.0,True,2.731714274783225,2.731714274783225,1.3658547820178373,1.3658547820178373,2.7317095640356746,-4.710747550262795e-06,False,True,2.731714274783225,2.731714274783225,1.3658547820178373,1.3658547820178373,2.7317095640356746,-4.710747550262795e-06,False,True
pool1rxgxstg6t7azlsrk4vuuwp0jgl9e776dg86zqzaa0qt6vz43n9r,RKD,5821424.389886,4.0,5967.403966,340.0,0.9999,True,1728.9327839604362,1728.794033058243,864.466385289989,864.4139924132643,1728.8279848265286,0.033951768285533035,True,False,1728.9327839604362,1728.7770504845396,864.466385289989,864.3970098395608,1728.7940196791217,0.016969194582088676,True,False
pool1ryyfhgm4rqa9pnykxuhxcmy6rdn0uyltufm9t86c6uskwv3aame,,17.425265,32000.0,700.297141,340.0,0.0,False,0.0,0.0,0.0,0.0,0.0,0.0,False,False,0.0,0.0,0.0,0.0,0.0,0.0,False,False
pool1rzhyuwfwdzksm9v2ze8playmvdv3u04x9a0tmhg2krx7kt2635t,,983.781249,500.0,983.781249,340.0,0.05,True,0.29217819071836515,0.29217819071836515,0.14608902586001882,0.14608902586001882,0.29217805172003763,-1.3899832751462782e-07,False,True,0.29217819071836515,0.29217819071836515,0.14608902586001882,0.14608902586001882,0.29217805172003763,-1.3899832751462782e-07,False,True
pool1s04pdfl3sv5gzuc80322rc4ne0xs7gekux7gtckvvwt7qutjy6w,MS9,17861487.175783,30000.0,31873.926426,340.0,0.025,True,5305.383784692974,472.7738315955095,2652.5381076035337,401.83702178343003,803.6740435668601,330.9002119713506,True,False,5305.383784692974,307.31961342224736,2652.5381076035337,236.38280361016797,472.76560722033594,165.44599379808858,True,False
pool1s0cfkzheywsftgwp0yz7sq4rt5gyf7t5kfwj5a269kpxvndjn6q,OCEA5,22721348.487772,15000.0,15099.617606,500.0,0.039,True,6748.513793144914,747.6825806746324,3374.1590114557625,613.9277506288932,1227.8555012577865,480.1729205831541,True,False,6748.513793144914,507.5922403502804,3374.1590114557625,373.8374103045412,747.6748206090824,240.082580258802,True,False
pool1s0kkragd8r2xyyms680l9eed443v3eufmarykpjfh2r6cpksm2j,SABAI,625979.145195,50000.0,53035.625881,340.0,0.0,True,185.94566960566002,185.94566960566002,92.964551851143,92.964551851143,185.929103702286,-0.016565903374015534,False,True,185.94566960566002,171.35098521111973,92.964551851143,92.964551851143,185.929103702286,14.578118491166265,True,False
pool1s2rj8t2a5tfv0rpsfak77g03h96uv3rqxp62t6jm3dh45g2e2pj,CRD,1260473.509818,238000.0,280842.602645,340.0,0.0,True,374.6347999090515,347.7168835939688,187.24708634598173,187.24708634598173,374.49417269196346,26.77728909799464,True,False,374.6347999090515,215.59411153868274,187.24708634598173,173.84277541711126,347.6855508342225,132.09143929553977,True,False
pool1s3z5qsg75dar26ykyzcz2u8wc2swgq7pyp7f9sdh5n06qh3jhq2,1PCT1,5872857.354294,50000.0,59906.273568,340.0,0.01,True,1744.542891683678,368.2292437747296,872.187715726399,350.6961893795554,701.3923787591108,333.1631349843812,True,False,1744.542891683678,201.64599343052066,872.187715726399,184.1129390353465,368.225878070693,166.57988464017234,True,False
pool1s4a3y5ktdg7s08d6mntkctzc739h5n46t930jggef287cwz8pph,,163.039113,100.0,163.039113,340.0,0.005,True,0.04842177557694797,0.04842177557694797,0.02421088597728292,0.02421088597728292,0.04842177195456584,-3.6223821303638104e-09,False,True,0.04842177557694797,0.04842177557694797,0.02421088597728292,0.02421088597728292,0.04842177195456584,-3.6223821303638104e-09,False,True
pool1s4hxwet8ezjgfjxekeexezzyu2zhg302hpex6f683hvsw8qpd5v,KSTRL,2007.823514,2000.0,2007.823514,340.0,0.01,True,0.5963131558380254,0.5963131558380254,0.29815657337880724,0.29815657337880724,0.5963131467576145,-9.080410867667865e-09,False,True,0.5963131558380254,0.5963131558380254,0.29815657337880724,0.29815657337880724,0.5963131467576145,-9.080410867667865e-09,False,True
pool1s4ve6tap62x9khdvhkk9f8fj74ks5txuygsnu7wkujk3jd2c0jh,,326.466865,15999.0,0.0,340.0,0.0,False,0.0,0.0,0.0,0.0,0.0,0.0,False,False,0.0,0.0,0.0,0.0,0.0,0.0,False,False
pool1s54847dyrcpgxjvsjvhjjqjrkz3x6vevy77xaqje5nugxhp6j2g,,79580.484349,1.0,1.750033,340.0,0.005,True,23.634989916941887,23.634989916941887,11.817494935606893,11.817494935606893,23.634989871213786,-4.572810041736375e-08,False,True,23.634989916941887,23.634989916941887,11.817494935606893,11.817494935606893,23.634989871213786,-4.572810041736375e-08,False,True
pool1s6s6eyve0lmc4e0emzf2l68n9ya0rhrpdcq0jmkmmmxv2rkrx42,,6713.133499,50000.0,0.0,340.0,0.2,False,0.0,0.0,0.0,0.0,0.0,0.0,False,False,0.0,0.0,0.0,0.0,0.0,0.0,False,False
pool1s6se64qce5rjjjhh6ufcdnc54p8qg78mlhjm38lymx99sqysvzx,PAUL1,57758749.229533,100000.0,100144.001581,340.0,0.03,True,17160.6829801823,872.9098102385556,8578.681681045813,601.0164103582913,1202.0328207165826,329.123010478027,True,False,17160.6829801823,708.2957192321019,8578.681681045813,436.4023193518375,872.804638703675,164.5089194715731,True,False
pool1s6x6kltycpxq82hyqhlqllqj3q5l2m8w499gvtu4xrfv29c0q2q,LOOT,2881053.730859,10000.0,10038.831416,340.0,0.0199,True,855.6909687324253,352.0233815066116,427.83723391631446,342.04793304109484,684.0958660821897,332.0724845755781,True,False,855.6909687324253,185.9869468588381,427.83723391631446,176.01149839332135,352.0229967866427,166.03604992780458,True,False
pool1s79cqtwk5s24lcske704ckx7k2pagn8hc95rxvy3xfda6r62pg9,UK007,112367.119728,10000.0,10012.150627,340.0,0.02,True,33.37362657085719,33.37362657085719,16.68651911114193,16.68651911114193,33.37303822228386,-0.000588348573330677,False,True,33.37362657085719,33.37362657085719,16.68651911114193,16.68651911114193,33.37303822228386,-0.000588348573330677,False,True
pool1s7ddsvuw09dvk7et6t842vhdfcmq893y88y3ev9attn67mruf5m,ELLIP,10350456.539807,1000.0,1007.81601,340.0,0.03,True,3074.043637138622,422.27953449298917,1537.0188450008047,376.02362157214105,752.0472431442821,329.76770865129293,True,False,3074.043637138622,257.3955906794395,1537.0188450008047,211.13967775859135,422.2793555171827,164.88376483774317,True,False
pool1s7eglqwzl84xgvpr4pptylcgqhkjr4xk8d6y3k22plu3sagms25,SANP,68318.927949,100000.0,5517.45743,340.0,0.015,False,0.0,0.0,0.0,0.0,0.0,0.0,False,False,0.0,0.0,0.0,0.0,0.0,0.0,False,False
pool1s7vl4r9vr2etmr2pfhcvxu223e8asaxu96te3urd7gh3c2kl74a,,133.4,133.0,133.4,340.0,0.01,True,0.03961910603309522,0.03961910603309522,0.019809553001249557,0.019809553001249557,0.03961910600249911,-3.059610897970799e-11,False,True,0.03961910603309522,0.03961910603309522,0.019809553001249557,0.019809553001249557,0.03961910600249911,-3.059610897970799e-11,False,True
pool1s8347yjgmfguf0ynj69euw7r75w7usdrfheckpcrjrk2yfvnpwq,,70038652.426558,0.0,0.0,340.0,0.05,True,20801.11538694384,1363.055769347192,10400.55769347192,843.027884673596,1686.055769347192,323.0,True,False,20801.11538694384,1201.555769347192,10400.55769347192,681.527884673596,1363.055769347192,161.5,True,False
pool1sa0uepv2uzwd0g8sh5lkjzgwkcxrg3z4m5wyzgfh93pnwupsm8g,,1293.493236,50.0,1292.868508,345.0,0.015,True,0.38416083300593484,0.38416083300593484,0.19208039863949564,0.19208039863949564,0.3841607972789913,-3.572694357023565e-08,False,True,0.38416083300593484,0.38416083300593484,0.19208039863949564,0.19208039863949564,0.3841607972789913,-3.572694357023565e-08,False,True
pool1samrdfdupytre8zuqf5y3sda0kxhp894yvjpnhwwczukwd4mx6y,,520.082,515.0,520.082,340.0,0.075,True,0.15446165122643324,0.15446165122643324,0.0772308248604913,0.0772308248604913,0.1544616497209826,-1.5054506252720756e-09,False,True,0.15446165122643324,0.15446165122643324,0.0772308248604913,0.0772308248604913,0.1544616497209826,-1.5054506252720756e-09,False,True
pool1scnq7w9rxgt2c4lax0y0ch0el2t9pjcyffhhzs2dfgt75u2zcq4,ALEX,85278.509498,5.0,17.619014,345.0,0.01,True,25.327274140140197,25.327274140140197,12.663636947570073,12.663636947570073,25.327273895140145,-2.45000052245814e-07,False,True,25.327274140140197,25.327274140140197,12.663636947570073,12.663636947570073,25.327273895140145,-2.45000052245814e-07,False,True
pool1sdare7xfd6tmak8ghek7kwgpgj6xzu0reppmw4t46rmcs0h6vr2,UTA,70058047.341554,0.0,0.0,340.0,0.05,True,20806.875575793485,1363.3437787896742,10403.437787896743,843.1718893948371,1686.3437787896742,323.0,True,False,20806.875575793485,1201.8437787896744,10403.437787896743,681.6718893948371,1363.3437787896742,161.49999999999977,True,False
pool1sdvrd0sxh2mprqc3m9zmvrfccavzpz9r2uancg866hpec7nnt0s,FIALA,1622595.554789,24000.0,43819.522731,170.0,0.0,True,481.94654410260955,178.42437207461643,240.9622438042624,171.91639354997986,343.8327870999597,165.4084150253433,True,False,481.94654410260955,95.71986673509535,240.9622438042624,89.2118882104588,178.4237764209176,82.70390968582224,True,False
pool1sf784g6eje8vzq9f5wu583eurhfq2ee9hzyhl46yezkuqqtmw07,NOVA,1364245.272104,1000.0,1665.488752,340.0,0.01,True,405.175314900516,340.73052437037825,202.5872657675409,202.5872657675409,405.1745315350818,64.44400716470358,True,False,405.175314900516,172.6359872462212,202.5872657675409,170.36525779497222,340.73051558994445,168.09452834372325,True,False
pool1sffl322qgsrsmkcedzzwk05396dkmj56pcepqvj6px3n2re3qu4,MOON1,921454.88865,1.0,53.422821,170.0,0.02,True,273.66730901825923,172.07923625285622,136.8336542443859,136.8336542443859,273.6673084887718,101.5880722359156,True,False,273.66730901825923,88.78406570359127,136.8336542443859,86.0396181211182,172.0792362422364,83.29517053864512,True,False
pool1sfjdu0xmz7vdmp6cufxd55gprp95g4p703zzr3upt70dst0fur2,,1519935.174172,1000.0,3121.193746,340.0,0.01,True,451.41458474887,341.34064829702083,225.70685595945713,225.70685595945713,451.41371191891426,110.07306362189343,True,False,451.41458474887,173.38625310726414,225.70685595945713,170.67031889714232,341.34063779428465,167.9543846870205,True,False
pool1sfuspqv9gyqn65vwu6e27dp6ju7gmqmgsnasqp6zxp6qqlzlpfe,SOLPI,477635.742544,30000.0,51841.960718,170.0,0.01,True,141.87077022738953,141.87077022738953,70.93152440616933,70.93152440616933,141.86304881233866,-0.0077214150508666535,False,True,141.87077022738953,91.67966015784843,70.93152440616933,70.93152440616933,141.86304881233866,50.18338865449023,True,False
pool1sfzvwcqx77fkyfsmhpyhtkh2ef5ppezl2qtrl7jpe7q5up96ux9,,12.359567,0.0,12.359567,340.0,0.03,True,0.0036707270970018848,0.0036707270970018848,0.0018353635485009424,0.0018353635485009424,0.0036707270970018848,0.0,False,False,0.0036707270970018848,0.0036707270970018848,0.0018353635485009424,0.0018353635485009424,0.0036707270970018848,0.0,False,False
pool1sghd7rmq0ktp6xd8yp84m00530hhqxx94lsnswmajt2xxrzpyjk,TS1TA,65929.347054,300.0,64640.679849,340.0,0.99,True,19.58069569771915,19.58069569771915,9.7903421920199,9.7903421920199,19.5806843840398,-1.131367935158778e-05,False,True,19.58069569771915,19.58069569771915,9.7903421920199,9.7903421920199,19.5806843840398,-1.131367935158778e-05,False,True
pool1sghwg652uwe7ksmk5laxxft58j6km6prahvnddk3s6zgxek5qen,FLUX,319131.850462,7000.0,18412.150341,170.0,0.01,True,94.78301050881376,94.78301050881376,47.39087741544888,47.39087741544888,94.78175483089775,-0.001255677916006448,False,True,94.78301050881376,85.65661167895783,47.39087741544888,47.39087741544888,94.78175483089775,9.125143151939923,True,False
pool1sj3gnahsms73uxxu43rgwczdw596en7dtsfcqf6297vzgcedquv,E7D,114299.315345,40000.0,101434.708855,170.0,0.01,True,33.94972023340799,33.94972023340799,16.97400522018261,16.97400522018261,33.94801044036522,-0.001709793042763863,False,True,33.94972023340799,33.94972023340799,16.97400522018261,16.97400522018261,33.94801044036522,-0.001709793042763863,False,True
pool1sjnh0ymk9fhhnusm7uksux5yhpfyhjfmseq5nuupsj6ezskc0pj,UPBIT,35977015.061616,200000.0,35955162.68916,340.0,1.0,True,10693.230930484713,10693.230930484713,5344.551640812334,5344.551640812334,10689.103281624668,-4.127648860045156,False,True,10693.230930484713,10693.230930484713,5344.551640812334,5344.551640812334,10689.103281624668,-4.127648860045156,False,True
pool1sjrfgg0z0su3gun5xdsj5kvl34m5el3zf6mkaffukg9ucc0q4zc,,384.91939,100.0,0.0,340.0,0.01,False,0.0,0.0,0.0,0.0,0.0,0.0,False,False,0.0,0.0,0.0,0.0,0.0,0.0,False,False
pool1sjwdmeme5zs042jzwmdvxshhv27kepxke0mr02f2yzacsyd4wtu,CCV,43969663.333969,500.0,502.750398,340.0,0.03,True,13058.78651900653,721.7046597327268,6529.386943033709,525.7502548308674,1051.500509661735,329.7958499290081,True,False,13058.78651900653,556.8065452040801,6529.386943033709,360.85214030222073,721.7042806044415,164.8977354003614,True,False
pool1sk4s9cmjc9s5uw5zju76tnu3hjc7qj4geaeq7psy9yjay4a9nwd,,103.164846,25000.0,2.170794,340.0,0.01,False,0.0,0.0,0.0,0.0,0.0,0.0,False,False,0.0,0.0,0.0,0.0,0.0,0.0,False,False
pool1sk64cyef3v2m000eshsdz6ydu3j7rczuyv93dl76euyev7pslxg,SAIGO,2687.08386,50.0,50.706518,340.0,0.01,True,0.7980500781051937,0.7980500781051937,0.3990250011694216,0.3990250011694216,0.7980500023388432,-7.576635052686242e-08,False,True,0.7980500781051937,0.7980500781051937,0.3990250011694216,0.3990250011694216,0.7980500023388432,-7.576635052686242e-08,False,True
pool1sk6jvl4u8m4peddwqxzslgt82n57qy0rug2j0jfzkrjvy9f5mw6,,356.83051,10.0,356.83051,340.0,0.02,True,0.10597680900620016,0.10597680900620016,0.05298840350661825,0.05298840350661825,0.1059768070132365,-1.9929636552173946e-09,False,True,0.10597680900620016,0.10597680900620016,0.05298840350661825,0.05298840350661825,0.1059768070132365,-1.9929636552173946e-09,False,True
pool1sks9qwpygf9vmgeuh4n4a3s36k35c3qnz7pd4qqvw5825x62y3y,STEAK,425457.471141,100000.0,100301.28789,340.0,0.005,True,126.39612149075975,126.39612149075975,63.188686349143225,63.188686349143225,126.37737269828645,-0.01874879247330341,False,True,126.39612149075975,126.39612149075975,63.188686349143225,63.188686349143225,126.37737269828645,-0.01874879247330341,False,True
pool1sktjey6tdtgp6svf0d2nth7ruq3zjnhgg2dckpkveyeqk0jttgj,ENOV8,4348.951451,1000.0,1006.87363,340.0,0.03,True,1.291619803876351,1.291619803876351,0.6458089397239724,0.6458089397239724,1.2916178794479447,-1.9244284061858963e-06,False,True,1.291619803876351,1.291619803876351,0.6458089397239724,0.6458089397239724,1.2916178794479447,-1.9244284061858963e-06,False,True
pool1sktpderrlmwnw8l769aqqfmmv2sn2uatp4r9z84htt6kg7jauyn,,3653.156184,3350.0,0.0,340.0,0.01,False,0.0,0.0,0.0,0.0,0.0,0.0,False,False,0.0,0.0,0.0,0.0,0.0,0.0,False,False
pool1skykl3rncme7qzwy0t55wk258h4e4s9dyacrm3hnsya3u3k5vkw,SAFST,35419.435808,50000.0,21850.7343,170.0,0.0,False,0.0,0.0,0.0,0.0,0.0,0.0,False,False,0.0,0.0,0.0,0.0,0.0,0.0,False,False
pool1slwxj0t3575lx0rfw2x3z7dqf26jpls566pdwydvlk0jgw96lre,MORH,18294810.62308,200000.0,212113.166816,340.0,0.99,True,5437.633490182967,5387.248183636198,2717.7729101461036,2694.2708641070867,5388.541728214173,1.2935445779758084,True,False,5437.633490182967,5385.567893727273,2717.7729101461036,2692.590574198162,5385.181148396324,-0.3867453309494522,False,True
pool1sm2kmdn4f9rat3kl67y9drqcnnqc34zg4f4ufmnrfaj45gcv89d,LTES,1512507.302068,25000.0,172171.883282,170.0,0.0025,True,449.24955143872546,202.4062179871969,224.61408604046844,176.33782925802583,352.67565851605167,150.26944052885477,True,False,449.24955143872546,127.27025721204109,224.61408604046844,101.20186848287004,202.40373696574008,75.13347975369899,True,False
pool1smfwu5w54mnxea6dg7gwmkk6df8jauuf4h2x0cqew3dk2lgln2t,OHANA,486843.783119,1000.0,1298.008138,340.0,0.0,True,144.59062908829645,144.59062908829645,72.29517495326036,72.29517495326036,144.59034990652071,-0.00027918177573837966,False,True,144.59062908829645,144.59062908829645,72.29517495326036,72.29517495326036,144.59034990652071,-0.00027918177573837966,False,True
pool1smy2r8jdvgna5ykhe8rrch7h4qalyfafyzyh0rmanmq0jxptww7,ZZZ3,23252865.112133,50000.0,55612.897179,340.0,0.05,True,6907.314111356018,683.2871354442054,3453.323410805817,502.73987467096106,1005.4797493419221,322.1926138977167,True,False,6907.314111356018,522.1733881855814,3453.323410805817,341.62612741233704,683.2522548246741,161.07886663909267,True,False
pool1snauzgh8r7tww3emfmdt58dt4hpvyjc23j0nj3h0ql2wwzgdkp9,,218.055983,200.0,218.055983,340.0,0.0,True,0.06476149664118964,0.06476149664118964,0.03238074728301043,0.03238074728301043,0.06476149456602086,-2.0751687868081348e-09,False,True,0.06476149664118964,0.06476149664118964,0.03238074728301043,0.03238074728301043,0.06476149456602086,-2.0751687868081348e-09,False,True
pool1snvcmtdnssf6t8fhs7943uxmmujlt4f89yv58cp7m99cq5tw9hy,INDYS,2870.032726,67500.0,7.251029,340.0,0.0,False,0.0,0.0,0.0,0.0,0.0,0.0,False,False,0.0,0.0,0.0,0.0,0.0,0.0,False,False
pool1snyaulmp94axe7ltmqzlkztqn9axt5ykprjtxh3qgn35cred9pf,,1001.676644,1.0,0.0,450.0,0.095,False,0.0,0.0,0.0,0.0,0.0,0.0,False,False,0.0,0.0,0.0,0.0,0.0,0.0,False,False
pool1spakm5z76m4jvu3zn43yyw7659gj3zv5vtkgsvswdwm8q56zj5z,CMORE,1019.915823,1000.0,1008.054786,340.0,0.01,True,0.3029097161107081,0.3029097161107081,0.15145485232765282,0.15145485232765282,0.30290970465530564,-1.1455402459947805e-08,False,True,0.3029097161107081,0.3029097161107081,0.15145485232765282,0.15145485232765282,0.30290970465530564,-1.1455402459947805e-08,False,True
pool1spqkpaezku3knl9ug7txrlyzr8kkvdr0h75yyz262cx6gls6zlm,ADAC1,17.115823,10000.0,17.115823,340.0,0.0,False,0.0,0.0,0.0,0.0,0.0,0.0,False,False,0.0,0.0,0.0,0.0,0.0,0.0,False,False
pool1spus7k8cy5qcs82xhw60dwwk2d4vrfs0m5vr2zst04gtq700gjn,ZZZ4,10262332.480312,50000.0,54897.575819,340.0,0.05,True,3048.4465588067287,489.18652755763605,1524.076431099275,405.22124298305005,810.4424859661001,321.25595840846404,True,False,3048.4465588067287,328.5504596619386,1524.076431099275,244.58517508735258,489.17035017470516,160.61989051276657,True,False
pool1sqpksswmxpgk6yxllyq9ad4qhtnt5qyz2pv5xmz6kkt5ujrgqwf,SJG,119881.317048,1000.0,11712.56843,330.0,0.2,True,35.60426409293957,35.60426409293957,17.802097889913263,17.802097889913263,35.604195779826526,-6.831311304722476e-05,False,True,35.60426409293957,35.60426409293957,17.802097889913263,17.802097889913263,35.604195779826526,-6.831311304722476e-05,False,True
pool1sr953s548fudyhmfm082xp0mensv2gxzt4qpe466ykw0z3jjzvv,AIR,2698085.785981,500.0,502.775251,340.0,0.0,True,801.3189914514094,340.0859645652941,400.6591081991468,340.01130353175154,680.0226070635031,339.936642498209,True,False,801.3189914514094,170.1176432439759,400.6591081991468,170.04298221043334,340.0859644208667,169.96832117689078,True,False
pool1sru6yhj5q0zvfyyuappgrvssxzjumjsd3ekyeslhvwmv6hmmxzn,C1ST,126432.886341,10.0,796.985699,170.0,0.0,True,37.54991091527452,37.54991091527452,18.774955094410547,18.774955094410547,37.549910188821094,-7.264534289674884e-07,False,True,37.54991091527452,37.54991091527452,18.774955094410547,18.774955094410547,37.549910188821094,-7.264534289674884e-07,False,True
pool1ssn7vj756vpv84h5vgkkvv5rzk0zp6pp2kdrqwfjsffu60djyy8,,197.62403,100.0,197.62403,340.0,0.019,True,0.05869331996879108,0.05869331996879108,0.029346657179540422,0.029346657179540422,0.058693314359080845,-5.6097102379970565e-09,False,True,0.05869331996879108,0.05869331996879108,0.029346657179540422,0.029346657179540422,0.058693314359080845,-5.6097102379970565e-09,False,True
pool1st58tj7nun3vynlhlmfawrn24ar0pshdle733vtkv43szxt2kq0,CETF,2950.245494,1.0,101.678007,340.0,0.01,True,0.876207566132781,0.876207566132781,0.4381037822190402,0.4381037822190402,0.8762075644380805,-1.6947004910505825e-09,False,True,0.876207566132781,0.876207566132781,0.4381037822190402,0.4381037822190402,0.8762075644380805,-1.6947004910505825e-09,False,True
pool1st9xr6arqq8f2hjsdz6urxejjwzpjkjceatnjuehhr9xuq6k4eu,,645.07951,626.754414,627.877762,340.0,0.005,True,0.19158527157654812,0.19158527157654812,0.09579263248700434,0.09579263248700434,0.19158526497400868,-6.602539431854737e-09,False,True,0.19158527157654812,0.19158527157654812,0.09579263248700434,0.09579263248700434,0.19158526497400868,-6.602539431854737e-09,False,True
pool1stjukmjtgs7rdvy8ucsc543f9y2ct56ss08zed392php7k0teaq,,2.443789,0.0,2.443789,340.0,0.02,True,0.0007257926189206418,0.0007257926189206418,0.0003628963094603209,0.0003628963094603209,0.0007257926189206418,0.0,False,False,0.0007257926189206418,0.0007257926189206418,0.0003628963094603209,0.0003628963094603209,0.0007257926189206418,0.0,False,False
pool1stvux7an3kp2p55na0p7eec2e7l66gqcpuc7yu9cx5242g4j2eh,CHUB,304543.381396,80000.0,86533.038206,170.0,0.016,True,90.46847314538398,90.46847314538398,45.22906463839749,45.22906463839749,90.45812927679498,-0.010343868589004046,False,True,90.46847314538398,86.61644798411263,45.22906463839749,45.22906463839749,90.45812927679498,3.8416812926823525,True,False
pool1supp67ypelmgzuzqqvarc6czgmg3ggwpnrnfr90xpfcqqf8h05t,1PCT,4149704.915406,50000.0,59557.310178,340.0,0.01,True,1232.6765022923012,361.610499961972,616.279298995635,346.6883510040951,693.3767020081903,331.76620204621827,True,False,1232.6765022923012,195.72597178642502,616.279298995635,180.80382282854814,361.60764565709627,165.88167387067125,True,False
pool1suuvhhetdpjmenal5j2uyjld26jke57xw2yz7gc4j2s3yhgd7us,,4.427641,1020.0,0.0,340.0,0.02,False,0.0,0.0,0.0,0.0,0.0,0.0,False,False,0.0,0.0,0.0,0.0,0.0,0.0,False,False
pool1suvska2n58hqxqzzqwpw3558072vkmng0jezzgtlsj625yk7gt8,ADAJP,564370.363347,100.0,5527.346561,170.0,0.0,True,167.6151265640414,167.6151265640414,83.80754706989057,83.80754706989057,167.61509413978115,-3.242426024030465e-05,False,True,167.6151265640414,85.80911838281553,83.80754706989057,83.80754706989057,167.61509413978115,81.80597575696562,True,False
pool1suy76cpk5lkpsmaqpecygl5j9na5du0xe2lrxd733dlwcus9j2n,,8.61875,0.01,8.61875,345.0,0.15,True,0.002559723910110103,0.002559723910110103,0.0012798619550303176,0.0012798619550303176,0.0025597239100606352,-4.9467808321823625e-14,False,False,0.002559723910110103,0.002559723910110103,0.0012798619550303176,0.0012798619550303176,0.0025597239100606352,-4.9467808321823625e-14,False,False
pool1svv9st22dywp9exwsltt7cdc4v2dyrf4zls00jesv2lzvpz45jh,SCAR2,200771.679284,5000.0,5623.296281,340.0,0.0199,True,59.62926923162922,59.62926923162922,29.81435335129277,29.81435335129277,59.62870670258554,-0.0005625290436839236,False,True,59.62926923162922,59.62926923162922,29.81435335129277,29.81435335129277,59.62870670258554,-0.0005625290436839236,False,True
pool1svzk9ckds6r83nvg2k7w9hszza2haqd9zu7fuyg37e8gg3dylrf,,97.620466,100.0,97.620466,345.0,0.15,False,0.0,0.0,0.0,0.0,0.0,0.0,False,False,0.0,0.0,0.0,0.0,0.0,0.0,False,False
pool1swe9nsv8lzugakjkfv04dn38scmq48wzynmn0lxasupuzmqcgjm,ADAGE,15510706.438858,110000.0,137240.390638,170.0,0.0084,True,4608.548805786925,246.22667370653892,2303.7866327346005,206.64518844555045,413.2903768911009,167.06370318456197,True,False,4608.548805786925,162.68644525543078,2303.7866327346005,123.10495999444234,246.20991998888468,83.5234747334539,True,False
pool1swuyjknhewtqcmh583jjpvlcl0p9h9hrt5l2f3v2hl6gchqrn40,ETO4,60000074.616946,0.0,0.0,340.0,1.0,True,17819.71000428726,17819.71000428726,8909.85500214363,8909.85500214363,17819.71000428726,0.0,False,False,17819.71000428726,17819.71000428726,8909.85500214363,8909.85500214363,17819.71000428726,0.0,False,False
pool1sx4e8rvx2xdxgkww2fpjtmvrnaftfrtfge29xcn72hh7kch5snf,UK1,154558.610469,0.0,33158.255337,340.0,0.0,True,45.90310320123007,45.90310320123007,22.951551600615034,22.951551600615034,45.90310320123007,0.0,False,False,45.90310320123007,45.90310320123007,22.951551600615034,22.951551600615034,45.90310320123007,0.0,False,False
pool1sxj5qufj25ssfk83jjxp4tw2py7vfceta63p2u8ymugtga9us8t,,115904.852882,2010000.0,0.0,350.0,0.0,False,0.0,0.0,0.0,0.0,0.0,0.0,False,False,0.0,0.0,0.0,0.0,0.0,0.0,False,False
pool1sxrkzy0ty37s2qx66cscqwucdqlvemtjl96ep36mqfrnku9lq8t,,1043.463985,0.0,1043.463985,340.0,0.1,True,0.30990337480957614,0.30990337480957614,0.15495168740478807,0.15495168740478807,0.30990337480957614,0.0,False,False,0.30990337480957614,0.30990337480957614,0.15495168740478807,0.15495168740478807,0.30990337480957614,0.0,False,False
pool1sy86l3j2aumxgsvp2nmw4ukuq2tc7drnqum9z8796hxnzksde4j,,2443.472823,2000.0,2134.769905,340.0,0.0,True,0.7256997354578376,0.7256997354578376,0.36284961284549566,0.36284961284549566,0.7256992256909913,-5.097668462905602e-07,False,True,0.7256997354578376,0.7256997354578376,0.36284961284549566,0.36284961284549566,0.7256992256909913,-5.097668462905602e-07,False,True
pool1sysgx87cwxnqy0pqn8g97gdhd0dmre9rw3jvpn2k7apuwa7cgkn,EVE6,63451083.227187,10.0,21.514466,400.0,0.04,True,18844.642336486693,1137.791697353268,9422.320985941506,760.8957762827366,1521.7915525654732,383.99985521220515,True,False,18844.642336486693,945.7917624550325,9422.320985941506,568.8958413845011,1137.7916827690021,191.9999203139696,True,False
pool1syt2h0690xyjhkr5mntv868xgl82m407e83e4sznaucpkr0lg85,,425.911053,1100.0,1.120991,345.0,0.02,False,0.0,0.0,0.0,0.0,0.0,0.0,False,False,0.0,0.0,0.0,0.0,0.0,0.0,False,False
pool1szah3sjg5vhd09pa0y6fcsyja2rttsztdp0gj8jpngqxz9kj0a8,,2575.210991,50.0,440.214474,340.0,0.0,True,0.7648244116145598,0.7648244116145598,0.3824121695312206,0.3824121695312206,0.7648243390624412,-7.255211864620748e-08,False,True,0.7648244116145598,0.7648244116145598,0.3824121695312206,0.3824121695312206,0.7648243390624412,-7.255211864620748e-08,False,True
pool1szgruqm2dlhkh5qh7rft28xz9gkxj6rzfncsuquf3vm37k63kqv,IOGP,16.9664,64000000.0,0.0,500.0,1.0,False,0.0,0.0,0.0,0.0,0.0,0.0,False,False,0.0,0.0,0.0,0.0,0.0,0.0,False,False
pool1szy2tdjj8a4av365wk3q2fqg9srllmt0383e6v9p664ng076x9e,XRAY5,1152528.928645,100.0,739.261565,340.0,0.01,True,342.2952280921486,340.0244097768078,171.14758093547877,171.14758093547877,342.29516187095754,2.2707520941497705,True,False,342.2952280921486,171.83236170608018,171.14758093547877,170.01220453627232,340.02440907254464,168.19204736646446,True,False
pool1t0jheek3yftf0a9dgzgr2hc2wttwrcjyd5whdrek4ggcc5famre,POND,106199.996074,44000.0,60193.046816,170.0,0.042,True,31.54399461361467,31.54399461361467,15.771209851653971,15.771209851653971,31.542419703307942,-0.0015749103067292936,False,True,31.54399461361467,31.54399461361467,15.771209851653971,15.771209851653971,31.542419703307942,-0.0015749103067292936,False,True
pool1t2e4v7ajh38qhjswqaavjqfsevyllhda24t2s2u6vhsavyhhqaf,GAJA,105.132223,100.0,105.132223,340.0,0.03,True,0.031223723858952654,0.031223723858952654,0.015611861782016156,0.015611861782016156,0.031223723564032312,-2.9492034162026393e-10,False,True,0.031223723858952654,0.031223723858952654,0.015611861782016156,0.015611861782016156,0.031223723564032312,-2.9492034162026393e-10,False,True
pool1t2mxyjvqsay4yl6vm5gqep5f76nm9wen3452zxa0nu2xugmsm6k,RXO,10.277276,100.0,2.623018,340.0,0.02,False,0.0,0.0,0.0,0.0,0.0,0.0,False,False,0.0,0.0,0.0,0.0,0.0,0.0,False,False
pool1t2zc29vmryg0z72jp3vh04awlxlrqf88jc3zfx7wm8dwjuhgch9,,2944.132986,310.0,332.637934,340.0,0.02,True,0.8743931181230907,0.8743931181230907,0.43719632444734124,0.43719632444734124,0.8743926488946825,-4.69228408239708e-07,False,True,0.8743931181230907,0.8743931181230907,0.43719632444734124,0.43719632444734124,0.8743926488946825,-4.69228408239708e-07,False,True
pool1t4q9v8vxf8ltx407cqkwq3sksgmq85e459jqsf34x0cxyfaqljw,,596.889206,0.0,596.889206,340.0,0.03,True,0.17727298880067074,0.17727298880067074,0.08863649440033537,0.08863649440033537,0.17727298880067074,0.0,False,False,0.17727298880067074,0.17727298880067074,0.08863649440033537,0.08863649440033537,0.17727298880067074,0.0,False,False
pool1t4zp4wlastva63rqk99k7578e2h3znqdk2arhzuegz6kgj0duc8,ROBOT,87285.82187,50000.0,79755.02994,340.0,0.01,True,25.925580740189922,25.925580740189922,12.962253526047164,12.962253526047164,25.924507052094327,-0.0010736880955946049,False,True,25.925580740189922,25.925580740189922,12.962253526047164,12.962253526047164,25.924507052094327,-0.0010736880955946049,False,True
pool1t50sl2erwfaey5du4e7gnp52fylplh5q4j24zkkxk9t5vsxfcvm,MONEY,501606.528981,1.0,11178.231656,340.0,0.0,True,148.97453002103538,148.97453002103538,74.48726486640098,74.48726486640098,148.97452973280195,-2.882334229070693e-07,False,True,148.97453002103538,148.97453002103538,74.48726486640098,74.48726486640098,148.97452973280195,-2.882334229070693e-07,False,True
pool1t5zgwakxfmqxgu7l65fk45u33frlqrvgsvzn7demdy0ejgrhq9a,IOGP,126.037603,64000000.0,0.0,500.0,1.0,False,0.0,0.0,0.0,0.0,0.0,0.0,False,False,0.0,0.0,0.0,0.0,0.0,0.0,False,False
pool1t6ek99u2dzj8sr606uqm3uz0tt4ejr4cpvwtqfwen6p2z57rrst,BD0,38361278.418716,200.0,4909.388843,340.0,0.08,True,11393.108928880545,1225.5501018277866,5696.5522601210705,769.1548585938431,1538.3097171876861,312.7596153598995,True,False,11393.108928880545,1069.1701175427652,5696.5522601210705,612.7748743088217,1225.5497486176434,156.37963107487826,True,False
pool1t6mnkhwj99hm0ckt8fkf85r84le9p95v2a3l874vfn947g5ajmu,,4.098353,10000.0,0.0,340.0,0.028,False,0.0,0.0,0.0,0.0,0.0,0.0,False,False,0.0,0.0,0.0,0.0,0.0,0.0,False,False
pool1t6n7rysk6wzm9wqxda6zxpzmm3j6256fs3mp06dc26n6503hhj4,DAVE,37599288.820473,2000.0,2275.337349,170.0,0.01,True,11166.879584367205,280.62762199463026,5583.418187130898,224.45850127850014,448.9170025570003,168.28938056237,True,False,11166.879584367205,196.48271436855342,5583.418187130898,140.3135936524233,280.6271873048466,84.14447293629317,True,False
pool1t6stu46gth7awdlrdmxmjhgrk9rjhez9qfnlhkhfvf0fj4q3h2a,,20736.18856,50000.0,0.0,340.0,0.2,False,0.0,0.0,0.0,0.0,0.0,0.0,False,False,0.0,0.0,0.0,0.0,0.0,0.0,False,False
pool1t6tyc9menh5uax38j89jgdyj0maz6e4mgx90n7xkcl7mu8fzqxu,BNP,35953.952048,2.0,28979.927733,345.0,0.06,True,10.678136786526087,10.678136786526087,5.339068372604272,5.339068372604272,10.678136745208544,-4.131754316460956e-08,False,True,10.678136786526087,10.678136786526087,5.339068372604272,5.339068372604272,10.678136745208544,-4.131754316460956e-08,False,True
pool1t6xhh2stg5k50sjdzjglp2h0j59vupwv3kur45efvkk7cps5hwq,1FAT,488385.569711,500.0,3318.561201,170.0,0.0,True,145.04825367629198,145.04825367629198,72.52405675006278,72.52405675006278,145.04811350012557,-0.0001401761664112655,False,True,145.04825367629198,85.40802557896185,72.52405675006278,72.52405675006278,145.04811350012557,59.64008792116371,True,False
pool1t74ckqauwmn9ef5ye0h7c5wsgfd36zx24ue9wvj4vj95cl54aff,ORACL,16603.514651,2000.0,12716.61617,340.0,0.01,True,4.931191036715461,4.931191036715461,2.465587126492654,2.465587126492654,4.931174252985308,-1.6783730153235865e-05,False,True,4.931191036715461,4.931191036715461,2.465587126492654,2.465587126492654,4.931174252985308,-1.6783730153235865e-05,False,True
pool1t847w2hfv33qrra7q33nzq8epvcxv6ydshcq7w7j23c87xv2c2k,CAPO,3050461.508754,1.0,360.083893,340.0,0.0,True,905.9712012462702,340.06680861662596,452.98559974670474,340.013337094893,680.026674189786,339.9598655731601,True,False,905.9712012462702,170.0868758299425,452.98559974670474,170.03340430820953,340.06680861641905,169.97993278647655,True,False
pool1t8dkgz58qcqlak6nn5l5j4qqwvewwmjx85fxtsykk6w9j2e0ng2,GYS,316659.950556,100000.0,176560.685092,340.0,0.04,True,94.07130429782372,94.07130429782372,47.02940967118543,47.02940967118543,94.05881934237085,-0.012484955452862323,False,True,94.07130429782372,94.07130429782372,47.02940967118543,47.02940967118543,94.05881934237085,-0.012484955452862323,False,True
pool1t8gjk7jzvujfv9s8q992e6s7tp8na0q3j62g7s4ppzfmccus4jk,DEAD,2806910.095982,340000.0,394254.532426,340.0,0.03,True,834.6064323858542,422.2257459872154,417.06043066571,352.8108956590378,705.6217913180756,283.39604533086015,True,False,834.6064323858542,280.4873614910788,417.06043066571,211.07251116290115,422.1450223258023,141.65766083472352,True,False
pool1t8tw057cgksma0f6pawcy7npnwfu0psx64jdr6sqhza55mdvkls,S2S,1756.179682,100.0,4.821258,345.0,0.15,False,0.0,0.0,0.0,0.0,0.0,0.0,False,False,0.0,0.0,0.0,0.0,0.0,0.0,False,False
pool1t93hrmha847r5gqazttyg29c9fxfv778w3kc5vf4q7vu5g4ec0r,STKPL,140371.401029,10000.0,44302.249497,340.0,0.01,True,41.691074300767,41.691074300767,20.84516250119605,20.84516250119605,41.6903250023921,-0.0007492983748988991,False,True,41.691074300767,41.691074300767,20.84516250119605,20.84516250119605,41.6903250023921,-0.0007492983748988991,False,True
pool1t9ckjy949dk97prfs6any8xdjyq9du6prnplx06n4fcn5jgukhc,SWADA,126182.986037,75000.0,81065.824263,170.0,0.01,True,37.48011252159419,37.48011252159419,18.738949408265746,18.738949408265746,37.47789881653149,-0.002213705062693805,False,True,37.48011252159419,37.48011252159419,18.738949408265746,18.738949408265746,37.47789881653149,-0.002213705062693805,False,True
pool1t9m69j5thv2ke9jt9hhsgxlag44z7erp2s2ukcpruwhwqarc9np,CEMA1,4053113.987367,100000.0,124684.554464,170.0,0.03,True,1204.2086772847551,231.8868166945568,601.9905360888558,195.85021737673293,391.70043475346586,159.81361805890904,True,False,1204.2086772847551,151.97319774566932,601.9905360888558,115.93659842784545,231.8731968556909,79.89999911002158,True,False
pool1t9ve93m48au8m4w8x0m2exh55s0tf2jjk5rwj5hsuqegvvgfq4z,,100.0,100.0,100.0,340.0,0.05,True,0.029699479739085655,0.029699479739085655,0.01484973986953727,0.01484973986953727,0.02969947973907454,-1.111610803405938e-14,False,False,0.029699479739085655,0.029699479739085655,0.01484973986953727,0.01484973986953727,0.02969947973907454,-1.111610803405938e-14,False,False
pool1taadtauxnhqql7s58fztlmnsxg0680mdaz25yry42q4m5s47z8n,LOXE,58611.979055,5000.0,41657.154397,340.0,0.04,True,17.407760931875398,17.407760931875398,8.703803441280764,8.703803441280764,17.407606882561527,-0.0001540493138705301,False,True,17.407760931875398,17.407760931875398,8.703803441280764,8.703803441280764,17.407606882561527,-0.0001540493138705301,False,True
pool1tah22gjtc7ntrdezv49hysegcwpzafea35t6f4hn3wr2y4hz3vz,ACL,370207.714497,300000.0,307014.340103,340.0,0.0,True,109.97446478697898,109.97446478697898,54.98099574872034,54.98099574872034,109.96199149744068,-0.012473289538306176,False,True,109.97446478697898,109.97446478697898,54.98099574872034,54.98099574872034,109.96199149744068,-0.012473289538306176,False,True
pool1tamft50mh0vjm346d9lusczc8fxxyh5z6fk2eel38srwvz38d78,DGITX,8105.935858,5500.0,5588.125543,340.0,0.03,True,2.407437253142796,2.407437253142796,1.2037145072835438,1.2037145072835438,2.4074290145670876,-8.238575708308105e-06,False,True,2.407437253142796,2.407437253142796,1.2037145072835438,1.2037145072835438,2.4074290145670876,-8.238575708308105e-06,False,True
pool1tay8z4sq4a4gmyhnygyt0t5j84z8epwjra06wq28jnnmschkkuu,HIGH,8243.710687,1000.0,4893.657636,340.0,0.01,True,2.4483475101415624,2.4483475101415624,1.224171673828411,1.224171673828411,2.448343347656822,-4.162484740444228e-06,False,True,2.4483475101415624,2.4483475101415624,1.224171673828411,1.224171673828411,2.448343347656822,-4.162484740444228e-06,False,True
pool1tc6cy0cqknsm49cvsz0mksajfvlmh3vvcp8ngtmspycgx932w6g,TGEM,1980705.02086,1000.0,16401.951264,170.0,0.0,True,588.2613615532227,173.4635659502855,294.13011197490414,171.02790472360354,342.0558094472071,168.59224349692158,True,False,588.2613615532227,89.16743949165446,294.13011197490414,86.73177826497249,173.46355652994498,84.29611703829052,True,False
pool1tcctsz9jec45ugkcl8lyk8gz0yss675cnp63gazqalcwsx2dr37,,1117.431611,50.0,107.423153,340.0,0.05,True,0.3318714362438921,0.3318714362438921,0.16593570278769731,0.16593570278769731,0.33187140557539463,-3.0668497463803845e-08,False,True,0.3318714362438921,0.3318714362438921,0.16593570278769731,0.16593570278769731,0.33187140557539463,-3.0668497463803845e-08,False,True
pool1tcjzs5lp05ze2af8tk0pk3e3w6ey9ec0jpu9hxvck32mwxj9xwq,EARN,2213.682763,500.0,1554.551998,340.0,0.03,True,0.6574532484119331,0.6574532484119331,0.3287263780230799,0.3287263780230799,0.6574527560461598,-4.923657732636144e-07,False,True,0.6574532484119331,0.6574532484119331,0.3287263780230799,0.3287263780230799,0.6574527560461598,-4.923657732636144e-07,False,True
pool1tcmk6at0dmkytxgq5j4u7fgsx9kytvfu7gz22lrs8hp9ztu7arw,RATS,3443699.351419,1000000.0,1000038.311684,340.0,0.1,True,1025.6202443700379,587.753584878624,512.0888778741787,402.1854981108996,804.3709962217991,216.61741134317515,True,False,1025.6202443700379,479.18425262103443,512.0888778741787,293.61616585331,587.23233170662,108.04807908558558,True,False
pool1tdh56dcqs0sjeq4ehfdamlnzvxkrr5zgsysnhlkphzdzwmw4nvw,NOVAF,89738.931947,1.0,1720.139506,340.0,0.99,True,26.65199601478855,26.65199601478855,13.325997981611595,13.325997981611595,26.65199596322319,-5.156536175832116e-08,False,True,26.65199601478855,26.65199601478855,13.325997981611595,13.325997981611595,26.65199596322319,-5.156536175832116e-08,False,True
pool1tdsrw0n33gmy0mzh7cgtn9p0jy5xwjxaa2s26gn2ewf8kg4nrzx,CAFE,64995248.243313,100000.0,110684.647467,340.0,0.01,True,19310.718261129237,561.6905913447678,9653.49100679769,448.8368558512478,897.6737117024956,335.9831203577278,True,False,19310.718261129237,393.677200391924,9653.49100679769,280.823464898404,561.646929796808,167.969729404884,True,False
pool1tdtzmmmak0tkte2j2hr223dfnqpdy85ypd66tddwywpeuknn2pn,CSWP2,23199.172137,1000.0,5375.3585,340.0,0.5,True,6.890058941054847,6.890058941054847,3.445023092335845,3.445023092335845,6.89004618467169,-1.2756383156897755e-05,False,True,6.890058941054847,6.890058941054847,3.445023092335845,3.445023092335845,6.89004618467169,-1.2756383156897755e-05,False,True
pool1tdvqgy6mq7lx7d345e276xmgmhh3s4zj8dzu6xzq5m7rx4tzkg2,ONYX,51469398.20274,250000.0,251084.150106,170.0,0.05,True,15300.907064091936,996.6680769884983,7646.756678142534,578.4881388174686,1156.976277634937,160.30820064643876,True,False,15300.907064091936,916.3120012586287,7646.756678142534,498.1320630875988,996.2641261751976,79.95212491656889,True,False
pool1te6e6yc3p46yvdakrpngk49npvfvkcutk0z5qpj5xwx9gswkkpz,,1078.622707,360.0,1.029495,340.0,0.015,False,0.0,0.0,0.0,0.0,0.0,0.0,False,False,0.0,0.0,0.0,0.0,0.0,0.0,False,False
pool1teg62xfrjvgahfukqhgd0q4wrkn7k0ee03tnju3klt63ws48w50,,1.85427,20000.0,1.85427,345.0,0.05,False,0.0,0.0,0.0,0.0,0.0,0.0,False,False,0.0,0.0,0.0,0.0,0.0,0.0,False,False
pool1tegyxvyvya2lsqd7w2nna3h63ffdq85l0v8tg44yeak77du8zxd,GLAS,897.047887,500.0,583.646133,340.0,0.01,True,0.26641878360496996,0.26641878360496996,0.13320933476315894,0.13320933476315894,0.2664186695263179,-1.1407865208035162e-07,False,True,0.26641878360496996,0.26641878360496996,0.13320933476315894,0.13320933476315894,0.2664186695263179,-1.1407865208035162e-07,False,True
pool1tem8k8927zvn5jg22g3mxuzhnu62jdnqvn523dduupce24vwlrl,,135.106409,100.0,135.106409,340.0,0.015,True,0.040125904601741834,0.040125904601741834,0.020062951292218252,0.020062951292218252,0.040125902584436504,-2.0173053297267707e-09,False,True,0.040125904601741834,0.040125904601741834,0.020062951292218252,0.020062951292218252,0.040125902584436504,-2.0173053297267707e-09,False,True
pool1tf73xqv234ye2crduemjpreuu4efrdfmpna3l9dwqy2uycvee9y,CHF,92073.67008,50000.0,59042.918006,340.0,0.0,True,27.347822046819882,27.347822046819882,13.673305332792138,13.673305332792138,27.346610665584276,-0.001211381235606268,False,True,27.347822046819882,27.347822046819882,13.673305332792138,13.673305332792138,27.346610665584276,-0.001211381235606268,False,True
pool1tf9e29shjqn9wcgf59fk4yrjqw2gq97wlkdqe92z2ngevhvkllg,BLABS,1166.785736,1000.0,1007.279271,340.0,0.0,True,0.34652948495637886,0.34652948495637886,0.17326469455235485,0.17326469455235485,0.3465293891047097,-9.585166915737631e-08,False,True,0.34652948495637886,0.34652948495637886,0.17326469455235485,0.17326469455235485,0.3465293891047097,-9.585166915737631e-08,False,True
pool1tfye5tfgd6x2mw5xwe5lr2y6cu9grnpvenj7dc8258xmq8cuc04,,1203.009836,5.0,9.436265,340.0,0.05,True,0.35728766938587375,0.35728766938587375,0.1786438329719307,0.1786438329719307,0.3572876659438614,-3.4420123418144044e-09,False,True,0.35728766938587375,0.35728766938587375,0.1786438329719307,0.1786438329719307,0.3572876659438614,-3.4420123418144044e-09,False,True
pool1tgt94w0gmhmg5yw2v366fsl39yh90ktxr8uk2xsx3alsyh0tywg,,17.988077,1000.0,6.251228,340.0,0.0,False,0.0,0.0,0.0,0.0,0.0,0.0,False,False,0.0,0.0,0.0,0.0,0.0,0.0,False,False
pool1th6xh9uks6rywerld5aya0gc3yswwrx3yus9zvehyqaky5c6utd,AVOC,196942.29199,100.0,5486.224997,340.0,0.01,True,58.49085872923004,58.49085872923004,29.245423709111805,29.245423709111805,58.49084741822361,-1.1311006431924397e-05,False,True,58.49085872923004,58.49085872923004,29.245423709111805,29.245423709111805,58.49084741822361,-1.1311006431924397e-05,False,True
pool1th8afnzy79jerwjg0cqgm3y4xz5pfphtfkggyqw0htz8ssujvf5,,416.934572,100.0,0.0,345.0,0.02,False,0.0,0.0,0.0,0.0,0.0,0.0,False,False,0.0,0.0,0.0,0.0,0.0,0.0,False,False
pool1tha2grue5rppsx2w93v5tljr5sshn2lz94ud9z3szlltz46s5k2,DPTUS,29.706406,5000.0,0.0,340.0,0.025,False,0.0,0.0,0.0,0.0,0.0,0.0,False,False,0.0,0.0,0.0,0.0,0.0,0.0,False,False
pool1thfkd47x8s84f2vfpxr6v0sfvhrtlwxdv0r7mtjaqvglgpuh9p0,RATIO,154.24762,100.0,146.421921,345.0,0.05,True,0.045810746884293374,0.045810746884293374,0.022905371883545227,0.022905371883545227,0.045810743767090455,-3.1172029194004303e-09,False,True,0.045810746884293374,0.045810746884293374,0.022905371883545227,0.022905371883545227,0.045810743767090455,-3.1172029194004303e-09,False,True
pool1tj3u8pz6732uy2ut3s90e0j880jyu9j0ve9vtu9zj5xzglhdlqy,RPSP,5269178.399307,1.0,7934.990662,340.0,0.0,True,1564.9185771732466,341.84463624781773,782.4592870727314,340.6663107689994,681.3326215379988,339.48798529018103,True,False,1564.9185771732466,172.10064360044743,782.4592870727314,170.92231812162908,341.84463624325815,169.74399264281072,True,False
pool1tjd4vxjnr99jvlnrh35gmg7xqmphxjyftpdfn3mlv3zw60yw5y4,ARTSA,197.61919,50.0,197.61919,170.0,1.0,True,0.058691879777091685,0.058691879777091685,0.02934593776791348,0.02934593776791348,0.05869187553582696,-4.241264728310767e-09,False,True,0.058691879777091685,0.058691879777091685,0.02934593776791348,0.02934593776791348,0.05869187553582696,-4.241264728310767e-09,False,True
pool1tjr4zpndkvwkw3du3fvt59f5men6jhuevt7rpx6xw0wcct5kl04,SUGAR,552946.104662,60000.0,162716.780371,340.0,0.0,True,164.2561367313496,164.2561367313496,82.11955957486039,82.11955957486039,164.23911914972078,-0.017017581628834932,False,True,164.2561367313496,164.2561367313496,82.11955957486039,82.11955957486039,164.23911914972078,-0.017017581628834932,False,True
pool1tkexntwvhg0fqs2xnm7xg6ljqzjkpk0pl4nxxe3nf48ux8nucqy,ARTA,63031.264003,22000.0,19779.518614,340.0,0.0,False,0.0,0.0,0.0,0.0,0.0,0.0,False,False,0.0,0.0,0.0,0.0,0.0,0.0,False,False
pool1tkqjk8s3yqqyuspn4c44rjz7vgsu6kfxm4uvt89cejwryetpt6m,GAS1,1691.306956,80.0,97.236752,340.0,0.02,True,0.5023095148655776,0.5023095148655776,0.2511547203970533,0.2511547203970533,0.5023094407941066,-7.407147106786027e-08,False,True,0.5023095148655776,0.5023095148655776,0.2511547203970533,0.2511547203970533,0.5023094407941066,-7.407147106786027e-08,False,True
pool1tlgwdlde3v5aq3vlm7pk8l37tydmjjhucsf0g84xwjtwvwfsmhm,FIONE,254.696573,100.0,102.425793,345.0,0.02,True,0.07564357487268095,0.07564357487268095,0.037821782991726206,0.037821782991726206,0.07564356598345241,-8.889228533814908e-09,False,True,0.07564357487268095,0.07564357487268095,0.037821782991726206,0.037821782991726206,0.07564356598345241,-8.889228533814908e-09,False,True
pool1tll7ysfwe8cmsh7g336fh2qxf4jsxap5ssmhzrs9jpksg2g86zt,COMP,87.639078,0.0,87.639078,170.0,0.01,True,0.026028350214118482,0.026028350214118482,0.013014175107059241,0.013014175107059241,0.026028350214118482,0.0,False,False,0.026028350214118482,0.026028350214118482,0.013014175107059241,0.013014175107059241,0.026028350214118482,0.0,False,False
pool1tn7rcvc5lln8frln5n9rfd9cg8kcrj4vlm3ycdquyx5s2mlhmtk,,70024297.20705,0.0,0.0,340.0,0.05,True,20796.851961434557,1362.842598071728,10398.425980717278,842.921299035864,1685.842598071728,323.0,True,False,20796.851961434557,1201.342598071728,10398.425980717278,681.421299035864,1362.842598071728,161.5,True,False
pool1tngckke7m227384rvehwdm9t47zmhuy6w6t9cgnetc3ujlsnwj6,SERVE,10.0,1000.0,0.0,340.0,0.02,False,0.0,0.0,0.0,0.0,0.0,0.0,False,False,0.0,0.0,0.0,0.0,0.0,0.0,False,False
pool1tnl3yxmj8848vq6meduhz9n5520a7dwsh05r5gfyvlatj87k3jl,SPIDR,110798.893239,30000.0,88642.643654,170.0,0.01,True,32.9094820544963,32.9094820544963,16.454044041007545,16.454044041007545,32.90808808201509,-0.001393972481210426,False,True,32.9094820544963,32.9094820544963,16.454044041007545,16.454044041007545,32.90808808201509,-0.001393972481210426,False,True
pool1tnymyv08dl3k9wyfz040vq626542ztm60wwyu7szwl5l6x9h3vl,VCC,34529.24159,0.0,630.277285,340.0,0.0,True,10.255005110076869,10.255005110076869,5.1275025550384346,5.1275025550384346,10.255005110076869,0.0,False,False,10.255005110076869,10.255005110076869,5.1275025550384346,5.1275025550384346,10.255005110076869,0.0,False,False
pool1tp7fzx8w3lrwwuwff9x7nlqr4r5n0awpq0krwnahvj387n7y22h,mtma,7145570.179182,1.0,12570.985588,345.0,0.999,True,2122.1971758192435,2120.4231052126866,1061.0985858566223,1060.3837470813583,2120.7674941627165,0.34438895002995196,True,False,2122.1971758192435,2120.2509086867212,1061.0985858566223,1060.2115505553934,2120.423101110787,0.17219242406554258,True,False
pool1tpd9mcw6y5mx05gv9rgfkl6y0vsdswqs8qdexmf8vstkqk0snau,,1531.205348,0.0,2.324504,340.0,0.075,True,0.45476002209282906,0.45476002209282906,0.22738001104641453,0.22738001104641453,0.45476002209282906,0.0,False,False,0.45476002209282906,0.45476002209282906,0.22738001104641453,0.22738001104641453,0.45476002209282906,0.0,False,False
pool1tpr44v3pxth9j0ff246dvsryxpanxwx52f024ws3ecvn72sgv55,,51366354.131178,1000.0,13763.322397,170.0,0.0,True,15255.598969940555,174.0421004310508,7627.784726862105,171.9982709946884,343.9965419893768,169.95444155832598,True,False,15255.598969940555,89.06487569753668,7627.784726862105,87.02104626117426,174.04209252234853,84.97721682481185,True,False
pool1tpy5yawzpetcverves0h6xdycxgrstehfvrkygydt9jcqxwpw3j,MANA,15841129.141765,100000.0,104861.467281,170.0,0.0149,True,4706.544326889716,267.1770377489266,2352.8190231687277,216.75803239841224,433.5160647968245,166.3390270478979,True,False,4706.544326889716,183.99781753491888,2352.8190231687277,133.5788121844045,267.157624368809,83.15980683389014,True,False
pool1tqywsutw3wtgcvzrljdacgwmv5kfzm8f0ladml5frkckccd72gg,FBSD,172769.951176,5000.0,5348.20198,340.0,0.0314,True,51.31274075123086,51.31274075123086,25.656129340984034,25.656129340984034,51.31225868196807,-0.00048206926279448226,False,True,51.31274075123086,51.31274075123086,25.656129340984034,25.656129340984034,51.31225868196807,-0.00048206926279448226,False,True
pool1tr33ynaapce33pjc5ctvj7fju596gppsmqwna4smx0f2khnetjf,AARN,5.11069,100.0,5.11069,340.0,0.015,False,0.0,0.0,0.0,0.0,0.0,0.0,False,False,0.0,0.0,0.0,0.0,0.0,0.0,False,False
pool1trjvzzska2mnd8xjxvjz0kfart6cfsj232kk6ghrlnc7u2xyqx0,,118707.045047,100000.0,118707.045047,345.0,0.025,True,35.257542283920124,35.257542283920124,17.6282270695427,17.6282270695427,35.2564541390854,-0.001088144834724858,False,True,35.257542283920124,35.257542283920124,17.6282270695427,17.6282270695427,35.2564541390854,-0.001088144834724858,False,True
pool1trxkcm5vnaj07htsmlfgjpwxmljy70ucs8z2n2qy8mvgxr73qlv,,6959.450613,2000.0,4655.404011,340.0,0.01,True,2.06693202440229,2.06693202440229,1.0334631622386343,1.0334631622386343,2.0669263244772687,-5.69992502130745e-06,False,True,2.06693202440229,2.06693202440229,1.0334631622386343,1.0334631622386343,2.0669263244772687,-5.69992502130745e-06,False,True
pool1ttxsd0ls8w35mrluxa49v0vslt7a85pfusxxemxrkpasy27tkcx,KUCKO,3733.838513,2500.0,439.510085,340.0,0.0,False,0.0,0.0,0.0,0.0,0.0,0.0,False,False,0.0,0.0,0.0,0.0,0.0,0.0,False,False
pool1tuux2sctklrlzsh34w4gquz2wtundky30fvrn0qky5p7qr5n00d,,5.398685,100.0,5.398685,345.0,0.15,False,0.0,0.0,0.0,0.0,0.0,0.0,False,False,0.0,0.0,0.0,0.0,0.0,0.0,False,False
pool1tw2vq5vuxe5x8fse40ljx2mp53rdna9w0sktcq8ndr2nwj4ysgl,,7493.027773,8000.0,6807.441387,340.0,0.03,False,0.0,0.0,0.0,0.0,0.0,0.0,False,False,0.0,0.0,0.0,0.0,0.0,0.0,False,False
pool1twd9vvegn3fqq0f4n08p3aml2ud8q87njs49900rycj4sr5hhcy,AOAUS,2514534.628327,60000.0,65345.893674,340.0,0.01,True,746.973088112728,354.54008974831487,373.4441808726437,341.19487358169596,682.3897471633919,327.84965741507705,True,False,746.973088112728,190.61374751442457,373.4441808726437,177.26853134780566,354.5370626956113,163.92331518118675,True,False
pool1twu4rn366744tqq9g66ruy3rete6842z7nnm4vy0q5jaqd48867,HRBR,114381.601955,10000.0,30239.641679,340.0,0.01,True,33.97194046600102,33.97194046600102,16.985670269768374,16.985670269768374,33.97134053953675,-0.0005999264642753133,False,True,33.97194046600102,33.97194046600102,16.985670269768374,16.985670269768374,33.97134053953675,-0.0005999264642753133,False,True
pool1ty7lh3nvtwxlcpqg2x30fkr3j9ys6nprztr9m4zp3aajxyjk2vz,BEAVR,9556680.576304,145000.0,277582.387355,340.0,0.01,True,2839.8557550936093,436.883011967041,1419.5346693332351,381.83784207338437,763.6756841467687,326.79267217972773,True,False,2839.8557550936093,273.471436919496,1419.5346693332351,218.42626702583937,436.85253405167873,163.38109713218273,True,False
pool1tyfdyg85t50lj69ehgmg90e4xr6y42he6pt8pvmau8v5x46fy67,AMANT,1816.589374,500.0,507.624954,340.0,0.01,True,0.5395183496207527,0.5395183496207527,0.2697589856726576,0.2697589856726576,0.5395179713453152,-3.7827543752921855e-07,False,True,0.5395183496207527,0.5395183496207527,0.2697589856726576,0.2697589856726576,0.5395179713453152,-3.7827543752921855e-07,False,True
pool1u0mc9ywfxl529atxyajuz3pgqnwgnk6w7lejjmjg22ucvn7z9vh,NERD,8550543.241577,25000.0,25455.587639,340.0,0.04,True,2539.711884923579,434.27522920916283,1269.7946757317222,379.8491305942608,759.6982611885217,325.4230319793588,True,False,2539.711884923579,271.5610874506,1269.7946757317222,217.13498883569795,434.2699776713959,162.70889022079592,True,False
pool1u0u2s080a5plun4acn6s70xa3q98ct7skt88l7w6nnwwyl9ecym,VOLCY,542348.590189,78000.0,78378.299531,170.0,0.0,True,161.11638323351596,161.11638323351596,80.5477671088715,80.5477671088715,161.095534217743,-0.02084901577296705,False,True,161.11638323351596,96.00007042004827,80.5477671088715,80.5477671088715,161.095534217743,65.09546379769472,True,False
pool1u24fm2el64cd906xn9fjg8m8v6nra5zj5mpl0363un2jsyyuyup,,76.837286,220000.0,368.465617,340.0,0.01,False,0.0,0.0,0.0,0.0,0.0,0.0,False,False,0.0,0.0,0.0,0.0,0.0,0.0,False,False
pool1u283gl35gdj2l6c5cmg9crugf9aq7w6242pr88v6enr8u9q2vzj,,4557.490354,25000.0,149.184149,340.0,0.0,False,0.0,0.0,0.0,0.0,0.0,0.0,False,False,0.0,0.0,0.0,0.0,0.0,0.0,False,False
pool1u2d3guvld9rk0586lyhk2n8kvkzmem7czwdltgem0mgczqd3ygu,,56403.104253,145000.0,55994.905115,340.0,0.025,False,0.0,0.0,0.0,0.0,0.0,0.0,False,False,0.0,0.0,0.0,0.0,0.0,0.0,False,False
pool1u2fuz3fn5dfphf0cu0sewm4rnera445avenggle9sl4hy7rjzgv,,64072514.89011,0.0,0.0,340.0,0.05,True,19029.203578101362,1274.460178905068,9514.601789050681,798.730089452534,1597.460178905068,323.0,True,False,19029.203578101362,1112.960178905068,9514.601789050681,637.230089452534,1274.460178905068,161.5,True,False
pool1u2j98kgj8uj7zr7g3deuezfv7hzv3ercnetxd5c9ppjh23x20qg,TVRN,46808.931253,20000.0,22153.36525,340.0,0.005,True,13.902625530818792,13.902625530818792,6.951158611400921,6.951158611400921,13.902317222801843,-0.0003083080169492547,False,True,13.902625530818792,13.902625530818792,6.951158611400921,6.951158611400921,13.902317222801843,-0.0003083080169492547,False,True
pool1u2lghnv4ae3zy73ysjlgvxwj7tuqpmyfavk74j48g0gnqnyc692,ADEN,1448865.922468,100.0,5350.020419,340.0,0.0,True,430.3058075883572,340.333459367813,215.15286216948383,215.15286216948383,430.30572433896765,89.97226497115463,True,False,430.3058075883572,170.96119410649797,215.15286216948383,170.16672953020495,340.3334590604099,169.37226495391192,True,False
pool1u32s3ry3vjhqwhcrqz7p5u35cvzrx4tvdwydgvq6qm8720qrg0s,,650.526789,50000.0,0.0,340.0,0.2,False,0.0,0.0,0.0,0.0,0.0,0.0,False,False,0.0,0.0,0.0,0.0,0.0,0.0,False,False
pool1u3despkvw4sqeq2fv9ufrh5dxacf8vm0aax00elkdeelymg7f38,,406.961542,25000.0,0.0,340.0,0.01,False,0.0,0.0,0.0,0.0,0.0,0.0,False,False,0.0,0.0,0.0,0.0,0.0,0.0,False,False
pool1u3p6z3r2g5s7mazc0wmx8v0cyjjasusght53zm4kj436vs3u2th,,21250.00151,1.5,1459.824302,340.0,0.0125,True,6.311139929644245,6.311139929644245,3.1555699556647347,3.1555699556647347,6.3111399113294695,-1.831477547398208e-08,False,True,6.311139929644245,6.311139929644245,3.1555699556647347,3.1555699556647347,6.3111399113294695,-1.831477547398208e-08,False,True
pool1u3v7s93f2d968a8kce6zgfmckfx56ly626jkml6jv7tgweplrn8,,12096.963082,321000.0,476566.963538,340.0,0.02,True,3.4787970508453196,3.4787970508453196,1.767880727934646,1.767880727934646,3.535761455869292,0.056964405023972375,True,False,3.4787970508453196,3.4787970508453196,1.767880727934646,1.767880727934646,3.535761455869292,0.056964405023972375,True,False
pool1u4708qd88n0ux2capce6gz6zcjvtwfsfpdu28h6kkh5yskg9eck,,497.420337,10.0,497.420337,340.0,0.0,True,0.14773125780697932,0.14773125780697932,0.07386562750307796,0.07386562750307796,0.14773125500615591,-2.800823406534647e-09,False,True,0.14773125780697932,0.14773125780697932,0.07386562750307796,0.07386562750307796,0.14773125500615591,-2.800823406534647e-09,False,True
pool1u4sxd6x0qsy7evljt24vtnyhpxd098n609sfcmly6c096mr3jgq,SCAR,9069551.331735,5000.0,35578.862235,340.0,0.0199,True,2693.6616504300587,395.88728534229494,1346.8178022356951,363.9067130957278,727.8134261914556,331.9261408491607,True,False,2693.6616504300587,229.92390568934195,1346.8178022356951,197.9433334427748,395.8866668855496,165.96276119620762,True,False
pool1u4u6jpf2verwtq2wjcrdr9ktnhgjpa7ag9qnnkfgqtxj2rh9d68,FOX,2752.688285,2000.0,2001.628342,340.0,0.007,True,0.8175358296905502,0.8175358296905502,0.408767482273073,0.408767482273073,0.817534964546146,-8.651444041163359e-07,False,True,0.8175358296905502,0.8175358296905502,0.408767482273073,0.408767482273073,0.817534964546146,-8.651444041163359e-07,False,True
pool1u53apdhreh9fjmxtrctx3kezhjduc4m2f7cfd09yd7p6jkc6k2z,,197902.794041,60000.0,65527.8417,340.0,0.01,True,58.78561981230106,58.78561981230106,29.390428687755794,29.390428687755794,58.78085737551159,-0.004762436789469859,False,True,58.78561981230106,58.78561981230106,29.390428687755794,29.390428687755794,58.78085737551159,-0.004762436789469859,False,True
pool1u56s0gg8xn8uqyzefwd38napn8jmrjqaum446alm38sgj3248re,RXG,3361.294749,100.0,2.622798,340.0,0.02,False,0.0,0.0,0.0,0.0,0.0,0.0,False,False,0.0,0.0,0.0,0.0,0.0,0.0,False,False
pool1u60gvu8qr69z4vx9wuqelxfhcuvjuxuvxyj9edf8rkmns0405ny,,145471.448917,0.0,0.0,345.0,0.06,True,43.20426349723719,43.20426349723719,21.602131748618596,21.602131748618596,43.20426349723719,0.0,False,False,43.20426349723719,43.20426349723719,21.602131748618596,21.602131748618596,43.20426349723719,0.0,False,False
pool1u6etszaexv9v4lrf8r5xtjk2rc8wqq9waq9akrn7l5az6tm6u7m,NNKA,387.057472,29000.0,0.0,340.0,0.01,False,0.0,0.0,0.0,0.0,0.0,0.0,False,False,0.0,0.0,0.0,0.0,0.0,0.0,False,False
pool1u6kpt8hgqcm596kukj97ghefmxn8ks2cgwg8qqe0gtgscnufk5p,ATLAS,36726109.104534,500000.0,524290.151642,340.0,0.008,True,10928.41574289795,574.6548976571909,5458.952755918274,453.4435371842742,906.8870743685484,332.2321767113575,True,False,10928.41574289795,408.4223481965672,5458.952755918274,287.2109877236506,574.4219754473012,165.99962725073397,True,False
pool1u6rml05w6hpl3t3ft8zwng6quksexa97wsxgdpg5kj4f78hhv7h,,2.562761,25000.0,0.0,340.0,0.01,False,0.0,0.0,0.0,0.0,0.0,0.0,False,False,0.0,0.0,0.0,0.0,0.0,0.0,False,False
pool1u7mqtde27swkarngjsn5mmw3sy20zavlafgqkmg8qv2n2nwga0l,CFLOW,16253386.51452,100000.0,126261.515553,340.0,0.019,True,4829.030061298839,459.5012231265442,2414.0500228556316,395.21270991114113,790.4254198222823,330.9241966957381,True,False,4829.030061298839,294.0267459352808,2414.0500228556316,229.7382327198778,459.4764654397556,165.44971950447479,True,False
pool1u7s8etmnm0y0ktls7kkvx2apnep5ercy7wwyljgw407yjzjastq,,61.914723,103900.0,33166.110522,340.0,0.0,False,0.0,0.0,0.0,0.0,0.0,0.0,False,False,0.0,0.0,0.0,0.0,0.0,0.0,False,False
pool1u7zrgexnxsysctnnwljjjymr70he829fr5n3vefnv80guxr42dv,VILAI,956136.752741,61000.0,69057.845841,175.0,0.009,True,284.0304464237236,183.7852236828215,141.99951530306123,141.99951530306123,283.99903060612246,100.21380692330095,True,False,284.0304464237236,103.3356127939462,141.99951530306123,91.891346162906,183.782692325812,80.44707953186581,True,False
pool1u84yq2lvnay4p9kh4vx7nqfe6efzfehe5mvkw3hf4a89uhmpqgt,BLOKY,41809.45945,500.0,515.494565,170.0,0.0,True,12.417215675833061,12.417215675833061,6.208601903530845,6.208601903530845,12.41720380706169,-1.186877137193676e-05,False,True,12.417215675833061,12.417215675833061,6.208601903530845,6.208601903530845,12.41720380706169,-1.186877137193676e-05,False,True
pool1u8f87frd3k6cy9lp4uk5faj53wfzh8smxjdpt8ua45f0x8s5v58,FGMT7,18143370.712173,2e-06,9.820727,170.0,0.1,True,5388.486708646374,691.851213082438,2694.2433543231764,422.4255651329467,844.8511302658934,152.9999171834554,True,False,5388.486708646374,615.3512544907092,2694.2433543231764,345.9256065412179,691.8512130824358,76.49995859172668,True,False
pool1u8yequt4vq3jhajeegc02r3msnne6krayxuzrypaz8jkq5v5pux,HOSK,377392.97353,10000.0,10050.95492,340.0,0.02,True,112.08797250888844,112.08797250888844,56.04293048484788,56.04293048484788,112.08586096969576,-0.0021115391926826987,False,True,112.08797250888844,112.08797250888844,56.04293048484788,56.04293048484788,112.08586096969576,-0.0021115391926826987,False,True
pool1u99x2rr6trfznwakv0959llmxmtgc2nvanc067uugl3ejuvvnc8,WAV7,8894756.909538,5.0,115741.552125,340.0,0.01,True,2641.6965772990166,392.6679070764904,1320.848275871714,362.44397735098863,724.8879547019773,332.22004762548687,True,False,2641.6965772990166,226.55788297136274,1320.848275871714,196.333953245861,392.667906491722,166.11002352035928,True,False
pool1u9vgtxyupd36czsdvh3h9zr8eakdqesug8j6k2nw7nszy97z4m0,,177.788132,100.0,144.47262,340.0,0.0,True,0.05280215918158803,0.05280215918158803,0.02640107735584684,0.02640107735584684,0.05280215471169368,-4.4698943504895006e-09,False,True,0.05280215918158803,0.05280215918158803,0.02640107735584684,0.02640107735584684,0.05280215471169368,-4.4698943504895006e-09,False,True
pool1ua0lx5ap5tj9f5l7tyjflp766ca5yu93djh5hqvm4e0kjgw5k7v,1PCT6,2118607.181283,50000.0,59755.155963,340.0,0.01,True,629.3342557192335,350.9723869366306,314.63738175453204,314.63738175453204,629.2747635090641,278.3023765724335,True,False,629.3342557192335,187.41927575935355,314.63738175453204,175.4850654104777,350.9701308209554,163.55085506160182,True,False
pool1ua5exfeju4jc95yy595cykjh4x46998g8hrrvw2v5h9k7987a44,UPBIT,31824484.089711,200000.0,31407058.858093,340.0,1.0,True,9458.993919902758,9458.993919902758,4727.672672279384,4727.672672279384,9455.345344558767,-3.64857534399016,False,True,9458.993919902758,9458.993919902758,4727.672672279384,4727.672672279384,9455.345344558767,-3.64857534399016,False,True
pool1ucmm6rgdta0sw4qrcj3vml4wsr8pld495pptuypxg2uuvvlqest,READY,20559.133742,2650.0,3501.705624,340.0,0.0,True,6.1060103045479845,6.1060103045479845,3.052991515927915,3.052991515927915,6.10598303185583,-2.727269215441197e-05,False,True,6.1060103045479845,6.1060103045479845,3.052991515927915,3.052991515927915,6.10598303185583,-2.727269215441197e-05,False,True
pool1uda4kkzqn52fuyrwuchjxykdly8vj46yv3rc2h4zp9raunz4sgl,,97.624734,100.0,97.624734,345.0,0.2,False,0.0,0.0,0.0,0.0,0.0,0.0,False,False,0.0,0.0,0.0,0.0,0.0,0.0,False,False
pool1udkx9rmgzf08z7zz4p7ykpdqsdv5nf0w8uf38wrsdn5dzk9nq4g,JOY2,6184702.246889,100.0,6646.831095,340.0,0.0,True,1836.825101498861,341.6086697841313,918.4123730587648,340.6216320840528,681.2432641681056,339.63459438397433,True,False,1836.825101498861,171.79137240117618,918.4123730587648,170.8043347010977,341.6086694021954,169.81729700101923,True,False
pool1udr30lxsqa799lyl9haxf0wzg8qsz3xaf2gtpqf4n2s064jrvsj,,59713.215367,10000.0,100.177788,250.0,0.02,False,0.0,0.0,0.0,0.0,0.0,0.0,False,False,0.0,0.0,0.0,0.0,0.0,0.0,False,False
pool1udt98825znk9uslz4v05gh5cd3s5e4g0cd9c4gzhcfpd2j2xm2u,ZORBA,106221.065355,30000.0,33920.108104,340.0,0.0,True,31.549733097379654,31.549733097379654,15.774209043138097,15.774209043138097,31.548418086276193,-0.0013150111034612166,False,True,31.549733097379654,31.549733097379654,15.774209043138097,15.774209043138097,31.548418086276193,-0.0013150111034612166,False,True
pool1udv42vs52wg34268zkfsgtrzuvyskphfavaf3n8tmf4tugm7et0,DANK,536.842986,10000.0,28529.146589,340.0,0.01,True,0.15933081995286547,0.15933081995286547,0.07969259835316522,0.07969259835316522,0.15938519670633045,5.437675346497972e-05,True,False,0.15933081995286547,0.15933081995286547,0.07969259835316522,0.07969259835316522,0.15938519670633045,5.437675346497972e-05,True,False
pool1ue4ngerz28nkpstsr5p53qvl5ulq3jtmllj4my0d0n28yyrn4l4,STP,11288544.365133,50000.0,109940.830619,340.0,0.01,True,3353.285156007581,399.1862203209717,1676.480973348775,366.2508369596894,732.5016739193788,333.31545359840715,True,False,3353.285156007581,232.5253193221085,1676.480973348775,199.5899359608262,399.1798719216524,166.65455259954393,True,False
pool1ufh42ppqnet625mqql2fkc79p3emuqsnmf6s6ugxygqa75xgc8c,NEMO,55.519595,50000.0,1.247066,340.0,0.0,False,0.0,0.0,0.0,0.0,0.0,0.0,False,False,0.0,0.0,0.0,0.0,0.0,0.0,False,False
pool1ufp38a9zwlvvrzcyxaxdrvav50nd7az5lyuzh4t0h3qp2gqamsx,CAFE2,15066761.382437,100000.0,107960.366345,340.0,0.01,True,4476.472022614868,410.7080723484786,2237.8051625017906,372.44072339903425,744.8814467980685,334.1733744495899,True,False,4476.472022614868,243.61402027548587,2237.8051625017906,205.34667132604156,410.6933426520831,167.07932237659725,True,False
pool1ugwj76z4cx6sywscud8ntd2m9tg3gyesmnnl35qr2l5mu06pe3x,JDFR,5897.241761,5000.0,5895.099116,340.0,0.0,True,1.751455279903217,1.751455279903217,0.8757263501956766,0.8757263501956766,1.7514527003913531,-2.579511863887163e-06,False,True,1.751455279903217,1.751455279903217,0.8757263501956766,0.8757263501956766,1.7514527003913531,-2.579511863887163e-06,False,True
pool1uhdcmcn36vq8kk3207tqjwp90t0nwr49pc498wh5vxmgqyr78d5,,470.150759,0.0,0.0,170.0,0.0,True,0.13963232941229275,0.13963232941229275,0.06981616470614638,0.06981616470614638,0.13963232941229275,0.0,False,False,0.13963232941229275,0.13963232941229275,0.06981616470614638,0.06981616470614638,0.13963232941229275,0.0,False,False
pool1uhy50u9y76nd6z2xmzt3mta0yc7g3gdssef8lheyyg7zzymgzm8,NUFIA,12741425.607298,1000.0,1005.635623,340.0,0.03,True,3784.1517587462545,443.58823242839776,1892.0722188400173,386.68099114464826,773.3619822892965,329.77374986089876,True,False,3784.1517587462545,278.7012474017095,1892.0722188400173,221.79400611796004,443.5880122359201,164.88676483421057,True,False
pool1uj4u73qgtprqre78q75fq2vkcrpfrcdreqcqkvn6u0m2k6nk2yp,EVE1,51994032.87765,1000.0,1496.884303,400.0,0.04,True,15442.017013440378,1002.0964111818917,7720.993568269624,693.0420800483244,1386.0841600966487,383.98774891475705,True,False,15442.017013440378,810.1019387736224,7720.993568269624,501.047607640055,1002.09521528011,191.99327650648763,True,False
pool1ujcu3myfg9wwvdyh2ks653954lamtufy3lefjs73jrr327q53j4,PUDIM,13878042.745164,50000.0,116701.449807,340.0,0.04,True,4122.501596879554,521.8350961722025,2061.0519582514535,422.73562887697983,845.4712577539597,323.63616158175716,True,False,4122.501596879554,360.0074565949385,2061.0519582514535,260.9079892997159,521.8159785994318,161.80852200449328,True,False
pool1ujpy2536jz3x9gje5d5vuadzcpadl7pwrcsgq4laestu7mrs9hp,,444.287597,435.0,444.287597,345.0,0.05,True,0.13195110949852926,0.13195110949852926,0.06597555358803146,0.06597555358803146,0.13195110717606293,-2.3224663303622606e-09,False,True,0.13195110949852926,0.13195110949852926,0.06597555358803146,0.06597555358803146,0.13195110717606293,-2.3224663303622606e-09,False,True
pool1uk2f28awascuhrhuwrp7x6y87x8ch33vwx8jtmrysp7l5ngq78j,POWER,14028501.010174,135000.0,143675.786785,340.0,0.0097,True,4168.551151956193,415.96749682571783,2083.735268049153,374.5998259348663,749.1996518697326,333.2321550440148,True,False,4168.551151956193,249.3406983183434,2083.735268049153,207.9730274274919,415.9460548549838,166.6053565366404,True,False
pool1ukeqarukv9gxwy9pt8jkr4qvad2yf87758g3xzemmvmtk8lrynp,CRDN1,33906911.04602,100000.0,101745.898289,340.0,0.02,True,10074.066439181379,563.3065640893385,5036.060025581319,447.73103261847535,895.4620652369507,332.1555011476122,True,False,10074.066439181379,397.2064877371146,5036.060025581319,281.6309562662515,563.261912532503,166.05542479538832,True,False
pool1ulx9ennungrtcucslrpz93cze5fddlg96h0wwj83p6fpsrvgz2v,GENKI,727029.999121,253467.828509,371459.14976,340.0,0.02,True,216.06276654358487,216.06276654358487,107.99663690840029,107.99663690840029,215.99327381680058,-0.06949272678428997,False,True,216.06276654358487,193.985265611368,107.99663690840029,107.99663690840029,215.99327381680058,22.00800820543259,True,False
pool1umflj8hjq873fs9r6aq2zvgs88zrs5xjswn2znkdaehlz2eqy59,BANC,334748.405136,2000.0,38987.332604,340.0,0.0115,True,99.41929959784694,99.41929959784694,49.709458587037915,49.709458587037915,99.41891717407583,-0.00038242377111430415,False,True,99.41929959784694,99.41929959784694,49.709458587037915,49.709458587037915,99.41891717407583,-0.00038242377111430415,False,True
pool1umukx8qjyjuatw0zznvhc7ma06wl6pdc2ly50d7uv3svkkefjml,FGMTO,32120420.391006,2e-06,9.820727,170.0,0.1,True,9539.597746131278,1106.9623528681568,4769.79887306562,629.9811530444194,1259.962306088839,152.99995322068207,True,False,9539.597746131278,1030.462376257814,4769.79887306562,553.4811764340766,1106.9623528681532,76.49997661033922,True,False
pool1up53z2kadt6l5xs359ckx477rpyvyg3favh25qrhqt2ujclpq3h,,52608740.01599,10000.0,19042.538922,340.0,0.01,True,15625.126647524887,498.3286252341638,7812.412172640431,417.4018281797337,834.8036563594674,336.4750311253036,True,False,15625.126647524887,330.08954399594364,7812.412172640431,249.16274694151357,498.32549388302715,168.2359498870835,True,False
pool1upa4pa4qmcgaps4uactx9eas44rfwk9h0rxgua3l4xnf6wevfkt,FMS,1375662.616151,26000.0,32764.369716,170.0,0.0,True,408.6049821066013,175.68289183556772,204.29240379393704,170.81674749547136,341.6334949909427,165.950603155375,True,False,408.6049821066013,92.70735000806073,204.29240379393704,87.84120566796437,175.68241133592875,82.97506132786802,True,False
pool1upx7l0yrsxt4l94t5xfckahj6m7pt5dpmnx6u60sjxmn5p5mezs,TEN,368103.498898,88.0,4096.879391,170.0,0.0,True,109.32486129272799,109.32486129272799,54.6624213416823,54.6624213416823,109.3248426833646,-1.860936339426189e-05,False,True,109.32486129272799,85.27072826859145,54.6624213416823,54.6624213416823,109.3248426833646,24.05411441477314,True,False
pool1uq8l234306m76unyz8kuwnkvmtvazaks6vuvyx3a3khngavvcw0,PLTUS,4706382.135097,1500000.0,1501685.646834,500.0,0.01,True,1403.4553510768671,794.4212550959655,700.2869683700924,565.2702322661559,1130.5404645323117,336.1192094363462,True,False,1403.4553510768671,625.8921475825261,700.2869683700924,396.7411247527166,793.4822495054332,167.59010192290702,True,False
pool1ur2y44cgsyf9l40y4xdc7w3cwy88vgmj95deatatzqnqqhrfp7f,BNP,4577.375197,2.0,17.639298,345.0,0.06,True,1.359456629730708,1.359456629730708,0.6797283122362442,0.6797283122362442,1.3594566244724884,-5.258219637482853e-09,False,True,1.359456629730708,1.359456629730708,0.6797283122362442,0.6797283122362442,1.3594566244724884,-5.258219637482853e-09,False,True
pool1ura3w5x8uy7mgzu0pd4kskap4hynt9zymt30h5macll4kuxpqnv,,1.0,5000.0,0.0,340.0,0.01,False,0.0,0.0,0.0,0.0,0.0,0.0,False,False,0.0,0.0,0.0,0.0,0.0,0.0,False,False
pool1urgvu6zk422j4xwtxa45lzpd6dm25msfthpkezr042secrtuwzc,CCV1,31523312.763338,500.0,503.143007,340.0,0.03,True,9362.278001039449,610.8080243097359,4681.134472053134,470.3012442649358,940.6024885298716,329.79446422013575,True,False,9362.278001039449,445.91065627556,4681.134472053134,305.4038762307598,610.8077524615196,164.89709618595964,True,False
pool1us8dkk3y8j00qq5kscxxklyzwt74jgav226s2rtgaqxek7h8vc8,SWARM,183558.385369,2500.0,2676.678808,170.0,0.04,True,54.516405689391455,54.516405689391455,27.258072788230013,27.258072788230013,54.516145576460026,-0.00026011293142857994,False,True,54.516405689391455,54.516405689391455,27.258072788230013,27.258072788230013,54.516145576460026,-0.00026011293142857994,False,True
pool1usumnw5klscs76ycpmkgf5re5v8pul462g5mmzc0knxs5u04kag,ADAC,3111.060806,100.0,104.490348,340.0,0.06,True,0.9239692197927591,0.9239692197927591,0.4619845233851681,0.4619845233851681,0.9239690467703362,-1.7302242294459091e-07,False,True,0.9239692197927591,0.9239692197927591,0.4619845233851681,0.4619845233851681,0.9239690467703362,-1.7302242294459091e-07,False,True
pool1ut39vczq4h03vpzfcn7ssxa04qzkyj8nxu4nq4rfv0nsxz39c5y,TOBA,267533.107972,100000.0,100025.187409,340.0,0.01,True,79.47523448616585,79.47523448616585,39.73278896364713,39.73278896364713,79.46557792729426,-0.009656558871583343,False,True,79.47523448616585,79.47523448616585,39.73278896364713,39.73278896364713,79.46557792729426,-0.009656558871583343,False,True
pool1uthdnav2zc2hxpg2hyeyy545lnxtl8lqdcdqxjm0j8t5srmyvzj,ADAST,38225422.578837,1000000.0,1142213.705034,345.0,0.05,True,11396.099341147998,1211.261931114165,5687.141913951823,763.7541915793781,1527.5083831587563,316.24645204459125,True,False,11396.099341147998,1052.2836793587765,5687.141913951823,604.7759398239895,1209.551879647979,157.26820028920247,True,False
pool1utqhj9g53a5cwg7tyd8neky7jvjlgzuf470adc0e69cp5uuquzx,ZW3RK,1833722.529276,75000.0,161818.076983,340.0,0.01,True,544.757793963972,359.93587718784556,272.34094214165657,272.34094214165657,544.6818842833131,184.74600709546758,True,False,544.757793963972,206.48762379696396,272.34094214165657,179.9642431886303,359.9284863772606,153.44086258029662,True,False
pool1uu35qfkmjyxwpm3pgptfgr0qga9j2fzkc0tsjplcx840x295xj9,CHEAP,762528.649301,0.0,299.897865,340.0,0.0,True,226.467041703761,226.467041703761,113.2335208518805,113.2335208518805,226.467041703761,0.0,False,False,226.467041703761,170.0222081429535,113.2335208518805,113.2335208518805,226.467041703761,56.444833560807496,True,False
pool1uu5ve3qdv7zxpmger77u0kw7pm8l4apmgr5xy6wspceayl05vsd,COOLP,5.62425,1.0,5.62425,340.0,1.0,True,0.0016703729945390798,0.0016703729945390798,0.0008351864959409427,0.0008351864959409427,0.0016703729918818855,-2.657194343030911e-12,False,True,0.0016703729945390798,0.0016703729945390798,0.0008351864959409427,0.0008351864959409427,0.0016703729918818855,-2.657194343030911e-12,False,True
pool1uu65k00dp467qsszmqwl6udwnet3zszgx8n3kmn2aq84sae8ha9,NVL,2691289.941819,0.0,1368.524905,170.0,0.9999,True,799.2991109901851,799.2362130790387,399.64955549509256,399.62660221725685,799.2532044345137,0.016991355474942793,True,False,799.2991109901851,799.2277174013013,399.64955549509256,399.6181065395194,799.2362130790387,0.008495677737414553,True,False
pool1uup47u5lmet469pmaym077hvewcp30larj9ugap8580uya3rtuw,MPN,847.675252,100.0,820.025746,340.0,0.15,True,0.2517552256470628,0.2517552256470628,0.1258775913419644,0.1258775913419644,0.2517551826839288,-4.296313399487772e-08,False,True,0.2517552256470628,0.2517552256470628,0.1258775913419644,0.1258775913419644,0.2517551826839288,-4.296313399487772e-08,False,True
pool1uvv7r2zul9m2hm6jd56dygee9ddr7jnen5ysfy5z3xvez3m823z,F0RE,921.763342,100.0,904.187162,340.0,0.01,True,0.27375901144021264,0.27375901144021264,0.1368794821099041,0.1368794821099041,0.2737589642198082,-4.722040441995645e-08,False,True,0.27375901144021264,0.27375901144021264,0.1368794821099041,0.1368794821099041,0.2737589642198082,-4.722040441995645e-08,False,True
pool1uwk437q9npu9yhsj5r3qdnkq6r47wvyfzjp0c52932esg5rgnkx,,123.055182,100.0,107.413297,340.0,0.03,True,0.036546751495586394,0.036546751495586394,0.018273375085386002,0.018273375085386002,0.036546750170772004,-1.3248143901356535e-09,False,True,0.036546751495586394,0.036546751495586394,0.018273375085386002,0.018273375085386002,0.036546750170772004,-1.3248143901356535e-09,False,True
pool1ux4es4p8kfq3u4nax564ukcte2vzepsz68dkgg24k7l7xh5786v,XC0DE,12620.343464,2300.0,4229.914009,340.0,0.02,True,3.748203630428981,3.748203630428981,1.874094995006497,1.874094995006497,3.748189990012994,-1.3640415987392629e-05,False,True,3.748203630428981,3.748203630428981,1.874094995006497,1.874094995006497,3.748189990012994,-1.3640415987392629e-05,False,True
pool1uy2z02pn4lczk7p2plvnkzrmltxmqs2t04d9ghx5t0vw6e4t0qn,AMSNL,3396168.69671,100000.0,100017.267639,170.0,0.02,True,1009.0237474070834,210.99556341696857,504.41698241844733,186.33995778166573,372.67991556333146,161.6843521463629,True,False,1009.0237474070834,130.14875085798104,504.41698241844733,105.49314522267822,210.98629044535645,80.8375395873754,True,False
pool1uyfg8ysc2fpmx8aclq3u06xx5u9rete5kq68aysfdvxj5a5wcza,,691.302336,100000.0,2.477542,340.0,0.02,False,0.0,0.0,0.0,0.0,0.0,0.0,False,False,0.0,0.0,0.0,0.0,0.0,0.0,False,False
pool1uyvyxt9k9g038h567x8halej4x87j7m4r4zyz9lhv4dcv83husk,BLOOM,13071411.902165,1000000.0,1000001.0,340.0,0.04,True,3896.2080845548057,743.4261671135894,1944.56313282844,522.0261186009276,1044.0522372018552,300.6260700882658,True,False,3896.2080845548057,592.7114414222483,1944.56313282844,371.31139290958663,742.6227858191733,149.91134439692496,True,False
pool1uzla0r73fvpnvxr07m98nfzlxcv3q26mkjz00cqjfh7uqsyjkju,1PCT1,9856302.468277,50000.0,60227.480889,340.0,0.01,True,2927.834411236655,381.53331823352494,1463.77619579792,358.03598953652937,716.0719790730587,334.5386608395338,True,False,2927.834411236655,214.26172468373713,1463.77619579792,190.76439598674162,381.52879197348324,167.2670672897461,True,False
pool1v2dq9rex477rxqh7f8wwyprtc0qvxr3vvysvep7nj2qu68zdfaf,,178.25985,0.0,7.425441,340.0,0.02,True,0.05294224803364806,0.05294224803364806,0.02647112401682403,0.02647112401682403,0.05294224803364806,0.0,False,False,0.05294224803364806,0.05294224803364806,0.02647112401682403,0.02647112401682403,0.05294224803364806,0.0,False,False
pool1v2u8x73efaa7vlc342jdd4pdvdp9vmmgacc97tty6cljxrtxpse,STL,258.64386,50000.0,0.0,340.0,0.035,False,0.0,0.0,0.0,0.0,0.0,0.0,False,False,0.0,0.0,0.0,0.0,0.0,0.0,False,False
pool1v3avy78l7gvaemvgfmhsltydscukfew7kx3uz3sqx499wns07qz,,2920.736444,1000.0,0.0,340.0,0.0,False,0.0,0.0,0.0,0.0,0.0,0.0,False,False,0.0,0.0,0.0,0.0,0.0,0.0,False,False
pool1v3rzrj25ak30dhuyrupkxeddttetxzh4cz9ccpjlfxuh6d85d58,XRX,46097.033216,10000.0,13014.029022,340.0,0.0,True,13.690993951377024,13.690993951377024,6.845393239377371,6.845393239377371,13.690786478754742,-0.0002074726222822676,False,True,13.690993951377024,13.690993951377024,6.845393239377371,6.845393239377371,13.690786478754742,-0.0002074726222822676,False,True
pool1v46kmtavsty57aql824069j2p6wxpcpk3j25veqauu54kynydty,JIFF,1032.235168,1000.0,1032.235168,340.0,0.02,True,0.30656851164107696,0.30656851164107696,0.1532842465532875,0.1532842465532875,0.306568493106575,-1.8534501933231695e-08,False,True,0.30656851164107696,0.30656851164107696,0.1532842465532875,0.1532842465532875,0.306568493106575,-1.8534501933231695e-08,False,True
pool1v46s6ak79m3mlv65pjh7ypvsp7n6cc62a723dpwmhtn8uy4pld5,,22.420601,10.0,22.420601,340.0,0.01,True,0.0066588019941158745,0.0066588019941158745,0.0033294009613721925,0.0033294009613721925,0.006658801922744385,-7.137148944763583e-11,False,True,0.0066588019941158745,0.0066588019941158745,0.0033294009613721925,0.0033294009613721925,0.006658801922744385,-7.137148944763583e-11,False,True
pool1v4xevkf7fx08pzy7atsk59dds6p0sdyl6xmhwf4mh79x6l5p6kx,DIVY,2515579.549609,1000.0,1829.949321,340.0,0.02,True,747.1169285573949,348.4325712056734,373.557741798771,340.6950780657107,681.3901561314213,332.95758492574794,True,False,747.1169285573949,181.95376377814685,373.557741798771,174.21627063818406,348.4325412763681,166.47877749822126,True,False
pool1v5g4rmkk0394q6swgfusgzjjzrv9ajy8qntgpuumegka5xhpgam,COFFR,428416.780953,250000.0,260908.569108,340.0,0.01,True,127.28921304932248,127.28921304932248,63.63164241210722,63.63164241210722,127.26328482421444,-0.025928225108046377,False,True,127.28921304932248,127.28921304932248,63.63164241210722,63.63164241210722,127.26328482421444,-0.025928225108046377,False,True
pool1v5jj7xumvk4engwvqrxt0kfhpdkucqvydmmlwwq2x76hz99affw,,1008.64031,1000.0,1008.64031,340.0,0.03,True,0.29956093445332155,0.29956093445332155,0.14978046473859924,0.14978046473859924,0.2995609294771985,-4.976123069155847e-09,False,True,0.29956093445332155,0.29956093445332155,0.14978046473859924,0.14978046473859924,0.2995609294771985,-4.976123069155847e-09,False,True
pool1v5u6wzakuc25q3zpx04t8gjz3rgu60wuxkv2mh5nga23xjkc86s,MOKSH,39311590.038023,200000.0,518451.136275,340.0,0.0,True,11684.35077481278,489.61215111917784,5839.91920961774,412.53431776453317,825.0686355290663,335.4564844098885,True,False,11684.35077481278,321.85415387412877,5839.91920961774,244.77632051948413,489.55264103896826,167.6984871648395,True,False
pool1v62c7d92xv6gyh4x9rhfpkwzlpw2ypxk92xvzavakg3xypatklv,KILN2,76234522.235364,100.0,3171.688182,340.0,0.03,True,22641.265246670795,1009.9379522795026,11320.630433033632,669.8620497840461,1339.7240995680922,329.78614728858963,True,False,22641.265246670795,845.0448128377625,11320.630433033632,504.968910342306,1009.937820684612,164.8930078468495,True,False
pool1v6mdg9xm9a80js00zx53c6nagcw5m0m970nm4my4pkrlyxq707e,,35047.870439,10.0,32.940795,340.0,0.0,True,10.40903558267704,10.40903558267704,5.204517690670904,5.204517690670904,10.409035381341807,-2.013352329299778e-07,False,True,10.40903558267704,10.40903558267704,5.204517690670904,5.204517690670904,10.409035381341807,-2.013352329299778e-07,False,True
pool1v6p29tne9m7773lw2da65qn3e58r64np0k5fj8sxns82g85j03g,,76830164.711537,76800000.0,76886310.951384,340.0,1.0,True,29538.328019146047,29538.328019146047,12249.43350243981,12249.43350243981,24498.86700487962,-5039.461014266428,False,True,29538.328019146047,29538.328019146047,12249.43350243981,12249.43350243981,24498.86700487962,-5039.461014266428,False,True
pool1v6xpvq7argftng40s80804eyf4m7as45292las40jw0nxte295m,,163.755733,100.0,106.0,340.0,0.03,True,0.04863460807101128,0.04863460807101128,0.02431730220372527,0.02431730220372527,0.04863460440745054,-3.6635607464363673e-09,False,True,0.04863460807101128,0.04863460807101128,0.02431730220372527,0.02431730220372527,0.04863460440745054,-3.6635607464363673e-09,False,True
pool1v7q3xsa9u4ezatnsunuyw8646fc3fsvjju9a5x3835d6uf09pe8,MAX,845.859599,10000.0,1.822839,340.0,0.005,False,0.0,0.0,0.0,0.0,0.0,0.0,False,False,0.0,0.0,0.0,0.0,0.0,0.0,False,False
pool1v7v9248nczqdplztgn7fwf4x4sd59utl0rx4uj7wewslxruwplu,,119.116223,1000.0,117.425837,340.0,0.01,False,0.0,0.0,0.0,0.0,0.0,0.0,False,False,0.0,0.0,0.0,0.0,0.0,0.0,False,False
pool1v8cx78z8fqu4438vcmg20qlp4qujks8mrrlrcer6aa4f6eg9u2k,,9665.378771,5000.0,4848.608146,340.0,0.03,False,0.0,0.0,0.0,0.0,0.0,0.0,False,False,0.0,0.0,0.0,0.0,0.0,0.0,False,False
pool1v8gvy6tjp8x8wg5h4jw20p9up04lxgw0l0lgery9mz4h7h9x25n,300,152738.903051,1.0,11.061305,170.0,0.0,True,45.3626597408438,45.3626597408438,22.68132982653865,22.68132982653865,45.3626596530773,-8.77665016218998e-08,False,True,45.3626597408438,45.3626597408438,22.68132982653865,22.68132982653865,45.3626596530773,-8.77665016218998e-08,False,True
pool1v8h0h94vgnl54qx3jn0l0p3dya4tpjwcqqwmy0l74g0jxeavcwq,LNS,722.02578,100.0,151.623414,340.0,0.02,True,0.21443797172797296,0.21443797172797296,0.10721896799247191,0.10721896799247191,0.21443793598494382,-3.574302914755023e-08,False,True,0.21443797172797296,0.21443797172797296,0.10721896799247191,0.10721896799247191,0.21443793598494382,-3.574302914755023e-08,False,True
pool1v8pu7txqydjmfhusgrfzvan4pragec3wu066cfmq2xpuvm2m8r5,TITOK,1044.861494,1001.0,1010.405929,340.0,0.029,True,0.3103184781853393,0.3103184781853393,0.15515922647236557,0.15515922647236557,0.31031845294473115,-2.5240608159116107e-08,False,True,0.3103184781853393,0.3103184781853393,0.15515922647236557,0.15515922647236557,0.31031845294473115,-2.5240608159116107e-08,False,True
pool1v8q93vtkf4vqqqus6ts772w8dr9h5tz99lnylfj40x3p7cutxx4,,43936.647817,11500.0,13281.657651,300.0,0.0,True,13.049384594983767,13.049384594983767,6.52458509208835,6.52458509208835,13.0491701841767,-0.0002144108070663009,False,True,13.049384594983767,13.049384594983767,6.52458509208835,6.52458509208835,13.0491701841767,-0.0002144108070663009,False,True
pool1v96277f457qtwhuq3ma9yjlacq4mjw9h4j3jfy5rjgjru5lyxea,FGMT8,63907371.522222,2e-06,9.820727,170.0,0.1,True,18980.15685701519,2051.0182872241576,9490.078428507559,1102.0091318562231,2204.0182637124462,152.99997648828867,True,False,18980.15685701519,1974.51829898001,9490.078428507559,1025.5091436120751,2051.0182872241503,76.49998824414024,True,False
pool1v9z04yz8cs2dvnmvfp2fmuhfvs8w784x6w6r8ah9xanugdzlmg0,GOOD4,4429.041063,4039.0,4041.788331,340.0,0.003,True,1.3154039647020555,1.3154039647020555,0.6577015293268351,0.6577015293268351,1.3154030586536702,-9.060483852074697e-07,False,True,1.3154039647020555,1.3154039647020555,0.6577015293268351,0.6577015293268351,1.3154030586536702,-9.060483852074697e-07,False,True
pool1va0dv0map5dqhaj8pyc3rg0500drqs0m5smcxme6xghnc7ygmw8,NEIGH,491.315198,100.0,488.441878,340.0,1.0,True,0.14591810265669664,0.14591810265669664,0.07295904008541149,0.07295904008541149,0.14591808017082297,-2.248587366304733e-08,False,True,0.14591810265669664,0.14591810265669664,0.07295904008541149,0.07295904008541149,0.14591808017082297,-2.248587366304733e-08,False,True
pool1vafsg5t78rnx3qr3fv7ys9h50pnvxqhd4l8tj629l5zk7tc39ch,SKY2,3040140.25858,10.0,30479.941107,340.0,0.0216,True,902.9058750748014,357.6804659004014,451.4529288027755,343.5006557835899,687.0013115671798,329.3208456667784,True,False,902.9058750748014,193.02004279266396,451.4529288027755,178.84023267585246,357.6804653517049,164.66042255904097,True,False
pool1van29pcguetr6gwnyfwd2g4f68rt3vkgtvu9wjdj0xwpylngsdk,,107.224476,100.0,107.224476,340.0,0.04,True,0.03184511235522884,0.03184511235522884,0.01592255597004144,0.01592255597004144,0.03184511194008288,-4.1514595927605313e-10,False,True,0.03184511235522884,0.03184511235522884,0.01592255597004144,0.01592255597004144,0.03184511194008288,-4.1514595927605313e-10,False,True
pool1vc8jhqtwjrjwsfk6a0enx47hd2ufg98c34ta6lvl0zv0uhpech9,MDS,1485393.826403,50000.0,135705.730439,170.0,0.0,True,441.236774404121,194.78021918373253,220.59774634961786,174.62261523165859,349.24523046331717,154.46501127958464,True,False,441.236774404121,117.54582779357031,220.59774634961786,97.38822384149636,194.7764476829927,77.2306198894224,True,False
pool1vc8jp7uagxgh8trzx7r260ndcydz89ges8sws05cyv7jj8q8gqs,OCEA3,38081709.748216,15000.0,15099.617518,500.0,0.039,True,11310.726016660621,925.7376557636705,5655.1989060291535,703.0171048517832,1406.0342097035664,480.29655393989583,True,False,11310.726016660621,685.5829162741015,5655.1989060291535,462.86236536221423,925.7247307244285,240.14181445032693,True,False
pool1vcc9lngr8g2j8xh0kgy84nne026adr5zmvwagkda99spy23993l,HIGER,1500.600798,1500.0,1500.600798,340.0,0.01,True,0.4456706310520896,0.4456706310520896,0.2228353152483525,0.2228353152483525,0.445670630496705,-5.553845716654848e-10,False,True,0.4456706310520896,0.4456706310520896,0.2228353152483525,0.2228353152483525,0.445670630496705,-5.553845716654848e-10,False,True
pool1vce30junxx06g2ha8ww02cqgy644yj69ehhg2x95qe7323zfznp,ISPJ,216988.979382,168.0,531.912961,340.0,0.0,True,64.4446398299152,64.4446398299152,32.22230944936087,32.22230944936087,64.44461889872174,-2.093119346113781e-05,False,True,64.4446398299152,64.4446398299152,32.22230944936087,32.22230944936087,64.44461889872174,-2.093119346113781e-05,False,True
pool1vcmqgcykx4k3ngj2upkyhu424dsn85ansepz2xmdxg4mqw7w6ac,,6269.245707,100.0,120.425837,345.0,0.04,True,1.8619340675404092,1.8619340675404092,0.9309668565207444,0.9309668565207444,1.8619337130414888,-3.544989204407045e-07,False,True,1.8619340675404092,1.8619340675404092,0.9309668565207444,0.9309668565207444,1.8619337130414888,-3.544989204407045e-07,False,True
pool1vcwsfldh4gkzga4mc6p86y0vytkqfm9e2dy44hs00v34yeqnfaf,FVG,70076988.919915,0.0,0.0,340.0,0.05,True,20812.50112602107,1363.6250563010535,10406.250563010535,843.3125281505268,1686.6250563010535,323.0,True,False,20812.50112602107,1202.1250563010535,10406.250563010535,681.8125281505268,1363.6250563010535,161.5,True,False
pool1vd3rfulk3x3k6mafusvrtnzysx9qkcgcks9an2alcpm55msk63g,RAID5,38411.279977,30000.0,33997.782477,340.0,0.01,True,11.408240824963086,11.408240824963086,5.704047720755701,5.704047720755701,11.408095441511403,-0.00014538345168269018,False,True,11.408240824963086,11.408240824963086,5.704047720755701,5.704047720755701,11.408095441511403,-0.00014538345168269018,False,True
pool1vd9a6q0jknarhwfyg7mspplrgsxf8zsna7yjr7crrtqdwftl7yw,PATH,502.624954,125.0,502.624954,340.0,0.01,True,0.14927705062473037,0.14927705062473037,0.07463851175035406,0.07463851175035406,0.14927702350070812,-2.7124022250468727e-08,False,True,0.14927705062473037,0.14927705062473037,0.07463851175035406,0.07463851175035406,0.14927702350070812,-2.7124022250468727e-08,False,True
pool1vdcu0y6ujrwmnv4u50j6upxkjug7cx7zsaynjvgkcm2ycmajelc,COOL5,4134962.480543,50000.0,51872.407421,170.0,0.02,True,1228.2972281585332,204.1765817200666,614.08987391669,184.34140944824836,368.6828188964967,164.50623717643012,True,False,1228.2972281585332,121.92156618086923,614.08987391669,102.08639390905097,204.17278781810194,82.2512216372327,True,False
pool1vddluuhcfrrflgmnczgzz472rc3g6h06hzz6hcv565nwcrelvma,CTRL,57.470277,0.0,57.470277,170.0,0.04,True,0.017068373273602885,0.017068373273602885,0.008534186636801442,0.008534186636801442,0.017068373273602885,0.0,False,False,0.017068373273602885,0.017068373273602885,0.008534186636801442,0.008534186636801442,0.017068373273602885,0.0,False,False
pool1vdh6kxcqt9mxavyv80ggnec6jjwms44ms30rhle3lt266aj8jgh,NEDS4,26653132.918811,250000.0,255160.284115,340.0,0.02,True,7923.452410610262,562.8162548091553,3959.820468730962,446.35720991611635,892.7144198322327,329.89816502307735,True,False,7923.452410610262,397.81117813254286,3959.820468730962,281.35213323950387,562.7042664790077,164.89308834646488,True,False
pool1vdly044nj2r3vnghwq4s0z0uragd307wnsnsj4usdh3fu8jx6nt,,84.779426,100.0,0.0,345.0,0.15,False,0.0,0.0,0.0,0.0,0.0,0.0,False,False,0.0,0.0,0.0,0.0,0.0,0.0,False,False
pool1vekz9v9ntugs7g3flpg2q3au8tp7205zsyl9kh03g72s7rz5hvm,BRO,3167.71251,1450.0,0.0,340.0,0.01,False,0.0,0.0,0.0,0.0,0.0,0.0,False,False,0.0,0.0,0.0,0.0,0.0,0.0,False,False
pool1vemm9tq77upd9m6wtu7edw8wtju3ymnuq9wz43cfn35qk26ddqq,CNT,1224.572507,65000.0,0.0,340.0,0.001,False,0.0,0.0,0.0,0.0,0.0,0.0,False,False,0.0,0.0,0.0,0.0,0.0,0.0,False,False
pool1vev8z03vh7jwx3mfrgzrt9fltt97nupaxv8ffj4r5r8mgwts5ze,ADAOZ,71058913.335587,60000.0,62841.623415,340.0,0.01,True,21109.02706261207,565.8738836725063,10553.288183872432,451.07477785084313,902.1495557016863,336.27567202918,True,False,21109.02706261207,397.72272137244124,10553.288183872432,282.9236155507781,565.8472311015562,168.12450972911495,True,False
pool1vevcjr87ce94hny28ra8yj5jjgalcqdhqs5xd44ru6k0qr3dsq9,,76830165.024807,76800000.0,76889790.667561,340.0,1.0,True,29538.328167225605,29538.328167225605,12249.433559295816,12249.433559295816,24498.867118591632,-5039.461048633973,False,True,29538.328167225605,29538.328167225605,12249.433559295816,12249.433559295816,24498.867118591632,-5039.461048633973,False,True
pool1vfayajkdc0gw876lax5va6ygpfpsd8kz73k4y977emm3clnxlm5,KAYA,83120.529905,30000.0,30091.353388,340.0,0.0,True,24.68819749951278,24.68819749951278,12.34364047079771,12.34364047079771,24.68728094159542,-0.0009165579173568972,False,True,24.68819749951278,24.68819749951278,12.34364047079771,12.34364047079771,24.68728094159542,-0.0009165579173568972,False,True
pool1vflcm2fde9qyzcr0lkkv4httte3xep6sycasrtaxw6rt2me3vwp,OKNW,1913012.491863,10000.0,71130.454911,170.0,0.0,True,568.1766305066182,184.8051750750895,284.08284662886916,174.24187756889694,348.4837551377939,163.67858006270438,True,False,568.1766305066182,102.96568170698657,284.08284662886916,92.40238420079403,184.80476840158806,81.83908669460149,True,False
pool1vgfc8fqul93hf6fnl9n23czssgw6xyqx2yjn0lxqmcmvvc839th,MSP,1652.303744,1000.0,1487.914206,345.0,0.02,True,0.4907263653574077,0.4907263653574077,0.2453629952555875,0.2453629952555875,0.490725990511175,-3.748462327202162e-07,False,True,0.4907263653574077,0.4907263653574077,0.2453629952555875,0.2453629952555875,0.490725990511175,-3.748462327202162e-07,False,True
pool1vgryztjlm0grah2g5gngd0vlmy4z3yrsm42h00hn967e5mqk4nq,,197.430721,130.0,197.430721,340.0,0.0,True,0.058635907056405735,0.058635907056405735,0.02931795100961937,0.02931795100961937,0.05863590201923874,-5.037166996013642e-09,False,True,0.058635907056405735,0.058635907056405735,0.02931795100961937,0.02931795100961937,0.05863590201923874,-5.037166996013642e-09,False,True
pool1vh4y864hcq2r66ak37w4dsnkhnsfxaaacs0p5s4vj5676m6txwm,HOPE,9662452.373334,50000.0,57643.120292,340.0,0.01,True,2870.2507953345807,380.24623340478973,1434.9871753024468,357.4168938169018,714.8337876338036,334.58755422901385,True,False,2870.2507953345807,212.95025772183752,1434.9871753024468,190.12091813394957,380.24183626789915,167.29157854606163,True,False
pool1vhusc9c38uqkuspnecq6clcqadx86g8wpxfaadyxfwdrukh0kg0,MIST,2.953199,32000.0,2.953199,340.0,0.02,False,0.0,0.0,0.0,0.0,0.0,0.0,False,False,0.0,0.0,0.0,0.0,0.0,0.0,False,False
pool1vhzjtcrcyzy5ld05mj8edy5at37x4g7du8uvvss037h26h8s8z5,DIING,595657.40502,50000.0,94156.567305,340.0,0.05,True,176.9385270492785,176.9385270492785,88.46141658255738,88.46141658255738,176.92283316511475,-0.015693884163738403,False,True,176.9385270492785,171.38887175501705,88.46141658255738,88.46141658255738,176.92283316511475,5.533961410097703,True,False
pool1vj08te6uceklte43cy6canq7te45qjmmm0dhewy0kvstyjmgqzt,,8012.919654,8000.0,8012.919654,340.0,0.0075,True,2.379795575532308,2.379795575532308,1.1898977552197727,1.1898977552197727,2.3797955104395454,-6.509276273547471e-08,False,True,2.379795575532308,2.379795575532308,1.1898977552197727,1.1898977552197727,2.3797955104395454,-6.509276273547471e-08,False,True
pool1vjjrjt5ez7d7yh385vdxl83mxyg36as785cp5l50d6wsjqdavax,MOC,24274.856251,1000.0,2294.219804,250.0,0.0,True,7.2095327627874175,7.2095327627874175,3.604759694140453,3.604759694140453,7.209519388280906,-1.3374506511176776e-05,False,True,7.2095327627874175,7.2095327627874175,3.604759694140453,3.604759694140453,7.209519388280906,-1.3374506511176776e-05,False,True
pool1vkaycnf2sv8rxzv4nex8s2unnzahtjs8eht9ypua4takugjgaa0,,540.700677,100.0,540.700677,340.0,0.01,True,0.16058533866194527,0.16058533866194527,0.08029265666913477,0.08029265666913477,0.16058531333826953,-2.532367573970795e-08,False,True,0.16058533866194527,0.16058533866194527,0.08029265666913477,0.08029265666913477,0.16058531333826953,-2.532367573970795e-08,False,True
pool1vkc0dvuf8rxrch87umfayacgglrh8f88ef0f64xrdue5u2xjwfm,IFS1,8881324.581526,0.0,0.0,345.0,0.1,True,2637.707194651432,574.2707194651432,1318.853597325716,442.3853597325716,884.7707194651432,310.5,True,False,2637.707194651432,419.0207194651432,1318.853597325716,287.1353597325716,574.2707194651432,155.25,True,False
pool1vkngxunyagwen690yn36pa2v6jecyxgeavl9nva9dwzhu22fzt7,LOVE2,635618.219146,500.0,13310.120189,340.0,0.0,True,188.77566916815263,188.77566916815263,94.387743345021,94.387743345021,188.775486690042,-0.0001824781106449791,False,True,188.77566916815263,170.3931706262177,94.387743345021,94.387743345021,188.775486690042,18.382316063824277,True,False
pool1vl0hlf4jecm3rk0vcc9mtpu5us2cv7hzlz396cgs8crc5df43mn,NUT1,79719.500205,10000.0,0.99851,340.0,0.0,False,0.0,0.0,0.0,0.0,0.0,0.0,False,False,0.0,0.0,0.0,0.0,0.0,0.0,False,False
pool1vl46tq6mxq3f5c4m2e2x3jlruutweahnv5adkjy2sskyc3lc4ge,,1.0,100000.0,1.0,345.0,0.0025,False,0.0,0.0,0.0,0.0,0.0,0.0,False,False,0.0,0.0,0.0,0.0,0.0,0.0,False,False
pool1vn0mxlvhm4l8pcft3jp5pxh4nhh89qevdg2xu6s6sdqvvs4ft28,FGMTD,1001221.569725,2e-06,9.820727,170.0,0.1,True,297.35759724368563,182.73688402073668,148.67879862184222,148.67879862184222,297.35759724368444,114.62071322294776,True,False,297.35759724368563,106.23763438972414,148.67879862184222,91.36844201036828,182.73688402073657,76.49924963101243,True,False
pool1vn4gsw8fdg85yh8urxs9t5ykyvap4uscewy08g2refxzxwztnga,,970.921601,100.0,17.620774,345.0,0.015,False,0.0,0.0,0.0,0.0,0.0,0.0,False,False,0.0,0.0,0.0,0.0,0.0,0.0,False,False
pool1vnsfv2qpt5gxte9prupjey8kw7ap7t6c8lc02ks4s3gtqplhgd3,1PCT4,9944836.562884,50000.0,60471.637316,340.0,0.01,True,2954.133667368494,381.8781597585865,1476.9245507932505,358.213417533277,716.426835066554,334.54867530796747,True,False,2954.133667368494,214.60154274692707,1476.9245507932505,190.93680052161753,381.87360104323506,167.272058296308,True,False
pool1vp5fev56urx924nyxj5qjvzcsh76e47c4lc8xruh0rdlv0n2kvt,REIT,21896.393976,5000.0,68.099678,340.0,0.25,False,0.0,0.0,0.0,0.0,0.0,0.0,False,False,0.0,0.0,0.0,0.0,0.0,0.0,False,False
pool1vpa84enqxhh5hnyypeqfshsgqhnjfzyddgq7z4tfmavh68c9s9p,CHAOS,258667.034754,21000.0,40604.81327,340.0,0.01,True,76.82850115171502,76.82850115171502,38.41281597116353,38.41281597116353,76.82563194232706,-0.0028692093879527647,False,True,76.82850115171502,76.82850115171502,38.41281597116353,38.41281597116353,76.82563194232706,-0.0028692093879527647,False,True
pool1vqjyjsp6dawkj8tzmfpu39hvgnkph99qzarw4dll6yq76gpaa4d,VFS,933410.850717,500.0,682.725234,170.0,0.03,True,277.21870256522874,173.29263142296745,138.60921726362082,138.60921726362082,277.21843452724164,103.9258031042742,True,False,277.21870256522874,90.90293787376568,138.60921726362082,86.6463115958291,173.2926231916582,82.38968531789253,True,False
pool1vqm5n5d503uumuc89s5y4wuczrwe3tlgylt2u2uj7y276avr5pl,BIO,1619575.74467,1000.0,1037.663616,340.0,0.03,True,481.0074303085559,344.3178561873441,240.50325011093102,240.50325011093102,481.00650022186204,136.68864403451795,True,False,481.0074303085559,179.52350776359273,240.50325011093102,172.15891385335658,344.31782770671316,164.79431994312043,True,False
pool1vqq5mg8ccqemjr5ukfa48a767dqjsa7nas8xnpf7huvcz7amlv9,BNP,32129450.509663,2.0,29739.759218,345.0,0.06,True,9542.279718241263,904.8392041488569,4771.139840658355,614.4195111768939,1228.8390223537879,323.999818204931,True,False,9542.279718241263,742.8392939225911,4771.139840658355,452.4196009506281,904.8392019012562,161.99990797866508,True,False
pool1vquhv3kh6xkklckaenl8alyuhfsld57ef5573aqauueyqacx4ak,KIWI,33194605.707684,400369.0,401158.716635,340.0,0.02,True,9873.79340232138,643.5879801054086,4933.094790293689,486.25955388108287,972.5191077621657,328.9311276567571,True,False,9873.79340232138,479.0013506747093,4933.094790293689,321.67292445038356,643.3458489007671,164.34449822605785,True,False
pool1vr8tegnnjtvfe7me66qrchaq6ucmmxve6anuuypwn6s3zs6342s,WING,1.800569,12500.0,0.0,340.0,0.01,False,0.0,0.0,0.0,0.0,0.0,0.0,False,False,0.0,0.0,0.0,0.0,0.0,0.0,False,False
pool1vrpme37hyyysgl4n8uk87p0njvfejc8kswzn5yxmgf4dyxx8haj,,7.624514,100.0,7.624514,345.0,0.15,False,0.0,0.0,0.0,0.0,0.0,0.0,False,False,0.0,0.0,0.0,0.0,0.0,0.0,False,False
pool1vru3p8sswq5xkr38ceavad67t6krh6m6q0q42p59e6htkld4yxs,PTGR,53.706194,740.0,0.0,340.0,0.02,False,0.0,0.0,0.0,0.0,0.0,0.0,False,False,0.0,0.0,0.0,0.0,0.0,0.0,False,False
pool1vs689gkmqtrljtmcwd2690nzqm2yyq23wk2zzx5g0v0gs5ug64a,VAMP,15752963.751546,750000.0,871985.885794,340.0,0.008,True,4691.611172293696,613.7639359172929,2342.5234434213326,465.98062601000106,931.9612520200021,318.19731610270924,True,False,4691.611172293696,454.4587951920036,2342.5234434213326,306.6754852847117,613.3509705694235,158.89217537741985,True,False
pool1vsdsgufhfellves050nf8mh5jzrvwwcq7qlxwkneyp8hv3z4w9w,MACH1,8.249917,500.0,0.0,340.0,0.03,False,0.0,0.0,0.0,0.0,0.0,0.0,False,False,0.0,0.0,0.0,0.0,0.0,0.0,False,False
pool1vtpn0drn5t39frknedmqq2jkhsfstwketsnvdm7cjzz674s30v2,BLISS,21931481.73976,2650000.0,2931065.20405,340.0,0.015,True,6574.540668996099,1254.24412177655,3271.7337811357966,769.9146510257237,1539.8293020514475,285.58518027489754,True,False,6574.540668996099,1109.1732238473587,3271.7337811357966,624.8437530965327,1249.6875061930655,140.51428234570676,True,False
pool1vuhc5fl733g3twn856xsfjqusczvk68r6pvs6lqgtadzsf6fue2,SHARK,2.386319,1000.0,2.386319,340.0,0.01,False,0.0,0.0,0.0,0.0,0.0,0.0,False,False,0.0,0.0,0.0,0.0,0.0,0.0,False,False
pool1vurlp3ndgge8avz3h8lu2wzdqcwc8w4l5s43rzlk8p4pz0x5vla,,2832.349727,100.0,2048.719745,340.0,0.01,True,0.8411934473238822,0.8411934473238822,0.4205966451584164,0.4205966451584164,0.8411932903168328,-1.5700704947274602e-07,False,True,0.8411934473238822,0.8411934473238822,0.4205966451584164,0.4205966451584164,0.8411932903168328,-1.5700704947274602e-07,False,True
pool1vut3caulpx8eukzwy8xd5fyhst0w7x2frdfsacpzr3jzxduazh5,PNYX,12395.137882,100.0,104.786114,345.0,0.15,True,3.6812928769068396,3.6812928769068396,1.8406460852001012,1.8406460852001012,3.6812921704002024,-7.065066371936268e-07,False,True,3.6812928769068396,3.6812928769068396,1.8406460852001012,1.8406460852001012,3.6812921704002024,-7.065066371936268e-07,False,True
pool1vve4vgd0ncyjvalr6xzeaxqmfzvkqmxfswj7lyae8qsgqhta9wd,KOI,3430.496643,1000.0,1036.156147,345.0,0.01,True,1.0188424487201937,1.0188424487201937,0.5094205260330144,0.5094205260330144,1.0188410520660287,-1.3966541649867992e-06,False,True,1.0188424487201937,1.0188424487201937,0.5094205260330144,0.5094205260330144,1.0188410520660287,-1.3966541649867992e-06,False,True
pool1vvesqladm29fuzrv93px5qse0upw82a579lz9063xsfrz7yef7z,8SQRD,128670.157061,51000.0,108401.879937,340.0,0.0,True,38.21892454499479,38.21892454499479,19.10832232276022,19.10832232276022,38.21664464552044,-0.002279899474352476,False,True,38.21892454499479,38.21892454499479,19.10832232276022,19.10832232276022,38.21664464552044,-0.002279899474352476,False,True
pool1vw0rqsvfx0ngct7gfmlz5j2e4gap6sd9pwrmemhd488eyxvm88r,,1.0001,25000.0,1.0001,340.0,0.0275,False,0.0,0.0,0.0,0.0,0.0,0.0,False,False,0.0,0.0,0.0,0.0,0.0,0.0,False,False
pool1vwquf4wt465lhketcy2j7jwpz5l6l0ce6a79ga3y4wg7gc8egp0,CCP,1189411.361315,10000.0,20729.297366,170.0,0.0,True,353.26254233747386,173.1939359751555,176.62788193096515,170.11551204227763,340.23102408455526,167.03708810939975,True,False,353.26254233747386,89.6753328521468,176.62788193096515,86.59690891926893,173.19381783853785,83.51848498639106,True,False
pool1vx9tzlkgafernd9vpjpxkenutx2gncj4yn88fpq69823qlwcqrt,CRDNS,67470734.521107,200000.0,202880.265075,340.0,0.02,True,20053.959223850507,792.372250090904,10023.099087389051,562.1961236845755,1124.392247369151,332.01999727824693,True,False,20053.959223850507,626.2732058371457,10023.099087389051,396.09707943081713,792.1941588616343,165.92095302448854,True,False
pool1vxpu476qrulzkk2u97emkfskmc2jx4mzznvupw0zf5206nx35vl,SNDC,308.097517,300.0,308.097517,340.0,0.02,True,0.09150336243021157,0.09150336243021157,0.04575168051700034,0.04575168051700034,0.09150336103400068,-1.3962108830201103e-09,False,True,0.09150336243021157,0.09150336243021157,0.04575168051700034,0.04575168051700034,0.09150336103400068,-1.3962108830201103e-09,False,True
pool1vxvdypctdecvc2j7xu9y8h2fdxvkpjy2pp8luwg2h6dx5jlv0nk,COOL,20650675.558052,50000.0,53089.159843,170.0,0.02,True,6134.327728085736,304.3131005106747,3066.8676371959436,235.23573013746812,470.47146027493625,166.15835976426155,True,False,6134.327728085736,221.22724977675998,3066.8676371959436,152.1498794035534,304.2997588071068,83.07250903034682,True,False
pool1vxz0deezj5c2950e7arpzfqxzq8zd9kawsullrzjw5rsq0yhxgr,ZZZ,30773436.774971,50000.0,56807.006215,340.0,0.05,True,9141.31719566828,795.5005237787304,4570.216811362477,558.9292727935699,1117.8585455871398,322.3580218084094,True,False,9141.31719566828,634.298648800346,4570.216811362477,397.72739781518544,795.4547956303709,161.1561468300249,True,False
pool1vy9qerf9fenp893mqrdm58uj45w3etutv4n0vdh8669uvqenkqr,MLMA,55328.113485,7e-06,8.080599,345.0,0.035,True,16.43216185448814,16.43216185448814,8.216080927243958,8.216080927243958,16.432161854487916,-2.2382096176443156e-13,False,False,16.43216185448814,16.43216185448814,8.216080927243958,8.216080927243958,16.432161854487916,-2.2382096176443156e-13,False,False
pool1vygvrczrlzapm25qf8w3cxz4gxv2azrp43xj6538tt225jjfcpw,1BEST,10000.0,10000.0,10000.0,340.0,0.025,True,2.96994798873069,2.96994798873069,1.4849739888064926,1.4849739888064926,2.969947977612985,-1.1117704978858e-08,False,True,2.96994798873069,2.96994798873069,1.4849739888064926,1.4849739888064926,2.969947977612985,-1.1117704978858e-08,False,True
pool1vyk3x4j2lfrj4y8t282xmwep936rh8gv2vqrkxghm2h67l2upjq,OMWCP,548.340078,500.0,501.824203,340.0,0.05,True,0.16285417814610334,0.16285417814610334,0.08142708212797563,0.08142708212797563,0.16285416425595126,-1.3890152084083951e-08,False,True,0.16285417814610334,0.16285417814610334,0.08142708212797563,0.08142708212797563,0.16285416425595126,-1.3890152084083951e-08,False,True
pool1vz59e00250xfjck8qd04kns89j56430wjzpdf37zfjnnyxttm37,,639.847642,500.0,500.379251,340.0,0.0,True,0.19003150115856846,0.19003150115856846,0.09501573048852383,0.09501573048852383,0.19003146097704765,-4.018152080509374e-08,False,True,0.19003150115856846,0.19003150115856846,0.09501573048852383,0.09501573048852383,0.19003146097704765,-4.018152080509374e-08,False,True
pool1vz9txqmdhxwegpy7uzrsap84z309veehqv3uh4s60qwxk0u7h06,BOOM,34805.648941,1.0,316.703083,340.0,0.01,True,10.337096695283428,10.337096695283428,5.168548337641962,5.168548337641962,10.337096675283924,-1.9999504274892388e-08,False,True,10.337096695283428,10.337096695283428,5.168548337641962,5.168548337641962,10.337096675283924,-1.9999504274892388e-08,False,True
pool1vzquqa6clffwsegafvyds0zkaqpjcw0hurq3a0xc8ape6h0xhkh,,2010.436661,2000.0,2010.436661,340.0,0.05,True,0.5970892529082809,0.5970892529082809,0.29854462041230606,0.29854462041230606,0.5970892408246121,-1.2083668732287833e-08,False,True,0.5970892529082809,0.5970892529082809,0.29854462041230606,0.29854462041230606,0.5970892408246121,-1.2083668732287833e-08,False,True
pool1w0jjajfvur53nxrlc4nnm73087lm39qfumeq8r449jwvz3wdx05,,49119.835373,15000.0,19450.060206,170.0,0.01,True,14.588923898196471,14.588923898196471,7.294314842687645,7.294314842687645,14.58862968537529,-0.00029421282118136105,False,True,14.588923898196471,14.588923898196471,7.294314842687645,7.294314842687645,14.58862968537529,-0.00029421282118136105,False,True
pool1w0s8vf9qse980vulgszvusw3800d6dlc7wkusr0aqvzlz75qgqg,LIBE,115946.884176,100.0,48377.244241,300.0,0.05,True,34.43563468757811,34.43563468757811,17.21781401537614,17.21781401537614,34.43562803075228,-6.65682583189664e-06,False,True,34.43563468757811,34.43563468757811,17.21781401537614,17.21781401537614,34.43562803075228,-6.65682583189664e-06,False,True
pool1w2alpqttaulpukcrz0j902kk8wmq68q9qm50c6npaypk7yypy5a,KIBA,546133.327567,2000.0,43395.128159,340.0,0.0,True,162.2000076846499,162.2000076846499,81.09969115938327,81.09969115938327,162.19938231876654,-0.0006253658833657028,False,True,162.2000076846499,162.2000076846499,81.09969115938327,81.09969115938327,162.19938231876654,-0.0006253658833657028,False,True
pool1w2duw0lk7lxjpfqjguxvtp0znhaqf8l2yvzcfd72l8fuk0h77gy,PSP,122635.686461,14000.0,14206.981555,170.0,0.01,True,36.423909093394364,36.423909093394364,18.211517442148747,18.211517442148747,36.42303488429749,-0.0008742090968709704,False,True,36.423909093394364,36.423909093394364,18.211517442148747,18.211517442148747,36.42303488429749,-0.0008742090968709704,False,True
pool1w2s88xpylulw3l8naaql9wzxqwra06n8c2lwklmph25zjkvwuvj,FLR2,7101.346291,4000.0,4823.917912,170.0,0.0,True,2.109077161387218,2.109077161387218,1.05453501586047,1.05453501586047,2.10907003172094,-7.129666277805313e-06,False,True,2.109077161387218,2.109077161387218,1.05453501586047,1.05453501586047,2.10907003172094,-7.129666277805313e-06,False,True
pool1w3ewp9s00evj200lnhwsy3dkn2yf3dg7zq7apj26a2dvv5r7hpg,,557.294109,500.0,515.476511,340.0,0.005,True,0.16551348391399187,0.16551348391399187,0.08275673372561239,0.08275673372561239,0.16551346745122478,-1.64627670939943e-08,False,True,0.16551348391399187,0.16551348391399187,0.08275673372561239,0.08275673372561239,0.16551346745122478,-1.64627670939943e-08,False,True
pool1w3s6gk83y2g3670emy3yfjw9myz3u4whph7peah653rmsfegyj3,ISLE,6086.32243,0.0,0.0,340.0,0.0,True,1.8076060969523737,1.8076060969523737,0.9038030484761869,0.9038030484761869,1.8076060969523737,0.0,False,False,1.8076060969523737,1.8076060969523737,0.9038030484761869,0.9038030484761869,1.8076060969523737,0.0,False,False
pool1w3xys99a8xmwcwse4tqpqmyqqzykryfc4w7cvvjusej0vnxdlrf,THANK,2710863.302281,0.0,6680.084736,2000.0,0.9999,True,805.1122972148522,805.1122972148522,402.5561486074261,402.5561486074261,805.1122972148522,0.0,False,False,805.1122972148522,805.1122972148522,402.5561486074261,402.5561486074261,805.1122972148522,0.0,False,False
pool1w404pkpkkw067ju4gjnyjdmqfex6wn92vrffhy9txhw5kxzupk5,,1353.492768,1212.0,1230.53875,345.0,0.01,True,0.4019805075142804,0.4019805075142804,0.2009902044753733,0.2009902044753733,0.4019804089507466,-9.856353377912797e-08,False,True,0.4019805075142804,0.4019805075142804,0.2009902044753733,0.2009902044753733,0.4019804089507466,-9.856353377912797e-08,False,True
pool1w4am4s9w4gkt8r0245km62vtnnv9hhq6j68exzh2pyaxxfaq0gc,1PCT2,437576.99137,50000.0,54397.363474,340.0,0.01,True,129.9803771245172,129.9803771245172,64.98461472779988,64.98461472779988,129.96922945559976,-0.01114766891743102,False,True,129.9803771245172,129.9803771245172,64.98461472779988,64.98461472779988,129.96922945559976,-0.01114766891743102,False,True
pool1w4cetqsly2cz9fq2te95tnk2r56mh6ew6dmpyfctv2ldv8xuj9g,,75486161.119267,30000000.0,74512902.7527,340.0,0.04,True,24994.316595824646,24689.15842164584,11727.4434992326,11586.495708070599,23172.991416141198,-1516.1670055046416,False,True,24994.316595824646,24687.054250986363,11727.4434992326,11584.391537411122,23168.783074822244,-1518.2711761641185,False,True
pool1w4g7j8u97pvu2q7gsdaupnng0a2vmyllygfewhc29m2j5cehysn,MIMIC,18722231.944186,200.0,1120.361354,345.0,0.15,True,5560.409786210529,1127.5767499796327,2780.203817292587,710.40443934311,1420.80887868622,293.2321287065872,True,False,5560.409786210529,980.960524199716,2780.203817292587,563.7882135631935,1127.576427126387,146.61590292667097,True,False
pool1w50f20mpxwtal3plsqmgrx2xxlg84hn7ep0fhlcajkhu77k8tfp,,754.221182,100.0,754.221182,340.0,0.02,True,0.22399984232191522,0.22399984232191522,0.11199990236443247,0.11199990236443247,0.22399980472886494,-3.759305028383508e-08,False,True,0.22399984232191522,0.22399984232191522,0.11199990236443247,0.11199990236443247,0.22399980472886494,-3.759305028383508e-08,False,True
pool1w65amkyxhlstja5mp0vf7q2av5tm0m6zjsm9pll3xw36x6g8qte,CRBN,183.265277,30000.0,108.710484,340.0,0.015,False,0.0,0.0,0.0,0.0,0.0,0.0,False,False,0.0,0.0,0.0,0.0,0.0,0.0,False,False
pool1w6ez83j2lapmlzudtuuwygm9lwt23203keqj53n7yjdtwaamghr,,758.507172,100.0,437.62183,345.0,0.15,True,0.22527275954614898,0.22527275954614898,0.11263636085340797,0.11263636085340797,0.22527272170681595,-3.783933302803355e-08,False,True,0.22527275954614898,0.22527275954614898,0.11263636085340797,0.11263636085340797,0.22527272170681595,-3.783933302803355e-08,False,True
pool1w6l6rvhxtym5psec3mvgrjlg28d6hrv8g9jjexadzmxfgndfg2f,SIPO,42740342.021206,50000.0,52746.107939,340.0,0.039,True,12696.113882450076,836.5424930020862,6347.44307737255,581.4149619034756,1162.8299238069512,326.28743080486504,True,False,12696.113882450076,673.374108881756,6347.44307737255,418.24657778314537,836.4931555662907,163.11904668453474,True,False
pool1w6vj437xqhlkasuhc2td09jd6vfem5e03nhhpn7yqxfkzrkamch,WINE,4933.548654,1.0,936.571018,340.0,0.01,True,1.4652382885806308,1.4652382885806308,0.7326191428731406,0.7326191428731406,1.4652382857462811,-2.8343496438765214e-09,False,True,1.4652382885806308,1.4652382885806308,0.7326191428731406,0.7326191428731406,1.4652382857462811,-2.8343496438765214e-09,False,True
pool1w728ekz4fs2f33qmqf7047hvwsmarjrv5l575ncnh7hkc0zdhgz,LAKCV,8978.589044,180.0,198.23158,200.0,0.05,True,2.6665960540910825,2.6665960540910825,1.333297572016535,1.333297572016535,2.66659514403307,-9.100580125043223e-07,False,True,2.6665960540910825,2.6665960540910825,1.333297572016535,1.333297572016535,2.66659514403307,-9.100580125043223e-07,False,True
pool1w7c2j0px43jmudhf48ezp7dy8j7904c9l3wc7809lhh2z026hch,STAT,47976352.344567,750000.0,966592.336759,170.0,0.025,True,14289.833012083263,800.3599573349005,7134.590009025512,480.9242621486682,961.8485242973364,161.48856696243593,True,False,14289.833012083263,719.1546620121877,7134.590009025512,399.7189668259554,799.4379336519108,80.28327163972313,True,False
pool1w7dk7rn0cflzzfr4fqvjpapn0rkz5ksmerx5tgwpm2gtj2gly97,,70020525.09233,0.0,0.0,340.0,0.05,True,20795.731662987557,1362.7865831493777,10397.865831493778,842.8932915746889,1685.7865831493777,323.0,True,False,20795.731662987557,1201.286583149378,10397.865831493778,681.3932915746889,1362.7865831493777,161.49999999999977,True,False
pool1w7pt822hfgw30xnkwpjzz0sr5psejksqdcdw4l0ms33lsgynp2e,COOL4,3985988.803186,50000.0,51787.763841,170.0,0.015,True,1184.044255164285,198.18796022710882,591.9655295774324,181.72961387470468,363.45922774940937,165.27126752230055,True,False,1184.044255164285,115.55075317929223,591.9655295774324,99.0924068268881,198.1848136537762,82.63406047448396,True,False
pool1w7y659w3ya4x4rd9ljp6rmcx70yj2t0s0nk97d6zgmymq0a2k7w,,2.742048,150.0,2.742048,340.0,0.0,False,0.0,0.0,0.0,0.0,0.0,0.0,False,False,0.0,0.0,0.0,0.0,0.0,0.0,False,False
pool1w8ham64lthvzzxzn5hknq4yrj8xt2nark409s2xmntlwvt4ag3r,1PCT7,31505238.648924,50000.0,62340.381663,340.0,0.01,True,9358.700622994013,447.8541298710231,4678.898002125131,391.8886354232891,783.7772708465782,335.9231409755551,True,False,9358.700622994013,279.8871502410891,4678.898002125131,223.9216557933551,447.8433115867102,167.95616134562107,True,False
pool1w92z3lxwrycf3kmf075dja2fwem0luyjc4ysv2afh6sg554qjwn,STBL1,3.45586,0.0,3.45586,340.0,1.0,True,0.0010263724405106533,0.0010263724405106533,0.0005131862202553267,0.0005131862202553267,0.0010263724405106533,0.0,False,False,0.0010263724405106533,0.0010263724405106533,0.0005131862202553267,0.0005131862202553267,0.0010263724405106533,0.0,False,False
pool1w9cz3yyz8glemkwpn8hue6s89jrlhkap3nupzac7kdx77gj9am8,CHIPS,3.62535,125.0,3.62535,340.0,1.0,False,0.0,0.0,0.0,0.0,0.0,0.0,False,False,0.0,0.0,0.0,0.0,0.0,0.0,False,False
pool1w9hdxd0ydy7qrtxe2lceg80mpsyamwnaqyvu2v0yngj4cfkfu2t,NAPPY,773208.681218,100.0,18320.264518,170.0,1.0,True,229.63904446819072,229.63904446819072,114.81950002180253,114.81950002180253,229.63900004360505,-4.442458566700225e-05,False,True,229.63904446819072,229.63904446819072,114.81950002180253,114.81950002180253,229.63900004360505,-4.442458566700225e-05,False,True
pool1w9ksllt0ktnztjdzzlzaqfh7tzspu09xf5l08flz0cadyq0dv3j,,96.794849,4000.0,0.433758,340.0,0.01,False,0.0,0.0,0.0,0.0,0.0,0.0,False,False,0.0,0.0,0.0,0.0,0.0,0.0,False,False
pool1w9u6rtvuzke9cq5q4x2r7g8xlt6lqmcd2tugzpjpj5w5xv0eyws,FGMTG,1002484.325341,2e-06,9.820727,170.0,0.1,True,297.73262909201355,182.7743890959385,148.86631454600618,148.86631454600618,297.73262909201236,114.95823999607387,True,False,297.73262909201355,106.27513851974143,148.86631454600618,91.38719454796919,182.77438909593837,76.49925057619694,True,False
pool1w9yeaaadjz9563tf2h7katrlujvxnywda8el8z66h02ckccx95x,SUI,806018.505695,31000.0,37031.303449,340.0,0.0,True,239.4109255044279,239.4109255044279,119.69855563885329,119.69855563885329,239.39711127770659,-0.013814226721308387,False,True,239.4109255044279,173.188980187017,119.69855563885329,119.69855563885329,239.39711127770659,66.20813109068959,True,False
pool1wamhqzxcn7psr3rrqvg35wwjwmj8qktnvgyncj2vzyaqx9hkmsz,,97.624556,77.0,97.624556,340.0,0.03,True,0.02899398705468921,0.02899398705468921,0.014496993071065695,0.014496993071065695,0.02899398614213139,-9.125578209756569e-10,False,True,0.02899398705468921,0.02899398705468921,0.014496993071065695,0.014496993071065695,0.02899398614213139,-9.125578209756569e-10,False,True
pool1waplz6cz4t2uss0qcst8wkqj52rzhy9vfr5jr9se9pjx7ucjcfm,,49.782708,100.0,0.0,345.0,0.15,False,0.0,0.0,0.0,0.0,0.0,0.0,False,False,0.0,0.0,0.0,0.0,0.0,0.0,False,False
pool1wc2kuqz7w36j4xc7x8aqekgjhmy4ggknddqqfuw4mr3pu9f8wxn,,49.055495,30.0,49.055495,340.0,0.0,True,0.014569227455408574,0.014569227455408574,0.007284613563458539,0.007284613563458539,0.014569227126917078,-3.284914961571017e-10,False,True,0.014569227455408574,0.014569227455408574,0.007284613563458539,0.007284613563458539,0.014569227126917078,-3.284914961571017e-10,False,True
pool1wc2vw2x2xu2van4acthhk08xtucm8ddpuphmw0ahnc99qtz4a64,CRBN,10234.624867,500.0,545.512809,340.0,0.0099,True,3.0396359325088396,3.0396359325088396,1.5198165678086113,1.5198165678086113,3.0396331356172226,-2.796891616974051e-06,False,True,3.0396359325088396,3.0396359325088396,1.5198165678086113,1.5198165678086113,3.0396331356172226,-2.796891616974051e-06,False,True
pool1wccveh5l4gvns7egngqdd4qk27w0kxqc68jjrnnkgjxz6zwt7ws,YUZUP,134964.115906,100.0,12986.502173,340.0,0.005,True,40.08365575770709,40.08365575770709,20.041824004053908,20.041824004053908,40.083648008107815,-7.749599276962726e-06,False,True,40.08365575770709,40.08365575770709,20.041824004053908,20.041824004053908,40.083648008107815,-7.749599276962726e-06,False,True
pool1wdrg5vtv3nrh0mqmfua5qmj5p3zchzay2cz80jwfxxwrx7gp402,ACP,188578.10319,33333.333333,38011.607853,170.0,0.01,True,56.012665789113214,56.012665789113214,28.004844946336775,28.004844946336775,56.00968989267355,-0.0029758964396648935,False,True,56.012665789113214,56.012665789113214,28.004844946336775,28.004844946336775,56.00968989267355,-0.0029758964396648935,False,True
pool1wdujj7tmux5nuwnpeksgncendr3mj8ecsjcddpzx9gewc3flp4r,ETO6,50000403.921781,0.0,0.0,340.0,1.0,True,14849.859832202928,14849.859832202928,7424.929916101464,7424.929916101464,14849.859832202928,0.0,False,False,14849.859832202928,14849.859832202928,7424.929916101464,7424.929916101464,14849.859832202928,0.0,False,False
pool1wdzyy2lwc8rd5y9vxwkyxpv62dsa270jepjgy9fa3zpqgeuszun,KIBI,230572.257588,100.0,1713.953346,340.0,0.05,True,68.47878741317089,68.47878741317089,34.23938708485502,34.23938708485502,68.47877416971004,-1.324346085596062e-05,False,True,68.47878741317089,68.47878741317089,34.23938708485502,34.23938708485502,68.47877416971004,-1.324346085596062e-05,False,True
pool1we0xjccr3vc4ypnmhzsgwp7sxpsytu8dtv0syeqmtrllvcex68q,JUNO,1433286.518714,1000.0,1051.265409,170.0,0.0,True,425.6802852952703,170.18753252485436,212.8397311282363,170.03142144077822,340.06284288155643,169.87531035670207,True,False,425.6802852952703,85.2498770446683,212.8397311282363,85.09376596059214,170.18753192118427,84.93765487651598,True,False
pool1we9umarzn0l6jp8mcm98y28lxuuzcurzpjldnjwtgdhgw068mnr,,215827.910017,70000.0,71074.992968,170.0,0.0299,True,64.11151350625035,64.11151350625035,32.05281801865163,32.05281801865163,64.10563603730326,-0.005877468947090847,False,True,64.11151350625035,64.11151350625035,32.05281801865163,32.05281801865163,64.10563603730326,-0.005877468947090847,False,True
pool1wewygdzelh9m4m0kj8u70pmr957lxkzl8km4mttsrdd7wht00vu,,215401.611468,3000.0,21236.561856,340.0,0.02,True,63.973890287712635,63.973890287712635,31.986762057228688,31.986762057228688,63.973524114457376,-0.0003661732552586727,False,True,63.973890287712635,63.973890287712635,31.986762057228688,31.986762057228688,63.973524114457376,-0.0003661732552586727,False,True
pool1wf7wk3802jxtkmek6uprm77cgqx53t4qep9kwkl078w3yw0ff69,DNEWS,17443515.320786,75000.0,75035.21265,340.0,0.05,True,5182.131801744008,601.894107889918,2590.691093244523,461.7320717682152,923.4641435364304,321.57003564651234,True,False,5182.131801744008,441.0888180226018,2590.691093244523,300.92678190089896,601.8535638017979,160.76474577919612,True,False
pool1wg3xyzscx4qp0d4zmvlh7ksw8cupqcnegulmezl0cp77vtwlvgr,PrepU,635.138393,10000.0,6.644858,340.0,0.03,False,0.0,0.0,0.0,0.0,0.0,0.0,False,False,0.0,0.0,0.0,0.0,0.0,0.0,False,False
pool1wggqaqs4pw2l4vml0k0p2kmvpq7pme3fl6smwc8cjjhvvuun9ww,XST,24423.188121,4810.0,5391.04427,170.0,0.01,True,7.253668234973841,7.253668234973841,3.626807009604324,3.626807009604324,7.253614019208648,-5.421576519282212e-05,False,True,7.253668234973841,7.253668234973841,3.626807009604324,3.626807009604324,7.253614019208648,-5.421576519282212e-05,False,True
pool1wh23dzv4mjrm2lv5y5k3pk9yx8dpggd63ma6duesvzvvymawpny,VENOM,5265.858289,100.0,7.441721,340.0,0.0,False,0.0,0.0,0.0,0.0,0.0,0.0,False,False,0.0,0.0,0.0,0.0,0.0,0.0,False,False
pool1whk6lawmfz4zq5fw8zghglp23452gnm9zgs59nqafhpexwcvute,WA1,20252592.99481,50000.0,93421.664486,340.0,0.048935,True,6016.076388431862,642.6602916616023,3007.747691572836,482.2498992537463,964.4997985074926,321.83950684589036,True,False,6016.076388431862,481.72504802875306,3007.747691572836,321.31465562089716,642.6293112417943,160.90426321304125,True,False
pool1whmm0hkxunyhxsr6dfjpx2tpvd05qhev820lx9vcmvqa5wjc6nh,1COMM,64130531.267965,402000.0,410208.141931,340.0,0.0085,True,19076.030083577578,618.0817780370644,9530.596852496294,476.4076329170799,952.8152658341598,334.73348779709545,True,False,19076.030083577578,450.60493273181146,9530.596852496294,308.930787611827,617.861575223654,167.2566424918425,True,False
pool1whzghlghkuqn8qf3ehpm3a4rugv0xxmgzau43zqer2awy2rngef,,20369.775749,10000.0,10.0,340.0,0.03,False,0.0,0.0,0.0,0.0,0.0,0.0,False,False,0.0,0.0,0.0,0.0,0.0,0.0,False,False
pool1wjsshqjpl3n6zlscnfvyy9gxklkav2dvfyprfye6l0kewyvv6yj,SAFE,389005.455774,180000.0,195298.048369,340.0,0.055,True,115.57601901751974,115.57601901751974,57.777130530570915,57.777130530570915,115.55426106114183,-0.021757956377911114,False,True,115.57601901751974,115.57601901751974,57.777130530570915,57.777130530570915,115.55426106114183,-0.021757956377911114,False,True
pool1wjt7mjhdaj857hwk3qg2wswn30ghjczm2qetrs7k6sjc20x4hfx,,1045.574031,1000.0,1000.0,340.0,0.5,True,0.3105300998849815,0.3105300998849815,0.15526503684276577,0.15526503684276577,0.31053007368553154,-2.619944994286527e-08,False,True,0.3105300998849815,0.3105300998849815,0.15526503684276577,0.15526503684276577,0.31053007368553154,-2.619944994286527e-08,False,True
pool1wkaj4sy8set0fzrzgeyl8a8du9fg9fmx06yau2hyfemfy7k5mse,NODRS,1000.0,1000.0,1000.0,340.0,0.02,True,0.296994797405532,0.296994797405532,0.14849739869720713,0.14849739869720713,0.29699479739441426,-1.1117717857445086e-11,False,True,0.296994797405532,0.296994797405532,0.14849739869720713,0.14849739869720713,0.29699479739441426,-1.1117717857445086e-11,False,True
pool1wkk7mlwet6pgqk9gd706trlw25vnu9a7ygvrugap0swjcfty7vd,,1.322858,6050.0,1.322858,340.0,0.05,False,0.0,0.0,0.0,0.0,0.0,0.0,False,False,0.0,0.0,0.0,0.0,0.0,0.0,False,False
pool1wll3vr4v605eap9hpjfpda5cjegqfkjt8hrz3kkxpnffqejhav3,,198095.658197,6500.0,6505.049207,310.0,0.01,True,58.83481122947117,58.83481122947117,29.4170477594087,29.4170477594087,58.8340955188174,-0.0007157106537718505,False,True,58.83481122947117,58.83481122947117,29.4170477594087,29.4170477594087,58.8340955188174,-0.0007157106537718505,False,True
pool1wlzug8x3xu6dy60pdj6mrkcpvc0fa0cjje6fzxegl4f8ua97dvw,TIPFS,101624.051863,100000.0,100460.144794,170.0,0.03,True,30.182016400501183,30.182016400501183,15.090955890350196,15.090955890350196,30.181911780700393,-0.00010461980079057298,False,True,30.182016400501183,30.182016400501183,15.090955890350196,15.090955890350196,30.181911780700393,-0.00010461980079057298,False,True
pool1wm5pnu72efdcvjm34r7ykkxx2h549swddjrn6r2aqy3tvjc4l57,FGMT6,50743602.65406,2e-06,9.820727,170.0,0.1,True,15070.585989117277,1660.0611943350232,7535.292994558608,906.5305823619848,1813.0611647239696,152.9999703889464,True,False,15070.585989117277,1583.561209140547,7535.292994558608,830.0305971675086,1660.0611943350173,76.49998519447036,True,False
pool1wm5quxelvgk8q50jyfznf9asvelp9zf0tk2wu4jazlw9yj4uctw,EU01,690118.019,250000.0,294405.489505,170.0,0.035,True,205.0885512802072,185.67302417311598,102.5124232050243,102.5124232050243,205.0248464100486,19.351822236932634,True,False,205.0885512802072,138.64002497848492,102.5124232050243,92.82228454034258,185.64456908068516,47.00454410220024,True,False
pool1wm89xjqp96t3mlun3pa5suxa3t4s5lluq239en0nxl7pcm5tprc,SHOP,77822.631972,1.0,2569.152315,2500.0,0.0,True,23.112916904371794,23.112916904371794,11.556458429826899,11.556458429826899,23.112916859653797,-4.471799641692087e-08,False,True,23.112916904371794,23.112916904371794,11.556458429826899,11.556458429826899,23.112916859653797,-4.471799641692087e-08,False,True
pool1wmyr8pp6f3rll0hdxed6e8kkxzvj9ur0ecc45sttan3fqcfldcm,,10010.883882,10000.0,10010.883882,340.0,0.05,True,2.9731805701585263,2.9731805701585263,1.4865902482437885,1.4865902482437885,2.973180496487577,-7.367094934096485e-08,False,True,2.9731805701585263,2.9731805701585263,1.4865902482437885,1.4865902482437885,2.973180496487577,-7.367094934096485e-08,False,True
pool1wn5cmtuzkgqfnh6htjplu7uleq5qxk4thc6wtm2fjrgmspqutaj,,23031.430473,10000.0,1.368283,170.0,0.0,False,0.0,0.0,0.0,0.0,0.0,0.0,False,False,0.0,0.0,0.0,0.0,0.0,0.0,False,False
pool1wn7g7fs8nhqnkkzcafzucl6x6spa6rj980kkkg0rcnyajg62lur,,529.535642,100.0,497.625262,345.0,0.05,True,0.15726938007112426,0.15726938007112426,0.07863467769450842,0.07863467769450842,0.15726935538901685,-2.4682107413465104e-08,False,True,0.15726938007112426,0.15726938007112426,0.07863467769450842,0.07863467769450842,0.15726935538901685,-2.4682107413465104e-08,False,True
pool1wngesrk9ju3x7fzmuqae49lp385k5khgmtz97rza629pwg86nlj,SKYW,10923.301128,0.0,7.510763,340.0,0.0,True,3.2441636053480556,3.2441636053480556,1.6220818026740278,1.6220818026740278,3.2441636053480556,0.0,False,False,3.2441636053480556,3.2441636053480556,1.6220818026740278,1.6220818026740278,3.2441636053480556,0.0,False,False
pool1wnpac2c9am0h3yx2luh9tlsdhcpz2tmfyqjm8g8f67afk7fa6mh,FNX,1381173.754492,10000.0,28233.524245,170.0,0.05,True,410.21717954700495,186.67578159386446,205.1046494750054,172.43695088202387,344.87390176404773,158.19812017018327,True,False,410.21717954700495,107.57644797480962,205.1046494750054,93.33761726296903,186.67523452593807,79.09878655112844,True,False
pool1wnshjhwqv9j7fgd4tkynpsqr0xczns4pghljy5j4z4qjj7qy4d4,GXY,3041.656534,1.0,346.365722,340.0,0.0,True,0.9033561695419086,0.9033561695419086,0.4516780838973407,0.4516780838973407,0.9033561677946814,-1.747227140747043e-09,False,True,0.9033561695419086,0.9033561695419086,0.4516780838973407,0.4516780838973407,0.9033561677946814,-1.747227140747043e-09,False,True
pool1wntxmftndrsj7y4aqles8knl3nfuyj22l83jun02yyx9s962gm3,CBROS,125481.656662,70000.0,78472.688428,170.0,0.01,True,37.27187164568874,37.27187164568874,18.634816571261887,18.634816571261887,37.26963314252377,-0.0022385031649676534,False,True,37.27187164568874,37.27187164568874,18.634816571261887,18.634816571261887,37.26963314252377,-0.0022385031649676534,False,True
pool1wp0yez530qyyxu6nzeej9m9f2sma2w4r54hkw7dfewtts7qqvwc,,296.679888,100.0,108.656116,340.0,0.01,True,0.08811240582980694,0.08811240582980694,0.04405619726406075,0.04405619726406075,0.0881123945281215,-1.1301685434728093e-08,False,True,0.08811240582980694,0.08811240582980694,0.04405619726406075,0.04405619726406075,0.0881123945281215,-1.1301685434728093e-08,False,True
pool1wp7vqk4mkx0w0wxzpy8avhft4qwcg60xldwem2uh9n4pw777fhz,,25294.029322,1000.0,1459.361389,200.0,0.03,True,7.5122230338080875,7.5122230338080875,3.7561045368256596,3.7561045368256596,7.512209073651319,-1.3960156768355603e-05,False,True,7.5122230338080875,7.5122230338080875,3.7561045368256596,3.7561045368256596,7.512209073651319,-1.3960156768355603e-05,False,True
pool1wp9p6rlpratng7rhrvyz6mcjqsl04laxxvvuu06umc5vghacqa4,BNP,24651.025828,2.0,17.639298,345.0,0.06,True,7.321226477915437,7.321226477915437,3.660613224793854,3.660613224793854,7.321226449587708,-2.8327729495458698e-08,False,True,7.321226477915437,7.321226477915437,3.660613224793854,3.660613224793854,7.321226449587708,-2.8327729495458698e-08,False,True
pool1wpj6th0242z6l2s7zl357a6rv8s7a4lq9x0p74mev453qczweyf,ROCK,6235.559617,500.0,6235.559617,345.0,0.005,True,1.8519320608685181,1.8519320608685181,0.9259652064813905,0.9259652064813905,1.851930412962781,-1.647905737200972e-06,False,True,1.8519320608685181,1.8519320608685181,0.9259652064813905,0.9259652064813905,1.851930412962781,-1.647905737200972e-06,False,True
pool1wpmjtfqcwvtcs9znpuulk99yk2zz6pfh0c4k9f2xlcspgqjndk2,MS4,43868856.106392,100000.0,102728.446046,340.0,0.025,True,13033.858640613165,686.3287549558556,6515.669355054958,508.49186203415155,1016.9837240683031,330.6549691124475,True,False,13033.858640613165,520.9668945483454,6515.669355054958,343.1300016266413,686.2600032532825,165.29310870493714,True,False
pool1wpp9pslecqwv4wjr4gfhcsv9hmagz882q6fl6umwup8guxy5whm,,6.638814,150000.0,6.638814,340.0,0.031415,False,0.0,0.0,0.0,0.0,0.0,0.0,False,False,0.0,0.0,0.0,0.0,0.0,0.0,False,False
pool1wpzr2xafvtne6cnvlyzjqf8dlj2dg7tgkv3vu4zt687266ep7wg,ZOD,1290.897318,14500.0,24.683173,340.0,0.0,False,0.0,0.0,0.0,0.0,0.0,0.0,False,False,0.0,0.0,0.0,0.0,0.0,0.0,False,False
pool1wr5ky4r3hz6hxenllvxpuncg7jya8gv89jta03059w9eqqjy6c6,CREAM,413.801996,100.0,153.115046,340.0,0.0,True,0.12289707602543706,0.12289707602543706,0.06144852899682427,0.06144852899682427,0.12289705799364854,-1.8031788520667114e-08,False,True,0.12289707602543706,0.12289707602543706,0.06144852899682427,0.06144852899682427,0.12289705799364854,-1.8031788520667114e-08,False,True
pool1wr79nyuty7wjgkey5vlfx9rn0x5ecxgge5mq45fpftqhye2shc0,BTV4,15634105.709602,2.0,9.820727,170.0,0.02,True,4643.248093542942,259.4677155900778,2321.624037787776,213.03380528959332,426.06761057918663,166.59989498910886,True,False,4643.248093542942,176.1677679158439,2321.624037787776,129.73385761535945,259.4677152307189,83.299947314875,True,False
pool1wrjg8fts9cus0eq8jyf5wqsfe64e8tvrquxgff3tyze4qal4hwq,TPOOL,156347.645108,1000.0,16808.304223,340.0,0.018,True,46.43461571592716,46.43461571592716,23.217263224033292,23.217263224033292,46.434526448066585,-8.926786057372738e-05,False,True,46.43461571592716,46.43461571592716,23.217263224033292,23.217263224033292,46.434526448066585,-8.926786057372738e-05,False,True
pool1wsar9vtmyghy3htc7gz0gwq70ap0v7wrq9hq83qwx5auvzfm6fg,ARAT,38892.613362,100000.0,0.0,345.0,0.0222,False,0.0,0.0,0.0,0.0,0.0,0.0,False,False,0.0,0.0,0.0,0.0,0.0,0.0,False,False
pool1wsr9ehtfvc4cs3rzfv65jjv7w7pe3xngw58mtt0ex4jck5frw79,S0716,928.651575,500.0,9.823411,340.0,0.01,False,0.0,0.0,0.0,0.0,0.0,0.0,False,False,0.0,0.0,0.0,0.0,0.0,0.0,False,False
pool1wsug8q6kjtje0hzwp68lchwll0046t6huua3f7p35fttx7fcwm8,FSTR,7.597052,2000.0,7.597052,170.0,0.0,False,0.0,0.0,0.0,0.0,0.0,0.0,False,False,0.0,0.0,0.0,0.0,0.0,0.0,False,False
pool1wt0pf4u2xktp0f7apveu242w6nkm4ltk3m8g039lvuhwq4zdtf3,ECO,40599270.087857,100000.0,111040.79599,340.0,0.025,True,12062.432363824511,664.3206448600531,6030.050337160042,497.4247338230608,994.8494676461216,330.52882278606853,True,False,12062.432363824511,499.02397842727027,6030.050337160042,332.128067390278,664.256134780556,165.2321563532857,True,False
pool1wthsvhhxueqfd9eqjdj8pgyprhr4gptn5g63z9rdrtelcfumnvg,UPBIT,35303817.30244,200000.0,35280961.566711,340.0,1.0,True,10493.139565618943,10493.139565618943,5244.544791469397,5244.544791469397,10489.089582938794,-4.0499826801496965,False,True,10493.139565618943,10493.139565618943,5244.544791469397,5244.544791469397,10489.089582938794,-4.0499826801496965,False,True
pool1wu4f8u7apml5nke7mjcvj2fvn0apfychx2957lf9gcuzxa07w6g,H4T1,31019.794875,10000.0,11462.324834,340.0,0.03,True,9.212959308574689,9.212959308574689,4.606419244896346,4.606419244896346,9.212838489792691,-0.00012081878199765583,False,True,9.212959308574689,9.212959308574689,4.606419244896346,4.606419244896346,9.212838489792691,-0.00012081878199765583,False,True
pool1wumx7h5vnkjwhv0rycjwdqd8cykvr380etvszgevquxwz02p5wx,SOLAR,738.618195,100.0,110.623414,340.0,0.01,True,0.21936583456599518,0.21936583456599518,0.10968289893476403,0.10968289893476403,0.21936579786952806,-3.669646711501606e-08,False,True,0.21936583456599518,0.21936583456599518,0.10968289893476403,0.10968289893476403,0.21936579786952806,-3.669646711501606e-08,False,True
pool1wun8t7nt4daw2zgv0vj7cmwru97vsw0fccucjzuvs7y0qlc8xyv,BCW,5073891.256319,1.0,1128.380425,340.0,0.05,True,1506.9193114840828,398.59250070868177,753.4596542842577,360.76033436780784,721.5206687356157,322.9281680269339,True,False,1506.9193114840828,237.12841662201762,753.4596542842577,199.29625028114373,398.59250056228746,161.46408394026983,True,False
pool1wuu2at4ccsqnlaw9q080wz7y0hq7m5utclffjfn3g0vd2j9xs8j,,816.886634,5000.0,0.0,345.0,0.0,False,0.0,0.0,0.0,0.0,0.0,0.0,False,False,0.0,0.0,0.0,0.0,0.0,0.0,False,False
pool1wvaj307ee8jfewv9qjtgk0q3elmpe5lz4n2dec2303062f7dc4c,,67129408.809597,0.0,0.0,340.0,0.05,True,19937.085168364294,1319.8542584182146,9968.542584182147,821.4271292091073,1642.8542584182146,323.0,True,False,19937.085168364294,1158.3542584182146,9968.542584182147,659.9271292091073,1319.8542584182146,161.5,True,False
pool1wvezktuplgsgwxvccvaw6vyq3l8v3ecupe56apngyjuaw4jxg9u,,12622.608709,2500.0,4091.928741,340.0,0.04,True,3.748878200592407,3.748878200592407,1.8744318290198312,1.8744318290198312,3.7488636580396624,-1.454255274468963e-05,False,True,3.748878200592407,3.748878200592407,1.8744318290198312,1.8744318290198312,3.7488636580396624,-1.454255274468963e-05,False,True
pool1wvgf640twac8y7raqfz8hlqz4sajyw2gfpcxkq80wygekcx2402,VINA,3503.566282,1000.0,2043.866091,340.0,0.01,True,1.040543835326289,1.040543835326289,0.5202711983419571,0.5202711983419571,1.0405423966839142,-1.4386423747847488e-06,False,True,1.040543835326289,1.040543835326289,0.5202711983419571,0.5202711983419571,1.0405423966839142,-1.4386423747847488e-06,False,True
pool1wvhd4nf6mar2x0zaek2te6lqkrckk9mxtjctezy878a3zprru7s,AD247,43905.870176,500.0,5331.404045,340.0,0.0,True,13.039839959299925,13.039839959299925,6.5199137441006085,6.5199137441006085,13.039827488201217,-1.2471098708388695e-05,False,True,13.039839959299925,13.039839959299925,6.5199137441006085,6.5199137441006085,13.039827488201217,-1.2471098708388695e-05,False,True
pool1ww3v7euue6vkzstk2gm5r2s9jsnj9zgtvvscfcmhwfxlzpfgap2,kowln,18083.50641,1800.0,3394.170995,380.0,0.028,True,5.370741007900032,5.370741007900032,2.6853620824543243,2.6853620824543243,5.370724164908649,-1.684299138382528e-05,False,True,5.370741007900032,5.370741007900032,2.6853620824543243,2.6853620824543243,5.370724164908649,-1.684299138382528e-05,False,True
pool1wwjj0tcr6w9nvk0jpvnrqq9p7ukn7wux0h669wcw25t0zmx3zfh,,21927.7585,1000.0,4957.047843,340.0,0.0,True,6.512454244351761,6.512454244351761,3.25622110928228,3.25622110928228,6.51244221856456,-1.2025787200720117e-05,False,True,6.512454244351761,6.512454244351761,3.25622110928228,3.25622110928228,6.51244221856456,-1.2025787200720117e-05,False,True
pool1wwzctexlp70mj00vv65mlhwhwresn58s9x7jl4tswvkg77eu7n7,UKADA,3299158.438787,100000.0,102384.350515,340.0,0.01,True,980.2010422908338,366.07099675346234,490.0084224627719,346.1088140079008,692.2176280158016,326.1466312623392,True,False,980.2010422908338,202.993930574734,490.0084224627719,183.03174782917247,366.06349565834495,163.06956508361094,True,False
pool1wx9rs2z0nuzds7aj9dvptwcruxputh3dvvfcavnwr6hkjvly20w,IAGON,545.391716,100.0,100.0,340.0,0.0,True,0.16197855337841738,0.16197855337841738,0.08098926389259192,0.08098926389259192,0.16197852778518385,-2.5593233532461568e-08,False,True,0.16197855337841738,0.16197855337841738,0.08098926389259192,0.08098926389259192,0.16197852778518385,-2.5593233532461568e-08,False,True
pool1wxktpcvaceu8zcsmjk5k0nu2nldm762ra6m9ept87fcvsqucdkx,IGF,1845.225224,1800.0,1845.225224,340.0,0.0,True,0.5480223851853443,0.5480223851853443,0.2740111691707843,0.2740111691707843,0.5480223383415685,-4.684377574726284e-08,False,True,0.5480223851853443,0.5480223851853443,0.2740111691707843,0.2740111691707843,0.5480223383415685,-4.684377574726284e-08,False,True
pool1wxn9nsl8rvxa6r8e5eaak0ml6etfxnz2n9vqrmsw5nzgyexgkrn,,1736060.075872,250000.0,540385.525086,340.0,0.01,True,516.0293800655788,396.00524361336676,257.90734658719606,257.90734658719606,515.8146931743921,119.80944956102536,True,False,516.0293800655788,280.0921887058587,257.90734658719606,197.96846957699017,395.93693915398035,115.84475044812166,True,False
pool1wxpzjtfr79pdfs6m6vg6xmcqjh79ff9d6sgzfdpvs2q26swahew,DMOON,242898.865872,129990.0,140807.753681,340.0,0.015,True,72.15662776880254,72.15662776880254,36.07407420104643,36.07407420104643,72.14814840209286,-0.00847936670967897,False,True,72.15662776880254,72.15662776880254,36.07407420104643,36.07407420104643,72.14814840209286,-0.00847936670967897,False,True
pool1wxzumlr95mjxhgxnd6cmxcey38pwe5zwu0ly2mlme07qy8n00r9,STRIP,187.71668,1.0,47.622886,340.0,0.05,True,0.055750877558039334,0.055750877558039334,0.02787543872537394,0.02787543872537394,0.05575087745074788,-1.0729145349941405e-10,False,True,0.055750877558039334,0.055750877558039334,0.02787543872537394,0.02787543872537394,0.05575087745074788,-1.0729145349941405e-10,False,True
pool1wydmv34dnmz4ek9s3p9jwaslwuutfyt8wlxt0mkunjkcufznl97,JUP,551.27766,100000.0,255.78398,345.0,0.01,False,0.0,0.0,0.0,0.0,0.0,0.0,False,False,0.0,0.0,0.0,0.0,0.0,0.0,False,False
pool1wyfau3rlkckr3clr4mkyxn9vdlrkup0fj7uyyflfccmms24gm3a,TERA,14923379.493298,300.0,802.756096,340.0,0.01,True,4432.171214091464,381.1396363205931,2216.08432076955,358.86075206175406,717.7215041235081,336.581867802915,True,False,4432.171214091464,212.84868948787454,2216.08432076955,190.5698052290355,381.139610458071,168.29092097019645,True,False
pool1wyu23ahrnql8hc0y5jx00y2evnmw05d2rxnyqlgqq4lxs93q7ue,USA,183800.98931,10.0,180542.304681,170.0,0.0,True,54.587939692541156,54.587939692541156,27.29396931821905,27.29396931821905,54.5879386364381,-1.0561030521216708e-06,False,True,54.587939692541156,54.587939692541156,27.29396931821905,27.29396931821905,54.5879386364381,-1.0561030521216708e-06,False,True
pool1wz27a9pvd2jat98s375lxaaj7qxy405km4vzp83wn5vtwp59kvh,BRADA,5243696.011448,0.0,6511.333313,500.0,0.0,True,1557.350434498464,501.31295961715443,778.675217249232,500.34604355813553,1000.6920871162711,499.37912749911663,True,False,1557.350434498464,251.62339586759612,778.675217249232,250.65647980857722,501.31295961715443,249.68956374955832,True,False
pool1x08dl5dy0wsu6y9xp55drk4xeycgjnvutqdqm8wsqn5pwm6yx4k,,1239.63184,500.0,1013.555226,340.0,0.5,True,0.36816463217294365,0.36816463217294365,0.1840822098326294,0.1840822098326294,0.3681644196652588,-2.1250768483804805e-07,False,True,0.36816463217294365,0.36816463217294365,0.1840822098326294,0.1840822098326294,0.3681644196652588,-2.1250768483804805e-07,False,True
pool1x0necz9ktlnah9505f3fkdncrlepz0q2gyfp4r7pjxnq53qw5kx,MEGA,79522.327493,10000.0,35254.75712,170.0,0.01,True,23.6185166404122,23.6185166404122,11.809058530823226,11.809058530823226,23.61811706164645,-0.0003995787657480321,False,True,23.6185166404122,23.6185166404122,11.809058530823226,11.809058530823226,23.61811706164645,-0.0003995787657480321,False,True
pool1x0pr0y3hzlju5gxera9zt8fnxgzmqa4dqhm0wwu8ympxz37dwqw,GCHO,371.383728,200.0,200.0,340.0,0.03,True,0.11029907444410735,0.11029907444410735,0.0551495273738908,0.0551495273738908,0.1102990547477816,-1.9696325750939714e-08,False,True,0.11029907444410735,0.11029907444410735,0.0551495273738908,0.0551495273738908,0.1102990547477816,-1.9696325750939714e-08,False,True
pool1x0qm7xsyh2za3ltprxsgael544je4hg8tc3q3v5gv232z8jt4wp,PPCX1,10884965.948736,1000.0,13878.851401,340.0,0.035,True,3232.790765036213,444.80702752517334,1616.3922553762861,386.24422888064146,772.4884577612829,327.6814302361096,True,False,3232.790765036213,280.9661991094536,1616.3922553762861,222.40340046492173,444.80680092984346,163.84060182038985,True,False
pool1x2h98z6e5xvrg5zw3v3dlu8hqdtj6lhp6r3w5ge7rvcqcx3pafq,KTN4,3508958.843709,50000.0,61225.994819,340.0,0.05,True,1042.3414101469398,386.7591204091646,521.1209664918364,352.0583194418854,704.1166388837707,317.35751847460614,True,False,1042.3414101469398,228.07704977331093,521.1209664918364,193.3762488060317,386.7524976120634,158.67544783875246,True,False
pool1x3wuw3ungmrq5padffsqne82fx5uesy6dc2qmj83xyanq4rgnz0,,18460.783481,500000.0,3.0,345.0,0.03,False,0.0,0.0,0.0,0.0,0.0,0.0,False,False,0.0,0.0,0.0,0.0,0.0,0.0,False,False
pool1x5dfpgp987e4jhxvgczr3wv50nv2pwd873tlx3uthvcasm422q6,QXT,7609693.647676,50000.0,73070.728133,340.0,0.02,True,2260.4741014790584,396.481672383595,1130.1283458930175,363.2378923201053,726.4757846402106,329.99411225661555,True,False,2260.4741014790584,231.48141921580498,1130.1283458930175,198.2376391523152,396.4752783046304,164.99385908882545,True,False
pool1x7j89z3n7y7g8syk06nahcrwkdphhw6dymt8r3gf8ulyksrzh5t,ALLIN,1212883.828561,2550.0,3430.32573,340.0,0.015,True,360.2237340074487,340.3596956063587,180.11098021773358,180.11098021773358,360.22196043546717,19.862264829108483,True,False,360.2237340074487,173.3832842798675,180.11098021773358,170.17983203096713,340.35966406193427,166.97637978206677,True,False
pool1x89ssjp53eczthatft9w74749558nsz3pq5jn056634pgt5m58s,HOPE2,5684970.881658,100.0,6295.257727,340.0,0.0,True,1688.4074285009303,341.49316020435606,844.2035509176508,340.55833026517973,681.1166605303595,339.6235003260034,True,False,1688.4074285009303,171.6814098604876,844.2035509176508,170.74657992131128,341.49315984262256,169.81174998213496,True,False
pool1x96hyvvamshl5ymcpdshz4ymqjp33vvz9s8dx06xxwpzzkhgra7,,106.115657,0.0,6.821475,340.0,0.01,True,0.0315157980506969,0.0315157980506969,0.01575789902534845,0.01575789902534845,0.0315157980506969,0.0,False,False,0.0315157980506969,0.0315157980506969,0.01575789902534845,0.01575789902534845,0.0315157980506969,0.0,False,False
pool1x9ar8wy7ljw83ppe6y9p6h2yskrmf5dfa0td36ypk6vtgqzwqh7,,6008.222335,5754.0,5754.184727,340.0,0.025,True,1.7844124591181718,1.7844124591181718,0.8922058081763612,0.8922058081763612,1.7844116163527224,-8.427654494269632e-07,False,True,1.7844124591181718,1.7844124591181718,0.8922058081763612,0.8922058081763612,1.7844116163527224,-8.427654494269632e-07,False,True
pool1x9kerklpmyrzx22z944l9n8x9gn8s597vqy4hsllujetue8e5g8,,29.887832,1000.0,0.0,340.0,0.0125,False,0.0,0.0,0.0,0.0,0.0,0.0,False,False,0.0,0.0,0.0,0.0,0.0,0.0,False,False
pool1x9q4jf3zwftwygeeulku8xtlywmtmzwxjk2g3fz3j5mlwjqnr3p,,746193.525108,25000.0,38979.307969,340.0,0.03,True,221.63632238818568,221.63632238818568,110.81297843381118,110.81297843381118,221.62595686762236,-0.010365520563311748,False,True,221.63632238818568,174.16552308158492,110.81297843381118,110.81297843381118,221.62595686762236,47.46043378603744,True,False
pool1x9tc05u8dqefrdyw9pgxn72szr7p2peyd7xgqs3l28s76f59c0y,STBL5,7.900602,0.0,7.900602,340.0,1.0,True,0.002346437690254625,0.002346437690254625,0.0011732188451273125,0.0011732188451273125,0.002346437690254625,0.0,False,False,0.002346437690254625,0.002346437690254625,0.0011732188451273125,0.0011732188451273125,0.002346437690254625,0.0,False,False
pool1xa7zku52cj6aagevv5z685jm2ljhpqsekrrcrulpmkqrknnt2kz,,1060.257602,100.0,662.831859,340.0,0.015,True,0.31489110204506965,0.31489110204506965,0.15744552343323484,0.15744552343323484,0.3148910468664697,-5.517859996695407e-08,False,True,0.31489110204506965,0.31489110204506965,0.15744552343323484,0.15744552343323484,0.3148910468664697,-5.517859996695407e-08,False,True
pool1xamkqfkkfm4eldv88jhdcm5uzs8kd3p776e789hqv8yfzjgqh9s,,184.798262,0.0,1.434673,340.0,0.075,True,0.054884122380845037,0.054884122380845037,0.027442061190422518,0.027442061190422518,0.054884122380845037,0.0,False,False,0.054884122380845037,0.054884122380845037,0.027442061190422518,0.027442061190422518,0.054884122380845037,0.0,False,False
pool1xaudqyen24fz02vhu9qa2ry44suzfk8z3lh7sc6qx7c3gpweww2,OCEA7,690882.251649,1000.0,10099.619278,500.0,0.039,True,205.18922720214746,205.18922720214746,102.59441538658947,102.59441538658947,205.18883077317895,-0.0003964289685143285,False,True,205.18922720214746,205.18922720214746,102.59441538658947,102.59441538658947,205.18883077317895,-0.0003964289685143285,False,True
pool1xaxps54m30n35fegcweum3c86pr7xp2mmcvfsd007v9ps9xu8js,DECNT,5172.169595,0.0,7.219836,340.0,0.025,True,1.536107460937407,1.536107460937407,0.7680537304687035,0.7680537304687035,1.536107460937407,0.0,False,False,1.536107460937407,1.536107460937407,0.7680537304687035,0.7680537304687035,1.536107460937407,0.0,False,False
pool1xc6la5z92seku86c4rdnuvxjdc3fh8pdtanlgxdy99cxjrkhzkd,,2139766.562145,50000.0,50098.49646,340.0,0.2,True,635.6196983992661,404.66103056659574,317.7797988345275,317.7797988345275,635.559597669055,230.8985671024593,True,False,635.6196983992661,271.84520758809754,317.7797988345275,202.3239423533235,404.647884706647,132.80267711854947,True,False
pool1xcesfga2h2fh7s4es4v2nsu4npc3ayg5x93m4mvt7whn2pfswma,,7.621654,2.0,7.621654,340.0,0.06,True,0.002263591598433379,0.002263591598433379,0.0011317957959863653,0.0011317957959863653,0.0022635915919727305,-6.4606484224960514e-12,False,True,0.002263591598433379,0.002263591598433379,0.0011317957959863653,0.0011317957959863653,0.0022635915919727305,-6.4606484224960514e-12,False,True
pool1xcn2yddehm5ncjx0p24vkguth4rta7zv3getcztflxs3kh9rexd,MONAD,391496.094873,314.0,331.868674,340.0,0.01,True,116.27244453954393,116.27244453954393,58.1361869788295,58.1361869788295,116.272373957659,-7.058188492692352e-05,False,True,116.27244453954393,116.27244453954393,58.1361869788295,58.1361869788295,116.272373957659,-7.058188492692352e-05,False,True
pool1xcslzgl6t2pcdr0u8ef2zkjhdyxy8xmgvzp0mcdgrw4k5gtg94s,4FREE,606705.73441,5000.0,23681.86339,170.0,0.0,True,180.19190442322216,170.39782595506435,90.09508774442037,90.09508774442037,180.19017548884074,9.792349533776388,True,False,180.19190442322216,88.71567557141508,90.09508774442037,85.19887923433058,170.39775846866115,81.68208289724608,True,False
pool1xcy8wtzrmzdhr2sqjjm8qe0hrxr4dc23zsv9mdfegahv5t0jud9,,335.336647,10.0,2.450653,340.0,1.0,False,0.0,0.0,0.0,0.0,0.0,0.0,False,False,0.0,0.0,0.0,0.0,0.0,0.0,False,False
pool1xdcg6kg0g4y3wqf92f8uh44urz06suglhff036k5yak2g0m8zlc,00000,51874.793209,32000.0,34065.438468,340.0,0.0314,True,15.40727539737055,15.40727539737055,7.703454675612242,7.703454675612242,15.406909351224485,-0.00036604614606439156,False,True,15.40727539737055,15.40727539737055,7.703454675612242,7.703454675612242,15.406909351224485,-0.00036604614606439156,False,True
pool1xdgzul0qespnz56zzrckwf4hcryyql9ypc4tya2dlu9a22h43ag,BIKES,298510.364338,100000.0,100759.426072,170.0,0.02,True,88.67888309677323,88.67888309677323,44.33372153684069,44.33372153684069,88.66744307368138,-0.011440023091850549,False,True,88.67888309677323,86.29051532918909,44.33372153684069,44.33372153684069,88.66744307368138,2.376927744492292,True,False
pool1xdwe294ntvnken52vsaar7edxpxeths4dvsm84pm4chyq70r0ny,,105.303081,50000.0,0.0,340.0,0.2,False,0.0,0.0,0.0,0.0,0.0,0.0,False,False,0.0,0.0,0.0,0.0,0.0,0.0,False,False
pool1xed948ze4guhrkt9zxjmecjvgkvgf8gd8skkzgtacz6gsyk9m5c,WGM,70432652.339584,0.0,0.0,340.0,0.05,True,20918.131311284946,1368.9065655642473,10459.065655642473,845.9532827821237,1691.9065655642473,323.0,True,False,20918.131311284946,1207.4065655642473,10459.065655642473,684.4532827821237,1368.9065655642473,161.5,True,False
pool1xfj4dazvq0fszalwm30zr85ka9t65mwpq3vfrprdw35mwan3vq9,CNFTA,1505.382425,1008.0,1501.139082,340.0,0.025,True,0.44709132451742284,0.44709132451742284,0.22354551820362353,0.22354551820362353,0.44709103640724707,-2.881101757723492e-07,False,True,0.44709132451742284,0.44709132451742284,0.22354551820362353,0.22354551820362353,0.44709103640724707,-2.881101757723492e-07,False,True
pool1xflehvzad4wr6rrvf6eea65jst5af0r4k0rh4xvmnqgvkzt3xjt,EVE9,14.5784,10.0,13.096331,400.0,0.04,True,0.0043297090068976805,0.0043297090068976805,0.002164854490294593,0.002164854490294593,0.004329708980589186,-2.6308494445459463e-11,False,True,0.0043297090068976805,0.0043297090068976805,0.002164854490294593,0.002164854490294593,0.004329708980589186,-2.6308494445459463e-11,False,True
pool1xftlxx9slpz59thcgtwgdj3k9e0ntn3p4qnmzs3r84dkx0hccjc,SPS5,22744528.299043,1000.0,15012.343507,340.0,0.05,True,6755.032712106822,664.7741169575924,3377.509821464938,493.7801308720532,987.5602617441064,322.786144786514,True,False,6755.032712106822,503.3807137374641,3377.509821464938,332.38672765192496,664.7734553038499,161.39274156638584,True,False
pool1xj5f7a79lnc9v0gjn00fkf2lyzexngka59tpcew5rrkyqveagpt,GREEN,417764.372838,1000.0,2714.570705,340.0,0.0185,True,124.07432423794585,124.07432423794585,62.0370423757319,62.0370423757319,124.0740847514638,-0.00023948648204452638,False,True,124.07432423794585,124.07432423794585,62.0370423757319,62.0370423757319,124.0740847514638,-0.00023948648204452638,False,True
pool1xjhzgchsl2ccvc5pj3aqytv9hh0jnaz63wtfnw4th07tjypm46x,SECUR,53701446.621524,100000.0,104230.275241,170.0,0.03,True,15955.21832993001,673.275278575317,7976.066152157957,418.8784149317539,837.7568298635078,164.48155128819087,True,False,15955.21832993001,590.9853075267563,7976.066152157957,336.58844388319324,673.1768877663865,82.19158023963018,True,False
pool1xjqjwe0t7uw7wfdygvt99e5wjcuz6ex6rcx2p067aqxp6tsgwgm,NVET,19705091.041875,100.0,83262.276353,340.0,0.3,True,5852.311786132997,2009.9978167190836,2926.155326919666,1123.495911917938,2246.991823835876,236.99400711679232,True,False,5852.311786132997,1891.5006416420922,2926.155326919666,1004.9987368409464,2009.9974736818929,118.49683203980067,True,False
pool1xk3ck79lra9c9x5c684lylvg8vlexmh0eh7w90t6s0zvw6k5vn7,,1749.049326,0.0,2.572427,340.0,0.075,True,0.519458550201725,0.519458550201725,0.2597292751008625,0.2597292751008625,0.519458550201725,0.0,False,False,0.519458550201725,0.519458550201725,0.2597292751008625,0.2597292751008625,0.519458550201725,0.0,False,False
pool1xkrqy49edygfumvw9jxna55c373cmckzqq92m57ng82ycpykcmz,,102.61655,7000.0,102.61655,345.0,0.05,False,0.0,0.0,0.0,0.0,0.0,0.0,False,False,0.0,0.0,0.0,0.0,0.0,0.0,False,False
pool1xkwnlr34tjrnkz6u4c0p36cju3xuls4dyynsdkf6cv22ksuhz6q,EMUR2,16905917.015122,500.0,1253.492626,170.0,0.015,True,5020.979112891797,243.1189683654879,2510.487127867689,205.27823976969708,410.55647953939416,167.43751117390627,True,False,5020.979112891797,159.40017617249524,2510.487127867689,121.5594475767044,243.1188951534088,83.71871898091356,True,False
pool1xlfty06hg6q23qvcaxwv3p9ke7ff9n34qpr8tpxt2zflyq20ceh,SAKE,29895984.870515,25000.0,104410.890092,340.0,0.009,True,8879.810472144982,446.4149177734087,4439.690575767447,391.0864072381611,782.1728144763222,335.75789670291346,True,False,8879.810472144982,278.5332945313575,4439.690575767447,223.20478399610988,446.40956799221976,167.87627346086225,True,False
pool1xlgmew766a2ndakrn4sn63t00sf5z99w4ncd7k75r5thxqyln92,,7395.261117,100.0,103.613734,345.0,0.015,True,2.1963549154989113,2.1963549154989113,1.0981772481482905,1.0981772481482905,2.196354496296581,-4.1920233018188924e-07,False,True,2.1963549154989113,2.1963549154989113,1.0981772481482905,1.0981772481482905,2.196354496296581,-4.1920233018188924e-07,False,True
pool1xlphlhnjvfeh40vcqf9fdewztsj6kyxq6604kaccpv00umjfu0d,FISH,11626430.192207,500000.0,559993.258506,340.0,0.05,True,3459.4258535517274,638.7076742275071,1728.0983974149462,472.9204999114344,945.8409998228688,307.1333255953616,True,False,3459.4258535517274,484.9864085211461,1728.0983974149462,319.19923420507325,638.3984684101465,153.41205988900043,True,False
pool1xlra52x2es7dmsvpmcp2922h89h346awe7yuu664e50yvrzaaqe,CTAX,26521932.779141,100.0,16784.58036,20000.0,0.9999,True,7876.879100158837,7876.879100158837,3938.4387880769596,3938.4387880769596,7876.877576153919,-0.0015240049178828485,False,True,7876.879100158837,7876.879100158837,3938.4387880769596,3938.4387880769596,7876.877576153919,-0.0015240049178828485,False,True
pool1xlst0jw9safmz3c8m56zvl4m65y306dcp48hdks8ursmsz2awm2,OOH,55.450706,0.0,0.0,340.0,0.05,True,0.016468571193641732,0.016468571193641732,0.008234285596820866,0.008234285596820866,0.016468571193641732,0.0,False,False,0.016468571193641732,0.016468571193641732,0.008234285596820866,0.008234285596820866,0.016468571193641732,0.0,False,False
pool1xm4nalvh3yd7pzczlr84w4jlzymwqrnshlpv80u8s6zex997kc6,,11.7,100.0,0.0,340.0,0.04,False,0.0,0.0,0.0,0.0,0.0,0.0,False,False,0.0,0.0,0.0,0.0,0.0,0.0,False,False
pool1xmftxwzqqkug8uzl2n2yvxhm6k0tx4rjtel92wjgvrlfk0uqy8c,,3496.676876,110800.0,0.0,340.0,0.1,False,0.0,0.0,0.0,0.0,0.0,0.0,False,False,0.0,0.0,0.0,0.0,0.0,0.0,False,False
pool1xmlq3sgssww6kwu8dupgxukzhlk77j40p9c4r3qux3j5z2ysk2c,CF2,76301499.880772,76000000.0,76301499.880772,170.0,1.0,True,29220.50462506981,29220.50462506981,12153.785483671258,12153.785483671258,24307.570967342515,-4912.933657727295,False,True,29220.50462506981,29220.50462506981,12153.785483671258,12153.785483671258,24307.570967342515,-4912.933657727295,False,True
pool1xmn8ag7jctcpdqk9jtrzk9s7qgs4f3cehkxhtelgpag6c7fjxdm,,9074.692322,100000.0,1.0,340.0,0.01,False,0.0,0.0,0.0,0.0,0.0,0.0,False,False,0.0,0.0,0.0,0.0,0.0,0.0,False,False
pool1xmsdhync6k6grkkj7tuycskjpseykpr24luhlazl5nsngsy87gm,EVE3,34908842.618415,1000.0,1496.484437,400.0,0.04,True,10367.784758722994,799.1216007225152,5183.882349766136,591.5521680417446,1183.1043360834892,383.98273536097406,True,False,10367.784758722994,607.1298314454596,5183.882349766136,399.560398764689,799.120797529378,191.99096608391847,True,False
pool1xmtmp6cmmmaatkn3jd9dlht8xjyf7xnqmrurs59kj2ygxuz2jkd,NRVN,52448.809231,500.0,8359.218487,345.0,0.15,True,15.577053322050338,15.577053322050338,7.788519198224477,7.788519198224477,15.577038396448954,-1.4925601384163656e-05,False,True,15.577053322050338,15.577053322050338,7.788519198224477,7.788519198224477,15.577038396448954,-1.4925601384163656e-05,False,True
pool1xn4kqt45xh3udf87kmtkdfz8xh9qn6trlqsf39eusk23ufmxhgr,SKY3,6844185.901621,5.0,25946.723865,340.0,0.02,True,2032.68764448442,380.14249278392737,1016.3438124101725,356.0396554542105,712.079310908421,331.93681812449364,True,False,2032.68764448442,214.1740834885114,1016.3438124101725,190.07124615879457,380.14249231758913,165.96840882907773,True,False
pool1xn6rwtc6m7hnf66006uk3r0yp3yt5cq7u95esu3xg4mk52cva8w,LIVE,509.631061,500.0,500.624074,340.0,0.03,True,0.15135777924181168,0.15135777924181168,0.07567888823664351,0.07567888823664351,0.15135777647328702,-2.768524659524374e-09,False,True,0.15135777924181168,0.15135777924181168,0.07567888823664351,0.07567888823664351,0.15135777647328702,-2.768524659524374e-09,False,True
pool1xnaxushl47aeha3mr3uwnxcfkvzj0um6c4zxdr064d3y68z646c,ALPEN,656989.443409,0.0,4795.654826,170.0,0.0,True,195.12244663309022,170.18337978432615,97.56122331654511,97.56122331654511,195.12244663309022,24.93906684876407,True,False,195.12244663309022,85.8038321588649,97.56122331654511,85.09168989216307,170.18337978432615,84.37954762546124,True,False
pool1xpeupsjcwntlt78ak74kk9ymfhn2pac000yu9dp42qlpz58f0un,BAT,10704.426584,420.69,422.524743,170.0,0.0,True,3.1791639764582276,3.1791639764582276,1.5895807452357444,1.5895807452357444,3.179161490471489,-2.4859867386872736e-06,False,True,3.1791639764582276,3.1791639764582276,1.5895807452357444,1.5895807452357444,3.179161490471489,-2.4859867386872736e-06,False,True
pool1xpfe5q3v3axrjdc8h38taaa93frq3m9pfewxk46x4r6jgy2yj5n,MAPLE,2509.402123,100.0,118.301369,200.0,0.05,True,0.7452796519915018,0.7452796519915018,0.3726397567708785,0.3726397567708785,0.745279513541757,-1.3844974477983385e-07,False,True,0.7452796519915018,0.7452796519915018,0.3726397567708785,0.3726397567708785,0.745279513541757,-1.3844974477983385e-07,False,True
pool1xply0kq63yvhwl6v090yuf4mxwrq37rse75w69ddw4k7sxwnxd8,,188.239958,100.0,117.322622,345.0,0.99,True,0.055906298327991655,0.055906298327991655,0.02795314662875579,0.02795314662875579,0.05590629325751158,-5.0704800774736825e-09,False,True,0.055906298327991655,0.055906298327991655,0.02795314662875579,0.02795314662875579,0.05590629325751158,-5.0704800774736825e-09,False,True
pool1xpptvfwpqau6qg7j8e4qatkzeartxm7ezux95evgv4zm6xxd3px,,2.007228,25000.0,2.007228,340.0,0.05,False,0.0,0.0,0.0,0.0,0.0,0.0,False,False,0.0,0.0,0.0,0.0,0.0,0.0,False,False
pool1xrrrr8gldqz8pjxj6j8c638a9py04xuv66kfgn2dlsx9g52te0t,JP3,12697100.742161,50000.0,56520.740646,340.0,0.05,True,3771.7000627170523,526.0973017700483,1885.6681724533837,423.8198767574324,847.6397535148648,321.5424517448165,True,False,3771.7000627170523,365.3162138902002,1885.6681724533837,263.0387888775843,526.0775777551686,160.76136386496842,True,False
pool1xru6f3fflzwkptgm68pncrsncg9ngllv0jk8jnz40m7wusfhazk,OASIS,20758159.796429,0.0,5031.389035,340.0,1.0,True,6165.065462944379,6165.065462944379,3082.5327314721894,3082.5327314721894,6165.065462944379,0.0,False,False,6165.065462944379,6165.065462944379,3082.5327314721894,3082.5327314721894,6165.065462944379,0.0,False,False
pool1xs34q2z06a46nk7hl48d27dj5gzc6hh9trugw2ehs9ajsevqffx,SNAKE,55361104.473749,5000.0,10089.26243,340.0,0.01,True,16442.278115191915,503.9279888795762,8221.059527860174,420.2325130270515,840.465026054103,336.53703717452674,True,False,16442.278115191915,335.6586606460287,8221.059527860174,251.9631847935039,503.9263695870078,168.2677089409791,True,False
pool1xsj9s3mfpztls97x7jjql0msmeh5v3wa5vyqhmmmsx8jzsqxrsv,,74546244.340369,100.0,3151.305083,340.0,0.03,True,22139.855301283085,994.8895612808477,11069.925508845921,662.3377454551588,1324.6754909103176,329.78592962946993,True,False,22139.855301283085,829.9965321244198,11069.925508845921,497.44471629873095,994.8894325974619,164.89290047304212,True,False
pool1xt0gxs63r5vgjsrzhm7jfuhuqzga9pf8kqvp38qmdzn3wjxudvr,,2.228964,1e-06,2.228964,345.0,0.015,True,0.0006619907115711853,0.0006619907115711853,0.00033099535578559207,0.00033099535578559207,0.0006619907115711841,-1.1926223897340549e-18,False,False,0.0006619907115711853,0.0006619907115711853,0.00033099535578559207,0.00033099535578559207,0.0006619907115711841,-1.1926223897340549e-18,False,False
pool1xt0z35f0ms6xt5r8swhtd2xcymqxvk42m8fk5q8fnw8hjhr6yax,,97.510309,50.0,95.940954,340.0,0.01,True,0.02896005719500926,0.02896005719500926,0.014480027914991955,0.014480027914991955,0.02896005582998391,-1.365025349697735e-09,False,True,0.02896005719500926,0.02896005719500926,0.014480027914991955,0.014480027914991955,0.02896005582998391,-1.365025349697735e-09,False,True
pool1xt7mjrtnsew3v33lu8sf93upf20sxhmcrfnpm82ra46yxk7uy45,ETO3,57000082.283388,0.0,0.0,340.0,1.0,True,16928.727889008525,16928.727889008525,8464.363944504263,8464.363944504263,16928.727889008525,0.0,False,False,16928.727889008525,16928.727889008525,8464.363944504263,8464.363944504263,16928.727889008525,0.0,False,False
pool1xtrwqwu6jn896szjwsyxxjczl6hc9sq4lh5ax68f7dt3gc0y9rx,NERD2,2909886.090157,2500.0,2500.0,340.0,0.04,True,864.2293832809792,361.4015463866321,432.11260323060026,343.7604762604017,687.5209525208033,326.11940613417124,True,False,864.2293832809792,198.34175806068356,432.11260323060026,180.70068793445313,361.40137586890626,163.0596178082227,True,False
pool1xucruwwxsym3u9v0m4ex3az5d4vpz9xu877vsl9udpt0q237e9m,KLF,70027333.725618,0.0,0.0,340.0,0.05,True,20797.753791651437,1362.887689582572,10398.876895825719,842.943844791286,1685.887689582572,323.0,True,False,20797.753791651437,1201.387689582572,10398.876895825719,681.443844791286,1362.887689582572,161.5,True,False
pool1xvaagsvl9prlr20hvg2qv434yss5c88r2ml6n43wcpepxmw85lj,DCONE,10303339.938238,100.0,5229.422524,340.0,0.0,True,3060.0395414990912,341.3805461267658,1530.019474725729,340.6039900345357,681.2079800690714,339.82743394230556,True,False,3060.0395414990912,171.46682900536723,1530.019474725729,170.6902729131371,341.3805458262742,169.91371682090698,True,False
pool1xvfzclnwf0jyc9ekqmamshha9dmw8mpzd9ykgxjjpxnuwdv6mzk,PERK1,73397.057605,50000.0,68423.871581,340.0,0.015,True,21.79989141811155,21.79989141811155,10.899608577642818,10.899608577642818,21.799217155285636,-0.0006742628259139849,False,True,21.79989141811155,21.79989141811155,10.899608577642818,10.899608577642818,21.799217155285636,-0.0006742628259139849,False,True
pool1xwqye6mlftwjg706acz5fjqz7gmf4qdye99zsjl03a4ru68ghee,ANET,2877286.54039,100000.0,735829.786948,170.0,0.02,True,854.8587374184926,355.3382896441783,427.3494143144529,239.64458169835098,479.28916339670195,123.95087375252365,True,False,854.8587374184926,293.3412152973391,427.3494143144529,177.64750735151176,355.2950147030235,61.953799405684435,True,False
pool1xwy9ulstsdfwuh0q0jc76hjalvmh2mfal004ep6ka38k5z4zmh3,ZBP,8490.580319,5000.0,5007.027031,345.0,0.02,True,2.5216782423481825,2.5216782423481825,1.2608341055864651,1.2608341055864651,2.5216682111729303,-1.0031175252223079e-05,False,True,2.5216782423481825,2.5216782423481825,1.2608341055864651,1.2608341055864651,2.5216682111729303,-1.0031175252223079e-05,False,True
pool1xx3wxlhxu2l8qcvdvealhsry8r0ge966lmpp45ztkte77lx3qq0,,903.951793,1000.0,0.0,340.0,0.0,False,0.0,0.0,0.0,0.0,0.0,0.0,False,False,0.0,0.0,0.0,0.0,0.0,0.0,False,False
pool1xxhs2zw5xa4g54d5p62j46nlqzwp8jklqvuv2agjlapwjx9qkg9,SWIM,13565501.063279,0.0,6007.91814,2000.0,0.0,True,4028.883239791985,2000.898556150888,2014.4416198959925,2000.0063959355234,4000.012791871047,1999.1142357201588,True,False,4028.883239791985,1001.3414382908087,2014.4416198959925,1000.449278075444,2000.898556150888,999.5571178600793,True,False
pool1xxjcu9djguspkrctjgszvzcagy7pzy8vxqfaqtl5xy9824fz2qg,BAND,0.994008,1000.0,0.994008,340.0,0.03,False,0.0,0.0,0.0,0.0,0.0,0.0,False,False,0.0,0.0,0.0,0.0,0.0,0.0,False,False
pool1xxvcz8dem4xufzn74v2y7fs709mfw3tpq963thzg5en5jrkv67a,DUBAI,351319.630912,100000.0,100016.617727,340.0,0.03,True,104.36903742123611,104.36903742123611,52.17727849605092,52.17727849605092,104.35455699210183,-0.014480429134280826,False,True,104.36903742123611,104.36903742123611,52.17727849605092,52.17727849605092,104.35455699210183,-0.014480429134280826,False,True
pool1xytvsd9qnvqxpthh9p8k85e823trvn3npxeur8kr9zhkqz5uls9,ADV,71255621.310204,250000.0,254542.51035,340.0,0.0,True,21183.01551469422,414.4563501773089,10586.382830094082,376.60258600826756,753.2051720165351,338.74882183922625,True,False,21183.01551469422,245.06363176385378,10586.382830094082,207.2098675948124,414.4197351896248,169.35610342577104,True,False
pool1xznpgmkfkf4f5wzks85z778v2s94vhmjxc60m8tphvypj6jp2w2,MGATE,44300.614855,2000.0,2387.264208,170.0,0.999,True,13.157149363170111,13.157149363170111,6.578550373750313,6.578550373750313,13.157100747500627,-4.8615669484775026e-05,False,True,13.157149363170111,13.157149363170111,6.578550373750313,6.578550373750313,13.157100747500627,-4.8615669484775026e-05,False,True
pool1xzpjn9f5nk52lnfzskuxey3r3h5fh8z78389qsd6vwyfcqum796,SLAV,196.688199,100.0,101.376006,340.0,0.0,True,0.058415382923004244,0.058415382923004244,0.029207688683534495,0.029207688683534495,0.05841537736706899,-5.5559352535317075e-09,False,True,0.058415382923004244,0.058415382923004244,0.029207688683534495,0.029207688683534495,0.05841537736706899,-5.5559352535317075e-09,False,True
pool1xzsckz6hd64pnle2c88e3gccccyfs7w6eauxuffpcc5sx2mtekx,ITRG,41911.162014,1000.0,3390.625033,170.0,0.05,True,12.44744408825835,12.44744408825835,6.223710289676199,6.223710289676199,12.447420579352398,-2.3508905952596137e-05,False,True,12.44744408825835,12.44744408825835,6.223710289676199,6.223710289676199,12.447420579352398,-2.3508905952596137e-05,False,True
pool1xzu4pva0k4y6geukd9uvvl3t3s8q8alzwahf575y5fj6cnkd5y2,,4181614.335537,22000.0,50479.585041,170.0,1.0,True,1242.0229013489181,1242.0229013489181,620.985147174263,620.985147174263,1241.970294348526,-0.05260700039207222,False,True,1242.0229013489181,1242.0229013489181,620.985147174263,620.985147174263,1241.970294348526,-0.05260700039207222,False,True
pool1y046n8u3uz552nmhz9wx7jv2gn9lytyvwlntetkyavvq52nzqzs,PRIME,38.198719,250000.0,36.313357,340.0,0.005,False,0.0,0.0,0.0,0.0,0.0,0.0,False,False,0.0,0.0,0.0,0.0,0.0,0.0,False,False
pool1y0lq6rjckxxly36gf3wdsxzjzg97mq9c90una3vfq8pu77g7zkf,MESH,121135.163694,22629.391454,10.0,340.0,0.0,False,0.0,0.0,0.0,0.0,0.0,0.0,False,False,0.0,0.0,0.0,0.0,0.0,0.0,False,False
pool1y0mz6yevqk34gk4tml37a62h69tg59sfz6vslzv4sf5fvsjhvpw,,16093.637749,50000.0,0.0,345.0,0.02,False,0.0,0.0,0.0,0.0,0.0,0.0,False,False,0.0,0.0,0.0,0.0,0.0,0.0,False,False
pool1y0s5vwg2rdvfnynyhhgh08hdrd74p6rfhwxzvrxvfnrvjuddyf2,ILUKA,168.05761,0.0,228.512803,170.0,0.0,True,0.04991223583191668,0.04991223583191668,0.02495611791595834,0.02495611791595834,0.04991223583191668,0.0,False,False,0.04991223583191668,0.04991223583191668,0.02495611791595834,0.02495611791595834,0.04991223583191668,0.0,False,False
pool1y2433yepkpw5xwps004zlz23xuja9xp2ckplak5lp72qss37333,,153.279888,50.0,99.430944,340.0,0.01,True,0.04552333521532226,0.04552333521532226,0.022761666123987473,0.022761666123987473,0.045523332247974946,-2.967347312310409e-09,False,True,0.04552333521532226,0.04552333521532226,0.022761666123987473,0.022761666123987473,0.045523332247974946,-2.967347312310409e-09,False,True
pool1y24nj4qdkg35nvvnfawukauggsxrxuy74876cplmxsee29w5axc,ADACT,656138.459943,130000.0,154045.198244,170.0,0.0,True,194.94847929106888,175.8572903021306,97.45452651863276,97.45452651863276,194.90905303726552,19.05176273513493,True,False,194.94847929106888,110.81320304023998,97.45452651863276,87.92401699294476,175.84803398588951,65.03483094564953,True,False
pool1y44fkeps7ftnnf495a7grfrwtt7hxcntaenyzu4x4vah5cud0mt,,6137.984146,340.0,40.052708,340.0,0.02,False,0.0,0.0,0.0,0.0,0.0,0.0,False,False,0.0,0.0,0.0,0.0,0.0,0.0,False,False
pool1y49e700dnx8lpvznmysgzw203mjq6l7um85ka4ys6x0zcwgs77w,NAP2,5153101.281289,20000.0,21806.858754,340.0,0.03,True,1530.562285173257,380.60393548988736,765.2516352164934,354.5031387087714,709.0062774175428,328.40234192765547,True,False,1530.562285173257,216.40175818194106,765.2516352164934,190.30096140082514,380.6019228016503,164.20016461970923,True,False
pool1y4yyg9zq2000akup68w68r0m42td2h2h5cz282ua4u985nzszkv,,100080.187162,100000.0,100042.43095,340.0,0.02,True,29.72331895995186,29.72331895995186,14.861651612801879,14.861651612801879,29.723303225603757,-1.5734348103535467e-05,False,True,29.72331895995186,29.72331895995186,14.861651612801879,14.861651612801879,29.723303225603757,-1.5734348103535467e-05,False,True
pool1y53awxsm6cmksp8qht8qfq5f5c69t6mrgrdcresk5y0ecv2yj93,RAMEN,5552180.690101,175369.0,175685.954872,340.0,0.02,True,1650.054961830832,406.8256942120851,824.7556188434239,364.7273066369286,729.4546132738571,322.628919061772,True,False,1650.054961830832,245.4973670403595,824.7556188434239,203.39897946520296,406.7979589304059,161.3005918900464,True,False
pool1y6gnk7t3n6rvpr67f68mehxgqs5x24n0esz9l5j7m4aqzn4e0qw,,58982997.094048,0.0,66218.753498,340.0,0.03,True,17517.643271443525,874.0356663521804,8758.821635721763,601.7327040204048,1203.4654080408095,329.42974168862906,True,False,17517.643271443525,709.3207955078659,8758.821635721763,437.0178331760902,874.0356663521804,164.71487084431453,True,False
pool1y6z9q5hgneup3j5s40jauhd6wq6qux7gkcfwnzfaynnsu0edy2g,Pool,42078223.135275,100.0,2173.973909,340.0,0.03,True,12497.01819042848,705.31979599094,6248.507886261844,517.5513420979721,1035.1026841959442,329.78288820500427,True,False,12497.01819042848,540.4283155592792,6248.507886261844,352.6598616663113,705.3197233326226,164.89140777334342,True,False
pool1y89sy2e927hvvt66wnukx5xnnrarzxrt55eypttaw3n06u0uam4,BBO,591948.961445,10.0,10640.550809,240.0,0.01,True,175.80576867281792,175.80576867281792,87.90288263570388,87.90288263570388,175.80576527140775,-3.401410168635266e-06,False,True,175.80576867281792,121.55116032583646,87.90288263570388,87.90288263570388,175.80576527140775,54.25460494557129,True,False
pool1y8g5sk4maqzpg6k04t0e8x296xtumuph7k4ya8rsfqh9xhc5a7h,APULR,767.476074,100.0,101.421657,345.0,0.05,True,0.22793647780920254,0.22793647780920254,0.11396821972724798,0.11396821972724798,0.22793643945449596,-3.83547065774259e-08,False,True,0.22793647780920254,0.22793647780920254,0.11396821972724798,0.11396821972724798,0.22793643945449596,-3.83547065774259e-08,False,True
pool1y9rdlv5tksudwrx47afjx47grd4tyh24zccffjtp32u0cfpegvk,SPP,3325533.032841,100.0,398.167164,390.0,0.5,True,987.6663914783861,688.8689751360241,493.8331001957151,441.9227660834794,883.8455321669588,194.9765570309347,True,False,987.6663914783861,591.380648843098,493.8331001957151,344.4344397905533,688.8688795811066,97.48823073800861,True,False
pool1yc6f3cqsc7jfh07hcns64v5cp8720mve870pgxf2wkr3u8l7tse,HYPER,30265603.285085,300000.0,401373.443001,170.0,0.018,True,8999.09842454299,443.9050531670592,4496.951237765319,304.2349752877208,608.4699505754415,164.56489740838236,True,False,8999.09842454299,361.5420075195536,4496.951237765319,221.87192964021514,443.7438592804303,82.2018517608767,True,False
pool1ycksh8m4ees8jf6f9muvpqxmprj7j2wk72h2qxcn7ykswv408w6,,7050.428078,2000.0,2002.623942,345.0,0.15,True,2.093952067302969,2.093952067302969,1.0469731314093287,1.0469731314093287,2.0939462628186574,-5.804484311422442e-06,False,True,2.093952067302969,2.093952067302969,1.0469731314093287,1.0469731314093287,2.0939462628186574,-5.804484311422442e-06,False,True
pool1yd67ecxptd70flavhu9m4x9pj460fpy3pttlcfs5wvjlwzs79vw,APRIM,5.154646,490.0,5.154646,400.0,0.02,False,0.0,0.0,0.0,0.0,0.0,0.0,False,False,0.0,0.0,0.0,0.0,0.0,0.0,False,False
pool1yd67lvc04eztwrpnefqh3g4dsydmezwgrg6ce4km728v6sg8zwf,FRADA,1508734.474491,50000.0,91354.284305,170.0,0.02,True,448.17016752317045,192.06981734097113,224.0641072837234,174.28940667174547,348.57881334349094,156.5089960025198,True,False,448.17016752317045,113.81365508132224,224.0641072837234,96.03324441209658,192.06648882419316,78.25283374287092,True,False
pool1ydcx8pf36rttvgyak63kqpgkqgrwp94k6a723zsxer0sja9t3d8,,2491.88882,2000.0,2491.88882,340.0,0.01,True,0.7400791459637157,0.7400791459637157,0.3700392902764773,0.3700392902764773,0.7400785805529546,-5.654107610997272e-07,False,True,0.7400791459637157,0.7400791459637157,0.3700392902764773,0.3700392902764773,0.7400785805529546,-5.654107610997272e-07,False,True
pool1ydgmfmxpuateqwz028lpgypsdchs5m0tzes732qdragdg4jp0uf,1FOC,39.983004,26.0,26.631686,340.0,0.002,True,0.011874744589869009,0.011874744589869009,0.005937372190480172,0.005937372190480172,0.011874744380960344,-2.0890866467282443e-10,False,True,0.011874744589869009,0.011874744589869009,0.005937372190480172,0.005937372190480172,0.011874744380960344,-2.0890866467282443e-10,False,True
pool1ydz2znwyh3409v55r3psgc70w2ykvqjkkagx3f5ep96vgp0vlmr,,17853.779131,10000.0,10746.446871,340.0,0.01,True,5.302569801168217,5.302569801168217,2.6512623259012877,2.6512623259012877,5.3025246518025755,-4.5149365641705685e-05,False,True,5.302569801168217,5.302569801168217,2.6512623259012877,2.6512623259012877,5.3025246518025755,-4.5149365641705685e-05,False,True
pool1ye4zrxf0w7d7drq5wmat36dlzq270dxy9rhgcwufnaja644vwr9,NUFIH,18972.783961,1000.0,1007.81601,340.0,0.03,True,5.634838783818178,5.634838783818178,2.817414228028108,2.817414228028108,5.634828456056216,-1.0327761962081183e-05,False,True,5.634838783818178,5.634838783818178,2.817414228028108,2.817414228028108,5.634828456056216,-1.0327761962081183e-05,False,True
pool1ye53d6kl460egekdnunjl4tx5zhs5puze8nqkfxyjuae7364w74,,147.661322,0.0,0.0,345.0,0.06,True,0.043854644409834144,0.043854644409834144,0.021927322204917072,0.021927322204917072,0.043854644409834144,0.0,False,False,0.043854644409834144,0.043854644409834144,0.021927322204917072,0.021927322204917072,0.043854644409834144,0.0,False,False
pool1yechqtexl9r7esg5scwynqalmjrpd5l69wkwrrw54y0x26eljpq,ICRYP,1584.279164,100.0,202.349,170.0,0.03,True,0.4705228399025283,0.4705228399025283,0.2352613773062279,0.2352613773062279,0.4705227546124558,-8.529007250457354e-08,False,True,0.4705228399025283,0.4705228399025283,0.2352613773062279,0.2352613773062279,0.4705227546124558,-8.529007250457354e-08,False,True
pool1yemdr25t4g3ev038yn433dt58d8p52nee7kmcykjlhye6hshu9m,AA2,250887.445558,20000.0,0.0,340.0,0.99,False,0.0,0.0,0.0,0.0,0.0,0.0,False,False,0.0,0.0,0.0,0.0,0.0,0.0,False,False
pool1yet04d4ykpp7me8uc2jx2glxrx88kt9uhmv6jeh7xkmtu5zucna,AUTO,274420.394452,100.0,100.0,170.0,0.0,True,81.50146097627899,81.50146097627899,40.75072260660216,40.75072260660216,81.50144521320432,-1.576307467132665e-05,False,True,81.50146097627899,81.50146097627899,40.75072260660216,40.75072260660216,81.50144521320432,-1.576307467132665e-05,False,True
pool1yfacynd0va3rw27tjldfz05f6hfjhfv36wwdhn3dy2hfqq00w8y,PARAD,103161.211498,50000.0,62680.039603,170.0,0.01,True,30.641401688863315,30.641401688863315,15.319935721191325,15.319935721191325,30.63987144238265,-0.0015302464806659088,False,True,30.641401688863315,30.641401688863315,15.319935721191325,15.319935721191325,30.63987144238265,-0.0015302464806659088,False,True
pool1yff3j4xqhmunrccjsdh0u9qxrws7xdqhagjx5lqktklwj67u5s3,CDNC,131290.813771,25000.0,48065.845166,340.0,0.02,True,38.99574370177092,38.99574370177092,19.497107932190428,19.497107932190428,38.994215864380855,-0.001527837390064235,False,True,38.99574370177092,38.99574370177092,19.497107932190428,19.497107932190428,38.994215864380855,-0.001527837390064235,False,True
pool1yfxhjwwlzr5da82h77jy83nkuryh970ey6zypd89fy6qyuxfppe,,9.825875,1000000.0,9.825875,340.0,0.025,False,0.0,0.0,0.0,0.0,0.0,0.0,False,False,0.0,0.0,0.0,0.0,0.0,0.0,False,False
pool1ygmlrra5qn95zw6afntvzxpdpzz67vtqjr4dmslerua2c092a6j,SSLDN,28467.273615,2000.0,2012.598774,340.0,0.02,True,8.454692995915968,8.454692995915968,4.227331288656194,4.227331288656194,8.454662577312387,-3.0418603580883996e-05,False,True,8.454692995915968,8.454692995915968,4.227331288656194,4.227331288656194,8.454662577312387,-3.0418603580883996e-05,False,True
pool1ygrwdlhn46gehyay2duxp8ynh57drxg0lgf9huymxlpvukdv0k6,NAKED,2.625614,0.0,2.625614,340.0,0.02,True,0.0007797936979562073,0.0007797936979562073,0.0003898968489781037,0.0003898968489781037,0.0007797936979562073,0.0,False,False,0.0007797936979562073,0.0007797936979562073,0.0003898968489781037,0.0003898968489781037,0.0007797936979562073,0.0,False,False
pool1ygsyw93csvam58nf63gttknj9dvj3zxh54h4eh0kals7kdf0nx6,ELDEN,1904187.681965,1000.0,38622.69101,170.0,0.0,True,565.5360220530505,178.02266799001399,282.7674642095037,172.2872655712437,344.5745311424874,166.5518631524734,True,False,565.5360220530505,94.7467253226726,282.7674642095037,89.01132290390234,178.02264580780468,83.27592048513208,True,False
pool1yh7ksvg54nger73ldnf22cgwyh0dnm4aerahdd0kdukjqeacy32,,53314343.797263,0.0,0.0,340.0,0.05,True,15834.08273408669,1114.7041367043346,7917.041367043345,718.8520683521673,1437.7041367043346,323.0,True,False,15834.08273408669,953.2041367043346,7917.041367043345,557.3520683521673,1114.7041367043346,161.5,True,False
pool1yj9xduuwzvdkcwm2mc9x893zq684x7pyah4ja8zmzplgvxz6wgk,SPIR2,19646763.764087,250000.0,253666.136809,340.0,0.0,True,5840.577726078141,411.0198544017927,2918.8888121135947,373.29692208263833,746.5938441652767,335.57398976348395,True,False,5840.577726078141,243.2147829801246,2918.8888121135947,205.49185066097021,410.98370132194043,167.76891834181583,True,False
pool1yjz9nhtlvnl9rx46t2kfufwxd338m0kw0jxaj86pqfthse837z8,ADM,951.058658,5000.0,101.831463,340.0,0.01,False,0.0,0.0,0.0,0.0,0.0,0.0,False,False,0.0,0.0,0.0,0.0,0.0,0.0,False,False
pool1yl76e0fhq0kcfy2jqs2mt6hl9xeyrnesehqp0p4s896lwv7hrta,1PCT9,333920.146695,50000.0,53307.727934,340.0,0.01,True,99.18887335382632,99.18887335382632,49.590353369701816,49.590353369701816,99.18070673940363,-0.00816661442269151,False,True,99.18887335382632,99.18887335382632,49.590353369701816,49.590353369701816,99.18070673940363,-0.00816661442269151,False,True
pool1ylcl727memzjqypjaxg0jl0l40l3gy3vmtt0llwpjufwwdmptks,,201.0,200.0,201.0,340.0,0.03,True,0.05969595450550022,0.05969595450550022,0.029847977195243253,0.029847977195243253,0.05969595439048651,-1.1501371383060288e-10,False,True,0.05969595450550022,0.05969595450550022,0.029847977195243253,0.029847977195243253,0.05969595439048651,-1.1501371383060288e-10,False,True
pool1ylhh4u260wz52zpct0ce8txh8alm0zmjaf4fn69yz09xs68y70v,,1.434673,0.0,1.434673,340.0,0.075,True,0.00042609041695691974,0.00042609041695691974,0.00021304520847845987,0.00021304520847845987,0.00042609041695691974,0.0,False,False,0.00042609041695691974,0.00042609041695691974,0.00021304520847845987,0.00021304520847845987,0.00042609041695691974,0.0,False,False
pool1ylkps8vax4nzxe507a0mx2svu3p8w2mkvdhyjqu7rl78q9rehh9,,612.166543,100.0,447.564264,340.0,0.0,True,0.18181033726814436,0.18181033726814436,0.09090515391893858,0.09090515391893858,0.18181030783787716,-2.9430267195484916e-08,False,True,0.18181033726814436,0.18181033726814436,0.09090515391893858,0.09090515391893858,0.18181030783787716,-2.9430267195484916e-08,False,True
pool1ymmhkw7r5xj372w7gwel66fwtvqw4uv08j0fs2wycee96qv32j5,NBLRN,122.078687,100.0,122.078687,170.0,1.0,True,0.03625673744868517,0.03625673744868517,0.018128368089991204,0.018128368089991204,0.03625673617998241,-1.2687027609037393e-09,False,True,0.03625673744868517,0.03625673744868517,0.018128368089991204,0.018128368089991204,0.03625673617998241,-1.2687027609037393e-09,False,True
pool1ymqwfp9p8m6g09a6ca0mkm0nmc0ezgnvhtj0vpsvnmyjvy8zh7z,EMGAL,547.629794,500.0,547.629794,170.0,0.005,True,0.16264322708528628,0.16264322708528628,0.08132160669960423,0.08132160669960423,0.16264321339920845,-1.3686077826591259e-08,False,True,0.16264322708528628,0.16264322708528628,0.08132160669960423,0.08132160669960423,0.16264321339920845,-1.3686077826591259e-08,False,True
pool1ynxx88cq0y8vg8yrq3jrw6epm7rq9a8859v34sq9lzjy7ztg90u,EVE,43600199.753374,1000.0,1496.696377,400.0,0.04,True,12949.082598683466,902.376854341688,6474.528772577009,643.1813347611139,1286.3626695222279,383.9858151805398,True,False,12949.082598683466,710.3834452680143,6474.528772577009,451.18792568744016,902.3758513748803,191.99240610686604,True,False
pool1yqd4ln05uj7qd0fs657yufwa29an8lu49farezn0x6a9xph9h49,,1.0,3000.0,1.0,340.0,0.05,False,0.0,0.0,0.0,0.0,0.0,0.0,False,False,0.0,0.0,0.0,0.0,0.0,0.0,False,False
pool1yr0cv3dtmhcfgqa6yetvmf769ngk89e6tepecmjrmjl2jzcw2lm,EASY1,35867866.464997,200000.0,212188.98176,170.0,0.0,True,10660.789212768046,232.06195406376898,5328.337078138461,200.5159575982364,401.0319151964728,168.96996113270384,True,False,10660.789212768046,147.5648014652781,5328.337078138461,116.01880499974553,232.03760999949105,84.47280853421296,True,False
pool1yraracv4ntq9azvjw2nkw8g4xluujalz8fpt2stz8rw6k0zueuv,,5559870.553335,5210000.0,5558095.162523,340.0,1.0,True,1655.5846430239321,1655.5846430239321,826.429674835305,826.429674835305,1652.85934967061,-2.7252933533220585,False,True,1655.5846430239321,1655.5846430239321,826.429674835305,826.429674835305,1652.85934967061,-2.7252933533220585,False,True
pool1yrprrg6segrjprav2xjnvtgl57w6er3ttjskg70fjtwc524u0k4,SORA,1206.074434,500.0,1206.074434,170.0,0.01,True,0.3581982378940791,0.3581982378940791,0.17909901751394688,0.17909901751394688,0.35819803502789377,-2.0286618535036993e-07,False,True,0.3581982378940791,0.3581982378940791,0.17909901751394688,0.17909901751394688,0.35819803502789377,-2.0286618535036993e-07,False,True
pool1yrqqa03ea5fdh5hnap99k4actjtj6ypeeauuwrvf8d3zw9ywvye,,223369.624235,100000.0,105784.616973,340.0,0.0,True,66.35382757610294,66.35382757610294,33.17335682832451,33.17335682832451,66.34671365664902,-0.0071139194539284745,False,True,66.35382757610294,66.35382757610294,33.17335682832451,33.17335682832451,66.34671365664902,-0.0071139194539284745,False,True
pool1yrycp4fjyd0al60xw826jdju35zazqmfny53r07efucuvlvnej7,,11124.857359,10000.0,0.0,340.0,0.01,False,0.0,0.0,0.0,0.0,0.0,0.0,False,False,0.0,0.0,0.0,0.0,0.0,0.0,False,False
pool1ysnxzyr2ck49pxafgq52tt8wzdhpcsqw3jxdftf7u2whgtmry3k,MPN,222.264982,100.0,1.439125,345.0,0.15,False,0.0,0.0,0.0,0.0,0.0,0.0,False,False,0.0,0.0,0.0,0.0,0.0,0.0,False,False
pool1yt868wrp9s2x5pehe96del9m3nwasme62yw02vww3kg6zwzspcz,XRAY3,9409466.98987,100.0,851.572072,340.0,0.01,True,2794.5638235776173,364.76555883524446,1397.2816414469798,350.6675452661543,701.3350905323086,336.5695316970642,True,False,2794.5638235776173,196.4807902590724,1397.2816414469798,182.38277668998222,364.76555337996444,168.28476312089205,True,False
pool1ytfsdx0zjdum8qwrk6urv6u6gxvlnd3r93j8p8ckj57wz3aaudu,CATS1,5805.804939,100.0,1001.592742,342.0,0.0,True,1.724294517284965,1.724294517284965,0.8621470947082034,0.8621470947082034,1.7242941894164068,-3.2786855830302386e-07,False,True,1.724294517284965,1.724294517284965,0.8621470947082034,0.8621470947082034,1.7242941894164068,-3.2786855830302386e-07,False,True
pool1ytszp582dm9u5un6mevt9czgcnuqhflwfr9ly4ukpeqcughryqh,LEGA,4946161.678003,800000.0,929298.01489,340.0,0.02,True,1472.843169108813,571.241620054823,735.4509980357882,420.7214378227043,841.4428756454085,270.20125559058556,True,False,1472.843169108813,435.9428712794257,735.4509980357882,285.4226890473069,570.8453780946138,134.90250681518813,True,False
pool1ytyw34lckr8k9dhn59h287wqry5lk6waqtfhxe6v94v4gsaa7vx,CZBE1,559100.637812,10000.0,40526.713752,340.0,0.01,True,166.0562919792248,166.0562919792248,83.0265680532053,83.0265680532053,166.0531361064106,-0.0031558728142044856,False,True,166.0562919792248,166.0562919792248,83.0265680532053,83.0265680532053,166.0531361064106,-0.0031558728142044856,False,True
pool1yu9y9qvqu2d399qvzcy2ugnrsw4vh8uzsufq8jhyfrsjk563jqc,VHOSS,518.512949,500.0,518.512949,340.0,0.02,True,0.15399565887257682,0.15399565887257682,0.07699782677608243,0.07699782677608243,0.15399565355216485,-5.320411972098427e-09,False,True,0.15399565887257682,0.15399565887257682,0.07699782677608243,0.07699782677608243,0.15399565355216485,-5.320411972098427e-09,False,True
pool1yuq5ck8d6fssa3ju004wn9nap3ll06hd60a6tau4ptj8sqhtgsn,MIDFI,296471.711481,22000.0,38377.46739,340.0,0.0,True,88.05749757568019,88.05749757568019,44.027013098879884,44.027013098879884,88.05402619775977,-0.003471377920419627,False,True,88.05749757568019,88.05749757568019,44.027013098879884,44.027013098879884,88.05402619775977,-0.003471377920419627,False,True
pool1yv4s4v3rjgzfwj4zxm8sy24e2vq6zaexp8eudyrk9rx7yhwaxke,MERK,12457.455168,10000.0,10538.623483,340.0,0.025,True,3.6998276342299965,3.6998276342299965,1.8499067496551922,1.8499067496551922,3.6998134993103844,-1.4134919612107666e-05,False,True,3.6998276342299965,3.6998276342299965,1.8499067496551922,1.8499067496551922,3.6998134993103844,-1.4134919612107666e-05,False,True
pool1yv8lps0rx4xxppwpm0vea852wwu6lg78xh3qfss7dmftq2gqy3r,MADA,941.459492,100.0,100.61875,340.0,0.0055,True,0.27960866778240945,0.27960866778240945,0.1398043097151097,0.1398043097151097,0.2796086194302194,-4.8352190029632425e-08,False,True,0.27960866778240945,0.27960866778240945,0.1398043097151097,0.1398043097151097,0.2796086194302194,-4.8352190029632425e-08,False,True
pool1yvf4nxph69ztm0tgj73ummxq45kfjhecyad26e3xc2002xgzalg,CCV4,27998203.612105,500.0,503.122459,340.0,0.03,True,8315.336897271722,579.3991227647288,4157.664426575191,454.596477428416,909.192954856832,329.79383209210323,True,False,8315.336897271722,414.50208598674965,4157.664426575191,289.6994406504369,579.3988813008738,164.89679531412412,True,False
pool1yvwry5gmqta5tug7gjmfr33c2whdjf88tfykqckaxsdcgcd482q,ZENA,24945.338267,1000.0,3585.830129,340.0,0.025,True,7.408663203840373,7.408663203840373,3.7043247220264583,3.7043247220264583,7.408649444052917,-1.3759787456102401e-05,False,True,7.408663203840373,7.408663203840373,3.7043247220264583,3.7043247220264583,7.408649444052917,-1.3759787456102401e-05,False,True
pool1yw05sn4p9972p6lsdw9g4twvwxdf72rqtfuvwn0wp736vh4azfn,TLB,104.596453,60000.0,94.57784,350.0,0.025,False,0.0,0.0,0.0,0.0,0.0,0.0,False,False,0.0,0.0,0.0,0.0,0.0,0.0,False,False
pool1yw8qh0jnnl6eumgzt77fulfhgmyzda39zcndgvyc27ffu6jeh5w,,4.613646,3.0,4.613646,340.0,0.01,True,0.0013702288645658684,0.0013702288645658684,0.00068511443089208,0.00068511443089208,0.00137022886178416,-2.781708457327836e-12,False,True,0.0013702288645658684,0.0013702288645658684,0.00068511443089208,0.00068511443089208,0.00137022886178416,-2.781708457327836e-12,False,True
pool1ywpt43nttzjd7883wafg255mh0hmjypwe65ercw6p2sxg5lt7ez,EVE4,42626772.839392,1000.0,1496.019088,400.0,0.04,True,12659.978750871904,890.8122124031424,6329.977128352734,637.3988775192494,1274.7977550384987,383.9855426353563,True,False,12659.978750871904,698.8189507895077,6329.977128352734,445.4056159056146,890.8112318112292,191.9922810217215,True,False
pool1ywt7jqfsmxg0yplku4mtdwtm476rp72z6fns9mhevf7u72pkupj,UNIQ,1266169.987413,1000000.0,1107292.894106,340.0,0.03,True,376.37056216213335,371.94375077185106,188.10176910826237,188.10176910826237,376.20353821652475,4.259787444673691,True,False,376.37056216213335,351.2523483955769,188.10176910826237,185.8985280003714,371.7970560007428,20.54470760516591,True,False
pool1ywwtv7clgpjs88ysgpcntc6gemlrsy4037eulquswmtlv55cuzx,NIANO,334983.467732,1000.0,1299.718599,340.0,0.0,True,99.48873096153991,99.48873096153991,49.744269521839826,49.744269521839826,99.48853904367965,-0.00019191786026340196,False,True,99.48873096153991,99.48873096153991,49.744269521839826,49.744269521839826,99.48853904367965,-0.00019191786026340196,False,True
pool1yy7vaszhqx7h02rp8ey0p84yy5zv2r2awzddzceeaurrs8klzxt,,560717.293937,25000.0,62725.562131,340.0,0.0,True,166.5455160393402,166.5455160393402,83.26890813704296,83.26890813704296,166.5378162740859,-0.007699765254301383,False,True,166.5455160393402,166.5455160393402,83.26890813704296,83.26890813704296,166.5378162740859,-0.007699765254301383,False,True
pool1yydna77k2j8yq4fw08d202z664g3fvavfvqjg5g4lxmwzsa9k9u,,0.013127,100000.0,0.0,340.0,0.02,False,0.0,0.0,0.0,0.0,0.0,0.0,False,False,0.0,0.0,0.0,0.0,0.0,0.0,False,False
pool1yyv7vx5zhhsd60jp4tl72vpznwvpvjp35m4z7jr42ugkxmndyv5,AZTEC,1063108.825415,5000.0,12404.009796,340.0,0.02,True,315.74387072492027,315.74387072492027,157.87041518408333,157.87041518408333,315.74083036816666,-0.0030403567536154696,False,True,315.74387072492027,174.58135989476912,157.87041518408333,157.87041518408333,315.74083036816666,141.15947047339753,True,False
pool1yz3fnqnsqhqpkc2tjqn4dkws8nnr8a5kcs50g780nh0wk8tgnp2,ADAES,121476.442832,100.0,1150.170096,170.0,0.02,True,36.07788547575852,36.07788547575852,18.03893925059583,18.03893925059583,36.07787850119166,-6.974566858275466e-06,False,True,36.07788547575852,36.07788547575852,18.03893925059583,18.03893925059583,36.07787850119166,-6.974566858275466e-06,False,True
pool1yzd344e32exxzjnjet4l466zcfnte5rnzveywvztxdxug2yu7m4,FAT,86563.559386,41000.0,52702.613912,340.0,0.02,True,25.711075846578208,25.711075846578208,12.855000387331382,12.855000387331382,25.710000774662763,-0.0010750719154444255,False,True,25.711075846578208,25.711075846578208,12.855000387331382,12.855000387331382,25.710000774662763,-0.0010750719154444255,False,True
pool1yze2j2m286u2evnsphkaz3uyx805wxrg9qqn9ftns43kypl45kq,SILEM,1289.337264,250.0,801.046031,170.0,0.0,True,0.3829267581040189,0.3829267581040189,0.19146330439834797,0.19146330439834797,0.38292660879669593,-1.4930732294970994e-07,False,True,0.3829267581040189,0.3829267581040189,0.19146330439834797,0.19146330439834797,0.38292660879669593,-1.4930732294970994e-07,False,True
pool1yztpevpmfyyz2eu4dklmgfx8g0q0vme7ppdsnawcpnwxs3vfxy7,,44.454085,2.0,44.454085,340.0,0.06,True,0.013202632065344477,0.013202632065344477,0.0066013160082772,0.0066013160082772,0.0132026320165544,-4.879007614588815e-11,False,True,0.013202632065344477,0.013202632065344477,0.0066013160082772,0.0066013160082772,0.0132026320165544,-4.879007614588815e-11,False,True
pool1yzu4lp7f8ua7negffj8mmwfylx4ckhsu00a4gtf630rlcwnl7gd,,380.119872,50000.0,0.0,340.0,0.2,False,0.0,0.0,0.0,0.0,0.0,0.0,False,False,0.0,0.0,0.0,0.0,0.0,0.0,False,False
pool1z033qtxzsn7c9az4fzz8z0ewnynzcuq2dy54v6tfyqz5vfjkmv0,TILIA,1313.172885,100.0,1313.079088,340.0,0.02,True,0.39000565434282597,0.39000565434282597,0.19500279231556888,0.19500279231556888,0.39000558463113777,-6.971168819980278e-08,False,True,0.39000565434282597,0.39000565434282597,0.19500279231556888,0.19500279231556888,0.39000558463113777,-6.971168819980278e-08,False,True
pool1z075ym5pdu9cmeqzassp97z36ctkvuvg7pcxjzluyv5zqgau4xg,,1097.287644,5000.0,0.96975,340.0,0.012,False,0.0,0.0,0.0,0.0,0.0,0.0,False,False,0.0,0.0,0.0,0.0,0.0,0.0,False,False
pool1z26udkezqtry8xtca2u9f807ptf0llcv70rnr3j2357gqgrs79f,TIG,190.425486,48400.0,1224.355305,340.0,0.01,False,0.0,0.0,0.0,0.0,0.0,0.0,False,False,0.0,0.0,0.0,0.0,0.0,0.0,False,False
pool1z2afpmku5v8yapjf29s3w6m0yk6gc49ytpngscum5nmjz2d8aah,FHLN1,162736.774442,10000.0,10419.483385,340.0,0.01,True,48.3337309118438,48.3337309118438,24.166426536161424,24.166426536161424,48.33285307232285,-0.0008778395209532164,False,True,48.3337309118438,48.3337309118438,24.166426536161424,24.166426536161424,48.33285307232285,-0.0008778395209532164,False,True
pool1z39sker5renxhep9m7z8aae2yh56940gwykptfcf053473mwy8t,KYOTO,436132.109315,50000.0,73275.408708,340.0,0.01,True,129.55117159174,129.55117159174,64.77003273800426,64.77003273800426,129.54006547600852,-0.011106115731479349,False,True,129.55117159174,129.55117159174,64.77003273800426,64.77003273800426,129.54006547600852,-0.011106115731479349,False,True
pool1z44fjvz77atzgwcwmwtls7skggnczlx8e30pugqn6ugajjrzgc3,,27.624822,1.0,27.624822,340.0,0.05,True,0.008204428443442782,0.008204428443442782,0.004102214214071791,0.004102214214071791,0.008204428428143583,-1.529919940734814e-11,False,True,0.008204428443442782,0.008204428443442782,0.004102214214071791,0.004102214214071791,0.008204428428143583,-1.529919940734814e-11,False,True
pool1z46azf72z9yjlq6rpngwn5syg5xup8jcwguu2t259ngl5cnv2ds,BNP,32287100.699124,2.0,55972.860871,345.0,0.06,True,9589.101004681197,914.7100840586692,4794.5504837877315,619.2239379316934,1238.4478758633868,323.73779180471763,True,False,9589.101004681197,752.8411870129049,4794.5504837877315,457.35504088592916,914.7100817718583,161.8688947589534,True,False
pool1z4d4s883ul7h6vsrmg9s3t64df2vcx02h8tqtm8sq5yqw62pu44,SEOUL,782.05456,580.0,598.620245,340.0,0.0,True,0.23226627028129532,0.23226627028129532,0.11613310146875623,0.11613310146875623,0.23226620293751246,-6.734378285577769e-08,False,True,0.23226627028129532,0.23226627028129532,0.11613310146875623,0.11613310146875623,0.23226620293751246,-6.734378285577769e-08,False,True
pool1z4f2vmmwckcm6c4fmhn3vmymhsg8gjukx5905g54hlhqs9kaht9,LIVIN,609949.921582,50000.0,55483.003499,170.0,0.015,True,181.18415191844477,171.16984845552173,90.58402349877426,90.58402349877426,181.16804699754852,9.998198542026785,True,False,181.18415191844477,95.060743307849,90.58402349877426,85.58408195035913,171.16816390071827,76.10742059286927,True,False
pool1z59y9zk6kvyzl9fv7evxpnry8sk6ymxuee0lc6kw2rkvzh6f077,TPM,2.623282,100000.0,2.623282,340.0,0.045,False,0.0,0.0,0.0,0.0,0.0,0.0,False,False,0.0,0.0,0.0,0.0,0.0,0.0,False,False
pool1z5h4jhmhqrd2ndrhn3w7kr8nvcqwunds53hrs6vpzr882x4n3la,SDA,102.2287,100.0,102.2287,345.0,0.035,True,0.03036139230016252,0.03036139230016252,0.015180696086042611,0.015180696086042611,0.030361392172085222,-1.2807729876662677e-10,False,True,0.03036139230016252,0.03036139230016252,0.015180696086042611,0.015180696086042611,0.030361392172085222,-1.2807729876662677e-10,False,True
pool1z5rt6kn6yvuczj44qla73mfyln9l55lw0jkz6x4kjw00u32zec3,,6797263.258812,0.0,0.0,340.0,0.99,True,2018.7518243621757,2001.964306118554,1009.3759121810879,1002.682153059277,2005.364306118554,3.3999999999998636,True,False,2018.7518243621757,2000.264306118554,1009.3759121810879,1000.982153059277,2001.964306118554,1.7000000000000455,True,False
pool1z5uqdk7dzdxaae5633fqfcu2eqzy3a3rgtuvy087fdld7yws0xt,OCTAS,58331740.355344,50000.0,478268.607208,340.0,0.009,True,17327.57456506277,630.9176892412548,8662.949223121772,482.5331877949544,965.0663755899088,334.148686348654,True,False,17327.57456506277,463.8289940294455,8662.949223121772,315.4444925831451,630.8889851662902,167.05999113684476,True,False
pool1z724xxqgzf9a30eejsa4edznmv8hgy27ssxqfcpqz42sc6lfqwu,YYC,117044.474006,10000.0,22173.033306,340.0,0.02,True,34.76283021809187,34.76283021809187,17.3811074936137,17.3811074936137,34.7622149872274,-0.0006152308644686855,False,True,34.76283021809187,34.76283021809187,17.3811074936137,17.3811074936137,34.7622149872274,-0.0006152308644686855,False,True
pool1z7n2ruhmxmv77f6cqhd3wsy6774h2wuay77agxuf2y9mj8q55vw,1PCT2,52178134.767941,50000.0,64025.723033,340.0,0.01,True,15499.63189285482,510.01208509572075,7749.066372412336,423.0911219671574,846.1822439343148,336.17015883859403,True,False,15499.63189285482,341.91859936140645,7749.066372412336,254.99763623284315,509.9952724656863,168.07667310427985,True,False
pool1z9m2kxeat06t30yf6ar7sqpert0cjdgxzcv2dv36dcwcqcqtgk4,,12765515.72399,0.0,0.0,340.0,0.99,True,3791.2917560343117,3756.7788384739683,1895.6458780171558,1880.0894192369842,3760.1788384739684,3.400000000000091,True,False,3791.2917560343117,3755.0788384739685,1895.6458780171558,1878.3894192369842,3756.7788384739683,1.699999999999818,True,False
pool1zc5l0d0j9d0969z7ssphjdq7rfexhnhrfdp2e88sv05ujlaxfk3,WWW,483799.239979,1.0,41171.677195,340.0,0.999999999999999,True,143.68585781134368,143.68585781134368,71.84292876667136,71.84292876667136,143.68585753334273,-2.78000953812807e-07,False,True,143.68585781134368,143.68585781134368,71.84292876667136,71.84292876667136,143.68585753334273,-2.78000953812807e-07,False,True
pool1zc7vxe3ymyej76h8wu8gm79chtt7w9c3adkza4uhrjvagr9w4zp,KRSNA,6247074.263263,5000.0,5137.602487,340.0,0.025,True,1855.3844257286141,379.0997085281827,927.6832449183913,355.16330984605275,710.3266196921055,331.2269111639228,True,False,1855.3844257286141,213.48602155670358,927.6832449183913,189.54962287457366,379.0992457491473,165.61322419244374,True,False
pool1zcdptx4spapxquc0rpeu33ucc3x08g9wxsmm0qchqg0dgxrh6g7,,516.425793,100.0,516.425793,340.0,0.01,True,0.15337582161690386,0.15337582161690386,0.07668789884405912,0.07668789884405912,0.15337579768811824,-2.39287856196313e-08,False,True,0.15337582161690386,0.15337582161690386,0.07668789884405912,0.07668789884405912,0.15337579768811824,-2.39287856196313e-08,False,True
pool1zcdwn5z04gw7m0n7qzwx9gqn8a9l3wfcvejc3wrdxfuhc88usua,MASAI,1032.212606,1000.0,1007.477141,340.0,0.035,True,0.3065618108185287,0.3065618108185287,0.1532808961484958,0.1532808961484958,0.3065617922969916,-1.852153708181703e-08,False,True,0.3065618108185287,0.3065618108185287,0.1532808961484958,0.1532808961484958,0.3065617922969916,-1.852153708181703e-08,False,True
pool1zd5jmdvhgcqja28at800tle5qltucce5979x3jgdv0g9qcmw268,,288.527792,100.0,161.673712,340.0,0.01,True,0.08569127479310192,0.08569127479310192,0.04284563197992724,0.04284563197992724,0.08569126395985448,-1.0833247438002402e-08,False,True,0.08569127479310192,0.08569127479310192,0.04284563197992724,0.04284563197992724,0.08569126395985448,-1.0833247438002402e-08,False,True
pool1zd728035u3406eff69h9a8gj8tg927qe62xwvg4leghwvs5hhmv,AZSUN,207.832165,100.0,202.625746,345.0,0.0,True,0.06172508412801769,0.06172508412801769,0.03086253896586239,0.03086253896586239,0.06172507793172478,-6.1962929162606706e-09,False,True,0.06172508412801769,0.06172508412801769,0.03086253896586239,0.03086253896586239,0.06172507793172478,-6.1962929162606706e-09,False,True
pool1zdl39pvapcaj5um8nyduaq2vmn64dqwz4qlhnzurnca8zetk74s,MRBEE,172189.242993,83350.0,87018.66106,170.0,0.01,True,51.14783692868507,51.14783692868507,25.571784349494305,25.571784349494305,51.14356869898861,-0.0042682296964571265,False,True,51.14783692868507,51.14783692868507,25.571784349494305,25.571784349494305,51.14356869898861,-0.0042682296964571265,False,True
pool1zdn25g5v2qlcnerghvj60djfzzex9q6aysr3mdqz37x7qryesjj,FLAT,14048.722416,150.0,536.789741,345.0,0.07,True,4.172399863495009,4.172399863495009,2.0861993327577224,2.0861993327577224,4.172398665515445,-1.197979564437901e-06,False,True,4.172399863495009,4.172399863495009,2.0861993327577224,2.0861993327577224,4.172398665515445,-1.197979564437901e-06,False,True
pool1zdtqtsu3l3ytatzyvrq48d4mpnll9c5evwfq6taxkmn9vvdz839,RANKT,16202338.906055,10000.0,19413.259664,340.0,0.008,True,4812.196474051666,381.09318410167384,2406.0517056755516,358.98410402975554,717.9682080595111,336.87502395783724,True,False,4812.196474051666,212.6552445652106,2406.0517056755516,190.54616449329228,381.09232898658456,168.43708442137395,True,False
pool1ze57pe06f82s3v8ugjqxrny56sj63vs26sm5q879ahkkq69zn0c,,3520.782752,10000.0,0.0,340.0,0.0,False,0.0,0.0,0.0,0.0,0.0,0.0,False,False,0.0,0.0,0.0,0.0,0.0,0.0,False,False
pool1zeamhwsgj7n5wh499krl3dn2dp94tmeeh53q6g2jlm60jag2jwm,SBP3,50000010.043149,0.0,7.456549,340.0,1.0,True,14849.74285229842,14849.74285229842,7424.87142614921,7424.87142614921,14849.74285229842,0.0,False,False,14849.74285229842,14849.74285229842,7424.87142614921,7424.87142614921,14849.74285229842,0.0,False,False
pool1zevtw8lsd6xh45v2mfw3ay5rqtgyt5dm77daglqwjnpgjgc0ynp,,998.257168,400.0,890.431425,340.0,0.0,True,0.2964774603735735,0.2964774603735735,0.148238661431593,0.148238661431593,0.296477322863186,-1.37510387465678e-07,False,True,0.2964774603735735,0.2964774603735735,0.148238661431593,0.148238661431593,0.296477322863186,-1.37510387465678e-07,False,True
pool1zeya2r53sxmqh2ux3ssfsrqerergnw2hjxmp63r83ntwverpqwm,NICE,351556.087553,100.0,2341.525475,340.0,0.01,True,104.41036938518185,104.41036938518185,52.20517459485729,52.20517459485729,104.41034918971458,-2.0195467271832968e-05,False,True,104.41036938518185,104.41036938518185,52.20517459485729,52.20517459485729,104.41034918971458,-2.0195467271832968e-05,False,True
pool1zf7aswkv5ll0ej9fcg45jf6cqt2ee7tn3l2wq6zyx05t7a5srus,,15660.7428,500.0,500.0,340.0,0.1,True,4.651167846623289,4.651167846623289,2.325581745367066,2.325581745367066,4.651163490734132,-4.355889156926196e-06,False,True,4.651167846623289,4.651167846623289,2.325581745367066,2.325581745367066,4.651163490734132,-4.355889156926196e-06,False,True
pool1zfd0gl76h3f0ammgp4gu0qvt99qcqkn5a895wv0q779d6p9dz5u,TDSP,98759.695899,20000.0,60002.011455,200.0,0.0,True,29.332926740582323,29.332926740582323,14.666010580419703,14.666010580419703,29.332021160839407,-0.0009055797429162737,False,True,29.332926740582323,29.332926740582323,14.666010580419703,14.666010580419703,29.332021160839407,-0.0009055797429162737,False,True
pool1zfhww5y28t303z6uyq3w47pkhfmxww9dsn89vrxteplg2zjkekl,CARE4,1005692.529312,150000.0,155421.781642,340.0,0.0,True,298.83329424970265,298.83329424970265,149.37964387879373,149.37964387879373,298.75928775758746,-0.0740064921151884,False,True,298.83329424970265,189.9101609522694,149.37964387879373,149.37964387879373,298.75928775758746,108.84912680531806,True,False
pool1zga7fc8swn5l4rha04ddq07m2rc8rh9vxqmc56j4k2l2xy4lw22,SHUA,433594.01144,1000.0,15034.167539,340.0,0.019,True,128.77566273965616,128.77566273965616,64.38770707847243,64.38770707847243,128.77541415694486,-0.00024858271129346576,False,True,128.77566273965616,128.77566273965616,64.38770707847243,64.38770707847243,128.77541415694486,-0.00024858271129346576,False,True
pool1zgjk3dzwcwd02juqntuzknr368hvxjxy8l8uzkxvgu4252d7ekf,,73422640.958503,100.0,2719.122559,170.0,0.03,True,21806.150813408738,819.8617561205534,10903.073297191153,492.377761258744,984.755522517488,164.89376639693455,True,False,21806.150813408738,737.41480956091,10903.073297191153,409.93081469910055,819.8616293982011,82.44681983729106,True,False
pool1zgxvcqf0dvh0ze56ev2ayjvuex3zdd3hgxzdrcezkx497mv3l7s,RSTK,58689872.561673,1000.0,1497.137029,400.0,0.04,True,17430.654259005794,1081.6432326765412,8715.31026722784,732.8160436504867,1465.6320873009734,383.9888546244322,True,False,17430.654259005794,889.6481304603841,8715.31026722784,540.8209414343295,1081.641882868659,191.99375240827487,True,False
pool1zgzyp6nt5084e8renptskpyaksd79uvl4hrfvnszpxyfzdt86k8,CBOSP,16427.714276,4000.0,12194.217427,340.0,0.01,True,4.879002806760221,4.879002806760221,2.439487119451286,2.439487119451286,4.878974238902572,-2.8567857649264283e-05,False,True,4.879002806760221,4.879002806760221,2.439487119451286,2.439487119451286,4.878974238902572,-2.8567857649264283e-05,False,True
pool1zj4h7kc6v53q9r8x3fwzfuayf2frwme8u5k86gu0uzeeuvqxgul,,8717984.789122,10000.0,10743.367467,340.0,0.03,True,2589.296214957975,410.1675886973702,1294.6230836492352,369.77980376664897,739.5596075332979,329.39201883592773,True,False,2589.296214957975,245.47079865221195,1294.6230836492352,205.08301372149072,410.16602744298143,164.69522879076948,True,False
pool1zk6uxgptztrxxamzd0ugrtu84xg8mjymd2xcdvxqazpruqt9r3x,OCEA1,3832590.751234,4000.0,10099.619366,500.0,0.039,True,1138.2771144827589,526.5091939845634,569.1341569181252,502.8713089269807,1005.7426178539614,479.23342386939805,True,False,1138.2771144827589,286.8922992937854,569.1341569181252,263.2544142362027,526.5088284724054,239.61652917862,True,False
pool1zkdaju2rjefa52uh6yh6etsxla0x6aqs6p6wm245y5szk7k3msd,A3C,1610031.280067,15000.0,16025.017691,340.0,0.025,True,478.19841537201114,344.79609348938794,239.09233162580867,239.09233162580867,478.18466325161734,133.3885697622294,True,False,478.19841537201114,180.69584198506482,239.09233162580867,172.39780811513043,344.79561623026086,164.09977424519604,True,False
pool1zkdc6ve9nndk7vxnjlalhqt4hr5h8auz5qzjk7lrjrqtv23yuy5,CLOVR,60117960.162503,101000.0,101416.98451,170.0,0.01,True,17861.69687197516,376.46381557455277,8929.103431148329,272.2195851813247,544.4391703626494,167.97535478809664,True,False,17861.69687197516,292.45577380506234,8929.103431148329,188.21154341183433,376.42308682366865,83.96731301860632,True,False
pool1zlsrcv64qzzahdky99r3e2m0wd68uav3d7f5nxegalhj66r8nnj,,104.493534,100.0,104.493534,340.0,0.0,True,0.031034036475400976,0.031034036475400976,0.015517018108590581,0.015517018108590581,0.031034036217181163,-2.5821981358697954e-10,False,True,0.031034036475400976,0.031034036475400976,0.015517018108590581,0.015517018108590581,0.031034036217181163,-2.5821981358697954e-10,False,True
pool1zm5nqvrdwmslk682d9qemd9fn8htg2rxlprxjuh0ae5l6sqzz3h,ADVAN,291128.64466,61000.0,63044.258887,170.0,0.0,True,86.47984179606853,86.47984179606853,43.235881650591644,43.235881650591644,86.47176330118329,-0.008078494885239706,False,True,86.47984179606853,85.32046152453361,43.235881650591644,43.235881650591644,86.47176330118329,1.1513017766496745,True,False
pool1zm5qw9r7fz25t2epjgvzynsj3gp5puxcwy7363zy3265ujndfaw,,76830929.517792,76800000.0,76898309.065866,340.0,1.0,True,29538.689535319456,29538.689535319456,12249.57230867148,12249.57230867148,24499.14461734296,-5039.544917976495,False,True,29538.689535319456,29538.689535319456,12249.57230867148,12249.57230867148,24499.14461734296,-5039.544917976495,False,True
pool1zmfpd5r5vfwjmwm4cgy53exe58h7plnecny3t4948yw7zumzp4c,ALPS,13040316.714253,75000.0,80134.559039,340.0,0.025,True,3874.0248305781115,449.5247677921609,1936.7326268423415,389.48515603736337,778.9703120747267,329.44554428256583,True,False,3874.0248305781115,284.7933245842821,1936.7326268423415,224.75371282948458,449.50742565896917,164.71410107468705,True,False
pool1zmhvvzlqp0xrhhqjhxyvfuct83wk4w85jckfkypz4fskcjzze2x,ASC,6517880.875501,1399.0,15236.282403,170.0,1.0,True,1935.7871873689173,1935.7871873689173,967.8909743276397,967.8909743276397,1935.7819486552794,-0.005238713637936598,False,True,1935.7871873689173,1935.7871873689173,967.8909743276397,967.8909743276397,1935.7819486552794,-0.005238713637936598,False,True
pool1zmj5rkpvhdknscjrgul4cxw4xhaqfhfcjqv9kffmhd0zvdx6rvd,TMHH,5.223772,2.0,5.223772,340.0,0.01,True,0.0015514331141650525,0.0015514331141650525,0.0007757165552300768,0.0007757165552300768,0.0015514331104601537,-3.704898800943601e-12,False,True,0.0015514331141650525,0.0015514331141650525,0.0007757165552300768,0.0007757165552300768,0.0015514331104601537,-3.704898800943601e-12,False,True
pool1zmtm8yef7725p9n7x433m50kvv9xpzjujnny9m5t960g5qm30ua,1PCT1,200499.131785,50000.0,51240.587872,340.0,0.01,True,59.555854457955064,59.555854457955064,29.775762441075926,29.775762441075926,59.55152488215185,-0.004329575803211583,False,True,59.555854457955064,59.555854457955064,29.775762441075926,29.775762441075926,59.55152488215185,-0.004329575803211583,False,True
pool1zn4wnk52kmfjy9mw4z85p6wn9kzrn94l9h5gys8r2k2w57mdnhh,ENVY,613262.889814,1000.0,105948.300852,170.0,0.0,True,182.13659135568122,172.09673739211496,91.06811976467125,91.06811976467125,182.1362395293425,10.039502137227544,True,False,182.13659135568122,101.7814765504739,91.06811976467125,86.04833830501035,172.0966766100207,70.3152000595468,True,False
pool1zn9hjcmfddhcp2aj9xxuvz7z40rasyatkgavr8ryyz72qdfwtrj,PLUSH,28347488.724606,250000.0,266594.867229,340.0,0.01,True,8427.155646415491,496.166912066696,4211.549796272357,414.7615110962138,829.5230221924276,333.35611012573156,True,False,8427.155646415491,329.4496948165378,4211.549796272357,248.04429384605558,496.08858769211116,166.6388928755734,True,False
pool1znp7z30qfdgwcwel4htqmwapfm2h05ml32ttt8znevtz2vwnqwt,,607.393771,500.0,602.616946,340.0,0.0299,True,0.18039285166756167,0.18039285166756167,0.09019641040523986,0.09019641040523986,0.18039282081047972,-3.085708194516812e-08,False,True,0.18039285166756167,0.18039285166756167,0.09019641040523986,0.09019641040523986,0.18039282081047972,-3.085708194516812e-08,False,True
pool1zpkqlcpu5gyk0s5e9263y5n7vzmkgrtpca0u4xpxan02w8ld0nr,,37046.977847,5000.0,0.0,340.0,0.0,False,0.0,0.0,0.0,0.0,0.0,0.0,False,False,0.0,0.0,0.0,0.0,0.0,0.0,False,False
pool1zpsk3ql6qgzkgqncrlzulf9dype3km52rcdnajn5ttddwhhc3vj,,6734.321082,5000.0,6734.321082,340.0,0.02,True,2.0000682935929013,2.0000682935929013,1.0000316544144077,1.0000316544144077,2.0000633088288153,-4.984764085946836e-06,False,True,2.0000682935929013,2.0000682935929013,1.0000316544144077,1.0000316544144077,2.0000633088288153,-4.984764085946836e-06,False,True
pool1zqcz8zt9v07ygj06zr28lwm85s20f6w2qdcdltjyd0wuklydqnd,GCP,2771.955524,1000.0,1038.414281,340.0,0.0,True,0.8232584056755891,0.8232584056755891,0.41162869372036964,0.41162869372036964,0.8232573874407393,-1.0182348497700389e-06,False,True,0.8232584056755891,0.8232584056755891,0.41162869372036964,0.41162869372036964,0.8232573874407393,-1.0182348497700389e-06,False,True
pool1zsasyr8lvmw6w2ds8h05ppxknphk45c9q76vz7wwvf9dvl0d3x9,ERBIL,1414.368751,1000.0,1047.43063,340.0,0.03,True,0.42006063687048273,0.42006063687048273,0.21003019937474848,0.21003019937474848,0.42006039874949697,-2.3812098576270202e-07,False,True,0.42006063687048273,0.42006063687048273,0.21003019937474848,0.21003019937474848,0.42006039874949697,-2.3812098576270202e-07,False,True
pool1zsfyca7vnftr3ywzhwq07whjev9nau2j65mq6kehnpvvccstlzz,GARU,12.851369,6350.0,2.0,345.0,0.05,False,0.0,0.0,0.0,0.0,0.0,0.0,False,False,0.0,0.0,0.0,0.0,0.0,0.0,False,False
pool1zsjkw3y0kyhce6esgat3r3vec9z9rwud79lpv00u84646pu7rvf,NETSC,7875.024694,100000.0,0.0,340.0,0.0,False,0.0,0.0,0.0,0.0,0.0,0.0,False,False,0.0,0.0,0.0,0.0,0.0,0.0,False,False
pool1zst2k3wnmtq69vqzm086q9m7v7dn3gpsu9fgxy2vasew6l8nlt0,SBR,1097.23002,1000.0,1097.23002,340.0,0.0,True,0.32587171923811953,0.32587171923811953,0.1629358316777225,0.1629358316777225,0.325871663355445,-5.58826745433727e-08,False,True,0.32587171923811953,0.32587171923811953,0.1629358316777225,0.1629358316777225,0.325871663355445,-5.58826745433727e-08,False,True
pool1zsyqzr04g5pr3nv7vfk8ldc3uf0xljc8yftdsqpxxqpychpxj65,AKANE,621623.48487,30000.0,73732.08087,170.0,0.005,True,184.63934681578775,171.80091871037092,92.31457090286088,92.31457090286088,184.62914180572176,12.828223095350836,True,False,184.63934681578775,97.25753896179107,92.31457090286088,85.89983164980357,171.79966329960715,74.54212433781608,True,False
pool1zt2d9aa8ck62uyy985yny47hr0f6cmf2hnxzke0up0lc7zcp65f,46S,93123.724136,25000.0,27662.686351,170.0,0.01,True,27.65921971319437,27.65921971319437,13.829120215962426,13.829120215962426,27.658240431924852,-0.0009792812695188502,False,True,27.65921971319437,27.65921971319437,13.829120215962426,13.829120215962426,27.658240431924852,-0.0009792812695188502,False,True
pool1ztk6dcj2nc3plnujf3ek6jqngtx8hcryufz56lyumemlcy2xxn0,IAGL1,5298419.483545,10.0,20.72464,340.0,0.99,True,1573.6030818980541,1561.2670993311606,786.8015257261196,782.3335279453922,1564.6670558907845,3.399956559623888,True,False,1573.6030818980541,1559.5671059806696,786.8015257261196,780.6335345949013,1561.2670691898027,1.6999632091331023,True,False
pool1ztpwatlnzskuruwe7hxwvu6xjsv6l24835pyvpx7lslccy3xx9a,POOL1,12904.708556,10.0,11.286634,340.0,0.0,True,3.8326314511669572,3.8326314511669572,1.916315688535577,1.916315688535577,3.832631377071154,-7.409580327077947e-08,False,True,3.8326314511669572,3.8326314511669572,1.916315688535577,1.916315688535577,3.832631377071154,-7.409580327077947e-08,False,True
pool1ztz3370gwds2v7hjzgtns33f7kw0qp0zjx34esg3dvlcycnnte5,,106.623722,100.0,106.623722,345.0,0.015,True,0.03166669147367585,0.03166669147367585,0.01583334554652529,0.01583334554652529,0.03166669109305058,-3.8062527435434035e-10,False,True,0.03166669147367585,0.03166669147367585,0.01583334554652529,0.01583334554652529,0.03166669109305058,-3.8062527435434035e-10,False,True
pool1zvm45jj5wz6kgfr2xfg75rx0auzxaedu4ulddhnrzk4uwuyuvpn,ERA,224825.355971,40000.0,42027.624659,170.0,0.0,True,66.78046274954671,66.78046274954671,33.3881052820674,33.3881052820674,66.7762105641348,-0.004252185411914411,False,True,66.78046274954671,66.78046274954671,33.3881052820674,33.3881052820674,66.7762105641348,-0.004252185411914411,False,True
pool1zwqrrwpr5zx7c3f4ukpu4r4fz5c2hkwx9vwqka5068urgqvpjzr,CAR,1586426.072323,40000.0,40000.0,170.0,0.03,True,471.2314163452448,186.40430688136303,235.59792186422658,173.57229818222922,347.14459636445844,160.7402894830954,True,False,471.2314163452448,106.0331935421015,235.59792186422658,93.20118484296768,186.40236968593535,80.36917614383385,True,False
pool1zwvfvst3jldarh3sgjn07c3vk5yw8jz6p9m9xty5cakgqed6c9t,TEST,211.872711,100.0,0.0,170.0,0.0,False,0.0,0.0,0.0,0.0,0.0,0.0,False,False,0.0,0.0,0.0,0.0,0.0,0.0,False,False
pool1zx0lmhdymz23e702clzyywdw522nh66eqaseaye8sue3cyfzkar,KUDOS,413.096001,100.0,105.36168,345.0,0.04,True,0.12268739910231712,0.12268739910231712,0.061343690555548336,0.061343690555548336,0.12268738111109667,-1.7991220443991374e-08,False,True,0.12268739910231712,0.12268739910231712,0.061343690555548336,0.061343690555548336,0.12268738111109667,-1.7991220443991374e-08,False,True
pool1zx293a3jpjh9sln53uhlc34ccnppl6sze22rrcmt04enzapl935,,300.822669,100.0,300.822669,345.0,0.005,True,0.08934279070964296,0.08934279070964296,0.04467138958495195,0.04467138958495195,0.0893427791699039,-1.153973906709016e-08,False,True,0.08934279070964296,0.08934279070964296,0.04467138958495195,0.04467138958495195,0.0893427791699039,-1.153973906709016e-08,False,True
pool1zxklu387uqpzpteqfk48enkuwyjvq0qawc2wvrdym540zk0yqps,,130379.542594,0.0,0.0,345.0,0.06,True,38.722045836598255,38.722045836598255,19.361022918299128,19.361022918299128,38.722045836598255,0.0,False,False,38.722045836598255,38.722045836598255,19.361022918299128,19.361022918299128,38.722045836598255,0.0,False,False
pool1zy0mg8thm4au4cqaz5gz4ah9ms6894e2vqkl9a6l2uq4vas3yam,,25843.549105,500.0,0.0,340.0,0.0,False,0.0,0.0,0.0,0.0,0.0,0.0,False,False,0.0,0.0,0.0,0.0,0.0,0.0,False,False
pool1zydxfglzuvv6septzwzfgyslcdjsytealqmflft7kc57j9tqcvz,,631.051742,500.0,554.406801,345.0,0.2,True,0.18741915956585223,0.18741915956585223,0.09370956095575662,0.09370956095575662,0.18741912191151325,-3.765433898017534e-08,False,True,0.18741915956585223,0.18741915956585223,0.09370956095575662,0.09370956095575662,0.18741912191151325,-3.765433898017534e-08,False,True
pool1zyjvzvvkppsepsv4d75t2lmxt5p3cpn73pw7jk9gstxh78aa9ah,MYR,14679.7755,100.0,495.099942,170.0,0.0,True,4.359818625936732,4.359818625936732,2.1799088940748073,2.1799088940748073,4.3598177881496145,-8.377871179021668e-07,False,True,4.359818625936732,4.359818625936732,2.1799088940748073,2.1799088940748073,4.3598177881496145,-8.377871179021668e-07,False,True
pool1zytydvyy3qztrs8l2xyggvkfcjctp23m2hc3aj7sudnzgny79cg,PSYA,6662623.867291,20000.0,25093.336552,340.0,0.01,True,1978.9173448854617,362.50007604247713,989.4204876723065,348.91564812695947,697.8312962539189,335.3312202114418,True,False,1978.9173448854617,194.83394171249265,989.4204876723065,181.24951379697498,362.49902759394996,167.66508588145732,True,False
pool1zz7x8ergn02chznayj9fjds2gk5q6prmpdr49faspd65kzqsrjs,AUTO,63925403.28782,100.0,7214.187694,170.0,0.0,True,18985.519544167728,172.12339199395578,9492.757935437103,171.0521032658825,342.104206531765,169.9808145378092,True,False,18985.519544167728,87.13298451777966,9492.757935437103,86.06169578970639,172.12339157941278,84.99040706163312,True,False
