pool_id,epoch_stake_426_ada,declared_pledge_proxy_ada,active_pledge_proxy_ada,margin_426,declared_cost_426_ada,declared_cost_500_ada,cost_changed,cost_decreased,theoretical_f_ada,Pi_cost426_ada,coverage_ratio_cost426,category_cost426,Pi_cost500_ada,coverage_ratio_cost500,category_cost500,Cstar_ada_per_epoch
pool102s2nqtea2hf5q0s4amj0evysmfnhrn4apyyhd4azcmsclzm96m,6481.489374,1.0,1.0,0.005,340.0,340.0,False,False,2.990625917191423,2.990625917191423,0.008339676470728705,losing,2.990625917191423,0.008339676470728705,losing,358.60215053763443
pool102vsulhfx8ua2j9fwl2u7gv57fhhutc3tp6juzaefgrn7ae35wm,5722.279429,2.0,2.0,0.06,340.0,340.0,False,False,2.6403186443031723,2.6403186443031723,0.007362807613798951,losing,2.6403186443031723,0.007362807613798951,losing,358.60215053763443
pool1030as3pp5684ghgf4kzcpv4p2jnmkmme7j363t95690zwxp7wa0,1451549.476415,50000.0,50000.0,0.0,340.0,170.0,True,True,669.89465416296,351.363534606403,0.979814354374677,losing,187.2193460259304,0.5220809349448734,losing,358.60215053763443
pool1030vz0wxheg0dvarr8hmeavelpszmp52qucs68c7wc9uga6n6e4,2439255.988057,50000.0,50000.0,0.01,340.0,340.0,False,False,1125.7275890602773,363.80210326784925,1.014500617808395,edge,363.80210326784925,1.014500617808395,edge,358.60215053763443
pool103455uc7a3477q8pdmzvny884qtlv9vhm2csxvqx2cadwuk36sq,41205220.209609,1000.0,1000.0,0.018,340.0,340.0,False,False,19012.59188535304,676.5516578736747,1.8866358075637704,edge,676.5516578736747,1.8866358075637704,edge,358.60215053763443
pool1043kkcc2uwmdf76wg6jy80tkgwztzprep2rakyypmwc4637c2xe,17.639298,2.0,2.0,0.06,345.0,345.0,False,False,0.008138953701200349,0.008138953701200349,2.269633266001896e-05,losing,0.008138953701200349,2.269633266001896e-05,losing,358.60215053763443
pool104avq7309gjm0fxms69yqusxy8zf888k4mamngg5vnc6vculpzq,35797868.284518,1000.0,1000.0,0.03,340.0,340.0,False,False,16517.57366145694,825.7655668522008,2.3027345642355224,comfortable,825.7655668522008,2.3027345642355224,comfortable,358.60215053763443
pool104gtn3hvp9lz5l6wevhjj98e45s7rfaa4zzvk9pex7nn786qncr,21913662.819842,325000.0,325000.0,0.0,340.0,340.0,False,False,10124.736753006096,485.11674615380025,1.3527993221080485,edge,485.11674615380025,1.3527993221080485,edge,358.60215053763443
pool104re5tajgh4mpp7c744khap56lf609cfjlna5ysjkum8qn8fel9,1114240.137161,100000.0,100000.0,0.025,340.0,250.0,True,True,514.3171022853268,359.6112979088095,1.002814114108524,edge,279.73662002954916,0.780075132316284,losing,358.60215053763443
pool104v7kzpq86r0wnfsz8r7jeld2raap92qq84trjcqk62zyh9akqt,2573968.859629,60000.0,60000.0,0.0,340.0,170.0,True,True,1187.945882689636,359.76587741963255,1.0032451754130682,edge,193.72862932389225,0.5402327594339423,losing,358.60215053763443
pool104ylwjrxvrp87r7769d6g6agu0ydxsn6hgmqjdsrf47e6j2ek46,923229.434634,100.0,100.0,0.0,340.0,170.0,True,True,425.9877404559345,340.00931379971547,0.9481519095464329,losing,170.0277274240674,0.47414028936846375,losing,358.60215053763443
pool106l8sgu50wpw3nmqkmhlgzl5cctw428ruem2rpwjklg46nprex0,502.365742,100.0,100.0,0.025,345.0,345.0,False,False,0.23179680104868988,0.23179680104868988,0.0006463898799858518,losing,0.23179680104868988,0.0006463898799858518,losing,358.60215053763443
pool106p2jjwuwagq2as7cdzx4y6cyc2pdj7a3h3vv5cvkvnskegff3w,11967113.765229,1000.0,1000.0,0.0,340.0,340.0,False,False,5521.77245626356,340.43300101911956,0.9493334061402734,losing,340.43300101911956,0.9493334061402734,losing,358.60215053763443
pool107attaqquuq5ne2ch0hx0qcnlkzzr2683s4gml4ywnqvgj6pak9,259384.91415,10000.0,10000.0,0.048,340.0,170.0,True,True,119.68766287439234,119.68766287439234,0.3337616985702695,losing,119.68766287439234,0.3337616985702695,losing,358.60215053763443
pool107qfdeg9wlpt9yntg7650kzval6ahl696jr2ca20763ukzr0tzw,330994.869475,50000.0,50000.0,0.0,340.0,340.0,False,False,152.7514651958036,152.7514651958036,0.4259636060932454,losing,152.7514651958036,0.4259636060932454,losing,358.60215053763443
pool108zdflss3ayqlm5c7vr6mtqj2uwl99vk28ur8dv4zswdzt6yauc,62054183.167416,500000.0,500000.0,0.02,340.0,340.0,False,False,28692.006635091355,1130.9167924543892,3.1536810104425244,comfortable,1130.9167924543892,3.1536810104425244,comfortable,358.60215053763443
pool109k0t72eh8txza4ptnagnfyqkjnmfe60afmtm4dvj9lz7dy78lh,819837.827538,2000.0,2000.0,0.02,340.0,340.0,False,False,378.2847552783657,340.8572231100398,0.950516394279871,losing,340.8572231100398,0.950516394279871,losing,358.60215053763443
pool10akpqvczl93ep4rc59c0aqyn3dm0env2ydysuwmdm670wl24pd8,67508208.58037,1000000.0,1000000.0,0.025,340.0,340.0,False,False,31278.613211379245,1560.3020708148197,4.351067243951371,comfortable,1560.3020708148197,4.351067243951371,comfortable,358.60215053763443
pool10cpz0zepq23hm6lrk8vgnsdwl772lasq9caaemvw9kh9ktxqygk,2232.74412,2000.0,2000.0,0.03,340.0,340.0,False,False,1.030212011310216,1.030212011310216,0.002872855084013496,losing,1.030212011310216,0.002872855084013496,losing,358.60215053763443
pool10cqp98vsdtam5p4xkfuleahy99vcdggsfdl4cszxcefmcheexma,125.974141,2.0,2.0,0.06,345.0,345.0,False,False,0.05812576566144339,0.05812576566144339,0.00016208984127478966,losing,0.05812576566144339,0.00016208984127478966,losing,358.60215053763443
pool10d303wup90j39mmvysf0lhr2xmr3mf38y5vs577nmlq6yy8n666,6313.352649,2000.0,2000.0,0.04,340.0,340.0,False,False,2.913062470634617,2.913062470634617,0.008123382601769697,losing,2.913062470634617,0.008123382601769697,losing,358.60215053763443
pool10efuydxjnasr0309lqklmj9xahupdnzqd59r5dqjeh4twz06tr0,12618863.075661,300000.0,300000.0,0.0,340.0,170.0,True,True,5829.606694833702,470.50953945499117,1.3120655822882812,edge,304.5511079936314,0.8492729548248191,losing,358.60215053763443
pool10eltx2wej46e62ulmwzm35xfu0azu47yvpjper7gwhncqe74vg6,6356335.291605,35000.0,35000.0,0.029,340.0,340.0,False,False,2933.303969045726,429.0712629342583,1.1965105683024293,edge,429.0712629342583,1.1965105683024293,edge,358.60215053763443
pool10ez5uusmzx7ep6pee6hmqr79z5ee0lhgzdelzgptexh9xq3ar4e,291.471501,100.0,100.0,0.03,340.0,340.0,False,False,0.13448798719092142,0.13448798719092142,0.0003750339672790312,losing,0.13448798719092142,0.0003750339672790312,losing,358.60215053763443
pool10f5k6djk7m95dls80f5n2temjlkacsqd47758z2xal8g79kg9ct,49705.428767,30000.0,30000.0,0.0,340.0,340.0,False,False,22.93573381619332,22.93573381619332,0.06395871798818527,losing,22.93573381619332,0.06395871798818527,losing,358.60215053763443
pool10fxpa6wkv0wc6wcmahcnz4wvvfx9m7547sevxrge3nfuv7yh8m0,13661120.833083,30000.0,30000.0,0.0,340.0,340.0,False,False,6304.168055039558,353.09739104407055,0.9846493963147994,losing,353.09739104407055,0.9846493963147994,losing,358.60215053763443
pool10glz67jju4f3gjs84pse79vsl6d34k764hs4cq6fwplkxzf277w,545.559713,500.0,500.0,0.03,340.0,340.0,False,False,0.25172691027253413,0.25172691027253413,0.000701967096112314,losing,0.25172691027253413,0.000701967096112314,losing,358.60215053763443
pool10gtnlhevam52ynwuzua7dqgv7vje4q87q25dzzfrjgw3wwjk2xw,94402.11717,100.0,100.0,0.0,340.0,340.0,False,False,43.55812657502284,43.55812657502284,0.12146643992435154,losing,43.55812657502284,0.12146643992435154,losing,358.60215053763443
pool10hex9l4wjgqarvhr94xgyh9frv5lhtajhrj4dah0kl65jtws30k,29049915.373994,20000.0,20000.0,0.0189,340.0,340.0,False,False,13405.046160936243,595.7542634084822,1.6613237330431436,edge,595.7542634084822,1.6613237330431436,edge,358.60215053763443
pool10jd7mphm0mmrnfvyytzs3tfrmjmtkvalfx8nql7tae06v0rkjk3,135587.558095,1000.0,1000.0,0.0,340.0,170.0,True,True,62.56175345604562,62.56175345604562,0.17446006211131163,losing,62.56175345604562,0.17446006211131163,losing,358.60215053763443
pool10jn0wjlh9y3w2ygq84u2llvlnxfz3lc4g0ssqlmpp3w3y2d2lw5,7518263.290595,100000.0,100000.0,0.05,340.0,340.0,False,False,3470.431863628949,536.077407543093,1.494908512788835,edge,536.077407543093,1.494908512788835,edge,358.60215053763443
pool10jqlkjfn2rtlc6hp95p8k4h04h3dfmdcgnga6umwp2rpukpg20l,570818.754313,410000.0,410000.0,0.01,340.0,340.0,False,False,263.5109378579416,263.5109378579416,0.7348281025723709,losing,263.5109378579416,0.7348281025723709,losing,358.60215053763443
pool10kya8ug3wr6cwnzm0qdcppjtuwfwmnvusu2uenscz4dg7pl07qv,68555579.348993,10.0,10.0,1.0,340.0,340.0,False,False,31632.251204176955,31632.251204176955,88.20987592169286,strong,31632.251204176955,88.20987592169286,strong,358.60215053763443
pool10le7rwlfg3t9646gm09jp05qg5kqvq3gvut4q2yaeu2ujncnh7w,13444.65923,0.0,0.0,0.05,340.0,340.0,False,False,6.203504141328263,6.203504141328263,0.01729912699081045,losing,6.203504141328263,0.01729912699081045,losing,358.60215053763443
pool10ljdn3zwsh7vjkxf6t250423l5qy487x83st7m8a53jxznrkw5g,3558366.653786,1200000.0,1200000.0,0.005,340.0,340.0,False,False,1647.4431053794187,785.2461007290653,2.189741750159013,comfortable,785.2461007290653,2.189741750159013,comfortable,358.60215053763443
pool10mf43thtl3keag50mrlvqa78xkwg7harmu4w5yzr3k7jvw0ap43,3404102.437353,200000.0,200000.0,0.0,340.0,190.0,True,True,1571.9231962326005,412.3787382374153,1.1499616988329722,edge,271.1916340159946,0.7562465356368065,losing,358.60215053763443
pool10mucfueg7nwruvagk0fnjcftcqktjvt6262xtsva46q5zg4utmg,19367.71644,15000.0,15000.0,0.0,340.0,170.0,True,True,8.936589736353161,8.936589736353161,0.02492062505189937,losing,8.936589736353161,0.02492062505189937,losing,358.60215053763443
pool10nwac5phcc4vkjvux5mw6gvdzlxurkd944e5yx9yyfa8sqs35t7,84667.168433,0.0,0.0,0.02,340.0,340.0,False,False,39.06630291057612,39.06630291057612,0.10894051486307584,losing,39.06630291057612,0.10894051486307584,losing,358.60215053763443
pool10p3g22454ly7eaurlur5wc9d9ual2fnfwy7a6e7k09z3yf929k9,6864631.805887,2500.0,2500.0,0.029,340.0,340.0,False,False,3167.4447399579503,422.99575037155614,1.179568359356963,edge,422.99575037155614,1.179568359356963,edge,358.60215053763443
pool10p6wd9k0fwk2zqkqnqr8efyr7gms627ujk9dxgk6majskhawr6r,2057478.137832,550000.0,550000.0,0.01,340.0,340.0,False,False,950.9517607248674,507.7944597691242,1.4160385234941095,edge,507.7944597691242,1.4160385234941095,edge,358.60215053763443
pool10pmpya78vv23pngluf7hwpg9lerepmqdmdu47huf5vsskt56wzq,247.210196,200.0,200.0,0.015,340.0,340.0,False,False,0.11406534687287496,0.11406534687287496,0.00031808327613725253,losing,0.11406534687287496,0.00031808327613725253,losing,358.60215053763443
pool10pvwz69qz468m79ysw8qjcav5z830sv4zmeprru2n4anyuxwj9l,124122.312269,0.0,0.0,0.06,345.0,345.0,False,False,57.27131234935595,57.27131234935595,0.1597071079007527,losing,57.27131234935595,0.1597071079007527,losing,358.60215053763443
pool10q2fhzwe4f5k2llny65z5z2fuhrpk3x56fdc0782djdq58p9uee,2453588.558168,100.0,100.0,0.0,340.0,340.0,False,False,1132.111484667175,340.0322837943644,0.9482159638043745,losing,340.0322837943644,0.9482159638043745,losing,358.60215053763443
pool10q33p4hx4wqum6thmglw7z5l2vaay4w6m5cdq8fnurw7vjdppcf,258636.951669,1000.0,1000.0,0.01,340.0,340.0,False,False,119.33824658236027,119.33824658236027,0.3327873143076313,losing,119.33824658236027,0.3327873143076313,losing,358.60215053763443
pool10q39xyv0zwt7cyc0f2ec67ptfmq3y6k8f0t0fvrdddaqzs3hpxc,17088.277616,5000.0,5000.0,0.25,340.0,340.0,False,False,7.884823345088421,7.884823345088421,0.02198766330114612,losing,7.884823345088421,0.02198766330114612,losing,358.60215053763443
pool10qmnswfc22zm0fscg80gkwqz65ujwjkqmctv8g9l9l58wqtelgg,4426120.738233,30000.0,30000.0,0.008,340.0,170.0,True,True,2042.5112501286342,365.06730027845487,1.0180287534001888,edge,197.57033281172906,0.5509457556668906,losing,358.60215053763443
pool10qrz84cvz95zg8saf43ruhs5ulczuuqm2d3jn6d8xkkkzgzfje7,1853339.746047,44325.545672,44325.545672,0.015,340.0,340.0,False,False,855.304247932026,359.86901353924327,1.0035327813837969,edge,359.86901353924327,1.0035327813837969,edge,358.60215053763443
pool10quq4wlghwrvmhdzc7geq22pyhzegccwj56ax2g8hx0cjfahufs,49985980.193912,10000.0,10000.0,0.05,340.0,340.0,False,False,23065.006394055625,1480.5692819379126,4.128723934639456,comfortable,1480.5692819379126,4.128723934639456,comfortable,358.60215053763443
pool10r8gk6z4epj36rluw3klk5k0uzfcdc0rw9cu0zuyxw56quaksrv,2317193.163083,0.0,0.0,1.0,340.0,340.0,False,False,1069.176774028428,1069.176774028428,2.9815124433176554,comfortable,1069.176774028428,2.9815124433176554,comfortable,358.60215053763443
pool10s8x49tu6wcne63rqv6gmnhwpcg4kg8r4s3ncv6q7uxx76jvlwg,5097.623546,5000.0,5000.0,0.0,340.0,340.0,False,False,2.3520969104994,2.3520969104994,0.00655907084487089,losing,2.3520969104994,0.00655907084487089,losing,358.60215053763443
pool10scv5quxduhrcc26wpurhk743dngspe8dc3zpkkam0svyx6ejx3,9018031.520761,100.0,100.0,0.2,340.0,340.0,False,False,4161.014290632845,1104.2367547860058,3.079280905400256,comfortable,1104.2367547860058,3.079280905400256,comfortable,358.60215053763443
pool10tqeu6d03p6rnalqlvdshmpsljxaq2c0ww6draq6xm8lgyl2a3p,6180366.94809,100000.0,100000.0,0.0,340.0,170.0,True,True,2852.8552196241694,380.6586735177715,1.0615069456417616,edge,213.40931925495602,0.5951144434995774,losing,358.60215053763443
pool10wcmpvjmmv7ph7cz2263f52yckvnnwu5kdppwqgu74s2qhe7l7m,1302553.865815,200000.0,200000.0,0.01,340.0,340.0,False,False,601.436973735427,382.35516062374563,1.066237779250625,edge,382.35516062374563,1.066237779250625,edge,358.60215053763443
pool10wfvyl284h0eyzjtwndh8kvu36lqvptusq4nxtv52pmazpyvfud,2463959.978835,120000.0,120000.0,0.0199,340.0,340.0,False,False,1137.4380536887302,393.9330626165706,1.0985239827088775,edge,393.9330626165706,1.0985239827088775,edge,358.60215053763443
pool10xmmn972gyza7nj8q4cyy0vrpn6kqzmdz2ut7ynnc8d0ycxlvw3,216582.329695,101000.0,101000.0,0.015,340.0,170.0,True,True,99.95581212881862,99.95581212881862,0.27873734716582105,losing,99.95581212881862,0.27873734716582105,losing,358.60215053763443
pool10ya6hxrssmyhl560gqyalhqxudkgfjdlc0e4krww6wweyaeajs8,38608402.274246,40000.0,40000.0,0.005,340.0,340.0,False,False,17817.28096870812,445.4030991789751,1.2420536198993908,edge,445.4030991789751,1.2420536198993908,edge,358.60215053763443
pool10ysem79xjxd223plxqws0fheawd78znr3qs4h2h422gmxa40amu,16481.229362,3100.0,3100.0,0.01,340.0,340.0,False,False,7.604688585292664,7.604688585292664,0.021206477914009526,losing,7.604688585292664,0.021206477914009526,losing,358.60215053763443
pool10zyf32q3w3n9x940j6yqgkwuegzn77p94wcmpku6gvmrqw8a97d,57566411.081359,20000.0,20000.0,0.037,340.0,340.0,False,False,26563.947256089272,1319.0597971711954,3.6783376652749977,comfortable,1319.0597971711954,3.6783376652749977,comfortable,358.60215053763443
pool120s8wucgh9dnshf3xkvffq30lcf4kta9uzf35s44eulezc8puwj,9.802291,1.0,1.0,0.01,340.0,340.0,False,False,0.004522877969623528,0.004522877969623528,1.2612523273612836e-05,losing,0.004522877969623528,1.2612523273612836e-05,losing,358.60215053763443
pool122gklgk6gep3dm5grag0kavzzxcwk4kxxrqegfygghjpgch6pns,5865.827814,1.0,1.0,0.05,340.0,340.0,False,False,2.706553335827397,2.706553335827397,0.007547510051932471,losing,2.706553335827397,0.007547510051932471,losing,358.60215053763443
pool122pmneflla304ptc7s5ws948u28zaek08k6hk3fmw8rgkzmgect,7705.49524,3100.0,3100.0,0.01,340.0,340.0,False,False,3.555422251358727,3.555422251358727,0.009914670745917889,losing,3.555422251358727,0.009914670745917889,losing,358.60215053763443
pool123fz95jxlu2fgqteredsqxml553rt9lsu9ef352kagm7qlejem4,9113.466488,7495.0,7495.0,0.02,340.0,340.0,False,False,4.205070561890387,4.205070561890387,0.011726283725811273,losing,4.205070561890387,0.011726283725811273,losing,358.60215053763443
pool123gn9my6u32zea8l3uk889rjj2qf2tfagcz67q4v4r9ccjjtge7,497.625746,100.0,100.0,0.15,345.0,345.0,False,False,0.22960971719915713,0.22960971719915713,0.0006402909655028969,losing,0.22960971719915713,0.0006402909655028969,losing,358.60215053763443
pool124lm97s6f4satl7xz0ulzgg6tv30tskry3zcntwrz68n60v5yne,1837630.812096,100000.0,100000.0,0.035,340.0,340.0,False,False,848.2362342370907,384.47741396198876,1.0721559070004483,edge,384.47741396198876,1.0721559070004483,edge,358.60215053763443
pool12584mjtgz3fhgpx823qht56gycnfnezg6aqqthazv4qdxkd5c46,587493.716953,50000.0,50000.0,0.02,340.0,170.0,True,True,271.1273400792271,271.1273400792271,0.7560672451984444,losing,180.45708749689985,0.503223662285208,losing,358.60215053763443
pool1258yqnsegc3k7raqcdkxu4893aqexxljflmg9g96yfha2qytayv,582274.764164,50000.0,50000.0,0.01,340.0,340.0,False,False,268.7187596569461,268.7187596569461,0.7493506641108241,losing,268.7187596569461,0.7493506641108241,losing,358.60215053763443
pool125kh7e0y9lwya4sz5etmsk7hvga9jtfpuhw00vz9zvk6sh8xh5r,3426357.296898,10000.0,10000.0,0.0,340.0,170.0,True,True,1581.0221927406635,343.62198709943124,0.9582262308919671,losing,174.1181408430992,0.4855468395324805,losing,358.60215053763443
pool126f65lklaqw39jgx9wl8klqtx99evewxk0x5yc2jzzp5wfs8fde,241429.221761,119000.0,119000.0,0.0,340.0,340.0,False,False,111.42602085110227,111.42602085110227,0.31072323655629713,losing,111.42602085110227,0.31072323655629713,losing,358.60215053763443
pool126kcx3ve6xedpdk8gm9gtgs5x2h77tuwe5hjjcrp2nshu2xv8l3,2647.043882,2500.0,2500.0,0.0799,340.0,340.0,False,False,1.2213739975552582,1.2213739975552582,0.003405930487935203,losing,1.2213739975552582,0.003405930487935203,losing,358.60215053763443
pool126mkma8nv5axltmz7mmg8qz9e70nmhnf58hwx5772fhwgkhk6ag,36663816.700164,20000.0,20000.0,0.03,340.0,340.0,False,False,16918.471356215377,846.126340998851,2.3595127350192846,comfortable,846.126340998851,2.3595127350192846,comfortable,358.60215053763443
pool127gdv243hfcrapslaqq0nnh64u2gts72gtrt4888g6g2z0zsu64,2002745.917468,28000.0,28000.0,0.01,340.0,340.0,False,False,924.1938939329591,353.9277648039979,0.9869649813124978,losing,353.9277648039979,0.9869649813124978,losing,358.60215053763443
pool127jufnlxk4n6he84qjf8ppzmxs9sjnqlhulnuzsk0uc0whtl9sn,10575.874143,6000.0,6000.0,0.0,340.0,340.0,False,False,4.879869956001468,4.879869956001468,0.013608033160663762,losing,4.879869956001468,0.013608033160663762,losing,358.60215053763443
pool127xwsah7jllutuhen8vl7sve5278h7hhxtnys3cl438dyhuwgjg,2858704.770862,1500000.0,1500000.0,0.02,340.0,340.0,False,False,1323.1246213596266,865.2037459798896,2.412712095236274,comfortable,865.2037459798896,2.412712095236274,comfortable,358.60215053763443
pool127xz8pls3lr6nct6w274ph2g4u83vqajgykf3l9ll772gvmju8z,2162.16716,2000.0,2000.0,0.0,340.0,340.0,False,False,0.9976468042805957,0.9976468042805957,0.0027820435621617808,losing,0.9976468042805957,0.0027820435621617808,losing,358.60215053763443
pool128r8qqgl9zgy3ff4759a2qslyauu5takaec3nxx4a6mvj3ys8da,3981154.551866,1.0,1.0,0.0,700.0,700.0,False,False,1836.9456919767997,700.0002855819027,1.9520247843813179,edge,700.0002855819027,1.9520247843813179,edge,358.60215053763443
pool128sj7hpet8874ycvxml85wlv9eyd8pehjhnj3clcvhrr5g5s9qj,13456.933998,10000.0,10000.0,0.01,340.0,340.0,False,False,6.209234324110553,6.209234324110553,0.017315106211162862,losing,6.209234324110553,0.017315106211162862,losing,358.60215053763443
pool12a4mx8ztxg7dwatm6lmfm36q7eyygkt3y3h29tklvcp6vyxp0nt,98525.954841,50000.0,50000.0,0.03,340.0,340.0,False,False,45.46555953355721,45.46555953355721,0.1267855183394549,losing,45.46555953355721,0.1267855183394549,losing,358.60215053763443
pool12ame5t8hdltyl30npznvhn23kxnvthk82j9p7dr4uew3y92uqes,94089.083877,30000.0,30000.0,0.01,340.0,340.0,False,False,43.417369320651126,43.417369320651126,0.12107392344289519,losing,43.417369320651126,0.12107392344289519,losing,358.60215053763443
pool12d3th585ga2w593eu5zqnkahsnlczjpqxemjc0qhku7awnhvn8a,72825.498597,10000.0,10000.0,0.0,340.0,340.0,False,False,33.60364227970983,33.60364227970983,0.0937073083062373,losing,33.60364227970983,0.0937073083062373,losing,358.60215053763443
pool12dcwy586prq83qggtfvaxwdpys9dw4sl2yahrdjyjxsqzcq84rk,1712671.72438,10000.0,10000.0,0.0,340.0,170.0,True,True,790.2770905426975,342.6290916357932,0.9554574369453903,losing,173.62169283064006,0.48416244177659745,losing,358.60215053763443
pool12e8xz54gjtcz6dzkhua9uq9dp23cqcmf6xc4929t4ep4ketccsm,25769.318135,12600.0,12600.0,0.0,340.0,340.0,False,False,11.890547640327755,11.890547640327755,0.0331580488920684,losing,11.890547640327755,0.0331580488920684,losing,358.60215053763443
pool12eht6dqxpzqj87xuextrpufz2gxmt4reuesuw26r2utzw0kw906,60037845.869446,40000.0,40000.0,0.0,340.0,200.0,True,True,27706.695214000174,358.232962770523,0.9989704808893144,losing,218.3262372696144,0.6088257890876804,losing,358.60215053763443
pool12f2r9xf4wvht030xwjhpjvy5yptr275qr2qcydnx57jkxyfzz2w,523970.691288,300000.0,300000.0,0.0,340.0,170.0,True,True,241.89587027407148,241.89587027407148,0.6745522019636776,losing,211.1640602057381,0.5888533013233476,losing,358.60215053763443
pool12f68ksfmsthe4r9xx2up9x4zx43tstu3psmjvk57papsv8vu9re,1093.094791,1000.0,1000.0,0.0,340.0,340.0,False,False,0.5043653656712895,0.5043653656712895,0.0014064761321568194,losing,0.5043653656712895,0.0014064761321568194,losing,358.60215053763443
pool12fclephansjkz0qn339w7mu9jwef2ty439as08avaw7fuyk56j6,4506052.530574,225000.0,225000.0,0.02,340.0,170.0,True,True,2080.996451630874,460.01416833184425,1.2827981305805551,edge,301.73297947433775,0.841414305580612,losing,358.60215053763443
pool12fr472y9lwzjy055gpuvpxdy5slpe0ej20pykdeatl59zg9ren2,275255.631398,49000.0,49000.0,0.0,340.0,340.0,False,False,127.02710730133273,127.02710730133273,0.3542285151131617,losing,127.02710730133273,0.3542285151131617,losing,358.60215053763443
pool12fzerww0hmk0fyvaujz5t2kg6hl4n8daz85rqy5jk8qk58r59y6,637669.68591,1000.0,1000.0,0.0,340.0,170.0,True,True,294.22857968538773,294.22857968538773,0.820487493575444,losing,170.19481650520694,0.47460623493206133,losing,358.60215053763443
pool12g6gfm5c4q7rzwwxdmh0xdxk07tyvujp6d9tke2m46k7q7cz7p0,64789812.286392,2000.0,2000.0,0.03,340.0,340.0,False,False,29894.935258957063,1227.5330205796695,3.423105574629963,comfortable,1227.5330205796695,3.423105574629963,comfortable,358.60215053763443
pool12h408zlkavwxw4wkw96mt8unjs8sn27k0yk4yhz4pzvsx0wvmq5,679.701145,0.0,0.0,0.075,340.0,340.0,False,False,0.3136211037959541,0.3136211037959541,0.0008745655967923158,losing,0.3136211037959541,0.0008745655967923158,losing,358.60215053763443
pool12jnulzs7j8lsku4r2a7q6tee6tt66872vwhqh8jxvgzn6837jtl,55946590.10305,100000.0,100000.0,0.01,340.0,340.0,False,False,25825.081171963426,639.9478056807878,1.7845620968009974,edge,639.9478056807878,1.7845620968009974,edge,358.60215053763443
pool12jzydsj2yjjn59zefvgz2q47rvfk950xckm5x4ejcdvucueg5c8,24.404162,20.0,20.0,0.02,340.0,340.0,False,False,0.011260331684047215,0.011260331684047215,3.140062508594875e-05,losing,0.011260331684047215,3.140062508594875e-05,losing,358.60215053763443
pool12k9dcw2nalx5k4navgrcuulym35c4jr2aqqr2vft6cnlvxh5rye,10373.236257,10000.0,10000.0,0.01,340.0,340.0,False,False,4.786325171778836,4.786325171778836,0.013347173642441732,losing,4.786325171778836,0.013347173642441732,losing,358.60215053763443
pool12kdg7dmdfh0t9hmy43pvl38ftu5dvppyn86wgkc4jq8557xkyz7,359250.697434,30000.0,30000.0,0.0,340.0,170.0,True,True,165.78096252153503,165.78096252153503,0.4622977365667993,losing,165.78096252153503,0.4622977365667993,losing,358.60215053763443
pool12ktz62g9d32nq0cdk9jyyqg6kquj7lnmx776at5h598supql0t2,7750411.485608,10000.0,10000.0,0.5,680.0,680.0,False,False,3576.2684188829558,2130.0026705059395,5.93973758192061,strong,2130.0026705059395,5.93973758192061,strong,358.60215053763443
pool12l453n0jtxqq88cgwgr67z06ldyhqqvwxgkn0sgungjfvhtp2el,46554518.176016,1000.0,1000.0,0.04,400.0,400.0,False,False,21480.823303638466,1243.6676394771662,3.468098664808889,comfortable,1243.6676394771662,3.468098664808889,comfortable,358.60215053763443
pool12lsfsh2s8yt8dvrt9m8kgrgr6ktntngvn2vad60xlqz7kxz9fxr,10473697.053143,50000.0,50000.0,0.05,340.0,340.0,False,False,4833.674036501662,585.0632789362786,1.6315107928357993,edge,585.0632789362786,1.6315107928357993,edge,358.60215053763443
pool12mca6l778v2e5wq5a4kc08h6grcv9j6f7yykt9wyjttckfxksvg,1014.271248,500.0,500.0,0.01,340.0,340.0,False,False,0.46799568694371946,0.46799568694371946,0.0013050554388535503,losing,0.46799568694371946,0.0013050554388535503,losing,358.60215053763443
pool12mmcc4rc2fzfv7gyv8h06nvnsrm3m7erzdv8x6gzvjxlu2lf09n,18809764.827569,50000.0,50000.0,0.01,340.0,340.0,False,False,8680.823158564785,445.35804064141143,1.2419279694048355,edge,445.35804064141143,1.2419279694048355,edge,358.60215053763443
pool12mvua605f7w2gs90d580ywzyyf96je0y5q6zwcz2l76tcdqa8y9,507.423329,500.0,500.0,0.005,340.0,340.0,False,False,0.23413035354528702,0.23413035354528702,0.0006528972377724645,losing,0.23413035354528702,0.0006528972377724645,losing,358.60215053763443
pool12n6lycv28kjtkzecfz2a3uujyxy6ewuwjcmjq84my67psqmgagv,26678342.437477,100000.0,100000.0,0.01,340.0,340.0,False,False,12314.777275503126,504.18467707369865,1.405972262904167,edge,504.18467707369865,1.405972262904167,edge,358.60215053763443
pool12ndf7w5f4fdn746s5zlay4aexvcsjncnnmjwfp8falascjqav3y,430199.560018,3000.0,3000.0,0.02,340.0,340.0,False,False,198.50096795924193,198.50096795924193,0.5535409301412143,losing,198.50096795924193,0.5535409301412143,losing,358.60215053763443
pool12nhydvz643puda5jjc7hxyphk9685n8tlsgeenfvtttckd803e5,1.434673,0.0,0.0,0.075,340.0,340.0,False,False,0.0006619728878730268,0.0006619728878730268,1.8459813664825034e-06,losing,0.0006619728878730268,1.8459813664825034e-06,losing,358.60215053763443
pool12p0qtp89dfzr6spqq4xl6ha2s9m8lqydnvfafyd0h38fy0hfv3f,187.256192,20.0,20.0,0.02,340.0,340.0,False,False,0.08640194066130422,0.08640194066130422,0.0002409409439730522,losing,0.08640194066130422,0.0002409409439730522,losing,358.60215053763443
pool12pvaxxcv3sgad5jqgfnggn337y76kp02uauptkufjjjes7nxwfm,254399.652522,144777.0,144777.0,0.016,340.0,170.0,True,True,117.41326415725092,117.41326415725092,0.32741929735005504,losing,117.41326415725092,0.32741929735005504,losing,358.60215053763443
pool12pwp8hln0cjsxv0h2a0463qsakkhwetfhyqw7vzmpwd2jdj86n6,950379.734233,200000.0,200000.0,0.01,340.0,340.0,False,False,438.80445253221325,361.57274440548815,1.00828381498382,edge,361.57274440548815,1.00828381498382,edge,358.60215053763443
pool12qrgswlflndwp3met59zmuclqp4wryn4e9428gm7n8vwymnhvng,228312.765825,10000.0,10000.0,0.0437,340.0,340.0,False,False,105.35005654987835,105.35005654987835,0.2937797678902155,losing,105.35005654987835,0.2937797678902155,losing,358.60215053763443
pool12qtv7kyrx8g0d5890alk6dkc6n6nyfx80synspvqafjrqd3ergz,7614597.91343,40000.0,40000.0,0.0,340.0,340.0,False,False,3514.036509747732,356.6734293567865,0.994621557126871,losing,356.6734293567865,0.994621557126871,losing,358.60215053763443
pool12r08n33avu33ncstukwxyr440mgaazmuclay38v0yt34xytu2dq,166735.125456,42000.0,42000.0,0.02,340.0,340.0,False,False,76.94337994008286,76.94337994008286,0.2145647476590017,losing,76.94337994008286,0.2145647476590017,losing,358.60215053763443
pool12rs385dd534g8gtdtmnvlhq63whdvc6vnuzxa5cpx843zdy73qy,24957719.840354,300.0,300.0,0.01,340.0,340.0,False,False,11515.763190089496,451.8906248861792,1.2601447710469165,edge,451.8906248861792,1.2601447710469165,edge,358.60215053763443
pool12rt30v5khmh2y9nap3ffe6envd89lq9qf8f4usr0enwwzzwktsu,558.320158,0.0,0.0,0.0,340.0,340.0,False,False,0.2576146671394698,0.2576146671394698,0.0007183857284548932,losing,0.2576146671394698,0.0007183857284548932,losing,358.60215053763443
pool12rv575nj9cfvy0r4th7jtz5x3nt6waht0qe5fdr58ucx77tk7pu,5647.630894,5000.0,5000.0,0.01,340.0,340.0,False,False,2.605881247511618,2.605881247511618,0.007266775292910958,losing,2.605881247511618,0.007266775292910958,losing,358.60215053763443
pool12t3zmafwjqms7cuun86uwc8se4na07r3e5xswe86u37djr5f0lx,63244270.50397,10000.0,10000.0,0.0,340.0,340.0,False,False,29182.772858525874,344.56053530678565,0.9608434717700469,losing,344.56053530678565,0.9608434717700469,losing,358.60215053763443
pool12tlu3dm864fzxgcjp9jrsykcmcvxskjtqwy07z982avqx3n9dp2,21172.503898,18308.0,18308.0,0.0,345.0,345.0,False,False,9.769312192176166,9.769312192176166,0.027242759636353326,losing,9.769312192176166,0.027242759636353326,losing,358.60215053763443
pool12u28yewx8ycf6dj77lzpj6vvhjwp6veh6kxpc63h8fqnqqtlwmu,516567.583196,60000.0,60000.0,0.0,340.0,340.0,False,False,238.40230065547843,238.40230065547843,0.6648100138218739,losing,238.40230065547843,0.6648100138218739,losing,358.60215053763443
pool12udshcl3ycj4qpxes28n0ugsye23h89rj8z2a5ast4482m08xe7,33065927.806352,0.0,0.0,0.99999,99999.0,35000.0,True,True,15256.959404806426,15256.959404806426,42.5456439174512,strong,15256.959404806426,42.5456439174512,strong,358.60215053763443
pool12va8zrqehhwuz39trxgq6dagzjyq3qjenqd96jy9qvwwx2372zv,6.0,2.0,2.0,0.06,345.0,345.0,False,False,0.002768461767453487,0.002768461767453487,7.720148257066695e-06,losing,0.002768461767453487,7.720148257066695e-06,losing,358.60215053763443
pool12vs4c3cm0tr49c7alrevfs0xa5g3s4al4fn46h33e69uusat04v,34798587.772728,1000000.0,1000000.0,0.04,340.0,340.0,False,False,16122.316410815769,1406.6845709935183,3.922688608767532,comfortable,1406.6845709935183,3.922688608767532,comfortable,358.60215053763443
pool12vv4c6z7yf8j4m2amzej4j8tn2d4dxklqk5nqztz7wl02gratjp,130102.157136,0.0,0.0,0.0,340.0,340.0,False,False,60.03047431563027,60.03047431563027,0.16740132267926883,losing,60.03047431563027,0.16740132267926883,losing,358.60215053763443
pool12vyqstpuv48tgs2ygf57npl6phzscrfll46lyq6tw4l4xknp54k,400333.260179,30000.0,30000.0,0.0049,340.0,340.0,False,False,184.73924961273326,184.73924961273326,0.515164923957547,losing,184.73924961273326,0.515164923957547,losing,358.60215053763443
pool12wpfng6cu7dz38yduaul3ngfm44xhv5xmech68m5fwe4wu77udd,18215006.064167,50000.0,50000.0,0.02,340.0,200.0,True,True,8406.338147600618,523.0259360316182,1.458513104975727,edge,386.2025485880914,1.0769666272471514,edge,358.60215053763443
pool12x6z2am9fxpw7s8wfjpsdd4jm2v5wdj62fshv00ztpxr6jy3ztp,593.799895,100.0,100.0,0.01,345.0,345.0,False,False,0.2739854778581231,0.2739854778581231,0.0007640374644919174,losing,0.2739854778581231,0.0007640374644919174,losing,358.60215053763443
pool12xyhj4ktuhy0gage20p3e6z6r3s0tun7lmsk89lxv4y5wh93t0g,1.434673,0.0,0.0,0.075,340.0,340.0,False,False,0.0006619728878730268,0.0006619728878730268,1.8459813664825034e-06,losing,0.0006619728878730268,1.8459813664825034e-06,losing,358.60215053763443
pool12yfqjghmn47qajajqduf2rd83qxtdhva8j0qdctmla4v5w3mhq4,91609.897464,31544.0,31544.0,0.005,340.0,340.0,False,False,42.2733936390987,42.2733936390987,0.11788382633991541,losing,42.2733936390987,0.11788382633991541,losing,358.60215053763443
pool12yscr8j3zs34ewxrwlk0p2w5uvgcnrzywpp78ddjsj8kxd530f9,4144695.753201,50000.0,50000.0,0.0,340.0,340.0,False,False,1912.7990564173256,358.97363702996336,1.0010359293489233,edge,358.97363702996336,1.0010359293489233,edge,358.60215053763443
pool12z39rkzfylvn9wfe8j6x9ucq6g2l4mw4azj70y0gd8ejczznyj3,68715368.628939,310000.0,310000.0,0.01,340.0,340.0,False,False,31746.91201215931,794.3402339764984,2.2151017019434587,comfortable,794.3402339764984,2.2151017019434587,comfortable,358.60215053763443
pool12zcqkql458zh0pxvpw9qad8mceccdatk2lm0cpxfql557lhve8y,923.691183,2.0,2.0,0.0,340.0,340.0,False,False,0.42620062202077086,0.42620062202077086,0.0011885054826966024,losing,0.42620062202077086,0.0011885054826966024,losing,358.60215053763443
pool130hx49xrg3cjtdqnqegmn03z8fgu6juenyctws0feh6ekdy0fam,37297.447304,1500.0,1500.0,0.05,340.0,340.0,False,False,17.20952925863746,17.20952925863746,0.047990591335930546,losing,17.20952925863746,0.047990591335930546,losing,358.60215053763443
pool130sxcuaxh2yc4chs68c4jsep4v7zfhgdqutm60ngdvt9sa2ga06,4554.611863,600.0,600.0,0.02,340.0,340.0,False,False,2.1015493502357536,2.1015493502357536,0.005860392490912296,losing,2.1015493502357536,0.005860392490912296,losing,358.60215053763443
pool130u9tm5kzsjkzlt4zq989s33fne5n9qahkdcmamh688wzrk78g6,4515.762065,500.0,500.0,0.02,340.0,340.0,False,False,2.0836229522679646,2.0836229522679646,0.005810402835409916,losing,2.0836229522679646,0.005810402835409916,losing,358.60215053763443
pool136903m0kag2amlga2ypcz8wnf7d552qgy5t6vz2pqlzuq2kyshy,114468.28447,200.0,200.0,0.03,340.0,340.0,False,False,52.81688848857492,52.81688848857492,0.1472854761450515,losing,52.81688848857492,0.1472854761450515,losing,358.60215053763443
pool136ahugdvaenv8ed0d3m9af4dxxtzu7u3vpfq4mxk7qq6xuvd0ca,438132.567728,50000.0,50000.0,0.01,340.0,340.0,False,False,202.196204961283,202.196204961283,0.5638454890974308,losing,202.196204961283,0.5638454890974308,losing,358.60215053763443
pool136wr0g23dw9daekuyqtgk366vywms6meespgpm3hdguxqczaaug,6280081.744314,100.0,100.0,0.05,340.0,340.0,False,False,2897.6955585286346,467.92346867727747,1.3048540505843118,edge,467.92346867727747,1.3048540505843118,edge,358.60215053763443
pool137cuaqqktk0rhh3a9zj4rchr75qm07pgzgekprle5qyq2xk2nzq,246548.661161,100000.0,100000.0,0.01,340.0,340.0,False,False,113.78832232296524,113.78832232296524,0.31731076389912344,losing,113.78832232296524,0.31731076389912344,losing,358.60215053763443
pool137j9xuzycq4jxfpsmjnc75w2wnpz68khlwvsh69kt5negg6ldhg,1647913.358982,50.0,50.0,0.03,340.0,170.0,True,True,760.364342540367,352.6233020859922,0.9833273491453455,losing,187.7283053830133,0.5235002219076532,losing,358.60215053763443
pool13846y7q7tng3endxhet9qdcz5w0fjs09ytcye4dm5g54wmyqeqr,40396676.601322,40000.0,40000.0,0.01,340.0,170.0,True,True,18642.546707695237,540.9670630348984,1.5085438339503912,edge,372.8337104070681,1.0396862089312544,edge,358.60215053763443
pool138m7hevnvp664cmtralju857t5k7e4frpnaevtgpuykggr50kne,43522927.809044,10000.0,10000.0,0.0399,340.0,340.0,False,False,20082.763268162955,1132.0914363619377,3.1569566291352382,comfortable,1132.0914363619377,3.1569566291352382,comfortable,358.60215053763443
pool1398lzhvtaa0hgz305d2jz4urfkwkkt66yv476wqe6att2f7dphh,26956925.583431,0.0,0.0,0.1,340.0,340.0,False,False,12438.202905220978,1549.8202905220978,4.3218376917107975,comfortable,1549.8202905220978,4.3218376917107975,comfortable,358.60215053763443
pool139ffqrvyqu9sgsekk3pu9t7jxx872w655vses7d4q4sxxyd257a,129760.909298,0.0,0.0,0.01,340.0,340.0,False,False,59.87301905104992,59.87301905104992,0.16696224203141358,losing,59.87301905104992,0.16696224203141358,losing,358.60215053763443
pool139l6650n4u0gg9fmnd3aczp62q5xwngp299pwwhe2mj7sm5vqs6,1.231208,0.0,0.0,0.0,340.0,340.0,False,False,0.0005680920428086215,0.0005680920428086215,1.5841847070825128e-06,losing,0.0005680920428086215,1.5841847070825128e-06,losing,358.60215053763443
pool13am73gpq93hrngwpnlz34cwcytuykpytxtkz9srmrq3x6x8qlsu,465.409359,24.88413,24.88413,0.0,340.0,340.0,False,False,0.21474468931096533,0.21474468931096533,0.0005988382640455704,losing,0.21474468931096533,0.0005988382640455704,losing,358.60215053763443
pool13annzt9hjfc822f0ejvxjf7fsmxd6cc28whpk5kagec6ggfmm7u,35876943.371053,1000.0,1000.0,0.05,345.0,345.0,False,False,16554.05987221114,1155.8821998202204,3.2232996876545874,comfortable,1155.8821998202204,3.2232996876545874,comfortable,358.60215053763443
pool13c9mnvfx4nvwvkszxcprwlv60fh3tteef50hhhv9yxptsua2v70,71618583.011175,68000000.0,68000000.0,1.0,340.0,340.0,False,False,42356.321994988764,42356.321994988764,118.11508082560584,strong,42356.321994988764,118.11508082560584,strong,358.60215053763443
pool13crd2ljx87988umk22er6ynwadfwdqupdpcq6prc6v59z62kxse,37527431.534958,1000000.0,1000000.0,0.04,340.0,340.0,False,False,17386.75069533249,1457.947851372175,4.065641684486125,comfortable,1457.947851372175,4.065641684486125,comfortable,358.60215053763443
pool13ds97sp5wtfpu7x720pj843ax2chfrcj25d88a39l8czjmg4gkf,103.0,2.0,2.0,0.069,340.0,340.0,False,False,0.04752526046557478,0.04752526046557478,0.00013252921209290717,losing,0.04752526046557478,0.00013252921209290717,losing,358.60215053763443
pool13ehs4gzc9t6tjr5rpynqtyp8act4jfqth54huymasuslj05fu8z,38221400.439657,100.0,100.0,1.0,345.0,345.0,False,False,17635.754884182727,17635.754884182727,49.17916654359801,strong,17635.754884182727,49.17916654359801,strong,358.60215053763443
pool13ft2syyqvrd0x89hcyskvz3dymqz6xavq646x2gy79lq6lrthrx,4254.851645,1000.0,1000.0,0.03,340.0,340.0,False,False,1.963238595958707,1.963238595958707,0.005474698333558014,losing,1.963238595958707,0.005474698333558014,losing,358.60215053763443
pool13h7z0g56m0atqukzpdt8anrdytpyt57xmu8v5vv8rase5hswern,1282.530275,512.0,512.0,0.0,340.0,340.0,False,False,0.5917734269667625,0.5917734269667625,0.001650222749862336,losing,0.5917734269667625,0.001650222749862336,losing,358.60215053763443
pool13hxlxd6qa68fmfhrvvmasa0mjg30tj9p5v2lmgmgsmrp2rgzkfp,1912250.900524,275000.0,275000.0,0.0,340.0,170.0,True,True,883.2014787605078,418.1175768400507,1.1659650568553137,edge,272.565205541488,0.7600768850182424,losing,358.60215053763443
pool13jf2uxjk7c2cl6nfllvnrdd6sv4eeq9zvwx23u3wrf97kvufj7x,6617666.151884,0.0,0.0,0.999999,999999.0,20000.0,True,True,3053.4592715846966,3053.4592715846966,8.514893920760922,strong,3053.4592715846966,8.514893920760922,strong,358.60215053763443
pool13lswc5y4zycu9u63ktssp6rnczt97fy54cqk4s2ehwjawg5tlh6,250.0,200.0,200.0,0.004,340.0,340.0,False,False,0.11535259222358239,0.11535259222358239,0.0003216728958558669,losing,0.11535259222358239,0.0003216728958558669,losing,358.60215053763443
pool13mjxg33urh0xquvw33kjn85yw7j42uwqw0pvh8s6c67rszr7ssz,637680.974853,30000.0,30000.0,0.01,340.0,340.0,False,False,294.26761918303566,294.26761918303566,0.820596359340999,losing,294.26761918303566,0.820596359340999,losing,358.60215053763443
pool13njpuytryujfz5csc8f0mlx3rc666jx9fl2e302c4cdpxaghfnm,23169.452595,15500.0,15500.0,0.01,340.0,340.0,False,False,10.690852517922258,10.690852517922258,0.029812572238883655,losing,10.690852517922258,0.029812572238883655,losing,358.60215053763443
pool13p725l7vqedxvkrstaq7myguewcktjglapwls3re7wakxdv90fw,323679.246289,100000.0,100000.0,0.015,340.0,340.0,False,False,149.3920132817789,149.3920132817789,0.41659541934648986,losing,149.3920132817789,0.41659541934648986,losing,358.60215053763443
pool13p8rkc9nv8umw98qdvjqv0tmwgjmzlmyedrd3m50pjpp58ek53a,116.330953,40.0,40.0,0.02,340.0,340.0,False,False,0.05367630486222531,0.05367630486222531,0.0001496820495408382,losing,0.05367630486222531,0.0001496820495408382,losing,358.60215053763443
pool13pclvkwxee4znt7qc55k8ny89zvdkvfrt04dtd99zjm5vs2tws5,31714671.052505,100000.0,100000.0,0.048,340.0,170.0,True,True,14639.560463377493,1069.3028270673153,2.9818639555400397,comfortable,907.9731271733202,2.5319790352959153,comfortable,358.60215053763443
pool13pt7us94nw782t5v4d89sz8zqn8hcn8r8r7hhph5mvxvvp3c76v,11726674.958502,215000.0,215000.0,0.025,340.0,170.0,True,True,5415.579974829213,557.6201161899662,1.5549826328535787,edge,394.90902109063995,1.1012455460698505,edge,358.60215053763443
pool13q8kl9s0kufpl0vjmnrk2f2nz9nle3k9l3pnzh4negaf7kmd80p,1034.088522,1000.0,1000.0,0.05,340.0,340.0,False,False,0.47713915244925337,0.47713915244925337,0.0013305529588539897,losing,0.47713915244925337,0.0013305529588539897,losing,358.60215053763443
pool13qdkwy5y88ncr5qpjrh8hgtf94d0zw4wuhgezjg3hvlyyrh37c7,37778014.619424,100000.0,100000.0,0.0,340.0,170.0,True,True,17438.416587383832,385.2602307443454,1.0743388743395539,edge,215.71022792316109,0.6015307705203592,losing,358.60215053763443
pool13qe6ycacqjg3gpvjewg8734d6hs6rhduuenjtnnkwh327hmtyz5,404439.565201,50000.0,50000.0,0.0,340.0,340.0,False,False,186.64666666589122,186.64666666589122,0.5204839580188271,losing,186.64666666589122,0.5204839580188271,losing,358.60215053763443
pool13qppafmw3vq5rl4ewmxv7zy84x3rshx9sdczs0zq40cxu0dqkrg,13233.924043,10000.0,10000.0,0.0,340.0,170.0,True,True,6.106330948785681,6.106330948785681,0.017028149272475812,losing,6.106330948785681,0.017028149272475812,losing,358.60215053763443
pool13rx88l4d5gpw69e586tfcdeuzmx6f2ys95pqjnlnmlzrs739h0y,39526817.77423,3000.0,3000.0,1.0,340.0,340.0,False,False,18238.308436441454,18238.308436441454,50.85945081226552,strong,18238.308436441454,50.85945081226552,strong,358.60215053763443
pool13s6u5zjngelr5uddhqygqqf5tcup0g3ajenma6amy9zuu7e97gm,314574.759601,200000.0,200000.0,0.01,340.0,340.0,False,False,145.19241023525814,145.19241023525814,0.4048843823651876,losing,145.19241023525814,0.4048843823651876,losing,358.60215053763443
pool13u45a953lme8y835e5upndqp50r887dha7gt26v6hcaeup4aavx,1729.423021,1729.0,1729.0,0.0199,340.0,340.0,False,False,0.7979735826771823,0.7979735826771823,0.0022252336788299238,losing,0.7979735826771823,0.0022252336788299238,losing,358.60215053763443
pool13vc4ekwpky5vtnl8pyj60phkmwtv7gsthn4g525udt7mjycs85v,25220.998038,5000.0,5000.0,0.02,340.0,340.0,False,False,11.637422411097619,11.637422411097619,0.032452182435744485,losing,11.637422411097619,0.032452182435744485,losing,358.60215053763443
pool13w9mcp8af4ef8vwsw624ams38w7hs0chvtjknz2t3pcxkm8w9m2,9.630058,5.0,5.0,0.9999,420.0,420.0,False,False,0.0044434079183762595,0.0044434079183762595,1.2390912635951788e-05,losing,0.0044434079183762595,1.2390912635951788e-05,losing,358.60215053763443
pool13wd88txwe9xhgld7hf6v8kstppcexmqu6t4fhxwx5zktz0l5nxv,2256.562616,2000.0,2000.0,0.0,345.0,345.0,False,False,1.0412022020661538,1.0412022020661538,0.002903502392568285,losing,1.0412022020661538,0.002903502392568285,losing,358.60215053763443
pool13ws3wf9skw0ngg3aze482tdxqsnfmvf4vgy46cux599mxm8n27g,1167908.392396,808000.0,808000.0,0.0,340.0,170.0,True,True,539.4642326557951,477.9963540250303,1.3329433560518087,edge,425.6083181947557,1.186853780872932,edge,358.60215053763443
pool13wtywenpwvg5snncx5zvxevvry85cp3c9nq0xlxlck9l7qh2spx,322367.3692,50000.0,50000.0,0.0,340.0,340.0,False,False,148.7698180923105,148.7698180923105,0.41486036229639806,losing,148.7698180923105,0.41486036229639806,losing,358.60215053763443
pool13wzpwavanfpkr4r4j30plrlc6dn6p822lkt22zdllmy7q8y7s90,96416.748911,50.0,50.0,0.0,340.0,340.0,False,False,44.48768953085353,44.48768953085353,0.12405862447884192,losing,44.48768953085353,0.12405862447884192,losing,358.60215053763443
pool13xh3tgwzhr3hn25v5m2dnvqnfcmnzghcfah5t7kzufkywuy7w7v,1184718.298731,100000.0,100000.0,0.01,340.0,340.0,False,False,546.8500161705177,359.3537498474881,1.002095914117433,edge,359.3537498474881,1.002095914117433,edge,358.60215053763443
pool13xlhhdl2phz8sup0hwcuhp6c4kscrtxs6d05n99hnmuakfkd6ws,39.624703,0.0,0.0,0.0,340.0,340.0,False,False,0.01828324578215453,0.01828324578215453,5.098476335053586e-05,losing,0.01828324578215453,5.098476335053586e-05,losing,358.60215053763443
pool13zdrhek6m4n947grhrm0772zt09lrm2vzkffsla25e7yq6xqjkg,181078.434333,50000.0,50000.0,0.0,340.0,340.0,False,False,83.56406204047214,83.56406204047214,0.23302721948317567,losing,83.56406204047214,0.23302721948317567,losing,358.60215053763443
pool13zh79cqv3y36cgknzagwegp8y0kuzel2j046jmup97hhjwk5myw,34234.821257,100.0,100.0,0.015,340.0,340.0,False,False,15.796305433954366,15.796305433954366,0.04404966732706914,losing,15.796305433954366,0.04404966732706914,losing,358.60215053763443
pool13zkcgp7se22046p9gczt98au93dw85q2g7m3zany4kzf66y46x0,23101.041029,2252.0,2252.0,0.02,340.0,340.0,False,False,10.659148332363355,10.659148332363355,0.029724161766410552,losing,10.659148332363355,0.029724161766410552,losing,358.60215053763443
pool13zq5jktx7xmngfer82nkrs8aqjklmydntxdqzttas328yuttgx6,4553681.06102,100.0,100.0,0.0,340.0,170.0,True,True,2101.116183302451,340.0386745615185,0.9482337851340695,losing,170.04240780496977,0.4741812271622845,losing,358.60215053763443
pool140x77a7cz2j689lmxf836qpjtc3y83rka28v6gpswxdw2mag62e,17046979.622443,250000.0,250000.0,0.0299,340.0,340.0,False,False,7873.751265460651,672.4407906753431,1.87517221987427,edge,672.4407906753431,1.87517221987427,edge,358.60215053763443
pool140xj040w37pcufxdhpjne03sn2rd0fxys4m2c0sgjw5pqjnlx8f,554378.707538,25500.0,25500.0,0.02,340.0,340.0,False,False,255.82197194676186,255.82197194676186,0.7133866084272519,losing,255.82197194676186,0.7133866084272519,losing,358.60215053763443
pool1429egqgv60r3nxlp6cvs08qcffv7duddjvyjd0pt6wzhj7akda8,5466624.775365,50000.0,50000.0,0.01,340.0,340.0,False,False,2522.8778387240322,381.5946224787849,1.0641169382466864,edge,381.5946224787849,1.0641169382466864,edge,358.60215053763443
pool142cpn2gm89q72srv9pt7jtt7p7yg43a8ltfqhz3jp3t3xuh7x48,10324.370808,100.0,100.0,0.045,345.0,345.0,False,False,4.763772914504783,4.763772914504783,0.013284284289323683,losing,4.763772914504783,0.013284284289323683,losing,358.60215053763443
pool142xwjhpcvtp7tahpmn8tlnek7smefp9wn66z67j8vjpmjxqdg56,70832918.245994,1000.0,1000.0,0.011,340.0,340.0,False,False,32683.173633484257,696.2264994201751,1.9415011827908928,edge,696.2264994201751,1.9415011827908928,edge,358.60215053763443
pool143nv3macakarny2hvg67gg00q5j2kdg6yfvcmefqmea3vnj0nex,88545.40787,3000.0,3000.0,0.04,340.0,340.0,False,False,40.856255780094926,40.856255780094926,0.11393198763264852,losing,40.856255780094926,0.11393198763264852,losing,358.60215053763443
pool143x8nhnr3j9mpzvhayuaen0y8l350guj6yd8mhmhhuupvuah3hh,703940.656052,580.0,580.0,0.0,340.0,340.0,False,False,324.8062477570203,324.8062477570203,0.9057565529656038,losing,324.8062477570203,0.9057565529656038,losing,358.60215053763443
pool1442wwr8zzdpcu8uwnglackzr3u5ggrmfxsjja0s7aef66hk2fuc,47778.78185,20000.0,20000.0,0.01,340.0,340.0,False,False,22.04669001683124,22.04669001683124,0.06147952538426702,losing,22.04669001683124,0.06147952538426702,losing,358.60215053763443
pool144m894gswuy3se407ma5870nkaw5ylykrak73gf4kpepj50ulfa,1506693.817259,0.0,0.0,0.03,340.0,170.0,True,True,695.2040341955097,350.6561210258653,0.9778416568337472,losing,185.7561210258653,0.5180005773734774,losing,358.60215053763443
pool1456lrrp0a3gsgkmyx0rm8wkdmdku75tfdlu9xvpffvxmqmjkwee,156787.732226,25000.0,25000.0,0.05,340.0,340.0,False,False,72.34980835573543,72.34980835573543,0.20175508776861753,losing,72.34980835573543,0.20175508776861753,losing,358.60215053763443
pool145ak0czqxe97ef38zjupk0pz5yk7pahcyrdfee2lrnsnwawj6dc,2251082.881014,10000.0,10000.0,0.045,340.0,340.0,False,False,1038.715889295907,374.40644916493693,1.0440719571915782,edge,374.40644916493693,1.0440719571915782,edge,358.60215053763443
pool145dkdplkqke4g0unzkjljeh2wr797d08k2jv822rhmmc68xak38,21717713.766289,5.0,5.0,0.02,340.0,340.0,False,False,10020.77685946421,533.6177213881884,1.4880494179640635,edge,533.6177213881884,1.4880494179640635,edge,358.60215053763443
pool14723n6gf5yu6k7rzst4c0c4ujql6rmypyr5v6z362p4ywq9ejw7,64033.726359,5000.0,5000.0,0.05,340.0,340.0,False,False,29.546387737466894,29.546387737466894,0.08239322517494516,losing,29.546387737466894,0.08239322517494516,losing,358.60215053763443
pool147en6w8f9cplnn5x7qt4ese7fpacmmcwuffrtu0yqxpaz4agppr,27948399.201635,37000.0,37000.0,0.015,340.0,340.0,False,False,12897.664958535484,544.7402986358543,1.5190659002439115,edge,544.7402986358543,1.5190659002439115,edge,358.60215053763443
pool1484zq40k4xg69t55z4fqz78zz6j3t9pvlw4jd635w692xhfzkka,30471.557042,30000.0,30000.0,0.01,340.0,340.0,False,False,14.059917954822565,14.059917954822565,0.039207567310299805,losing,14.059917954822565,0.039207567310299805,losing,358.60215053763443
pool1488f5rzus7kpu3zr6zwyw8mdy0rj4m3knssv58enurgsx40msjf,1087.461798,500.0,500.0,0.02,350.0,350.0,False,False,0.5017666303287404,0.5017666303287404,0.0013992292839751978,losing,0.5017666303287404,0.0013992292839751978,losing,358.60215053763443
pool149d5lzg7m6susau4f4yfdztgkty34qrcdpvd3ygsetmljgxxf8g,37893152.313929,300.0,300.0,0.0,340.0,340.0,False,False,17484.312323671245,340.13573148136345,0.9485044386136972,losing,340.13573148136345,0.9485044386136972,losing,358.60215053763443
pool14cautfm2e8jxv79tv59grnryjxs8f2wewz66wup695xgu7wjnvr,566955.39172,2020.0,2020.0,0.005,340.0,188.0,True,True,261.60124625157647,261.60124625157647,0.7295027256790588,losing,188.62892824911233,0.5260117039630419,losing,358.60215053763443
pool14cq4fchmmqjygwjw4zexmqqd6a7caxptjnvseyu6wanjuppv4vk,7214935.781681,3000000.0,3000000.0,0.0,340.0,170.0,True,True,3355.0819743648954,1593.6834972337404,4.444154879842214,comfortable,1494.3701970786522,4.167209245226826,comfortable,358.60215053763443
pool14cteh4nuwyvqadavujaf8qy05g208y66ddmct4vwlzurj0zluet,118191.858055,1000.0,1000.0,0.03,340.0,340.0,False,False,54.53516498566424,54.53516498566424,0.15207707177411617,losing,54.53516498566424,0.15207707177411617,losing,358.60215053763443
pool14dswwngc8j92uek927jced2lfc7c4pa4ss9gry9nu9rhkc7a055,142817.213898,100000.0,100000.0,0.0,340.0,170.0,True,True,65.90559999001076,65.90559999001076,0.18378473160632683,losing,65.90559999001076,0.18378473160632683,losing,358.60215053763443
pool14dz6syalxmtlykaudkk50t9xtve0ne2rvtsgqmyvfeg5cxx68n4,1827.59166,1000.0,1000.0,0.0,340.0,340.0,False,False,0.8432711922083306,0.8432711922083306,0.002351550850835824,losing,0.8432711922083306,0.002351550850835824,losing,358.60215053763443
pool14enw2643rn9nn6yzv60jyz3hj4kxs0jvap87lkgsqykh508jxm6,17922014.641889,1000.0,1000.0,0.05,345.0,345.0,False,False,8269.436454203089,741.641876748828,2.068146762747856,comfortable,741.641876748828,2.068146762747856,comfortable,358.60215053763443
pool14exgv53wem2jwutrqpsdxtrl4hweefymltq02xt72z60x8ge4qf,449.960297,100.0,100.0,0.02,340.0,340.0,False,False,0.20761637929578616,0.20761637929578616,0.0005789602181261803,losing,0.20761637929578616,0.0005789602181261803,losing,358.60215053763443
pool14f58kf59ec7ymk7mm5w07advfgs6a2guur3g5zyf45uvyvl80t4,706546.141074,1000.0,1000.0,0.04,400.0,400.0,False,False,326.00901735842683,326.00901735842683,0.9091106031284466,losing,326.00901735842683,0.9091106031284466,losing,358.60215053763443
pool14fjmlppz76667ws3jl5luejf2wgztuhpsftulvh3ucc65anqgve,43561901.138893,20000.0,20000.0,0.037,340.0,340.0,False,False,20101.583748661466,1079.9157771304442,3.0114592885496645,comfortable,1079.9157771304442,3.0114592885496645,comfortable,358.60215053763443
pool14g73qj0qz05ymqg7dp9kxdu8jr7uuzm6z6n3jwxpvqskghhmhng,237830.057182,100000.0,100000.0,0.005,340.0,340.0,False,False,109.763790664798,109.763790664798,0.306087931988792,losing,109.763790664798,0.306087931988792,losing,358.60215053763443
pool14g7yxpecpp2vt25nc7mjtf8q5g8n362wxksvpxz5fht35khqs0t,10.0,10.0,10.0,0.1,340.0,340.0,False,False,0.004614102920129051,0.004614102920129051,1.2866913690314895e-05,losing,0.004614102920129051,1.2866913690314895e-05,losing,358.60215053763443
pool14glhqr7989jz4yu0hnytpw62xlq0666sy075ztufdya2yw4d6fe,3914.912996,100.0,100.0,0.04,340.0,340.0,False,False,1.8063818819202198,1.8063818819202198,0.005037286807153836,losing,1.8063818819202198,0.005037286807153836,losing,358.60215053763443
pool14gw9d5yhxf5t6k68tqvpa95hragu78yuyr7lm9gz9d9dx2yz9s4,13216.000539,8850.0,8850.0,0.015,340.0,340.0,False,False,6.098072960273624,6.098072960273624,0.01700512099866408,losing,6.098072960273624,0.01700512099866408,losing,358.60215053763443
pool14gzj8a99u43j2gu3z0wcyedvdca27m2lx7msqxywl3lrcyrvmys,313.285815,0.0,0.0,0.0,340.0,340.0,False,False,0.14455329938265013,0.14455329938265013,0.0004031021542004936,losing,0.14455329938265013,0.0004031021542004936,losing,358.60215053763443
pool14hhs6ruwnuaf4fzsmx89mvmjl2qhyy5jnzyk2le03886kj6z9yp,3257389.258383,1000.0,1000.0,0.007,340.0,340.0,False,False,1502.999187806558,348.49552922032836,0.9718166182156083,losing,348.49552922032836,0.9718166182156083,losing,358.60215053763443
pool14hsxa2zfwzvy9ncdjwnx0xkcltjmdydeayxfju7suuuewv0dnke,71717.03695,50000.0,50000.0,0.0,340.0,170.0,True,True,33.093070763223906,33.093070763223906,0.09228352566656141,losing,33.093070763223906,0.09228352566656141,losing,358.60215053763443
pool14kd9lt3gsdhv48j9w4vgcufw0txdvz932xwh9dapkpv2c0j4ytd,42015.055457,16000.0,16000.0,0.0199,340.0,340.0,False,False,19.386979313124073,19.386979313124073,0.054062640963134595,losing,19.386979313124073,0.054062640963134595,losing,358.60215053763443
pool14kg79f3v5lqfvp5etqvmy6m9kuzpnd80w5cl44qrl8tpuk00quc,357172.338356,109000.0,109000.0,0.042,340.0,340.0,False,False,164.8550980402249,164.8550980402249,0.45971586559942773,losing,164.8550980402249,0.45971586559942773,losing,358.60215053763443
pool14lr9ef5a22ng5xcu2rhpkkc86u5fp24r5gnj6hvnjxmsv8t8rtj,191990.956801,310.0,310.0,0.031,340.0,170.0,True,True,88.58671764976032,88.58671764976032,0.24703342553006624,losing,88.58671764976032,0.24703342553006624,losing,358.60215053763443
pool14mfq8s3gspe8sdka6cgkm6jzgd644dvw2av5kqa8w4havs9e57u,25260.930066,10000.0,10000.0,0.0,340.0,340.0,False,False,11.655946502132936,11.655946502132936,0.03250383882154012,losing,11.655946502132936,0.03250383882154012,losing,358.60215053763443
pool14mm59ntjqzphjr6chrww639cdr3yjce4qcwzc5jkk38y22u7uc6,47425792.579635,50000.0,50000.0,0.05,340.0,340.0,False,False,21887.304802228628,1438.9462601099324,4.012653738837292,comfortable,1438.9462601099324,4.012653738837292,comfortable,358.60215053763443
pool14mma26pz4v888lrxtlzm22vjd68h5hd89kj7jaag6knx7x3k5ed,578186.119351,8000.0,8000.0,0.01,340.0,340.0,False,False,266.78979437786893,266.78979437786893,0.7439715405439823,losing,266.78979437786893,0.7439715405439823,losing,358.60215053763443
pool14msuc40fcjvwl2g6f9p2dxx24ekj7qvemla3pzkke6p86d4swzp,58265.924667,5.0,5.0,0.0,340.0,340.0,False,False,26.884497874892386,26.884497874892386,0.07497026393898026,losing,26.884497874892386,0.07497026393898026,losing,358.60215053763443
pool14nzt6708j4jgu5f5ajxgp0pdfp42jqraum585dy2r7vt5zulyd8,15110.171646,4500.0,4500.0,0.0,340.0,340.0,False,False,6.972080487515597,6.972080487515597,0.01944238336848427,losing,6.972080487515597,0.01944238336848427,losing,358.60215053763443
pool14p4ksk3ddqtax905sys7ujakpxwvfsntjnvlu8p9d3wxycy7pv3,5289.253999,25.0,25.0,0.01,340.0,340.0,False,False,2.440516485157678,2.440516485157678,0.00680563817450267,losing,2.440516485157678,0.00680563817450267,losing,358.60215053763443
pool14p6lu0454w4wq6gsxxftqdz43x3tuv3teunp8kgu08tacgf43gd,497.625174,100.0,100.0,0.15,345.0,345.0,False,False,0.22960945327236015,0.22960945327236015,0.0006402902295151272,losing,0.22960945327236015,0.0006402902295151272,losing,358.60215053763443
pool14pm8aq4eu6ms4r5egy6j4g0ny76cpqgy40qgyxa8c4f02kj98wg,79096.733847,70000.0,70000.0,0.03,340.0,340.0,False,False,36.4972812851565,36.4972812851565,0.10177652652232545,losing,36.4972812851565,0.10177652652232545,losing,358.60215053763443
pool14prutdqlndelj94pdz6h03yjh8c2qrmvgzrh4f46nryn2024u90,3807.64911,1000.0,1000.0,0.2,345.0,345.0,False,False,1.756893884156219,1.756893884156219,0.004899284294648526,losing,1.756893884156219,0.004899284294648526,losing,358.60215053763443
pool14pwff25hl70dusazjckjqvzft35ew67t33x49hwjm5j7y675ere,117.618178,100.0,100.0,0.0,345.0,345.0,False,False,0.05427024124326658,0.05427024124326658,0.00015133830391675536,losing,0.05427024124326658,0.00015133830391675536,losing,358.60215053763443
pool14pxhk34wlpu2azrnwy9ah8hrzxgffhqthcxcp620209eupfjfcn,635161.336784,100.0,100.0,0.0,340.0,170.0,True,True,293.0700999403404,293.0700999403404,0.8172569503583705,losing,170.01937619511972,0.4741170010838421,losing,358.60215053763443
pool14qpadfdjzw6jkwxy67uhey6tjpyppsmwgz5awfsxwrtpsecslpc,141820.084724,90000.0,90000.0,0.01,340.0,170.0,True,True,65.44624124266345,65.44624124266345,0.1825037611864378,losing,65.44624124266345,0.1825037611864378,losing,358.60215053763443
pool14rf039l9kskejp4g7synrefujghemdwkenx544gywgp9cttert6,195.445945,100.0,100.0,1.0,345.0,345.0,False,False,0.09018078890003627,0.09018078890003627,0.00025147866170025104,losing,0.09018078890003627,0.00025147866170025104,losing,358.60215053763443
pool14rs7ky0p867k0fe9mk3uug9c6w0mwlz3sllh7rpwxcqacr70s8t,110497.619322,110000.0,110000.0,0.029,340.0,340.0,False,False,50.98487968655729,50.98487968655729,0.14217672596251357,losing,50.98487968655729,0.14217672596251357,losing,358.60215053763443
pool14rxm70xxyj90dw0x58msyl7gkejqlz2tfp9u7a92zx4gyw7c7ry,2638309.21869,168.0,168.0,0.0168,340.0,340.0,False,False,1217.3438788673047,354.794305357337,0.989381421236352,losing,354.794305357337,0.989381421236352,losing,358.60215053763443
pool14skj6e4rpjanzclx3fc880xnl8xafgg63tmw93t9xspvwx985qu,45551876.364058,1000.0,1000.0,0.04,400.0,400.0,False,False,21018.192125285244,1225.1622107877374,3.4164943209373186,comfortable,1225.1622107877374,3.4164943209373186,comfortable,358.60215053763443
pool14sy0qjv6fl5jcv0gfn6zl8w9tqnm67drxum6tdmazcjvypy848w,6947.417307,5000.0,5000.0,0.0,340.0,340.0,False,False,3.2056285677614085,3.2056285677614085,0.008939234087010823,losing,3.2056285677614085,0.008939234087010823,losing,358.60215053763443
pool14u30jkg45xwd27kmznz43hxy596lvrrpj0wz8w9a9k97kmt4p2d,21608816.51854,30000.0,30000.0,0.035,340.0,340.0,False,False,9971.775099264407,690.0161155521428,1.9241828709550006,edge,690.0161155521428,1.9241828709550006,edge,358.60215053763443
pool14ujg8l2x6fm5jm07jd6jftktt35dzsnefl2jmx9d8vr4cxxkt5d,132316.384861,7.0,7.0,0.02,340.0,340.0,False,False,61.052143556904554,61.052143556904554,0.17025035534609065,losing,61.052143556904554,0.17025035534609065,losing,358.60215053763443
pool14w9tn4w30dwd2lfv4cwjg2a2e3ukfd0nqrydx37fjzf7z5f5jnk,610470.732054,500.0,500.0,0.025,340.0,340.0,False,False,281.6780649310553,281.6780649310553,0.7854890566293296,losing,281.6780649310553,0.7854890566293296,losing,358.60215053763443
pool14wf6e8l64wktss9f30tjzm5th8u85vlc3sc4ulw87tfqkhdl3x6,1107976.955081,910000.0,910000.0,0.039,340.0,340.0,False,False,511.6027235467303,482.136025219925,1.3444872667302254,edge,482.136025219925,1.3444872667302254,edge,358.60215053763443
pool14wfydr6sewgx0qw39ccv53dysgg9m4u2763ngcyuyuxrxdfhq3e,192.083263,183.0,183.0,0.01,340.0,340.0,False,False,0.08862919766662751,0.08862919766662751,0.00024715188554711717,losing,0.08862919766662751,0.00024715188554711717,losing,358.60215053763443
pool14wk2m2af7y4gk5uzlsmsunn7d9ppldvcxxa5an9r5ywek8330fg,46476349.973538,1000000.0,1000000.0,0.0199,340.0,170.0,True,True,21533.31248816946,1208.6745619607873,3.3705167694858535,comfortable,1045.6425465840389,2.915884762588174,comfortable,358.60215053763443
pool14y3wr9lkqyeg8z8pwuprmjwahr0ydu0pjs8usy2g93mugtpx622,162.110596,100.0,100.0,0.05,345.0,345.0,False,False,0.0747995093765013,0.0747995093765013,0.0002085863379914429,losing,0.0747995093765013,0.0002085863379914429,losing,358.60215053763443
pool14yezww4csqq4ny9xwl45e3vckvrd7rkw2j4f350wl2mqqw6shcf,538.425594,500.0,500.0,0.0,340.0,340.0,False,False,0.2484351474855213,0.2484351474855213,0.000692787667650779,losing,0.2484351474855213,0.000692787667650779,losing,358.60215053763443
pool14zdcvdec8qmqzsat5wg3a2h9f0u5yzrgjew534z8u3gs5durnjz,36125152.733806,100000.0,100000.0,0.03,340.0,340.0,False,False,16675.45097944133,873.9260081575648,2.437035045236987,comfortable,873.9260081575648,2.437035045236987,comfortable,358.60215053763443
pool1509aw97y38yl6cpamvpzv58hh9c6lxrggxssya9twj9f6xxd394,43495.306061,10000.0,10000.0,0.00111,340.0,340.0,False,False,20.06982576966757,20.06982576966757,0.055966830482131455,losing,20.06982576966757,0.055966830482131455,losing,358.60215053763443
pool150hft90uw7tzr9uvj7tqkjp4u98a9hl20llj3n9ew76kkfm768r,1224872.715251,3333.0,3333.0,0.01,340.0,170.0,True,True,565.1767028375178,342.85836786273177,0.9560967979380526,losing,175.01632883534194,0.4880515316847616,losing,358.60215053763443
pool150n38x8gquu4yt5s0s6m3ajjqe89y68x96dh32tq8a4es2l6dvp,21240.15519,0.0,0.0,1.0,340.0,340.0,False,False,9.800426208617266,9.800426208617266,0.027329524359862238,losing,9.800426208617266,0.027329524359862238,losing,358.60215053763443
pool152ns2rs77pscm3mtmnymhwsvq8uglcdc3cvucvsc4jkds5k4te5,837615.882095,550000.0,550000.0,0.0,340.0,170.0,True,True,386.79539088323236,370.72704987565976,1.033811563371405,edge,312.3533955535172,0.8710304583651304,losing,358.60215053763443
pool1533ly347ggl6je42ta7l7dv262hg07n8p4y8v32npgvajl6rxqz,37882.429679,4000.0,4000.0,0.0,340.0,340.0,False,False,17.479603445859276,17.479603445859276,0.04874372175307084,losing,17.479603445859276,0.04874372175307084,losing,358.60215053763443
pool153lhpqpcms4a73metcjd439h8yzvht2yyjluuav9vfsv75gtf7l,131280.383815,1000.0,1000.0,0.0,340.0,170.0,True,True,60.57437063521774,60.57437063521774,0.16891803505473013,losing,60.57437063521774,0.16891803505473013,losing,358.60215053763443
pool154hq0j6u6ydz62mtlu7xaj78mhreyp0zsv2kq7f0qmne2fu4t7y,33535942.849135,30000.0,30000.0,0.01,340.0,340.0,False,False,15475.761950131682,504.7621070966464,1.4075824875558653,edge,504.7621070966464,1.4075824875558653,edge,358.60215053763443
pool154sjkrwdu80wp6mnjvkwk55aj53l4v37z4zwulfak74vcxg60x0,264984.259172,64000.0,64000.0,0.0,340.0,340.0,False,False,122.29121615637763,122.29121615637763,0.3410219820852509,losing,122.29121615637763,0.3410219820852509,losing,358.60215053763443
pool155cu3s06js3llfh07vnzepatfuvt3s5s7uwldt9rzz55wz7pugt,20249198.233992,10000.0,10000.0,0.05,340.0,340.0,False,False,9343.577523422715,794.4029439828149,2.2152765754243413,comfortable,794.4029439828149,2.2152765754243413,comfortable,358.60215053763443
pool155efqn9xpcf73pphkk88cmlkdwx4ulkg606tne970qswczg3asc,64329089.885668,64000000.0,64000000.0,1.0,500.0,500.0,False,False,36754.43592122308,36754.43592122308,102.49362940550962,strong,36754.43592122308,102.49362940550962,strong,358.60215053763443
pool155x3l57d4xu52t93f9r55cqaysej4pc2dl3jkc9d6w5ckyu6u7n,804391.072056,5000.0,5000.0,0.02,340.0,340.0,False,False,371.16200217074646,340.81306538576536,0.9503932557983861,losing,340.81306538576536,0.9503932557983861,losing,358.60215053763443
pool15676jwlm6gancffzs2jg9vf5xwzmspyktw75dl4kaucyst4qt8q,3705801.669604,4000.0,4000.0,0.9999,340.0,335.0,True,True,1709.9234916806222,1709.7866471994314,4.767920785293766,comfortable,1709.7861477391257,4.767919392495912,comfortable,358.60215053763443
pool156wg3relgtlhwu55z3wpqurtaprguefe9tzrakhuqyyc60553au,1224651.25924,500000.0,500000.0,0.01,340.0,340.0,False,False,565.771258872931,433.5137108158943,1.2088988037744577,edge,433.5137108158943,1.2088988037744577,edge,358.60215053763443
pool1570nv2jeglcq92gg0qmkyl5dwg92mj4374j4c7eagx47kdm0r4l,17998.2778,1000.0,1000.0,0.0,340.0,340.0,False,False,8.304623286750441,8.304623286750441,0.023158319810128666,losing,8.304623286750441,0.023158319810128666,losing,358.60215053763443
pool15730lwmu7vrffkl40wtjrnctsfd840fl5jmuw230r0d65a74k5e,942.823411,200.0,200.0,0.005,345.0,345.0,False,False,0.43502871092977224,0.43502871092977224,0.001213123541723203,losing,0.43502871092977224,0.001213123541723203,losing,358.60215053763443
pool157e2zadjusu6esf9mmx37nf63ep2gazdeln5mh04ylpcvz59g5c,673125.868886,200000.0,200000.0,0.015,340.0,170.0,True,True,310.76979271160644,310.76979271160644,0.8666144144581528,losing,213.30985830021982,0.594837086114556,losing,358.60215053763443
pool157sjc5een0ptynrn6ettx6zr2gl8wm8ymjtwuyravqmmcs45d20,12.440621,0.0,0.0,0.035,340.0,340.0,False,False,0.005740230568431846,0.005740230568431846,1.6007239666091803e-05,losing,0.005740230568431846,1.6007239666091803e-05,losing,358.60215053763443
pool158ag8p06qm4apd750ekep6een9cdldqsq434ll2mp0ykgunmguy,919429.439044,10000.0,10000.0,0.03,340.0,170.0,True,True,424.2516877238411,343.4164077165732,0.9576529510537123,losing,180.30991130692442,0.5028132459233574,losing,358.60215053763443
pool159lt33zgmwm4ehyhr39lw5gv4flncg0lswxrrny8fnc4uun4h74,10.181917,0.0,0.0,0.0,340.0,340.0,False,False,0.004698041296221135,0.004698041296221135,1.3100984724094919e-05,losing,0.004698041296221135,1.3100984724094919e-05,losing,358.60215053763443
pool15a04yc72q4tfkwaweu86l0764urswee8c3zxperyrdq4kx8nvua,171829.662417,50000.0,50000.0,0.01,340.0,340.0,False,False,79.29569406175193,79.29569406175193,0.22112442422017778,losing,79.29569406175193,0.22112442422017778,losing,358.60215053763443
pool15amxxauxh409wcuc87e0tusfzuka0wfvxhxmpt6vugqgsw6j4d6,1300.259544,1000.0,1000.0,0.01,340.0,340.0,False,False,0.5999537130258471,0.5999537130258471,0.0016730343421710277,losing,0.5999537130258471,0.0016730343421710277,losing,358.60215053763443
pool15auyy282239uj3z4uah4y74wu5exdy5lpwegj6yn5pzy7g4rv3r,456.065913,2.0,2.0,0.06,345.0,345.0,False,False,0.21043350783989853,0.21043350783989853,0.0005868160788338999,losing,0.21043350783989853,0.0005868160788338999,losing,358.60215053763443
pool15ccmgcc4k9t8auxw9v4dfjmrl2kqnuevawn8z6n7xv09utw9hh3,64755858.681065,300000.0,300000.0,0.01,340.0,170.0,True,True,29916.340619042672,771.414038314995,2.151169582107782,comfortable,603.8937361064901,1.684021512980617,edge,358.60215053763443
pool15cy4p3axu0m6sfrmxsp46z5cevx3ruksfwjl48730cgx24j4ydz,10573849.318767,101000.0,101000.0,0.0,340.0,170.0,True,True,4880.918800418594,383.37425142121833,1.0690796216543719,edge,214.99806877310039,0.5995448394572215,losing,358.60215053763443
pool15d62znf04qymt6ve536tt5y9ky979ly4um5zmgz9m850vu7wuv7,37310489.516502,1000.0,1000.0,0.03,340.0,340.0,False,False,17215.51557312357,846.704197704029,2.361124149519481,comfortable,846.704197704029,2.361124149519481,comfortable,358.60215053763443
pool15dp6dchtfwml32ls8xuzu4u3xx6kjekc3kvn0enexefxj90hw3c,79353.837073,1000.0,1000.0,0.05,340.0,340.0,False,False,36.61482773509435,36.61482773509435,0.10210431722230208,losing,36.61482773509435,0.10210431722230208,losing,358.60215053763443
pool15f9qklmaajysmwx9n3rkgc5s2g3rfffz4x8spnedtzdgq43tpe2,8869146.725755,0.0,0.0,0.03,340.0,170.0,True,True,4092.315580635892,452.5694674190768,1.2620377952016233,edge,287.66946741907674,0.8021967157413534,losing,358.60215053763443
pool15fgwk5vxn34efj79qlfzuahdpu6ax8x2hkchyh8mehdh23q0nqz,94.059901,2.0,2.0,0.06,345.0,345.0,False,False,0.04340020674099462,0.04340020674099462,0.00012102606377548723,losing,0.04340020674099462,0.00012102606377548723,losing,358.60215053763443
pool15fn9e84lmcp88z6yldagdele2lq0kqremlf0j96v7cj0jj6v22l,160006.384413,1000.0,1000.0,0.99,340.0,340.0,False,False,73.82889817190178,73.82889817190178,0.20587968605657767,losing,73.82889817190178,0.20587968605657767,losing,358.60215053763443
pool15g3cwwmd3qks03ztl5464j044jasn3dcs6zcgpxtxadfj86lvf2,101248.078131,20000.0,20000.0,0.01,340.0,340.0,False,False,46.72002956771419,46.72002956771419,0.13028374062361078,losing,46.72002956771419,0.13028374062361078,losing,358.60215053763443
pool15gdh4w26ax66aa2j5ehwcvm46as3jx0v7mhu678y7m5q5s80dwk,36357.814511,0.0,0.0,0.05,340.0,350.0,True,False,16.77586981047145,16.77586981047145,0.046781286128151266,losing,16.77586981047145,0.046781286128151266,losing,358.60215053763443
pool15hx9hze8ulcsw6e7ceelz2pem2g3u9c29wqe4eszkhspj3wcdlx,1706343.198553,880.0,880.0,0.05,340.0,340.0,False,False,787.3271981195647,362.58552187641016,1.0111080520091797,edge,362.58552187641016,1.0111080520091797,edge,358.60215053763443
pool15j6hdfel6c6zcr8gu39qgp5xkrs264yn9hm8ynhaydjtxvmznxq,3521953.504276,20000.0,20000.0,0.03,340.0,260.0,True,True,1625.200248182719,385.63528455248303,1.0753847515256647,edge,308.4759490865593,0.8602177890569719,losing,358.60215053763443
pool15jc92k3rhksa3uf92sluqhhnnetx04l49xttslx67kuxz5e36e4,5945.300103,2505.0,2505.0,0.05,345.0,345.0,False,False,2.7432392214059553,2.7432392214059553,0.007649812521461884,losing,2.7432392214059553,0.007649812521461884,losing,358.60215053763443
pool15jdufl3ahh3gn0p4nf92pxjqhs2qm2kwf626hdaxktn9yh8m3p6,1132.263002,500.0,500.0,0.01,340.0,340.0,False,False,0.5224384100033673,0.5224384100033673,0.0014568747265461216,losing,0.5224384100033673,0.0014568747265461216,losing,358.60215053763443
pool15jkpn2jewgensrnulsm0kqtj58nauvgng0qvy2ux47jdwncsw9s,9313.767422,500.0,500.0,0.0,340.0,340.0,False,False,4.297476616057536,4.297476616057536,0.01198396777491307,losing,4.297476616057536,0.01198396777491307,losing,358.60215053763443
pool15ju4ktqmtha9vry4mf44hr2psf807n4achj76z8uhawgw9462kx,867706.877214,20000.0,20000.0,0.008,340.0,340.0,False,False,400.4014788643787,341.864283448691,0.9533246884776091,losing,341.864283448691,0.9533246884776091,losing,358.60215053763443
pool15jzfzmh3s4vnhm2qm3p5e0632kv8nuw2luxarqrzpa8a6cgnthk,101.25021,50.0,50.0,0.0,340.0,340.0,False,False,0.046717893887642664,0.046717893887642664,0.00013027778505399603,losing,0.046717893887642664,0.00013027778505399603,losing,358.60215053763443
pool15krrlqfd3uc8nea2tw8z3wl2v0fny4enhu3q892988zv7dhv0vk,34853.775483,10000.0,10000.0,0.015,340.0,340.0,False,False,16.082368508177616,16.082368508177616,0.04484738444559275,losing,16.082368508177616,0.04484738444559275,losing,358.60215053763443
pool15l4plz3r2lm5x48lz78ph7qh8w89zd7ewrg62gvwv7u7kw6tmns,25539.160274,25000.0,25000.0,0.05,340.0,340.0,False,False,11.78405773254275,11.78405773254275,0.03286109052853001,losing,11.78405773254275,0.03286109052853001,losing,358.60215053763443
pool15l7f5vd5sqchjqys6x5ygmdgs88q4y6ndwc7xy9a05y2jfced93,103.0,2.0,2.0,1.0,340.0,340.0,False,False,0.04752526046557478,0.04752526046557478,0.00013252921209290717,losing,0.04752526046557478,0.00013252921209290717,losing,358.60215053763443
pool15lp37f7da0guj662jcxy0eyc49s5gxudcd93j8qz4nfcvuhrsf9,87301.895068,100.0,100.0,0.0,340.0,340.0,False,False,40.28200965691158,40.28200965691158,0.11233064162197233,losing,40.28200965691158,0.11233064162197233,losing,358.60215053763443
pool15m3nrmzhaef66j4sue7p66yshtxfug84zuhfd8skxhh9q6mkgyx,1012.07537,1000.0,1000.0,0.035,340.0,340.0,False,False,0.46698201524674543,0.46698201524674543,0.0013022287081843275,losing,0.46698201524674543,0.0013022287081843275,losing,358.60215053763443
pool15m78a3nfcepn8ekyzx6sa8yexg7cqseer2ktu26f7l9jjq0e502,22290481.983284,3.0,3.0,0.05,340.0,340.0,False,False,10285.05792954292,837.2541680250256,2.334771742918362,comfortable,837.2541680250256,2.334771742918362,comfortable,358.60215053763443
pool15mfkj8sl7estcmmd5a07afrx5f4hlz3pcr6p6ay5pfmrjfl2hlf,918029.805459,320000.0,320000.0,0.01,340.0,340.0,False,False,423.9587233452659,369.8126373431728,1.0312616273737651,edge,369.8126373431728,1.0312616273737651,edge,358.60215053763443
pool15mv5w2vvfv2kplkrt40ylylyvdudv5axq5nyw6ln3v0gkd2auew,915151.636501,10.0,10.0,0.02,340.0,170.0,True,True,422.26040142311894,341.6460889228429,0.9527162299797418,losing,175.0479093861777,0.4881395973887414,losing,358.60215053763443
pool15nww4436eq733eypdq7vnllsnqyrwftw434xkvpm2mc2kfue2ux,1462985.039189,1000000.0,1000000.0,0.04,340.0,340.0,False,False,675.9652584614962,573.8965367584236,1.600371151980012,edge,573.8965367584236,1.600371151980012,edge,358.60215053763443
pool15plk69huszwt6mpamzacu07un6r5u89vhfyq5dvm8u39yhqq2dc,7742401.404691,100.0,100.0,1.0,340.0,340.0,False,False,3572.4251810989376,3572.4251810989376,9.962085212659705,strong,3572.4251810989376,9.962085212659705,strong,358.60215053763443
pool15pmdr6nw3g6mmt7regefp2lrx3njah0gpwsnqm794c4wsr23062,3031122.992634,100000.0,100000.0,0.05,340.0,340.0,False,False,1399.1555185536554,426.15331913299497,1.1883735735942587,edge,426.15331913299497,1.1883735735942587,edge,358.60215053763443
pool15r7xg0vrrv2yu8wj3866eap8ftkuxvdk5rjz2lh4xajjq5v3p5d,13828081.381963,1000.0,1000.0,0.03,340.0,340.0,False,False,6380.445644573509,521.6370891659647,1.4546401586936943,edge,521.6370891659647,1.4546401586936943,edge,358.60215053763443
pool15s7w4spg5ee7n7rprhs0dq78plw2mhjkpu5v97uvl27gz2way7z,15447437.450306,100000.0,100000.0,0.02,340.0,170.0,True,True,7130.560538556868,518.8911672311903,1.4469828651424494,edge,353.36966326353183,0.9854086561771652,losing,358.60215053763443
pool15ttu2vykfdfdxv7vve93l3dvk6tlrcegz7r6749syys4us2k3tu,101.031739,100.0,100.0,0.0,345.0,345.0,False,False,0.04661708439288947,0.04661708439288947,0.0001299966671226003,losing,0.04661708439288947,0.0001299966671226003,losing,358.60215053763443
pool15txd36fltfgc63qq0yxtpqt88eu76s0yhugn9a6q7f4zspq6k5f,24405108.1548,100000.0,100000.0,0.0199,340.0,170.0,True,True,11265.446056984583,601.2925585715005,1.6767678544872429,edge,435.35827220236484,1.214042558165515,edge,358.60215053763443
pool15ty42f8jmnd5y3ys5km3y66cy6emnqfx6yfwsm6ral0zwrs3ktj,5088100.806408,50000.0,50000.0,0.0099,340.0,340.0,False,False,2348.1865820957787,379.4198260763749,1.0580522886087815,edge,379.4198260763749,1.0580522886087815,edge,358.60215053763443
pool15uuf0sz5w0kp50wmflxml8ffnz880402nvj54e40e7l8x06y5e6,150299.052481,20246.0,20246.0,0.02,340.0,340.0,False,False,69.35459209231162,69.35459209231162,0.1934026106322333,losing,69.35459209231162,0.1934026106322333,losing,358.60215053763443
pool15wfu7td5r4k27erk5q5wt06x59skxxyqj206tdnfmfmk7pd3rp3,30697.959999,123.0,123.0,0.0,340.0,340.0,False,False,14.16436191548919,14.16436191548919,0.039498820334047814,losing,14.16436191548919,0.039498820334047814,losing,358.60215053763443
pool15wj590e6gsmpmttrxjd0emck09a0h9tazd2ww77q6duyvg8lyum,6342074.892045,10000.0,10000.0,0.03,340.0,340.0,False,False,2926.420347880179,421.5484573479432,1.1755324297858685,edge,421.5484573479432,1.1755324297858685,edge,358.60215053763443
pool15wk0wjrau5pv6rp6w34g3mjxqejkfj3yak0xa9m63upcxx63myh,312536.777186,1000.0,1000.0,0.05,345.0,345.0,False,False,144.2082844109915,144.2082844109915,0.40214004348492377,losing,144.2082844109915,0.40214004348492377,losing,358.60215053763443
pool15wkxegrfflzcyhurrjxsm9ljqtz09xr5rtnqsarnp7hmsz5um3t,21763466.86018,1000.0,1000.0,0.05,345.0,345.0,False,False,10041.929427406578,830.2697533324915,2.3152949643154934,comfortable,830.2697533324915,2.3152949643154934,comfortable,358.60215053763443
pool15wwz2tj30xjerxstwjezhlp8nqqu8jyvxp0h6dj4kzdq6cgv3gv,201701.595089,25000.0,25000.0,0.0,340.0,170.0,True,True,93.07568580512648,93.07568580512648,0.2595513877024516,losing,93.07568580512648,0.2595513877024516,losing,358.60215053763443
pool15xfeh7v3kr5j4unyeszxnfvy349d4h8s92h4xdwl2hct6n0wgah,939.083298,700.0,700.0,0.02,340.0,340.0,False,False,0.4333030204310736,0.4333030204310736,0.0012083112713670119,losing,0.4333030204310736,0.0012083112713670119,losing,358.60215053763443
pool15xgej4c7ns20y5pt7dc5vq6yj87ss5sl2ffucmh5j766j90ppur,160514.555048,50000.0,50000.0,0.01,340.0,340.0,False,False,74.07369892463876,74.07369892463876,0.20656233883032696,losing,74.07369892463876,0.20656233883032696,losing,358.60215053763443
pool15yyxtkhz64p7a8cnax9l7u82s9t9hdhyxsa3tdm977qhgpnsuhq,61250541.54843,100000.0,100000.0,0.0,340.0,170.0,True,True,28273.399796909394,385.6051474660397,1.0753007110747133,edge,215.88269603247247,0.6020117160725619,losing,358.60215053763443
pool15z7890uxn6nwl2yufxgrdsvjrpd0kzngvudfm2z2yafsjgkfndg,385.500629,1.0,1.0,0.05,357.0,357.0,False,False,0.17787395853706123,0.17787395853706123,0.0004960203341513251,losing,0.17787395853706123,0.0004960203341513251,losing,358.60215053763443
pool15z87p296y3m7eq8pwuu8qs6h2v4d2ctnx3yd2vqpl6txkkdvl5h,7105309.688095,10000.0,10000.0,0.02,340.0,340.0,False,False,3278.5994094782845,402.8250520920637,1.123320235219248,edge,402.8250520920637,1.123320235219248,edge,358.60215053763443
pool15zn2lqq4849ujttuthaycpamnyr8ae9k2pn2fkrlfzzsx4ek0tc,6460943.868645,10000.0,10000.0,0.03,340.0,335.0,True,True,2981.270002074107,423.2035143331093,1.1801477311238129,edge,418.36102097625405,1.1666439265604684,edge,358.60215053763443
pool15zrj43nldc357nas0g7glm09wqhtyexxs64skq52mtg6sdrsjzd,6.738263,1.0,1.0,0.05,340.0,340.0,False,False,0.003109103909518729,0.003109103909518729,8.670064875119694e-06,losing,0.003109103909518729,8.670064875119694e-06,losing,358.60215053763443
pool15zrkyr0f80hxlt4scv72tej8l8zwrcphmrega9wutqchjekceal,40660543.006104,10000.0,10000.0,0.0,340.0,340.0,False,False,18761.974437452922,344.53067595154533,0.9607602058019105,losing,344.53067595154533,0.9607602058019105,losing,358.60215053763443
pool15zuu7g6030wsfafu6a80pf6z2w6ceu4aumu2d6neykgtcx650u2,14.763176,1.0,1.0,0.99,340.0,340.0,False,False,0.00681188137565082,0.00681188137565082,1.8995651212459557e-05,losing,0.00681188137565082,1.8995651212459557e-05,losing,358.60215053763443
pool15zvek3jke3z2uml5xeztl6wt56zuye5ne9caadz8mjn9ykyuu8n,23760.306102,100.0,100.0,0.0,340.0,340.0,False,False,10.963254324378214,10.963254324378214,0.030572193468281075,losing,10.963254324378214,0.030572193468281075,losing,358.60215053763443
pool1620fkxluaftsvz5lge29tjur3flwa8wydpzqy0zd4cllxx2w3ma,18.621214,0.0,0.0,0.01,340.0,340.0,False,False,0.008592019789374745,0.008592019789374745,2.3959755334688194e-05,losing,0.008592019789374745,2.3959755334688194e-05,losing,358.60215053763443
pool1628y4cuysuspjhcfhmx3te5ctd2vhuak9eft757947zsz5rtx8h,1352226.089336,20000.0,20000.0,0.01,340.0,340.0,False,False,623.982260193278,346.9980390393837,0.9676407085655976,losing,346.9980390393837,0.9676407085655976,losing,358.60215053763443
pool162ejhdrf7m5te4hpuzagrpck6vt78undp2flx9as3lww6uvs4lq,434.353359,2.0,2.0,0.06,345.0,345.0,False,False,0.20041511187494918,0.20041511187494918,0.0005588787227697233,losing,0.20041511187494918,0.0005588787227697233,losing,358.60215053763443
pool162g6067hj0z3tyxrn7e0wmcz36yqp6nxu3e4x5ahkwvnygsuwqk,185060.888562,100.0,100.0,0.0,340.0,340.0,False,False,85.3890341812581,85.3890341812581,0.23811634719211403,losing,85.3890341812581,0.23811634719211403,losing,358.60215053763443
pool162szyrlrwes7qwy0za4ekufgyljfz0lac9t8h8svzale67n8vl4,496.719173,449.450697,449.450697,0.01,340.0,340.0,False,False,0.22919137949780694,0.22919137949780694,0.0006391243866055785,losing,0.22919137949780694,0.0006391243866055785,losing,358.60215053763443
pool163aacna7n8tgphz40prapjgkrkpvsfttaqt56yeg2psd2umnxqu,50.425749,1.0,1.0,0.01,340.0,340.0,False,False,0.023266959666056058,0.023266959666056058,6.488237628015632e-05,losing,0.023266959666056058,6.488237628015632e-05,losing,358.60215053763443
pool165cyssah9wcnkuqq339c9fam5wga3x7zl6kw4ktltq5x68tlu4w,1075.435349,1000.0,1000.0,0.0,340.0,340.0,False,False,0.496217083439207,0.496217083439207,0.0013837537859024362,losing,0.496217083439207,0.0013837537859024362,losing,358.60215053763443
pool165zu45p489lpuypt4fsuc5g8l9g9ha4dddlls84jlsp3k4vsw9p,3105575.63287,2000.0,2000.0,0.02,340.0,340.0,False,False,1432.956490162764,362.5489197082396,1.0110059829944913,edge,362.5489197082396,1.0110059829944913,edge,358.60215053763443
pool1668w66pcrdjmavz0c7vym7s4d3xm7578jy0fqzhk55677t4etud,1331989.510292,100000.0,100000.0,0.01,340.0,340.0,False,False,614.8308138637593,363.17508354661175,1.012752107041526,edge,363.17508354661175,1.012752107041526,edge,358.60215053763443
pool166dkk9kx5y6ug9tnvh0dnvxhwt2yca3g5pd5jaqa8t39cgyqqlr,50660974.939257,401000.0,401000.0,0.0,340.0,170.0,True,True,23414.44929253945,522.6426391794193,1.4574442411899848,edge,353.98825086734547,0.9871336530933471,losing,358.60215053763443
pool166fpvc9lelw8pdvc4n3xeqns5ktkkmzu4plaen999fwy2xytgce,1.258444,0.0,0.0,1.0,340.0,340.0,False,False,0.0005806590135218849,0.0005806590135218849,1.619229033209454e-06,losing,0.0005806590135218849,1.619229033209454e-06,losing,358.60215053763443
pool1673d663ml4p0mtreukyfx5jt7ekk9pajsyyv6utzlakzj0y9v0w,19387.045384,500.0,500.0,0.01,340.0,340.0,False,False,8.94540042256371,8.94540042256371,0.024945194581661917,losing,8.94540042256371,0.024945194581661917,losing,358.60215053763443
pool167n02n48l5hfgfu6e46xq8n3yefccm9dcnmefkmxuymhc8ncrjm,2689.502728,0.0,0.0,0.0,340.0,340.0,False,False,1.2409642390959776,1.2409642390959776,0.003460559947104225,losing,1.2409642390959776,0.003460559947104225,losing,358.60215053763443
pool167zl76srpt5a2gthpsq0ye9z4fpray5vsh7xyzcn63hd5mnw7fa,63769192.727557,1000.0,1000.0,0.03,340.0,340.0,False,False,29423.884402590775,1212.958930149015,3.3824641830242395,comfortable,1212.958930149015,3.3824641830242395,comfortable,358.60215053763443
pool1687dfgyljnhamx05h6r04zdllv68exatshhd0jny4q56skc0926,3360.713955,3355.0,3355.0,0.025,340.0,340.0,False,False,1.5506680452034411,1.5506680452034411,0.004324201745244978,losing,1.5506680452034411,0.004324201745244978,losing,358.60215053763443
pool168t0xlm0dtdgf7d5w2mrm7ulsw4czpw297yvrpke9pmjcc9hz7k,4176208.352607,10000.0,10000.0,0.048,340.0,170.0,True,True,1927.025601527393,419.7949803001826,1.170642673700659,edge,258.3425088579926,0.7204153920177904,losing,358.60215053763443
pool1692dxqqcsavymwz28w44t2jhyjnakvj4l3gwz2dqrarmc2k6dkh,426758.94989,10000.0,10000.0,0.0,340.0,170.0,True,True,196.9189829712546,196.9189829712546,0.5491293977909049,losing,170.63077723333495,0.47582195750225337,losing,358.60215053763443
pool16agnvfan65ypnswgg6rml52lqtcqe5guxltexkn82sqgj2crqtx,64548457.942571,500000.0,500000.0,0.01,340.0,340.0,False,False,29845.30433800438,861.3191094153688,2.401879375581088,comfortable,861.3191094153688,2.401879375581088,comfortable,358.60215053763443
pool16ajaae2n5lsyr4f9k9uz5y8tpf0996tw640dzu7chwp2wdrnz6a,69697624.768296,10000.0,10000.0,0.0,340.0,170.0,True,True,32160.540985362655,344.56551296993945,0.960857352509876,losing,174.5899040450392,0.48686240108511675,losing,358.60215053763443
pool16cdtqyk0fvxzfkhjg3esjcuty4tnlpds5lj0lkmqmwdjyzaj7p8,1215737.504594,75000.0,75000.0,0.01,340.0,170.0,True,True,561.1184175870995,355.71577907715687,0.991951048101217,losing,197.79836573941117,0.551581649588163,losing,358.60215053763443
pool16cerhwlk8nq7rpuerr4g08tpgeq7awnhgxzkyalc8n8xjwzxqm3,5311099.408036,1000.0,1000.0,1.0,340.0,340.0,False,False,2450.606134971993,2450.606134971993,6.8337742294571315,strong,2450.606134971993,6.8337742294571315,strong,358.60215053763443
pool16cnz5x84vfjzxtsdg53zvly3vqumkjpshpl2fe5nmuyl6srx4m8,407385.341234,10.0,10.0,0.025,340.0,340.0,False,False,187.9717970903476,187.9717970903476,0.5241792242699348,losing,187.9717970903476,0.5241792242699348,losing,358.60215053763443
pool16cy45uggzv3ah3s5m960v9vuxlx47sfnezpszuhcwl99z7nq8kq,1213243.752677,1000.0,1000.0,0.0,340.0,170.0,True,True,559.8054841812952,340.1811717420315,0.948631153583476,losing,170.32129197724794,0.4749589251539447,losing,358.60215053763443
pool16dxn8c697qrqtzl3xe695trtde2hvgw0qtd65208ruaq70hv4ud,1690249.448204,30.0,30.0,0.02,340.0,340.0,False,False,779.8985889290047,348.80562332287036,0.9726813483966099,losing,348.80562332287036,0.9726813483966099,losing,358.60215053763443
pool16e0qmln8gvtnjcpcvgvjdlhcnsz6z95uw90c58t50qfkc6rqek6,10000.033939,10000.0,10000.0,0.0,340.0,340.0,False,False,4.6141186072724825,4.6141186072724825,0.01286695743557244,losing,4.6141186072724825,0.01286695743557244,losing,358.60215053763443
pool16e2x06wk8ufyakgrzq0c9p5tmfhl6w0c80raxr0xtg5g7aakhgh,4804228.867245,100000.0,100000.0,0.01,340.0,340.0,False,False,2217.6260836627216,397.4682106623244,1.1083821166895402,edge,397.4682106623244,1.1083821166895402,edge,358.60215053763443
pool16eua0zalaln7q0s9u7jzlyygqad0pu2l2qdxx8r8ueqrw2jdhqf,62827888.270745,0.0,0.0,1.0,340.0,340.0,False,False,28989.434273558458,28989.434273558458,80.84010157244187,strong,28989.434273558458,80.84010157244187,strong,358.60215053763443
pool16fa03u6u85ek2q8lryqprngpahglssj5qqh66pfaxf34vgu5rhl,986857.165021,1.0,1.0,0.019,340.0,340.0,False,False,455.3460545841111,342.1916896985542,0.9542376954112606,losing,342.1916896985542,0.9542376954112606,losing,358.60215053763443
pool16fyda57p3c8gp5r6gmcq5tvqsp6mnzwvkxswgznkuh8wztrp6vv,53065528.934615,100000.0,100000.0,0.02,340.0,340.0,False,False,24495.175385508282,867.7126397645466,2.419708410737716,comfortable,867.7126397645466,2.419708410737716,comfortable,358.60215053763443
pool16ga833sw8tzuvv83gq2gp6zyuwhj3lka4nevnauj5grpuq8y2al,233.445021,100.0,100.0,1.0,345.0,345.0,False,False,0.10771396095688346,0.10771396095688346,0.0003003717651871113,losing,0.10771396095688346,0.0003003717651871113,losing,358.60215053763443
pool16gkhcchdyqr7a9vtupchcdaq4nu77tq9t0ny0k9m877u7zv03v2,4754.707759,1000.0,1000.0,0.0199,340.0,340.0,False,False,2.1938783122251673,2.1938783122251673,0.006117861560328053,losing,2.1938783122251673,0.006117861560328053,losing,358.60215053763443
pool16hs0jxw7h6pwg3ru7rcq3yvg4csj7lhmcpj68kqem2sh5nt8mwk,35925664.648974,1000.0,1000.0,0.03,340.0,340.0,False,False,16576.54046492794,827.5346037286499,2.3076677105476593,comfortable,827.5346037286499,2.3076677105476593,comfortable,358.60215053763443
pool16j3mvwws7zc9pjluyhddgea0tq647v0dh3y4nkcuckg9znjcun2,34390202.120963,100000.0,100000.0,0.0399,340.0,340.0,False,False,15874.592988464643,1003.1994811467993,2.797527788505317,comfortable,1003.1994811467993,2.797527788505317,comfortable,358.60215053763443
pool16j549cl7ftj9ejw9sx5v50zjyuh8l49stmakrfrea4rxy0e7us5,1907.853987,100.0,100.0,0.01,345.0,345.0,False,False,0.8803038127313212,0.8803038127313212,0.002454820227406683,losing,0.8803038127313212,0.002454820227406683,losing,358.60215053763443
pool16jefdagcsgzyek9jytzfezx5ajvfkytjgghaps64hzz6uzkpc0e,1149740.599222,12400.0,12400.0,0.01,340.0,340.0,False,False,530.5292564818252,343.9396098309508,0.9591119554506274,losing,343.9396098309508,0.9591119554506274,losing,358.60215053763443
pool16jhjt6nly4s5thsjc0yek6h9prwtkqhq6dff2mkjypweut69zh3,1.577976,0.0,0.0,0.0,340.0,340.0,False,False,0.0007280943669493517,0.0007280943669493517,2.030368099738822e-06,losing,0.0007280943669493517,2.030368099738822e-06,losing,358.60215053763443
pool16jtszaecta7rey84rteah39gv53pw7953u37fhrqm49xwfdtdjd,259.765375,2.0,2.0,0.06,340.0,340.0,False,False,0.11985841852444587,0.11985841852444587,0.0003342378687488295,losing,0.11985841852444587,0.0003342378687488295,losing,358.60215053763443
pool16kja6em4zlu8cmlr5la32yrsx5jqpejdqktadw9nv3cwx2s6ccf,10.984954,0.0,0.0,0.025,340.0,340.0,False,False,0.0050685708328883005,0.0050685708328883005,1.4134245501007854e-05,losing,0.0050685708328883005,1.4134245501007854e-05,losing,358.60215053763443
pool16knnvtezwzmgpnu8v03wht6y4u7mwfc7qz6y2yk62w4as4qymat,1300585.707202,50000.0,50000.0,0.025,340.0,340.0,False,False,600.2238995689424,356.2595991161349,0.9934675477601362,losing,356.2595991161349,0.9934675477601362,losing,358.60215053763443
pool16kus5xvdysgmtjp0hhlwt72tsm0yn2zcn0a8wg9emc6c75lxvmc,67397547.140007,1000.0,1000.0,0.036,340.0,340.0,False,False,31098.05144539227,1447.729790323445,4.037147541231795,comfortable,1447.729790323445,4.037147541231795,comfortable,358.60215053763443
pool16l9ph0cm42qk4h8wqlka3fw7ws7rvnj5n59xzy8ky4l8gnudugk,63464.326385,4500.0,4500.0,0.01,340.0,170.0,True,True,29.283603388846903,29.283603388846903,0.08166042324326123,losing,29.283603388846903,0.08166042324326123,losing,358.60215053763443
pool16lwqfp7cpvzwn6mhu0gj3h4aa5k6j9my0he4mgjjva5f7vvnkw2,315886.28068,30000.0,30000.0,0.015,340.0,340.0,False,False,145.76967287858903,145.76967287858903,0.40649414026113284,losing,145.76967287858903,0.40649414026113284,losing,358.60215053763443
pool16m6c5rcpm63k2606lkqadg3x5pykjwr4pthhj9h4ancquafwhjl,287.686372,100.0,100.0,0.01,345.0,345.0,False,False,0.1327414889862187,0.1327414889862187,0.0003701636724353325,losing,0.1327414889862187,0.0003701636724353325,losing,358.60215053763443
pool16nnl8ymck6c20x86lfd5p9q3yp9w749cam26y985459ww6kjtz8,64401.858412,50000.0,50000.0,0.05,340.0,340.0,False,False,29.71706861787913,29.71706861787913,0.08286918685045754,losing,29.71706861787913,0.08286918685045754,losing,358.60215053763443
pool16p8y0pzx8yx7vz6eqksw9xjhh3tzeymvxcstrgtk8ncw75356yw,57723.393139,1000.0,1000.0,0.0,340.0,170.0,True,True,26.6342767086537,26.6342767086537,0.07427249576925919,losing,26.6342767086537,0.07427249576925919,losing,358.60215053763443
pool16q8rhnyj65mtfz8rvf38ernr0jlcr5gcdpjzv0wgtqvcc5yw7g7,501.132556,100.0,100.0,0.01,345.0,345.0,False,False,0.23122779609930386,0.23122779609930386,0.0006448031495422865,losing,0.23122779609930386,0.0006448031495422865,losing,358.60215053763443
pool16qhf24jz4pdru0gqrh9rwnvv9v05a6fq73g4md6mawavz2fg5v7,2250.458034,100.0,100.0,0.027,345.0,345.0,False,False,1.0383849119512907,1.0383849119512907,0.002895646081303449,losing,1.0383849119512907,0.002895646081303449,losing,358.60215053763443
pool16r36znhvh3h2lk55vu89hsx3ug94sx2etqv9s2006d8awufhaz7,52.037404,0.0,0.0,0.0,340.0,340.0,False,False,0.024010593775233378,0.024010593775233378,6.695607859360432e-05,losing,0.024010593775233378,6.695607859360432e-05,losing,358.60215053763443
pool16rahfu936wdfq34wf6t8rqxvdjxayra5f7y80xq0udnqglrqel9,2661167.78026,5000.0,5000.0,0.0,340.0,170.0,True,True,1227.9157302523583,341.6682821294447,0.9527781180821097,losing,171.9876907763948,0.47960585433897196,losing,358.60215053763443
pool16sm29hg3qrk5lyp74qcljt38l86v5zvg95395h9gqrn6qe97d9z,13273.003855,1000.0,1000.0,0.01,340.0,340.0,False,False,6.1243241738019165,6.1243241738019165,0.017078325282266212,losing,6.1243241738019165,0.017078325282266212,losing,358.60215053763443
pool16tcjctesjnks0p8sfrlf8f3d3vrp2fdn2msy80sgg3cdjtayu3z,10800967.074088,5.0,5.0,0.01,340.0,340.0,False,False,4983.6774754744265,386.43890291635665,1.0776257262734983,edge,386.43890291635665,1.0776257262734983,edge,358.60215053763443
pool16uf3j299ndwd3xmv6fvh648pc3s4c3y80g2t0y2rwew3xz6c3aa,5723.044852,3000.0,3000.0,0.02,340.0,340.0,False,False,2.6406874988889175,2.6406874988889175,0.00736383620379818,losing,2.6406874988889175,0.00736383620379818,losing,358.60215053763443
pool16uja2pt05ddq9mzcsw9xkv40qdl7sm00nvpj0h4arn0fgl2xrae,2532.541028,100.0,100.0,0.02,340.0,340.0,False,False,1.168540962801385,1.168540962801385,0.0032585999862227524,losing,1.168540962801385,0.0032585999862227524,losing,358.60215053763443
pool16utp8esfwwpwf4fzlvtulugtdj9mapt42gdwza962pk8q2f45yt,150229.27711,20000.0,20000.0,0.01,340.0,340.0,False,False,69.32234226072175,69.32234226072175,0.19331267856812961,losing,69.32234226072175,0.19331267856812961,losing,358.60215053763443
pool16v0jqnz2zuqsdrf6z94ec5rx9ds0xeghsvmddauzt6j5w2u7lsm,11623105.666032,5.0,5.0,0.024,340.0,340.0,False,False,5363.020691159173,460.5546055199487,1.2843051968022556,edge,460.5546055199487,1.2843051968022556,edge,358.60215053763443
pool16vxqq0ttyvfkt84f6ksncskgdk0r9w8ulaum0af8cmmfgsf5hua,113.068208,100.0,100.0,0.02,345.0,345.0,False,False,0.05217083738240709,0.05217083738240709,0.0001454838943497409,losing,0.05217083738240709,0.0001454838943497409,losing,358.60215053763443
pool16w2mssm03rrk5jzkcvxyma77zcxx4vsjhwz77hka33gnsk9j47n,406141.093488,25000.0,25000.0,0.01,340.0,340.0,False,False,187.41600123417945,187.41600123417945,0.5226293287789712,losing,187.41600123417945,0.5226293287789712,losing,358.60215053763443
pool16wfrrl0vhq5ldqa2u3kz8mm9r7l5pmlqqu0667gfjykfkyv98ge,17110.518294,1.0,1.0,0.01,340.0,340.0,False,False,7.894969275411298,7.894969275411298,0.022015956300247396,losing,7.894969275411298,0.022015956300247396,losing,358.60215053763443
pool16wt6mzvytu9key68efv7cx6zfkqn0d9kzlnt746cyuv0zj3nxh8,298207.190686,10000.0,10000.0,0.01,345.0,345.0,False,False,137.60140709872528,137.60140709872528,0.3837160677715577,losing,137.60140709872528,0.3837160677715577,losing,358.60215053763443
pool16x5fslqfvgmsyra4vmpvuzq7p5fzeln240envdwfm2jps0j3rw2,29628.661139,500.0,500.0,0.0,340.0,170.0,True,True,13.670997181069316,13.670997181069316,0.038123020624870954,losing,13.670997181069316,0.038123020624870954,losing,358.60215053763443
pool16ypn6g8sm5um7mkxyhdu7j9eq9zl35wywq5n9x8g0aujc060qzp,161.021654,100.0,100.0,0.15,345.0,345.0,False,False,0.07429706012100029,0.07429706012100029,0.00020718520513502328,losing,0.07429706012100029,0.00020718520513502328,losing,358.60215053763443
pool16zjsdvuxa39w9k48c9ds7sne4c9lhclmmcly53cdat4nu7l36f6,2004.653126,100.0,100.0,0.04,340.0,340.0,False,False,0.9249679503288161,0.9249679503288161,0.002579370895969412,losing,0.9249679503288161,0.002579370895969412,losing,358.60215053763443
pool16zymwv7r24sgcxg43z4ce0g0mw0yt6zdxehcgwyksj456y0ef4a,507.236356,500.0,500.0,0.0,340.0,340.0,False,False,0.23404408209907535,0.23404408209907535,0.0006526566607260571,losing,0.23404408209907535,0.0006526566607260571,losing,358.60215053763443
pool170028ak8q37qf4e5lf7z8eyuscgcrqgzn9lh58a4g9ngzd83a0h,1156760.592521,1000000.0,1000000.0,0.0325,340.0,340.0,False,False,534.0734087032077,508.62794211434493,1.418362777110467,edge,508.62794211434493,1.418362777110467,edge,358.60215053763443
pool170hmssk80z2ameg7jhj5m8psnkjejcc77vfpd0875yggxhhntd0,6747443.719795,25000.0,25000.0,0.02,340.0,340.0,False,False,3113.66310456698,405.5444459179689,1.1309035523349658,edge,405.5444459179689,1.1309035523349658,edge,358.60215053763443
pool170jjhp3s7gw23clx6yvfdfvv9t6egwazjhk3gy5y0xnq6y8mjjt,2492.146501,101.0,101.0,0.0,340.0,340.0,False,False,1.1499025089423343,1.1499025089423343,0.00320662468760531,losing,1.1499025089423343,0.00320662468760531,losing,358.60215053763443
pool172gxn08m64vyfvpn926t3q8md5qf0q9k3y6kqz6krj8ry0tntmz,552.424253,550.0,550.0,0.01,340.0,340.0,False,False,0.254894238458889,0.254894238458889,0.0007107995255375315,losing,0.254894238458889,0.0007107995255375315,losing,358.60215053763443
pool172vhywk0n2m7r47a8wq78xzc7nnytu3x78wyftmdedvjyzxjc7s,70.449031,0.0,0.0,1.0,340.0,340.0,False,False,0.03250590796573601,0.03250590796573601,9.064616014433131e-05,losing,0.03250590796573601,9.064616014433131e-05,losing,358.60215053763443
pool173f5kzeuz485kshvga3t7un8u699w2rgn77apjx078xd73kzj6y,347.620334,250.0,250.0,0.01,340.0,340.0,False,False,0.16039564672793244,0.16039564672793244,0.00044728021426379956,losing,0.16039564672793244,0.00044728021426379956,losing,358.60215053763443
pool173mzegwuu0pjcrt60ekelzj5haqr8r5e4e0n45qh9jdz7xm5kh8,28012443.743465,80000.0,80000.0,0.0199,340.0,340.0,False,False,12929.529544774427,625.7702569485712,1.7450265036346961,edge,625.7702569485712,1.7450265036346961,edge,358.60215053763443
pool173qemdqfjnkrjzykmc0j4nqmxuuhvvv42pawt4xka3k2vwmd4mr,17585.020357,100.0,100.0,0.01,345.0,345.0,False,False,8.113912738617532,8.113912738617532,0.022626503289098366,losing,8.113912738617532,0.022626503289098366,losing,358.60215053763443
pool173trwz74lv2ncl0dn5fqvgnhqtmqu3yvnf6dpx7k6psuwhzn2fc,130.893167,50.0,50.0,0.01,340.0,340.0,False,False,0.06039546218184205,0.06039546218184205,0.00016841912992237811,losing,0.06039546218184205,0.00016841912992237811,losing,358.60215053763443
pool1749t2act40esvfj0w0g0ear7l3hrnjfc8l5rl8eznuh8vunjl86,18256.970957,10000.0,10000.0,0.01,340.0,340.0,False,False,8.424113048987373,8.424113048987373,0.02349152964185384,losing,8.424113048987373,0.02349152964185384,losing,358.60215053763443
pool174s9fj3073jx2t8zlm5x8rvyqt52uult4jn7slyrtg8gx8ay9jy,5585.614991,5000.0,5000.0,0.03,345.0,345.0,False,False,2.5772658755819524,2.5772658755819524,0.007186978303721786,losing,2.5772658755819524,0.007186978303721786,losing,358.60215053763443
pool175gxtzacpcm90adjpvlhjmfpj4ft2a3zuqsgm558hf3q7ra2vf9,618.01695,10.0,10.0,0.01,340.0,340.0,False,False,0.2851593930545654,0.2851593930545654,0.0007951971080682032,losing,0.2851593930545654,0.0007951971080682032,losing,358.60215053763443
pool175jklkquzts0u05axap90uqpym5knnjxky396mz95hhauwyzswe,4508.482255,1000.0,1000.0,0.01,340.0,340.0,False,False,2.0802668572692995,2.0802668572692995,0.005801044009776457,losing,2.0802668572692995,0.005801044009776457,losing,358.60215053763443
pool175p7tqqgmduq6r5ad7jca2c4jz6tp3rslz7jffx7zru3cakdmt2,464.078945,401.0,401.0,0.015,340.0,340.0,False,False,0.2141308501480393,0.2141308501480393,0.0005971265086587002,losing,0.2141308501480393,0.0005971265086587002,losing,358.60215053763443
pool177q3zxxyqzp5kffeh5jxssnxk7rwnpkf04628kcsf0cyj6jaklw,60313.373322,9721.0,9721.0,0.0,340.0,340.0,False,False,27.83015660917473,27.83015660917473,0.07760733327296102,losing,27.83015660917473,0.07760733327296102,losing,358.60215053763443
pool177xu75tv2wqnz2cg879yekswm3wqqvwfgzhulkglrfksslsyj9r,7366.358203,2000.0,2000.0,0.02,340.0,340.0,False,False,3.3989341186816584,3.3989341186816584,0.009478287047598028,losing,3.3989341186816584,0.009478287047598028,losing,358.60215053763443
pool178j8pevk04pay4lgz29c9y52k30xql7uaj5zdsqzpa9jwkuhqn5,483535.745187,180000.0,180000.0,0.01,340.0,340.0,False,False,223.21379919899064,223.21379919899064,0.6224552721291193,losing,223.21379919899064,0.6224552721291193,losing,358.60215053763443
pool178jmsy6t03udg2urvckseyync6y2jkq26haj7vxtwszc7ycq5ws,564.224529,500.0,500.0,0.0,340.0,340.0,False,False,0.26033906641055776,0.26033906641055776,0.0007259830037835643,losing,0.26033906641055776,0.0007259830037835643,losing,358.60215053763443
pool1796kveuwxrquwhwnne5g99er50q6alcaf7yjf3kd6xr5vemfaqc,11.116007,0.0,0.0,0.075,340.0,340.0,False,False,0.005129040035887467,0.005129040035887467,1.4302870264993535e-05,losing,0.005129040035887467,1.4302870264993535e-05,losing,358.60215053763443
pool179dpweul0jsfv9ls67ner4n286fh6hqtskaw6nux97t52dt5gxa,1047.64119,1.0,1.0,0.01,340.0,340.0,False,False,0.48339242941429844,0.48339242941429844,0.0013479908826245803,losing,0.48339242941429844,0.0013479908826245803,losing,358.60215053763443
pool179mnckg6xz4w5x6k9056yl7r2ej8fd8uu68fc2vlsmulg7lzwhy,57805.624907,101.0,101.0,0.01,341.0,341.0,False,False,26.672121470132513,26.672121470132513,0.07437802988672634,losing,26.672121470132513,0.07437802988672634,losing,358.60215053763443
pool179u2dtcn92xv7n05dldlevt6hcu5v3p7g4aaqva2fm8qjzu7lpc,4226.888175,1000.0,1000.0,0.02,340.0,340.0,False,False,1.9503359093535262,1.9503359093535262,0.005438717828182247,losing,1.9503359093535262,0.005438717828182247,losing,358.60215053763443
pool17ahr5ygy48vpdfnatqn2z4wfu2te4quapk2yx3k50ce6kd7feg0,66889393.598675,2789000.0,2789000.0,0.02,340.0,340.0,False,False,31220.949050294606,2219.4696724571927,6.189225773268933,strong,2219.4696724571927,6.189225773268933,strong,358.60215053763443
pool17ajuw0arwq8klfe4xy8tcqj4yetp8kerl4amzn5dsnne20wlnsa,79459.37578,10000.0,10000.0,0.0,340.0,340.0,False,False,36.6647090093155,36.6647090093155,0.10224341642777636,losing,36.6647090093155,0.10224341642777636,losing,358.60215053763443
pool17cacd3k230r83pw5xny6d493t9wn5ww730m6wayuqsrhqwzyecv,4975.553719,500.0,500.0,0.01,340.0,340.0,False,False,2.2957759954701142,2.2957759954701142,0.006402014020351443,losing,2.2957759954701142,0.006402014020351443,losing,358.60215053763443
pool17dag45ldepvckqdxvvppwdy4w8qczsz0awtutqyj2pzashn3ds2,1436566.266459,20000.0,20000.0,0.0099,340.0,340.0,False,False,662.9009288999175,347.6476688970492,0.9694522700877233,losing,347.6476688970492,0.9694522700877233,losing,358.60215053763443
pool17e4rdh59t4fmn4g3p02xvs853katrjzge830tsmd3sfdc645yvt,956675.395298,0.0,0.0,0.03,340.0,340.0,False,False,441.41987350600897,343.04259620518025,0.9566105381433812,losing,343.04259620518025,0.9566105381433812,losing,358.60215053763443
pool17edtg9kt83mpguyh87u6ju2fkgjta4jjmmyzj9n8tsf4uwalg7h,119.036341,10.0,10.0,0.01,340.0,340.0,False,False,0.05492459495664602,0.05492459495664602,0.00015316303840983746,losing,0.05492459495664602,0.00015316303840983746,losing,358.60215053763443
pool17etnr2ngwpnqwuvdzszzd36u67kzcsrs8scuxf0a63hezy9zvpv,6849.598983,5000.0,5000.0,0.02,340.0,340.0,False,False,3.160493246216602,3.160493246216602,0.008813369472208215,losing,3.160493246216602,0.008813369472208215,losing,358.60215053763443
pool17fge0jukcp0vqwu0chh3jh4g0emt4rat8vxucrx5n8s5qz6fegp,45642.18126,25000.0,25000.0,0.01,340.0,340.0,False,False,21.06076480601984,21.06076480601984,0.05873016872443313,losing,21.06076480601984,0.05873016872443313,losing,358.60215053763443
pool17gfj5t240hqaqr7vtrlrlhmyazw3lcyqvfd06v4kpxv7qxpdzau,1168785.849133,45000.0,45000.0,0.0,340.0,340.0,False,False,539.3870798047562,347.6767002251693,0.969533227014715,losing,347.6767002251693,0.969533227014715,losing,358.60215053763443
pool17gvd032slmxg267lp8rwcykkfa52txm8ylefhmdsdkytzugrtaw,912057.442499,12000.0,12000.0,0.005,340.0,199.0,True,True,420.85345340296976,341.4627425215847,0.9522049491606409,losing,203.01361310116923,0.5661249180932155,losing,358.60215053763443
pool17h6slydr6rd9vquqa38p5cf9xqnpc24w6a99rhllcjzljgugx6x,2662197.989164,880.0,880.0,0.05,340.0,340.0,False,False,1228.3700528991942,384.697474144167,1.0727695680781868,edge,384.697474144167,1.0727695680781868,edge,358.60215053763443
pool17k2dpgvx8spkdhgf5j7x5u7pqjpvlwa76sugwen8l3xtk7kq3c4,27462.85344,105.0,105.0,0.0,340.0,170.0,True,True,12.671648746380255,12.671648746380255,0.03533623188645768,losing,12.671648746380255,0.03533623188645768,losing,358.60215053763443
pool17k568pj9x6qwmvutn97p5wgzvgmjf7m46sz3vzudq62swqdfh4a,120.363176,90.0,90.0,0.15,345.0,345.0,False,False,0.05553681343803314,0.05553681343803314,0.000154870274354935,losing,0.05553681343803314,0.000154870274354935,losing,358.60215053763443
pool17kew7rtakc7g6qzydntann5umw08xq3ll2j7spk7en4kvff69fa,25213423.599758,1000000.0,1000000.0,0.04,340.0,340.0,False,False,11680.944438270004,1225.4437406386305,3.4172793966834374,comfortable,1225.4437406386305,3.4172793966834374,comfortable,358.60215053763443
pool17m2zg7dcg54a8gz2jgkwz2s3fzzth2gyf466k7sy4dl7wchp3lv,1001.670616,1000.0,1000.0,0.03,340.0,340.0,False,False,0.4621811346669745,0.4621811346669745,0.0012888409452482348,losing,0.4621811346669745,0.0012888409452482348,losing,358.60215053763443
pool17mr554wv653z4ttr3rydt5dsxg6r28ysu5mlz9cc5ax32gsleh9,434628.44973,40000.0,40000.0,0.0,340.0,340.0,False,False,200.57239764258532,200.57239764258532,0.5593173307574343,losing,200.57239764258532,0.5593173307574343,losing,358.60215053763443
pool17n47upcpnzsdks0yd409nf79sg6hqy73twg87eddwh24uj745rt,96444.664075,25000.0,25000.0,0.01,340.0,170.0,True,True,44.50399515474773,44.50399515474773,0.12410409443452888,losing,44.50399515474773,0.12410409443452888,losing,358.60215053763443
pool17p4syst04f92ylfzlcn8qwq8w5muxkwqn0a5fl98ksxhwj6y7g7,197.226148,100.0,100.0,0.01,340.0,340.0,False,False,0.09100219322826561,0.09100219322826561,0.00025376923448961624,losing,0.09100219322826561,0.00025376923448961624,losing,358.60215053763443
pool17p8a9e5ljeucdvmsl62a667y7lwwx9xzwzjulwu7df2q7854mh4,215419.790309,25000.0,25000.0,0.01,340.0,340.0,False,False,99.40606165865312,99.40606165865312,0.27720430987270583,losing,99.40606165865312,0.27720430987270583,losing,358.60215053763443
pool17pappd4r69ag7ud695he8rhygzh80qvtdtv8k25hjyggzz8gc53,1053.239172,1000.0,1000.0,0.0298,340.0,340.0,False,False,0.4859754962662229,0.4859754962662229,0.0013551940375639798,losing,0.4859754962662229,0.0013551940375639798,losing,358.60215053763443
pool17pv7m8h5dxsyt55upay8n8ake2cgcz4mcr737um2tl8d2wthzqr,2023296.934724,5000.0,5000.0,0.02,340.0,170.0,True,True,933.5894267539975,353.30933738971277,0.9852404311017476,losing,187.12104166588892,0.5218068028464069,losing,358.60215053763443
pool17qvfg2g843gw6lurru282kkex6vp3pyj6zwj99j4u6k7zvmva5a,17465123.823034,50000.0,50000.0,0.01,340.0,340.0,False,False,8060.26264969307,439.08354787097795,1.2244308831184691,edge,439.08354787097795,1.2244308831184691,edge,358.60215053763443
pool17r3u34ywld6sehe9dd5t40ygq7rmc6yfw2k0h0hpllznwlmwsnn,1510429.181476,100000.0,100000.0,0.0,340.0,340.0,False,False,697.1990585371835,363.64884517049165,1.0140732414049691,edge,363.64884517049165,1.0140732414049691,edge,358.60215053763443
pool17rjst78s67lvellg8s586rf076jxa3wnsdz730f4xk2zwuhrtej,67214041.832515,10000.0,10000.0,0.0,340.0,340.0,False,False,31014.542516410354,344.56371045098666,0.960852325995255,losing,344.56371045098666,0.960852325995255,losing,358.60215053763443
pool17rns3wjyql9jg9xkzw9h88f0kstd693pm6urwxmvejqgsyjw7ta,4356090.642673,10.0,10.0,0.0,840.0,840.0,False,False,2009.9451391946939,840.0026857685828,2.3424362751567673,comfortable,840.0026857685828,2.3424362751567673,comfortable,358.60215053763443
pool17s3mr9c4ejjfq20dz0ls9ggskc770kt267s9xmw93payzdswwgg,7622777.320321,50000.0,50000.0,0.018,340.0,340.0,False,False,3517.956165199469,417.6731317326981,1.1647256746968793,edge,417.6731317326981,1.1647256746968793,edge,358.60215053763443
pool17taqml487n9t4r9a6ppvf9qv0qlw2lu4zcrzwfdsfcv6xp7uqym,33471639.597141,50000.0,50000.0,0.01,340.0,240.0,True,True,15447.3730684163,513.4154795762753,1.431713331352132,edge,414.5633659678467,1.1560537641682083,edge,358.60215053763443
pool17xextu09ghdfcmsq83whq0a45geg83jxe4qt94sevu087tzdzkl,59139685.184892,250000.0,250000.0,0.01,340.0,170.0,True,True,27316.05467870363,722.6555260569761,2.015201317040443,comfortable,555.0669772571043,1.547862935079781,edge,358.60215053763443
pool17xh922cr9skc0fqk7sr8at6xx6eluh5qyv9p7ca2x0mtc3st0mz,4188251.08514,40000.0,40000.0,0.01,340.0,170.0,True,True,1932.821254089289,370.9883702009075,1.0345402827191723,edge,204.29572369121888,0.5697002189890061,losing,358.60215053763443
pool17xtz3a8ppy9prj4e2e5t5ggk6p68ls305x5pyyxdxc2lut0ltm2,7.426233,0.0,0.0,0.0,340.0,340.0,False,False,0.0034265403370858523,0.0034265403370858523,9.555269905516769e-06,losing,0.0034265403370858523,9.555269905516769e-06,losing,358.60215053763443
pool17y0uw9jraxxtqk4mhgkhkye2v6jqzn84u8hl68l9xwq3cvm2vqw,376195.000006,100000.0,100000.0,0.01,340.0,340.0,False,False,173.63343012966538,173.63343012966538,0.4841951724755286,losing,173.63343012966538,0.4841951724755286,losing,358.60215053763443
pool17y4pg5j8z8zklmplel2l3l705zx706w3mrac2etns0uccehx3nr,1035.664597,1000.0,1000.0,0.0,340.0,340.0,False,False,0.47786637270450993,0.47786637270450993,0.0013325808894008822,losing,0.47786637270450993,0.0013325808894008822,losing,358.60215053763443
pool17ynruzy9lvq0x55ks22vtf4lrrdrw2ucydh4tfzhg9kkyeaw8nf,1691431.365066,1000.0,1000.0,0.0,340.0,340.0,False,False,780.4470891443087,340.26039903140094,0.9488520872539815,losing,340.26039903140094,0.9488520872539815,losing,358.60215053763443
pool17zs395fwgd0fvk0cpfqjxmd02f0qsxyhq2395lggwmukycj5rqm,14478911.926764,2500.0,2500.0,0.04,340.0,340.0,False,False,6680.7885420570165,594.6825800875083,1.6583352308287338,edge,594.6825800875083,1.6583352308287338,edge,358.60215053763443
pool180fejev4xgwe2y53ky0pxvgxr3wcvkweu6feq5mdljfzcsmtg6u,101821.063737,50000.0,50000.0,0.0,340.0,170.0,True,True,46.986273572763984,46.986273572763984,0.13102619017292505,losing,46.986273572763984,0.13102619017292505,losing,358.60215053763443
pool18243r3ncukrk54jrx3mnr2k6lvu30dy7y6uj252cyldhqze7qe3,391.08766,340.0,340.0,0.05,340.0,340.0,False,False,0.18045190478936945,0.18045190478936945,0.0005032092097574621,losing,0.18045190478936945,0.0005032092097574621,losing,358.60215053763443
pool1835qw65tsy3x7mta5dfdmfq4mvqzn9cpvf9keaca0nqgvguk7j5,19917858.987084,30000.0,30000.0,0.025,340.0,340.0,False,False,9191.452349212299,574.2849438437677,1.6014542661910163,edge,574.2849438437677,1.6014542661910163,edge,358.60215053763443
pool1850xvydng5mkjzkwqw6566y7e6hsrgakc3y87jrnqrkrwdjua2p,20013218.787312,10.0,10.0,0.0,340.0,340.0,False,False,9234.305509427462,340.0044442153978,0.9481383301958619,losing,340.0044442153978,0.9481383301958619,losing,358.60215053763443
pool1853ffwhtuka742fq4av7s3ssdpvzhdkpw53th3es36zkwrllj9g,8012385.758091,125000.0,125000.0,0.0,340.0,340.0,False,False,3698.895546713819,392.4016137035397,1.0942533755451032,edge,392.4016137035397,1.0942533755451032,edge,358.60215053763443
pool185ev4czpm5hc9xud25xlcz5lhpnl2jztqas6mgxujqke7j5mdzc,3510044.358159,1000.0,1000.0,0.0,340.0,340.0,False,False,1619.5773367848676,340.3645473407795,0.9491425158228634,losing,340.3645473407795,0.9491425158228634,losing,358.60215053763443
pool186wnrzw2zq20wt6p9aer6z33vqgv4xaxm6445fa4g4wr559e0j8,251.000039,250.0,250.0,0.001,340.0,340.0,False,False,0.11581400177117952,0.11581400177117952,0.00032295958514901637,losing,0.11581400177117952,0.00032295958514901637,losing,358.60215053763443
pool187k9uqvh2dacad2qyfyex7ct8q0jxepk45026s9h7mkxx9pn7at,2338.71876,750.0,750.0,0.01,340.0,340.0,False,False,1.0791111961715678,1.0791111961715678,0.003009215629503922,losing,1.0791111961715678,0.003009215629503922,losing,358.60215053763443
pool18872nzahx0h2f7j58pxrn5rjektn8na8p4amv08x2xj8qkht30g,4125201.659606,20000.0,20000.0,0.01,340.0,340.0,False,False,1903.5683510969493,363.1404447096442,1.0126555129834156,edge,363.1404447096442,1.0126555129834156,edge,358.60215053763443
pool188837cdkhad7w2dwk2arsldyre3tcva8aardadf4ekc0j56267t,913.336687,100.0,100.0,0.0,340.0,340.0,False,False,0.4214231037790532,0.4214231037790532,0.0011751828681095036,losing,0.4214231037790532,0.0011751828681095036,losing,358.60215053763443
pool1892ry20mvu6tvrmuua5gdmk7unw30w7tf8scpllpyq8w2sdwvc7,1096820.847935,20000.0,20000.0,0.0,340.0,170.0,True,True,506.1258326269894,343.02922456187366,0.9565732499026761,losing,176.12909270023118,0.491154591337976,losing,358.60215053763443
pool189elcklfyhaczaasjdyrrxmhaeepg6avn9gxjte78ntny5fqdl7,14417.745523,6000.0,6000.0,0.0,340.0,340.0,False,False,6.652593259682343,6.652593259682343,0.018551459464781345,losing,6.652593259682343,0.018551459464781345,losing,358.60215053763443
pool189j5mz6wa0gfrakwvn2tar7qt309qxrmsgde5v6qwm892n6re3v,3641044.323196,100000.0,100000.0,0.048,340.0,170.0,True,True,1680.6968879919996,439.40777361653267,1.2253350208796863,edge,282.0126522182285,0.7864220886445351,losing,358.60215053763443
pool189lsf6c2upyhmrzddyvyfjxxkqnte9pw8aqx7f4cuf85sjxlm02,37998002.042111,100000.0,100000.0,0.02,340.0,340.0,False,False,17539.96338881385,728.359400454719,2.031107173681825,comfortable,728.359400454719,2.031107173681825,comfortable,358.60215053763443
pool189vq6ay0gku9tkqc2t3nfjk3n88mm23grmfas852jruw6fjlkaf,24002725.18167,50000.0,50000.0,0.05,340.0,340.0,False,False,11077.407904250096,898.1191022485446,2.504500045250814,comfortable,898.1191022485446,2.504500045250814,comfortable,358.60215053763443
pool189ysyxejgdu0d5u323cajq40ec6wsacq3yav3ul7fdxs6mhdhr0,3928.555252,5.0,5.0,0.01,340.0,340.0,False,False,1.8126758637196865,1.8126758637196865,0.005054838240657596,losing,1.8126758637196865,0.005054838240657596,losing,358.60215053763443
pool18aklqwussc7j6y9nap8vxst4ht8s6sv76ge9799rzv3lcrau7yg,918.901314,250.0,250.0,0.0,340.0,340.0,False,False,0.42399084503389745,0.42399084503389745,0.001182343286001573,losing,0.42399084503389745,0.001182343286001573,losing,358.60215053763443
pool18au4xxwcu552tjyxgyfssc95lwcf08g49z0ln5f7l060qh8r3wv,1.430897,0.0,0.0,1.0,340.0,340.0,False,False,0.000660230602610386,0.000660230602610386,1.8411228198730404e-06,losing,0.000660230602610386,1.8411228198730404e-06,losing,358.60215053763443
pool18c2qgn5fv5vfhsvqjvn20j943qjaegs0dylgpsmmwz2lx03n76k,305255.179301,35000.0,35000.0,0.01,340.0,340.0,False,False,140.86607155002258,140.86607155002258,0.3928199296597331,losing,140.86607155002258,0.3928199296597331,losing,358.60215053763443
pool18cr7st8wvagllpgq23y70ncnejux2dmxrsdc45hyalk67e63jg6,2097.62183,2000.0,2000.0,0.01,340.0,340.0,False,False,0.9678646765969271,0.9678646765969271,0.0026989929512298114,losing,0.9678646765969271,0.0026989929512298114,losing,358.60215053763443
pool18dmncsu0wwzfnje42udk3eeld3z0zwjpjxname3lp8a9kpah28w,15504.438848,400.0,400.0,0.0,340.0,340.0,False,False,7.153919268764985,7.153919268764985,0.019949460029839387,losing,7.153919268764985,0.019949460029839387,losing,358.60215053763443
pool18dqp26atwr6rd7z6suxjmguqy8zym5a3tgtveuazqsjwyeafrz6,266.665872,100.0,100.0,0.018,345.0,345.0,False,False,0.12304240990279687,0.12304240990279687,0.00034311676524618014,losing,0.12304240990279687,0.00034311676524618014,losing,358.60215053763443
pool18e0uhtm4pspfrnktwguypytjfgwz6dw6zzn3gulpdjfx7qd0439,19556.372252,1.0,1.0,0.01,340.0,340.0,False,False,9.023511469093945,9.023511469093945,0.02516301549102659,losing,9.023511469093945,0.02516301549102659,losing,358.60215053763443
pool18e545ehldchd8qr8qx7q7m5dljzaky2twxrynx2z29ru2mt6pv4,352465.796749,200.0,200.0,0.08,340.0,340.0,False,False,162.6314816144984,162.6314816144984,0.4535150761663673,losing,162.6314816144984,0.4535150761663673,losing,358.60215053763443
pool18e63pk226vwk7j3khen2nsgs2wt3q6c7u3rnu7jzm9mtxrj54hu,93938.392216,36000.0,36000.0,0.005,340.0,340.0,False,False,43.348153124602,43.348153124602,0.12088090676425745,losing,43.348153124602,0.12088090676425745,losing,358.60215053763443
pool18en4vtxkjt3u5x6ctu9l3nqmr6pm3r7akxgu84450xdvkr4j827,5114.922901,3000.0,3000.0,0.03,340.0,340.0,False,False,2.360090265304916,2.360090265304916,0.006581361159620904,losing,2.360090265304916,0.006581361159620904,losing,358.60215053763443
pool18fldcktken22hfd3tyx8qwes46lv6jhv43jhns8gg24k2rta4al,1212.621566,1000.0,1000.0,0.01,340.0,340.0,False,False,0.5595164795621261,0.5595164795621261,0.0015602708425570533,losing,0.5595164795621261,0.0015602708425570533,losing,358.60215053763443
pool18gxqszcsk9yt0jsnzc293556x5t0cd0xdepr69wta9rh23349j5,5018.662003,5000.0,5000.0,0.15,345.0,345.0,False,False,2.315662483009321,2.315662483009321,0.006457469592799606,losing,2.315662483009321,0.006457469592799606,losing,358.60215053763443
pool18heqrjtge2emf2hes4mdxkr76y99zztkqk4qtjr9dul0vuur0yu,1545653.711741,10000.0,10000.0,0.0,340.0,170.0,True,True,713.2100500125771,342.4145773867563,0.9548592412884058,losing,173.51443564548953,0.48386334377902623,losing,358.60215053763443
pool18hkq2t8ss45h4fkr92f52flhc4mpzedx5mcz4xhnpj0dzp76028,6148454.289375,22.0,22.0,0.001,340.0,225.0,True,True,2836.960349070108,342.50588587603494,0.9551138646618065,losing,227.62129695008397,0.6347460454680003,losing,358.60215053763443
pool18j287g2sccele52hhxc0csk2ghfghwndqm9yahdqnhjks840wtq,7631304.017929,25000.0,25000.0,0.025,340.0,340.0,False,False,3521.527827255941,429.70025194428206,1.1982645706392272,edge,429.70025194428206,1.1982645706392272,edge,358.60215053763443
pool18j42fxelgk53gumv8y7f039mscg6kl2lvmktfcs5aymqvx728d8,644.869026,2.0,2.0,0.06,345.0,345.0,False,False,0.2975492080679361,0.2975492080679361,0.0008297474168011412,losing,0.2975492080679361,0.0008297474168011412,losing,358.60215053763443
pool18jrsaddmrwtrdycydmk3zv0fxawnv0q8xh7f6fyp2r247zz9tc5,1333545.451386,0.0,0.0,0.0,340.0,170.0,True,True,615.311596136492,340.0,0.9481259370314842,losing,170.0,0.4740629685157421,losing,358.60215053763443
pool18kpfz02v3knfp24k4a3zv50h5eva5s90slwtfvae3n5rq4zfget,40330.626456,2.0,2.0,0.06,345.0,345.0,False,False,18.608966285150217,18.608966285150217,0.051893069400868665,losing,18.608966285150217,0.051893069400868665,losing,358.60215053763443
pool18kqs8hf26zpcmxz68lqqya79tks4y7gg3ua3msgamq2vuphfc2z,315315.036145,25000.0,25000.0,0.0,340.0,340.0,False,False,145.50355786576145,145.50355786576145,0.4057520504202643,losing,145.50355786576145,0.4057520504202643,losing,358.60215053763443
pool18l6lvx95vl5p88zfh7xjkx073s9gufpz4sa5q43fu7auqunjhg3,713719.585933,300000.0,300000.0,0.015,340.0,340.0,False,False,329.55782863312106,329.55782863312106,0.9190068384671741,losing,329.55782863312106,0.9190068384671741,losing,358.60215053763443
pool18ljuhhw27t85zddz0pvsmsjsz5k0mlz03pzsxgh8qarcsw5wycc,874644.558032,100000.0,100000.0,0.0,340.0,340.0,False,False,403.719121727415,347.28514470732966,0.9684413330669163,losing,347.28514470732966,0.9684413330669163,losing,358.60215053763443
pool18lwlvq4j8yxgrsuvyqntmyq7wyeql5t9nhmtg0cx0uqa6n5hplm,57.425793,10.0,10.0,0.015,340.0,340.0,False,False,0.026496852828730644,0.026496852828730644,7.38892747547811e-05,losing,0.026496852828730644,7.38892747547811e-05,losing,358.60215053763443
pool18me06fpnm53xylyg59n8yvhy3xtvjetra3tan5trrvr6yuvm8pd,352928.01477,15000.0,15000.0,0.0,340.0,170.0,True,True,162.85436298400035,162.85436298400035,0.45413660442314935,losing,162.85436298400035,0.45413660442314935,losing,358.60215053763443
pool18mege8wvzzdvh8cxx6ncnqyvacl4lxukw495c87xmz8qcdl6lj8,3038836.961432,50000.0,50000.0,0.01,340.0,340.0,False,False,1402.438081074507,367.93056922448795,1.0260132814955736,edge,367.93056922448795,1.0260132814955736,edge,358.60215053763443
pool18mgmqghey8az6duffc6e9tpzwxsquf00wpkl0jr8gvqxumkg4m0,206939.594855,25300.0,25300.0,0.01,340.0,170.0,True,True,95.4928949833028,95.4928949833028,0.26629203098792087,losing,95.4928949833028,0.26629203098792087,losing,358.60215053763443
pool18nx24xhkcewezxvrjgdpt9pgt69pefr85m8qa8fdjd4m6p7egw9,93.505493,50.0,50.0,0.01,340.0,340.0,False,False,0.043144401010844075,0.043144401010844075,0.00012031272245902545,losing,0.043144401010844075,0.00012031272245902545,losing,358.60215053763443
pool18p7p752cjnf9z8g70ygkre5cstwmgfatzuqm0tm3n2xf739j8k8,851769.058574,45000.0,45000.0,0.0,340.0,170.0,True,True,393.0848338573816,342.8045366282516,0.9559466838508964,losing,181.7858443230948,0.506929041140864,losing,358.60215053763443
pool18pnta4kfff66kq5shjrdsdr8ce2heu38t6x5nv7hylrcc0hpksk,1781870.233848,10.0,10.0,0.01,340.0,340.0,False,False,822.173299176423,344.8244119273967,0.9615793196176279,losing,344.8244119273967,0.9615793196176279,losing,358.60215053763443
pool18q7axjzcrs7pd2vpmcgh33p0r5cng2q0v6ldw5vtwuhl6ctgmeg,750398.523341,3000.0,3000.0,0.0,340.0,340.0,False,False,346.245911481103,340.02497037755336,0.9481955695685895,losing,340.02497037755336,0.9481955695685895,losing,358.60215053763443
pool18q92uyx3973u3qt64nxf8p7us58gwkytrn0c3ed2a99s5uc9usc,101755.827403,100000.0,100000.0,0.03,340.0,340.0,False,False,46.95155066337506,46.95155066337506,0.13092936166998143,losing,46.95155066337506,0.13092936166998143,losing,358.60215053763443
pool18qamc87vnl2sjd888f3gv4ssh4qjww859z9v6mr622fvjhemunh,197.226148,100.0,100.0,0.01,340.0,340.0,False,False,0.09100219322826561,0.09100219322826561,0.00025376923448961624,losing,0.09100219322826561,0.00025376923448961624,losing,358.60215053763443
pool18qddv82sx8p22uxzdrf0qx9lkewxadlr9ef45kpcf7dzz3n56qv,6069124.196267,240000.0,240000.0,0.0,340.0,170.0,True,True,2803.0545679886395,437.4000658416033,1.219736315540303,edge,274.1226173466615,0.7644198924509601,losing,358.60215053763443
pool18qzks8vdf0yu0u5ccf8aaj35q6zfutdcfgrssuvdjmgtyykr922,14570522.252394,32700.0,32700.0,0.01,340.0,340.0,False,False,6723.903040727086,418.02287979561396,1.165700984137694,edge,418.02287979561396,1.165700984137694,edge,358.60215053763443
pool18r2y72aue5nmv489xtnfxl36vzusq95qst6urd87yd5hgzms04c,352320.432604,27400.0,27400.0,0.0,340.0,340.0,False,False,162.58139204870469,162.58139204870469,0.4533753961178271,losing,162.58139204870469,0.4533753961178271,losing,358.60215053763443
pool18rhzlrv83a7ygj7cp5uv8dx07qkn5drhe8nh6f3qvhv66xcyj2m,39212333.805468,50000.0,50000.0,0.025,340.0,340.0,False,False,18096.74052573868,805.9942484191126,2.247600153012818,comfortable,805.9942484191126,2.247600153012818,comfortable,358.60215053763443
pool18rpw5dwfywfrzjuy7uzn2cetrw9v85aan8a80p3fdvtqcxykkqu,1389470.107296,50000.0,50000.0,0.029,340.0,170.0,True,True,641.2446243326978,359.261996343167,1.0018400497725497,edge,200.1320305739587,0.5580893206410242,losing,358.60215053763443
pool18te4aqp0umd6xunyps0mlg9tzk4dcjh30wgntqu8kf2n7k3y88f,1000.833986,1000.0,1000.0,0.01,340.0,340.0,False,False,0.46179510336633506,0.46179510336633506,0.0012877644561639927,losing,0.46179510336633506,0.0012877644561639927,losing,358.60215053763443
pool18v6rlcg506atlkkhy8sdgtnm5efzjjjshk9axyvp8fa35txspr8,101.227512,100.0,100.0,0.075,340.0,340.0,False,False,0.04670741610761551,0.04670741610761551,0.0001302485666569188,losing,0.04670741610761551,0.0001302485666569188,losing,358.60215053763443
pool18v9r8afalh50l4lstct2awdc3zspnvurcs7t45nv29uc2mnxc6c,14863886.029702,0.0,0.0,0.0,340.0,340.0,False,False,6858.349993411301,340.0,0.9481259370314842,losing,340.0,0.9481259370314842,losing,358.60215053763443
pool18vej0s9gska8c847aj95g9v24duuxg2g63d5cuqngnxew643jw9,65170783.61284,250000.0,250000.0,0.0,340.0,340.0,False,False,30101.773581408335,454.16838931312407,1.2664965579046636,edge,454.16838931312407,1.2664965579046636,edge,358.60215053763443
pool18vyjg6jlyt2jywae7ndzv0f7xkrsexxgyhunxrlgm3zaku0327k,140791.02155,0.0,0.0,0.06,345.0,345.0,False,False,64.96242636618034,64.96242636618034,0.18115459226551037,losing,64.96242636618034,0.18115459226551037,losing,358.60215053763443
pool18xjkr4xpscwxsatewj9lqc6z74vw90qycjd0wrypeqej673j5u8,5570711.241348,2000.0,2000.0,0.03,340.0,340.0,False,False,2570.404907410764,407.68888565533666,1.1368835492037874,edge,407.68888565533666,1.1368835492037874,edge,358.60215053763443
pool18xwr0zysfyyxsva6sta7alezd44nsa5nasewmjxweg9sgqntlxn,21802.744284,5500.0,5500.0,0.03,350.0,350.0,False,False,10.060182961480235,10.060182961480235,0.02805388352076947,losing,10.060182961480235,0.02805388352076947,losing,358.60215053763443
pool18xykgvvvxej2e5ap04ks72d8fdke4qsqeh30satznyrtj88634d,4323279.343916,1015000.0,1015000.0,0.0,340.0,340.0,False,False,2001.378368588234,730.0509104252371,2.0358241280224,comfortable,730.0509104252371,2.0358241280224,comfortable,358.60215053763443
pool18xysavc2dazzvc7xaqyh6t966zlawgupkdzyfc0yspt76ggxw6g,1999860.888329,1000000.0,1000000.0,0.025,340.0,340.0,False,False,924.731508687158,639.6947269320794,1.7838563599605213,edge,639.6947269320794,1.7838563599605213,edge,358.60215053763443
pool18y056s0echkc44dwnnd0hwanmrlnecxvkluwn339ukhnwnaz5v6,100.0,100.0,100.0,0.15,340.0,340.0,False,False,0.04614102920131693,0.04614102920131693,0.0001286691369032226,losing,0.04614102920131693,0.0001286691369032226,losing,358.60215053763443
pool18yp9wal36lzzw34ujcds8vtfpsndkzq484zcm360evp5khex0l5,3906.738239,3000.0,3000.0,0.0,340.0,340.0,False,False,1.8026144608904457,1.8026144608904457,0.00502678095540664,losing,1.8026144608904457,0.00502678095540664,losing,358.60215053763443
pool18ytpk5m7fun45j9julxq0x06dcwzmfdads3ha5rmp3qqqd5lreq,1000.0,1000.0,1000.0,0.05,340.0,340.0,False,False,0.46141029203958955,0.46141029203958955,0.0012866913691059018,losing,0.46141029203958955,0.0012866913691059018,losing,358.60215053763443
pool18zf8txwv8lmtpq2src8wrhz0pjut5qft8h5tfxnctwc95r7jvvj,26684056.037701,25000.0,25000.0,0.03,340.0,340.0,False,False,12313.57950715582,710.08876331695,1.980157570868856,edge,710.08876331695,1.980157570868856,edge,358.60215053763443
pool18zn7wa345uytjgds9hypn3jugnzqtfm4cny7anskkcmgwwxtwca,908788.64934,50000.0,50000.0,0.01,340.0,340.0,False,False,419.4070266777552,345.1192209202364,0.9624014256546322,losing,345.1192209202364,0.9624014256546322,losing,358.60215053763443
pool19066qvd5dv6vq7fh5a5l7muzk6nc5fw8zq3w4tclyrhvjvlyeuc,6.757682,0.0,0.0,1.0,340.0,340.0,False,False,0.003118064024950334,0.003118064024950334,8.695051104059402e-06,losing,0.003118064024950334,8.695051104059402e-06,losing,358.60215053763443
pool190a9js7lk9lvmrngre7w268z9tz9xs9yz77audvw8ag4jerfdhx,5662730.975788,100000.0,100000.0,0.03,340.0,340.0,False,False,2613.913026246266,447.16848425959626,1.246976582792877,edge,447.16848425959626,1.246976582792877,edge,358.60215053763443
pool190fke89hjqyyvsc0snhnzrgg3wjjchf0y7n79jlal0yuj8060xt,512.62161,500.0,500.0,0.05,340.0,340.0,False,False,0.23652889889506823,0.23652889889506823,0.0006595858349997404,losing,0.23652889889506823,0.0006595858349997404,losing,358.60215053763443
pool192ez0m2xn67tz4kx9casumhdkq9fz96rc6ja4ndl49v8ycnuwe3,956.643522,111.0,111.0,0.0,340.0,340.0,False,False,0.44140534725071023,0.44140534725071023,0.0012309054660964332,losing,0.44140534725071023,0.0012309054660964332,losing,358.60215053763443
pool192ve6p5958dam7hr3e656cuq5cucz5gnpfazlqr9kpc962gj07z,862.976284,0.0,0.0,0.0,340.0,340.0,False,False,0.3981861392006494,0.3981861392006494,0.0011103841363016608,losing,0.3981861392006494,0.0011103841363016608,losing,358.60215053763443
pool192xshj2cu50qfy2pm5cck8lnm9lxv2tjquznqjdkkzw6y5hnzl6,11625.848783,10000.0,10000.0,0.0,340.0,340.0,False,False,5.364317561847765,5.364317561847765,0.014958966514298115,losing,5.364317561847765,0.014958966514298115,losing,358.60215053763443
pool1935erruagz8y3lkq5fycd7jk7ye9ldp86638nntmmwp9558jmhf,11083.547903,11000.0,11000.0,0.01,340.0,340.0,False,False,5.1140648766306445,5.1140648766306445,0.01426111045057421,losing,5.1140648766306445,0.01426111045057421,losing,358.60215053763443
pool193cdhdpaedcev7x6qps3eps7s4sh2v8k6v9yr4tc2ulujq4982d,507.449333,500.0,500.0,0.01,340.0,340.0,False,False,0.23414235208351067,0.23414235208351067,0.0006529306969645125,losing,0.23414235208351067,0.0006529306969645125,losing,358.60215053763443
pool193eeqrm9vfx5y7d7u7766zskcr0ss0pnypy8sn30mlar29s49zv,8041006.126393,1000000.0,1000000.0,0.015,340.0,340.0,False,False,3723.950453530965,805.2834027039935,2.245617884601841,comfortable,805.2834027039935,2.245617884601841,comfortable,358.60215053763443
pool193rdch53x9c53rmftlqgzj22vmz6w8z8hhut2ckzd2zej45zpap,40266.143461,10000.0,10000.0,0.01,340.0,170.0,True,True,18.57979483803117,18.57979483803117,0.05181172173723834,losing,18.57979483803117,0.05181172173723834,losing,358.60215053763443
pool193spq4aagtqthqxnwzat2n53ugjkyx8d42wqu6wm8lckj056y0t,489.240394,50.0,50.0,0.05,340.0,340.0,False,False,0.22574059527127938,0.22574059527127938,0.0006295015100518435,losing,0.22574059527127938,0.0006295015100518435,losing,358.60215053763443
pool193uec04jldvah7r52q86wl033g4v42x0aste8jfg9999qepaxfp,20927873.84607,50000.0,50000.0,0.0,340.0,170.0,True,True,9658.344151851237,362.2629977139343,1.0102086592922306,edge,192.66915459649772,0.537278302173142,losing,358.60215053763443
pool194usk2h8vcq6yw89xs5asrvw22g08kcfy72xyfrnnkg6qrhtlfw,1923660.029442,100.0,100.0,0.0,340.0,170.0,True,True,887.5969056288624,340.0284664076421,0.9482053186180124,losing,170.03730372803125,0.47416699390425504,losing,358.60215053763443
pool195gdnmj6smzuakm4etxsxw3fgh8asqc4awtcskpyfnkpcvh2v8t,61113126.686005,1000.0,1000.0,0.01,340.0,340.0,False,False,28198.34308969901,619.0347211705266,1.7262437501906738,edge,619.0347211705266,1.7262437501906738,edge,358.60215053763443
pool196fz9gd7n0jnn2rwpcqqdyf9j5q3na6qwhhy0k6j9ysx5f3u7r4,22.424605,5.0,5.0,0.02,340.0,340.0,False,False,0.010346943708775242,0.010346943708775242,2.8853546174395725e-05,losing,0.010346943708775242,2.8853546174395725e-05,losing,358.60215053763443
pool196tul7axlt0qzqvs7rx4glfdkpsjlsh68tdkl7y87q3uztcvd5k,5.879394,5.0,5.0,0.015,340.0,340.0,False,False,0.0027128129108499256,0.0027128129108499256,7.564965538502041e-06,losing,0.0027128129108499256,7.564965538502041e-06,losing,358.60215053763443
pool197dm2qehf9qzzd5ccgg7t5u4h9j5zj56asvjguptefpkgxhd5al,19640.603255,5199.0,5199.0,0.0,340.0,340.0,False,False,9.062520805444676,9.062520805444676,0.025271797148616337,losing,9.062520805444676,0.025271797148616337,losing,358.60215053763443
pool197e83k4u53l6txk8yr83007efgavngua8wnwp00w3xrqw3pmr4x,66929.086033,0.0,0.0,0.0,340.0,170.0,True,True,30.881769130643196,30.881769130643196,0.0861170773358266,losing,30.881769130643196,0.0861170773358266,losing,358.60215053763443
pool1980svf2cxnfy66s5jgjv7y22xud75z9kfe6n0c3y54s62w56435,15810484.413757,25000.0,25000.0,0.0,340.0,340.0,False,False,7295.878990002259,350.9988391373224,0.9787973625118735,losing,350.9988391373224,0.9787973625118735,losing,358.60215053763443
pool199a44nvtjr0c5xlanz4p5c0nywu8l6k5hz3t2he0hq7wvljnsrt,5136118.186752,25000.0,25000.0,0.01,340.0,200.0,True,True,2370.1034684076144,370.0837264010794,1.0320175878650788,edge,232.15836040949017,0.6473981264792379,losing,358.60215053763443
pool19a88drt8dx3wu29e85vcl96wjsjt9vlnlj5tr4ydjqq86sfa84w,1843937.385385,1200000.308687,1200000.308687,0.02,340.0,340.0,False,False,852.3677328854698,677.01799971708,1.8879362510851105,edge,677.01799971708,1.8879362510851105,edge,358.60215053763443
pool19ae6xhzsscypyha0sszv90xwjsh20hxecxjpcqynshfawvwxqnn,6828292.926051,1000000.0,1000000.0,0.018,340.0,340.0,False,False,3162.028892090842,796.6420808800955,2.2215206453328,comfortable,796.6420808800955,2.2215206453328,comfortable,358.60215053763443
pool19asxjgd6ah9ddzauwede4wpt9vsp6s4ax5nz297wt47evc9sn7z,62643603.504483,7890000.0,7890000.0,0.0215,500.0,500.0,False,False,29838.794463915354,4746.5754666851935,13.23632738835751,strong,4746.5754666851935,13.23632738835751,strong,358.60215053763443
pool19at4pzt6ghethuls7ehr0v5x65cg7mj0zun79eenefa074yfcz8,219079.131939,75000.0,75000.0,0.0,340.0,170.0,True,True,101.10616823306265,101.10616823306265,0.28194523675186883,losing,101.10616823306265,0.28194523675186883,losing,358.60215053763443
pool19aw7zl62a72fy0vz2g8tj7raxzqhw2775ynymyvaeayvk8xf9er,1983084.319844,100.0,100.0,0.01,340.0,170.0,True,True,915.0158962373266,345.7788650406564,0.9642409130069278,losing,177.48735182048296,0.49494224045891794,losing,358.60215053763443
pool19clgr0yxjs8pqmlsmfzu6hg5muy5ws2rze5hlesg0v7tvyhcgxh,26015.395175,25000.0,25000.0,0.01,340.0,340.0,False,False,12.003820308417295,12.003820308417295,0.03347392169963443,losing,12.003820308417295,0.03347392169963443,losing,358.60215053763443
pool19ddv2pe786q8zqjzvw50u60y2aau7wl76sg3pnkc4j92wcx2kp2,369559.504042,1000.0,1000.0,0.01,340.0,340.0,False,False,170.51926706070594,170.51926706070594,0.4755109995995698,losing,170.51926706070594,0.4755109995995698,losing,358.60215053763443
pool19dn4vmk5ayatdjshpnyvxy6w4fef0zfl585sfpls6l2wvn0xxjn,38713.036201,10000.0,10000.0,0.015,340.0,340.0,False,False,17.863145308661217,17.863145308661217,0.0498132687767764,losing,17.863145308661217,0.0498132687767764,losing,358.60215053763443
pool19ejln2jcpg5dphc8m5nh8sya49sycsqj0v2cjxw6nku966cc8nu,21305755.942601,50000.0,50000.0,0.05,340.0,340.0,False,False,9832.739180208924,835.8004939854403,2.3307180192097734,comfortable,835.8004939854403,2.3307180192097734,comfortable,358.60215053763443
pool19f6742plmyxw4w4tzhew003q67cf2w7c66v28mtk6f7fxf80ak7,516.461389,2.0,2.0,0.03,340.0,340.0,False,False,0.23830060228947805,0.23830060228947805,0.0006645264171790542,losing,0.23830060228947805,0.0006645264171790542,losing,358.60215053763443
pool19f6guwy97mmnxg9dz65rxyj8hq07qxud886hamyu4fgfz7dj9gl,48142147.396817,45000.0,45000.0,0.015,340.0,340.0,False,False,22217.444831907345,688.3044744641819,1.9194097788656346,edge,688.3044744641819,1.9194097788656346,edge,358.60215053763443
pool19frt3kaxxk4vr4x3wnaapntu0ul0dsesu77wfqaawc5h5ffgfgt,1147811.933116,750000.0,750000.0,0.0499,340.0,340.0,False,False,530.2029182273457,467.57130979040693,1.3038720183060821,edge,467.57130979040693,1.3038720183060821,edge,358.60215053763443
pool19gz6ffzagyh9daymscvyc64maq2xf4s05w5upthferlnwd7vgr8,10137.954961,5550.0,5550.0,0.02,340.0,340.0,False,False,4.677805707705706,4.677805707705706,0.01304455564667558,losing,4.677805707705706,0.01304455564667558,losing,358.60215053763443
pool19gzu2dyp0g9e0nsvtg34fdhrtgr8c5jq37nscalqkh3hsjmas69,390965.955632,15000.0,15000.0,0.0,340.0,340.0,False,False,180.40655725207387,180.40655725207387,0.5030827533566078,losing,180.40655725207387,0.5030827533566078,losing,358.60215053763443
pool19hrn8me383w9atvmjwukjxqsdvr8udpmyxau956hdc53x669j8p,71023597.70032,1000.0,1000.0,1.0,340.0,340.0,False,False,32771.15546267839,32771.15546267839,91.38583082545998,strong,32771.15546267839,91.38583082545998,strong,358.60215053763443
pool19ht066hngsjfnv3mfsc8u9fgzl4w5qcrmh8l6zppwph6s2t7jn4,8610453.020951,1000000.0,1000000.0,0.02,340.0,170.0,True,True,3987.8087904048616,828.1320795495628,2.3093338350257673,comfortable,680.880655007164,1.898707673633171,edge,358.60215053763443
pool19jyw8flky7da5y20jtdme4utwd8sa0l5pletmnny06w9xx05eqc,958.505657,2.0,2.0,0.06,345.0,345.0,False,False,0.44226437876921393,0.44226437876921393,0.0012333009662829652,losing,0.44226437876921393,0.0012333009662829652,losing,358.60215053763443
pool19k4azhj8tye5wwy5pfj7q6m938m8fg5nglds5dkhtfwnvcg3s0k,569031.689515,36000.0,36000.0,0.0,340.0,170.0,True,True,262.59397940576656,262.59397940576656,0.7322710670085844,losing,175.8579923052242,0.4903985992319595,losing,358.60215053763443
pool19l206haluae6wyzm7tjpt3gln9paa5m9s4fedec2u09fqz300ht,64997327.249755,0.0,0.0,1.0,340.0,340.0,False,False,29990.435746367635,29990.435746367635,83.6314999823745,strong,29990.435746367635,83.6314999823745,strong,358.60215053763443
pool19l2vz7pdk09k49lezr9zcmc4j98zc30htuw2rnqk3cceckuce96,1257.550057,1000.0,1000.0,0.01,340.0,340.0,False,False,0.5802470340682979,0.5802470340682979,0.0016180801849580721,losing,0.5802470340682979,0.0016180801849580721,losing,358.60215053763443
pool19l88dk44c38a6w724zrzvj55q9xqh9zjfhq6g45dc8csurs0gxe,61170.611646,50000.0,50000.0,0.03,340.0,340.0,False,False,28.22582736416437,28.22582736416437,0.07871070299452133,losing,28.22582736416437,0.07871070299452133,losing,358.60215053763443
pool19lz8nyz0jjpdrdtnjaar4untk4th23gpg5s7aegn7480zff4vgq,49544729.540557,100000.0,100000.0,0.025,340.0,340.0,False,False,22869.964668566452,947.5862556097737,2.6424444309358006,comfortable,947.5862556097737,2.6424444309358006,comfortable,358.60215053763443
pool19m3xzv58uymw76tg4th6q5fwkg9zktc8alvyysr37u04yw86axc,2015.433009,2000.0,2000.0,0.015,340.0,340.0,False,False,0.9299415927550414,0.9299415927550414,0.002593240423574778,losing,0.9299415927550414,0.002593240423574778,losing,358.60215053763443
pool19n2rjlddd0afs02cgd86mehptwaajv5kndtfcuqzdmgzq06lq0n,3184.517673,100.0,100.0,0.05,340.0,340.0,False,False,1.4693698222670986,1.4693698222670986,0.004097493057596407,losing,1.4693698222670986,0.004097493057596407,losing,358.60215053763443
pool19n5ml38q5uedy8kgwwwtlsa3p9tmfcef0lfjp42k7j9d5mpgs2m,764021.385787,4.0,4.0,0.0,340.0,340.0,False,False,352.5273365938755,340.00006558631384,0.9481261199258526,losing,340.00006558631384,0.9481261199258526,losing,358.60215053763443
pool19nfs9chtv37vfawvpyf0x2shfhns9hpwy3qfckvpm4dmq0nrl8m,1181.12044,1000.0,1000.0,0.0,340.0,340.0,False,False,0.5449814752694427,0.5449814752694427,0.001519738446778356,losing,0.5449814752694427,0.001519738446778356,losing,358.60215053763443
pool19nhmxfd2tts089nx742g8jtc2ynwstkhp2594y0wwp6d5we25f6,735158.949983,1000.0,1000.0,0.023,340.0,340.0,False,False,339.2113168672775,339.2113168672775,0.945926610754327,losing,339.2113168672775,0.945926610754327,losing,358.60215053763443
pool19nu8lt0vwycv0eqezpyjquawfklxtjjx9s0ac0f22mgp2ggpsvy,9490.211581,2.0,2.0,0.06,340.0,340.0,False,False,4.378881333326295,4.378881333326295,0.01221097343326373,losing,4.378881333326295,0.01221097343326373,losing,358.60215053763443
pool19nw9emug78q4uxwr8lv0glvmmzwr6lhylgy4ztaagjsjvyqjylw,4203006.976658,25000.0,25000.0,0.0,340.0,340.0,False,False,1939.511500710418,349.51409020728215,0.9746569831867238,losing,349.51409020728215,0.9746569831867238,losing,358.60215053763443
pool19pyfv4xnln8x4l7auw0n0skk3hd97shun707hrw5d4s553ys74x,11373725.418322,250000.0,250000.0,0.01,340.0,170.0,True,True,5253.317912386365,496.050318283623,1.3832887436394885,edge,331.4496338950427,0.9242823373984699,losing,358.60215053763443
pool19q034g07ka2ltwc3wwjeu79w29nlafc0w2ppne5ppu5wud60rgq,2693175.408749,50000.0,50000.0,0.01,340.0,170.0,True,True,1242.9130418209786,365.6244830361439,1.019582516412635,edge,200.4490474342381,0.5589733556636924,losing,358.60215053763443
pool19r33az023gn3n8p2x35hq00j2dxc8vwln0nanpcfuvc8759cvkz,30648.988302,25000.0,25000.0,0.0499,340.0,340.0,False,False,14.142030588692617,14.142030588692617,0.039436547068917936,losing,14.142030588692617,0.039436547068917936,losing,358.60215053763443
pool19r8kcmqpajlm6h5q0lv8jye0q7evdur39wfsgs4z98fcqpz9lct,21415915.517814,1000000.0,1000000.0,0.04,340.0,340.0,False,False,9921.33493588669,1152.7508677070587,3.2145676370841514,comfortable,1152.7508677070587,3.2145676370841514,comfortable,358.60215053763443
pool19rjjay24ez2ezgqkyqvna6uwc5ur9lt489gwvrv7ve5exlcld3x,1358918.633621,24000.0,24000.0,0.0,340.0,340.0,False,False,627.0806418646858,345.07016037184906,0.9622646151298939,losing,345.07016037184906,0.9622646151298939,losing,358.60215053763443
pool19rs2895l5ghjn4d38c9qpqn2d44amqx7cqd3easdav5m786w6ng,2150.567596,1000.0,1000.0,0.005,340.0,340.0,False,False,0.9922962339225034,0.9922962339225034,0.002767122931178195,losing,0.9922962339225034,0.002767122931178195,losing,358.60215053763443
pool19ru9alj7n5anmzs0f9gpzlj8kaq44yhcp45mldjvldxck8f6yg6,20706473.26547,100.0,100.0,0.0,340.0,340.0,False,False,9554.183855766958,340.04449904982675,0.9482500273353489,losing,340.04449904982675,0.9482500273353489,losing,358.60215053763443
pool19rz6ve8nz6uvq97yspwh3fvt7w03dsjsnmft6du83hvtc324dus,2213890.151656,50000.0,50000.0,0.05,340.0,340.0,False,False,1021.7197998826239,388.71259216326,1.083966149060965,edge,388.71259216326,1.083966149060965,edge,358.60215053763443
pool19sydze39a8dccylczqe2m4nnslpreytxlj5fu400nqxkg8wvgx8,17.639298,2.0,2.0,0.06,345.0,345.0,False,False,0.008138953701200349,0.008138953701200349,2.269633266001896e-05,losing,0.008138953701200349,2.269633266001896e-05,losing,358.60215053763443
pool19t833uyjq92aajf5f7qd9w3jcnyq78p4hsx0fn63aejfjtyn99j,3099.07706,1000.0,1000.0,0.02,340.0,340.0,False,False,1.429950085752777,1.429950085752777,0.003987566955772361,losing,1.429950085752777,0.003987566955772361,losing,358.60215053763443
pool19u2lzwnmkz3gqqmx9sahhys8nqvwzkl8dqu7m474m0zsj3acjfj,532.61831,510.0,510.0,0.0,340.0,340.0,False,False,0.2457555921232392,0.2457555921232392,0.0006853154443016865,losing,0.2457555921232392,0.0006853154443016865,losing,358.60215053763443
pool19u3glj3t9c0nsyzgrd6zdhnj0ed5dk67wmv3fs6nc0702xzh94y,68.972661,50.0,50.0,0.01,340.0,340.0,False,False,0.03182469747620278,0.03182469747620278,8.874653269225961e-05,losing,0.03182469747620278,8.874653269225961e-05,losing,358.60215053763443
pool19ut4284xy9p82dd0cglzxweddfqw73yennkjk6mmp650chnr6lz,186252.705633,100000.0,100000.0,0.019,340.0,170.0,True,True,85.95554284744733,85.95554284744733,0.23969611648613498,losing,85.95554284744733,0.23969611648613498,losing,358.60215053763443
pool19uynx6nxcdksmaqdcshjg487fap3rs3axyhrdqa7gdqgzgxss4y,17990570.029356,50000.0,50000.0,0.05,340.0,340.0,False,False,8302.759467862506,759.1618250057364,2.117002990270869,comfortable,759.1618250057364,2.117002990270869,comfortable,358.60215053763443
pool19v4jgpxxl72eaq8pefctatvts3gkhtyzd8nwvzskkm3mkdv2tpy,100745.113861,1000.0,1000.0,0.02,340.0,170.0,True,True,46.48502411917146,46.48502411917146,0.1296284030909429,losing,46.48502411917146,0.1296284030909429,losing,358.60215053763443
pool19w5khsnmu27au0kprw0kjm8jr7knneysj7lfkqvnu66hyz0jxsx,70720855.000995,1300000.0,1300000.0,0.01,340.0,340.0,False,False,32807.97571929466,1255.5420247679685,3.5012116432809917,comfortable,1255.5420247679685,3.5012116432809917,comfortable,358.60215053763443
pool19xhza3f7nye6j5p6stsnkpvadejztnqvck0ge3l2uy9gvsvy05f,174.968922,0.0,0.0,0.01,340.0,340.0,False,False,0.08073246139320274,0.08073246139320274,0.00022513100178614255,losing,0.08073246139320274,0.00022513100178614255,losing,358.60215053763443
pool19xyfanyp28j6j07dxgwdjp0wur6seqmyyu64qgzstzl7s47pvpj,554613.530573,5000.0,5000.0,0.01,340.0,170.0,True,True,255.9096732767606,255.9096732767606,0.7136311728557342,losing,171.6258520664873,0.478596828851074,losing,358.60215053763443
pool19ygh8apuc2qz0u9kr4wj9qj33xhw70n7z286xll0g6ltgccuq42,1920176.802529,10000.0,10000.0,0.015,340.0,340.0,False,False,886.0260580656206,350.99136037799155,0.9787765072009958,losing,350.99136037799155,0.9787765072009958,losing,358.60215053763443
pool19z9ac79g48kekg2xghx3afj6qp5skr9ar590w0huhc8nxn9s5j9,995193.791985,500.0,500.0,0.2,340.0,340.0,False,False,459.1936140810725,363.88663051621864,1.0147363309747626,edge,363.88663051621864,1.0147363309747626,edge,358.60215053763443
pool1a23gmvalpdams9d42t7fur8vmknzjv7wd3nsvuvrc7dv66lnau0,60963182.835472,350000.0,350000.0,0.025,340.0,340.0,False,False,28170.01397241948,1191.5327711981158,3.32271507410569,comfortable,1191.5327711981158,3.32271507410569,comfortable,358.60215053763443
pool1a26gnntcj3j5v7ng599qncn7uuav2sp560xwlkvp3pqlj822jtl,1222.471073,1000.0,1000.0,0.05,340.0,340.0,False,False,0.5640611623942832,0.5640611623942832,0.0015729441709945527,losing,0.5640611623942832,0.0015729441709945527,losing,358.60215053763443
pool1a2gt2mvuf5zvtqlvw2xgks2efze3p4r985ft62q64lua7gx7lal,2235731.205563,10000.0,10000.0,0.0199,340.0,170.0,True,True,1031.6321731416215,356.7954578428672,0.9949618464583703,losing,190.92370396004546,0.5324109285842347,losing,358.60215053763443
pool1a2nh3ktswllhwf07fjahpdg5mpqyq7j950pyftq9765r6t4cefl,47437323.741024,25000.0,25000.0,0.009,340.0,170.0,True,True,21890.348363700065,545.2081943408284,1.520370676872475,edge,376.8269799144623,1.050821863029835,edge,358.60215053763443
pool1a3ekt9me035qgju0en2w39vjns9ggtewnc9fugsmpgczvgtl6u9,17012033.061857,168.0,168.0,0.01,340.0,340.0,False,False,7849.532635906282,415.1687441253852,1.1577419251472512,edge,415.1687441253852,1.1577419251472512,edge,358.60215053763443
pool1a3kdettzvvlqvkl9m9hwe63ggeq5fgvz0twqew5c62dzx99vsed,13348623.769891,25000.0,25000.0,0.01,340.0,340.0,False,False,6159.832817401076,408.98901826414374,1.1405091064037591,edge,408.98901826414374,1.1405091064037591,edge,358.60215053763443
pool1a40qpxlsqwjk4a9yk636dcawly4dcrd6l26tghjxlr37cmlrwv4,197.125746,100.0,100.0,0.15,345.0,345.0,False,False,0.09095586669282955,0.09095586669282955,0.00025364004804896993,losing,0.09095586669282955,0.00025364004804896993,losing,358.60215053763443
pool1a44j6jas4sjhh3qc96r8rmhsdjxjuntuzxr3440jzwjjcysl9ca,387568.224853,20000.0,20000.0,0.05,340.0,340.0,False,False,178.8421013302493,178.8421013302493,0.4987201026600655,losing,178.8421013302493,0.4987201026600655,losing,358.60215053763443
pool1a44zldps27avv82mamm2lj33mrrkqdzt39nyrgn5dkk3jtm0wrp,960796.202592,3000.0,3000.0,0.01,340.0,340.0,False,False,443.32677931237237,341.35267011146124,0.9518980006106714,losing,341.35267011146124,0.9518980006106714,losing,358.60215053763443
pool1a4qtpgce7cu6wzc79fx7qrc3938hkl2gf8c2h5jugvm2gnu86l7,65595870.995492,8440000.0,8440000.0,0.0215,500.0,500.0,False,False,31318.477785781863,5042.652947704762,14.06197073872692,strong,5042.652947704762,14.06197073872692,strong,358.60215053763443
pool1a58fg4u3mcr2zwyqlc4dqd6mnwqjmcussmpmcml9lrmszwedmfy,4988.631386,100.0,100.0,0.0075,340.0,340.0,False,False,2.3018068041596695,2.3018068041596695,0.0064188315678215665,losing,2.3018068041596695,0.0064188315678215665,losing,358.60215053763443
pool1a5jd3x2udlvpm9mt4gpau4jlags6qtth6jdsguryh2zy27f5ttj,1560190.424789,20000.0,20000.0,0.02,340.0,340.0,False,False,719.9471413493618,352.3720550395267,0.9826267202001793,losing,352.3720550395267,0.9826267202001793,losing,358.60215053763443
pool1a600v0jd2z3yajazd80phln3exekumm7g56d9yvlrh6vx8dx2fc,15838043.194606,50000.0,50000.0,0.05,340.0,340.0,False,False,7309.354430066255,709.3695672275934,1.978152016556707,edge,709.3695672275934,1.978152016556707,edge,358.60215053763443
pool1a6v2wt0m8wjra80zuw00sfdxn4w52cna96gcaglzvred6gnsusx,56443645.483406,100000.0,100000.0,0.085,340.0,340.0,False,False,26054.523307301075,2567.4199332643543,7.159521852881108,strong,2567.4199332643543,7.159521852881108,strong,358.60215053763443
pool1a6ysvnx24xsjh2f6ehgmx7yu9q45fd7lsk88v2swxkek7pkxtgp,11338165.476009,15000.0,15000.0,0.02,340.0,340.0,False,False,5231.872759645127,444.17979776313075,1.2386423146018337,edge,444.17979776313075,1.2386423146018337,edge,358.60215053763443
pool1a7gj89pcxm7h63le3hjkneappj3m5kuqeg4t8fa5rn5d6z2nhkx,8654878.513612,100.0,100.0,0.03,340.0,340.0,False,False,3993.45168576043,449.6444968221405,1.2538812055310065,edge,449.6444968221405,1.2538812055310065,edge,358.60215053763443
pool1a9cerx2tpjjp0acla2zs8zwggjlp0phqqauxzkkm5vk963608aw,1226820.073242,5000.0,5000.0,0.25,340.0,340.0,False,False,566.079150806227,397.21083998706666,1.1076644113582368,edge,397.21083998706666,1.1076644113582368,edge,358.60215053763443
pool1a9fmzl8m8ql8kk5s8cgxf0ny4c06v2540977gps5mjunwvk5zc0,132.502367,100.0,100.0,0.15,345.0,345.0,False,False,0.06113796209689028,0.06113796209689028,0.00017048966941561605,losing,0.06113796209689028,0.00017048966941561605,losing,358.60215053763443
pool1a9j9dtdppvfq94w84ns59fnrptz3cj2mkwpmku57e2yf5k6a4ae,3.622402,1.0,1.0,0.05,345.0,345.0,False,False,0.0016714135696484019,0.0016714135696484019,4.6609134026177325e-06,losing,0.0016714135696484019,4.6609134026177325e-06,losing,358.60215053763443
pool1a9u5zphfgqlgl0s9nvdzw2863a5xeahfq4jl0wj59vku5kv9ykm,5062.420937,0.0,0.0,0.01,340.0,340.0,False,False,2.335853122833401,2.335853122833401,0.006513773326042167,losing,2.335853122833401,0.006513773326042167,losing,358.60215053763443
pool1a9xyvnnfjnujzy0n2mpf4rztdwrssraw5p5f06mqlgn4s06z0nw,273136.289889,15000.0,15000.0,0.0,340.0,170.0,True,True,126.03533902113611,126.03533902113611,0.35146286443675134,losing,126.03533902113611,0.35146286443675134,losing,358.60215053763443
pool1aasrxs9vpr97rjlqqwpp5gnju9tp9dgtsmqqvmsy8hryuuepvra,500.41233,1.0,1.0,0.0,340.0,340.0,False,False,0.2308954002720319,0.2308954002720319,0.0006438762286446467,losing,0.2308954002720319,0.0006438762286446467,losing,358.60215053763443
pool1aavk93lvhqfhskga397sadl0w30tul9sp587gh7r8mt625zxze8,29681.99908,2000.0,2000.0,0.01,340.0,340.0,False,False,13.69568627630031,13.69568627630031,0.03819186877648962,losing,13.69568627630031,0.03819186877648962,losing,358.60215053763443
pool1aawkmkg7vg0x0vxaqh4gr0lwp4fekwsqrjduylx0et3tuz9hfn4,172053.263211,2500.0,2500.0,0.02,345.0,170.0,True,True,79.38796115589913,79.38796115589913,0.2213817207645763,losing,79.38796115589913,0.2213817207645763,losing,358.60215053763443
pool1adryduxm4puhn67tuxys7rhvdleee6gw5pc9ufnwwzp8k2wjc2z,9306.84591,5000.0,5000.0,0.03,340.0,340.0,False,False,4.294315884244349,4.294315884244349,0.011975153740171647,losing,4.294315884244349,0.011975153740171647,losing,358.60215053763443
pool1af03lvsktpekmnnw333629hfuhtytcgyh8hmlweet4lxs6p56fq,70682667.733674,10.0,10.0,1.0,340.0,340.0,False,False,32613.711717772705,32613.711717772705,90.94678230143512,strong,32613.711717772705,90.94678230143512,strong,358.60215053763443
pool1af7dmzgcyp9kc5lyrtrtpsce58l6j5cjvc8wavkwmzlr53ym50v,2257094.637405,250000.0,250000.0,0.01,340.0,200.0,True,True,1042.4148739458458,424.04691881766433,1.182499653674446,edge,300.7985125992336,0.8388084459288973,losing,358.60215053763443
pool1afv4cmmjdkujtd5r9t63090a3frwwqy8f3e46gz003vyzjcj63r,2511512.798296,150000.0,150000.0,0.02,340.0,340.0,False,False,1159.5201890463811,404.357297627359,1.1275930638484073,edge,404.357297627359,1.1275930638484073,edge,358.60215053763443
pool1ag6ae29hrcjhcjaqp56hwhwj9geszjerwqrkjz6xndmcq3u9k80,1967.312227,1900.0,1900.0,0.045,345.0,345.0,False,False,0.907738355142096,0.907738355142096,0.0025313243486721117,losing,0.907738355142096,0.0025313243486721117,losing,358.60215053763443
pool1agk62kg0s9606v78exurl53mqsdu44d6qeuzypur5e7ku6gpgzp,6023.18435,1000.0,1000.0,0.0,340.0,340.0,False,False,2.7791689045472747,2.7791689045472747,0.007750006240566613,losing,2.7791689045472747,0.007750006240566613,losing,358.60215053763443
pool1ah5jv4mrq0z7g4wuhjjnc24kfwqekwcap0wqmsr57thfg8mpr4n,1544.341958,500.0,500.0,0.02,345.0,345.0,False,False,0.7125762774361779,0.7125762774361779,0.0019870942669134796,losing,0.7125762774361779,0.0019870942669134796,losing,358.60215053763443
pool1ah9fqr5pwdtjtw82nkkcskak4vtc2xjz70mkyselzvalgzd3jlt,1203277.288931,5000.0,5000.0,0.03,340.0,340.0,False,False,555.2160415595687,347.32394364399664,0.9685495280027492,losing,347.32394364399664,0.9685495280027492,losing,358.60215053763443
pool1ahazpr2yz5gljk2m4q8g7wnmq7m2sr9unhdfmr5arhqrjnntwdz,72374073.497219,250000.0,250000.0,0.0,340.0,340.0,False,False,33265.3750026702,453.7333212422242,1.2652833246035036,edge,453.7333212422242,1.2652833246035036,edge,358.60215053763443
pool1aj697twgk5kt7c6kjtkpwejqqhljvf3hzsmsamswzy42v24cw5h,37932.825619,15436.5,15436.5,0.05,340.0,340.0,False,False,17.50326383250839,17.50326383250839,0.04880970124207737,losing,17.50326383250839,0.04880970124207737,losing,358.60215053763443
pool1ajjz83zx620n7fyr0gvfaz0k0udc6x09rdnkqrgaxu9qwcz97qe,205.61853,100.0,100.0,0.01,345.0,345.0,False,False,0.09487452627059505,0.09487452627059505,0.0002645676444727238,losing,0.09487452627059505,0.0002645676444727238,losing,358.60215053763443
pool1ajpxqyq3p3aczgaxuc66lwtgzhrapzu6duk90dz0wz5twh9jzyw,6.135954,0.0,0.0,1.0,340.0,340.0,False,False,0.0028311923269177365,0.0028311923269177365,7.895079052574198e-06,losing,0.0028311923269177365,7.895079052574198e-06,losing,358.60215053763443
pool1ak3vhtv7alve9wfj5kx5xswrtfvy5a23txuupgy6nqpduq350w5,2032021.601471,10.0,10.0,0.03,340.0,340.0,False,False,937.5957195667107,357.9307242527779,0.9981276568368319,losing,357.9307242527779,0.9981276568368319,losing,358.60215053763443
pool1akt37u42nfegyf3atv6c3c64da7dwa9grt9kjxa8zwj9qr4y8u2,9951.043764,20.0,20.0,0.02,340.0,170.0,True,True,4.591514390731626,4.591514390731626,0.012803923188546961,losing,4.591514390731626,0.012803923188546961,losing,358.60215053763443
pool1al5vg7cqtfs5mqgd5uyyx09z9hvsxqnh26lr42t920y5qnvq7aq,30682.798462,10000.0,10000.0,0.15,345.0,345.0,False,False,14.157756605254352,14.157756605254352,0.03948040072829549,losing,14.157756605254352,0.03948040072829549,losing,358.60215053763443
pool1al783um2muyhrpcj779y46z0qtnd0nteu0y5jt7252nl26dt0h0,102450.507525,10000.0,10000.0,0.005,340.0,340.0,False,False,47.27349577445935,47.27349577445935,0.1318271396409211,losing,47.27349577445935,0.1318271396409211,losing,358.60215053763443
pool1alukhlxd53jat03vgt5h4dxxqyaapzefhk9yrl40e4r3x5cr5au,3.991496,0.0,0.0,0.075,340.0,340.0,False,False,0.001841717334928332,0.001841717334928332,5.135823452723684e-06,losing,0.001841717334928332,5.135823452723684e-06,losing,358.60215053763443
pool1am69d5jfzgjepwhseryw59j0lspn0c0307shw3v2cvfq77gvnrh,102.232264,100.0,100.0,0.01,340.0,340.0,False,False,0.04717101921445056,0.04717101921445056,0.00013154137292185612,losing,0.04717101921445056,0.00013154137292185612,losing,358.60215053763443
pool1ap0mx7frdu2mhk6f8rp3psy6wkd8t560dgh0cwnlxxfswtqjg9v,244.646977,100.0,100.0,0.0,340.0,340.0,False,False,0.11288266089898816,0.11288266089898816,0.0003147852312925307,losing,0.11288266089898816,0.0003147852312925307,losing,358.60215053763443
pool1ap29p59japhsunqkknkrdm4wh4f8krrvhft66zhns43evawjd03,5420.302849,0.0,0.0,0.02,340.0,340.0,False,False,2.5009835203554567,2.5009835203554567,0.0069742568933450514,losing,2.5009835203554567,0.0069742568933450514,losing,358.60215053763443
pool1ap4k28jflxcyekms0rjp39ruuydrvwrek2ca267w8mwyvknpx87,124497.61831,100000.0,100000.0,0.015,340.0,340.0,False,False,57.449224108469316,57.449224108469316,0.1602032336458065,losing,57.449224108469316,0.1602032336458065,losing,358.60215053763443
pool1ap5sw2p7erpvegveucua66gy50cadjvq72apar0hvzrdv8s27nl,3857.047153,0.0,0.0,0.0,340.0,340.0,False,False,1.7796812531732638,1.7796812531732638,0.004962829281712549,losing,1.7796812531732638,0.004962829281712549,losing,358.60215053763443
pool1aq2kqdp9xf9w47vttvmqnahwd4scz2qyddsr9l4mfru4qddg3kr,3332550.763168,400000.0,400000.0,0.99,340.0,340.0,False,False,1539.9420061641506,1529.382854643263,4.264845741583912,comfortable,1529.382854643263,4.264845741583912,comfortable,358.60215053763443
pool1aqg6fvhcaulvss2ruvpx6ur9vj7pejvdcxv6xp0qlwuwx94evf0,23575676.216632,25000.0,25000.0,0.02,340.0,340.0,False,False,10879.191656034058,561.7362313976254,1.566460855171789,edge,561.7362313976254,1.566460855171789,edge,358.60215053763443
pool1aqr4843pgkyaq6p2557vgnxsxwnj5s5em2xusf5k4ya4uzk3w5l,50029.978671,5000.0,5000.0,0.01,340.0,340.0,False,False,23.08477984148391,23.08477984148391,0.06437434858344838,losing,23.08477984148391,0.06437434858344838,losing,358.60215053763443
pool1aqt8ycgfpavswxxs7m7n8rz4atqlanpcmf73gq50rmr8um7nde8,4061952.844046,50000.0,50000.0,0.05,340.0,340.0,False,False,1874.6126693909166,434.67621398087954,1.2121405667232923,edge,434.67621398087954,1.2121405667232923,edge,358.60215053763443
pool1ar6nsa2uzng70uf8fdrttu5jhgxzgu2f4za8h845zr435nfcruw,23186488.917099,25000.0,25000.0,0.0,340.0,170.0,True,True,10699.59792348015,351.1698648731594,0.979274285853188,losing,181.353161275439,0.5057224587291103,losing,358.60215053763443
pool1ara3azv0r57eugvm0p9qspun6eg482lem59txknf3nwwu6h9ptg,14605369.118315,2500.0,2500.0,0.04,340.0,340.0,False,False,6739.137799388436,597.0170383419114,1.6648451144167244,edge,597.0170383419114,1.6648451144167244,edge,358.60215053763443
pool1arsqn9w87wpqlm0sre66gs79dcs0jmwulytgke3vut7u62lttu7,2881801.127921,50000.0,50000.0,0.0,340.0,170.0,True,True,1329.9650295864035,357.1761510535008,0.9960234497144099,losing,190.12569532206462,0.5301855971499853,losing,358.60215053763443
pool1arx4x8ecnxu46xrpfj88hwm25j9gcy8080szvf62a0avke556v5,128485.08358,3500.0,3500.0,0.0,340.0,340.0,False,False,59.28518075454479,59.28518075454479,0.16532299280877558,losing,59.28518075454479,0.16532299280877558,losing,358.60215053763443
pool1asfgkqtmjuusclgx72xpzvpw336gkulchtstsx9lsj9uqzjckv0,19227197.962143,4.0,4.0,0.03,340.0,340.0,False,False,8871.62717412165,595.9505368844708,1.6618710623764852,edge,595.9505368844708,1.6618710623764852,edge,358.60215053763443
pool1ast5kjj9zer9sp02f5w44nyqsc54589l2glyp5fhsg3awqs5axk,67906.613271,10000.0,10000.0,0.0,340.0,340.0,False,False,31.333923410516814,31.333923410516814,0.08737795733667357,losing,31.333923410516814,0.08737795733667357,losing,358.60215053763443
pool1aua33jlfntjm7a3xc5d63jmxuycwlwkv7xx0mu04zfjeyc4up7c,511.697133,500.0,500.0,0.02,345.0,345.0,False,False,0.2361023348041063,0.2361023348041063,0.0006583963159454839,losing,0.2361023348041063,0.0006583963159454839,losing,358.60215053763443
pool1auwfzangu7s9uagapchhmac87jy3k87a3dxhp23vadtw5m5dswl,512.065971,100.0,100.0,0.017,340.0,340.0,False,False,0.2362725884085672,0.2362725884085672,0.000658871086116844,losing,0.2362725884085672,0.000658871086116844,losing,358.60215053763443
pool1awrupsqt49c7gsuw7edvwawjrg6pzg3u0m4mqcwhr5j65z4aezs,11311.39528,10000.0,10000.0,0.01,340.0,340.0,False,False,5.219219434540266,5.219219434540266,0.01455434504984242,losing,5.219219434540266,0.01455434504984242,losing,358.60215053763443
pool1ax8znp3yeeh0udrr2vvtm4wkxjldwv4mywycn573km7fu20y5xa,43903409.044056,50000.0,50000.0,0.05,340.0,340.0,False,False,20261.702048848245,1357.6388010713895,3.7859192953415057,comfortable,1357.6388010713895,3.7859192953415057,comfortable,358.60215053763443
pool1axdf4rwjfsd5agnl2na2t73emm2sae078nxeyf3mf4c6vhh0dwm,13102.218292,10000.0,10000.0,0.02,340.0,340.0,False,False,6.04555802800913,6.04555802800913,0.01685867755936579,losing,6.04555802800913,0.01685867755936579,losing,358.60215053763443
pool1axeed9wqmyvm8ttgdkpazx5dr0e6ezhucnzarpua0zpdg8ycqwl,150990.903879,100000.0,100000.0,0.03,340.0,340.0,False,False,69.67859784285645,69.67859784285645,0.19430613491411242,losing,69.67859784285645,0.19430613491411242,losing,358.60215053763443
pool1axgtae69sdv7tnqru3enjdln0hff9k7n8awlh9xxzq92cdgmq53,7.62,0.0,0.0,1.0,500.0,500.0,False,False,0.0035159464251383163,0.0035159464251383163,9.804588232019891e-06,losing,0.0035159464251383163,9.804588232019891e-06,losing,358.60215053763443
pool1axngzl8clfn6pnjaf4w5r0q4tgcwktv0zcuxnn32hl995pthddr,6672962.17886,100.0,100.0,0.9999,340.0,340.0,False,False,3078.974710070738,3078.700816704317,8.5852826372864,strong,3078.700816704317,8.5852826372864,strong,358.60215053763443
pool1axzm26vduyuxgw0x9ddh4vkvn7q5hyd558l0t9c08p556lf2zaj,53138923.864362,1000.0,1000.0,0.05,340.0,340.0,False,False,24518.948510492268,1549.379688721053,4.320609027018229,comfortable,1549.379688721053,4.320609027018229,comfortable,358.60215053763443
pool1ayfjmnrv5vg6tfducvysn360re6qfwuv2rhc4ph6jk33ztuxlhq,920740.912337,50000.0,50000.0,0.01,340.0,340.0,False,False,424.9230732526935,345.41478448351495,0.9632256358910611,losing,345.41478448351495,0.9632256358910611,losing,358.60215053763443
pool1aznnuv8rx07e6djpheq3kh05r7zwm0z672u8vd8tr3yxsnegkp4,1340.486162,500.0,500.0,0.0,340.0,340.0,False,False,0.6185149191675987,0.6185149191675987,0.0017247942273639183,losing,0.6185149191675987,0.0017247942273639183,losing,358.60215053763443
pool1c0t0xzlpu7nhprxhnlepnapek47waww3m54ek6gaufnpjrl5j0m,37755.849359,10000.0,10000.0,0.15,345.0,345.0,False,False,17.421471048611455,17.421471048611455,0.048581613418916494,losing,17.421471048611455,0.048581613418916494,losing,358.60215053763443
pool1c0xj2fa97zuz4phld87atg6yphz3hju409fm5xgnwuuvqww25qj,1833119.847262,25000.0,25000.0,0.01,340.0,340.0,False,False,845.9072751604051,351.88961636222615,0.9812813889561328,losing,351.88961636222615,0.9812813889561328,losing,358.60215053763443
pool1c2utlagkpht4zj0jetsf245c258geuxnjqp9kf4f2z9rutx9dz4,18505458.978236,25000.0,25000.0,0.02,340.0,170.0,True,True,8539.497529850269,514.8455413563371,1.4357012097792907,edge,348.47061007821526,0.9717471285539435,losing,358.60215053763443
pool1c2wa8326fulnkq42uerra78pue48pdwsqru2dhp5xrhsgzqmlsc,4707645.417024,0.0,0.0,0.0,340.0,340.0,False,False,2172.156046562245,340.0,0.9481259370314842,losing,340.0,0.9481259370314842,losing,358.60215053763443
pool1c2wf97p3j9gfvfjshj99ufxerpy3aznm8tzr2fd0ua465s26th4,2506579.597501,10000.0,10000.0,0.02,340.0,340.0,False,False,1156.6096152102243,359.52489930502696,1.0025731824697903,edge,359.52489930502696,1.0025731824697903,edge,358.60215053763443
pool1c38rf777lz0lweuz856xtetz2p2tfq04xfles089839tclt4dp3,62023.321381,10000.0,10000.0,0.019,340.0,340.0,False,False,28.61919888845479,28.61919888845479,0.07980766106825474,losing,28.61919888845479,0.07980766106825474,losing,358.60215053763443
pool1c39qg80pu8596huf5kh6cmfuxp8yzxz4kfqc4csfz7xdcwfwcnc,1.434673,0.0,0.0,0.075,340.0,340.0,False,False,0.0006619728878730268,0.0006619728878730268,1.8459813664825034e-06,losing,0.0006619728878730268,1.8459813664825034e-06,losing,358.60215053763443
pool1c3ecg6h4m73a2mftmdm9mz3gxklxmnzuwzl9e38lzd4y26qcm8a,25583754.403233,300000.0,300000.0,0.025,340.0,340.0,False,False,11819.247719165054,758.2238520874967,2.1143873536472917,comfortable,758.2238520874967,2.1143873536472917,comfortable,358.60215053763443
pool1c3kxs76qj58284f923cx7ed8vw25en3nfghyurv0z9m2g3x9c4j,11371586.310411,1000.0,1000.0,0.045,340.0,340.0,False,False,5246.988814809271,561.2265917066538,1.565039671026051,edge,561.2265917066538,1.565039671026051,edge,358.60215053763443
pool1c45udwv2kdjcth5fvnhlklsz2tutw8spl9tcwnfw7m8cxl8eanm,74597.368355,70000.0,70000.0,0.01,345.0,345.0,False,False,34.4206218037858,34.4206218037858,0.0959855420615316,losing,34.4206218037858,0.0959855420615316,losing,358.60215053763443
pool1c465ftax734tzx0kr36nudtmjy66zzwqgmct7ktpff46u8hrl0e,2007.224344,2000.0,2000.0,0.001,340.0,340.0,False,False,0.9261539986852231,0.9261539986852231,0.002582678317173186,losing,0.9261539986852231,0.002582678317173186,losing,358.60215053763443
pool1c4tqc60574fgcyqdy53vyv4dusjpj2zd9grm65avn6cz7equ0g6,3949.541197,1900.0,1900.0,0.0,340.0,340.0,False,False,1.8223664419548185,1.8223664419548185,0.005081861442332777,losing,1.8223664419548185,0.005081861442332777,losing,358.60215053763443
pool1c50yum9j2pj66p6qyjwxd6h6z8scvysxq2hlrnw22vgs5rq2547,11.845239,2.0,2.0,0.06,345.0,345.0,False,False,0.005465515223797897,0.005465515223797897,1.5241166890950656e-05,losing,0.005465515223797897,1.5241166890950656e-05,losing,358.60215053763443
pool1c55n72ag3tz8g7rntzuu9a86u7eugsy008xl3xsje8kwgvz2vdz,55840851.163582,30000.0,30000.0,0.035,340.0,340.0,False,False,25768.762851581185,1243.1899280193375,3.4667665159159933,comfortable,1243.1899280193375,3.4667665159159933,comfortable,358.60215053763443
pool1c6ezumxqayxzfwec8q8nz40zpf58n3sr22nstpxf2pg3gggx0ce,1501.2,1500.0,1500.0,0.0,340.0,340.0,False,False,0.6926691339195264,0.6926691339195264,0.0019315810930889343,losing,0.6926691339195264,0.0019315810930889343,losing,358.60215053763443
pool1c7jrfce3zxkk9s9enzpvwj8fuayvx3pdzc2k2es6mrw6gsfcjep,58821500.672195,1000.0,1000.0,0.02,340.0,340.0,False,False,27140.958856895617,876.4656965122841,2.4441172346519466,comfortable,876.4656965122841,2.4441172346519466,comfortable,358.60215053763443
pool1c86ul4pnqvu7jzag8fjdy6dgrn6pt4ad4vmyq038hyg0wl2kaed,11107243.343743,30.0,30.0,0.0,340.0,340.0,False,False,5124.997035140009,340.012923990824,0.948161976945926,losing,340.012923990824,0.948161976945926,losing,358.60215053763443
pool1c89d4drtwn0048mekkdkzllz559ahnntxelyw2mppxnmc36hjlx,32691614.023063,1135000.0,1135000.0,0.0099,340.0,340.0,False,False,15154.211208631928,995.8943380349152,2.777156624805011,comfortable,995.8943380349152,2.777156624805011,comfortable,358.60215053763443
pool1c8enfyd0rt39p4wr9h840y3d2xtqylxq5rsu3ku8gld45swgtne,28169.592595,10000.0,10000.0,0.0,340.0,340.0,False,False,12.99808924152356,12.99808924152356,0.03624654571099523,losing,12.99808924152356,0.03624654571099523,losing,358.60215053763443
pool1c8f3ffu2g0eatw4fctjpq5q48pppzst0yg90fgj23637uhhhx23,6.0,2.0,2.0,0.06,345.0,345.0,False,False,0.002768461767453487,0.002768461767453487,7.720148257066695e-06,losing,0.002768461767453487,7.720148257066695e-06,losing,358.60215053763443
pool1ca862gvy5r06k5l3hulsphtp20tvuxqef0arzcyejdf365c5nrs,3578.66094,300.0,300.0,0.01,340.0,340.0,False,False,1.6512328798339058,1.6512328798339058,0.004604637416028582,losing,1.6512328798339058,0.004604637416028582,losing,358.60215053763443
pool1calq8kjzrvp83l80rtvgmulausl99q4tjfkz2lp227vkymd5wgg,1381128.740158,180000.0,180000.0,0.02,340.0,170.0,True,True,637.6837539588693,383.9743263562895,1.070752994037029,edge,239.08700174132957,0.6667193751707241,losing,358.60215053763443
pool1caulv7s08g0jnptzdc69qycptacu7fzahny2epzh7sh9vhqz6xz,21729297.028707,1000.0,1000.0,0.03,340.0,340.0,False,False,10026.163049812954,631.0172836765151,1.7596583922613465,edge,631.0172836765151,1.7596583922613465,edge,358.60215053763443
pool1cc0zqv42utrsffvgy4e5tfln3unrjk4f6q952rt56y3dzmerptw,6086.844809,5000.0,5000.0,0.25,340.0,340.0,False,False,2.8085432894464026,2.8085432894464026,0.00783191981764664,losing,2.8085432894464026,0.00783191981764664,losing,358.60215053763443
pool1cc76kmtcpf6vht32ya5ke9er74dnpy4jh5qpy4klqwp87ygdsu6,13585730.222273,500000.0,500000.0,0.029,340.0,340.0,False,False,6281.261835770798,724.6136769770098,2.0206618278519315,comfortable,724.6136769770098,2.0206618278519315,comfortable,358.60215053763443
pool1ccr56kt2f5tzjvztlkf8zhkpvaawkduwfye8ydsk646lz0m4h5x,4838653.538372,275000.0,275000.0,0.02,340.0,340.0,False,False,2235.0264379011073,483.4484091681952,1.348146988085222,edge,483.4484091681952,1.348146988085222,edge,358.60215053763443
pool1cd7u9yenr0vkzh9kj7nhhy28ye289muhcdgnhyvz7r3z7jwcxl9,63499.336506,25000.0,25000.0,0.03,340.0,340.0,False,False,29.301098360768226,29.301098360768226,0.08170920982163253,losing,29.301098360768226,0.08170920982163253,losing,358.60215053763443
pool1cd987kw92e3nmjywcfwfws79a09rwp0p0xj5mdtr39qukxgp9uf,6506745.781023,30000.0,30000.0,0.035,340.0,340.0,False,False,3002.653078066331,445.03961019571676,1.2410399924498248,edge,445.03961019571676,1.2410399924498248,edge,358.60215053763443
pool1cdkv8070twtzhpeznc42wql8fre2edkc48watnuf2pmqcp93qjy,109407.819397,50000.0,50000.0,0.05,340.0,340.0,False,False,50.487610314077386,50.487610314077386,0.1407900377573972,losing,50.487610314077386,0.1407900377573972,losing,358.60215053763443
pool1cduc7ut6grhqyavrmm3gzcdf4qfdsjk7vdwcxy9c0r5fyaxh2sq,15701775.286901,10000.0,10000.0,0.0189,340.0,340.0,False,False,7245.262359485557,474.8240999498587,1.3240971902649732,edge,474.8240999498587,1.3240971902649732,edge,358.60215053763443
pool1cejaj3e490r9ejf854k3pw0kagglczuaqp69g6g5jzyfxjxgn4h,99.442997,50.0,50.0,0.0,340.0,340.0,False,False,0.045884027035909054,0.045884027035909054,0.00012795245920058597,losing,0.045884027035909054,0.00012795245920058597,losing,358.60215053763443
pool1cew2q6pge250exctkq26lyl0w95923xxa54thd79nv8xy9j3xe6,3326042.417709,50000.0,50000.0,0.015,340.0,170.0,True,True,1534.9852542581943,375.61938891832085,1.047454367898166,edge,210.68664484849836,0.5875219781382413,losing,358.60215053763443
pool1cf7mqj0xd8z4jqhr7nf565mxuvepk8euv5t6ehmuwe49kfz9llr,37157490.49599,100000.0,100000.0,0.005,340.0,340.0,False,False,17151.98093949436,469.0788788302974,1.3080760339195698,edge,469.0788788302974,1.3080760339195698,edge,358.60215053763443
pool1cg559cdc25fkvs73umj6w5nxlwy3mpmj02xt7p4v69eqs5ncz9k,2503325.739188,195000.0,195000.0,0.01,340.0,220.0,True,True,1155.9279420961311,411.08152991192253,1.1463442963061108,edge,301.53561923691564,0.8408639456981455,losing,358.60215053763443
pool1chtam5czevzk2ttctvltpsc8twlwf6zzyh7kj3jkz72gks975sn,65336379.380457,1000.0,1000.0,0.03,340.0,340.0,False,False,30147.003465932747,1234.6526261017382,3.442959347150274,comfortable,1234.6526261017382,3.442959347150274,comfortable,358.60215053763443
pool1chzrvd7wzmw8ufsehctn8fmf7ca27xf7d6f5tpreat7kxx6hwf9,940628.280067,1000.0,1000.0,0.0,340.0,340.0,False,False,434.0173753804147,340.09995167843954,0.9484046628514206,losing,340.09995167843954,0.9484046628514206,losing,358.60215053763443
pool1cj2uh0ylps28czcjslnz85v2zyf8mld0w5tuqp3amxk4jjwfkgd,188499.676453,10000.0,10000.0,0.01,340.0,340.0,False,False,86.9791220394005,86.9791220394005,0.24255047525230122,losing,86.9791220394005,0.24255047525230122,losing,358.60215053763443
pool1cj8dxjjlyn9xmjavr98ytmvlpd4vwgqp36kq8rl6jjyt6k2adfh,897558.991684,100.0,100.0,1.0,345.0,345.0,False,False,414.1431289443854,414.1431289443854,1.15488188881043,edge,414.1431289443854,1.15488188881043,edge,358.60215053763443
pool1cjjtz6enkc76yytlf2zd86ngdu60e705vq7wq940ncu6506s6n2,18480513.328908,50000.0,50000.0,0.2,340.0,340.0,False,False,8528.87146523791,1995.4986307204508,5.564658850284915,strong,1995.4986307204508,5.564658850284915,strong,358.60215053763443
pool1cjz6kg9a8ug9uk0nc59q60a67c2628ms58rd98gq587jwa2x5qt,12136311.339913,10000.0,10000.0,0.0,340.0,340.0,False,False,5600.052060491471,344.33414396942226,0.9602121555968895,losing,344.33414396942226,0.9602121555968895,losing,358.60215053763443
pool1ck8rqpxp7j8kyzutk856fnvgm8xsqmuh922wkeeg32ekjjrvtc0,3986718.185724,168.0,168.0,0.0,340.0,250.0,True,True,1839.5140894981932,340.0631894092584,0.9483021473781419,losing,250.06698200238782,0.6973382106813213,losing,358.60215053763443
pool1cl3fhy6me0nf5jnxahk997r0529aumt967kw4yml5vraq94mdk4,35249.722947,30000.0,30000.0,0.01,340.0,340.0,False,False,16.264888505433845,16.264888505433845,0.04535636074978553,losing,16.264888505433845,0.04535636074978553,losing,358.60215053763443
pool1cljrz5vyw7jp2mp23nt9ywn2wdg5ulamhalw6d3mng326laxs77,14471.873469,0.0,0.0,0.075,340.0,340.0,False,False,6.677471363305065,6.677471363305065,0.018620834686277992,losing,6.677471363305065,0.018620834686277992,losing,358.60215053763443
pool1clkt34hufs3k4gfnd2rl8gy9zlzzdgr9838y0k2hwfuhy0mh2t9,5060.71907,100.0,100.0,0.9,340.0,340.0,False,False,2.3350688173399803,2.3350688173399803,0.006511586207274907,losing,2.3350688173399803,0.006511586207274907,losing,358.60215053763443
pool1cmaafeyy52ppz62jqmsm20c5p8nua7xx95lkkf96ktmqqj3w5td,68585374.928753,1000.0,1000.0,0.016,340.0,340.0,False,False,31646.129695305986,841.3472267356026,2.3461856697574524,comfortable,841.3472267356026,2.3461856697574524,comfortable,358.60215053763443
pool1cmdq8atcy8x7lfhh09vdumveuh0ywsx0269ur774nvzkyhma37d,23457099.952614,40000.0,40000.0,0.0,340.0,340.0,False,False,10825.148655583751,357.87970154326825,0.9979853746184092,losing,357.87970154326825,0.9979853746184092,losing,358.60215053763443
pool1cmqpzlsrrjup8zg6qaperz868u64dlt7uvvdszsr658mvzz9qq0,2071302.083905,1000.0,1000.0,0.025,340.0,340.0,False,False,955.724078576038,355.68293461666184,0.9918594578515607,losing,355.68293461666184,0.9918594578515607,losing,358.60215053763443
pool1cn0dqtplwf67fds40hgkf0u5rm4q4azev5qutmgkw5hdyvue2ue,30061789.999491,250000.0,250000.0,0.01,340.0,340.0,False,False,13885.194075687754,586.9701016444853,1.6368281695033624,edge,586.9701016444853,1.6368281695033624,edge,358.60215053763443
pool1cpqpw923842ple6gnkjl0k2z238uwm4s8xh53ryzxcavu89rp9p,1292763.452619,10000.0,10000.0,0.03,340.0,340.0,False,False,596.5190204554642,349.6203113644773,0.9749531921108362,losing,349.6203113644773,0.9749531921108362,losing,358.60215053763443
pool1cpr59c88ps8499gtgegr3muhclr7dln35g9a3rqmv4dkxg9n3h8,1957261.220866,75000.0,75000.0,0.01,340.0,170.0,True,True,903.3720945044607,367.0056142677193,1.02343394683352,edge,205.1546767972549,0.5720955005140841,losing,358.60215053763443
pool1cpzz6aqljgk97ks728xa76wqg96kj79ndc3gasx7kdnr74wrk70,8.705929,1.0,1.0,0.0,340.0,340.0,False,False,0.00401700525694446,0.00401700525694446,1.1201843745002543e-05,losing,0.00401700525694446,1.1201843745002543e-05,losing,358.60215053763443
pool1cq25dmlt5974x8tqg3e4dlzvrxefcce2atpnwlfp7ad5ugec9fp,50255385.678353,1000000.0,1000000.0,0.03,340.0,340.0,False,False,23284.362648577353,1471.189519754386,4.1025674763765485,comfortable,1471.189519754386,4.1025674763765485,comfortable,358.60215053763443
pool1crprz3rdcwvfxmc0s4gxquh3qeqmscww2qfvpl93q52yyn7agsc,3006850.280675,50000.0,50000.0,0.01,340.0,340.0,False,False,1387.6760212974102,367.72403168090364,1.0254373297248587,edge,367.72403168090364,1.0254373297248587,edge,358.60215053763443
pool1crts5gmqr34gsrn6wvrhfs9yqp0ynu8t2t4r350xp80s6pc56ue,11834913.512349,25000.0,25000.0,0.0,340.0,340.0,False,False,5461.31856607965,350.81824248385055,0.9782937496551154,losing,350.81824248385055,0.9782937496551154,losing,358.60215053763443
pool1cshuf0jy40a83glgwakert9czfnqrpyq6zwqly2705mrwkajuhu,12.068846,1.0,1.0,0.01,340.0,340.0,False,False,0.005568689778393171,0.005568689778393171,1.55288800416961e-05,losing,0.005568689778393171,1.55288800416961e-05,losing,358.60215053763443
pool1cspe7naf0mtntwyysqxk6czah3jlh6v4cja8pdfju932yxsehnm,15559554.587796,50000.0,50000.0,0.0,340.0,340.0,False,False,7180.830139215292,361.98273125562616,1.009427106649872,edge,361.98273125562616,1.009427106649872,edge,358.60215053763443
pool1csrtagrya4hc5pectc20s8s7am3e6vpdjj6antqzvn2lgmm5afs,810784.427457,1000.0,1000.0,0.008,340.0,340.0,False,False,374.10583586703694,340.31457539808855,0.9490031637787776,losing,340.31457539808855,0.9490031637787776,losing,358.60215053763443
pool1ct59zfxfvtv74k3mmukq5faq7kc48wuxrstyxtd02pxluwf6mkh,16945470.568973,5.0,5.0,0.01,340.0,750.0,True,False,7818.814686372573,414.7903315261432,1.1566866816171308,edge,820.6902117596255,2.2885814001093006,comfortable,358.60215053763443
pool1ctfxzwgqakxujmn95dfvprcm0h3dtzjh408apk0cewl0c4r6gg3,4.233056,0.0,0.0,0.02,340.0,340.0,False,False,0.001953175605066969,0.001953175605066969,5.446636619826929e-06,losing,0.001953175605066969,5.446636619826929e-06,losing,358.60215053763443
pool1ctzja2cdwyeqnvehmrlclc5wrn9w9acwklk3acn73jrx56d66vs,47828769.784058,25000.0,25000.0,0.009,340.0,170.0,True,True,22070.984412323152,546.8353720829818,1.524908233994522,edge,378.45343100691025,1.0553573938123733,edge,358.60215053763443
pool1cuccvs6vdlrxw67kwvzdx3gcl3ha0402mkhhseqmre7u7vdkwev,20819.28959,400.0,400.0,0.0,340.0,340.0,False,False,9.606250187735258,9.606250187735258,0.02678804400178048,losing,9.606250187735258,0.02678804400178048,losing,358.60215053763443
pool1cuqnuz57puz2qd3enr9vtkcp7z92ge4h2ks6j8zzknztx3283q7,1044778.357129,25000.0,25000.0,0.0,340.0,340.0,False,False,482.12050485731055,343.40073336817227,0.9576092414764623,losing,343.40073336817227,0.9576092414764623,losing,358.60215053763443
pool1cuzhrcpp676p4u9yk2vrtj7utmq2dy4ey56uw6znml2f5hrpgpw,660.970413,500.0,500.0,0.03,345.0,345.0,False,False,0.3049787059719192,0.3049787059719192,0.0008504653569831629,losing,0.3049787059719192,0.0008504653569831629,losing,358.60215053763443
pool1cwc8jnc89xnd0qlyl4tp9gu2uf6jxhc2xay9xqdwt88s66a5yzx,297.094817,8.269074,8.269074,0.0109,340.0,340.0,False,False,0.13708261085786563,0.13708261085786563,0.00038226934961863577,losing,0.13708261085786563,0.00038226934961863577,losing,358.60215053763443
pool1cxl0gk32hwe6sckdmy2zydkl7wrk8npjay0u3u5zsglwvkqmjen,7789.627628,2.0,2.0,0.06,340.0,340.0,False,False,3.5942143884430338,3.5942143884430338,0.010022846720395866,losing,3.5942143884430338,0.010022846720395866,losing,358.60215053763443
pool1cyha5jsy6g06w699tw4awy2jw7gxj0azm38yzetr7zls7rkl0t0,8383.884321,5000.0,5000.0,0.01,340.0,340.0,False,False,3.868443037629019,3.868443037629019,0.010787562293838043,losing,3.868443037629019,0.010787562293838043,losing,358.60215053763443
pool1cyq3v3v43hu7spwlfxdm6vq9djpsjjueerhlu5qr2rvd57vqk84,57017168.593548,5.0,5.0,0.02,340.0,340.0,False,False,26308.308958435417,859.368410859917,2.3964396464759306,comfortable,859.368410859917,2.3964396464759306,comfortable,358.60215053763443
pool1czlxfj2dyc2lt2gcrhhxyqhgzcpza845yjr6k262e2vqsysrylu,29.445355,1.0,1.0,0.03,340.0,340.0,False,False,0.013586389903645803,0.013586389903645803,3.7887084289027274e-05,losing,0.013586389903645803,3.7887084289027274e-05,losing,358.60215053763443
pool1d0329t36ac7udkqe9k5w4g4jpn8xrqfjh2u5jrrm4h4d50wkz2c,1685.515443,1254.0,1254.0,0.01,340.0,340.0,False,False,0.7777152128558292,0.7777152128558292,0.0021687410733310978,losing,0.7777152128558292,0.0021687410733310978,losing,358.60215053763443
pool1d0ld90s42dnypxxp08923d7pezh4xnzht2gfl5c6xm2pg6lyyyq,4767.922558,2000.0,2000.0,0.025,340.0,340.0,False,False,2.1999791802347453,2.1999791802347453,0.00613487447561713,losing,2.1999791802347453,0.00613487447561713,losing,358.60215053763443
pool1d0m6dxdvqcltvyvjjha2v5hyq4rxf4xzs7j95v00hpxvzuu7wqp,5180.057395,2000.0,2000.0,0.0,340.0,340.0,False,False,2.390144020021325,2.390144020021325,0.006665169231243874,losing,2.390144020021325,0.006665169231243874,losing,358.60215053763443
pool1d0vm9y545l3y2g9pamx45k4e498nllhd8wy4289vw8mt70am2r8,840111.355792,25000.0,25000.0,0.048,340.0,340.0,False,False,387.67520629583925,343.6390283672623,0.9582737522685275,losing,343.6390283672623,0.9582737522685275,losing,358.60215053763443
pool1d0ze7l6t8gjng564zsfyd7uw7snenpsjh9dacawdpr9g27djq8f,210493.346612,1000.0,1000.0,0.0,340.0,340.0,False,False,97.12419918072942,97.12419918072942,0.2708410951666517,losing,97.12419918072942,0.2708410951666517,losing,358.60215053763443
pool1d25d0c06al8geglarw7yd4nqh65nws82d7v04yrv2eec7rwcjlk,515.619014,500.0,500.0,0.01,340.0,340.0,False,False,0.23791193483052758,0.23791193483052758,0.0006634425768887275,losing,0.23791193483052758,0.0006634425768887275,losing,358.60215053763443
pool1d2cl6yayuxp0wv0v7dtvu0s52vglg0x4z2lz27d6x4ewj72nk2a,97686.029728,40000.0,40000.0,0.0289,340.0,340.0,False,False,45.07777859623128,45.07777859623128,0.12570415020838108,losing,45.07777859623128,0.12570415020838108,losing,358.60215053763443
pool1d3gckjrphwytzw2uavgkxskwe08msumzsfj4lxnpcnpks3zjml3,24966963.071577,1000.0,1000.0,0.0199,340.0,170.0,True,True,11520.06170700351,562.922111082531,1.5697678060172529,edge,396.3117845814072,1.1051573003319601,edge,358.60215053763443
pool1d4387s7mszjkeg5w0xppzxdtzsj7aahfqdgeef24emyh70mccmw,46096.646397,45000.0,45000.0,0.3,340.0,340.0,False,False,21.269564415377413,21.269564415377413,0.059312428504650655,losing,21.269564415377413,0.059312428504650655,losing,358.60215053763443
pool1d4vwleazneeaz5uxq9lp0m6dfx3h00ja76dzac8r48qs6kryr75,5399.069147,5000.0,5000.0,0.0,340.0,340.0,False,False,2.491189910389712,2.491189910389712,0.006946946376798897,losing,2.491189910389712,0.006946946376798897,losing,358.60215053763443
pool1d5lk27jlkaj6dx7ndexjzmdqtt5hnnpx5224awz83ye0v28ve42,6673.24563,500.0,500.0,0.03,340.0,340.0,False,False,3.079110147373453,3.079110147373453,0.008586424099122372,losing,3.079110147373453,0.008586424099122372,losing,358.60215053763443
pool1d5zrmzgskqzse485j7p5cly2290xyffr2tyq9d8ngkzyxjjxwtm,2132.836767,1000.0,1000.0,0.01,340.0,340.0,False,False,0.9841150128566966,0.9841150128566966,0.0027443087315044312,losing,0.9841150128566966,0.0027443087315044312,losing,358.60215053763443
pool1d63tmq02tgtk7yd6g62p9h44w4xqdgz9y8jkmcrztfmmqga540m,63310.014559,17356.0,17356.0,0.01,340.0,340.0,False,False,29.213425765808786,29.213425765808786,0.08146472552384458,losing,29.213425765808786,0.08146472552384458,losing,358.60215053763443
pool1d70vllztcsgx3ku8h5vnukzz2a7lpzjxfjmuqqvxtj9kq27hygs,579957.370648,230000.0,230000.0,0.015,340.0,340.0,False,False,267.75382137991085,267.75382137991085,0.7466598317340841,losing,267.75382137991085,0.7466598317340841,losing,358.60215053763443
pool1d76p7zfn2ydq577z4wsvmnl2lx4cxa3s5vplfuhvr8qfw8hd05j,3635204.712679,100.0,100.0,0.019,340.0,340.0,False,False,1677.321566675261,365.44519886113414,1.0190825635407939,edge,365.44519886113414,1.0190825635407939,edge,358.60215053763443
pool1d85unpsumsxmq4kfvy0prju3n983vp3ajuavmt2r5tyzw2jtpcw,15134.881338,700.0,700.0,0.01,340.0,340.0,False,False,6.983409438725332,6.983409438725332,0.01947397534637049,losing,6.983409438725332,0.01947397534637049,losing,358.60215053763443
pool1d9g45764jtjzagrmy5ndtrx4pua7l9sr4nh08l3mqs43xe6wnh9,8094336.247821,9000.0,9000.0,0.015,340.0,340.0,False,False,3734.9499300556536,394.64243290174807,1.1005021367275132,edge,394.64243290174807,1.1005021367275132,edge,358.60215053763443
pool1dadfsnjauzhgcvz5hkrulwevpe9mk2a9rsxt24pawcy7zndhll3,1092264.527779,2.0,2.0,0.069,340.0,340.0,False,False,503.9820989165203,351.31504436802504,0.97967913421968,losing,351.31504436802504,0.97967913421968,losing,358.60215053763443
pool1dadzh387unlwu37ek693hy9a7w49r22mrmrl9y0fjfhhqe4qtpe,507.621786,500.0,500.0,0.02,340.0,340.0,False,False,0.2342219238383284,0.2342219238383284,0.0006531525912133295,losing,0.2342219238383284,0.0006531525912133295,losing,358.60215053763443
pool1dcjycc5mvj9svh9ys482078mnqutu48k3zj7uqzswj7m54a7hzr,5461903.566422,25000.0,25000.0,0.0,340.0,340.0,False,False,2520.439855069342,349.98021948096067,0.9759568339349127,losing,349.98021948096067,0.9759568339349127,losing,358.60215053763443
pool1ddg6t2h9kj6lqlec4ncjs945lzj43m3ggrgdhf5sgzhtygpkznz,66518428.238707,100000.0,100000.0,0.005,340.0,340.0,False,False,30705.07083136889,537.2462191369809,1.4981678674584475,edge,537.2462191369809,1.4981678674584475,edge,358.60215053763443
pool1ddgcpgjcyawxw95se9x8qnc8gxgwjr4fqrk4vk6v9x47s0ggpjp,6822129.875446,50000.0,50000.0,0.01,340.0,340.0,False,False,3148.452197863379,388.46208533968735,1.0832675843055748,edge,388.46208533968735,1.0832675843055748,edge,358.60215053763443
pool1ddghnthymd3duklvx5pfunymqg29xe4vlmy89u2efyjdktn33kz,230337.727561,61000.0,61000.0,0.01,340.0,340.0,False,False,106.3000745954541,106.3000745954541,0.2964289936245047,losing,106.3000745954541,0.2964289936245047,losing,358.60215053763443
pool1ddywudgudfaphp8txj9qf7alj3uk6wzyd22u7cd2myhyv3lyxxx,1184183.675412,456540.0,456540.0,0.0,340.0,340.0,False,False,547.0396107335995,419.8202726882142,1.1707132041980184,edge,419.8202726882142,1.1707132041980184,edge,358.60215053763443
pool1denmfptpdhy2vp8q92ttrmalf3kynyv7aguudqzeq83d7zpcaeq,857327.422265,10000.0,10000.0,0.03,340.0,340.0,False,False,395.5959842551732,342.2969053038872,0.9545311002477213,losing,342.2969053038872,0.9545311002477213,losing,358.60215053763443
pool1df9rj4n0t3zlpak7xnh4ue6t3yh9zlw7a02w4l8askp77up25rt,5091441.604256,100002.0,100002.0,0.02,340.0,300.0,True,True,2350.2042945691524,418.8972451536863,1.1681392443566063,edge,380.46718001785587,1.0609729457769292,edge,358.60215053763443
pool1dg80xj5qfgu2caursxwk67cm34esh03kzmu63qu89vdv2vk3x4u,964.601654,500.0,500.0,0.0,340.0,340.0,False,False,0.4450775773389826,0.4450775773389826,0.0012411458678418406,losing,0.4450775773389826,0.0012411458678418406,losing,358.60215053763443
pool1dgmuwu0txducah4pes4e2avlcv98wedml33kdz7ujtrrxk8xv9y,394642.284449,250000.0,250000.0,0.013,340.0,340.0,False,False,182.16217089360447,182.16217089360447,0.5079784675593767,losing,182.16217089360447,0.5079784675593767,losing,358.60215053763443
pool1dhf4dt395f0c0ujnscazvzvw73ynzgwvtf5k4y9c907hwjdyaq4,8649051.516744,10000.0,10000.0,0.0,340.0,340.0,False,False,3990.9274524043203,344.2211882370412,0.9598971665980458,losing,344.2211882370412,0.9598971665980458,losing,358.60215053763443
pool1dhfz7yak8wqmpvm5luf8ey44aewa9hcrldz0ea3rhh97jmrru5j,2153.954331,520.0,520.0,0.0,340.0,340.0,False,False,0.9938583299116658,0.9938583299116658,0.002771479000953071,losing,0.9938583299116658,0.002771479000953071,losing,358.60215053763443
pool1dhzv896pw40c4tw23w4h2ux5yzm47r59h8qaqhu89shwkugqygj,1001.06373,505.0,505.0,0.005,340.0,340.0,False,False,0.461901589476308,0.461901589476308,0.0012880614039369308,losing,0.461901589476308,0.0012880614039369308,losing,358.60215053763443
pool1dj4l8qma9zzqqzhsawdkvxrs7qyqyv70kn56ywdqqazscvcqvva,674642.455914,50000.0,50000.0,0.0099,340.0,340.0,False,False,311.3470460191545,311.3470460191545,0.8682241463202809,losing,311.3470460191545,0.8682241463202809,losing,358.60215053763443
pool1djg8jsygtculv3q2qdrxtnpxfq003pdxcvlw2pvfupq7jm5xpgp,10816531.992171,10000.0,10000.0,0.02,340.0,340.0,False,False,4991.066916457383,437.2353004210893,1.219276849749964,edge,437.2353004210893,1.219276849749964,edge,358.60215053763443
pool1dkt4rqtjs6j6d8snna60s2g002ddcj5h62nee59mvsznk20q300,472430.466782,1000.0,1000.0,0.01,340.0,340.0,False,False,217.9851857398785,217.9851857398785,0.6078747308488365,losing,217.9851857398785,0.6078747308488365,losing,358.60215053763443
pool1dkww2vlysa8lsnuf5rca979zdsyr3zvt59hu7e420yxfunkka2z,6001949.271773,40000.0,40000.0,0.018,340.0,340.0,False,False,2769.8197792197475,399.6388099431085,1.1144350622101677,edge,399.6388099431085,1.1144350622101677,edge,358.60215053763443
pool1dl4695wfl79k7gtzt87gsf8gsqeq97yzuvaq0d4zxhz6c0nlf4g,56178117.192579,200.0,200.0,0.08,340.0,340.0,False,False,25921.1830535153,2386.5784302448174,6.655226207279401,strong,2386.5784302448174,6.655226207279401,strong,358.60215053763443
pool1dlzpcfmnn727lfsav0x8jmdwjz70sy429xfxjwnzk7r9wm6stws,2745.858844,20.0,20.0,0.1,340.0,340.0,False,False,1.266967635818784,1.266967635818784,0.0035330731673507317,losing,1.266967635818784,0.0035330731673507317,losing,358.60215053763443
pool1dmqzwuql5mylffvn7ln3pr9j7kh4gdsssrmma5wgx56f6rtyf42,8767238.116746,1000000.0,1000000.0,0.01,340.0,170.0,True,True,4060.45657375118,797.3199953593462,2.22341108151182,comfortable,648.2164626799424,1.807620120816631,edge,358.60215053763443
pool1dmuaa0wmqrwwx467p48fu83y5w7wdkxf8xlgymmfc73kjy3vxg7,2.486679,0.0,0.0,0.0,340.0,340.0,False,False,0.0011473792835323521,0.0011473792835323521,3.1995884068518364e-06,losing,0.0011473792835323521,3.1995884068518364e-06,losing,358.60215053763443
pool1dmugaarr3nq0679fa02kqunlfmcyxdxfy3quc9x9s69zquty478,17.639298,2.0,2.0,0.06,345.0,345.0,False,False,0.008138953701200349,0.008138953701200349,2.269633266001896e-05,losing,0.008138953701200349,2.269633266001896e-05,losing,358.60215053763443
pool1dpu6kslgxlg3ccrwxldl8e6r7ylnq0yalafmucp0yc7k6qegtt0,8010550.343938,31250.0,31250.0,0.0095,340.0,250.0,True,True,3696.629841117947,384.8581514054229,1.0732176336043278,edge,296.06091543291046,0.8255971554800801,losing,358.60215053763443
pool1dqhaw0h2f4ehpdhh57quszcj22qhkglhg6yvaf39w3clxdl2kpy,7704722.592114,5000.0,5000.0,0.01,340.0,340.0,False,False,3555.1123009264447,374.2167140411694,1.0435428607444903,edge,374.2167140411694,1.0435428607444903,edge,358.60215053763443
pool1dqlgn7smehsnj5ztz8almy2036lfhrdjv79nmg9tmje0zzt620h,2402795.919603,10000.0,10000.0,0.0,340.0,340.0,False,False,1108.7207630765445,343.19927612996594,0.9570474566742678,losing,343.19927612996594,0.9570474566742678,losing,358.60215053763443
pool1druxd2syfrvqvepxh60fz0qhralcesruphh5atujuh0jktjy0ma,9786237.254954,10000.0,10000.0,0.0199,340.0,340.0,False,False,4515.6585157916725,427.2775620488772,1.1915086437944702,edge,427.2775620488772,1.1915086437944702,edge,358.60215053763443
pool1drv9qkh2tgqqucc0jp8cwswpmmkfzdd898ja7ac0uwm9j5d44tq,2199284.754763,250000.123456,250000.123456,1e-08,340.0,170.0,True,True,1015.7129253192024,416.81057560024226,1.1623203457517999,edge,266.1350510731256,0.7421457196342034,losing,358.60215053763443
pool1dsqxx4ehzudlaygj5p75eptkdz3kzwcck9qrft4aq02a5vf8agf,127244.136823,120000.0,120000.0,0.02,340.0,340.0,False,False,58.7134740232556,58.7134740232556,0.16372872816080272,losing,58.7134740232556,0.16372872816080272,losing,358.60215053763443
pool1dsvkdd2t3wnn3mrm27q0572zl2z36lkw3cl2cf4z0c24vad28v2,373.76041,0.0,0.0,0.075,340.0,340.0,False,False,0.1724568999209621,0.1724568999209621,0.0004809142936326679,losing,0.1724568999209621,0.0004809142936326679,losing,358.60215053763443
pool1dswpls43u0s6cpt0dh2d6npm0rnxh5qcjm9xax9y6fp3uq880xm,402907.40903,10000.0,10000.0,0.0,340.0,170.0,True,True,185.9131780456713,185.9131780456713,0.518438547473686,losing,170.3949586850235,0.4751643525549381,losing,358.60215053763443
pool1dts0h87pntgmsffp6mjtnahfht2dz5zjjeeujhzmtn6wgctcuzd,15258041.10687,235000.0,235000.0,0.009,340.0,340.0,False,False,7047.02517866155,502.7332194394265,1.4019247198760618,edge,502.7332194394265,1.4019247198760618,edge,358.60215053763443
pool1du3r4a7xq60hg2x0wcz7lw5ya3qs74rk258c8kanp93rsqdqu45,2988295.057339,100000.0,100000.0,0.0,340.0,340.0,False,False,1379.3860254256472,374.7819075921905,1.045118962700861,edge,374.7819075921905,1.045118962700861,edge,358.60215053763443
pool1duc76uxej6d97gjgdwxqy8lan2k9dxa5x5dqgrjwncfyj5p24ar,122953.826114,1740.0,1740.0,0.0,340.0,340.0,False,False,56.73256619616971,56.73256619616971,0.15820475730865916,losing,56.73256619616971,0.15820475730865916,losing,358.60215053763443
pool1dv7s5fn4m9dee8ncvx5hktfmsnx6agydhn798rfdqjazuwr84gc,2519597.500111,500000.0,500000.0,0.0,340.0,340.0,False,False,1164.5258707819462,503.6225370809468,1.4044046761177826,edge,503.6225370809468,1.4044046761177826,edge,358.60215053763443
pool1dvp46zdtmzwkt6x74g6dzq7cyygp5armhrzh2t5hm8scwtxvsnt,197.299065,100.0,100.0,0.15,345.0,345.0,False,False,0.09103583789654306,0.09103583789654306,0.0002538630562032535,losing,0.09103583789654306,0.0002538630562032535,losing,358.60215053763443
pool1dwlkpwakps05gelgwdml2d44al2xfsv8k9jgrkwsevlxxpcelqa,26882.454425,100.0,100.0,0.05,340.0,340.0,False,False,12.403846293881788,12.403846293881788,0.03458943644170933,losing,12.403846293881788,0.03458943644170933,losing,358.60215053763443
pool1dwvtdk76v5vg99d8h2a28h5f94hy2zwcxnj576g6w90ezapqjyn,157.62205,100.0,100.0,0.15,345.0,345.0,False,False,0.07272844719322419,0.07272844719322419,0.00020281096218800147,losing,0.07272844719322419,0.00020281096218800147,losing,358.60215053763443
pool1dww6s8stvm7dl2n8740s3v5rnxmsuqcl8jcnu64g7cds5w29pft,2927282.997127,50000.0,50000.0,0.01,340.0,340.0,False,False,1350.9552060005701,367.2046818257791,1.0239890677600436,edge,367.2046818257791,1.0239890677600436,edge,358.60215053763443
pool1dxkf7k3qwnpgpxqfye8y9jvk7lver3fk8dq7c4dpzezyyx8cf5c,1531456.153464,100.0,100.0,0.0,340.0,170.0,True,True,706.6299253032189,340.02393995573914,0.9481926961284479,losing,170.03504050207962,0.47416068265947237,losing,358.60215053763443
pool1dxwgzj66pual956mnv9delkelg873yvgr2dd8s279m0hxqvr475,32038857.137481,250000.0,250000.0,0.01,340.0,340.0,False,False,14798.38648400481,596.2748230860244,1.6627753687256452,edge,596.2748230860244,1.6627753687256452,edge,358.60215053763443
pool1dxyj26fptj4muj6r2xp8h6lsp3s9ycgup6ssc0e62arxw6gc2xz,1985.006953,100.0,100.0,0.0,340.0,340.0,False,False,0.9159030001319328,0.9159030001319328,0.0025540923242059893,losing,0.9159030001319328,0.0025540923242059893,losing,358.60215053763443
pool1dy7tz7eyf2qal2jcns4qwm4xqn34gc4rj9dz34kfs6zuju477k7,4024318.519541,10000.0,10000.0,0.01,340.0,170.0,True,True,1856.9391495570187,358.90112831205045,1.0008337311250581,edge,191.01933576551812,0.5326776079818046,losing,358.60215053763443
pool1dye0sw6hv4jee7wemgc6dnxhaquuz7sxkktz2tpm2ekcsqyyj9l,1679.949496,1000.0,1000.0,0.0,340.0,340.0,False,False,0.7751472944301666,0.7751472944301666,0.002161580161379475,losing,0.7751472944301666,0.002161580161379475,losing,358.60215053763443
pool1dzdxps32uqhva9q9urx4lm7m0nhlczjjccwy9kv4t2d3krsn4m7,63783718.055668,0.0,0.0,1.0,340.0,340.0,False,False,29430.463973734404,29430.463973734404,82.0699595069655,strong,29430.463973734404,82.0699595069655,strong,358.60215053763443
pool1dzk2hrh2vtfcc6wk5n69ml6a08jc8d8s3lpg7jsaydcdwrerlq2,1000.819149,1000.0,1000.0,0.02,340.0,340.0,False,False,0.46178825739331525,0.46178825739331525,0.0012877453654446271,losing,0.46178825739331525,0.0012877453654446271,losing,358.60215053763443
pool1dzkrcxlqgamf3dwgyh89nrx2xkwm7cfju9mp54eyqwulku73jxs,32083449.321218,0.0,0.0,0.075,340.0,340.0,False,False,14803.633720084352,1424.7725290063263,3.973128791531884,comfortable,1424.7725290063263,3.973128791531884,comfortable,358.60215053763443
pool1dzz5se25fp696axykcw6wwp3yl4fk44jc62yeflrquvfxlktldq,1720555.683223,10000.0,10000.0,0.03,340.0,340.0,False,False,793.9149818461018,356.17649207564824,0.9932357949935617,losing,356.17649207564824,0.9932357949935617,losing,358.60215053763443
pool1e0jyj79d3ady680wajgcd4vgndqjdlf65777pz5939ehseqaem3,63907.383326,15000.0,15000.0,0.0,340.0,340.0,False,False,29.488934792426992,29.488934792426992,0.08223301156508876,losing,29.488934792426992,0.08223301156508876,losing,358.60215053763443
pool1e2tl2w0x4puw0f7c04mznq4qz6kxjkwhvuvusgf2fgu7q4d6ghv,2230646.920408,3000.0,3000.0,0.0,340.0,170.0,True,True,1029.2562921311394,340.9269817009028,0.9507109234837768,losing,171.1556149262394,0.4772855228827665,losing,358.60215053763443
pool1e3y7u0rtq2zskc7ansvtrd4p3vtv9hglyztzcvsvlk22w9t40v0,94081.612148,1.0,1.0,0.01,340.0,340.0,False,False,43.410224315077095,43.410224315077095,0.12105399883964527,losing,43.410224315077095,0.12105399883964527,losing,358.60215053763443
pool1e489239duee8dykj7ejx7dmazstwn6y6wfxc0kjaxw5hke5j4nv,25106.62481,10000.0,10000.0,0.039,340.0,340.0,False,False,11.58474550273016,11.58474550273016,0.03230528730896266,losing,11.58474550273016,0.03230528730896266,losing,358.60215053763443
pool1e4tjrl3ve7dcqwa70pexds6f8llk0txx09gm3r4m472ej4p6473,6611937.350521,50000.0,50000.0,0.01,340.0,340.0,False,False,3051.446989939056,387.4136074874694,1.0803437929935427,edge,387.4136074874694,1.0803437929935427,edge,358.60215053763443
pool1e556526sqwugxwnmeumt9lhj5jukklg8vv3ynk75xt9vs7adr5y,14920779.025753,500000.0,500000.0,0.009,500.0,500.0,False,False,6898.558989102506,770.0749964182062,2.1474355222456722,comfortable,770.0749964182062,2.1474355222456722,comfortable,358.60215053763443
pool1e5efe78z67djz6juekzw2hqpu3tn9eaqmekdnqn2am6j25kmrt8,3502.420645,3500.0,3500.0,0.042,345.0,345.0,False,False,1.6160529499902263,1.6160529499902263,0.004506534463241111,losing,1.6160529499902263,0.004506534463241111,losing,358.60215053763443
pool1e603j2p4q346w8knqt2a8c96n8t9l5u4qdrv4kk50qvpgvh8hax,64083.623217,3000.0,3000.0,0.0,340.0,170.0,True,True,29.56919552701193,29.56919552701193,0.08245682710680988,losing,29.56919552701193,0.08245682710680988,losing,358.60215053763443
pool1e7mwu80pmsjqdf8lu7rsfdj5sldashslll0hpj7rhx3w6xpwkq7,179585.619137,100.0,100.0,0.0,340.0,340.0,False,False,82.86268746466637,82.86268746466637,0.23107136234524653,losing,82.86268746466637,0.23107136234524653,losing,358.60215053763443
pool1e8vr85ank99g6fx2r7tjel2mh2jyfppnqy6nmp8vr0arys65n05,876258.044902,75000.0,75000.0,0.02,340.0,340.0,False,False,404.4301138041266,346.6929616336425,0.9667899679738755,losing,346.6929616336425,0.9667899679738755,losing,358.60215053763443
pool1e98xlcgj80c3rdmm27v5hnvrdtut52e65uk0ema7ctfag596vr2,635501.389221,300000.0,300000.0,0.01,340.0,340.0,False,False,293.4218589563777,293.4218589563777,0.8182378675545166,losing,293.4218589563777,0.8182378675545166,losing,358.60215053763443
pool1e9tp0emvvg9sc4ds9h4nhwk8qpn6869qwnas2qywu9ep2reaaxe,739288.265634,20000.0,20000.0,0.02,340.0,340.0,False,False,341.1428719899844,340.05315724576843,0.9482741716298789,losing,340.05315724576843,0.9482741716298789,losing,358.60215053763443
pool1ea34czsr90yc63fmv4gj4tetp7ds7c4jhpj6vqg4yw40wvygdl3,1537930.552603,10000.0,10000.0,0.01,340.0,170.0,True,True,709.6463564390265,346.0759591290973,0.9650693912745442,losing,178.87028682624302,0.49879870089477063,losing,358.60215053763443
pool1ea568m9q882n0tx5d4vxff2dmz2n7rq5h62hx5ystq625m4tcfu,21312178.597234,1000.0,1000.0,0.03,340.0,340.0,False,False,9833.699510826524,625.2430804521656,1.7435564162534152,edge,625.2430804521656,1.7435564162534152,edge,358.60215053763443
pool1eaeynp2hs06v4x8q65jfm2xqcd3dc80rv220gmxvwg8m5sd6e7a,212533.327162,20001.0,20001.0,0.0,340.0,170.0,True,True,98.07246816461304,98.07246816461304,0.2734854434575416,losing,98.07246816461304,0.2734854434575416,losing,358.60215053763443
pool1ec5lvdyd9dghpezzeqfzn48yvw34ff6u6m9tlh08kjjaxx4nxmk,35046.963082,30000.0,30000.0,0.01,340.0,340.0,False,False,16.17132132085721,16.17132132085721,0.04509543876580871,losing,16.17132132085721,0.04509543876580871,losing,358.60215053763443
pool1ecqt8vmkmu2mteqlkcxl4v6hp0ngzmgpx6k6wp2hp8tguq88u4l,32376.848729,20000.0,20000.0,0.015,340.0,340.0,False,False,14.939487340414862,14.939487340414862,0.04166033951000246,losing,14.939487340414862,0.04166033951000246,losing,358.60215053763443
pool1ecvcst7k9eul4ggnljh0jw2s5nc2tyfmyzsx3xg3kmmz6ptgfwj,68677682.181936,1000.0,1000.0,0.03,340.0,340.0,False,False,31688.7213893699,1280.9044093864359,3.571937333521395,comfortable,1280.9044093864359,3.571937333521395,comfortable,358.60215053763443
pool1ed2usjswfh2hfyvatwuwl959y5g4fkf63uxtadcuez0l2rjn747,1112.619894,1000.0,1000.0,0.02,345.0,345.0,False,False,0.513374486676046,0.513374486676046,0.0014315990183170098,losing,0.513374486676046,0.0014315990183170098,losing,358.60215053763443
pool1efacpnedlfrhe9sa6s4jzq839s5q4qdrl70em0za57xg6t38d3s,2832155.57529,150000.0,150000.0,0.04,340.0,340.0,False,False,1307.5607006895882,427.89772722474504,1.1932380399370701,edge,427.89772722474504,1.1932380399370701,edge,358.60215053763443
pool1efxh54fk0dj5uu2e4eu08klxl5ys3saphv3kec33kw3xv8738sc,3521672.446641,5000.0,5000.0,0.025,340.0,340.0,False,False,1624.9697097083235,373.90300764198287,1.0426680572924858,edge,373.90300764198287,1.0426680572924858,edge,358.60215053763443
pool1eggah53ghqwlsm2u4upwnm3s9et8m5yd4p56shaqtm7vql6zm4h,69.720767,0.0,0.0,0.0,340.0,340.0,False,False,0.03216987946083353,0.03216987946083353,8.970910914115497e-05,losing,0.03216987946083353,8.970910914115497e-05,losing,358.60215053763443
pool1egunxfppwtglyu3t864uq76y0zu05s7pjda3e9g95nwlwc5ye2h,1338507.921281,650000.0,650000.0,0.005,340.0,170.0,True,True,618.4765798999287,475.94872372257987,1.3272333225247355,edge,388.9405611013055,1.084601864540372,edge,358.60215053763443
pool1eh6msmm3v7fs90lapzem3lkpl4sn2dgtz4hfvnfmqqtxya3k8yh,2527.598125,500.0,500.0,0.01,340.0,340.0,False,False,1.1662617374952924,1.1662617374952924,0.003252244125549091,losing,1.1662617374952924,0.003252244125549091,losing,358.60215053763443
pool1ek2m5zuydqcgqv3s5mlh55tr8gp76yuxe4hj4s7xtxajyc94rx3,1.221941,0.0,0.0,0.0,340.0,340.0,False,False,0.000563816153632538,0.000563816153632538,1.572260938165698e-06,losing,0.000563816153632538,1.572260938165698e-06,losing,358.60215053763443
pool1ek4yc2mvmettdmkl7wjfpcjkp60xssq2urr9hc8ffx5ss73wdm0,1822.684341,500.0,500.0,0.05,345.0,345.0,False,False,0.8410065851459135,0.8410065851459135,0.0023452357546797586,losing,0.8410065851459135,0.0023452357546797586,losing,358.60215053763443
pool1ekcsyzwexl7p2kwxxh34hy28l6772vrmff7jwmuxsa6u6fzty9z,66778070.068135,200000.0,200000.0,0.0,340.0,170.0,True,True,30837.752824735984,431.34062363173575,1.2028389204723064,edge,261.84977281746853,0.7301957682765988,losing,358.60215053763443
pool1ekhy5xsgjaq38em75vevk8df0k0rljju77tljw288ys5kumqce5,27810321.445558,1000.0,1000.0,0.0,340.0,340.0,False,False,12832.021989675657,340.4491865372405,0.9493785411683168,losing,340.4491865372405,0.9493785411683168,losing,358.60215053763443
pool1ell3xjtspzzz4vtsatscan6rheltf7j3hh2s8qsam2h3jvcxzm9,39596997.143607,25000.0,25000.0,0.009,340.0,170.0,True,True,18272.364118681333,512.6111763809276,1.4294704468793484,edge,344.2475417698163,0.9599706562096825,losing,358.60215053763443
pool1em9u4sf0lzkz4ammtcmakymunpf0l7445ayh3e7fpvryw640fc6,2046.640231,2000.0,2000.0,0.00575,340.0,340.0,False,False,0.9443410461354268,0.9443410461354268,0.002633394821307187,losing,0.9443410461354268,0.002633394821307187,losing,358.60215053763443
pool1en2f7un7v3rjyhqkeg87d27nvsk5arnnva5tzx38t0lpv7hercz,102292.958461,11000.0,11000.0,0.03,340.0,170.0,True,True,47.20095428943035,47.20095428943035,0.13162485004248942,losing,47.20095428943035,0.13162485004248942,losing,358.60215053763443
pool1enul577he3e0s500lv8z98m6k936uecz2rpckxxmmk8c7k0n2rd,52129303.69676,100000.0,100000.0,0.01,340.0,170.0,True,True,24063.011231935292,622.2830469532672,1.7353020499746281,edge,454.30589799493663,1.266880015398174,edge,358.60215053763443
pool1eqa7kxx4xg35cu4rqj4exkvzhenscgh8wxez0gl7hsagygp79kr,68951961.595662,1050000.0,1050000.0,0.0,340.0,340.0,False,False,31954.20706979461,821.4209292252064,2.290619082996827,comfortable,821.4209292252064,2.290619082996827,comfortable,358.60215053763443
pool1eqj3dzpkcklc2r0v8pt8adrhrshq8m4zsev072ga7a52uj5wv5c,27823198.263806,6.9e-05,6.9e-05,0.01,340.0,340.0,False,False,12837.910035639296,464.97910038707715,1.2966433683957472,edge,464.97910038707715,1.2966433683957472,edge,358.60215053763443
pool1es67mveksd22l9alfh5cht6w2krc7lcrq3zvxcpaj5hwxgmhg3m,1281300.037943,25000.0,25000.0,0.01,340.0,340.0,False,False,591.2654115340708,347.3661769057185,0.968667299916996,losing,347.3661769057185,0.968667299916996,losing,358.60215053763443
pool1es7867e973f59y07uwn04sylwd7myrv49q76e3jqp4a5ktvzpeg,2105.657763,1000.0,1000.0,0.02,340.0,340.0,False,False,0.9715742884454214,0.9715742884454214,0.0027093375959647433,losing,0.9715742884454214,0.0027093375959647433,losing,358.60215053763443
pool1esd3cqme3zzvvdnsx3p6ywudn6p86mqyz7fpvqpegxv2qzmtes0,541621.179508,25000.0,25000.0,0.01,340.0,170.0,True,True,249.93441939492635,249.93441939492635,0.696968545838925,losing,174.45203901991886,0.48647794989062826,losing,358.60215053763443
pool1et8qw5ejgl5qqq8v4gdfset78gjcphh88cc2xajykggau8vps0j,236376.108302,5.0,5.0,0.025,340.0,170.0,True,True,109.06637142803639,109.06637142803639,0.3041431047318556,losing,109.06637142803639,0.3041431047318556,losing,358.60215053763443
pool1etfar35l4tf6vam3gvqf5dnaq7levz32vgw4p00jzk7q7twg2te,35622439.517372,50000.0,50000.0,0.05,340.0,340.0,False,False,16439.981124007576,1166.4672406860993,3.252817192917758,comfortable,1166.4672406860993,3.252817192917758,comfortable,358.60215053763443
pool1etgtwnwu4lmtw0dwdtmjvp9fh7wx2fk4e6jt725ysp5f7sjd5vy,413436.405205,5000.0,5000.0,0.01,340.0,340.0,False,False,190.76773782245706,190.76773782245706,0.531976000524393,losing,190.76773782245706,0.531976000524393,losing,358.60215053763443
pool1etu9qtmx2dhf2yu0hu3uzj4au8gnpyx54m6jhy5876pwsulrcmc,6.0,2.0,2.0,0.06,345.0,345.0,False,False,0.002768461767453487,0.002768461767453487,7.720148257066695e-06,losing,0.002768461767453487,7.720148257066695e-06,losing,358.60215053763443
pool1eu4s4jmjam94dgzm56mejgk5k3l7m7unk95296c7t73xqgp6kfr,6.00556,2.0,2.0,0.06,345.0,345.0,False,False,0.0027710272086984514,0.0027710272086984514,7.72730226113811e-06,losing,0.0027710272086984514,7.72730226113811e-06,losing,358.60215053763443
pool1eu8knr403p82ythegskwmf8w6v8l2w858d8jz7qvvqzj7ryech4,7742.073221,100.0,100.0,0.0,345.0,345.0,False,False,3.572273734502293,3.572273734502293,0.009961662887817488,losing,3.572273734502293,0.009961662887817488,losing,358.60215053763443
pool1ev8fwfccn8gr0zcz3uyps0t0mcrefc6s95wjc6aed3ngc86y5rk,2475293.630683,31000.0,31000.0,0.009,340.0,340.0,False,False,1142.2716570178402,357.17748082588355,0.9960271579252524,losing,357.17748082588355,0.9960271579252524,losing,358.60215053763443
pool1evg78egp8gfqae273kvmmdee2dnt6vty60dpwdespg4hujznh3a,37447255.164694,50000.0,50000.0,0.0075,340.0,340.0,False,False,17282.14533206013,489.51777459071945,1.3650720550805668,edge,489.51777459071945,1.3650720550805668,edge,358.60215053763443
pool1evun4ps8xa0dfpj2r0cw9p94t2pctcvusccsm458enajuw2mftw,528.015204,500.0,500.0,0.1,400.0,400.0,False,False,0.24363167639115202,0.24363167639115202,0.0006793926807909187,losing,0.24363167639115202,0.0006793926807909187,losing,358.60215053763443
pool1ew5543rzgp7vs5qvmc0c42zucz9v6d3vct2zsa74erjfjen2p2d,4.618002,3.0,3.0,0.03,340.0,340.0,False,False,0.0021307936606656114,0.0021307936606656114,5.941943341586262e-06,losing,0.0021307936606656114,5.941943341586262e-06,losing,358.60215053763443
pool1ewd9g9zcz6tvlytk0plfj3e8jq645l0xr4n62epa49dgv9h43an,24040.730089,2.0,2.0,0.06,340.0,340.0,False,False,11.092640382974173,11.092640382974173,0.030933000168413733,losing,11.092640382974173,0.030933000168413733,losing,358.60215053763443
pool1ewrm7y47s9hv6hxku9n5gfnsuspymp0qqpwgvgm9rvm37cek2h6,49869795.100703,25000.0,25000.0,0.03,340.0,340.0,False,False,23012.832605450567,1031.2100122462102,2.8756381151093717,comfortable,1031.2100122462102,2.8756381151093717,comfortable,358.60215053763443
pool1ews5ryrhl5az8egrvun68x2wdhgvthxjtx7m380ksc6rzxkqz2f,188710.232807,10000.0,10000.0,0.03,340.0,340.0,False,False,87.07627895565878,87.07627895565878,0.24282140758249673,losing,87.07627895565878,0.24282140758249673,losing,358.60215053763443
pool1ex7p88tnq3d6d3dsqtlc3632tp2t8eurc352mwf9phu3w8n3vz7,1509443.279968,50000.0,50000.0,0.02,340.0,170.0,True,True,696.6130184491903,358.7087390190334,1.00029723324648,edge,197.62732995288852,0.5511046982194492,losing,358.60215053763443
pool1ey0gxeyesszrsshc6zjlzamr7z0f2d29e3ut0ppg4j4gxduyn5r,5019651.021497,1140000.0,1140000.0,0.01,340.0,340.0,False,False,2324.7934038520993,806.1016329499321,2.247899606127247,comfortable,806.1016329499321,2.247899606127247,comfortable,358.60215053763443
pool1ey97shazvk483tzqsvda6hvh8z0kld4g5ssxanrgetddgcf2mns,3140.508518,2.0,2.0,0.01,340.0,340.0,False,False,1.449062964423871,1.449062964423871,0.0040408652381235385,losing,1.449062964423871,0.0040408652381235385,losing,358.60215053763443
pool1eyccsl45l8f7sdplfs770460l2uqe9xfne4l64xvwewd22fcl9a,306.763214,300.0,300.0,0.03,340.0,340.0,False,False,0.1415437080509807,0.1415437080509807,0.0003947095906669027,losing,0.1415437080509807,0.0003947095906669027,losing,358.60215053763443
pool1ezh8sewqgzy7267yvy0jssz8q7amce37x3dhmfl22j8lwz6wjrd,1929525.077431,100000.0,100000.0,0.02,340.0,340.0,False,False,890.6548807240191,378.9806938598749,1.0568277220080469,edge,378.9806938598749,1.0568277220080469,edge,358.60215053763443
pool1ezs46e9nftk46w723zg4e66n2vaytms5slrmywvd7fx5y65zkru,27544784.864253,100.0,100.0,1.0,340.0,340.0,False,False,12709.4525217681,12709.4525217681,35.44165170987806,strong,12709.4525217681,35.44165170987806,strong,358.60215053763443
pool1f2uwt68neknpyk8pw2rh68gmpc6czndekl5ym22n5zf4vy8ecct,738.215807,300.0,300.0,0.0,345.0,345.0,False,False,0.34062062375459995,0.34062062375459995,0.0009498566119693491,losing,0.34062062375459995,0.0009498566119693491,losing,358.60215053763443
pool1f3ptnevzpgwjx32az75u7nth59gkqxe5h5qld86a8vm0j5jrms3,2085.42539,1100.0,1100.0,0.0,340.0,340.0,False,False,0.9622388216344688,0.9622388216344688,0.002683304660030153,losing,0.9622388216344688,0.002683304660030153,losing,358.60215053763443
pool1f3qeehc4htjqpwv248kf5lfaumd0e84jtze379ev3ywa2w69aam,1280626.840136,1.0,1.0,0.019,340.0,340.0,False,False,590.8944067280867,344.76718592075457,0.9614197388494805,losing,344.76718592075457,0.9614197388494805,losing,358.60215053763443
pool1f4rs6v0cpsqa09ueddp6hhl8xwdwtdqglvcuce26srxdwmzxl6v,2803432.635099,200000.0,200000.0,0.02,340.0,170.0,True,True,1294.5364276122646,425.8264644032325,1.1874621046327023,edge,271.1118935670488,0.7560241709665828,losing,358.60215053763443
pool1f5s5lqe7e3x7wxscsawaj0ddjz42y4ckcfqcxrd3nxg7wwvsysn,5922.701064,100.0,100.0,0.15,345.0,345.0,False,False,2.732796346575329,2.732796346575329,0.00762069146121456,losing,2.732796346575329,0.00762069146121456,losing,358.60215053763443
pool1f6lnuxzw90mmd399nxqjvzyyxgmf4h3cp7j6pp5s7xmps86arct,130127.808652,25000.0,25000.0,0.0,340.0,170.0,True,True,60.04736377442009,60.04736377442009,0.1674484207202719,losing,60.04736377442009,0.1674484207202719,losing,358.60215053763443
pool1f6ltd3rd3e69klr32r0xw7h59lc76lhc9l705d380lj76d926du,2924.03109,1200.0,1200.0,0.01,340.0,340.0,False,False,1.3491820155279832,1.3491820155279832,0.0037623366549955754,losing,1.3491820155279832,0.0037623366549955754,losing,358.60215053763443
pool1f6zwfx8a8pnfusuv7fj8h8uusln49sl45hdpzfz7965ag00wycf,2730.832455,1030.0,1030.0,0.019,340.0,340.0,False,False,1.2600375676629083,1.2600375676629083,0.0035137479398096093,losing,1.2600375676629083,0.0035137479398096093,losing,358.60215053763443
pool1f8erepj5w5nth5xfxgxnwpz59jzywt6zdwfr50jzjwfwksmg9ek,33930787.360205,1000.0,1000.0,0.03,340.0,340.0,False,False,15656.079718361807,799.9202416121892,2.2306621430264943,comfortable,799.9202416121892,2.2306621430264943,comfortable,358.60215053763443
pool1f9934hk9awd25mmxl0dd2haqvda9nlquwnh5pv64hs42znl07zj,136392.096807,200.0,200.0,0.08,340.0,340.0,False,False,62.93276956860245,62.93276956860245,0.17549467975652258,losing,62.93276956860245,0.17549467975652258,losing,358.60215053763443
pool1fc3m8hdjj76n6llxextpc60tt63w5ygwgvf2ekzr3k222kxxdkg,5.0,4.0,4.0,0.03,340.0,340.0,False,False,0.0023070514677525503,0.0023070514677525503,6.433456866596317e-06,losing,0.0023070514677525503,6.433456866596317e-06,losing,358.60215053763443
pool1fd0q9h8974y6psejmzczlywy8fgxxy07rn2ynrwu734aqwq540p,8600.123692,0.0,0.0,0.06,345.0,345.0,False,False,3.9681855840728,3.9681855840728,0.011065704927099561,losing,3.9681855840728,0.011065704927099561,losing,358.60215053763443
pool1fd6geyevpsg26s7q58fvuv2eh559n5p9vv3ctxjs74v6g7lkew4,29050.269928,1000.0,1000.0,0.04,345.0,345.0,False,False,13.404147444178417,13.404147444178417,0.03737888192829363,losing,13.404147444178417,0.03737888192829363,losing,358.60215053763443
pool1fd8qnudvhz2hanlccdsfrwdxmmwwfryalrmy6a6y62cgqfx3ujz,324926.352337,125000.0,125000.0,0.025,340.0,170.0,True,True,149.9725311353737,149.9725311353737,0.4182142547403225,losing,149.9725311353737,0.4182142547403225,losing,358.60215053763443
pool1ff2hr0sukqqd75jr2rh3wrmnesxqgpq42dgd6rm3ungnqp904ue,12219777.257077,200.0,200.0,0.08,340.0,340.0,False,False,5638.335689761039,763.9466351757559,2.1303459391707733,comfortable,763.9466351757559,2.1303459391707733,comfortable,358.60215053763443
pool1ffrre548h22n68ln29xph3qezrag3z8ad0kg8yzu6epds3qr58k,1892802.94316,2000.0,2000.0,0.0,340.0,170.0,True,True,873.3660272089085,340.56357269428,0.9496975190575124,losing,170.74320047921591,0.4761354616062093,losing,358.60215053763443
pool1fftlhn68f3lejs2u39pcd5q33zgwnlumrp20dr6cqqkxwyuft2r,10854.228146,1000.0,1000.0,0.25,340.0,340.0,False,False,5.008271518625298,5.008271518625298,0.013966094489719721,losing,5.008271518625298,0.013966094489719721,losing,358.60215053763443
pool1ffuv59d0rdp0jsgxa9x5r8pvmaexvuufeu43kpxl3u2qut3ljq4,400335.784394,50000.0,50000.0,0.2,340.0,340.0,False,False,184.7527453164002,184.7527453164002,0.5152025581536797,losing,184.7527453164002,0.5152025581536797,losing,358.60215053763443
pool1fg42yz0qpu5jd0gd3g5xty4mm6jdxkje8szag8h798nyyxw6zd3,27704158.451268,100000.0,100000.0,0.048,340.0,170.0,True,True,12788.296778499329,980.2944175948811,2.7336545977908226,comfortable,819.0385898240598,2.2839756777702416,comfortable,358.60215053763443
pool1fgj2ua0rz4dkq0hmmkv7syuccda96slh40wex2w7vsnxujuvjtv,12037.639443,10000.0,10000.0,0.03,340.0,340.0,False,False,5.554329926279017,5.554329926279017,0.015488836076280316,losing,5.554329926279017,0.015488836076280316,losing,358.60215053763443
pool1fh4sh2telea0tfdy39h0drx6uq566yt9gf24edpz7335sclx39z,11906810.666442,25000.0,25000.0,0.02,340.0,340.0,False,False,5494.496108818221,453.6960498963564,1.2651793895160761,edge,453.6960498963564,1.2651793895160761,edge,358.60215053763443
pool1fk7lk6x7j6jkxuvl0het8nmunra4g7370mw29f286dv9ylegutq,718604.448743,100.0,100.0,0.019,340.0,340.0,False,False,331.5716266336713,331.5716266336713,0.9246225270444207,losing,331.5716266336713,0.9246225270444207,losing,358.60215053763443
pool1fkfn8l8t09mplwpxkg3et39llpr5p7l63ter94hkj38tw6fnh3g,31165.335113,0.0,0.0,0.0,340.0,340.0,False,False,14.380006375169291,14.380006375169291,0.040100167702870886,losing,14.380006375169291,0.040100167702870886,losing,358.60215053763443
pool1fkg3cr9en57ccsmnde20eevkaeu3elp0h4yyqk3udkkxzhl70ju,1189947.781556,1000.0,1000.0,0.01,340.0,340.0,False,False,549.0564385679429,342.2644929205195,0.954440714890804,losing,342.2644929205195,0.954440714890804,losing,358.60215053763443
pool1fl0gdfcmzg4jf3hw839epdteuazm23nff44vddap00r0sm5gvvk,120364.974929,40000.0,40000.0,0.0,340.0,340.0,False,False,55.54382185781201,55.54382185781201,0.1548898180742584,losing,55.54382185781201,0.1548898180742584,losing,358.60215053763443
pool1fm57fshvdlrgs5pnpk78tnxha0me28equyy96vj0xm85gy5chv0,29079570.099397,500000.0,500000.0,0.009,340.0,340.0,False,False,13445.272039289328,681.2541297547336,1.8997491474419856,edge,681.2541297547336,1.8997491474419856,edge,358.60215053763443
pool1fmcv9p7vv754rwc0p6ud2mgm76vnn0gq0gngrk7rq400vsvhsvs,31777586.127313,50000.0,50000.0,0.05,340.0,340.0,False,False,14665.55644989372,1077.6911522751093,3.0052556870040528,comfortable,1077.6911522751093,3.0052556870040528,comfortable,358.60215053763443
pool1fmgus36uc0jf0wlspfvzwfn04mz34kwrensmqgfzkv7t58dejw4,4291862.372799,200000.0,200000.0,0.01,340.0,340.0,False,False,1981.8869714713514,432.1653853559672,1.205138855715291,edge,432.1653853559672,1.205138855715291,edge,358.60215053763443
pool1fmrd4ds793ja4c5muy7hwj6q7kssuhtx22em4udmvx6957z9m0u,3564.715654,800.0,800.0,0.0,340.0,340.0,False,False,1.644800741962667,1.644800741962667,0.004586700719715982,losing,1.644800741962667,0.004586700719715982,losing,358.60215053763443
pool1fn8mfqp4jt6097ygqrze5rjzg3y5s8fktxszqgs9mg22jvr42dx,170172.879916,25010.0,25010.0,0.02,340.0,340.0,False,False,78.52649895443939,78.52649895443939,0.21897944236170502,losing,78.52649895443939,0.21897944236170502,losing,358.60215053763443
pool1fnvj5za9k5ev88l8tw0nh3n4tn582gvf3d6vmuv7nh4ustqecn5,1803.75061,100.0,100.0,0.0,340.0,340.0,False,False,0.8322694231414315,0.8322694231414315,0.002320871254937125,losing,0.8322694231414315,0.002320871254937125,losing,358.60215053763443
pool1fp9z85qx2k6jgnn4f4taxlgn0xw0w9k3t47q32t83ymexz5ymwd,101575.358376,50000.0,50000.0,0.01,340.0,340.0,False,False,46.872878961607235,46.872878961607235,0.13070997731422707,losing,46.872878961607235,0.13070997731422707,losing,358.60215053763443
pool1fpkjz7j77m5ukhjx5xvspfttrs0578kyxa9hgn0458hk55wp784,4.585779,0.0,0.0,0.075,340.0,340.0,False,False,0.0021159256274966352,0.0021159256274966352,5.900482259585819e-06,losing,0.0021159256274966352,5.900482259585819e-06,losing,358.60215053763443
pool1fpu5xurq3jx5rn626ejcx0dzzzk5lmtvdl2qkj9l4kw2sjp50dz,43323332.448527,100000.0,100000.0,0.025,340.0,340.0,False,False,19998.150601175337,875.6948142582676,2.4419675480065632,comfortable,875.6948142582676,2.4419675480065632,comfortable,358.60215053763443
pool1fqwnqk3phwa2s5thgym8dw34pv0z67m526uqprnjh93cvzxymef,33328803.142566,1000.0,1000.0,0.03,340.0,340.0,False,False,15378.31684767869,791.5871799330979,2.207424519753466,comfortable,791.5871799330979,2.207424519753466,comfortable,358.60215053763443
pool1frxut5ury0r2clgpvr0dewlsvc233ft7g6v7vx8msepy5068evn,698.292896,500.0,500.0,0.01,350.0,350.0,False,False,0.3221997196189188,0.3221997196189188,0.0008984879737499084,losing,0.3221997196189188,0.0008984879737499084,losing,358.60215053763443
pool1frz0ds4nhg4t0e30jadc5kwx35kzj2vfp9eak9ehh2727m4dqnv,2124859.918687,100.0,100.0,0.025,345.0,345.0,False,False,980.4326439492147,360.91497316562226,1.0064495503569075,edge,360.91497316562226,1.0064495503569075,edge,358.60215053763443
pool1fs2m5rmlx66crcwwrrsf2pcxjhvk7kzdurcqusd3v5gm65cufnj,4525877.111175,125000.0,125000.0,0.0,340.0,170.0,True,True,2089.3454823854004,388.3150955995367,1.082857687878768,edge,223.01031808967696,0.6218878435484244,losing,358.60215053763443
pool1fsck5keruz5n4qyes46s9rvrnxcrn8hukemgxazzlxpp6g66fzh,144257.381021,0.0,0.0,0.06,345.0,345.0,False,False,66.56184030191613,66.56184030191613,0.1856147270788066,losing,66.56184030191613,0.1856147270788066,losing,358.60215053763443
pool1ft4xjlz9uw0r0ewcgtkgeakqrfc5azxmxwsm5pt94dv67mw4rgd,54998945.609998,712000.0,712000.0,0.01,340.0,340.0,False,False,25452.113707500124,912.964156315081,2.5458970475952785,comfortable,912.964156315081,2.5458970475952785,comfortable,358.60215053763443
pool1ft4z335t0eclqwlxdktam5wphf47swfpzgxe4fslnjz5y70hq2p,7831.333431,1100.0,1100.0,0.0,345.0,345.0,False,False,3.613472076952721,3.613472076952721,0.010076548820287946,losing,3.613472076952721,0.010076548820287946,losing,358.60215053763443
pool1ft6jvmft8tg3lwzg6wfsprlex3ncuq5cnckwycavqk5q63jhrhv,716390.368555,25000.0,25000.0,0.0,340.0,170.0,True,True,330.5831225618405,330.5831225618405,0.921865978958056,losing,175.60389731668732,0.48969002849930793,losing,358.60215053763443
pool1ftfgs9lp0l4l07glvemrzu86pqvxrvzsn85lc3hathlq5ddsw49,35410.779592,30000.0,30000.0,0.01,340.0,340.0,False,False,16.339210989471837,16.339210989471837,0.045563616852200325,losing,16.339210989471837,0.045563616852200325,losing,358.60215053763443
pool1fts0a4clzu7wyhdqw48cpg2kwvstzeqddtwj34pxfw9jgvznu0q,6.399036,0.0,0.0,0.075,340.0,340.0,False,False,0.0029525810693610747,0.0029525810693610747,8.233584391321737e-06,losing,0.0029525810693610747,8.233584391321737e-06,losing,358.60215053763443
pool1fu567g42mlv9f7enek7zeh94c0aht98w44du7s29t0elzd9yazz,1068850.561112,1000.0,1000.0,0.01,340.0,340.0,False,False,493.1807019677476,341.67368737270857,0.9527931911742697,losing,341.67368737270857,0.9527931911742697,losing,358.60215053763443
pool1fu69ry8k9qxfque9hng3lxcq7g30pykg38mtahah8x4mzpgls3k,2744295.772405,250.0,250.0,0.02,340.0,340.0,False,False,1266.2476322399043,358.60764441300347,1.0000153202521536,edge,358.60764441300347,1.0000153202521536,edge,358.60215053763443
pool1fu6ppur5uumrpydpeswzrvfg4epr68xw39aar9rcu56tk5ukat3,407547.232189,1000.0,1000.0,0.0199,340.0,340.0,False,False,188.04726881168887,188.04726881168887,0.5243896851420409,losing,188.04726881168887,0.5243896851420409,losing,358.60215053763443
pool1futpazj04ukh0754m6wexrr9gdezmrl6e0pksyhpc9gjql44l0y,451.088384,50.0,50.0,0.0,345.0,345.0,False,False,0.2081368615298724,0.2081368615298724,0.0005804116378494193,losing,0.2081368615298724,0.0005804116378494193,losing,358.60215053763443
pool1fuzqy5r9x98826zv6wp40tr27uplemmstkd57cuw8jh5v5m90vn,23936260.361293,5000.0,5000.0,0.005,340.0,340.0,False,False,11044.666879458853,395.74823155839914,1.1035857731613528,edge,395.74823155839914,1.1035857731613528,edge,358.60215053763443
pool1fv9f8phzn7hp623ypw6ctf73a98hd7nrh8wm7glpcuhf64856g2,726104.177268,25000.0,25000.0,0.0,340.0,170.0,True,True,335.06564078937686,335.06564078937686,0.9343659548249489,losing,175.68326302055044,0.4899113481532591,losing,358.60215053763443
pool1fvgmxt3688a5zl6amhvaqk9tmvk3lhxkgdsta6yj3czuy5hjwfy,25906652.15933,0.0,0.0,1.0,340.0,340.0,False,False,11953.595937913144,11953.595937913144,33.33386573391071,strong,11953.595937913144,33.33386573391071,strong,358.60215053763443
pool1fwh9zp2hw7ppkna86n7m7ycgz66dnkdhhyqqahhv362agxj2u7g,45597.149676,100.0,100.0,0.099,345.0,345.0,False,False,21.039002891564426,21.039002891564426,0.058669483325801845,losing,21.039002891564426,0.058669483325801845,losing,358.60215053763443
pool1fwhu9w2z82n5r7hdeu8ayl9tywraursthd78mxxekr6zzdjgpkm,704567.67458,2000.0,2000.0,0.01,340.0,340.0,False,False,325.09747722879706,325.09747722879706,0.9065686771297788,losing,325.09747722879706,0.9065686771297788,losing,358.60215053763443
pool1fxlf6mqxeuptm7ztwdpp2zdwm7tsfcy3fweu7euyf6aduuh6u42,52419.779401,10000.0,10000.0,0.02,340.0,340.0,False,False,24.187841172535297,24.187841172535297,0.06745035169552571,losing,24.187841172535297,0.06745035169552571,losing,358.60215053763443
pool1fxmancs3dmc9l0s7u7zrj8334m9nvzam5t5hnuuf4c7cjr6867m,9739986.835907,100000.0,100000.0,0.01,340.0,340.0,False,False,4495.9855836213155,423.80247686950906,1.1818180014651976,edge,423.80247686950906,1.1818180014651976,edge,358.60215053763443
pool1fy57yj7fq4n640h0r7yzchgytvx747nl85lkct7pc8faywwsyy2,20684.441149,20000.0,20000.0,0.025,340.0,340.0,False,False,9.544040561528208,9.544040561528208,0.02661456588372184,losing,9.544040561528208,0.02661456588372184,losing,358.60215053763443
pool1fy5aaf5gz2646dghhm8u899mj6hyznn428sqhdx3tmqmsdy6rcz,53803.480323,760.0,760.0,0.01,340.0,340.0,False,False,24.825557050010307,24.825557050010307,0.06922868982461644,losing,24.825557050010307,0.06922868982461644,losing,358.60215053763443
pool1fyp482ntshhm9zfz4nv7pmsaeakscf5mnuzcxuvtqf6t56fc7l0,13328028.205688,100.0,100.0,0.019,340.0,340.0,False,False,6149.691947986042,450.4269088345117,1.2560630441262246,edge,450.4269088345117,1.2560630441262246,edge,358.60215053763443
pool1fzw8nfwq608cg2y690re25zg082taztprmkcv3s8dw7zwhlqmdk,1049.003041,1000.0,1000.0,0.04,340.0,340.0,False,False,0.48402089368251294,0.48402089368251294,0.0013497434216633794,losing,0.48402089368251294,0.0013497434216633794,losing,358.60215053763443
pool1g0fvxf4ewt0j3hplp09dv4ak2uv5ay3ftw8upk80d8kx2ca5syn,148.091537,100.0,100.0,0.01,345.0,345.0,False,False,0.06833096857508571,0.06833096857508571,0.00019054812826035892,losing,0.06833096857508571,0.00019054812826035892,losing,358.60215053763443
pool1g0hsnjnt0du3kp33gjua3npncngr3yg4ak2zfdhd4zvmy6r8hyd,936588.567084,225000.0,225000.0,0.02,340.0,300.0,True,True,432.4605975157701,363.61710712727927,1.0139847365168506,edge,333.8342624396278,0.9309321261434899,losing,358.60215053763443
pool1g0nq3m3fnvd245k4favcvutn09vce0yshg535f68d2xa54vy0cc,12595194.078849,50000.0,50000.0,0.01,340.0,340.0,False,False,5812.7586169969745,416.23591306397714,1.1607178385292316,edge,416.23591306397714,1.1607178385292316,edge,358.60215053763443
pool1g0t2a93g5e2j7wj0clmk73fhd8cjcj4xn383yt7xvdyhq37m0kk,107.845589,0.0,0.0,0.06,345.0,345.0,False,False,0.04976106471279346,0.04976106471279346,0.00013876398855441652,losing,0.04976106471279346,0.00013876398855441652,losing,358.60215053763443
pool1g2htk67ngtrw5mz6npgu3tugmcuqfgu0lxm8m26d7x79w75xupn,520921.188995,100000.0,100000.0,0.0,340.0,340.0,False,False,240.43943837996,240.43943837996,0.6704907876862453,losing,240.43943837996,0.6704907876862453,losing,358.60215053763443
pool1g2zsavkscwrzz0tqqwwykkyganyedlzgqc63fneq6nvzc7rwdzp,3002.306723,100.0,100.0,0.999,345.0,345.0,False,False,1.3852957795984933,1.3852957795984933,0.003863043703228182,losing,1.3852957795984933,0.003863043703228182,losing,358.60215053763443
pool1g3ssnndd8e7lcmstkjl9ane9mup0eshv3aklg63u5tznwl4ch87,70876097.071738,1000.0,1000.0,0.04,400.0,400.0,False,False,32703.09687107081,1692.5614126627386,4.719886398129975,comfortable,1692.5614126627386,4.719886398129975,comfortable,358.60215053763443
pool1g4th3pqfzh4zajzrhlh8y6wpuztrkzxwt5wd7q578894j06gwfc,7795641.206546,25000.0,25000.0,0.0,340.0,340.0,False,False,3597.362596624204,350.4461022202029,0.9772559971957681,losing,350.4461022202029,0.9772559971957681,losing,358.60215053763443
pool1g5gcxs48ur9y6kvycy44e9n8wn254fltvjklcf29jxfp23x2wjx,701.407805,0.0,0.0,0.025,345.0,345.0,False,False,0.32363678012517894,0.32363678012517894,0.0009024953688648167,losing,0.32363678012517894,0.0009024953688648167,losing,358.60215053763443
pool1g5gmej3cj67td4pmvmacnls8nuq0gjld2pwfeg3jwpxujdx6lmu,22064908.950599,5.0,5.0,0.01,340.0,340.0,False,False,10180.976294178723,438.41197064782244,1.2225581190479007,edge,438.41197064782244,1.2225581190479007,edge,358.60215053763443
pool1g5k0fks847av9zdayg05htnj8wx0ah7jmnwwqlt63rjdzyjr93n,169623.813422,5000.0,5000.0,0.01,340.0,170.0,True,True,78.267755438805,78.267755438805,0.21825790871990597,losing,78.267755438805,0.21825790871990597,losing,358.60215053763443
pool1g637quu9s4v8e30s8y2jg8zfejsne9s8mg985q62y8jfu4khtqg,220.848661,220.22022,220.22022,0.0,340.0,340.0,False,False,0.10190184542895155,0.10190184542895155,0.0002841640667134181,losing,0.10190184542895155,0.0002841640667134181,losing,358.60215053763443
pool1g6g2d09le8hd6nv9jhyavewdnw8tu0ndst4lqysd00ru24cav0a,6314085.993265,0.0,0.0,0.01,340.0,170.0,True,True,2913.3842619469806,365.7338426194698,1.0198874771697357,edge,197.4338426194698,0.5505651383391511,losing,358.60215053763443
pool1g6rm3p7695z7xfhp629hcsj09njun2fnsz03pjrshw8rgs7pluc,89551.51554,1.0,1.0,0.0222,340.0,340.0,False,False,41.31999110762626,41.31999110762626,0.11522516260897277,losing,41.31999110762626,0.11522516260897277,losing,358.60215053763443
pool1g6rugsgxrl7ylqnuw2qvma0kuk63wc4yv43a4tmw3qaawgu87c0,5595.63918,1.0,1.0,0.99,340.0,340.0,False,False,2.5818855187955845,2.5818855187955845,0.007199860667106127,losing,2.5818855187955845,0.007199860667106127,losing,358.60215053763443
pool1g79uyzvt9mm3z7jdcxnp36n4egm4z6l8c6n9l2mk8ae2yf5zman,235903.002947,10000.0,10000.0,0.02,340.0,340.0,False,False,108.85241598208371,108.85241598208371,0.3035464673563354,losing,108.85241598208371,0.3035464673563354,losing,358.60215053763443
pool1g8w64u3sx9mrvhwrdfvysw4g4wnffkjfp5zds3ur6svwzdhwhx9,249523.61149,30000.0,30000.0,0.015,340.0,170.0,True,True,115.14542622554015,115.14542622554015,0.3210951915734703,losing,115.14542622554015,0.3210951915734703,losing,358.60215053763443
pool1g8y2gz4sk7xhyaj469jlj3njyu5dlvqa7t7v9c2gk0yc69879z8,10654637.414886,50000.0,50000.0,0.01,340.0,340.0,False,False,4917.179182172494,407.03674535275627,1.1350649870406695,edge,407.03674535275627,1.1350649870406695,edge,358.60215053763443
pool1g9v6nnrn8x7jcj26mqernsh3h97g6gyhamttzg8q39yvjr60g7k,239103.511816,80000.0,80000.0,0.015,340.0,170.0,True,True,110.34932591711433,110.34932591711433,0.3077207589292843,losing,110.34932591711433,0.3077207589292843,losing,358.60215053763443
pool1ga0h4pv0psju8z3j7l852elq92c7xshuspt27jklnx665r4l2q8,14.776577,1.0,1.0,0.01,500.0,500.0,False,False,0.006818064734999842,0.006818064734999842,1.9012894163567774e-05,losing,0.006818064734999842,1.9012894163567774e-05,losing,358.60215053763443
pool1ga8rg7snafqj5t24zf4xr8cz7tl576ett05qf93qhcamgmkqmj3,1085.758658,250.0,250.0,0.005,340.0,340.0,False,False,0.500980621029042,0.500980621029042,0.001397037413964045,losing,0.500980621029042,0.001397037413964045,losing,358.60215053763443
pool1gas95lqlch5pj5e4lwg78gxlq7km9xfurfd557x4tgwk5kktd04,23704683.824326,250000.0,250000.0,0.01,340.0,340.0,False,False,10948.894651922048,556.8561453483474,1.552852219412183,edge,556.8561453483474,1.552852219412183,edge,358.60215053763443
pool1gavc60d7mz7vvhsh7grcrc8pmcy0zugrnxh3dklwx0sjsdva6sj,483.469105,10.0,10.0,0.05,340.0,340.0,False,False,0.22307763001738665,0.22307763001738665,0.000622075549973522,losing,0.22307763001738665,0.000622075549973522,losing,358.60215053763443
pool1gclysx2h7fndj0jdajlmwvqr8q9tzu3rurjknacu0ff954fsg9a,65627977.076021,50000.0,50000.0,0.01,340.0,340.0,False,False,30287.730518503973,662.0654257810589,1.8462394182200443,edge,662.0654257810589,1.8462394182200443,edge,358.60215053763443
pool1gdgjzmp96kk0d0sj482655wqlq8jtc4t9xw8xzfwfx4tjyq73hw,2905676.458155,250000.0,250000.0,0.02,340.0,340.0,False,False,1341.9899280755192,444.5252999288505,1.239605783909538,edge,444.5252999288505,1.239605783909538,edge,358.60215053763443
pool1gdyn4dggh5c9yn5cjve3dlljjkpwzdt2g4au8aszgwd6y97wde8,37172.350432,100.0,100.0,0.99,340.0,340.0,False,False,17.151712192984064,17.151712192984064,0.04782936233725691,losing,17.151712192984064,0.04782936233725691,losing,358.60215053763443
pool1gerlsm26qanj8wv9xc48rmmx0e7gvu3k5sp9tvy8l67lw3l3w3p,650409.572362,21000.0,21000.0,0.01,340.0,340.0,False,False,300.13108271424335,300.13108271424335,0.8369472471491644,losing,300.13108271424335,0.8369472471491644,losing,358.60215053763443
pool1gf8a46j6hvhad8e48hez4084x34snpua8k7t3kzy9w42q6w60z8,118883.526353,30000.0,30000.0,0.0,340.0,170.0,True,True,54.85921051356496,54.85921051356496,0.15298070697935656,losing,54.85921051356496,0.15298070697935656,losing,358.60215053763443
pool1gg4vec4zld4fxyxxzg4ztz35wurgnwftyqrhgs8zslmh7e09laf,10000.0,0.0,0.0,0.01,340.0,170.0,True,True,4.614102920129024,4.614102920129024,0.012866913690314818,losing,4.614102920129024,0.012866913690314818,losing,358.60215053763443
pool1gglca5t7h2tky6jrhp08sxsf3mecvh0xk6sc4v3mcpfzc8jwu2w,11743.099328,10000.0,10000.0,0.009,340.0,340.0,False,False,5.4184204239338145,5.4184204239338145,0.01510983806374347,losing,5.4184204239338145,0.01510983806374347,losing,358.60215053763443
pool1gha260s6hx855p49fc735w78p0kcp4hyxl8glymp5k5muk9jkgm,1354054.868137,100000.0,100000.0,0.04,340.0,340.0,False,False,625.0162439406254,371.6077772988789,1.0362675648814312,edge,371.6077772988789,1.0362675648814312,edge,358.60215053763443
pool1ghfmak7eu4t6f7ep8jkspt586l828z54xnxfw732yxlngtny0uh,116861.039251,50000.0,50000.0,0.008,340.0,340.0,False,False,53.927319418389935,53.927319418389935,0.1503820301622268,losing,53.927319418389935,0.1503820301622268,losing,358.60215053763443
pool1ghsq6nqsdmxxep9jrfml0j6jk935uhq7d9l5a0ltllev7nk2fa0,70479.119233,25000.0,25000.0,0.0,340.0,340.0,False,False,32.52197744356809,32.52197744356809,0.09069097158176409,losing,32.52197744356809,0.09069097158176409,losing,358.60215053763443
pool1gjmerqh4wxl553enqeqgc6m3r3gt6yspdg29jy6nuypa6k2tpdt,2541.262196,0.0,0.0,0.13,340.0,340.0,False,False,1.1725645319377096,1.1725645319377096,0.00326982013403919,losing,1.1725645319377096,0.00326982013403919,losing,358.60215053763443
pool1glll6eskvg5f4jcep5trqcgqa8zpekfv8d8a6jrprvcwum6u5jn,113620.288299,10000.0,10000.0,0.0,345.0,345.0,False,False,52.42756229711063,52.42756229711063,0.14619979890948392,losing,52.42756229711063,0.14619979890948392,losing,358.60215053763443
pool1gm4mcrf8mytfetsj6ykulrmv4j70y7fhceawgdg2h09t5rtt7cf,2290423.327301,500000.0,500000.0,0.02,340.0,170.0,True,True,1058.5607823716925,508.09597873611256,1.4168793410032523,edge,377.86480148040386,1.053715938161246,edge,358.60215053763443
pool1gmwp956mrfn5hcs7rp7nasa7xpwmx84kkkclyx48xwuh5dltmpj,158.530782,100.0,100.0,0.0,340.0,340.0,False,False,0.073147745665365,0.073147745665365,0.00020398022029622024,losing,0.073147745665365,0.00020398022029622024,losing,358.60215053763443
pool1gntlh2yq89tpsd7kgaeuremj3s60rscqahyl52qzv0x87mt22rq,10765149.67108,10000.0,10000.0,0.0,340.0,340.0,False,False,4967.357596968528,344.2984609952983,0.9601126498519562,losing,344.2984609952983,0.9601126498519562,losing,358.60215053763443
pool1gppqnqfguctp6gu0q8l5wjhye0ny28yzfx93hkr384cfsezru0f,5557699.810618,150000.0,150000.0,0.0,340.0,340.0,False,False,2565.942276868682,400.07725370348396,1.1156577089782311,edge,400.07725370348396,1.1156577089782311,edge,358.60215053763443
pool1gpz25s2aasmqnh9tg8a2rxmyxuvmj5s779htxk295e9ajnzjflc,991480.592294,10000.0,10000.0,0.0,340.0,340.0,False,False,457.49821640671837,341.1850783295199,0.9514306532127541,losing,341.1850783295199,0.9514306532127541,losing,358.60215053763443
pool1gpzkwf3ntp7ky6yvyky8q6qu4dyup5y6v4pxzn56yut8sqp6k53,64328594.406327,64000000.0,64000000.0,1.0,500.0,500.0,False,False,36754.092192607684,36754.092192607684,102.49267088193447,strong,36754.092192607684,102.49267088193447,strong,358.60215053763443
pool1gq7zwmtpnj7wufnv97xhx43eqhla3trc3803r3rcwppszc6vh9y,127525.932478,20000.0,20000.0,0.01,340.0,340.0,False,False,58.84591242139537,58.84591242139537,0.16409804663237687,losing,58.84591242139537,0.16409804663237687,losing,358.60215053763443
pool1gqf605yxhmyfasdjhf8yxcesztgzuek9gfuvy2dnyj5cyp8zga3,523665.129076,1.0,1.0,0.01,340.0,170.0,True,True,241.62448113041856,241.62448113041856,0.673795404651542,losing,170.71638021890035,0.4760606704754942,losing,358.60215053763443
pool1gqgyta9sku3crjzfl9kj7kxsgfkt98y98yeu09kx22zscrezuj7,64299364.690721,2000000.0,2000000.0,0.0,340.0,170.0,True,True,29914.732385217732,1259.907452506623,3.5133850999435063,comfortable,1095.1952185931996,3.0540676260619954,comfortable,358.60215053763443
pool1gqk5pzqmrc9c6030m5sj2s3560ymm5ymq3hqjmz6vfdmx4mw5gs,273646.704292,500.0,500.0,0.01,340.0,340.0,False,False,126.26366823277667,126.26366823277667,0.3520995845771583,losing,126.26366823277667,0.3520995845771583,losing,358.60215053763443
pool1gqp9e65nqy0q08dvqst6mk9fyc96sdels5drncsdz5d82dpw5gg,108.76174,100.0,100.0,0.0095,340.0,340.0,False,False,0.0501837878972747,0.0501837878972747,0.0001399427968349789,losing,0.0501837878972747,0.0001399427968349789,losing,358.60215053763443
pool1gqvrgg7zycvf65ydkjeph72t0yx0f5ykzd9f477zh4f3smwk997,17712834.806425,100000.0,100000.0,0.02,340.0,340.0,False,False,8176.274210148017,540.0813265052859,1.5060738640177387,edge,540.0813265052859,1.5060738640177387,edge,358.60215053763443
pool1gr5pa4shzsyefw445qrpn5pxnuxa8tuev0jquz04acdx6efjpvg,7286469.828164,0.0,0.0,0.039,340.0,340.0,False,False,3362.0521711563542,457.86003467509784,1.2767911011929265,edge,457.86003467509784,1.2767911011929265,edge,358.60215053763443
pool1grgycym8cf0xmgjjr7gx7udmkpu93hqaygysy5myx6ghx8dvl5r,20447911.77187,100000.0,100000.0,0.03,340.0,340.0,False,False,9438.79328561816,656.1262964583842,1.8296775283547144,edge,656.1262964583842,1.8296775283547144,edge,358.60215053763443
pool1grhujlggx90ln0jcnrey4adckysxdx6rqfmx9s6fnhtc2g0qym0,379991.085217,10000.0,10000.0,0.99,340.0,340.0,False,False,175.33890986829124,175.33890986829124,0.488951082991037,losing,175.33890986829124,0.488951082991037,losing,358.60215053763443
pool1grlhzfvd93ea4832tm36hwd7y4h8ghnlwnp3awx5heffjttgf0u,3.712433,2.0,2.0,0.06,345.0,345.0,False,False,0.0017129548011909589,0.0017129548011909589,4.776755517563993e-06,losing,0.0017129548011909589,4.776755517563993e-06,losing,358.60215053763443
pool1grz62pdyyakffeymsjxpkz4x9382y3zhfa8zu28tk2fpqxm6p5l,1120030.6363,30000.0,30000.0,0.0095,340.0,340.0,False,False,516.8565413205049,346.3722339075936,0.9658955848097812,losing,346.3722339075936,0.9658955848097812,losing,358.60215053763443
pool1gsfu7c2ac6rh45dn836myms9flp99y0erppqez80nwehk9c70eu,12600.074536,500.0,500.0,0.04,340.0,340.0,False,False,5.813815699350192,5.813815699350192,0.016212439581396336,losing,5.813815699350192,0.016212439581396336,losing,358.60215053763443
pool1gslrt6mmljsqkzft6nd0q7w7g2fyhxpxx6sj4ff68x22kwx6unm,2572745.991312,50000.0,50000.0,0.0,340.0,170.0,True,True,1187.3340877984713,356.46750380060575,0.9940473119477161,losing,189.77136668823786,0.5291975143030321,losing,358.60215053763443
pool1gsrcrjm6ctkquef6m8jsyvplv0j357hupn92uklqdcm7729ytv6,2007076.044829,1.0,1.0,0.01,340.0,340.0,False,False,926.0855477942664,345.86114456748356,0.964470358164197,losing,345.86114456748356,0.964470358164197,losing,358.60215053763443
pool1gtphgrdj8sluxm9e7ca2spcwcq2p0dxj9zf5v0yv3gsagzq704n,39302091.414111,3030000.0,3030000.0,0.015,340.0,170.0,True,True,18355.256280698,1978.2841104310503,5.516654340932164,strong,1823.74369060209,5.085702045756952,strong,358.60215053763443
pool1gu33fszp9ek0w9fkdt2xpnp4vznvvv2vhktc0dypa8fr53lc9pc,4685517.719307,200001.0,200001.0,0.01,340.0,170.0,True,True,2163.675350187684,435.3017752150301,1.2138850103447616,edge,274.18564908265006,0.7645956631090391,losing,358.60215053763443
pool1gvydgpt2nt6zchvt6fyc5h3w5g24nrrw54tskm0mkc6hqh4ye5n,496.831786,50.0,50.0,0.02,345.0,345.0,False,False,0.22924334240032052,0.22924334240032052,0.0006392692906515684,losing,0.22924334240032052,0.0006392692906515684,losing,358.60215053763443
pool1gwljutrkqx7km7ec2e8u93y0tvd8w07mgz2aaeqj75h9q7tntmq,32080739.589294,0.0,0.0,0.075,340.0,340.0,False,False,14802.383421886023,1424.6787566414516,3.9728672973809593,comfortable,1424.6787566414516,3.9728672973809593,comfortable,358.60215053763443
pool1gwnu7f7qgaruxph8gn3u28qphvquvnj63elyd3r0nndacj9g9pa,22477749.218911,50000.0,50000.0,0.05,340.0,340.0,False,False,10373.621647341979,862.8841407163652,2.4062436307832673,comfortable,862.8841407163652,2.4062436307832673,comfortable,358.60215053763443
pool1gx2pz27mgupdqynr54s57jrepc3n28yx0wlx0j5ypka55aan9qx,1881687.315718,1000.0,1000.0,0.005,340.0,340.0,False,False,868.2335085705657,342.9204872452483,0.9562700244020417,losing,342.9204872452483,0.9562700244020417,losing,358.60215053763443
pool1gx6eawfvnhckevmlzhfz9j3uzj92j2wgww0mdd2fu5d4zd4wvaa,2849006.299303,10000.0,10000.0,0.0199,340.0,340.0,False,False,1314.6154020675394,362.74766659073134,1.0115602096832987,edge,362.74766659073134,1.0115602096832987,edge,358.60215053763443
pool1gxu3vkh8whgygd32mjxsl5thd7p82qv9xygfkvssa90myrmytus,10353.108855,4500.0,4500.0,0.02,340.0,340.0,False,False,4.777081609397218,4.777081609397218,0.013321396991722375,losing,4.777081609397218,0.013321396991722375,losing,358.60215053763443
pool1gztqypddgmycs0fjat62k5f2kt4zjck4l4f2ffrsmagj2w8zkq3,2028591.723583,100000.0,100000.0,0.01,340.0,340.0,False,False,936.3843179902941,375.06878667082685,1.0459189553339399,edge,375.06878667082685,1.0459189553339399,edge,358.60215053763443
pool1h04mh7qugt09hp8mhjpvfl4t0rutmz703dd003e6qeny5jf9c57,16436712.883093,150000.0,150000.0,0.01,340.0,340.0,False,False,7588.773842017196,477.97789592281936,1.3328918836828245,edge,477.97789592281936,1.3328918836828245,edge,358.60215053763443
pool1h0524mtazrjnzqh5e4u060jsfk8lpsqqjfpa5gygjwuhqu34wvt,21517794.05883,50000.0,50000.0,0.05,340.0,340.0,False,False,9930.596140441052,840.7008116066982,2.3443830728462647,comfortable,840.7008116066982,2.3443830728462647,comfortable,358.60215053763443
pool1h0jfkyfqt729vxhq8ndxffcqn2afjhzzlwqecrvsufgu5sag0sj,116681.472615,50000.0,50000.0,0.01,340.0,340.0,False,False,53.844448256022645,53.844448256022645,0.15015093516671982,losing,53.844448256022645,0.15015093516671982,losing,358.60215053763443
pool1h0prd5vcdv6uk7hglztdcqfp5czjqxdydxkxkdhg8rrk22mr4ym,373957.593375,1000.0,1000.0,0.0,340.0,170.0,True,True,172.54859919742893,172.54859919742893,0.481170006757448,losing,170.0068152091108,0.4740819734466958,losing,358.60215053763443
pool1h0v99elmvl50rqk778ue6g49r3mtgq3z4draq6pzy0nqv000frd,431133.829601,1000.0,1000.0,0.0,340.0,300.0,True,True,198.93041294543232,198.93041294543232,0.554738482876318,losing,198.93041294543232,0.554738482876318,losing,358.60215053763443
pool1h26acqctjzuzk04uxc35mt5eavnlr5wyaqavmdqhd3s2zr8v7nm,420.082031,10.0,10.0,0.02,345.0,345.0,False,False,0.19383018047489772,0.19383018047489772,0.0005405159455521885,losing,0.19383018047489772,0.0005405159455521885,losing,358.60215053763443
pool1h2q3cyle9yrjv4g6qvwqyrm5vk9qj38gtqndvavpqf6lkgpqvj3,476.6529,400.0,400.0,0.04,500.0,500.0,False,False,0.21993261271085726,0.21993261271085726,0.0006133053367948942,losing,0.21993261271085726,0.0006133053367948942,losing,358.60215053763443
pool1h2vtxz36m93e2dw9mn4luh64372t794qsjcpgt3fqpnycc8qh3z,532927.016229,500000.0,500000.0,0.0,340.0,340.0,False,False,245.9332087670595,245.9332087670595,0.6858107470865528,losing,245.9332087670595,0.6858107470865528,losing,358.60215053763443
pool1h3aejp7fln74mwaraqjn65ve3j5zwqr7wk0pasct87wpkv0aspm,11063690.703879,1000000.0,1000000.0,0.03,340.0,340.0,False,False,5124.538520885153,903.0166426968804,2.5181573544470726,comfortable,903.0166426968804,2.5181573544470726,comfortable,358.60215053763443
pool1h40kkf28nr3amhs6nsmqn75aderg6cutmygr47czu2dw2dxzvgm,2058653.140895,30000.0,30000.0,0.02,340.0,340.0,False,False,950.0007690266323,360.91154732980806,1.0064399970516387,edge,360.91154732980806,1.0064399970516387,edge,358.60215053763443
pool1h40xjqda9wmw9cff5jss3ww9npujkhlvg6xjy9l5ujsu5rqlw28,733269.972355,27000.0,27000.0,0.005,340.0,170.0,True,True,338.3749776797509,338.3749776797509,0.9435943905312393,losing,177.01067211984542,0.4936129687300037,losing,358.60215053763443
pool1h4n266z2xz0v754qf8uu09cda7q68gpymt5dlf4zxcvlg3hq3r7,25.098487,0.0,0.0,0.01,340.0,340.0,False,False,0.011580700215752034,0.011580700215752034,3.2294006598648846e-05,losing,0.011580700215752034,3.2294006598648846e-05,losing,358.60215053763443
pool1h5368szqrqvfy7txc5r2lyay0xx4fvp2w38mswplqknax8l9wl2,44928.52616,500.0,500.0,0.015,340.0,340.0,False,False,20.730527071508067,20.730527071508067,0.05780926589655923,losing,20.730527071508067,0.05780926589655923,losing,358.60215053763443
pool1h5jtxde8j86qrnqzj32ugn480u7gw5xw8wqy5d227rl3vfg58qz,965004.13175,51000.0,51000.0,0.024,340.0,340.0,False,False,445.35249814069715,347.96266046801236,0.9703306573770659,losing,347.96266046801236,0.9703306573770659,losing,358.60215053763443
pool1h5kewwuh5jh6cuq52nwu5w7g8488qsp8ja7ahs8p2ln8ygde8xf,8247.425397,8000.0,8000.0,0.01,340.0,340.0,False,False,3.805450779301522,3.805450779301522,0.010611901723389551,losing,3.805450779301522,0.010611901723389551,losing,358.60215053763443
pool1h5spwddnynn6dt2z3qz9tvkju7sn6s8ptqetyfpltsppwalukyg,23407.797211,352.472521,352.472521,0.14,345.0,345.0,False,False,10.80061416553709,10.80061416553709,0.030118654194751102,losing,10.80061416553709,0.030118654194751102,losing,358.60215053763443
pool1h5xdez7j0ncewgxs4m8fykjt9jzuy86t8e0m7m7m2l79w4jzzk2,203.250629,1.0,1.0,1.0,340.0,340.0,False,False,0.09378193246742363,0.09378193246742363,0.0002615208311685276,losing,0.09378193246742363,0.0002615208311685276,losing,358.60215053763443
pool1h66njz7qg7p3sa9dd8mptfhsy04pyxr9ca0v8zwkcz3eyg3g3au,3283.294706,2.0,2.0,0.06,345.0,345.0,False,False,1.514945981673233,1.514945981673233,0.004224586995370635,losing,1.514945981673233,0.004224586995370635,losing,358.60215053763443
pool1h6l7mhtqqvkgq5hyvkrjrrwddulx7zc6mxlrsezsspymckuuext,53884.014149,1.0,1.0,0.01,340.0,340.0,False,False,24.862638806881098,24.862638806881098,0.06933209622308671,losing,24.862638806881098,0.06933209622308671,losing,358.60215053763443
pool1h6q8jj55dn6727yydlypu0rz4sflf2enxhs0thqydmddgu3shl5,21373223.44596,350000.0,350000.0,0.01,340.0,170.0,True,True,9876.03753287659,589.957411826146,1.6451585996950997,edge,424.4134303625608,1.1835217098566162,edge,358.60215053763443
pool1h7eevnu53zdfujqfzldw4jgdjh475u0glvtruwrnmdmycn6jdzs,1137709.576071,100.0,100.0,0.01,340.0,340.0,False,False,524.9511263706826,341.865605143811,0.9533283741641506,losing,341.865605143811,0.9533283741641506,losing,358.60215053763443
pool1h8fnr4vlfcv9l4jlv9epalghy3zgjpye4wv85c4rafpvvfztsk7,579904.344213,250000.0,250000.0,0.0,340.0,340.0,False,False,267.73331983175507,267.73331983175507,0.7466026610000965,losing,267.73331983175507,0.7466026610000965,losing,358.60215053763443
pool1h9jr0f9evk3raxlljq6mt4gj7ej4v82afvnlc2wh28rwy2d8lsy,2602.438876,100.0,100.0,0.0,340.0,170.0,True,True,1.2007925626925862,1.2007925626925862,0.003348536981421604,losing,1.2007925626925862,0.003348536981421604,losing,358.60215053763443
pool1ha4z9zne9z7he43qf0tzv9pdq8cdj63xfrj8s246u89lkcwmq7w,351382.360559,30000.0,30000.0,0.01,340.0,340.0,False,False,162.14997702697346,162.14997702697346,0.4521723497303907,losing,162.14997702697346,0.4521723497303907,losing,358.60215053763443
pool1haus36sw7cwyg8jdeg882mentse5txac7fmeew8ketuwky6q602,79634870.186933,200.0,200.0,0.08,340.0,340.0,False,False,33230.79691538675,2971.339748917481,8.285894952003769,strong,2971.339748917481,8.285894952003769,strong,358.60215053763443
pool1hcg8sa642l0xeygkzvpgn3sfj5s2yeuzpws7a0gypyy7grrjcje,211371.450702,10000.0,10000.0,0.02,340.0,340.0,False,False,97.53283373308072,97.53283373308072,0.2719806158073915,losing,97.53283373308072,0.2719806158073915,losing,358.60215053763443
pool1hd5r62ktu43k53tskpr8xja8pyt5k6vws2fxylqm7hp5ye954ea,126.003727,100.0,100.0,0.02,340.0,340.0,False,False,0.05813942146775737,0.05813942146775737,0.000162127921934076,losing,0.05813942146775737,0.000162127921934076,losing,358.60215053763443
pool1hdug72ukeepdxqxz0new8e3nhq5cykkn3prky9wgrz5tgyf4ty2,21046.644218,10000.0,10000.0,0.025,340.0,340.0,False,False,9.711350628181737,9.711350628181737,0.027081127688782652,losing,9.711350628181737,0.027081127688782652,losing,358.60215053763443
pool1heks0vmxkfka2amg9c8yn8qdsxvgmzelfx6jhpfkj8ht5mn0r2m,16277561.538629,25000.0,25000.0,0.029,340.0,340.0,False,False,7511.415633533445,558.6659055523185,1.5578989270274548,edge,558.6659055523185,1.5578989270274548,edge,358.60215053763443
pool1helzgcd9sjm9xtyh9mw2wy06gekh6r52s6mx987q0p8lvklwura,10065226.16127,31500.0,31500.0,0.015,340.0,340.0,False,False,4644.806683503028,417.8422828825537,1.1651973705570462,edge,417.8422828825537,1.1651973705570462,edge,358.60215053763443
pool1her5uyhxcxeyxws60jrft4kkczc2uxyz3z2sq24582z9kvwsng0,100.777362,0.0,0.0,0.0,340.0,340.0,False,False,0.04649971202870997,0.04649971202870997,0.00012966936187916122,losing,0.04649971202870997,0.00012966936187916122,losing,358.60215053763443
pool1hfn7yuwfyhmmqe4qpaxfewuly7cnemc6kqkv5npytj9vcrskh6j,3210756.642754,50000.0,50000.0,0.025,430.0,340.0,True,True,1481.7801244648447,472.2640351480576,1.3169581789735938,edge,385.8805354743597,1.0760686596436417,edge,358.60215053763443
pool1hg8vu74hyaj5qm66ys83c0gmr44j66g2k8s9sns4htw27whsqwf,2062.71944,1000.0,1000.0,0.01,340.0,340.0,False,False,0.9517620217624583,0.9517620217624583,0.002654088996219149,losing,0.9517620217624583,0.002654088996219149,losing,358.60215053763443
pool1hg9yyezrm6dslw9q767n5tlu0qk2ccvd4k9946vv7ymgvsvnttf,97.623898,0.0,0.0,0.02,340.0,340.0,False,False,0.0450446712836178,0.0450446712836178,0.00012561182696780974,losing,0.0450446712836178,0.00012561182696780974,losing,358.60215053763443
pool1hgksl8y3637f88zhet6g8j8seq2kzp6v2qt4ct2maxaxzt0pmmj,531.275577,500.0,500.0,0.02,340.0,340.0,False,False,0.24513604918240786,0.24513604918240786,0.0006835877833272542,losing,0.24513604918240786,0.0006835877833272542,losing,358.60215053763443
pool1hht4pctn70tqdsd0zwuxv8d8cz6l5scjzaquty7vamyzy78eqvc,20585167.85244,750000.0,750000.0,0.01,340.0,340.0,False,False,9527.109852926329,763.2470248610587,2.128395001861423,comfortable,763.2470248610587,2.128395001861423,comfortable,358.60215053763443
pool1hjjj584gq0ynqf06g036a4a0stpm90asrdfskpasqjxf5948ygv,4877031.120544,1000000.0,1000000.0,0.01999,340.0,340.0,False,False,2257.8941962536446,763.7279807154503,2.1297361980970577,comfortable,763.7279807154503,2.1297361980970577,comfortable,358.60215053763443
pool1hjpax8lf2hmct63xxrspe9zzmmywcrzw89yg3nacu0axzy0latu,5090855.816948,9000.0,9000.0,0.02,340.0,340.0,False,False,2349.0611864514435,383.6619586588044,1.069881923696216,edge,383.6619586588044,1.069881923696216,edge,358.60215053763443
pool1hjszxsd493fmr99g2d8evnqlrlurscu00n8jv9mz8qm42f7jvln,2033.733488,999.0,999.0,0.0399,340.0,340.0,False,False,0.9383875494069658,0.9383875494069658,0.002616792866412228,losing,0.9383875494069658,0.002616792866412228,losing,358.60215053763443
pool1hkklrx9ac7w57d79mnv76rxlgq4acg5ecwhyep7k3zn0u5cz2k9,28994410.431463,500000.0,500000.0,0.02,340.0,340.0,False,False,13405.896085049075,822.1290706915009,2.2925938103241252,comfortable,822.1290706915009,2.2925938103241252,comfortable,358.60215053763443
pool1hkpgddlnya3pgktj3sxdraa8x8400vhaphcudvym9ye22esak43,29120600.450006,50000.0,50000.0,0.1,350.0,350.0,False,False,13439.340397866748,1679.1609687923192,4.682517844008566,comfortable,1679.1609687923192,4.682517844008566,comfortable,358.60215053763443
pool1hkr5zcthjvcn3ffncc4jqk5ctxxfrk37h7uddqnvxd4cu872nrt,6805375.916441,100.0,100.0,0.9999,340.0,340.0,False,False,3140.0717968445815,3139.791793779397,8.755641284002515,strong,3139.791793779397,8.755641284002515,strong,358.60215053763443
pool1hl9tn0qpujfss69h6jr3wepc0e7tuczchpfu7nu4ma006u5scfw,2073.941606,400.0,400.0,0.0,340.0,340.0,False,False,0.9569392889833508,0.9569392889833508,0.002668526353087005,losing,0.9569392889833508,0.002668526353087005,losing,358.60215053763443
pool1hmtm4mukp5gs7fgrp0k997lveh4psq9qpeqa6ldugq9nsfcdxmp,2969126.83318,30000.0,30000.0,0.03,340.0,340.0,False,False,1370.1552212807846,381.0010649845649,1.0624617404367176,edge,381.0010649845649,1.0624617404367176,edge,358.60215053763443
pool1hn7hlwrschqykupwwrtdfkvt2u4uaxvsgxyh6z63703p2knj288,324925.683073,100000.0,100000.0,0.02,340.0,340.0,False,False,149.9673719411692,149.9673719411692,0.41819986778197105,losing,149.9673719411692,0.41819986778197105,losing,358.60215053763443
pool1hnnfvsq3xlln6vz7d2xmk6kqekd5z4ctmfpdad8g8kr0yk8kdfd,25999356.222698,1000.0,1000.0,0.02,340.0,170.0,True,True,11996.42051663084,573.5677786003713,1.5994543751074821,edge,406.97418645134167,1.1348905349317773,edge,358.60215053763443
pool1hnp560z9e5acwux8tjguxq36j9r255zuf02u7z2d46dvcf5zhns,3200458.287949,333333.333333,333333.333333,0.0,340.0,170.0,True,True,1478.5707633245747,458.5841381540688,1.278810340279712,edge,306.28993575186365,0.8541218598177907,losing,358.60215053763443
pool1hntu7agmt8u5j9c20ejen7dvq0jfkvkpnul3mrdd8tppqvwfvt2,36767192.349114,1000000.0,1000000.0,0.04,340.0,340.0,False,False,17034.48703541937,1443.6764463474897,4.025844363127932,comfortable,1443.6764463474897,4.025844363127932,comfortable,358.60215053763443
pool1hqlvn3qndgkne52uhe5347nlysmmec73ys9vduk96rs4jzjjyxm,4434565.196731,0.0,0.0,1.0,340.0,340.0,False,False,2046.1540223739048,2046.1540223739048,5.705916764041174,strong,2046.1540223739048,5.705916764041174,strong,358.60215053763443
pool1hqwxta8p0j8ffkyle5mf6yg80tucqzh8q9mszws60xe5ja06nwa,4038315.892416,150000.0,150000.0,0.0,340.0,340.0,False,False,1864.443946727616,396.62424587402404,1.1060286316726906,edge,396.62424587402404,1.1060286316726906,edge,358.60215053763443
pool1hr4t5a052rh773vml9pra5planumw2tjn9cg6nsrzq64jdz907s,88859.061084,50000.0,50000.0,0.0,340.0,340.0,False,False,41.00422562449109,41.00422562449109,0.11434461718373827,losing,41.00422562449109,0.11434461718373827,losing,358.60215053763443
pool1hrfv7z55k4m2q6ghemu56r3zkw7dt5wd5xay5yw7an7p7aw33ac,79448.609218,1000.0,1000.0,0.0,340.0,170.0,True,True,36.65855676034894,36.65855676034894,0.1022262602312579,losing,36.65855676034894,0.1022262602312579,losing,358.60215053763443
pool1hrv8gtrm0dgjg6zyss5uwa4nkruzfnh5vrdkr2sayj7x2nw6mjc,2669877.057798,100000.0,100000.0,0.015,340.0,340.0,False,False,1232.403398072728,386.3095649783843,1.0772650537628108,edge,386.3095649783843,1.0772650537628108,edge,358.60215053763443
pool1hsq2jrulgj97tna2femdhsfn2wurkkwt8uk9uvs42h9zs0a783p,36117994.45373,50000.0,50000.0,0.05,340.0,340.0,False,False,16668.682928015525,1177.9085513562995,3.284722497035558,comfortable,1177.9085513562995,3.284722497035558,comfortable,358.60215053763443
pool1huyzkfxwnttj7r4530hv7gc5v6mzk75vuzysc75aemu85mae9vd,281402.001064,100000.0,100000.0,0.02,340.0,340.0,False,False,129.87672020986815,129.87672020986815,0.3621749619045798,losing,129.87672020986815,0.3621749619045798,losing,358.60215053763443
pool1hv3yae6keeeu2y7eusejx4swd2myfkurldt7lasn2qu4xk20j8m,306600.241485,40.0,40.0,0.01,340.0,340.0,False,False,141.46853052329496,141.46853052329496,0.39449995018490047,losing,141.46853052329496,0.39449995018490047,losing,358.60215053763443
pool1hvevy8qu5lwg7ul66xmzvwv8zwdgdradsg9ncvrflm7dvy407e0,124893.490598,72000.0,72000.0,0.0,340.0,170.0,True,True,57.63447889292336,57.63447889292336,0.16071983619315958,losing,57.63447889292336,0.16071983619315958,losing,358.60215053763443
pool1hw3cgyx7tvxh2fpd46k9sqgruu5pfnzt4nxuyv2w7nlmusutda2,4193585.097407,33333.0,33333.0,0.03333,343.0,333.0,True,True,1935.2299807888708,408.30315213179995,1.138596496199622,edge,398.71328856259026,1.111854148015619,edge,358.60215053763443
pool1hwlghkwnjsjk8370qt3dvp23d7urwm36f95fmxcz3np2kghknj9,20573466.100147,500.0,500.0,0.0,340.0,340.0,False,False,9492.828771836557,340.22244255604,0.9487462416105462,losing,340.22244255604,0.9487462416105462,losing,358.60215053763443
pool1hxdcr4u22lytge79hr5hds39e90jsdmhafphdgnn4hlqvl4qlt7,62823.222557,1000.0,1000.0,0.01,340.0,340.0,False,False,28.98740029168317,28.98740029168317,0.08083442959899655,losing,28.98740029168317,0.08083442959899655,losing,358.60215053763443
pool1hy08gpvzkutxkg3ccxwmkzqaun9cd0styl4dtpqp2yxq2rjxehj,32078206.660875,0.0,0.0,0.075,340.0,340.0,False,False,14801.214702644565,1424.5911026983424,3.9726228650958273,comfortable,1424.5911026983424,3.9726228650958273,comfortable,358.60215053763443
pool1j099ctc7kcc9fa78dz5qwsy2g0n96lrgletwxvxmyzh4zd7ck0j,23952272.174278,10000.0,10000.0,0.02,340.0,170.0,True,True,11052.28513485201,558.628601887468,1.557794901815128,edge,392.09815687531545,1.0934071541050776,edge,358.60215053763443
pool1j3azwphh66wk6efre3ezjjw8mqljqmnxe5qr9tyfmjdq6eqe5fc,177.935758,100.0,100.0,0.0475,345.0,345.0,False,False,0.08210140503768738,0.08210140503768738,0.00022894844583223168,losing,0.08210140503768738,0.00022894844583223168,losing,358.60215053763443
pool1j3t6mhgndeuzqkpcj6csyxfhsr2fkgwknk6e4tjeeqhnc52fjc9,201.929822,100.0,100.0,0.1,340.0,340.0,False,False,0.09317251772619074,0.09317251772619074,0.00025982141374919753,losing,0.09317251772619074,0.00025982141374919753,losing,358.60215053763443
pool1j3umdcuxcewcxz98wm3sx5xqwgxx0v7z376xyjfq4jgejpvv8fz,7948274.614486,10000.0,10000.0,0.02,340.0,340.0,False,False,3667.5683064323093,410.654164658481,1.145152543125599,edge,410.654164658481,1.145152543125599,edge,358.60215053763443
pool1j4nkshfytq8tww99ttfwvrmv8n7yq2tvuw0xlphelzzw6vfghwq,93969.110559,10350.0,10350.0,0.0,340.0,170.0,True,True,43.35997842952212,43.35997842952212,0.12091388287692825,losing,43.35997842952212,0.12091388287692825,losing,358.60215053763443
pool1j5ukjmhn96jslmcd6k3ymj3vnjf3wpjn9sarhk7m7vtkv7ll2w3,35482.926,15000.0,15000.0,0.0,340.0,340.0,False,False,16.372777985712663,16.372777985712663,0.04565722196915375,losing,16.372777985712663,0.04565722196915375,losing,358.60215053763443
pool1j6490a90qefvsqxdurf99z9ld50rtthaz9ms6c8xh78s52veuq2,7528558.048931,25000.0,25000.0,0.01,340.0,340.0,False,False,3474.1148410167684,381.6444949223433,1.0642560128269243,edge,381.6444949223433,1.0642560128269243,edge,358.60215053763443
pool1j6dh3ynys827j38976q0q3s3c9hpzgx40kjcq4472h6m7d3t0hm,5544112.286744,100000.0,100000.0,0.03,340.0,340.0,False,False,2559.158312021635,445.4012278179455,1.2420484014113622,edge,445.4012278179455,1.2420484014113622,edge,358.60215053763443
pool1j6jx6knedgcysdyjcdchlq9hcmhc062jttck9lav7a8aklta6mk,1354.555203,2.0,2.0,0.06,345.0,345.0,False,False,0.6250057169630729,0.6250057169630729,0.0017428945030754357,losing,0.6250057169630729,0.0017428945030754357,losing,358.60215053763443
pool1j6zqawj6f58lp4p00t26eqe58gxx4pa3cudlzpkv23y92nlxjzd,34601562.980529,0.0,0.0,0.0,813.0,813.0,False,False,15965.51727894872,813.0,2.267136431784108,comfortable,813.0,2.267136431784108,comfortable,358.60215053763443
pool1j742gcsul7u8c05rsqmkgpkvj5qadj0pew69nctu6crqy9wjjn4,1925219.514857,62000.0,62000.0,0.01,340.0,340.0,False,False,888.5383257675965,362.97392530484916,1.0121911560225179,edge,362.97392530484916,1.0121911560225179,edge,358.60215053763443
pool1j7cypyjzhcfuy0gsuc2vtd48cpsc0utmqkq09fjlp5dgsjrs7pg,206.890051,5.0,5.0,0.03,345.0,345.0,False,False,0.09546120078664688,0.09546120078664688,0.0002662036483705595,losing,0.09546120078664688,0.0002662036483705595,losing,358.60215053763443
pool1j8355yxxpfuhqyda4lrj8c9cdghaang3wvwge8jq8nlxurvfqv7,658735.174388,20000.0,20000.0,0.0,340.0,170.0,True,True,303.9717493004183,303.9717493004183,0.8476573518722309,losing,174.06754503203462,0.4854057477654938,losing,358.60215053763443
pool1j8grqucdwwcr0cwzxrtw30vqcptg0jdlrmauq5w7ytvqx6nf5np,2986986.140401,250000.0,250000.0,0.01,340.0,170.0,True,True,1379.546257409488,436.5316837064459,1.2173147401708986,edge,282.3177885701101,0.7872729936138002,losing,358.60215053763443
pool1j8r3q09v0tx48f78u4kxldmakryd384uk6cg9rrlzjhtu93027r,5929.756486,1000.0,1000.0,0.0,340.0,340.0,False,False,2.736060146965205,2.736060146965205,0.007629792913576134,losing,2.736060146965205,0.007629792913576134,losing,358.60215053763443
pool1jayej3rwf5ynfmmu7583x3w2j73dcedtflgnazdezfn3kl6062x,1385307.06406,750.0,750.0,0.9999,340.0,340.0,False,False,639.196932824602,639.1670293297282,1.7823848194202314,edge,639.1670293297282,1.7823848194202314,edge,358.60215053763443
pool1jc24u7v5xsaw9dw6s0vftjat8ssc8ru4c0uhrj8zpm3usnrp03t,42068.4285,3000.0,3000.0,0.0,340.0,340.0,False,False,19.41103115842573,19.41103115842573,0.054129712075969796,losing,19.41103115842573,0.054129712075969796,losing,358.60215053763443
pool1jd33dsshcmepweqwmrgn9jc0lqfnammnua8yc2qq9w0txxkawt6,10263.72948,2.0,2.0,0.06,345.0,345.0,False,False,4.7357904559545085,4.7357904559545085,0.013206252245990082,losing,4.7357904559545085,0.013206252245990082,losing,358.60215053763443
pool1jdhjfcu34lq88rypdtslzwyf27uh0h3apcr9mjd68zhc69r29fy,25138211.269538,1000.0,1000.0,0.03,340.0,340.0,False,False,11599.077717176524,678.206781893191,1.8912512958340857,edge,678.206781893191,1.8912512958340857,edge,358.60215053763443
pool1je2n5smmnyn3lh92xrp8nepjyfp596ypga6pmdecwtcrcj9uvec,6661066.472315,150000.0,150000.0,0.0,340.0,170.0,True,True,3075.36577506505,401.5974736125339,1.1198970028775308,edge,235.42568942541973,0.6565094187875272,losing,358.60215053763443
pool1jeu74g86ys4fekhykqcww99kdsq3nlym8a6kfw8s8ff3vskad70,28970912.833372,5000.0,5000.0,0.025,340.0,340.0,False,False,13367.755733379934,667.8861027952603,1.8624709913031245,edge,667.8861027952603,1.8624709913031245,edge,358.60215053763443
pool1jezf7dcx26edfpxmpuh05yen64a9cj44xm2ggsapcxrtqewfek2,1618513.537626,1000000.0,1000000.0,0.0274,340.0,340.0,False,False,748.0307861274855,596.3746207626974,1.663053665095378,edge,596.3746207626974,1.663053665095378,edge,358.60215053763443
pool1jf4kt5qvyx4plvv7gna2y2f7xsjh3mt2szk2ff23ryd8qg826hj,18577376.530598,10000.0,10000.0,0.25,340.0,340.0,False,False,8572.149646041094,2401.3608690632614,6.696448600386305,strong,2401.3608690632614,6.696448600386305,strong,358.60215053763443
pool1jg3fmnmc9n52sgzslhhvhye5e3xeqmrwkekdhh82sma47r47zg0,68723065.614737,1000.0,1000.0,0.03,340.0,340.0,False,False,31709.661859579734,1281.5326266639763,3.5736891838005933,comfortable,1281.5326266639763,3.5736891838005933,comfortable,358.60215053763443
pool1jgwu8lq3dqddnnx7prymcgcyrqy0fdlghg33he2hmw9t2gma3zd,5771729.284084,175369.0,175369.0,0.02,340.0,340.0,False,False,2665.026345149337,455.7315622742966,1.2708556309298225,edge,455.7315622742966,1.2708556309298225,edge,358.60215053763443
pool1jh4caf4afnjdgne8m95addh93e7zf6zlnx0pk5flcvylsps7nsp,999.825743,1.0,1.0,0.0,340.0,340.0,False,False,0.46132988995939916,0.46132988995939916,0.00128646715940702,losing,0.46132988995939916,0.00128646715940702,losing,358.60215053763443
pool1jhca0ycgclhc3ae860llt8fwtgvkw4p44m0khs2df5xawk4kx8t,1571.455502,0.0,0.0,0.0,340.0,340.0,False,False,0.7250857420631022,0.7250857420631022,0.0020219782312404346,losing,0.7250857420631022,0.0020219782312404346,losing,358.60215053763443
pool1jhzf2mm6zdlhl6w89uhgx8nq8p6ykcc86qq58vjy0ejyxrrksfj,39447593.055516,10.0,10.0,0.03,340.0,340.0,False,False,18201.526189137978,875.8501777495643,2.4424007955235223,comfortable,875.8501777495643,2.4424007955235223,comfortable,358.60215053763443
pool1jj2hvts3ryffy5txm7w0am3zt7s7sehdf8rrwfesjmr7shv0mgl,6339442.362051,100000.0,100000.0,0.01,340.0,340.0,False,False,2926.284869722296,406.25160649005664,1.1328755443350904,edge,406.25160649005664,1.1328755443350904,edge,358.60215053763443
pool1jj88mfe33panw8qkkhdmwrjy7ty52qkcs3seqzkq55h0v75gx97,3054360.66713,100.0,100.0,1.0,340.0,340.0,False,False,1409.3140343656385,1409.3140343656385,3.930021145307477,comfortable,1409.3140343656385,3.930021145307477,comfortable,358.60215053763443
pool1jjry6f6q0swaq457ft9eclaxaskvrxnpj0v3w8edsyfryml3vj6,18412836.323365,50000.0,50000.0,0.02,340.0,340.0,False,False,8497.638090041826,524.8617619457418,1.4636324995788301,edge,524.8617619457418,1.4636324995788301,edge,358.60215053763443
pool1jk25l2pejpdzq8vdjlxrr05th49v9tgd78fqrtxvuw3rumpfc6t,33826566.985764,555.0,555.0,0.0299,340.0,340.0,False,False,15607.96223368749,796.7550855408333,2.221835770773538,comfortable,796.7550855408333,2.221835770773538,comfortable,358.60215053763443
pool1jk9na2mu29wwap6pprs0c98j3rvh4jva95f5m3hxnwq86tk9c0l,5077.334657,1000.0,1000.0,0.01,340.0,340.0,False,False,2.3427423035429737,2.3427423035429737,0.0065329845346175875,losing,2.3427423035429737,0.0065329845346175875,losing,358.60215053763443
pool1jm220zs5txnxe6nt89hajtm6hwsf902e2dwjrtfuq33uw835g65,4071939.948721,25000.0,25000.0,0.0,340.0,340.0,False,False,1879.0295250904585,349.4489944870986,0.9744754568905598,losing,349.4489944870986,0.9744754568905598,losing,358.60215053763443
pool1jm84g92qcju3nvatf5fvxxw9n09pke3292jh3tv82x2t6d5zynn,76827.858322,0.0,0.0,0.0018,340.0,340.0,False,False,35.44916454307992,35.44916454307992,0.09885374220409092,losing,35.44916454307992,0.09885374220409092,losing,358.60215053763443
pool1jm8s3r3xq4kpawavy096rqle964exle3lxwnpvx62wjnwadwd5l,132069.041732,100000.0,100000.0,0.01,340.0,340.0,False,False,60.94421405555519,60.94421405555519,0.16994938252373712,losing,60.94421405555519,0.16994938252373712,losing,358.60215053763443
pool1jmw0strgchxurvgamymrexjn2lypxslexaz0q7la3078vnple57,22611.402032,10000.0,10000.0,0.03,340.0,340.0,False,False,10.433376067030729,10.433376067030729,0.029094571941045207,losing,10.433376067030729,0.029094571941045207,losing,358.60215053763443
pool1jp3rc7t9chgjhpky4hxqj9zxwrleqz0r8hhqlt5m88gn5tnycn5,2024.705879,1000.0,1000.0,0.02,340.0,340.0,False,False,0.9342221004175776,0.9342221004175776,0.0026051770716292266,losing,0.9342221004175776,0.0026051770716292266,losing,358.60215053763443
pool1jp67hct7n86tdkr7qxrfh3q0xl973rl6986aawxkrqz6wq4ymc9,3742804.155188,1069.0,1069.0,0.0,340.0,170.0,True,True,1726.9760461789122,340.3961407896029,0.9492306174942449,losing,170.44469529378344,0.47530304834548304,losing,358.60215053763443
pool1jpezycd8q3l6a255dv8wt7vpt4aay8llqakdn7vkum5swes4hu3,274685.533551,5000.0,5000.0,0.03,340.0,340.0,False,False,126.7453241208537,126.7453241208537,0.35344273293071643,losing,126.7453241208537,0.35344273293071643,losing,358.60215053763443
pool1jphnr6n8v7hg4rhsmel2s6yunjalthar07vv7rwvgsky5q8k49h,812.165326,500.0,500.0,0.01,340.0,340.0,False,False,0.3747417402301145,0.3747417402301145,0.0010450069517661362,losing,0.3747417402301145,0.0010450069517661362,losing,358.60215053763443
pool1jpz5m45ff4r6tnq7n5tw63fkhpmw3cyv8sn569w24x8lj3kl68c,4168125.372208,10000.0,10000.0,0.01,340.0,170.0,True,True,1923.2958758039747,359.59355321495644,1.0027646311541514,edge,191.69733185636247,0.5345682717433795,losing,358.60215053763443
pool1jq3s8emkm332n7vd3n57amjzspvt3hygh4wqsyp33psugvw7zc0,502.300231,500.0,500.0,0.01,340.0,340.0,False,False,0.2317664984777419,0.2317664984777419,0.0006463053780638679,losing,0.2317664984777419,0.0006463053780638679,losing,358.60215053763443
pool1jq7083uth03spzhg5ag6gfgg24ux6fjuhng8vj2wdz8jkukqvcl,406.436573,400.0,400.0,0.075,345.0,345.0,False,False,0.18753402278284928,0.18753402278284928,0.0005229584443419785,losing,0.18753402278284928,0.0005229584443419785,losing,358.60215053763443
pool1jq7r3evstu2c040vlry8tgvpwf0mfvft86cxecwjpwcuvvqfu2r,32748386.14735,500.0,500.0,0.03,340.0,340.0,False,False,15110.473886284364,783.3329656836042,2.18440677087182,comfortable,783.3329656836042,2.18440677087182,comfortable,358.60215053763443
pool1jql92je87mrx5gpjhmwr6a8a766cktcf5p0p8wd0wxq87nu80yf,7618182.166201,215000.0,215000.0,0.025,340.0,170.0,True,True,3518.1762870878806,506.9063989576754,1.4135620720558864,edge,345.8341881234563,0.9643951872708075,losing,358.60215053763443
pool1jqw9cv37w0eewvdr36w2kacd2w9wh5uwm2y3vmc0fmdfc0ax26l,782266.047339,80000.0,80000.0,0.02,340.0,170.0,True,True,361.05371987640774,342.5311131035735,0.9551842134522438,losing,192.96879490676213,0.5381138808494416,losing,358.60215053763443
pool1jrsmda62uar63wrndmdg3jupdtmmtsxmnqt66r3mm33wj2fd2yh,509.766415,500.0,500.0,1.0,340.0,340.0,False,False,0.23521147979249016,0.23521147979249016,0.0006559120725847551,losing,0.23521147979249016,0.0006559120725847551,losing,358.60215053763443
pool1jrws5cpc6nydu0yxrexf5vflgga0fr4qlduz8cs3pgqmye3xurt,350598.598449,50000.0,50000.0,0.015,340.0,340.0,False,False,161.79871274132643,161.79871274132643,0.4511928121422296,losing,161.79871274132643,0.4511928121422296,losing,358.60215053763443
pool1js570lkcs6t3pwsj3eda0zz43mc5gm922ae5rdxcfn84gu5uyrg,1617793.208893,150000.0,150000.0,0.02,340.0,340.0,False,False,746.8905751154457,385.10972745125673,1.0739191799990067,edge,385.10972745125673,1.0739191799990067,edge,358.60215053763443
pool1jslaut45plz6ek7grjyzxz6kzgerr7p5204h9sprh3msw6d8yht,1092990.16074,60000.0,60000.0,0.01,340.0,340.0,False,False,504.436139224605,350.5808614823553,0.9776317876419504,losing,350.5808614823553,0.9776317876419504,losing,358.60215053763443
pool1jst7rrhucnp93hepezv5yqy6fx982xs2v0udwfc5ea6my3kfak7,47790418.614897,1000.0,1000.0,0.04,400.0,400.0,False,False,22051.08286148616,1266.4782351014796,3.531708421722267,comfortable,1266.4782351014796,3.531708421722267,comfortable,358.60215053763443
pool1jsv2hveu0n6sw7zesdcmc8cfle2xp5w7ma6qlt4xvh62cxly5wc,403.738331,2.0,2.0,0.06,340.0,340.0,False,False,0.1862890227478013,0.1862890227478013,0.00051948663015129,losing,0.1862890227478013,0.00051948663015129,losing,358.60215053763443
pool1jsxk3ymqv2gdc6mhqk52544g2aun4zhq5wgx6n32l5s3jlne70n,1904211.869131,1000.0,1000.0,0.0,340.0,170.0,True,True,878.6266126313136,340.2828606529362,0.9489147238597622,losing,170.37213643298773,0.4751007102928893,losing,358.60215053763443
pool1jt7d6ak3m8gnjyxtuxfswe258xzwda80ndl0a57vv5m2zv8h6at,24674386.645268,1000.0,1000.0,0.029,340.0,340.0,False,False,11385.063370361851,660.7414891337302,1.8425474809426357,edge,660.7414891337302,1.8425474809426357,edge,358.60215053763443
pool1ju00mkurj9t920staddyd3ln9r98kktx38jrer0zp82eg8x36jf,114.848902,5.0,5.0,0.02,340.0,340.0,False,False,0.05299246646483417,0.05299246646483417,0.00014777509388994237,losing,0.05299246646483417,0.00014777509388994237,losing,358.60215053763443
pool1ju8f57hyvaa32tp85r468kuedvmjmcy56f8u9968drea57p50l5,64918221.750533,100000.0,100000.0,0.005,340.0,340.0,False,False,29966.411100204044,533.540383470911,1.487833753007338,edge,533.540383470911,1.487833753007338,edge,358.60215053763443
pool1jufp9k6gmyusvch65ra8yk2s7wu6cx5fsgnltl83p93ejg6h3xg,29435247.880422,500000.0,500000.0,0.0,495.0,495.0,False,False,13609.729609048392,717.7725355384432,2.0015845818613256,comfortable,717.7725355384432,2.0015845818613256,comfortable,358.60215053763443
pool1jv4yvr5edp7qp690hk3qfudwmw28n2wygjxyhaecqkzeqh0wlem,1937850.377506,420.0,420.0,0.0,340.0,340.0,False,False,894.1456725500941,340.12010276189153,0.9484608562775385,losing,340.12010276189153,0.9484608562775385,losing,358.60215053763443
pool1jv9pf6w2fmjqpaekyt74tjkmjxhma8wsqs8ur3dte45tqdxe3t0,103830.709812,0.0,0.0,0.03,340.0,340.0,False,False,47.90855813426185,47.90855813426185,0.1335980781555128,losing,47.90855813426185,0.1335980781555128,losing,358.60215053763443
pool1jwgt6tydz6f4kw7la2hxxqwzq0m8spj3reyju08nm07xjnlg3d0,9.551618,0.0,0.0,0.075,340.0,340.0,False,False,0.0044072148505756945,0.0044072148505756945,1.2289984440885744e-05,losing,0.0044072148505756945,1.2289984440885744e-05,losing,358.60215053763443
pool1jwpt6qmmkvfusvwan4f9pfhn7pljsm33lcqf7ftya3mtc0fs2nz,144.698748,100.0,100.0,0.01,340.0,340.0,False,False,0.06676550015975956,0.06676550015975956,0.00018618265411866983,losing,0.06676550015975956,0.00018618265411866983,losing,358.60215053763443
pool1jx4ss2zjage3cw0wht3450328y82yeprmq4fr3e2qtac2rhezkv,29896124.272023,50000.0,50000.0,0.05,340.0,340.0,False,False,13797.249650975858,1034.2438279233684,2.8840982307908023,comfortable,1034.2438279233684,2.8840982307908023,comfortable,358.60215053763443
pool1jxv3my3c70e8pfr0cgm6esatehey2ml3v0qk8x236aw32eu0fcy,1940747.970088,100000.0,100000.0,0.0187,340.0,250.0,True,True,895.8353989472461,378.4988158924267,1.055483954362689,edge,294.73248405548526,0.8218926841727174,losing,358.60215053763443
pool1jyn6ynmz6qcpr48et0rkdk9j4vuyn6d0qdlsahc0jls8jrs708g,11536.676262,1000.0,1000.0,0.01,345.0,345.0,False,False,5.323161414802142,5.323161414802142,0.014844198248173887,losing,5.323161414802142,0.014844198248173887,losing,358.60215053763443
pool1jyutduy73e5u9877uns3k9rm0tf4r24j8lrn4xtkjpl3q5sn5mw,11335149.995508,500.0,500.0,0.015,340.0,170.0,True,True,5230.165762162628,413.56495884249307,1.1532696003703704,edge,246.12234515851299,0.6863381739052985,losing,358.60215053763443
pool1jz5ljsnj4fzmk84j0wcw9ldy866dn07nzqg2ktyuyjvfvr3jgtq,36696931.143919,215000.0,215000.0,0.025,340.0,170.0,True,True,16947.462483869993,850.0538770100334,2.370465084315835,comfortable,685.2749731995278,1.9109616943794927,edge,358.60215053763443
pool1jzk8rwf2fs5l02dmm6pm5tnw9stmd8jpmvsy54085vu2u2656re,65000025.262306,0.0,0.0,1.0,340.0,340.0,False,False,29991.680637126643,29991.680637126643,83.6349714918374,strong,29991.680637126643,83.6349714918374,strong,358.60215053763443
pool1k0sdhxunrkpv6dqdhhn3wkul8ytxhskt9erw94h66xe46nsqp0c,2173.635727,500.0,500.0,0.01,340.0,340.0,False,False,1.0029395039107079,1.0029395039107079,0.002796802814503623,losing,1.0029395039107079,0.002796802814503623,losing,358.60215053763443
pool1k0ucs0fau2vhr3p7qh7mnpfgrllwwda7petxjz2gzzaxkyp8f88,63485197.690424,1000000.0,1000000.0,0.0,340.0,170.0,True,True,29414.514956052633,797.9731341127758,2.225232427960664,comfortable,630.6509236792347,1.7586367586857217,edge,358.60215053763443
pool1k0uv5fhsr74we0w7gfkv6m7r9rfpvgz2u7v66ppe0vxsvj0pzvt,1367.097607,100.0,100.0,0.9,340.0,340.0,False,False,0.6307931495936744,0.6307931495936744,0.001759033370681011,losing,0.6307931495936744,0.001759033370681011,losing,358.60215053763443
pool1k0xa8wlsntmjhtw2shj3tspqd4kjyquw9tuyx5s7zz5jsyw4y2p,14237090.921551,150000.0,150000.0,0.0,340.0,340.0,False,False,6573.21015565851,405.6722309705471,1.131259894460596,edge,405.6722309705471,1.131259894460596,edge,358.60215053763443
pool1k0xrqp03mn9u3q3sadndd6vu9udl5v38xpzyw0shm8sskuxw2av,44713831.966473,50000.0,50000.0,0.05,340.0,340.0,False,False,20635.717462211545,1376.3462390433808,3.8380869634493076,comfortable,1376.3462390433808,3.8380869634493076,comfortable,358.60215053763443
pool1k2qhlrrweu8fecd4hx4hn22lv00nrd3rjdxj6durax7m78q7ynu,47089154.839251,0.0,0.0,0.1,340.0,340.0,False,False,21727.420685019577,2478.742068501958,6.912234253993465,strong,2478.742068501958,6.912234253993465,strong,358.60215053763443
pool1k2yfr7tapqzfgdn7vq2u44225rtqxctelr6dp0xjqggrwnx9hnw,768028.017915,27000.0,27000.0,0.0,340.0,340.0,False,False,354.41450205005884,340.50674135093163,0.9495390388496744,losing,340.50674135093163,0.9495390388496744,losing,358.60215053763443
pool1k3mtxd2duy4848gx8knvlsas7w77f3k2cplwk6hjul72646fjte,1002.437424,1000.0,1000.0,0.01,345.0,345.0,False,False,0.4625349492440047,0.4625349492440047,0.0012898275945934761,losing,0.4625349492440047,0.0012898275945934761,losing,358.60215053763443
pool1k3qcz2ruwtgv0vduu6jhzu7d7uu6ca7sxz7lc3sxzwxay98k842,1940.437,2.0,2.0,0.06,345.0,345.0,False,False,0.8953376102540271,0.8953376102540271,0.0024967435608283213,losing,0.8953376102540271,0.0024967435608283213,losing,358.60215053763443
pool1k3wpsc8q8za2qeptx5kv73r76hs5gvp59gga6ad6u5hnj3scy3q,84768.38592,4000.0,4000.0,0.02,340.0,340.0,False,False,39.11362668726127,39.11362668726127,0.10907248221635076,losing,39.11362668726127,0.10907248221635076,losing,358.60215053763443
pool1k468tmpfxqexnwyf3y7e3syglyxzmuqggmjm3cc4gy3skmm557a,1295706.479518,10.0,10.0,0.03,340.0,340.0,False,False,597.8523299808165,347.73750024988607,0.969702774310027,losing,347.73750024988607,0.969702774310027,losing,358.60215053763443
pool1k4ejdzlnd83l8f8xm5t0m4uv5q0tzexpm23f6cg7lzzayrquzqw,13017353.647872,30000.0,30000.0,0.025,340.0,340.0,False,False,6007.09011487118,494.4112071257672,1.3787179089264272,edge,494.4112071257672,1.3787179089264272,edge,358.60215053763443
pool1k53pf4wzn263c08e3wr3gttndfecm9f4uzekgctcx947vt7fh2p,78269.320144,10000.0,10000.0,0.0,340.0,340.0,False,False,36.11558221464489,36.11558221464489,0.10071211831969938,losing,36.11558221464489,0.10071211831969938,losing,358.60215053763443
pool1k633phcvz2hjhj45evwwau4w576jpq83acg5h84w23jauqu56cw,28318855.351549,10000.0,10000.0,0.0,340.0,340.0,False,False,13067.155491549727,344.49423372998496,0.9606585828152503,losing,344.49423372998496,0.9606585828152503,losing,358.60215053763443
pool1k6altfangsst2mmxg8a9wvg3dppyszu8ckfzd3uv6azgw3z2txy,2067192.836344,300000.0,300000.0,0.0,340.0,340.0,False,False,954.8479834959176,429.22940898682583,1.1969515752856013,edge,429.22940898682583,1.1969515752856013,edge,358.60215053763443
pool1k6knum588fm9fe5tmljeytyx65rv6h5jn8au824t86zt62nyd9e,3234623.073637,0.0,0.0,0.01,340.0,340.0,False,False,1492.48837695852,351.5248837695852,0.9802642935703575,losing,351.5248837695852,0.9802642935703575,losing,358.60215053763443
pool1k6u3rdl30ruf85q3jpzcfyq4ta0umrxdlt30rcpxqqasumcnkgu,1008.611006,1000.0,1000.0,0.005,345.0,345.0,False,False,0.46538351538323514,0.46538351538323514,0.001297771122358047,losing,0.46538351538323514,0.001297771122358047,losing,358.60215053763443
pool1k8mxlherc4vmfk9pmxs0rk27qmu3sqy0gsdck4gwduz57xsepak,271.167129,100.0,100.0,0.01,340.0,340.0,False,False,0.12511933707473885,0.12511933707473885,0.00034890849619042614,losing,0.12511933707473885,0.00034890849619042614,losing,358.60215053763443
pool1k99yncea8tq9pfeks3yymyj6fwjf4apx0s490j09m4y66vtyufr,531140.220267,6942.0,6942.0,0.0,340.0,340.0,False,False,245.0805589763446,245.0805589763446,0.6834330430224902,losing,245.0805589763446,0.6834330430224902,losing,358.60215053763443
pool1k9xjmvud972vng83669mkveaedteaprnfflqv047y66ugtqjyyq,498.625042,100.0,100.0,0.15,345.0,345.0,False,False,0.2300708028503903,0.2300708028503903,0.0006415767515768005,losing,0.2300708028503903,0.0006415767515768005,losing,358.60215053763443
pool1ka8q6my2a5fennpr2nmrj5yzma27d2fkev8lmpfq90kxzjszwgm,366.625702,100.0,100.0,0.02,345.0,345.0,False,False,0.16916492346505285,0.16916492346505285,0.000471734269332831,losing,0.16916492346505285,0.000471734269332831,losing,358.60215053763443
pool1kadxtp5d8lf4s0jz8qens8gsfsptahf6s0ynjtvjussmzvzzk8a,268379.329416,200002.0,200002.0,0.025,340.0,340.0,False,False,123.85955588427811,123.85955588427811,0.34539546318554315,losing,123.85955588427811,0.34539546318554315,losing,358.60215053763443
pool1kccqxg032r6dcqqpvmv87azttcug5ug6cur9pa7qkuwc5ze4pxa,2047619.243151,0.0,0.0,0.01,340.0,340.0,False,False,944.7925929135411,346.04792592913543,0.9649912177334211,losing,346.04792592913543,0.9649912177334211,losing,358.60215053763443
pool1kchver88u3kygsak8wgll7htr8uxn5v35lfrsyy842nkscrzyvj,2986105.013522,50000.0,50000.0,0.0,340.0,340.0,False,False,1378.101946508878,357.3822076217687,0.9965980602346174,losing,357.3822076217687,0.9965980602346174,losing,358.60215053763443
pool1kcnh9avc9jgelajcja7y6wsvjdaulkqj02azcszjvm3pwmksr0l,56821082.47389,100000.0,100000.0,0.025,340.0,340.0,False,False,26228.749263752932,1031.6415574767302,2.8768415245977783,comfortable,1031.6415574767302,2.8768415245977783,comfortable,358.60215053763443
pool1kcrr7re05pwesye0zh00a4xxnsrw5c29rd82fn4qecdcqu5rue3,853352.708641,200000.0,200000.0,0.0,340.0,170.0,True,True,393.99778338251855,352.65544313288984,0.9834169778518367,losing,222.49828848360823,0.620459994871831,losing,358.60215053763443
pool1kdfznpenxa9wwcz8tweump45k5h78h8hl4slv78fdypsug9ypc6,7350070.023806,10000.0,10000.0,0.015,340.0,340.0,False,False,3391.5390524207305,389.8625243316569,1.0871728564570942,edge,389.8625243316569,1.0871728564570942,edge,358.60215053763443
pool1kdhhrsl8av6gzr7vrf5q06pwlrsr8646wkjkg0h550tw6vxf8mv,335423.115208,500.0,500.0,0.029,340.0,340.0,False,False,154.7679994008581,154.7679994008581,0.43158692486596106,losing,154.7679994008581,0.43158692486596106,losing,358.60215053763443
pool1kdr3lv2e7h5tx3gp3fwrpxhaj8cxh7v422uwj84enqxf6j5flj7,753.294328,100.0,100.0,0.0,340.0,340.0,False,False,0.34757788141810136,0.34757788141810136,0.0009692576603263396,losing,0.34757788141810136,0.0009692576603263396,losing,358.60215053763443
pool1keasvddt9vndl8jyhg204s6kqusv5zgzg3kk3l3g949ew402ahe,1688659.310128,15000.0,15000.0,0.025,345.0,170.0,True,True,779.2130473598619,359.6159224034652,1.0028270100006675,edge,190.50654783758907,0.5312476446445512,losing,358.60215053763443
pool1kffetqjt06qvk4995tz3e3q9h3c8cdq9eedrz8qr3ynnc63qckz,1383991.082756,1000.0,1000.0,0.01,340.0,340.0,False,False,638.5903877959307,343.19949230898396,0.9570480595123091,losing,343.19949230898396,0.9570480595123091,losing,358.60215053763443
pool1kfu02878dsz2l2pml9r42fvh32l4zn3msjvgfx077q3yx2xgul8,164523.642134,25005.0,25005.0,0.0,340.0,340.0,False,False,75.91960974823931,75.91960974823931,0.21170985626945293,losing,75.91960974823931,0.21170985626945293,losing,358.60215053763443
pool1kgwaa6fhpaqu8v4hrk35lzjhjsa6typ55ammszhd2q7zkxv5v40,557.921941,2.0,2.0,0.06,340.0,340.0,False,False,0.25743092785418925,0.25743092785418925,0.0007178733520371694,losing,0.25743092785418925,0.0007178733520371694,losing,358.60215053763443
pool1khyv2zj3asyhz76a4r2ky42sdxn3gqu3lcyw3sj74trmwhlc5ud,926665.142891,50000.0,50000.0,0.0,340.0,340.0,False,False,427.6571439190384,344.7297097873762,0.9613152326904343,losing,344.7297097873762,0.9613152326904343,losing,358.60215053763443
pool1kjd9ff9u5ytq4atavv2dfsg3pvxqw8d50642pzmpn386zel0ka8,8113582.588954,101000.0,101000.0,0.04,340.0,340.0,False,False,3745.248146281042,516.9037693714782,1.44144079614835,edge,516.9037693714782,1.44144079614835,edge,358.60215053763443
pool1kkfkdces5mdcyc9dn2hgg3463jggjvw3h89nejjarkz25uavaqu,16433201.644361,50000.0,50000.0,0.01,340.0,340.0,False,False,7584.023898863978,434.26064810634887,1.2109817173580342,edge,434.26064810634887,1.2109817173580342,edge,358.60215053763443
pool1kkmk9dnzrrjtnsejttydecmq63x4dpkln70yfledaednj7mf7rk,607412.103673,2000.0,2000.0,0.0238,340.0,170.0,True,True,280.2685234077849,280.2685234077849,0.7815584011071663,losing,172.9788261141565,0.48236973998850236,losing,358.60215053763443
pool1kks6sgxvx7p6fe3hhnne68xzwa9jg8qgy50yt3w3lrelvns7390,2193542.10517,1000.0,1000.0,0.02,340.0,340.0,False,False,1012.1271174332672,353.7428258825588,0.9864492595825477,losing,353.7428258825588,0.9864492595825477,losing,358.60215053763443
pool1kkwd6say8twq3z9e36v57adw02j2x52ascd6eumxy5zd66qm4fa,29103.244306,10.0,10.0,0.03,340.0,340.0,False,False,13.42853701292915,13.42853701292915,0.03744689481866299,losing,13.42853701292915,0.03744689481866299,losing,358.60215053763443
pool1klq8yy3rr6k4ez7uwkzz5ku3yuym3eeg6g2ne3p9f4hnzfycfkl,4.310452,0.0,0.0,0.075,340.0,340.0,False,False,0.001988886916027599,0.001988886916027599,5.546221385024488e-06,losing,0.001988886916027599,5.546221385024488e-06,losing,358.60215053763443
pool1kmsr376syqkluhxvv8k2axugqw7unjmlkwhfxjxtj7cw7qcn0jn,12219509.826743,100000.0,100000.0,0.02,340.0,340.0,False,False,5640.54023913826,488.5209341415306,1.3622922601248078,edge,488.5209341415306,1.3622922601248078,edge,358.60215053763443
pool1kn059wyuuff0srprtvufv327th542l4c25e5hhcmwlsjymwr32d,504.68367,500.0,500.0,0.02,340.0,340.0,False,False,0.23286624405323833,0.23286624405323833,0.0006493721348411144,losing,0.23286624405323833,0.0006493721348411144,losing,358.60215053763443
pool1knwd92dnngrypyvj3egguuxtl8g8elxarlvaqsyjewvh7sjla2g,16424.855969,14009.822531,14009.822531,0.0,340.0,340.0,False,False,7.578662704577131,7.578662704577131,0.02113390199477281,losing,7.578662704577131,0.02113390199477281,losing,358.60215053763443
pool1kprt6l4quz03dhqx8jw22spdjvp5dkshdnn567vlexqkj35hd8a,138173.529972,25000.0,25000.0,0.0,340.0,170.0,True,True,63.76012913105222,63.76012913105222,0.17780185934596268,losing,63.76012913105222,0.17780185934596268,losing,358.60215053763443
pool1kqpy3de52m07versalrkqd57w2qh5cze3wupwrgx39m5gvtkjct,493.619014,480.0,480.0,0.01,340.0,340.0,False,False,0.22776090596031243,0.22776090596031243,0.000635135359949297,losing,0.22776090596031243,0.000635135359949297,losing,358.60215053763443
pool1krznhwu3h5pu2stuslr53z5rme50t6384macsmylcnljwc7yjky,22866137.883366,150000.0,150000.0,0.0,340.0,170.0,True,True,10557.234181386868,407.02422311215537,1.1350300674491889,edge,238.139409250281,0.6640769133516081,losing,358.60215053763443
pool1ksazs9mzcuyr3mfrvw48dc5wkgsjceztakymmv7jpxle7l2nfs0,3029734.42759,50000.0,50000.0,0.02,340.0,340.0,False,False,1398.2372029115156,378.2796510515509,1.0548727900388075,edge,378.2796510515509,1.0548727900388075,edge,358.60215053763443
pool1ksfzungz56vxa9sy6hr54v5hf6qx8rmcu6734gqm3qlxucveed6,1612034.582538,5000.0,5000.0,0.0,340.0,340.0,False,False,743.8247922138618,341.2525314177134,0.9516187532787809,losing,341.2525314177134,0.9516187532787809,losing,358.60215053763443
pool1ksh2u6kktx74ugv8jadrdqttwyjz9074ke82xt6j0qgfvdn43a5,3925250.495499,1000.0,1000.0,0.01,340.0,340.0,False,False,1811.1585199014764,355.08263080142217,0.9901854472123616,losing,355.08263080142217,0.9901854472123616,losing,358.60215053763443
pool1ksh2zpeeqe0rpcug63up5l66g3kr5vf58jraeun82rur6m4g6xz,754855.782701,200.0,200.0,0.005,340.0,340.0,False,False,348.29851721554223,340.04368029525835,0.9482477441516949,losing,340.04368029525835,0.9482477441516949,losing,358.60215053763443
pool1ksrg8a964464las0ymw88slrwxkychjz9lh09lqltu5m7nw3pq0,17148600.529089,10000.0,10000.0,0.0069,420.0,420.0,False,False,7912.870228947578,476.04003296851874,1.3274879480081632,edge,476.04003296851874,1.3274879480081632,edge,358.60215053763443
pool1ksz6vfc4xqdxyhp06h4n7kckh60370cy2t6m3wfgdxtug7ph4x0,60222325.300618,10.0,10.0,1.0,340.0,340.0,False,False,27787.201860132627,27787.201860132627,77.48754941506249,strong,27787.201860132627,77.48754941506249,strong,358.60215053763443
pool1kterawv22xya864tqjy9pq2ftmuptlggywtqt3p7adexg7qyl6u,1230360.595619,10000.0,10000.0,0.01,340.0,340.0,False,False,567.7245004295964,344.1096123300057,0.9595860253880218,losing,344.1096123300057,0.9595860253880218,losing,358.60215053763443
pool1ktgug7wwf9k4hcsuk68ftkh8xs5n0333fzxyw9sagz8njhlskgm,5035479.781594,122000.0,122000.0,0.0,340.0,340.0,False,False,2324.5763343848153,388.08247144193757,1.082208990827592,edge,388.08247144193757,1.082208990827592,edge,358.60215053763443
pool1kv53mzjwqjp4aw48rczj8vm6hejwfnfwa634czyx5tw5qq3tata,596641.065931,46000.0,46000.0,0.01,340.0,170.0,True,True,275.3450456561304,275.3450456561304,0.7678287629991043,losing,179.0941530717832,0.4994229755824839,losing,358.60215053763443
pool1kvd03hq8kp0hnxq9lq598a5amrvauj9m386rwx7ydawvjdskwnh,4047108.426532,500.0,500.0,0.0,340.0,170.0,True,True,1867.3813697299008,340.18870032733946,0.9486521478393574,losing,170.20970297689607,0.4746477474318241,losing,358.60215053763443
pool1kveecu8hx4dk8pe9rmv4q4tjwr9xmq30nacu2pafeljhypcn4wt,26172.047637,10000.0,10000.0,0.025,340.0,340.0,False,False,12.076363040819288,12.076363040819288,0.033676214776497564,losing,12.076363040819288,0.033676214776497564,losing,358.60215053763443
pool1kxedw6c34730h344lz0s0z6848005qrs096l8l2whcwly3rcl27,2.609445,0.0,0.0,0.075,340.0,340.0,False,False,0.0012040247794416082,0.0012040247794416082,3.3575503594623553e-06,losing,0.0012040247794416082,3.3575503594623553e-06,losing,358.60215053763443
pool1kxfg47ms0mlszthp5j8uqpmqp6575j0nfusqne5sd7ggy3ntlsz,4072.197706,2000.0,2000.0,0.01,340.0,340.0,False,False,1.878961898659681,1.878961898659681,0.005239683855332843,losing,1.878961898659681,0.005239683855332843,losing,358.60215053763443
pool1kxtzkv3ylyc48hgjqkwe93q2vkx67vgzag9tvqfalhwsjs43w9u,226104.187832,160000.0,160000.0,0.005,340.0,170.0,True,True,104.34728226024208,104.34728226024208,0.2909834257931788,losing,104.34728226024208,0.2909834257931788,losing,358.60215053763443
pool1kxzfswkhgcmyahh6lfjpy5uxh75qzsnlyprh3450av9jghsda89,12.621038,5.0,5.0,0.03,340.0,340.0,False,False,0.005823476902324464,0.005823476902324464,1.6239380867051725e-05,losing,0.005823476902324464,1.6239380867051725e-05,losing,358.60215053763443
pool1kyn4xguhrd600j4y9kvksptzjk8k4hz5rdcrxx3qw3jksuwjnwz,2342.381143,100.0,100.0,0.0,345.0,345.0,False,False,1.0807991981854432,1.0807991981854432,0.003013922801536618,losing,1.0807991981854432,0.003013922801536618,losing,358.60215053763443
pool1kzf7zw2y05e7lyd7ht0nluh39fzmurm2wuvshvut6l6twu0el44,8185.315972,4000.0,4000.0,0.01,340.0,340.0,False,False,3.7768212132132093,3.7768212132132093,0.01053206515228871,losing,3.7768212132132093,0.01053206515228871,losing,358.60215053763443
pool1l06jygvntdfqt77td6g5rp9s4nycue0vq837jmrygyktke23pcy,171496.393973,10000.0,10000.0,0.01,340.0,340.0,False,False,79.13330565513071,79.13330565513071,0.22067158698432252,losing,79.13330565513071,0.22067158698432252,losing,358.60215053763443
pool1l0pmgdsymmdntuyan4snj88q8nm9axemwefu5ymkuq2s6gr90cn,2911884.530162,0.0,0.0,0.015,340.0,340.0,False,False,1343.5734913699016,355.0536023705485,0.990104498364648,losing,355.0536023705485,0.990104498364648,losing,358.60215053763443
pool1l2eyll8qvywzjrssyyw2cqymzdn2u88vujsu2lg3ph06zem2ykv,49095.947884,6000.0,6000.0,0.02,340.0,340.0,False,False,22.653872681771112,22.653872681771112,0.06317271842292993,losing,22.653872681771112,0.06317271842292993,losing,358.60215053763443
pool1l37xvdpcl49kr3wscpjp9pr854g06nnjrlndtu3h7k6pvfapgap,19625117.680999,1000000.0,1000000.0,0.025,340.0,340.0,False,False,9091.552662218939,993.576723785445,2.770693712505139,comfortable,993.576723785445,2.770693712505139,comfortable,358.60215053763443
pool1l38lxca7tzp0trqedr97usd0zk89q2x74qrez5xcafxechcw452,63257.529265,25000.0,25000.0,0.0,340.0,340.0,False,False,29.18951438816207,29.18951438816207,0.08139804611991222,losing,29.18951438816207,0.08139804611991222,losing,358.60215053763443
pool1l3u6jww4npkx2e0utcsmkhwjjgnp43w62exrqwzm8wudg0457e5,8631.314979,0.0,0.0,0.01,340.0,340.0,False,False,3.982577564915729,3.982577564915729,0.011105838486871447,losing,3.982577564915729,0.011105838486871447,losing,358.60215053763443
pool1l3wdq3cec23jadkt2cx384vtgd75ncau33smrptwj87n2wedc0d,5055311.625391,1000.0,1000.0,1.0,340.0,340.0,False,False,2332.5825278551856,2332.5825278551856,6.504652926252841,strong,2332.5825278551856,6.504652926252841,strong,358.60215053763443
pool1l4synes9s3swlf5r5rsfpede3582r4km2wd94xctceyaudv9zx3,518914.020636,3000.0,3000.0,0.01,340.0,340.0,False,False,239.43524469004134,239.43524469004134,0.6676904874414946,losing,239.43524469004134,0.6676904874414946,losing,358.60215053763443
pool1l54qvzlg2jfalkcram9kxsa8vcmgy0fz845q5gptjq8k20kzg2r,3644659.537778,100000.0,100000.0,0.01,340.0,340.0,False,False,1682.3656810202608,389.88637741373697,1.0872393732976773,edge,389.88637741373697,1.0872393732976773,edge,358.60215053763443
pool1l5jfc3zv4nue29uqh32fvz9khstd24azmxjltus3s90ckzw37p8,55.308833,50.0,50.0,0.01,340.0,340.0,False,False,0.02552006529560778,0.02552006529560778,7.11653994750082e-05,losing,0.02552006529560778,7.11653994750082e-05,losing,358.60215053763443
pool1l5kwfudnqrhw3k4lwzcppu36nun9puvvr7xnanuz8a2zx4jaek5,4028770.873891,250.0,250.0,0.042,340.0,340.0,False,False,1858.9182810951781,403.8848635660964,1.126275631533642,edge,403.8848635660964,1.126275631533642,edge,358.60215053763443
pool1l6946mnu54f6v0we4xzra8kwm68ch7fphhxvgytd0m4lzk3pats,2299.710409,150.0,150.0,0.03,340.0,340.0,False,False,1.0611106711275924,1.0611106711275924,0.0029590192628145755,losing,1.0611106711275924,0.0029590192628145755,losing,358.60215053763443
pool1l6aeyn35nkqkn9lqqlwqnpraakdzuukjrqprcrj3sctk6hhe32k,1925324.893562,400000.0,400000.0,0.0,340.0,170.0,True,True,889.5456176540098,454.17202769082945,1.2665067039054614,edge,319.4907420685336,0.890933703519449,losing,358.60215053763443
pool1l6hkustv67tynh66w46mys94wsxhwddgp28k3r5twwlsv80uw0k,1606411.170761,50000.0,50000.0,0.025,340.0,340.0,False,False,741.3643263832588,362.2143713869062,1.0100730596396483,edge,362.2143713869062,1.0100730596396483,edge,358.60215053763443
pool1l7elukrgntsdwrt0hyu6sshw0rk05y82k4sjwse8u79hkhf862z,3418.475276,2.0,2.0,0.06,340.0,340.0,False,False,1.5773196884710399,1.5773196884710399,0.004398522669499451,losing,1.5773196884710399,0.004398522669499451,losing,358.60215053763443
pool1l8myd66tqjk75kh7uk9k8nyl20sd4qs33s4tzzn927ujyl7ahyk,1645622.85815,500.0,500.0,0.03,340.0,340.0,False,False,759.308904503541,352.7028463730082,0.9835491667972941,losing,352.7028463730082,0.9835491667972941,losing,358.60215053763443
pool1l8pvaam6f2wj2ank46uywp32wwapqga8e8utve3mgzzuxksc3tq,311380.158084,70000.0,70000.0,0.025,340.0,340.0,False,False,143.70652582523465,143.70652582523465,0.4007408366340876,losing,143.70652582523465,0.4007408366340876,losing,358.60215053763443
pool1la0t0gsskwejyfca5lchw5aqd5g8hknxdu6tuyqp0ttjxl6zt35,1933524.670899,5000.0,5000.0,0.0,340.0,170.0,True,True,892.1667175124593,341.4278760592585,0.9521077203451586,losing,171.8674877243141,0.4792706554231247,losing,358.60215053763443
pool1larpvn53yyufaf8fh89nrrpgruqcq8mgxrtdxp5y87cqse3yfg2,11655143.917345,50000.0,50000.0,0.05,340.0,340.0,False,False,5378.919395509306,612.4818527284417,1.7079703839203921,edge,612.4818527284417,1.7079703839203921,edge,358.60215053763443
pool1lav5pcqxrewgc03h7aky00tmuk4cawwluslkctgmwnczsgnmn9v,30012.121308,1000.0,1000.0,0.025,340.0,340.0,False,False,13.8479574190099,13.8479574190099,0.03861649295256134,losing,13.8479574190099,0.03861649295256134,losing,358.60215053763443
pool1ld9hkah2dkzh73pvh9tf6xr0x28us34msv3zcv2sase5vhvq962,62605627.442741,1000.0,1000.0,0.008,340.0,340.0,False,False,28887.001168333754,568.8283428878503,1.5862379576782633,edge,568.8283428878503,1.5862379576782633,edge,358.60215053763443
pool1les50pm26wpf8gym7cda470xgfswukzhyykvhyfsfl4dcu2ezj4,7148896.70114,1000.0,1000.0,0.03,340.0,340.0,False,False,3298.588252955599,429.1590844432401,1.1967554678627084,edge,429.1590844432401,1.1967554678627084,edge,358.60215053763443
pool1lfnlxfxxwvjadesxzm4c7grgs3elj70vfdnpjwjmg0ufsqnq52t,30427033.928681,100.0,100.0,0.0035,340.0,340.0,False,False,14039.35245821137,387.9925996421338,1.0819583738146459,edge,387.9925996421338,1.0819583738146459,edge,358.60215053763443
pool1lfvzgsrghmugvpym868mh29288ez0nncz680mamzjygu2jpuwcd,69642394.134651,10000.0,10000.0,0.0,340.0,340.0,False,False,32135.055940879316,344.5654742827199,0.9608572446264751,losing,344.5654742827199,0.9608572446264751,losing,358.60215053763443
pool1lg4pepngyq03jdkskr3689pv4a4djra9q8nkzu6hwtzezwanhyn,35392.451029,10000.0,10000.0,0.0,340.0,340.0,False,False,16.330929303987695,16.330929303987695,0.04554052249687723,losing,16.330929303987695,0.04554052249687723,losing,358.60215053763443
pool1lg4y9djpazcpaag230mawgx4w43vmld7xcd7rq35lpjvkn333nj,111.62568,100.0,100.0,0.1,340.0,340.0,False,False,0.05150523983943474,0.05150523983943474,0.0001436278052493982,losing,0.05150523983943474,0.0001436278052493982,losing,358.60215053763443
pool1lgves5hhdt5h6jzy7sf57l6gq9x3csf5w05ymv5zq7a9jfwn7kk,1001.425841,1000.0,1000.0,0.005,340.0,340.0,False,False,0.46206819249228076,0.46206819249228076,0.001288525994056435,losing,0.46206819249228076,0.001288525994056435,losing,358.60215053763443
pool1lgzryt60tckrjspn7z0gxup6ms6srd2xmtl9y7wvt5fsxnd2qxh,13142.604231,100.0,100.0,0.015,340.0,340.0,False,False,6.064135362839484,6.064135362839484,0.016910482421111605,losing,6.064135362839484,0.016910482421111605,losing,358.60215053763443
pool1lhvpgr8lhsf6h03v9zqxm74pa63rdxx4yuvkqfw4tv9fua8t37a,12835674.992415,1000.0,1000.0,0.03,340.0,340.0,False,False,5922.537215136206,507.8979922885773,1.4163272348676967,edge,507.8979922885773,1.4163272348676967,edge,358.60215053763443
pool1lhwzsyhh7dmw9wuz7qxnml2z5ef5303lp7jxgss2qnat22sprgx,471157.388647,50000.0,50000.0,0.01,340.0,340.0,False,False,217.43737312867728,217.43737312867728,0.6063470974802695,losing,217.43737312867728,0.6063470974802695,losing,358.60215053763443
pool1lhz4gsk5ezdl5s4mv2kxgrkhzzhad6me2v0xmwuyt845vensdlc,69542639.723951,100000.0,100000.0,0.0,340.0,170.0,True,True,32101.055199126975,385.67133966326594,1.0754852950130054,edge,215.91579400189158,0.6021040132586482,losing,358.60215053763443
pool1lj9t0saaxejj6drmxefgejwuy47lx4ewwruwvn3uttyuw6f5389,501.251536,7.0,7.0,0.08,340.0,340.0,False,False,0.23128262424736779,0.23128262424736779,0.000644956043628342,losing,0.23128262424736779,0.000644956043628342,losing,358.60215053763443
pool1ljlmfg7p37ysmea9ra5xqwccue203dpj40w6zlzn5r2cvjrf6tw,32691890.304152,300000.0,300000.0,0.03,340.0,170.0,True,True,15103.130423844861,914.3048196213083,2.5496356289289857,comfortable,750.9180389408322,2.0940143214841793,comfortable,358.60215053763443
pool1ljywsch33t7gaf02aeeqkqpuku0ngpwl9fm04t7u5sl5xyunmgp,24937579.982912,100.0,100.0,0.0,340.0,170.0,True,True,11506.460855023268,340.0447776442729,0.9482508042254087,losing,170.04545934634712,0.47418973670795445,losing,358.60215053763443
pool1lk0hu3njxgra3emgfa73268el89qzytecff0fzz982avvjsw3l6,710935.858532,10000.0,10000.0,0.03,340.0,340.0,False,False,328.0465960352084,328.0465960352084,0.9147926066349139,losing,328.0465960352084,0.9147926066349139,losing,358.60215053763443
pool1lkcd3w5g6s6v3hf6kwt55dqpalrmq9h9f3ec033nnzhvgjgl860,63190501.318125,500000.0,500000.0,0.0,495.0,495.0,False,False,29217.415112956278,722.2684542282449,2.0141219263336363,comfortable,722.2684542282449,2.0141219263336363,comfortable,358.60215053763443
pool1lkpj6fa4l0sy39qfvyl4pcsnnd22y8np8j98vzwula2kuxgers4,19685108.882108,50000.0,50000.0,0.02,340.0,170.0,True,True,9084.800093739686,536.6634814025656,1.4965428416923117,edge,370.4866439082894,1.033141165921167,edge,358.60215053763443
pool1ll5mu4rgne203spelzdgrse0v7yk9rfzkp243rtt60rgu8mh3q8,59935.430739,10000.0,10000.0,0.005,340.0,340.0,False,False,27.655784522620696,27.655784522620696,0.07712107827897224,losing,27.655784522620696,0.07712107827897224,losing,358.60215053763443
pool1llfrhf0htc528jcmp9dr2tzsjnt93y2gkjfjn5znjh9a79avwv7,350303.913706,10000.0,10000.0,0.0,340.0,170.0,True,True,161.64037272303113,161.64037272303113,0.4507512642651243,losing,161.64037272303113,0.4507512642651243,losing,358.60215053763443
pool1llknxwa7zzugc52mnv3lpxgh7az8wnqylrxxfqhzzm9e2eufug3,229.374109,50.0,50.0,0.2,340.0,340.0,False,False,0.10583559185183714,0.10583559185183714,0.00029513373439942587,losing,0.10583559185183714,0.00029513373439942587,losing,358.60215053763443
pool1lllmq2jgcqrag5c77lpc5m34fsqn63leadyx9tzx842n66ly3ql,179116.273444,100000.0,100000.0,0.0,340.0,340.0,False,False,82.66134605399594,82.66134605399594,0.23050990054037848,losing,82.66134605399594,0.23050990054037848,losing,358.60215053763443
pool1llxh8l0h8g9ghz3nrzh7ndvev4x43vnk72nsemzm795vxqs6dp8,18593142.954133,50000.0,50000.0,0.05,340.0,340.0,False,False,8580.850764774314,773.0954829878856,2.15585846830205,comfortable,773.0954829878856,2.15585846830205,comfortable,358.60215053763443
pool1lnk67xp7jsc2e3yyun3fpaqvkx0f3c8q0ml29ge85udeghn2gvn,5851789.63157,487000.0,487000.0,0.0,340.0,340.0,False,False,2705.134542515217,536.8321820714331,1.4970132813386288,edge,536.8321820714331,1.4970132813386288,edge,358.60215053763443
pool1lnr8t7pxvq3vfg8c5lc7yjcq39haws4ntu28xpxzx4zyya9ntny,62509325.776617,0.0,0.0,0.03,345.0,345.0,False,False,28842.446260118497,1199.9233878035548,3.3461131953742305,comfortable,1199.9233878035548,3.3461131953742305,comfortable,358.60215053763443
pool1lp9pugfvyrjt8rqj5v02yvucchzj27tlru9kwl7nj0fh2mjc5d3,5920.572502,2000.0,2000.0,0.03,340.0,340.0,False,False,2.7318281584145985,2.7318281584145985,0.007617991566193632,losing,2.7318281584145985,0.007617991566193632,losing,358.60215053763443
pool1lp9wmr8dkcceta5we999nvlfh9um06cd6sggtt5523eawf7mtg4,7165441.647726,1000.0,1000.0,0.01,340.0,340.0,False,False,3306.222293391161,370.07204555404127,1.0319850145884808,edge,370.07204555404127,1.0319850145884808,edge,358.60215053763443
pool1lptznmldt230m0ugku9ygx0jucm74y7sgmac4mu5x2x9jznr84r,9511.753542,1000.0,1000.0,0.0,340.0,340.0,False,False,4.388837339289666,4.388837339289666,0.012238736808214062,losing,4.388837339289666,0.012238736808214062,losing,358.60215053763443
pool1lq7t0qg273vp8t2wzmeyj7sdq2vhu2v87jjplgurpfxcs9afnr3,11764154.368594,50000.0,50000.0,0.2,340.0,340.0,False,False,5429.228422878889,1375.1498724108687,3.8347507686420026,comfortable,1375.1498724108687,3.8347507686420026,comfortable,358.60215053763443
pool1lqeg5d3jpwr3nvra568nk28sr8lttyr6cf4yyssdx6qtxea9nmr,42957978.480573,50000.0,50000.0,0.05,340.0,340.0,False,False,19825.379737094285,1335.8145895634298,3.7250601747945717,comfortable,1335.8145895634298,3.7250601747945717,comfortable,358.60215053763443
pool1lqpymyzg9glc88r7urptuv0d8t2tu9ty7xtshvxmgpu0j4lp8p3,7824977.289459,250000.0,250000.0,0.01,340.0,170.0,True,True,3614.177901389208,476.3023390790901,1.3282194163225,edge,313.3793514899349,0.873891444934451,losing,358.60215053763443
pool1lqucyxuvjktfmpf7fd28j54cfgamyrxed344vnwlm9wqkwjeqwk,25165884.317113,1000.0,1000.0,0.05,340.0,340.0,False,False,11611.846399327578,904.0178267335732,2.5209492619556912,comfortable,904.0178267335732,2.5209492619556912,comfortable,358.60215053763443
pool1lr5ku0p3jhykdf3a2kcr0tyra30qvzrtl02dr6uyv98rxdsy3k9,1708519.384498,10000.0,10000.0,0.0,340.0,340.0,False,False,788.3610783657797,342.62426685019744,0.9554439825207904,losing,342.62426685019744,0.9554439825207904,losing,358.60215053763443
pool1lr9vvcf5r5jgkgv5ly7z2lh068ymzg4xmqk5f8pu2k23vt25x7a,995342.093544,0.0,0.0,0.0,340.0,340.0,False,False,459.26108603487063,340.0,0.9481259370314842,losing,340.0,0.9481259370314842,losing,358.60215053763443
pool1lrnyqdlrj97d0ju5j6d9xa8prw0xeyumfd53rz5wk3gf7czqzjz,3305077.049052,100000.0,100000.0,0.01,340.0,340.0,False,False,1525.613467050134,387.36990076307404,1.08022191217289,edge,387.36990076307404,1.08022191217289,edge,358.60215053763443
pool1ls80gx9sen3qc7s6c7u2ajw6hk8faqanljugcg5tfukp6qscetv,259763.969982,0.0,0.0,0.0,340.0,340.0,False,False,119.85776924382544,119.85776924382544,0.3342360581611924,losing,119.85776924382544,0.3342360581611924,losing,358.60215053763443
pool1lskcfz80qg2kr2p6776kl9emjn8ulkqsqse7um7skz4y2lwa0cu,60297725.046965,10000.0,10000.0,0.0,340.0,340.0,False,False,27823.149818047776,344.55790824556675,0.960836145932165,losing,344.55790824556675,0.960836145932165,losing,358.60215053763443
pool1lum6jezln4dtxsvjgagnd06uavwps9ntks9rk93h7spzkgyzu9w,5729.006612,5000.0,5000.0,0.0099,345.0,170.0,True,True,2.6434296233953587,2.6434296233953587,0.0073714829078191406,losing,2.6434296233953587,0.0073714829078191406,losing,358.60215053763443
pool1lurfk0k0wwx54hlg8a7zp3jtstu57u59aeq7aketl55hknmmtu0,22767218.345963,1000000.0,1000000.0,0.0,340.0,170.0,True,True,10547.473247037096,788.340815813674,2.198371690275013,comfortable,625.8076919781986,1.7451308951715883,edge,358.60215053763443
pool1lv7v8r8ge22agkuv2astu503d42v749p6rp3sg8l6twuwqm525c,5341.73636,100.0,100.0,0.15,345.0,345.0,False,False,2.4647331411914055,2.4647331411914055,0.006873168879484279,losing,2.4647331411914055,0.006873168879484279,losing,358.60215053763443
pool1lvsa8e0dw6z8g2fkw7prnfa7627wuy5jjexaadck6w5sxw5xkvm,46579620.303098,215000.0,215000.0,0.025,340.0,170.0,True,True,21511.533008848473,964.5678182291161,2.6897993132026325,comfortable,799.5828792100368,2.2297213723098475,comfortable,358.60215053763443
pool1lwp52dj9762g7uk2jk3czwywxqaa4753v7x2v56qr5l2znkky4h,1000.713424,1000.0,1000.0,0.02,340.0,340.0,False,False,0.46173947458698494,0.46173947458698494,0.0012876093294329715,losing,0.46173947458698494,0.0012876093294329715,losing,358.60215053763443
pool1lxg4rf0aqqachwft52hs9mtwlmpfyw6jqxyulz0pcfj25d4uaqd,9.415025,2.0,2.0,0.06,345.0,345.0,False,False,0.0043441894630622665,0.0043441894630622665,1.2114231486200623e-05,losing,0.0043441894630622665,1.2114231486200623e-05,losing,358.60215053763443
pool1lxhlu48gq0606mj6k20mh56zz804zf7narxvmty4pd3mgee65e5,202800.070116,50000.0,50000.0,0.01,340.0,340.0,False,False,93.58873725829058,93.58873725829058,0.26098208590767685,losing,93.58873725829058,0.26098208590767685,losing,358.60215053763443
pool1lxqewhueg4hzyad766zhdwsjet5348ww8mzejf6fprxaw8wfq5s,8834903.477615,100000.0,100000.0,0.02,340.0,340.0,False,False,4078.1966075994615,456.2293843182694,1.2722438603178128,edge,456.2293843182694,1.2722438603178128,edge,358.60215053763443
pool1lyvg6ukqpumsr6wz0jvh7xutcgdtcyyde4wkvptzyl8rql4n3c6,621235.856474,38000.0,38000.0,0.0,500.0,500.0,False,False,286.6872392979592,286.6872392979592,0.7994576688069026,losing,286.6872392979592,0.7994576688069026,losing,358.60215053763443
pool1lz95nzjjmr6449lk0avhplw9678m6kxghvxzg2yfcmy3vl0k6jl,103.230899,100.0,100.0,0.035,340.0,340.0,False,False,0.04763179987335367,0.04763179987335367,0.00013282630849241052,losing,0.04763179987335367,0.00013282630849241052,losing,358.60215053763443
pool1lzupr43772kfux007sdt02vlx7uzmfcplrwmxntdztxmwv9myrj,14979073.013223,57000.0,57000.0,0.02,340.0,340.0,False,False,6913.134532332972,495.97524190079855,1.3830793852106225,edge,495.97524190079855,1.3830793852106225,edge,358.60215053763443
pool1m3gg43uhtetn4hmw79u8836dyq8qe4cex8qnn6mks5egza7n6tp,20983235.284971,1000.0,1000.0,0.0199,340.0,340.0,False,False,9681.92104881878,526.3405780185914,1.4677563345046176,edge,526.3405780185914,1.4677563345046176,edge,358.60215053763443
pool1m3h5p82m6v99nda37rmed8vrkqt43e2a8d89k76gw5ets0gdyag,2127074.977257,10000.0,10000.0,0.045,340.0,340.0,False,False,981.4949824374786,371.74741578804225,1.0366569615678538,edge,371.74741578804225,1.0366569615678538,edge,358.60215053763443
pool1m3tqw6s5dphrlkxyr97faxk4cm3gwejv54mtyfd6w34dsx429eu,597.625746,100.0,100.0,0.0,345.0,345.0,False,False,0.275750765620564,0.275750765620564,0.0007689601560033719,losing,0.275750765620564,0.0007689601560033719,losing,358.60215053763443
pool1m3wam7j8xjahp5mq03rfkcfcy45kevzfyekmdy74x8ghgpm5cdz,497980.087633,27700.0,27700.0,0.03,340.0,340.0,False,False,229.79818539522014,229.79818539522014,0.6408165289881701,losing,229.79818539522014,0.6408165289881701,losing,358.60215053763443
pool1m4enp55hp80tf6xl7k6f6593wnyu3pr83xfvef9x3ktdw9m0em5,29717428.799683,500000.0,500000.0,0.02,340.0,340.0,False,False,13740.203849188745,828.9552208516632,2.311629251550365,comfortable,828.9552208516632,2.311629251550365,comfortable,358.60215053763443
pool1m4r66650ugw2xshz3gtred6wdxcn65v48r0r6p4vy64dy276q8h,351341.36715,0.0,0.0,0.075,340.0,340.0,False,False,162.11252281289384,162.11252281289384,0.45206790469562597,losing,162.11252281289384,0.45206790469562597,losing,358.60215053763443
pool1m62sl6rauje9cknrkhwl39tc4hujudkd7gp478dpz7tagmjr8wm,30663114.094863,35000.0,35000.0,0.0089,340.0,340.0,False,False,14150.337793841485,478.5353348072905,1.3344463609318744,edge,478.5353348072905,1.3344463609318744,edge,358.60215053763443
pool1m7eljcrzd593cawzwpts00mmnxnj52kr9da8r264r7c4kfd4m0h,3866.076017,0.0,0.0,0.13,340.0,340.0,False,False,1.7838472639480485,1.7838472639480485,0.0049744466430935086,losing,1.7838472639480485,0.0049744466430935086,losing,358.60215053763443
pool1m80jrruqnynpuqvmm5cyhxjqy2q8pnnpyu40sd02z0gkzehqxua,50787.367927,50000.0,50000.0,0.01,340.0,340.0,False,False,23.433893320601626,23.433893320601626,0.0653478884202684,losing,23.433893320601626,0.0653478884202684,losing,358.60215053763443
pool1m83drqwlugdt9jn7jkz8hx3pne53acfkd539d9cj8yr92dr4k9y,656821.620247,5000.0,5000.0,0.04,400.0,170.0,True,True,303.07052007184996,303.07052007184996,0.8451441789110058,losing,176.29528954728696,0.4916180488125243,losing,358.60215053763443
pool1m9h0ndgxlgxa63wsszv7a6l4x8lur35wktlnrycme6t852xrq76,20825.937233,20000.0,20000.0,0.015,340.0,340.0,False,False,9.609333751610695,9.609333751610695,0.026796642845571053,losing,9.609333751610695,0.026796642845571053,losing,358.60215053763443
pool1madkc465h6e9887ctj2adnky2t46km277wt3rs97hlzukzl4rx9,500.954444,150.0,150.0,0.5,340.0,340.0,False,False,0.23114563747214156,0.23114563747214156,0.0006445740415265117,losing,0.23114563747214156,0.0006445740415265117,losing,358.60215053763443
pool1mc4h5pk0juqfd5lj08d09d9tfeyd86v7se4kq2jyu9j0jy8ey4y,13059.551025,10000.0,10000.0,0.02,340.0,340.0,False,False,6.025870091700692,6.025870091700692,0.016803775668010924,losing,6.025870091700692,0.016803775668010924,losing,358.60215053763443
pool1mchqp2fr7mwsz6jrpplxpr0ekmwafev8arl57wwxfck5x0dwv60,199924.00736,100000.0,100000.0,0.01,340.0,340.0,False,False,92.2662534544657,92.2662534544657,0.2572942000379403,losing,92.2662534544657,0.2572942000379403,losing,358.60215053763443
pool1mctfqjen6qflfk65vz2hm8zse0a6e3g289hc0rgvrml777g85yq,42943.704439,100.0,100.0,0.01,340.0,340.0,False,False,19.814675439924745,19.814675439924745,0.05525531681898054,losing,19.814675439924745,0.05525531681898054,losing,358.60215053763443
pool1mcvq2z34f9cfdmkd97famsh20ekqtndw246ny5e8ug3mxfdf4zq,348493.183417,10000.0,10000.0,0.01,340.0,170.0,True,True,160.80484832439572,160.80484832439572,0.44842131616698055,losing,160.80484832439572,0.44842131616698055,losing,358.60215053763443
pool1mcwcfl96ew79rmj4zxehr33p55e4e62dt4whyr2vqesswp9mmvz,4854814.452554,1000.0,1000.0,0.0,340.0,340.0,False,False,2240.0706834259845,340.3913786411397,0.9492173377399097,losing,340.3913786411397,0.9492173377399097,losing,358.60215053763443
pool1meljzszklf23y97ka5sjqwasnel50xe5ar68gz70slm0jmt2wxs,222910.816076,1000.0,1000.0,0.042,340.0,170.0,True,True,102.85377125899431,102.85377125899431,0.28681861250634094,losing,102.85377125899431,0.28681861250634094,losing,358.60215053763443
pool1mfgqn8n658vjdcvg3xgtr3qyet64fht0dzsukqeznxw36z8g2k6,2642357.464607,10000.0,10000.0,0.0189,340.0,340.0,False,False,1219.2615305456602,359.88271661046525,1.003570993846275,edge,359.88271661046525,1.003570993846275,edge,358.60215053763443
pool1mfm9nf0fc2wknc94dxyedny3vxtmv4t05arq7czyxsmg7qcy76n,56977.583177,1.0,1.0,0.0,340.0,340.0,False,False,26.290043401398513,26.290043401398513,0.07331256480749809,losing,26.290043401398513,0.07331256480749809,losing,358.60215053763443
pool1mfyzxyggryp0jhgghvzas7qjdyz2rcfnm5rfq8s9uefvukrlps5,153804.067725,200.0,200.0,0.08,340.0,340.0,False,False,70.96683884760853,70.96683884760853,0.19789853111926814,losing,70.96683884760853,0.19789853111926814,losing,358.60215053763443
pool1mg37s4w4uzsmw27nsnz2mwfll8sdawngvy3n657t7nd0yjcd77e,6699987.980116,5000.0,5000.0,0.02,340.0,340.0,False,False,3091.507753993846,397.0424554055764,1.1071948531549807,edge,397.0424554055764,1.1071948531549807,edge,358.60215053763443
pool1mgpcx225587y9uf2zcwrputd3kj70jfpf654ca86dehuw5qk5pf,75419.509411,75000.0,75000.0,0.0299,340.0,340.0,False,False,34.79940965498267,34.79940965498267,0.09704183202139094,losing,34.79940965498267,0.09704183202139094,losing,358.60215053763443
pool1mgpzhdjucv0hyyndzq08la7m5h645wmsat35gxy9fv6au9k7eg4,997.620818,500.0,500.0,0.015,340.0,340.0,False,False,0.46031299117402985,0.46031299117402985,0.0012836314296607127,losing,0.46031299117402985,0.0012836314296607127,losing,358.60215053763443
pool1mh4ng2ldxk4sqfppzu6r4knxrk6e87e9c4wgrred84uy7xauzlh,46174069.403856,500.0,500.0,0.03,340.0,340.0,False,False,21305.235220373077,969.1772698003948,2.702653256115044,comfortable,969.1772698003948,2.702653256115044,comfortable,358.60215053763443
pool1mhrvkx5vfv7ygd55wsknycz2a8d6gd6y8m8rgdnqwa7jcy34g05,15351.842619,3110.0,3110.0,0.0,340.0,340.0,False,False,7.083571364708793,7.083571364708793,0.019753287463805627,losing,7.083571364708793,0.019753287463805627,losing,358.60215053763443
pool1mhww3q6d7qssj5j2add05r7cyr7znyswe2g6vd23anpx5sh6z8d,871788.800366,18000.0,18000.0,0.0314159,340.0,340.0,False,False,402.28187030402495,343.20218824142285,0.9570555774048672,losing,343.20218824142285,0.9570555774048672,losing,358.60215053763443
pool1mkw6psku0jvaw60uqleul9jxlmyt2xet3urjrgu6735ryxtga60,70435.372735,15800.0,15800.0,0.01,340.0,340.0,False,False,32.501265523854535,32.501265523854535,0.09063321420445192,losing,32.501265523854535,0.09063321420445192,losing,358.60215053763443
pool1ml8hj9zhv5esld4dwuxrkda0ktclw4g5xfggg86nw3majud2uf6,548.60634,100.0,100.0,0.15,345.0,345.0,False,False,0.25313269776221803,0.25313269776221803,0.0007058872831150308,losing,0.25313269776221803,0.0007058872831150308,losing,358.60215053763443
pool1mltwh4elef39dkuuz058lgfuvx79c5wcnz3szau3arhsyq22ace,156014.530752,25000.0,25000.0,0.03,345.0,345.0,False,False,71.99300807243105,71.99300807243105,0.2007601124658497,losing,71.99300807243105,0.2007601124658497,losing,358.60215053763443
pool1mmrh2l3t5r7w5l7e82ven0e595vhgvu0hyf4ttrgcyejq8gwqcm,122.625351,0.0,0.0,0.1,340.0,340.0,False,False,0.05658059901309465,0.05658059901309465,0.000157780980756156,losing,0.05658059901309465,0.000157780980756156,losing,358.60215053763443
pool1mn0ydnu5tt4w80y3dxdsajddhdz03p6mudk8vlh55r5exqywxhh,1.86549,1.0,1.0,0.01,340.0,340.0,False,False,0.0008607562873106289,0.0008607562873106289,2.4003098866533277e-06,losing,0.0008607562873106289,2.4003098866533277e-06,losing,358.60215053763443
pool1mn6relcs7dn2fqzfq5yjlwxa49d900p5sdpw62jlx45k2djgwe4,6349880.267576,12059.0,12059.0,0.02,340.0,170.0,True,True,2930.0470280452405,396.6213006746646,1.1060204186729776,edge,230.33768922300598,0.6423209924359686,losing,358.60215053763443
pool1mnghpud4rypv76fgq5urhzaujlevp94tjxug6556e9qyua43ktl,188.939307,100.0,100.0,0.15,345.0,345.0,False,False,0.08717855790985063,0.08717855790985063,0.0002431066232568548,losing,0.08717855790985063,0.0002431066232568548,losing,358.60215053763443
pool1mnhywmx87p5dlsk86szshumnn5pljdnacr0e8zsq2v32ckh5wyf,424748.399847,100000.0,100000.0,0.015,340.0,340.0,False,False,196.04581349315075,196.04581349315075,0.5466944724096857,losing,196.04581349315075,0.5466944724096857,losing,358.60215053763443
pool1mqy259k253xryf4hvdq0n72n2uvadcgp34r0fxwpqzm0z5n0qp6,28799306.188365,1000.0,1000.0,0.05,340.0,340.0,False,False,13288.351629514502,987.8447075310398,2.75470937932194,comfortable,987.8447075310398,2.75470937932194,comfortable,358.60215053763443
pool1mrxg6svcug7mc459ce5zum4qd6p0hkfc08jzpphxfnxzz8yf7ll,312162.261974,10000.0,10000.0,0.0,340.0,340.0,False,False,144.04068887174935,144.04068887174935,0.40167268560937597,losing,144.04068887174935,0.40167268560937597,losing,358.60215053763443
pool1mscll7kd2y9c56kv7thv7kv99wjvrr72uwpmuhphaltjz0pkuqa,2115233.469663,50000.0,50000.0,0.04,340.0,340.0,False,False,976.1891039015484,379.8843047926119,1.0593475366030856,edge,379.8843047926119,1.0593475366030856,edge,358.60215053763443
pool1msfz0v3yrzl3k5njsm92uw59cfs5uepajs4a62rxfm5xke9d2zr,1047.231164,600.0,600.0,0.01,340.0,340.0,False,False,0.48320375294570406,0.48320375294570406,0.0013474647383493396,losing,0.48320375294570406,0.0013474647383493396,losing,358.60215053763443
pool1mtnhc34ylrthfu7vzja3em2j5csaq3ewd5z294hs8xw2w6nupuf,40116.345828,33000.0,33000.0,0.025,345.0,345.0,False,False,18.510547372324027,18.510547372324027,0.0516186178598541,losing,18.510547372324027,0.0516186178598541,losing,358.60215053763443
pool1munms54eag8ul80zm9gprjjachydm0ex52vjfzsrcjwpcdavcdd,17667546.249121,100.0,100.0,0.15,345.0,345.0,False,False,8151.99106966215,1516.086220517459,4.227766671907756,comfortable,1516.086220517459,4.227766671907756,comfortable,358.60215053763443
pool1mut4phum9hegtl8m2r68gpjh5x8w8t6zwf75zrphhp3qwwrrpgt,50788087.157071,30000.0,30000.0,0.025,340.0,340.0,False,False,23437.074070769504,930.7289754440401,2.595436123427158,comfortable,930.7289754440401,2.595436123427158,comfortable,358.60215053763443
pool1mv7z7jzats0g3s36rd6sk08ew6wg4pf7ulu9uvd6grpdc0mh7e0,1087.822733,1000.0,1000.0,0.05,340.0,340.0,False,False,0.5019327737169169,0.5019327737169169,0.001399692592374011,losing,0.5019327737169169,0.001399692592374011,losing,358.60215053763443
pool1mvl09pgsejrudghjhq79qurugrvqy3pceznp7f9vz63n7ku7jqx,7734675.152192,5.0,5.0,0.0,340.0,340.0,False,False,3568.858794928384,340.0020872620578,0.94813175758235,losing,340.0020872620578,0.94813175758235,losing,358.60215053763443
pool1mvtjl73f2d57mvzgkzjmsqh36lk427dhreurx334klqww6sx7xm,9282.314415,100.0,100.0,0.025,340.0,340.0,False,False,4.2829571696322875,4.2829571696322875,0.011943478763892136,losing,4.2829571696322875,0.011943478763892136,losing,358.60215053763443
pool1mw8jpnmxd22vw4h68uqw70nx24vfju4aav9rznesc4vnjnt68g4,30210.168352,500.0,500.0,0.0,340.0,340.0,False,False,13.939311152862182,13.939311152862182,0.038871242495237865,losing,13.939311152862182,0.038871242495237865,losing,358.60215053763443
pool1mwp8ewtzmun0426v9z0h9um2amswgfzn78rckfl2fc3t5sy0m5g,8341494.493294,10000.0,10000.0,0.01,340.0,340.0,False,False,3849.0115643092076,379.254742798884,1.057591936440666,edge,379.254742798884,1.057591936440666,edge,358.60215053763443
pool1mxqjlrfskhd5kql9kak06fpdh8xjwc76gec76p3taqy2qmfzs5z,63723242.742963,5000000.0,5000000.0,0.07,340.0,340.0,False,False,30009.407848367693,4581.888773152013,12.777081136525851,strong,4581.888773152013,12.777081136525851,strong,358.60215053763443
pool1my7sevxtc4dfvj626q0ujqqukntfa2v0uuydq6wd8x8hvml03rn,403357.178542,500.0,500.0,0.0,340.0,340.0,False,False,186.11354068681555,186.11354068681555,0.5189972798762772,losing,186.11354068681555,0.5189972798762772,losing,358.60215053763443
pool1myvgx4ef424e6nw2strqq7dxcepav52plyyhxrk0avaw7y098l2,56003430.572452,50000.0,50000.0,0.02,340.0,170.0,True,True,25845.940140424813,872.4351333279982,2.432877583193518,comfortable,705.9838742160982,1.968710653736046,edge,358.60215053763443
pool1myw0304x7q2zuk24pzmf2rwwcwlh9p29pnj257zzjcd9j29s4xl,340.417081,100.0,100.0,0.01,400.0,400.0,False,False,0.15707199095885985,0.15707199095885985,0.00043801184885079356,losing,0.15707199095885985,0.00043801184885079356,losing,358.60215053763443
pool1mzn7a7h4ghv35d7hm7lepzcc8vkwq38qajnnuqalc60mkl0recn,309.271584,300.0,300.0,0.05,340.0,340.0,False,False,0.14270109723149604,0.14270109723149604,0.0003979370927295092,losing,0.14270109723149604,0.0003979370927295092,losing,358.60215053763443
pool1mzry5s8pkfy42ul2xevaq7dk6qae8247hqd8serm3ms06glvny0,167755.795074,191.0,191.0,0.01,340.0,340.0,False,False,77.40431190577347,77.40431190577347,0.2158501051645257,losing,77.40431190577347,0.2158501051645257,losing,358.60215053763443
pool1n0tqrkw62zmr20h9jz5ev2ph428ym49wt2z0mq4vlylf5u0sv7y,59437.82781,25000.0,25000.0,0.05,345.0,345.0,False,False,27.426881223184232,27.426881223184232,0.07648275723406697,losing,27.426881223184232,0.07648275723406697,losing,358.60215053763443
pool1n20x3spgcj72k0azl85gxt72qzr2eq7sr53tlmwdg8wrz60ynzn,367577.273879,50000.0,50000.0,0.0001,340.0,340.0,False,False,169.63448112059885,169.63448112059885,0.47304368048622764,losing,169.63448112059885,0.47304368048622764,losing,358.60215053763443
pool1n2j7zmw69gf3weqp3wae234p3lykjks49c84mleqgmnmg4jht3y,110328.423097,50000.0,50000.0,0.01,340.0,340.0,False,False,50.91247486797276,50.91247486797276,0.14197481747290755,losing,50.91247486797276,0.14197481747290755,losing,358.60215053763443
pool1n2yp66zk6m33sg8k20hsvmk9tw7xeeswzdcfxhnx9hm9jkxv5k4,14281721.22911,100000.0,100000.0,0.01,340.0,340.0,False,False,6592.462713728209,445.86630834846665,1.2433453276284077,edge,445.86630834846665,1.2433453276284077,edge,358.60215053763443
pool1n353xqapcq8wtyskm8cj4g04t8rv03lteyl30c42zug7kzv8vqz,7675166.187781,0.0,0.0,0.0,340.0,340.0,False,False,3541.400671951586,340.0,0.9481259370314842,losing,340.0,0.9481259370314842,losing,358.60215053763443
pool1n3agd6rep8jw3gff684mja56ns6wqmshayu0av7hxcgx7f4pnwy,4095.742493,1097.0,1097.0,0.0,340.0,340.0,False,False,1.88982406251653,1.88982406251653,0.005269974147347444,losing,1.88982406251653,0.005269974147347444,losing,358.60215053763443
pool1n4fq4gw6snzqjep3pylj8dc6aaa4xgn78gl58k360dqdw6a58g8,3500776.677179,42000.0,42000.0,0.0369,340.0,340.0,False,False,1615.5737612869302,401.8074622133854,1.120482578286202,edge,401.8074622133854,1.120482578286202,edge,358.60215053763443
pool1n500map6vvxwkxnrw5m9vgmjqrmtaxuuxkgqvzz7699c7qc550v,1164429.536529,190000.0,190000.0,0.005,340.0,340.0,False,False,537.6367381400356,373.0753338129379,1.040360001337428,edge,373.0753338129379,1.040360001337428,edge,358.60215053763443
pool1n52mcyvll6hw864xtqdqqyjwj6953aquqj0u4j23780tc0zc426,12392.861078,100.0,100.0,0.025,340.0,340.0,False,False,5.7181960115775725,5.7181960115775725,0.01594579397531377,losing,5.7181960115775725,0.01594579397531377,losing,358.60215053763443
pool1n5kljtvdhg29vrhr6uefqk76dpepzfwuvsw8zd0z5yqfuqj7x8a,386076.731846,25000.0,25000.0,0.01,340.0,340.0,False,False,178.15713383814142,178.15713383814142,0.4968099984092099,losing,178.15713383814142,0.4968099984092099,losing,358.60215053763443
pool1n5shd9xdt4s2gm27fxcnuejaqhhmpepn6chw2c82kqnuzdtpsem,289251.59838,5000.0,5000.0,0.0,340.0,340.0,False,False,133.4663963373375,133.4663963373375,0.3721851532045693,losing,133.4663963373375,0.3721851532045693,losing,358.60215053763443
pool1n5ytegzw3enscfw4t8wsjytrz228agvm9c3xaarce7pgjzftdtx,178426.491654,25010.0,25010.0,0.01,340.0,170.0,True,True,82.33519724094171,82.33519724094171,0.22960040010217628,losing,82.33519724094171,0.22960040010217628,losing,358.60215053763443
pool1n62v2xsrnpyyaav2mgauwzn40u8hfzavt520vsaehz252v2tf7u,527.625746,500.0,500.0,0.2,345.0,345.0,False,False,0.24345197608737185,0.24345197608737185,0.0006788915675000174,losing,0.24345197608737185,0.0006788915675000174,losing,358.60215053763443
pool1n6w5q9hw3gj6574uts75mkyrqcm702n240fxlk5df4sf7a7vlvk,138.742943,100.0,100.0,0.02,345.0,345.0,False,False,0.06401742929082499,0.06401742929082499,0.00017851936803738302,losing,0.06401742929082499,0.00017851936803738302,losing,358.60215053763443
pool1n6z7rf722heq35v2dxvstfwezgdt8cv0mftpv4r9jay3wjk2kkt,2494196.997477,5000.0,5000.0,0.01,340.0,340.0,False,False,1150.8720879027026,349.7179830340126,0.9752255598849526,losing,349.7179830340126,0.9752255598849526,losing,358.60215053763443
pool1n7s5kpymwd0zsld8q23tpf7z5esjaqwmnnzzssee5630zpx5ww0,2134661.213402,150000.0,150000.0,0.0,340.0,170.0,True,True,985.5281161100077,385.3604613268748,1.0746183779130243,edge,227.30615080673417,0.6338672271372197,losing,358.60215053763443
pool1n7zh6hu89v9lz6d8ggjr9xll8q8jqr5aa4qxkfnlfh2uj39802c,400.944493,100.0,100.0,0.1,345.0,345.0,False,False,0.18499997343800426,0.18499997343800426,0.0005158919799020808,losing,0.18499997343800426,0.0005158919799020808,losing,358.60215053763443
pool1n7zhzk2zyvqywfj476s4xk9h0xzncsq37469d8cyg37lsngvvqp,867.020205,10.0,10.0,0.035,340.0,340.0,False,False,0.40005206244214425,0.40005206244214425,0.0011155874604833408,losing,0.40005206244214425,0.0011155874604833408,losing,358.60215053763443
pool1n8xmcjuadnkn8kk9axtjt3ahx5amj4nc8446grdjzfdrzl77xh6,148.435878,100.0,100.0,0.15,340.0,340.0,False,False,0.06848985112263048,0.06848985112263048,0.00019099118903762022,losing,0.06848985112263048,0.00019099118903762022,losing,358.60215053763443
pool1n940lfxkd7z73qzj5y554yrletrmgg5x2eya9tpglh3uwcqfnud,1099494.897039,1000.0,1000.0,0.0,340.0,270.0,True,True,507.32037285587325,340.1521793082501,0.948550305117459,losing,270.2158449061428,0.7535254445658555,losing,358.60215053763443
pool1n96ql32ct37n8w0l9ddhnc2t8tv0uyd6kuhzua8uxy63xs35wgl,80.466289,1.0,1.0,0.02,340.0,340.0,False,False,0.03712797405741952,0.03712797405741952,0.00010353527998021035,losing,0.03712797405741952,0.00010353527998021035,losing,358.60215053763443
pool1n9vs3ye3939ae8x6jfkf0unksj7q05zgsk2fnm8lhve95w3j0rs,1354.324795,1000.0,1000.0,0.015,340.0,340.0,False,False,0.6249000801928494,0.6249000801928494,0.0017425999237761615,losing,0.6249000801928494,0.0017425999237761615,losing,358.60215053763443
pool1ncg357pkgx29g6jrwunk94pwxe409ktxyrw8s0k66vwkc4qdgnu,2044463.967432,25000.0,25000.0,0.01,340.0,340.0,False,False,943.4337860208475,353.3394243972803,0.9853243319024608,losing,353.3394243972803,0.9853243319024608,losing,358.60215053763443
pool1nchr83fc0hrykvhlnh64n3wlt5vkdu727xjep59znrwzs589jdd,1099746.982813,10000.0,10000.0,0.01,340.0,340.0,False,False,507.4555244499664,343.18200170078745,0.9569992851026456,losing,343.18200170078745,0.9569992851026456,losing,358.60215053763443
pool1ncst8jldzmwa4s874u3x4q7seqjyq3njc89a2w2056m2ywktd6w,54.12616,0.0,0.0,0.99,340.0,340.0,False,False,0.024974367291137077,0.024974367291137077,6.964366291081703e-05,losing,0.024974367291137077,6.964366291081703e-05,losing,358.60215053763443
pool1ndtsklata6rphamr6jw2p3ltnzayq3pezhg0djvn7n5js8rqlzh,1691.920986,10.0,10.0,0.0,340.0,340.0,False,False,0.7806697885396949,0.7806697885396949,0.0021769802199157907,losing,0.7806697885396949,0.0021769802199157907,losing,358.60215053763443
pool1ndu9fpv7prmp6r6k23lzx6fcpjlvh6upl3w8ghldys467u6vvrl,1405.326847,1000.0,1000.0,0.039,345.0,345.0,False,False,0.6484330499271902,0.6484330499271902,0.0018082240972482364,losing,0.6484330499271902,0.0018082240972482364,losing,358.60215053763443
pool1nee5kmpzv0qfz7lu258fe9ylgxh68lsqqdmjgw7jnheej3usn35,64328594.406327,64000000.0,64000000.0,1.0,500.0,500.0,False,False,36754.092192607684,36754.092192607684,102.49267088193447,strong,36754.092192607684,102.49267088193447,strong,358.60215053763443
pool1nfsrjxsgwt9k6zsp8eg64wq25z9c2gqmqx6gqnugsrraz4sa3a8,114461.188862,0.0,0.0,0.01,340.0,340.0,False,False,52.81357057695939,52.81357057695939,0.1472762237978178,losing,52.81357057695939,0.1472762237978178,losing,358.60215053763443
pool1ng3vqzrhn3z45yjdscv3q37n26g2pj3vp99rfkgv6225y8lqg8j,51026798.608491,1000.0,1000.0,0.04,400.0,400.0,False,False,23544.388119832907,1326.210955061351,3.6982794249087143,comfortable,1326.210955061351,3.6982794249087143,comfortable,358.60215053763443
pool1ngv77edpdwjcxetg9rez7hvhjnvxcryd8kqyje95lx5gukj73r8,117456.2401,100.0,100.0,0.0,340.0,340.0,False,False,54.1955405992848,54.1955405992848,0.1511299932753669,losing,54.1955405992848,0.1511299932753669,losing,358.60215053763443
pool1nh9j5qucsddxkzn3m4dm4gxkhwtpya4wm4e0ye2u0puaqgkcm65,1401329.463625,250000.0,250000.0,0.02,340.0,340.0,False,False,647.1433907566015,399.8419676261844,1.115001588882613,edge,399.8419676261844,1.115001588882613,edge,358.60215053763443
pool1nhd907krga9dh69kf0jg4tl0764rravepy337gptvsknxyyx94k,3243757.256466,65000.0,65000.0,0.005,340.0,170.0,True,True,1497.100472671043,368.85611682466396,1.0285942688064091,edge,203.09562754655397,0.5663536240428642,losing,358.60215053763443
pool1nhls8e9swnyshldgjknku4npreax075nw0ltrkmrarh4w3skxt9,6271758.051269,100000.0,100000.0,0.025,340.0,340.0,False,False,2895.0416050712697,443.5964111069798,1.2370154792488492,edge,443.5964111069798,1.2370154792488492,edge,358.60215053763443
pool1nhlv5z2lsptzgcp9ype0mppc7zyndm66ypm4sw5hy27ewdchqx0,15925327.85654,1000.0,1000.0,0.0,340.0,340.0,False,False,7348.140783813664,340.4400625749715,0.9493530980351528,losing,340.4400625749715,0.9493530980351528,losing,358.60215053763443
pool1nhstzc6dk7d04k83yfccyrylzewhpd422kall4u6a5ck5c0pw3q,130.601408,100.0,100.0,0.01,340.0,340.0,False,False,0.06026083968422919,0.06026083968422919,0.00016804372085857015,losing,0.06026083968422919,0.00016804372085857015,losing,358.60215053763443
pool1njgax5g706nhknujnntnrx0gyu8zqvrhexwmmp7qrfhjvaumfq4,32.618266,20.0,20.0,0.02,340.0,340.0,False,False,0.015050404125063286,0.015050404125063286,4.1969642687582776e-05,losing,0.015050404125063286,4.1969642687582776e-05,losing,358.60215053763443
pool1njs6ejpvdkt3cee7u8ekqyunmufm82jjrehtg42xd28m7zhzn5v,126.660459,0.0,0.0,0.03,340.0,340.0,False,False,0.058442439373678254,0.058442439373678254,0.00016297291939286587,losing,0.058442439373678254,0.00016297291939286587,losing,358.60215053763443
pool1nkupy99hkqqqzdsenxrgenpf05auqa45e27tzlqqya70kjwjphn,3356603.457427,5000.0,5000.0,0.04,340.0,340.0,False,False,1548.8035927622789,390.08075339550487,1.0877814112678246,edge,390.08075339550487,1.0877814112678246,edge,358.60215053763443
pool1nl74emh67vuyt8cgv6gwhjnrctxgrpqlrdzznj4l3lh5j8lj3ah,10737639.866103,50000.0,50000.0,0.05,340.0,340.0,False,False,4955.485349536944,591.1917481184821,1.6486006769121089,edge,591.1917481184821,1.6486006769121089,edge,358.60215053763443
pool1nlv8mxyx5juqe5aua9tplr5j9ar4wy950zlya3ul94wkgqmf9z0,245.204781,236.0,236.0,0.01,340.0,340.0,False,False,0.1131400137797688,0.1131400137797688,0.0003155028870020539,losing,0.1131400137797688,0.0003155028870020539,losing,358.60215053763443
pool1npx8wwtj8knlavx6h7spcj7sk6n6dd5qa0npk9fcdefd542y9vx,150.610962,100.0,100.0,0.01,345.0,345.0,False,False,0.06949345768427674,0.06949345768427674,0.00019378985201312554,losing,0.06949345768427674,0.00019378985201312554,losing,358.60215053763443
pool1nq0jx33p0sfa2fux33yklkzssck4kfgaqlgnlc0a7a9ggqzhgnt,110.622006,100.0,100.0,0.15,345.0,345.0,False,False,0.05104213413310167,0.05104213413310167,0.00014233638603833448,losing,0.05104213413310167,0.00014233638603833448,losing,358.60215053763443
pool1nqm7rm98j5z027kdfcf09kunacz2w672xzx2ucdxacs954r5dul,16788158.271696,1000.0,1000.0,0.0,340.0,170.0,True,True,7746.261276019251,340.4411598435134,0.94935615788446,losing,170.45128602872373,0.4753214273064859,losing,358.60215053763443
pool1nqveuw4q2yw9u9x6yzy260skdwc309krsx32hmgvpyp962mu996,776.657131,700.0,700.0,0.01,341.0,341.0,False,False,0.35835769675375573,0.35835769675375573,0.0009993183147855855,losing,0.35835769675375573,0.0009993183147855855,losing,358.60215053763443
pool1ns6veetewra0zqlljq36rwt4g3d5s0lnvxmzmx82epph50weacy,2141.065397,2000.0,2000.0,0.0,340.0,340.0,False,False,0.9879101525349696,0.9879101525349696,0.0027548918796327488,losing,0.9879101525349696,0.0027548918796327488,losing,358.60215053763443
pool1nsaul82z7ytu73q96w2wgj8wrardmrzjkuzaankzn0xuqkj70qm,4586732.322139,160000.0,160000.0,0.019,340.0,340.0,False,False,2117.729948850864,434.61157076665944,1.2119603022878358,edge,434.61157076665944,1.2119603022878358,edge,358.60215053763443
pool1nss40t2xhh7ntgp8ca73u2xd8kzyn3dgtf9jfh0y57kxul9zt82,72259.89484,15000.0,15000.0,0.005,340.0,170.0,True,True,33.34311042332997,33.34311042332997,0.09298078768724698,losing,33.34311042332997,0.09298078768724698,losing,358.60215053763443
pool1nt65pu06tlggjeaer8862fdju98ddrrxa9wnw3k4lhfvgrrgt85,3808821.979165,25000.0,25000.0,0.0,340.0,340.0,False,False,1757.6115386575275,349.3047899482579,0.9740733272919935,losing,349.3047899482579,0.9740733272919935,losing,358.60215053763443
pool1ntfxj2jgvhzen8e86ed679ctukar3vj538ywyyq8ryld66jj4sx,39785674.47639,100.0,100.0,0.0,340.0,340.0,False,False,18357.527324915194,340.0452864694693,0.9482522231382502,losing,340.0452864694693,0.9482522231382502,losing,358.60215053763443
pool1ntwurms3f0j4kqe5wfpg9chlasylp0lmuw72m4fn66vnuyrvs8v,1246845.416738,180000.0,180000.0,0.0,340.0,170.0,True,True,575.677473501331,374.02341995307165,1.0430038397491952,edge,228.56535561664072,0.6373786528440055,losing,358.60215053763443
pool1nu6c26gql6yhnpagsp6nt0phc36vfjr5q9x0eerm5534gy4jqul,120845.16558,5000.0,5000.0,0.0,340.0,340.0,False,False,55.760316496490304,55.760316496490304,0.1554935362570794,losing,55.760316496490304,0.1554935362570794,losing,358.60215053763443
pool1nudasuv0lljpe0tswcverqvlh0v4226vgnpsuxn0e9nkvnvcvne,64400885.928463,50000.0,50000.0,0.015,340.0,340.0,False,False,29721.420027902877,803.1904779075235,2.239781542590695,comfortable,803.1904779075235,2.239781542590695,comfortable,358.60215053763443
pool1nusynxpeg9u8ea7s9snmc7cf25apfk0guzdu4dwxz0uwjr378xt,20140.601807,5700.0,5700.0,0.0183,340.0,340.0,False,False,9.293239181855865,9.293239181855865,0.025915179727514105,losing,9.293239181855865,0.025915179727514105,losing,358.60215053763443
pool1nwcu3al5vfm7t3dtvyuu4hlmlvezd05c5v386q90hlptks4mqw3,792041.975048,450000.0,450000.0,0.0075,340.0,340.0,False,False,365.7564327945877,354.7169827905048,0.9891657990859654,losing,354.7169827905048,0.9891657990859654,losing,358.60215053763443
pool1nwddjgvjrke3e2gu6m0a7y04alhgcx4egec6dd9gahr5sz0p5u9,152134.84134,60000.0,60000.0,0.01,340.0,170.0,True,True,70.20722122380451,70.20722122380451,0.19578025708587163,losing,70.20722122380451,0.19578025708587163,losing,358.60215053763443
pool1nwfzutmm6et5yt6mdk6d3ls57qfmwje0hwcepr3dn68mu9wl0pd,4378255.210941,100.0,100.0,0.0,340.0,300.0,True,True,2020.1728568738351,340.038375397868,0.9482329508846093,losing,300.0392890038154,0.8366912706853022,losing,358.60215053763443
pool1nwt6mxqus3tpzrshky5h5kykz9rjpxmacrvw0z6yak9uk5p5045,22031888.956308,40000.0,40000.0,0.05,340.0,340.0,False,False,10167.432002008458,848.3216862603933,2.365634687322836,comfortable,848.3216862603933,2.365634687322836,comfortable,358.60215053763443
pool1nwvfpwq36ea6ne5czpvpun7pr89qcg654kmu6ml4vjc2xzwlx4u,5247.60088,2.0,2.0,0.06,345.0,345.0,False,False,2.421297074572148,2.421297074572148,0.006752042816647969,losing,2.421297074572148,0.006752042816647969,losing,358.60215053763443
pool1nx2g7dzc90uu47e8kp057r59g8z5sz6v0x76wsph8xpcqzqycv7,1035205.726711,1000006.619057,1000006.619057,0.0147,340.0,340.0,False,False,477.7498571670618,473.13493237548016,1.3193867679436178,edge,473.13493237548016,1.3193867679436178,edge,358.60215053763443
pool1nydxffhrmpn0ft6wpg4l6cwp2jr2glxvx5hxr69xknl0s5p603w,1477.924131,1000.0,1000.0,0.0,340.0,340.0,False,False,0.6819303234715439,0.6819303234715439,0.0019016347850930608,losing,0.6819303234715439,0.0019016347850930608,losing,358.60215053763443
pool1nyf8x2xrlmfqwy9shqrlx2csentnzyjmxr0r3w0ljuaqz5ek7qz,8571830.538347,50000.0,50000.0,0.01,340.0,340.0,False,False,3955.950355424406,397.04063761222375,1.1071897840460811,edge,397.04063761222375,1.1071897840460811,edge,358.60215053763443
pool1nyh6jcznks8wvlek7r7rlvg9hfchfqqyvup39ugkmr6kghrl0as,145163.502044,100.0,100.0,0.0,340.0,340.0,False,False,66.97996174911187,66.97996174911187,0.1867807029285578,losing,66.97996174911187,0.1867807029285578,losing,358.60215053763443
pool1nyj2wwps0nk9kn48rtqck5876la35k3j4talj24gpvnauxqsfh3,4098.244613,555.0,555.0,0.02,340.0,340.0,False,False,1.8909760232904669,1.8909760232904669,0.00527318651172454,losing,1.8909760232904669,0.00527318651172454,losing,358.60215053763443
pool1nyjw0460ww5qjtpukexuywxdz4lzhy6tm7yygn74lnlcc62hnc8,868.232932,0.0,0.0,1.0,340.0,340.0,False,False,0.4006116106893384,0.4006116106893384,0.0011171478199132976,losing,0.4006116106893384,0.0011171478199132976,losing,358.60215053763443
pool1nz9h4raywm6mu2v8l7htuaqvmn06l3mepuaxynpzlwljsf8txhy,36393675.108499,10000.0,10000.0,0.0,340.0,340.0,False,False,16793.115653866793,344.5208722682762,0.9607328671948931,losing,344.5208722682762,0.9607328671948931,losing,358.60215053763443
pool1nzsjg3cuam3uj39qusn44cs2uj7h30lppqsrqsllwxs2c8fx4xs,5857117.697758,0.0,0.0,0.04,340.0,340.0,False,False,2702.5343872764574,434.5013754910583,1.2116530111144954,edge,434.5013754910583,1.2116530111144954,edge,358.60215053763443
pool1p0jc0n0sqhj7fhm8sng8086akyyrsl085cvd6ewskhhly9tn3d0,100.25752,100.0,100.0,0.0,340.0,340.0,False,False,0.046259851629211736,0.046259851629211736,0.00012900048580259945,losing,0.046259851629211736,0.00012900048580259945,losing,358.60215053763443
pool1p2vgec7gamn3zq0pgevauvu5m7gzhzwal48sutz4hc5tk54vnxn,32.036957,32.0,32.0,0.03,340.0,340.0,False,False,0.01478218168684869,0.01478218168684869,4.12216760682737e-05,losing,0.01478218168684869,4.12216760682737e-05,losing,358.60215053763443
pool1p3chxyfv5cfk95hwq5zqjuljrpyk3uk5ua5alpn8rjgkkvvy8ne,13215910.063846,20000.0,20000.0,0.99,340.0,340.0,False,False,6098.464316009467,6040.966817272847,16.845874482949768,strong,6040.966817272847,16.845874482949768,strong,358.60215053763443
pool1p42f6kw9lkgw5tn77kqyrc22zrs4uq298p468gacwzw6gq0ckq2,818192.636261,5000.0,5000.0,0.0,340.0,170.0,True,True,377.5303185836709,340.2293489144267,0.9487655007208899,losing,171.26822406720774,0.47759954537482213,losing,358.60215053763443
pool1p4a0vuantvzu9ysk3w430vgxjjfa95g0uz2sw8e4tltjg4jhkwz,56860.277533,50000.0,50000.0,0.01,340.0,340.0,False,False,26.23658032978928,26.23658032978928,0.07316347738142137,losing,26.23658032978928,0.07316347738142137,losing,358.60215053763443
pool1p5ja48uqc7pjnuqvwu7cgmspvx938qpnf4zqm0x2k0ngkh4lkjx,45441761.847427,50000.0,50000.0,0.025,340.0,340.0,False,False,20971.66180410223,877.925227249982,2.4481872903822586,comfortable,877.925227249982,2.4481872903822586,comfortable,358.60215053763443
pool1p627hhec2ha6wu6ql377c3hv4mjd26w7ll0xyw2ezgnu6nyl0a4,152787.766237,100000.0,100000.0,0.01,340.0,170.0,True,True,70.50803446626064,70.50803446626064,0.1966191066075634,losing,70.50803446626064,0.1966191066075634,losing,358.60215053763443
pool1p7rhyhffkw7xewl8c2c0dlaa406q7qfztg2hxa3aw4u2uaqlqla,197.625746,100.0,100.0,0.0,345.0,345.0,False,False,0.09118657193493658,0.09118657193493658,0.0002542833940014723,losing,0.09118657193493658,0.0002542833940014723,losing,358.60215053763443
pool1p82vmqednsalje23mpnz9u3qt9ruj79xu83mr6p8t93fw5fcu3y,93790.237778,17000.0,17000.0,0.01,340.0,170.0,True,True,43.278290780439626,43.278290780439626,0.1206860882333099,losing,43.278290780439626,0.1206860882333099,losing,358.60215053763443
pool1p86vmfhr4xnerm4kjltlhxrpzaeqjg30h7p8f6h279ulcty9n7e,458.257808,0.0,0.0,0.0,340.0,340.0,False,False,0.21144486900647258,0.21144486900647258,0.000589636366344886,losing,0.21144486900647258,0.000589636366344886,losing,358.60215053763443
pool1p8a3jea0k5w749jf0jtr7qeer8xth9r0zr8ktmp75heqx0ewyz7,51498.021487,50000.0,50000.0,0.0195,345.0,345.0,False,False,23.761864528781164,23.761864528781164,0.0662624707998995,losing,23.761864528781164,0.0662624707998995,losing,358.60215053763443
pool1p8fhygz7ga9hghhwmkr64p3ftn77lxu9nyddvsqszattcdyajc0,25913649.317604,1000.0,1000.0,0.01,340.0,340.0,False,False,11956.874303792169,456.6125518361268,1.273312363441073,edge,456.6125518361268,1.273312363441073,edge,358.60215053763443
pool1p8gda4td9882kcllejstrzfh84n8cxts0j67dyuuamzdg85cf3a,10097.029715,10000.0,10000.0,0.01,340.0,340.0,False,False,4.658875321127051,4.658875321127051,0.012991766262813067,losing,4.658875321127051,0.012991766262813067,losing,358.60215053763443
pool1p90ymkn27wj473ve0leq0u6s935atjspsq77kxttyzzqsekqjh3,4907.458502,200.0,200.0,0.01,340.0,340.0,False,False,2.2643536700097737,2.2643536700097737,0.006314389544554991,losing,2.2643536700097737,0.006314389544554991,losing,358.60215053763443
pool1p98qztq2t77u89vvsratsmsx8hu965w4n7xneg5qu7gtgcdude0,11.63316,5.0,5.0,0.05,340.0,340.0,False,False,0.0053676598163777895,0.0053676598163777895,1.4968286744321871e-05,losing,0.0053676598163777895,1.4968286744321871e-05,losing,358.60215053763443
pool1p9sda64t6l9802tsu2fj6phvt9xfqgcpjucyr3kek8wzurmn8rz,1466871.451536,200000.0,200000.0,0.0,340.0,340.0,False,False,677.3181383280321,385.99150634158394,1.076378113636201,edge,385.99150634158394,1.076378113636201,edge,358.60215053763443
pool1p9sjhjx0v3k76wvgdqu7jcks2ra48wqlhc6g0mkewd25k3zcymy,26199945.186585,50000.0,50000.0,0.048935,340.0,340.0,False,False,12091.439128758746,936.3856925393209,2.611210476946232,comfortable,936.3856925393209,2.611210476946232,comfortable,358.60215053763443
pool1pavpy40ahr5w3rfkw63uhm0r8c0jg4shrjlrjfnt8km8jewpjan,868.469289,2.0,2.0,0.06,340.0,340.0,False,False,0.40072067157245134,0.40072067157245134,0.0011174519477132826,losing,0.40072067157245134,0.0011174519477132826,losing,358.60215053763443
pool1pclcqwg45da00d4py9qfry3k86w7vkzjgfmvyrpx75g7u8t9nwf,33308241.843921,35000.0,35000.0,0.01,340.0,340.0,False,False,15371.00498599582,505.94654983510804,1.4108854313242891,edge,505.94654983510804,1.4108854313242891,edge,358.60215053763443
pool1peayemzlkmcwn64c455mx8sxdaztq0xuv9hdxlp0kcsxz57up3z,1309675.864777,50000.0,50000.0,0.01,340.0,340.0,False,False,604.4190660047724,352.6380709164155,0.9833685335900041,losing,352.6380709164155,0.9833685335900041,losing,358.60215053763443
pool1pemnlylem2e94xguhd3fytj90848kpv4agvr6rthx2tp58z79ek,16157986.330028,250000.0,250000.0,0.01,340.0,340.0,False,False,7463.13196474054,520.3399130862407,1.4510228460875676,edge,520.3399130862407,1.4510228460875676,edge,358.60215053763443
pool1pf6yhzdr9vpct5rc3dtwersl4lyuglp80l4jc67kf2qj29xjg2u,2492240.806455,1000.0,1000.0,0.01,340.0,340.0,False,False,1149.9503465266148,348.4212423762833,0.9716094614990809,losing,348.4212423762833,0.9716094614990809,losing,358.60215053763443
pool1pfdd8d8n7jx0xnk4uev3x36se87c747w6l2d5x7fanh5w9evhw2,3761806.004722,501000.0,501000.0,0.0,340.0,340.0,False,False,1738.9011221326916,526.3066466768192,1.4676617133716399,edge,526.3066466768192,1.4676617133716399,edge,358.60215053763443
pool1pfl8ssfunf32pe5dyntel7eqc4gutej3f9r70h8ss7v3vesdtks,5628.167745,1000.0,1000.0,0.0049,340.0,340.0,False,False,2.5969034182482704,2.5969034182482704,0.007241739667079135,losing,2.5969034182482704,0.007241739667079135,losing,358.60215053763443
pool1pfprlfz0ywcnewjegazz05ghgcfkvu40v6edsz6yn8w362sdjr8,41643313.353851,80000.0,80000.0,0.008,340.0,340.0,False,False,19221.051292531763,527.0301829202391,1.4696793706621358,edge,527.0301829202391,1.4696793706621358,edge,358.60215053763443
pool1pg2fxvdpl9d8kdsfln3lvmwwk0apwvw6ykc5fyuc9jamgk6yvmt,28679.053639,25000.0,25000.0,0.04,340.0,340.0,False,False,13.232987771930578,13.232987771930578,0.03690158509114074,losing,13.232987771930578,0.03690158509114074,losing,358.60215053763443
pool1pg2k7lp6w68vlvdycug2ycu3mkrt0z4ftxay4g8zchj87mw6ug8,1005.1753,1000.0,1000.0,0.02,340.0,340.0,False,False,0.46379823867095515,0.46379823867095515,0.0012933504106866214,losing,0.46379823867095515,0.0012933504106866214,losing,358.60215053763443
pool1pgmuramw9waw9ckxsvpxmcn9p6fd4xl5jmavu8jje0x5vuc00l0,5784588.766553,1000.0,1000.0,0.03,340.0,340.0,False,False,2669.0799082137637,410.262953533496,1.1440616095536769,edge,410.262953533496,1.1440616095536769,edge,358.60215053763443
pool1phdz6sn3xs9fyytvhqpjc945jytmya6j4v8l3v7ksyczzdplawf,716649.663047,50000.0,50000.0,0.01,340.0,340.0,False,False,330.7336434431627,330.7336434431627,0.9222857223452512,losing,330.7336434431627,0.9222857223452512,losing,358.60215053763443
pool1pj7r0wlu29sa56t2ujdm2vfl2yx77jaxwyw7wrptatuq65skf66,14401701.349452,100.0,100.0,0.3,340.0,340.0,False,False,6645.095993137831,2231.559444092718,6.222939379329018,strong,2231.559444092718,6.222939379329018,strong,358.60215053763443
pool1pk7cjkcdsawxf25dwml0ely8vhjx7wp7nqans3jwatanceyqae0,2813749.676852,0.0,0.0,0.01,340.0,250.0,True,True,1298.293060047491,349.5829306004749,0.9748489518993753,losing,260.4829306004749,0.7263841842831833,losing,358.60215053763443
pool1pkpey8fua58sqvkwr9w4zyxhnvrqhnucnu8g2cupeggsyxee6ke,1237.309818,700.0,700.0,0.1,345.0,345.0,False,False,0.5709082073500023,0.5709082073500023,0.0015920378795667228,losing,0.5709082073500023,0.0015920378795667228,losing,358.60215053763443
pool1pkqtms0pzd2x8phsrxn9kk5gmy4gn79edg9hhldykjd0guv0av9,495.985416,123.0,123.0,0.0,340.0,340.0,False,False,0.2288528638073039,0.2288528638073039,0.0006381803998224666,losing,0.2288528638073039,0.0006381803998224666,losing,358.60215053763443
pool1pmrgd8snhv0nnj97xcg70nqqhg0v9g3d0e93jl8vn23wxtsxz53,7264835.705491,50000.0,50000.0,0.015,340.0,170.0,True,True,3352.763797945964,405.61567894253557,1.1311021931530976,edge,239.31814822600086,0.667363951574755,losing,358.60215053763443
pool1pmyave37l324x5phh0s7tdy30kx9mdzmqnj829teccun2je37xw,7103.564936,2000.0,2000.0,0.01,340.0,340.0,False,False,3.2776775904060664,3.2776775904060664,0.00914015040203191,losing,3.2776775904060664,0.00914015040203191,losing,358.60215053763443
pool1pn36hexudnjg6uwvxc5tld3ay2g6ty99ardzhn7crhkhzshjpte,9806.138091,500.0,500.0,0.01,340.0,340.0,False,False,4.524661983393126,4.524661983393126,0.012617498184574534,losing,4.524661983393126,0.012617498184574534,losing,358.60215053763443
pool1pnsk7v8a4eyn9qtqev7k3clazzw2s66cpa850zprqlu5x5eqtuw,695899.028675,12900.0,12900.0,0.027,340.0,340.0,False,False,321.11191134346404,321.11191134346404,0.8954545053955668,losing,321.11191134346404,0.8954545053955668,losing,358.60215053763443
pool1pnuluy36ukdzv369d4zee8rarpw2k8ukwe5kkdmh06t6y78cyrr,163.622402,100.0,100.0,0.15,345.0,345.0,False,False,0.07549707251499906,0.07549707251499906,0.00021053156653358057,losing,0.07549707251499906,0.00021053156653358057,losing,358.60215053763443
pool1pnzwgsgzd6t4788sfr7dxjyusepyq9xaxnpyfcngewqf29t9ayd,6342300.821295,3000.0,3000.0,0.04,340.0,340.0,False,False,2926.439428090263,444.63206344376255,1.2399035052554697,edge,444.63206344376255,1.2399035052554697,edge,358.60215053763443
pool1pp7tn2w6ken4rpfcjwcdup3g4m5gcdhc9lgvrm3mnxz5stmrhq2,28228540.359484,100000.0,100000.0,0.0399,340.0,340.0,False,False,13030.352914512458,889.5070998633794,2.4804845663356603,comfortable,889.5070998633794,2.4804845663356603,comfortable,358.60215053763443
pool1ppqdq5yfkkllrcj0u47pakg9e4ha568pz3a9kkrr6w2kyw8gxv7,14266757.506156,50000.0,50000.0,0.02,340.0,170.0,True,True,6584.195935628869,486.3299691353026,1.356182522626181,edge,320.3138439222964,0.8932290100381879,losing,358.60215053763443
pool1ppznyu6qrvlw9uuqa3tslryjd40nh56jyvmaqw6kdf4kzq3y8kh,37360246.324157,215000.0,215000.0,0.025,340.0,170.0,True,True,17253.79785616926,857.7467531224314,2.3919174824703484,comfortable,692.9506079147901,1.9323660130757265,edge,358.60215053763443
pool1pqdgdhka8xegl8y3lt780n0v4p9yl5z3vdh6qqs4vdlvgaujaxu,153682.641121,2200.0,2200.0,0.008,340.0,340.0,False,False,70.91139286900165,70.91139286900165,0.19774391414744086,losing,70.91139286900165,0.19774391414744086,losing,358.60215053763443
pool1prerctlrtn5e63m0zu5ydr2adaxpsypzj6wx3v8y44dsyj2lcwm,12121.163249,11000.0,11000.0,0.015,340.0,340.0,False,False,5.592853217142461,5.592853217142461,0.015596262344655139,losing,5.592853217142461,0.015596262344655139,losing,358.60215053763443
pool1prn0a3058n4e0evm55gvc5rrawht79p3jxpv42nq7s2ncxhszla,1190.761831,1000.0,1000.0,0.01,345.0,345.0,False,False,0.5494301308372609,0.5494301308372609,0.0015321439930394381,losing,0.5494301308372609,0.0015321439930394381,losing,358.60215053763443
pool1prwcf5nlqz4faek27x2asyjk50fp0hf5tptumzlxpuvtqh3ulv9,1639492.948312,100000.0,100000.0,0.025,340.0,340.0,False,False,756.7752494967565,375.2048411979339,1.0462983577633538,edge,375.2048411979339,1.0462983577633538,edge,358.60215053763443
pool1ps39v4j035ejzrga2qt56cfhjuwx38wved8rd0mujtyh6r5mt3c,33807.992913,30000.0,30000.0,0.01,340.0,340.0,False,False,15.599576264271343,15.599576264271343,0.0435010672436952,losing,15.599576264271343,0.0435010672436952,losing,358.60215053763443
pool1ps3quyamsmn5cvp403tgjzgpfwha5u4dr2zc3wtts5kgqc078se,95.424561,50.0,50.0,0.01,340.0,340.0,False,False,0.044029878921540117,0.044029878921540117,0.00012278197120549418,losing,0.044029878921540117,0.00012278197120549418,losing,358.60215053763443
pool1pshqcksxywy68lt04lw6uf35f4yssekh5dx2mxqmyrukke2z5y3,62138796.096748,750000.0,750000.0,0.01,340.0,340.0,False,False,28760.90521402502,963.8120610005709,2.687691804289448,comfortable,963.8120610005709,2.687691804289448,comfortable,358.60215053763443
pool1psk0c2p7pwactw00nkzjexdw0msn7g8nddc06eyvds6yswr3tjg,35397852.436268,10000.0,10000.0,0.0399,340.0,340.0,False,False,16333.61368142075,982.4831520190284,2.739758115075551,comfortable,982.4831520190284,2.739758115075551,comfortable,358.60215053763443
pool1psr42v6rvv3raeqsg9ru2zy5dp4cchlde8hw9xthrpstx5wz7wk,363967.101492,1000.0,1000.0,0.02,340.0,340.0,False,False,167.9388642182595,167.9388642182595,0.46831527353217794,losing,167.9388642182595,0.46831527353217794,losing,358.60215053763443
pool1ptzt9j6y4jefzkq4vj3z7wa4h492ktlkecggseqvc8f060xuved,100949.140479,10000.0,10000.0,0.0,340.0,340.0,False,False,46.58072070692959,46.58072070692959,0.12989526314076316,losing,46.58072070692959,0.12989526314076316,losing,358.60215053763443
pool1pu49urd00qf9zzeghrks03tvszzvrdzecw649ag5dwd07snx69n,22993.35348,10000.0,10000.0,0.01,340.0,340.0,False,False,10.609619738347655,10.609619738347655,0.029586046046966474,losing,10.609619738347655,0.029586046046966474,losing,358.60215053763443
pool1pu5jlj4q9w9jlxeu370a3c9myx47md5j5m2str0naunn2q3lkdy,4015585.550539,250000.0,250000.0,0.049,340.0,340.0,False,False,1854.6485715839972,503.8952861550715,1.4051652657397795,edge,503.8952861550715,1.4051652657397795,edge,358.60215053763443
pool1pujegnn8qf7xux6tkx2mj2qdn9jf0y4z0t6nma97wdgqudlc9ww,640.942071,100.0,100.0,0.0,340.0,340.0,False,False,0.29573737211318796,0.29573737211318796,0.0008246949207354267,losing,0.29573737211318796,0.0008246949207354267,losing,358.60215053763443
pool1pvu2zdexh8wr4ggmuz90jvqrua6an43qj9m9urs785p8kwjzqwl,44841342.656203,50000.0,50000.0,0.05,340.0,340.0,False,False,20694.564469136487,1379.2896164707831,3.8462948825122285,comfortable,1379.2896164707831,3.8462948825122285,comfortable,358.60215053763443
pool1pvxsyzqze90jyyqqewg5spkh6tst0cwyvtvh6qfsn6xx75p2vk9,2.639298,1.0,1.0,0.02,340.0,340.0,False,False,0.0012177992640398148,0.0012177992640398148,3.395961965688239e-06,losing,0.0012177992640398148,3.395961965688239e-06,losing,358.60215053763443
pool1pwfdasxs7ht7878g99fnw86g7u77hqjvv4qgvr9jx6reznfrllj,19353.99055,18000.0,18000.0,0.05,345.0,345.0,False,False,8.930177441513635,8.930177441513635,0.024902743689978052,losing,8.930177441513635,0.024902743689978052,losing,358.60215053763443
pool1pxhywws8s8h05c69ug3k4rl6jtpxms23eyag7eawwdvxql8spwc,151205.357844,5000.0,5000.0,0.01,340.0,340.0,False,False,69.76911345765875,69.76911345765875,0.19455854727323127,losing,69.76911345765875,0.19455854727323127,losing,358.60215053763443
pool1pxw4z2m0lmw422hr32dwyy3uz9436g8p7qdmg2sl2w0m5pyk3yn,4504542.273454,30000.0,30000.0,0.01,340.0,340.0,False,False,2078.7002772854944,368.8508530600858,1.028579590242518,edge,368.8508530600858,1.028579590242518,edge,358.60215053763443
pool1py2uxkvuj926h42s40wxl26dh0ggaq882v4m0hkd99m86vzmwnz,2353664.46969,100098.0,100098.0,0.05,340.0,340.0,False,False,1086.439201594534,407.47970709729464,1.1363002326851095,edge,407.47970709729464,1.1363002326851095,edge,358.60215053763443
pool1pyegru75d64xgg4jh83904nst8fs8qz6mvtxquatv44rkartevc,7014980.555167,5.0,5.0,0.024,340.0,340.0,False,False,3236.7842938386725,409.5248382120053,1.1420032969630132,edge,409.5248382120053,1.1420032969630132,edge,358.60215053763443
pool1pzkgztz8y8tgd9tpfu7umep97x7m0c5ck0dpn2vqtf202fyhfv5,2916858.428218,10000.0,10000.0,0.0325,340.0,340.0,False,False,1345.9243769890038,376.0291177448772,1.0485969400381883,edge,376.0291177448772,1.0485969400381883,edge,358.60215053763443
pool1pzqdfptvl5f8vh28az37jag2wkfmqz9x8d6eufl8y0z9q34hlr7,1215242.819071,900000.0,900000.0,0.04,340.0,340.0,False,False,561.297123007489,506.18728429722,1.4115567448168354,edge,506.18728429722,1.4115567448168354,edge,358.60215053763443
pool1q0a7a94cfk4ph7gugj636tsuhhd98l2sfjv2adhaff2mvs7kmtl,57548676.004147,1000.0,1000.0,0.03,340.0,340.0,False,False,26553.662008715935,1126.8516993082462,3.142345068535739,comfortable,1126.8516993082462,3.142345068535739,comfortable,358.60215053763443
pool1q0jmr57udknpq8k5qtgt5vgdjq9pzrzevf68966wxn8zgz7qy3w,17883298.829824,50000.0,50000.0,0.025,340.0,340.0,False,False,8253.25311639446,559.402912274424,1.559954148171557,edge,559.402912274424,1.559954148171557,edge,358.60215053763443
pool1q0memmdw4ktr88fkma53tqgkaqeq3wfc476le59rped4cu8tn4h,2861340.556838,25000.0,25000.0,0.0,340.0,340.0,False,False,1320.3883164059996,348.56581291995354,0.9720126117407999,losing,348.56581291995354,0.9720126117407999,losing,358.60215053763443
pool1q23kstu6ute8x43z95ahnwh04n9rpn6k0wzakq663ke75220682,14426890.089119,500.0,500.0,0.025,340.0,340.0,False,False,6656.729432780436,498.1316848427902,1.3890928542842425,edge,498.1316848427902,1.3890928542842425,edge,358.60215053763443
pool1q2fh3cl6rx0wv5gry4qx5l4h65qpjf7x99xmq66nqj2fj5g6u9z,69064.498501,5000.0,5000.0,0.0,340.0,170.0,True,True,31.86768612986038,31.86768612986038,0.08886641109676208,losing,31.86768612986038,0.08886641109676208,losing,358.60215053763443
pool1q34qp4ckh590gt99eadtz8w8ag3watavf5adj8qjs7guxmkgk8g,1047.621962,100.0,100.0,0.01,340.0,340.0,False,False,0.4833837375396225,0.4833837375396225,0.00134796664441334,losing,0.4833837375396225,0.00134796664441334,losing,358.60215053763443
pool1q3xdrewrldt06rpjx6pzguzm847ujxnmajxrsr7dsthscz4htlv,12252.292972,10000.0,10000.0,0.0,340.0,340.0,False,False,5.653377400009485,5.653377400009485,0.015765040425813556,losing,5.653377400009485,0.015765040425813556,losing,358.60215053763443
pool1q5h54ekx7wwqpfz78y8dppyl6uv7rpyvvr8nhf4es434un4mpx3,25296.261031,1000.0,1000.0,0.0,345.0,345.0,False,False,11.672001887455572,11.672001887455572,0.03254861096052079,losing,11.672001887455572,0.03254861096052079,losing,358.60215053763443
pool1q5sspejl875flc0z6wh9y9zxkgqnk0y3aaw8jc0pkxs6cpavm4q,1444414.493958,0.0,0.0,0.01,340.0,170.0,True,True,666.4677134448294,343.2646771344483,0.9572298342879667,losing,174.9646771344483,0.48790749545738205,losing,358.60215053763443
pool1q5za50d3sr707xkmjtyrs0v76ezxyj8g8uhggfk0wfl77aufd9k,835509.10144,725000.0,725000.0,0.01,340.0,340.0,False,False,385.67820815356265,379.69696970572033,1.0588251329125034,edge,379.69696970572033,1.0588251329125034,edge,358.60215053763443
pool1q66d2n39uvln4hazyzv8fyq977mpqus78sjd2369qfn7cptdeyh,7694910.584975,50000.0,50000.0,0.05,340.0,340.0,False,False,3551.2461327590586,520.3850439682466,1.4511486983222468,edge,520.3850439682466,1.4511486983222468,edge,358.60215053763443
pool1q6lzp5x6tqg04chsxakupgq6x829nsx2dk5w8h043fnajm8d3uj,32379.082441,4000.0,4000.0,0.0,340.0,170.0,True,True,14.940260077443886,14.940260077443886,0.041662494368884,losing,14.940260077443886,0.041662494368884,losing,358.60215053763443
pool1q7k8mmnvsgthp94hpn8jrnacjewplvywq70eef90fv4nu7gedzp,14650252.837128,0.0,0.0,0.02,340.0,340.0,False,False,6759.777439642083,468.3955487928416,1.306170495884086,edge,468.3955487928416,1.306170495884086,edge,358.60215053763443
pool1q7wrwstqkzhrffdzpw8ftfd4epmxywdjnp8384atjcnezchv242,9022230.351513,8601.0,8601.0,0.02,340.0,170.0,True,True,4163.098965014931,420.0336931070435,1.1713083495938543,edge,253.59251487773344,0.7071695317430048,losing,358.60215053763443
pool1q80jjs53w0fx836n8g38gtdwr8ck5zre3da90peuxn84sj3cu0r,2199907.200341,2000.0,2000.0,0.0,340.0,170.0,True,True,1015.0682727402699,340.6137243176763,0.9498373721602368,losing,170.7682762914811,0.47620538815915264,losing,358.60215053763443
pool1q8a7ym63gurl72wr32je0tv0lp4p2uh8vzzc6rn6un7ryslvqmu,7744072.087242,68000.0,68000.0,0.02,340.0,340.0,False,False,3574.1987553838103,432.51519912402387,1.2061143483818355,edge,432.51519912402387,1.2061143483818355,edge,358.60215053763443
pool1q8sll5g69z98q6mmu5teg7zn4fnlsqjyq898e6cxmec0cj9lk6r,223.194252,100.0,100.0,0.02,340.0,340.0,False,False,0.1029841486690269,0.1029841486690269,0.0002871821836947377,losing,0.1029841486690269,0.0002871821836947377,losing,358.60215053763443
pool1q9kwa675j2z53jecrs6pn3fqsc9ypxrsypu5dgu6hammqkagy22,699224.008518,369.0,369.0,0.01,340.0,340.0,False,False,322.62964959813365,322.62964959813365,0.8996868789393232,losing,322.62964959813365,0.8996868789393232,losing,358.60215053763443
pool1qa0t2lecmzmvzn6z7lzc439wvlgz0x04lvnqcdyzv4gywz3qehp,427529.465647,100000.0,100000.0,0.01,340.0,340.0,False,False,197.3295611415707,197.3295611415707,0.5502743384157743,losing,197.3295611415707,0.5502743384157743,losing,358.60215053763443
pool1qa2h3hha0m5he0429ym7tqvsn89nsddvn7wgkx3v8g6hsstdzc0,14513215.098524,80000.0,80000.0,0.05,340.0,790.0,True,False,6698.768557017459,691.2367981328979,1.927586873354108,edge,1116.380325100022,3.1131445347616804,comfortable,358.60215053763443
pool1qa6lqyu67ghpa0evxfu9nzqkj3h82qpfku82ec79zdwru4pd25m,45960831.890879,500000.0,500000.0,0.0,495.0,495.0,False,False,21250.795568740774,720.7987368246461,2.010023464008758,comfortable,720.7987368246461,2.010023464008758,comfortable,358.60215053763443
pool1qadgwr92pgx0yz3u9n63f0s9ugryaud6wxers850z6sfu06y3rg,499781.871129,0.0,0.0,0.02,340.0,340.0,False,False,230.60449910038665,230.60449910038665,0.6430650199800887,losing,230.60449910038665,0.6430650199800887,losing,358.60215053763443
pool1qarmuvc39q7ygl2affsuly2hs39mukcag9tunsnu8xudwv8mf00,28893.162406,25000.0,25000.0,0.01,340.0,340.0,False,False,13.331790052180176,13.331790052180176,0.03717710569273632,losing,13.331790052180176,0.03717710569273632,losing,358.60215053763443
pool1qaxrj6n50naglqmzj5puq5sd0awgy9wnqmykpwmcah4vzhndpve,2327595.088747,50000.0,50000.0,0.0,340.0,340.0,False,False,1074.1953627908206,355.7715439068497,0.992106554222999,losing,355.7715439068497,0.992106554222999,losing,358.60215053763443
pool1qcdw8uk5d9ehldhccy926u886qhr07xa354yrkamdde0qku53nx,938658.981719,5000.0,5000.0,0.02,340.0,340.0,False,False,433.11588798654253,342.3484025466664,0.954674705752323,losing,342.3484025466664,0.954674705752323,losing,358.60215053763443
pool1qcu4r9rw853pyvfznfeujfzxlku4xtvp8cas6c2y79hvuy22vl4,84323.772519,100.0,100.0,0.0,340.0,340.0,False,False,38.907872689528666,38.907872689528666,0.10849871544606195,losing,38.907872689528666,0.10849871544606195,losing,358.60215053763443
pool1qd9yemufpf2fctpd2zyx9v2lv3h4fne3v8jplse284gqxk8ketu,164.620642,100.0,100.0,0.03,340.0,340.0,False,False,0.0759576709167609,0.0759576709167609,0.00021181599386083246,losing,0.0759576709167609,0.00021181599386083246,losing,358.60215053763443
pool1qdjx5xeeu6288ftmhmdr0c6mazkua7m07cydmr78ymfhz7jj7g4,1089116.347389,50000.0,50000.0,0.01,340.0,340.0,False,False,502.62942409650026,349.01775109686093,0.9732728891156841,losing,349.01775109686093,0.9732728891156841,losing,358.60215053763443
pool1qds0ldd626j09nnpn3g3ne2fvn65phr6cz74k6xv8urtgygu9cp,8253.953631,500.0,500.0,0.0,340.0,340.0,False,False,3.8084666067800357,3.8084666067800357,0.01062031167707776,losing,3.8084666067800357,0.01062031167707776,losing,358.60215053763443
pool1qdw8vw3tk20e4lgcd9evd9u4hxj8zekdg2qpmnzdk83dcncavpd,1588.049383,1000.0,1000.0,0.02,345.0,345.0,False,False,0.7327434598195219,0.7327434598195219,0.0020433325866031646,losing,0.7327434598195219,0.0020433325866031646,losing,358.60215053763443
pool1qel9h28zarup4g5dx95smeggfruq26k47lc8e6wmdzaaywyj63r,36279.149215,30000.0,30000.0,0.01,340.0,340.0,False,False,16.739935762079,16.739935762079,0.04668108023608237,losing,16.739935762079,0.04668108023608237,losing,358.60215053763443
pool1qetkrhjs9fll3nthuxk6zp0ssanf3rszg5wh8x79mg67gsg7vjv,10437140.706832,50000.0,50000.0,0.03,340.0,340.0,False,False,4816.8030465551,495.1071977125232,1.3806587522418188,edge,495.1071977125232,1.3806587522418188,edge,358.60215053763443
pool1qfxukshs4fkcrflzdnxa2fdza5lfvew3y6echg8ckaa4q8m5hyf,62513753.24932,250000.0,250000.0,0.01,340.0,340.0,False,False,28874.511284640223,738.3169178631691,2.0588747634565134,comfortable,738.3169178631691,2.0588747634565134,comfortable,358.60215053763443
pool1qg0g6hv2e50wevkqj34g0cya4f9audctayzp8wqwhxtdjnhn3tt,128156.626502,0.0,0.0,0.06,345.0,345.0,False,False,59.13278645767629,59.13278645767629,0.16489802520431468,losing,59.13278645767629,0.16489802520431468,losing,358.60215053763443
pool1qgmwcxs8d8qmr0vtvsqd9u8gugrventh5dcqukmu79e2sgfuu8t,27533082.002966,100000.0,100000.0,0.05,340.0,170.0,True,True,12709.327417829138,1001.1454325586972,2.79179985691031,comfortable,840.231999656353,2.3430757411706393,comfortable,358.60215053763443
pool1qgsylc6kjv29zva4w783fuyf9xxhj78ktgjlxjvppest5ya9pek,65067.711195,24000.0,24000.0,0.0,340.0,340.0,False,False,30.02480700354887,30.02480700354887,0.08372734786596836,losing,30.02480700354887,0.08372734786596836,losing,358.60215053763443
pool1qhnjcmyy9xrf00z4uj66yedje5ue2ukqte2hr6dmty9a2gz7tu5,197.22628,100.0,100.0,0.01,340.0,340.0,False,False,0.09100225413444953,0.09100225413444953,0.0002537694043329477,losing,0.09100225413444953,0.0002537694043329477,losing,358.60215053763443
pool1qhs3cf9ymc2nvmrd2j8cs36cj9jdqgnqk6s9ngyvy2lz5s8rak8,14800286.449025,166000.0,166000.0,0.01,340.0,170.0,True,True,6833.6844965251075,477.0416730599288,1.3302811272735646,edge,310.6293257142354,0.8662227073890222,losing,358.60215053763443
pool1qkd5y9azf2xx0gmrj68lrkcn59ldjmnpzd3y2rq3tvjp2vqljan,14511987.163574,150000.0,150000.0,0.01,340.0,340.0,False,False,6700.129528985424,468.68399033419917,1.3069748456096109,edge,468.68399033419917,1.3069748456096109,edge,358.60215053763443
pool1qku2yhky7sv4dfjfv42uyvauhehuqevk25aw952d7ulzqzx3jcu,15174181.069704,250000.0,250000.0,0.005,340.0,170.0,True,True,7008.7197307161405,482.66376726074225,1.345958931191875,edge,316.3005733365198,0.8820375808184809,losing,358.60215053763443
pool1qkvt06tjvd5mjf3yms9y6hp22uedn5ys6384pn8k3d4tz3d7j2z,497.432393,100.0,100.0,0.075,340.0,340.0,False,False,0.22952050209780286,0.22952050209780286,0.0006400421797629884,losing,0.22952050209780286,0.0006400421797629884,losing,358.60215053763443
pool1qkwseukqpnezhh9gjcuhtse7wp7v8m8asgekl34lh3f5xnnl6z2,35.245729,5.0,5.0,0.0,340.0,340.0,False,False,0.016262742400760463,0.016262742400760463,4.535037611006666e-05,losing,0.016262742400760463,4.535037611006666e-05,losing,358.60215053763443
pool1qlkr6qu4mm38x77ldp2vnxn0gatgq4ernvvdw4pxze2tuyw5pfh,507.449373,500.0,500.0,0.0,345.0,345.0,False,False,0.23414237053996076,0.23414237053996076,0.0006529307484322743,losing,0.23414237053996076,0.0006529307484322743,losing,358.60215053763443
pool1qlpen2kkw8yc0pjyjjcg4zlswhrahf73f99y3ae85kjy6leqk7l,18125.471846,1.0,1.0,0.0,2500.0,2500.0,False,False,8.3632792921699,8.3632792921699,0.02332188828101351,losing,8.3632792921699,0.02332188828101351,losing,358.60215053763443
pool1qlpjsz5j5vqs59cnu09j90agycj2xvrp45sv0v6euujj60up6dw,389889.608599,10000.0,10000.0,0.0,340.0,340.0,False,False,179.90638070940227,179.90638070940227,0.5016879582001322,losing,179.90638070940227,0.5016879582001322,losing,358.60215053763443
pool1qlxxw3zlgx0kgv2cel0n6z3a6yjs0w8grwtp5xwna8fm2g5tsda,32084271.482438,0.0,0.0,0.075,340.0,340.0,False,False,14804.013073732955,1424.8009805299716,3.973208131612814,comfortable,1424.8009805299716,3.973208131612814,comfortable,358.60215053763443
pool1qm656ca3pdnu3gfetusmslva555j3m3efaq5u44sgpdsjn7dg4d,1010.380113,1000.0,1000.0,0.01,345.0,345.0,False,False,0.46619980296099406,0.46619980296099406,0.0013000474265478994,losing,0.46619980296099406,0.0013000474265478994,losing,358.60215053763443
pool1qnrqc7zpwye2r9wtkayh2dryvfqs7unp99f2039duljrsaffq5c,47939744.231581,1000.0,1000.0,0.03,340.0,340.0,False,False,22119.9835248945,993.8401961250959,2.771428432972531,comfortable,993.8401961250959,2.771428432972531,comfortable,358.60215053763443
pool1qp3j2cy4xje783x3a98y08yz6kwr3emu05zm2xyxryajjhmt48p,1493.793161,100.0,100.0,0.015,340.0,340.0,False,False,0.6892518065125841,0.6892518065125841,0.001922051514412903,losing,0.6892518065125841,0.001922051514412903,losing,358.60215053763443
pool1qp7ge7rwk8ht63v8z6vkyw3g8em5qr5k0z0l6ta8mxjtzx4dzy8,179.886983,100.0,100.0,0.0,340.0,340.0,False,False,0.08300172070974797,0.08300172070974797,0.00023145907124457452,losing,0.08300172070974797,0.00023145907124457452,losing,358.60215053763443
pool1qprj52nh0j32p5vq290rludcfz58kujyszt5ztfvj2ymx43649f,8.202913,0.0,0.0,0.075,340.0,340.0,False,False,0.0037849084826864334,0.0037849084826864334,1.0554617358016141e-05,losing,0.0037849084826864334,1.0554617358016141e-05,losing,358.60215053763443
pool1qpuzf5kcxrmuf6qg2nnu9cs7hj2d6ke3fwz58l7rlefcy50caaa,236710.645047,107000.000119,107000.000119,0.03,340.0,340.0,False,False,109.24747581636771,109.24747581636771,0.30464813346093544,losing,109.24747581636771,0.30464813346093544,losing,358.60215053763443
pool1qq76dtlr0m9g6xlvngzq550j86cgtslphyjffz3pgpn7wazatdc,302958.074699,25000.0,25000.0,0.0299,340.0,170.0,True,True,139.80133471568746,139.80133471568746,0.3898507984575392,losing,139.80133471568746,0.3898507984575392,losing,358.60215053763443
pool1qqenhz258k5k9nyjull6gkzg7s4f3ae8v7qxwpegeef9v0nsy3e,23096829.074584,60000.0,60000.0,0.01,340.0,200.0,True,True,10659.77348643288,469.73793841844605,1.3099138912418435,edge,331.4979878422499,0.9244171774911317,losing,358.60215053763443
pool1qqlf3epa7m8780p2jx5689u2ql06tw026l5377tptk2zswrc645,8085084.042878,1.0,1.0,0.03,340.0,340.0,False,False,3730.541004712798,441.7166369182037,1.23177353023667,edge,441.7166369182037,1.23177353023667,edge,358.60215053763443
pool1qqq0c53vaf5ju0n3fvujmyxwca0yhp65930evw9lngmr5705csz,6864448.28951,350000.0,350000.0,0.001,340.0,340.0,False,False,3171.731820730889,487.0698394384418,1.3582457291686683,edge,487.0698394384418,1.3582457291686683,edge,358.60215053763443
pool1qqq6qqa0hpzvumv5p87ynczfmdj557xuwlc3289ke42g72z7f74,44399297.773717,400000.0,400000.0,0.018,340.0,170.0,True,True,20520.30935188311,881.7804981838927,2.458938120872624,comfortable,716.3444859347875,1.9976023146007567,edge,358.60215053763443
pool1qqq9tqyj69j9kygpxza3h82ynh8d0xlueucnu2yqum8nse8hj7y,2126727.279117,22222.0,22222.0,0.0,340.0,170.0,True,True,981.3837681968992,346.70176671772845,0.9668145218815215,losing,178.47808286183155,0.49770499868516743,losing,358.60215053763443
pool1qqqq02jxq3q9j93devp9pts90ctm8w3r0rgek97ngujpjgpw46j,104906.409899,500.0,500.0,0.035,340.0,340.0,False,False,48.40499756125207,48.40499756125207,0.1349824519699083,losing,48.40499756125207,0.1349824519699083,losing,358.60215053763443
pool1qqqq4md2rfdt75qvh3x9cgmkrgkl74ctcj3fnxpu3ylcudl22ex,21447480.298156,10000.0,10000.0,0.02,340.0,340.0,False,False,9896.500234849345,535.4966576091043,1.4932890302142938,edge,535.4966576091043,1.4932890302142938,edge,358.60215053763443
pool1qqqq58jy30weq2an3px3maljdmawcwh6ml4hr8m9euq9z2n7wyz,687693.064202,500.0,500.0,0.035,340.0,340.0,False,False,317.30931796890496,317.30931796890496,0.8848505718473212,losing,317.30931796890496,0.8848505718473212,losing,358.60215053763443
pool1qqqqdktl6pq46td0mwut0qn30g7nlue0sete9wxl0hwsq37wrw8,68872472.937902,650000.0,650000.0,0.01,340.0,170.0,True,True,31864.475143529373,949.7891301909654,2.6485873795430215,comfortable,783.0775006288708,2.1836943795647668,comfortable,358.60215053763443
pool1qqqqpanw9zc0rzh0yp247nzf2s35uvnsm7aaesfl2nnejaev0uc,61942496.993126,250000.0,250000.0,0.01,340.0,170.0,True,True,28610.652325914958,735.6659096306812,2.0514821467962023,comfortable,568.045168653847,1.5840539935474593,edge,358.60215053763443
pool1qqqqqdk4zhsjuxxd8jyvwncf5eucfskz0xjjj64fdmlgj735lr9,70958344.298607,1300000.0,1300000.0,0.01,340.0,340.0,False,False,32918.159830065575,1256.6647723055696,3.5043425434608086,comfortable,1256.6647723055696,3.5043425434608086,comfortable,358.60215053763443
pool1qqqqrwzy7njvjq9wph7usj5gghm3py9c97688ek8pgc7uem9cfz,9930846.323688,150000.0,150000.0,0.04,340.0,340.0,False,False,4585.02049642173,571.3547832916511,1.5932832037818154,edge,571.3547832916511,1.5932832037818154,edge,358.60215053763443
pool1qqqqvmpm9v2l0tkwx4dpzth3g85lapxjug2j6sucnphyqlt4fuu,484996.674822,500.0,500.0,0.0175,340.0,340.0,False,False,223.78292296162428,223.78292296162428,0.6240423338959837,losing,223.78292296162428,0.6240423338959837,losing,358.60215053763443
pool1qqqqx69ztfvd83rtafs3mk4lwanehrglmp2vwkjpaguecs2t4c2,3413609.769057,5000.0,5000.0,0.0249,340.0,340.0,False,False,1575.107439529307,372.5182217313768,1.0388064354128348,edge,372.5182217313768,1.0388064354128348,edge,358.60215053763443
pool1qqqqzyqf8mlm70883zht60n4q6uqxg4a8x266sewv8ad2grkztl,9227621.131959,100000.0,100000.0,0.04,340.0,340.0,False,False,4259.476160660419,537.5555050653854,1.499030343960445,edge,537.5555050653854,1.499030343960445,edge,358.60215053763443
pool1qqqyv9pn9typyqwcxqk5ewpxy5p27g5j2ms58hpp2c2kuzs5z77,54461850.237311,55555.0,55555.0,0.0177,340.0,170.0,True,True,25135.072059759277,803.7178485748544,2.241252171438125,comfortable,636.8971913921582,1.7760551364159134,edge,358.60215053763443
pool1qqvukkkfr3ux4qylfkrky23f6trl2l6xjluv36z90ax7gfa8yxt,33175383.13081,50000.0,50000.0,0.008,340.0,340.0,False,False,15310.648795630585,482.1475748377556,1.344519474060308,edge,482.1475748377556,1.344519474060308,edge,358.60215053763443
pool1qr6jmmu8q2u44gzy2xarmnkq70c0ggz72nnh77qmevl62th69k3,1532.883102,100.0,100.0,0.0,340.0,340.0,False,False,0.7072883151172934,0.7072883151172934,0.001972348225064716,losing,0.7072883151172934,0.001972348225064716,losing,358.60215053763443
pool1qrmc270m32g080pks0uvyf0hhj7m8gyhgckkpy32l7nnzrll85v,424.685339,80.0,80.0,0.15,344.0,344.0,False,False,0.19595423928072667,0.19595423928072667,0.0005464391080392078,losing,0.19595423928072667,0.0005464391080392078,losing,358.60215053763443
pool1qrp4nzmalqdgc96avaqjha9zp6mkahtzler6tvuupzlvvw786qn,667554.115811,13000.0,13000.0,0.04,340.0,340.0,False,False,308.03269728717623,308.03269728717623,0.8589817345639397,losing,308.03269728717623,0.8589817345639397,losing,358.60215053763443
pool1qs6h0y7czzt605kptmrv6cr85kxd6tajr2hs0etvxphv7tr7nqu,55758856.07605,30000.0,30000.0,0.035,340.0,340.0,False,False,25730.924744471162,1241.8653350605514,3.463072748444716,comfortable,1241.8653350605514,3.463072748444716,comfortable,358.60215053763443
pool1qsdg8ylzy4kv624drfgkzuqgqj3y29lw44qnvltepht2wegh58c,8704.721724,8500.0,8500.0,0.01,340.0,340.0,False,False,4.016451553900331,4.016451553900331,0.011200299685539154,losing,4.016451553900331,0.011200299685539154,losing,358.60215053763443
pool1qsxhnvr03tg6jj7cl0y74jd63n85fgejm8tlqq7ct7fexfygkye,184858.829824,50000.0,50000.0,0.015,340.0,170.0,True,True,85.30873897782507,85.30873897782507,0.23789243553036676,losing,85.30873897782507,0.23789243553036676,losing,358.60215053763443
pool1qu09ve95eqz4mgygn8a85jhhpce6578lvfvs3ltv5flt5xv66vk,18550.38411,13700.0,13700.0,0.0,340.0,340.0,False,False,8.559465960065527,8.559465960065527,0.023868975540812413,losing,8.559465960065527,0.023868975540812413,losing,358.60215053763443
pool1qu48wpwwarmkewhlwge9xs87sgt8gdnqq26nnre2v6c8up4fxwr,12859653.942062,95000.0,95000.0,0.02,340.0,340.0,False,False,5935.910486927093,492.43090694486926,1.3731956325599053,edge,492.43090694486926,1.3731956325599053,edge,358.60215053763443
pool1quj6cp7w4tarq7hrcdsjxlgcmnunm2xvnpvmj20l9nplue6rjxx,261197.278144,60000.0,60000.0,0.01,340.0,250.0,True,True,120.54233965426911,120.54233965426911,0.33614505510785686,losing,120.54233965426911,0.33614505510785686,losing,358.60215053763443
pool1qv785q9wx056p7ngq2ec3n86tj5kx0t3ygcug8zx3sknj038rsd,222881.332381,15000.0,15000.0,0.025,340.0,340.0,False,False,102.84573524330905,102.84573524330905,0.2867962032272186,losing,102.84573524330905,0.2867962032272186,losing,358.60215053763443
pool1qvhss6kxmtl27nr4ugvypayhvt4a4vzll8p9csdg2v8q7d22llu,27615084.053732,50000.0,50000.0,0.02,340.0,340.0,False,False,12744.534856584309,610.1012116312967,1.7013317145940205,edge,610.1012116312967,1.7013317145940205,edge,358.60215053763443
pool1qvkdjemewy8phhrkdhscjcnh3947f5ae42rdfjkv6gkgkjtlfsg,35728142.270286,100.0,100.0,0.9999,340.0,340.0,False,False,16485.33942498257,16483.72489555901,45.966609154032625,strong,16483.72489555901,45.966609154032625,strong,358.60215053763443
pool1qvqpd95v4k2ge6unntpettve72ntguk6qp9ktet572e7v4v9de8,136.644068,134.0,134.0,0.03,345.0,345.0,False,False,0.06304897999875399,0.06304897999875399,0.00017581874482411157,losing,0.06304897999875399,0.00017581874482411157,losing,358.60215053763443
pool1qvvn2l690zm3v2p0f3vd66ly6cfs2wjqx34zpqcx5pwsx3eprtp,17045723.181829,401000.0,401000.0,0.0,340.0,170.0,True,True,7877.973773933211,517.3305509601078,1.4426309217178417,edge,351.32979459869216,0.9797202667969526,losing,358.60215053763443
pool1qw4h9v0yqy53m2yx6ngcj5w8394q7wtmfk06edlpvu0zw4gn9ku,7727.136525,6000.0,6000.0,0.05,345.0,345.0,False,False,3.565400245279154,3.565400245279154,0.009942495436610533,losing,3.565400245279154,0.009942495436610533,losing,358.60215053763443
pool1qwa8x4u4a2pff0xdv0haxpgk3tyrvl5adl2lpf3ztcftqruhea0,16972146.364188,200000.0,200000.0,0.0,340.0,340.0,False,False,7837.588370743995,428.3516817479756,1.1945039401067985,edge,428.3516817479756,1.1945039401067985,edge,358.60215053763443
pool1qxpzlkxfem0q230hjp9f622c6yaej8qycwy34nwyt98axedf78f,103.0,2.0,2.0,0.069,340.0,340.0,False,False,0.04752526046557478,0.04752526046557478,0.00013252921209290717,losing,0.04752526046557478,0.00013252921209290717,losing,358.60215053763443
pool1qz9qfxcxsc46vpgrrj868scmttjp3y9xaehyn6knknegcsphq6u,554.65174,100.0,100.0,0.0,340.0,340.0,False,False,0.2559221087034857,0.2559221087034857,0.0007136658503575463,losing,0.2559221087034857,0.0007136658503575463,losing,358.60215053763443
pool1qzg0lsft8d6zz5vytz5td3f383ra8f46zsdnsa93dgrg2nf7ckf,509.235798,100.0,100.0,0.01,340.0,340.0,False,False,0.23496671691422763,0.23496671691422763,0.0006552295254279811,losing,0.23496671691422763,0.0006552295254279811,losing,358.60215053763443
pool1qzlw72zfwhhc0ptvzdpld06szu39x9mlm6782efy6sluz932fx6,8199059.566977,10000.0,10000.0,0.02,340.0,340.0,False,False,3783.2878853722345,412.9813786516513,1.1516422253254444,edge,412.9813786516513,1.1516422253254444,edge,358.60215053763443
pool1qzlw756y0z6ehg9jkerrfrydr7qlvzl5pgset33h3h2akst593a,6207151.797793,10000.0,10000.0,0.02,340.0,340.0,False,False,2864.1628499680046,394.4684657932681,1.100017011057689,edge,394.4684657932681,1.100017011057689,edge,358.60215053763443
pool1qzlw76zztkg02rywyypyw6s0gtkg2zpkaxhl6cq7eauqg8h9659,6209095.438776,500001.95,500001.95,0.025,400.0,400.0,False,False,2870.4684515477593,655.7284619986962,1.8285681249139052,edge,655.7284619986962,1.8285681249139052,edge,358.60215053763443
pool1qzlw7den2mlj0fmm65g0fnf46vyhzkhmdaf0f8v3s6skuue6rlk,45153817.831418,10000.0,10000.0,0.025,500.0,500.0,False,False,20835.304059832728,1012.773574930747,2.8242261609762958,comfortable,1012.773574930747,2.8242261609762958,comfortable,358.60215053763443
pool1qzlw7z5mutmd39ldyjnp8n650weqe55z5p8dl3fagac3ge0nx8l,23560081.61908,10000.0,10000.0,0.02,340.0,340.0,False,False,10871.316837269016,555.0069202541257,1.547695459779121,edge,555.0069202541257,1.547695459779121,edge,358.60215053763443
pool1qzlwlpcsgflr9z3f24fg836tyq45p0kf5cnrp20s8v0psp6tdkx,30959741.056066,10000.0,10000.0,0.02,340.0,340.0,False,False,14285.7381007521,623.3291475598007,1.738219212085801,edge,623.3291475598007,1.738219212085801,edge,358.60215053763443
pool1qzlwlyu92fsx94qu6u5nw3sy334f5yat3dv3jgx0grrsv0kp422,12464565.461371,500001.95,500001.95,0.025,400.0,400.0,False,False,5762.859995114558,743.8184382575633,2.074216334571316,comfortable,743.8184382575633,2.074216334571316,comfortable,358.60215053763443
pool1qznyv8g4vxv8ys05rs6dgtzutqc2z9gs6vq85vkn8uq8u0c83we,441232.961161,250000.0,250000.0,0.0,340.0,340.0,False,False,203.68205327605486,203.68205327605486,0.5679889341731065,losing,203.68205327605486,0.5679889341731065,losing,358.60215053763443
pool1qzz0flh92qkg0mjufaw9j2zk72lmvf5n2kuaslk4f8j4ze362w4,1399214.449405,100000.0,100000.0,0.05,340.0,340.0,False,False,645.8620312846091,376.0596773985452,1.0486821588625097,edge,376.0596773985452,1.0486821588625097,edge,358.60215053763443
pool1r0sxz0hygfc0266lhdclve6j3cwcwlth6dya6uey65yxjnwm7qc,557952.030836,200000.0,200000.0,0.0,340.0,170.0,True,True,257.5830024877457,257.5830024877457,0.7182974282266972,losing,201.3944560275251,0.5616097274530685,losing,358.60215053763443
pool1r2g9wv7jyt7haygrmrc2tst2m8m9ssrr3c690ffp49uhywhvmdl,2429552.440315,750001.0,750001.0,0.01,340.0,170.0,True,True,1123.4780602880073,587.2752741497909,1.6376791752902713,edge,470.92935680529206,1.3132362873430932,edge,358.60215053763443
pool1r2z2v45320taq385pny6gz80hyq3rsue8r8n0w9zpq0c7yjl9el,1018.842337,1000.0,1000.0,0.02,340.0,340.0,False,False,0.4701043764726091,0.4701043764726091,0.0013109357424873358,losing,0.4701043764726091,0.0013109357424873358,losing,358.60215053763443
pool1r55hyfrd3tw6nzpkvf4rfceh2f04yph92fc462phnd0akp2s5r6,44125346.59388,101.0,101.0,0.022,340.0,340.0,False,False,20359.89762278571,780.4825637899972,2.1764581239121363,comfortable,780.4825637899972,2.1764581239121363,comfortable,358.60215053763443
pool1r5srulgd6gpav0sympqrkt9f4ykl06lh9sgk0p20r54v7759kws,1072271.692927,50000.0,50000.0,0.0,340.0,340.0,False,False,494.8555072596254,347.2209081094416,0.96826220252408,losing,347.2209081094416,0.96826220252408,losing,358.60215053763443
pool1r6dzsz6ju52hgelstefrrel4y8fsyt8ck9qgfvvmamgns4vh7w4,29270.3456,100.0,100.0,0.05,345.0,345.0,False,False,13.50564431718904,13.50564431718904,0.03766191668661411,losing,13.50564431718904,0.03766191668661411,losing,358.60215053763443
pool1r7tn56lj5j7te7zyj3wvqn0wyw8tr3g96chw6lwnqxjmgggrfd8,76305.536831,2500.0,2500.0,0.024,340.0,340.0,False,False,35.208514681383974,35.208514681383974,0.0981826646287469,losing,35.208514681383974,0.0981826646287469,losing,358.60215053763443
pool1r8938r4ts8f4t8nsp9xl9dktzapt7f67jgpsp4wrju39xrdnaye,6024618.90631,70000.0,70000.0,0.0085,340.0,340.0,False,False,2780.623094824416,388.8618375396569,1.0843823355678588,edge,388.8618375396569,1.0843823355678588,edge,358.60215053763443
pool1r8lmsrdure385hz647kl2qjhyyxkdle4au5krjcsqed4x8227k3,1786014.096264,5000.0,5000.0,1.0,340.0,340.0,False,False,824.1024025134627,824.1024025134627,2.298096654685218,comfortable,824.1024025134627,2.298096654685218,comfortable,358.60215053763443
pool1r8zkh6zns7rtpvwa466qf8a0dgqd7r9zmu27qkcyw25xv46y97s,4912858.00981,60000.0,60000.0,0.015,340.0,340.0,False,False,2267.4033551250172,392.0970528656081,1.0934040754573178,edge,392.0970528656081,1.0934040754573178,edge,358.60215053763443
pool1r9dfv5360alp5dh020k050d4n4yh9h4gms9lf0srm43z5zk4d3s,115.453029,0.0,0.0,0.2,340.0,340.0,False,False,0.05327121582466409,0.05327121582466409,0.00014855241594284138,losing,0.05327121582466409,0.00014855241594284138,losing,358.60215053763443
pool1r9qyjstrc050njg8lm7wxy5874mgu322vyljntdsm5qgxvjcewv,71953.034176,0.0,0.0,0.01,340.0,340.0,False,False,33.19987051036251,33.19987051036251,0.09258134804988645,losing,33.19987051036251,0.09258134804988645,losing,358.60215053763443
pool1ralkckmup253k79hap4chku450qyshezh4sasjqh0ltxu2gytlq,3212622.774954,15000.0,15000.0,0.0,340.0,340.0,False,False,1482.4294199052706,345.3340969354313,0.963000630134786,losing,345.3340969354313,0.963000630134786,losing,358.60215053763443
pool1raua8hvrv65aq3gjuk0re4juzdpw4gnpkeq7lyl94j8cv2grye4,1.434673,0.0,0.0,0.075,340.0,340.0,False,False,0.0006619728878730268,0.0006619728878730268,1.8459813664825034e-06,losing,0.0006619728878730268,1.8459813664825034e-06,losing,358.60215053763443
pool1rcd7qslz3xnpnk9u6tcwegy5r2574uf8suqu24ptg637jha3sr5,7940073.326312,100.0,100.0,0.02,340.0,340.0,False,False,3663.6330781696092,406.5136833560476,1.1336063733766844,edge,406.5136833560476,1.1336063733766844,edge,358.60215053763443
pool1rcdq9r6f0nwv376afk5dx3ugaumlhm4kx7g8tue74dlwgwsmd4l,37360.129508,20000.0,20000.0,0.01,340.0,340.0,False,False,17.23901599124071,17.23901599124071,0.04807281820645835,losing,17.23901599124071,0.04807281820645835,losing,358.60215053763443
pool1rcg65q6m4y2w49n0nvj570xfa3hsyarm5tjnnumy4xm3sw0d6lu,1893.354467,0.0,0.0,0.0,340.0,340.0,False,False,0.8736132375024033,0.8736132375024033,0.002436162851206102,losing,0.8736132375024033,0.002436162851206102,losing,358.60215053763443
pool1rct5guwnp6nk9f4ldn5tr3s42j0nm5rxeayv56lxua5ck47ex39,20865030.846265,10000.0,10000.0,0.01,340.0,340.0,False,False,9627.740866884333,437.28423822302125,1.2194133179832376,edge,437.28423822302125,1.2194133179832376,edge,358.60215053763443
pool1rd02pkrtvme3pd6fznltk62e4cr5ddgq5fmd080neu4mkt8r020,3009.507338,2500.0,2500.0,0.03,340.0,340.0,False,False,1.3886201083377352,1.3886201083377352,0.003872313945289636,losing,1.3886201083377352,0.003872313945289636,losing,358.60215053763443
pool1re05a679dfnjdlfk4uhcwzem6c4jqneu6xekuvhg54nnwuat2pf,3853.154812,1000.0,1000.0,0.0,340.0,340.0,False,False,1.777890770867874,1.777890770867874,0.00495783633255509,losing,1.777890770867874,0.00495783633255509,losing,358.60215053763443
pool1re8cmjt895tpx8dx2veg0cew5yqtxnt82sll03e433a4ugnh9w7,474545.503438,30000.0,30000.0,0.02,345.0,345.0,False,False,218.98582332622917,218.98582332622917,0.6106651145229178,losing,218.98582332622917,0.6106651145229178,losing,358.60215053763443
pool1rek8m67j3lrslpkrv5twxr5adpt2r5k3qq2huh6vgx8jkcw4qc8,197.456153,100.0,100.0,0.01,340.0,340.0,False,False,0.09110831994668726,0.09110831994668726,0.0002540651800612268,losing,0.09110831994668726,0.0002540651800612268,losing,358.60215053763443
pool1repwaml372lx5kf3yw7568yhefa4d60r2d07un5gmykyv57ejxq,407.405934,400.0,400.0,0.0,340.0,340.0,False,False,0.18798129667017754,0.18798129667017754,0.0005242057148523692,losing,0.18798129667017754,0.0005242057148523692,losing,358.60215053763443
pool1rfwfql54dxqe2f3pht7c8xztq9c5wncdhcp542nk76dcgshtvdk,376.518669,200.0,200.0,0.01,340.0,340.0,False,False,0.1737296568660951,0.1737296568660951,0.0004844635109009548,losing,0.1737296568660951,0.0004844635109009548,losing,358.60215053763443
pool1rhew9hdp6wpudh22k7gyjtv98r872hca064n8ug8lk3j65ae59a,9.975834,0.0,0.0,0.0,340.0,340.0,False,False,0.004602952479012241,0.004602952479012241,1.2835819506690806e-05,losing,0.004602952479012241,1.2835819506690806e-05,losing,358.60215053763443
pool1rhq7qyw4y2s80gstyevm6rhz2lsdsrcstawunxx5eld8csvuvlu,239618.337612,25000.0,25000.0,0.0,340.0,340.0,False,False,110.57268358527513,110.57268358527513,0.30834361539522,losing,110.57268358527513,0.30834361539522,losing,358.60215053763443
pool1rj6apcqxcvavaxp22f75zs9upphena7ntsnut2efvq98g4404up,22930586.279663,10000.0,10000.0,0.02,340.0,580.0,True,False,10580.849108250886,549.1936832243302,1.5314846338789418,edge,784.291112798467,2.187078665375035,comfortable,358.60215053763443
pool1rj8zkzk3dm0lmnjtafczqfp8sshmang8gg85eypjeh2e6cve0vl,51179.371255,0.0,0.0,0.1,340.0,340.0,False,False,23.614688635806292,23.614688635806292,0.06585205526626642,losing,23.614688635806292,0.06585205526626642,losing,358.60215053763443
pool1rjxdqghfjw5rv6lxg8qhedkechvfgnsqhl8rrzwck9g45n43yql,49484598.772214,100.0,100.0,0.0,340.0,340.0,False,False,22832.712680606943,340.0454539659585,0.9482526902199141,losing,340.0454539659585,0.9482526902199141,losing,358.60215053763443
pool1rk28hp58ptwapha9nc944ast32gln8a7hx6eue0gzuj7sndzrhk,54864.0173,5000.0,5000.0,0.03,340.0,340.0,False,False,25.315301475446184,25.315301475446184,0.07059439391953508,losing,25.315301475446184,0.07059439391953508,losing,358.60215053763443
pool1rkyc3ss904h066sffergss99r9p2kqa4k6ds0g4u5ud4x7yaajd,7795118.069819,50000.0,50000.0,0.01,340.0,340.0,False,False,3597.492534272786,393.2604209314107,1.096648250273499,edge,393.2604209314107,1.096648250273499,edge,358.60215053763443
pool1rkz43352y9kmsvzqn3wp08t6qfz64j6at4gtmn74ge0tv7hqdhf,3477.333207,600.0,600.0,0.0,340.0,340.0,False,False,1.6044806486576186,1.6044806486576186,0.004474263877815848,losing,1.6044806486576186,0.004474263877815848,losing,358.60215053763443
pool1rmpv0h0pecysach8tj06vxx9wku2pdm74mk9cunx759v58q0hu2,19734135.432711,80.0,80.0,0.03,340.0,340.0,False,False,9105.536226955277,603.0005552865671,1.6815307838575932,edge,603.0005552865671,1.6815307838575932,edge,358.60215053763443
pool1rp466amdpse0gsmdkteqpqmnm5fl4v0q8juwwq4xagwygwzu8ln,507.102535,450.0,450.0,0.03,340.0,340.0,False,False,0.2339823781457871,0.2339823781457871,0.0006524845927303808,losing,0.2339823781457871,0.0006524845927303808,losing,358.60215053763443
pool1rpdfq9gm9ls0q8tnc2ssnpg5av3hm5ehktul7cfznjvjxyku2k6,290.423727,100.0,100.0,0.075,345.0,345.0,False,False,0.1340045332822345,0.1340045332822345,0.00037368580495495676,losing,0.1340045332822345,0.00037368580495495676,losing,358.60215053763443
pool1rpjjz68kmmetyxztmrstrwgz8lxf6v0d7vqgw98r5x8rc50jrdf,4721041.109788,105000.0,105000.0,0.02,340.0,340.0,False,False,2179.2699137394034,416.8741985462781,1.162497765061585,edge,416.8741985462781,1.162497765061585,edge,358.60215053763443
pool1rq4vahleea4yc38cr58klupl6g0w7ca07lc6kyvtcznp6649j5p,3.678935,0.0,0.0,0.06,345.0,345.0,False,False,0.001697498472646487,0.001697498472646487,4.7336539117278345e-06,losing,0.001697498472646487,4.7336539117278345e-06,losing,358.60215053763443
pool1rq70y0sj8fnjgnuavsjtvk2qm6hjw2r9zfacd46z6z8c7tlgcmx,127.046347,100.0,100.0,0.05,345.0,345.0,False,False,0.058620497266808645,0.058620497266808645,0.00016346945264807206,losing,0.058620497266808645,0.00016346945264807206,losing,358.60215053763443
pool1rqgf6qd0p3wyf9dxf2w7qcddvgg4vu56l35ez2xqemhqun2gn7y,2646903.142124,50000.0,50000.0,0.01,345.0,345.0,False,False,1221.5580918926237,370.1581813349229,1.032225213317776,edge,370.1581813349229,1.032225213317776,edge,358.60215053763443
pool1rqwhzyfvm8uh6qseqpkkz2uvga0ufr0aaavrw7nynytuxy9uj6c,598.614966,100.0,100.0,0.15,340.0,340.0,False,False,0.27620720209975824,0.27620720209975824,0.0007702329773696407,losing,0.27620720209975824,0.0007702329773696407,losing,358.60215053763443
pool1rrzlme4g2r49x7tcesdkuk5wqv5ks2dkq3ptapgnclgvkcxy9sc,342.417653,341.0,341.0,0.01,340.0,340.0,False,False,0.15799503019130223,0.15799503019130223,0.00044058584131307667,losing,0.15799503019130223,0.00044058584131307667,losing,358.60215053763443
pool1rscmngzy9mzyy98kl7h38scshgmk4cw0cs6ed58mq68mw4uustm,15793.119806,10000.0,10000.0,0.05,500.0,500.0,False,False,7.287219407912147,7.287219407912147,0.02032118155729624,losing,7.287219407912147,0.02032118155729624,losing,358.60215053763443
pool1rsm2ara9zm9tq0gupcq4c7e3v7c8lwxlgjgh2zalgjf3669rlwq,100.838685,100.0,100.0,0.01,345.0,345.0,False,False,0.046528007253270005,0.046528007253270005,0.00012974826610357153,losing,0.046528007253270005,0.00012974826610357153,losing,358.60215053763443
pool1rtnk3j8jv0wl0qz2j8xq4h5yeh0uvw3xj738fgl6wc4scxenkgz,172599.874682,10000.0,10000.0,0.02,340.0,340.0,False,False,79.64248422324434,79.64248422324434,0.22209148524023156,losing,79.64248422324434,0.22209148524023156,losing,358.60215053763443
pool1rtr6nja4hh8j8hkrmevehw7009za3fu2vucv27rl6qdr6xttd09,507.617122,500.0,500.0,0.0,350.0,350.0,False,False,0.23421977181624432,0.23421977181624432,0.0006531465900722855,losing,0.23421977181624432,0.0006531465900722855,losing,358.60215053763443
pool1ru5ltcffgwnz6qdmccq9lcfu4zncygacm5fzvwz6tq9zcfwyl0v,5021.439761,5000.000001,5000.000001,0.01,340.0,340.0,False,False,2.316944195835465,2.316944195835465,0.006461043784488703,losing,2.316944195835465,0.006461043784488703,losing,358.60215053763443
pool1rv3f2ctg35ke7t5azmaha6393skhvnhwedh96e6r703tg00wp77,29670.145707,100.0,100.0,0.02,340.0,340.0,False,False,13.690116278148745,13.690116278148745,0.03817633624791104,losing,13.690116278148745,0.03817633624791104,losing,358.60215053763443
pool1rven0s3l30qawndj2m8v0fwgc8rsthumda72l4wkgwdhx7qgdjw,103.070019,100.0,100.0,0.0099,345.0,345.0,False,False,0.04755756815465332,0.04755756815465332,0.00013261930549873338,losing,0.04755756815465332,0.00013261930549873338,losing,358.60215053763443
pool1rvjj8cp3urh7de07pm0ceqha2x4lxws69lhd4429dm6djfjsy4l,44386857.633031,10000.0,10000.0,0.01,340.0,340.0,False,False,20481.405987641938,545.9063787723908,1.5223176379559922,edge,545.9063787723908,1.5223176379559922,edge,358.60215053763443
pool1rvng7n968748udkc5rxy4h9zp9hms4s3jsfwuues76ft28uc056,47031551.419907,215000.0,215000.0,0.025,340.0,170.0,True,True,21720.245987302602,969.8003496351374,2.704390780091987,comfortable,804.8080590647463,2.2442923386213316,comfortable,358.60215053763443
pool1rvu72lt2j0z0qjfzlqhccvvvu9v7hju6hndtkagfzvvvjgy6zds,3578.624926,100.0,100.0,0.025,340.0,340.0,False,False,1.651215040706105,1.651215040706105,0.004604587669735165,losing,1.651215040706105,0.004604587669735165,losing,358.60215053763443
pool1rw29y8c5md2rm4ynkrqhpm9saatd0a0xzyyc6xudelgkww5junh,10042372.533287,0.0,0.0,0.99999,999999.0,999999.0,False,False,4633.654043086305,4633.654043086305,12.9214340631792,strong,4633.654043086305,12.9214340631792,strong,358.60215053763443
pool1rx2745qj65qrgcutmpydv9k3ld930puq52t7skcd3ennqh550zc,70473.54215,1000.0,1000.0,0.0,340.0,340.0,False,False,32.51735119326854,32.51735119326854,0.09067807079382231,losing,32.51735119326854,0.09067807079382231,losing,358.60215053763443
pool1rzhyuwfwdzksm9v2ze8playmvdv3u04x9a0tmhg2krx7kt2635t,983.781249,500.0,500.0,0.05,340.0,340.0,False,False,0.4539272583004268,0.4539272583004268,0.0012658241385888962,losing,0.4539272583004268,0.0012658241385888962,losing,358.60215053763443
pool1s04pdfl3sv5gzuc80322rc4ne0xs7gekux7gtckvvwt7qutjy6w,6459917.277914,30000.0,30000.0,0.025,340.0,340.0,False,False,2981.0432235034104,417.9845176641077,1.1655940072792208,edge,417.9845176641077,1.1655940072792208,edge,358.60215053763443
pool1s0cfkzheywsftgwp0yz7sq4rt5gyf7t5kfwj5a269kpxvndjn6q,29602672.456135,20000.0,20000.0,0.009,340.0,170.0,True,True,13660.115221601374,468.7993089539234,1.3072964237695615,edge,300.4431297586157,0.8378174233148804,losing,358.60215053763443
pool1s0kkragd8r2xyyms680l9eed443v3eufmarykpjfh2r6cpksm2j,1457324.657369,50000.0,50000.0,0.01,340.0,340.0,False,False,672.5599374761666,354.6214467494912,0.9888993867377116,losing,354.6214467494912,0.9888993867377116,losing,358.60215053763443
pool1s2gxepqa5r6qzze05x3vxunt24cmqth2d2lmfrtudfqcg5c78kw,17172.910561,2.0,2.0,0.06,345.0,345.0,False,False,7.923757742667756,7.923757742667756,0.022096235984051013,losing,7.923757742667756,0.022096235984051013,losing,358.60215053763443
pool1s2rj8t2a5tfv0rpsfak77g03h96uv3rqxp62t6jm3dh45g2e2pj,1728303.603688,238000.0,238000.0,0.0,340.0,340.0,False,False,798.1414047932849,403.089409816729,1.1240574246763357,edge,403.089409816729,1.1240574246763357,edge,358.60215053763443
pool1s2wsk5z4u0f2unmfyc8ye705adhwayv0wetlk24sawmyj5u74rn,419051.343584,275000.0,275000.0,0.0,340.0,170.0,True,True,193.43158724156018,193.43158724156018,0.5394044261908575,losing,185.37684245638837,0.5169429189938266,losing,358.60215053763443
pool1s3z5qsg75dar26ykyzcz2u8wc2swgq7pyp7f9sdh5n06qh3jhq2,7301331.58465,50000.0,50000.0,0.01,340.0,340.0,False,False,3369.6068819113093,390.8355469836017,1.0898862329677648,edge,390.8355469836017,1.0898862329677648,edge,358.60215053763443
pool1s4a3y5ktdg7s08d6mntkctzc739h5n46t930jggef287cwz8pph,163.039113,100.0,100.0,0.005,340.0,340.0,False,False,0.0752279368550723,0.0752279368550723,0.0002097810532990022,losing,0.0752279368550723,0.0002097810532990022,losing,358.60215053763443
pool1s54847dyrcpgxjvsjvhjjqjrkz3x6vevy77xaqje5nugxhp6j2g,26625.012024,1.0,1.0,0.005,340.0,340.0,False,False,12.285054624012469,12.285054624012469,0.034258173314337614,losing,12.285054624012469,0.034258173314337614,losing,358.60215053763443
pool1s6s6eyve0lmc4e0emzf2l68n9ya0rhrpdcq0jmkmmmxv2rkrx42,21423386.27802,50000.0,50000.0,0.2,340.0,340.0,False,False,9887.026339800348,2267.230697079266,6.322412438631836,strong,2267.230697079266,6.322412438631836,strong,358.60215053763443
pool1s6se64qce5rjjjhh6ufcdnc54p8qg78mlhjm38lymx99sqysvzx,59172461.558429,100000.0,100000.0,0.03,340.0,340.0,False,False,27314.152338473723,1193.4426524837481,3.3280409799396873,comfortable,1193.4426524837481,3.3280409799396873,comfortable,358.60215053763443
pool1s6x6kltycpxq82hyqhlqllqj3q5l2m8w499gvtu4xrfv29c0q2q,4745181.097347,10000.0,10000.0,0.0199,340.0,340.0,False,False,2189.566419051001,380.6265843087161,1.0614174614905725,edge,380.6265843087161,1.0614174614905725,edge,358.60215053763443
pool1s79cqtwk5s24lcske704ckx7k2pagn8hc95rxvy3xfda6r62pg9,461516.412099,10000.0,10000.0,0.02,340.0,340.0,False,False,212.95710189304356,212.95710189304356,0.5938533875877976,losing,212.95710189304356,0.5938533875877976,losing,358.60215053763443
pool1s7ddsvuw09dvk7et6t842vhdfcmq893y88y3ev9attn67mruf5m,7953595.244378,1000.0,1000.0,0.03,340.0,340.0,False,False,3669.885989432713,440.3026840056816,1.2278305730893069,edge,440.3026840056816,1.2278305730893069,edge,358.60215053763443
pool1s7vl4r9vr2etmr2pfhcvxu223e8asaxu96te3urd7gh3c2kl74a,133.4,133.0,133.0,0.01,340.0,340.0,False,False,0.06155213305683504,0.06155213305683504,0.0001716446289141127,losing,0.06155213305683504,0.0001716446289141127,losing,358.60215053763443
pool1sa0uepv2uzwd0g8sh5lkjzgwkcxrg3z4m5wyzgfh93pnwupsm8g,1293.493236,50.0,50.0,0.015,345.0,345.0,False,False,0.5968312112398195,0.5968312112398195,0.0016643269159011458,losing,0.5968312112398195,0.0016643269159011458,losing,358.60215053763443
pool1scnq7w9rxgt2c4lax0y0ch0el2t9pjcyffhhzs2dfgt75u2zcq4,17.619014,5.0,5.0,0.01,345.0,345.0,False,False,0.00812959451598872,0.00812959451598872,2.2670233582817115e-05,losing,0.00812959451598872,2.2670233582817115e-05,losing,358.60215053763443
pool1sf784g6eje8vzq9f5wu583eurhfq2ee9hzyhl46yezkuqqtmw07,1537733.875937,1000.0,1000.0,0.0,340.0,170.0,True,True,709.5291903915889,340.2403076346136,0.9487960602704367,losing,170.35085992370614,0.47504137849789113,losing,358.60215053763443
pool1sffl322qgsrsmkcedzzwk05396dkmj56pcepqvj6px3n2re3qu4,1287761.04301,1.0,1.0,0.0175,340.0,170.0,True,True,594.1862013731702,344.4484524559282,0.9605309168935928,losing,177.42358215778623,0.49476441201421645,losing,358.60215053763443
pool1sfjdu0xmz7vdmp6cufxd55gprp95g4p703zzr3upt70dst0fur2,1531929.418552,1000.0,1000.0,0.01,340.0,340.0,False,False,706.8509428582255,343.9055846025631,0.9590170725048986,losing,343.9055846025631,0.9590170725048986,losing,358.60215053763443
pool1sfuspqv9gyqn65vwu6e27dp6ju7gmqmgsnasqp6zxp6qqlzlpfe,513418.026857,30000.0,30000.0,0.01,340.0,170.0,True,True,236.92424804211237,236.92424804211237,0.6606883078835517,losing,174.54064952668043,0.48672504965461105,losing,358.60215053763443
pool1sghwg652uwe7ksmk5laxxft58j6km6prahvnddk3s6zgxek5qen,260075.278906,7000.0,7000.0,0.01,340.0,170.0,True,True,120.00481561617927,120.00481561617927,0.33464611251288373,losing,120.00481561617927,0.33464611251288373,losing,358.60215053763443
pool1sjwdmeme5zs042jzwmdvxshhv27kepxke0mr02f2yzacsyd4wtu,52756375.41617,500.0,500.0,0.03,340.0,340.0,False,False,24342.38528530275,1060.2922173282177,2.9567369178867837,comfortable,1060.2922173282177,2.9567369178867837,comfortable,358.60215053763443
pool1sk64cyef3v2m000eshsdz6ydu3j7rczuyv93dl76euyev7pslxg,52917.7937,50.0,50.0,0.01,340.0,340.0,False,False,24.416819724417802,24.416819724417802,0.06808888258983074,losing,24.416819724417802,0.06808888258983074,losing,358.60215053763443
pool1sk6jvl4u8m4peddwqxzslgt82n57qy0rug2j0jfzkrjvy9f5mw6,356.83051,10.0,10.0,0.02,340.0,340.0,False,False,0.16464527648432742,0.16464527648432742,0.00045913075601326683,losing,0.16464527648432742,0.00045913075601326683,losing,358.60215053763443
pool1sks9qwpygf9vmgeuh4n4a3s36k35c3qnz7pd4qqvw5825x62y3y,1492504.393303,100000.0,100000.0,0.005,340.0,340.0,False,False,688.924926847989,365.0062179515915,1.0178584188755024,edge,365.0062179515915,1.0178584188755024,edge,358.60215053763443
pool1slwxj0t3575lx0rfw2x3z7dqf26jpls566pdwydvlk0jgw96lre,18270382.002599,200000.0,200000.0,0.99,340.0,340.0,False,False,8437.108085727616,8357.02336926979,23.304442978773324,strong,8357.02336926979,23.304442978773324,strong,358.60215053763443
pool1sm2kmdn4f9rat3kl67y9drqcnnqc34zg4f4ufmnrfaj45gcv89d,1380317.475724,25000.0,25000.0,0.005,340.0,170.0,True,True,636.9578358766747,346.8363306162965,0.9671897675356993,losing,180.74993741282853,0.504040305229177,losing,358.60215053763443
pool1smy2r8jdvgna5ykhe8rrch7h4qalyfafyzyh0rmanmq0jxptww7,40337746.533203,50000.0,50000.0,0.05,340.0,340.0,False,False,18616.125768832208,1275.3274701790424,3.5563854490749907,comfortable,1275.3274701790424,3.5563854490749907,comfortable,358.60215053763443
pool1snauzgh8r7tww3emfmdt58dt4hpvyjc23j0nj3h0ql2wwzgdkp9,218.055983,200.0,200.0,0.0,340.0,340.0,False,False,0.10061328173217558,0.10061328173217558,0.00028057077064744615,losing,0.10061328173217558,0.00028057077064744615,losing,358.60215053763443
pool1snyaulmp94axe7ltmqzlkztqn9axt5ykprjtxh3qgn35cred9pf,1001.676644,1.0,1.0,0.095,450.0,450.0,False,False,0.4621839147338536,0.4621839147338536,0.0012888486977585723,losing,0.4621839147338536,0.0012888486977585723,losing,358.60215053763443
pool1spus7k8cy5qcs82xhw60dwwk2d4vrfs0m5vr2zst04gtq700gjn,18338588.910782,50000.0,50000.0,0.05,340.0,340.0,False,False,8463.37242955734,767.2095092081715,2.139444808286655,comfortable,767.2095092081715,2.139444808286655,comfortable,358.60215053763443
pool1sr953s548fudyhmfm082xp0mensv2gxzt4qpe466ykw0z3jjzvv,15186338.198109,500.0,500.0,0.01,340.0,340.0,False,False,7007.147336356273,406.88878960454485,1.134652396798281,edge,406.88878960454485,1.134652396798281,edge,358.60215053763443
pool1sskadl6p2w0ttfr60y2ssfzcmrnaty4wt68v5glzd3e5vwkh7z5,34200661.948012,0.0,0.0,1.0,340.0,340.0,False,False,15780.537416466777,15780.537416466777,44.005696543670474,strong,15780.537416466777,44.005696543670474,strong,358.60215053763443
pool1st9xr6arqq8f2hjsdz6urxejjwzpjkjceatnjuehhr9xuq6k4eu,645.07951,626.754414,626.754414,0.005,340.0,340.0,False,False,0.2976463471623193,0.2976463471623193,0.0008300182994331542,losing,0.2976463471623193,0.0008300182994331542,losing,358.60215053763443
pool1stjukmjtgs7rdvy8ucsc543f9y2ct56ss08zed392php7k0teaq,2.443789,0.0,0.0,0.02,340.0,340.0,False,False,0.0011275893961079188,0.0011275893961079188,3.1444022140340762e-06,losing,0.0011275893961079188,3.1444022140340762e-06,losing,358.60215053763443
pool1stvux7an3kp2p55na0p7eec2e7l66gqcpuc7yu9cx5242g4j2eh,300245.751714,80000.0,80000.0,0.016,340.0,340.0,False,False,138.5703964005235,138.5703964005235,0.386418196859031,losing,138.5703964005235,0.386418196859031,losing,358.60215053763443
pool1supp67ypelmgzuzqqvarc6czgmg3ggwpnrnfr90xpfcqqf8h05t,9854263.061714,50000.0,50000.0,0.01,340.0,340.0,False,False,4547.801248421287,403.21466780713513,1.124406719821996,edge,403.21466780713513,1.124406719821996,edge,358.60215053763443
pool1svv9st22dywp9exwsltt7cdc4v2dyrf4zls00jesv2lzvpz45jh,2107450.036289,5000.0,5000.0,0.0199,340.0,340.0,False,False,972.4193426921304,354.0557235503817,0.987321807801664,losing,354.0557235503817,0.987321807801664,losing,358.60215053763443
pool1swe9nsv8lzugakjkfv04dn38scmq48wzynmn0lxasupuzmqcgjm,12528973.09858,110000.0,110000.0,0.0084,380.0,170.0,True,True,5783.626813402171,472.43390555774397,1.3174318805658227,edge,266.026144777333,0.7418420229173004,losing,358.60215053763443
pool1sx4e8rvx2xdxgkww2fpjtmvrnaftfrtfge29xcn72hh7kch5snf,408037.905257,0.0,0.0,0.0,340.0,340.0,False,False,188.27288901696537,188.27288901696537,0.5250188509318674,losing,188.27288901696537,0.5250188509318674,losing,358.60215053763443
pool1sxrkzy0ty37s2qx66cscqwucdqlvemtjl96ep36mqfrnku9lq8t,1043.463985,0.0,0.0,0.1,340.0,340.0,False,False,0.4814650220237969,0.4814650220237969,0.0013426161033946958,losing,0.4814650220237969,0.0013426161033946958,losing,358.60215053763443
pool1syt2h0690xyjhkr5mntv868xgl82m407e83e4sznaucpkr0lg85,7894.374983,1100.0,1100.0,0.02,345.0,345.0,False,False,3.642560231155096,3.642560231155096,0.010157664212816308,losing,3.642560231155096,0.010157664212816308,losing,358.60215053763443
pool1szah3sjg5vhd09pa0y6fcsyja2rttsztdp0gj8jpngqxz9kj0a8,27883.075358,50.0,50.0,0.0,340.0,340.0,False,False,12.86554061792546,12.86554061792546,0.03587691986407999,losing,12.86554061792546,0.03587691986407999,losing,358.60215053763443
pool1szy2tdjj8a4av365wk3q2fqg9srllmt0383e6v9p664ng076x9e,9660884.312869,100.0,100.0,0.0,340.0,340.0,False,False,4457.633308717763,340.0426217018584,0.9482447921521089,losing,340.0426217018584,0.9482447921521089,losing,358.60215053763443
pool1t0jheek3yftf0a9dgzgr2hc2wttwrcjyd5whdrek4ggcc5famre,162782.357421,44000.0,44000.0,0.0169,340.0,170.0,True,True,75.11950871593837,75.11950871593837,0.20947868997248179,losing,75.11950871593837,0.20947868997248179,losing,358.60215053763443
pool1t2e4v7ajh38qhjswqaavjqfsevyllhda24t2s2u6vhsavyhhqaf,105.132223,100.0,100.0,0.03,340.0,340.0,False,False,0.04850909070084151,0.04850909070084151,0.0001352727266920018,losing,0.04850909070084151,0.0001352727266920018,losing,358.60215053763443
pool1t4q9v8vxf8ltx407cqkwq3sksgmq85e459jqsf34x0cxyfaqljw,596.889206,0.0,0.0,0.03,340.0,340.0,False,False,0.27541082283980944,0.27541082283980944,0.0007680121896282542,losing,0.27541082283980944,0.0007680121896282542,losing,358.60215053763443
pool1t50sl2erwfaey5du4e7gnp52fylplh5q4j24zkkxk9t5vsxfcvm,495214.573215,1.0,1.0,0.0,340.0,340.0,False,False,228.49710178798293,228.49710178798293,0.6371883198285581,losing,228.49710178798293,0.6371883198285581,losing,358.60215053763443
pool1t6ek99u2dzj8sr606uqm3uz0tt4ejr4cpvwtqfwen6p2z57rrst,55678656.917626,200.0,200.0,0.08,340.0,340.0,False,False,25690.726750206428,2368.1419159906536,6.603814038594626,strong,2368.1419159906536,6.603814038594626,strong,358.60215053763443
pool1t6stu46gth7awdlrdmxmjhgrk9rjhez9qfnlhkhfvf0fj4q3h2a,19908515.710185,50000.0,50000.0,0.2,340.0,340.0,False,False,9187.903787922227,2127.3578815382834,5.932362308337642,strong,2127.3578815382834,5.932362308337642,strong,358.60215053763443
pool1t74ckqauwmn9ef5ye0h7c5wsgfd36zx24ue9wvj4vj95cl54aff,42893.316141,2000.0,2000.0,0.01,340.0,340.0,False,False,19.791574725242025,19.791574725242025,0.05519089803440804,losing,19.791574725242025,0.05519089803440804,losing,358.60215053763443
pool1t847w2hfv33qrra7q33nzq8epvcxv6ydshcq7w7j23c87xv2c2k,3387174.16447,1.0,1.0,0.0,340.0,340.0,False,False,1562.8770268368387,340.00036103163507,0.9481269438063586,losing,340.00036103163507,0.9481269438063586,losing,358.60215053763443
pool1t8dkgz58qcqlak6nn5l5j4qqwvewwmjx85fxtsykk6w9j2e0ng2,2021010.983012,100000.0,100000.0,0.04,340.0,340.0,False,False,932.8850272215166,391.8780202392226,1.0927932798275173,edge,391.8780202392226,1.0927932798275173,edge,358.60215053763443
pool1t8gjk7jzvujfv9s8q992e6s7tp8na0q3j62g7s4ppzfmccus4jk,4436151.254977,340000.0,340000.0,0.03,340.0,340.0,False,False,2049.5762971005684,518.3835555588419,1.4455673363409982,edge,518.3835555588419,1.4455673363409982,edge,358.60215053763443
pool1t8tw057cgksma0f6pawcy7npnwfu0psx64jdr6sqhza55mdvkls,8639.608488,100.0,100.0,0.15,345.0,345.0,False,False,3.986405916647966,3.986405916647966,0.011116514250322663,losing,3.986405916647966,0.011116514250322663,losing,358.60215053763443
pool1t93hrmha847r5gqazttyg29c9fxfv778w3kc5vf4q7vu5g4ec0r,66654.055626,10000.0,10000.0,0.01,340.0,340.0,False,False,30.755956344161085,30.755956344161085,0.08576623508266809,losing,30.755956344161085,0.08576623508266809,losing,358.60215053763443
pool1t9m69j5thv2ke9jt9hhsgxlag44z7erp2s2ukcpruwhwqarc9np,3202186.153411,100000.0,100000.0,0.0187,340.0,170.0,True,True,1478.1187456656353,396.16011597950546,1.104734356404618,edge,234.54871317366923,0.6540638778156292,losing,358.60215053763443
pool1t9ve93m48au8m4w8x0m2exh55s0tf2jjk5rwj5hsuqegvvgfq4z,100.0,100.0,100.0,0.05,340.0,340.0,False,False,0.04614102920131693,0.04614102920131693,0.0001286691369032226,losing,0.04614102920131693,0.0001286691369032226,losing,358.60215053763443
pool1tah22gjtc7ntrdezv49hysegcwpzafea35t6f4hn3wr2y4hz3vz,326882.490897,300000.0,300000.0,0.0,340.0,340.0,False,False,150.84323121622856,150.84323121622856,0.4206422939463045,losing,150.84323121622856,0.4206422939463045,losing,358.60215053763443
pool1tamft50mh0vjm346d9lusczc8fxxyh5z6fk2eel38srwvz38d78,8009.081322,5500.0,5500.0,0.03,340.0,340.0,False,False,3.6954990816274695,3.6954990816274695,0.010305289792844218,losing,3.6954990816274695,0.010305289792844218,losing,358.60215053763443
pool1tay8z4sq4a4gmyhnygyt0t5j84z8epwjra06wq28jnnmschkkuu,67822.195481,1000.0,1000.0,0.01,340.0,340.0,False,False,31.29398745651492,31.29398745651492,0.08726659170782271,losing,31.29398745651492,0.08726659170782271,losing,358.60215053763443
pool1tc6cy0cqknsm49cvsz0mksajfvlmh3vvcp8ngtmspycgx932w6g,6482963.171632,1000.0,1000.0,0.0,340.0,170.0,True,True,2991.3183886961265,340.40896706004713,0.9492663849050789,losing,170.43518963689962,0.47527654081654164,losing,358.60215053763443
pool1tcmk6at0dmkytxgq5j4u7fgsx9kytvfu7gz22lrs8hp9ztu7arw,5173948.521964,1000000.0,1000000.0,0.1,340.0,340.0,False,False,2395.47354294305,903.0936616832552,2.518372130031266,comfortable,903.0936616832552,2.518372130031266,comfortable,358.60215053763443
pool1tdsrw0n33gmy0mzh7cgtn9p0jy5xwjxaa2s26gn2ewf8kg4nrzx,66313904.983734,100000.0,100000.0,0.01,340.0,340.0,False,False,30610.662332433414,687.8976819966592,1.9182753950731426,edge,687.8976819966592,1.9182753950731426,edge,358.60215053763443
pool1tdvqgy6mq7lx7d345e276xmgmhh3s4zj8dzu6xzq5m7rx4tzkg2,59021573.79251,250000.0,250000.0,0.01,340.0,170.0,True,True,27261.499916861474,722.1071299824627,2.0136720566227595,comfortable,554.52000490762,1.5463376448698247,edge,358.60215053763443
pool1te6e6yc3p46yvdakrpngk49npvfvkcutk0z5qpj5xwx9gswkkpz,1155.789836,360.0,360.0,0.015,340.0,340.0,False,False,0.5332938763637813,0.5332938763637813,0.0014871463418840078,losing,0.5332938763637813,0.0014871463418840078,losing,358.60215053763443
pool1tegyxvyvya2lsqd7w2nna3h63ffdq85l0v8tg44yeak77du8zxd,583.646133,500.0,500.0,0.01,340.0,340.0,False,False,0.2693004130479351,0.2693004130479351,0.0007509726660707036,losing,0.2693004130479351,0.0007509726660707036,losing,358.60215053763443
pool1telljurmr9xs4z4ux7e46m9rgyf042nhwqewyf5t97xswrzwvsu,48785.724588,30000.0,30000.0,0.01,340.0,340.0,False,False,22.51131978991452,22.51131978991452,0.06277519461655323,losing,22.51131978991452,0.06277519461655323,losing,358.60215053763443
pool1tem8k8927zvn5jg22g3mxuzhnu62jdnqvn523dduupce24vwlrl,135.106409,100.0,100.0,0.015,340.0,340.0,False,False,0.06233949437702406,0.06233949437702406,0.00017384026917730846,losing,0.06233949437702406,0.00017384026917730846,losing,358.60215053763443
pool1teppcwacpq79a62luws4jaxqmhx5vxqu706362e9ya88wjwj5xx,52870.66011,50000.0,50000.0,0.0275,340.0,340.0,False,False,24.395346119416146,24.395346119416146,0.06802900117258476,losing,24.395346119416146,0.06802900117258476,losing,358.60215053763443
pool1tf73xqv234ye2crduemjpreuu4efrdfmpna3l9dwqy2uycvee9y,91805.643534,50000.0,50000.0,0.0,340.0,340.0,False,False,42.364092457673685,42.364092457673685,0.11813674958211852,losing,42.364092457673685,0.11813674958211852,losing,358.60215053763443
pool1tfye5tfgd6x2mw5xwe5lr2y6cu9grnpvenj7dc8258xmq8cuc04,9.436265,5.0,5.0,0.05,340.0,340.0,False,False,0.004353989831793843,0.004353989831793843,1.2141560850279682e-05,losing,0.004353989831793843,1.2141560850279682e-05,losing,358.60215053763443
pool1th6xh9uks6rywerld5aya0gc3yswwrx3yus9zvehyqaky5c6utd,198589.138628,100.0,100.0,0.01,340.0,340.0,False,False,91.63111059478015,91.63111059478015,0.25552303704091617,losing,91.63111059478015,0.25552303704091617,losing,358.60215053763443
pool1thfkd47x8s84f2vfpxr6v0sfvhrtlwxdv0r7mtjaqvglgpuh9p0,146.421921,100.0,100.0,0.05,345.0,345.0,False,False,0.06756059024807416,0.06756059024807416,0.00018839984686869256,losing,0.06756059024807416,0.00018839984686869256,losing,358.60215053763443
pool1tj3u8pz6732uy2ut3s90e0j880jyu9j0ve9vtu9zj5xzglhdlqy,8094906.632307,1.0,1.0,0.0,340.0,340.0,False,False,3735.073248588435,340.00041940857415,0.9481271065966235,losing,340.00041940857415,0.9481271065966235,losing,358.60215053763443
pool1tjr4zpndkvwkw3du3fvt59f5men6jhuevt7rpx6xw0wcct5kl04,1742797.543814,60000.0,60000.0,0.0,340.0,340.0,False,False,804.3389521683597,355.985985996475,0.9927045486558372,losing,355.985985996475,0.9927045486558372,losing,358.60215053763443
pool1tkexntwvhg0fqs2xnm7xg6ljqzjkpk0pl4nxxe3nf48ux8nucqy,358131.031456,22000.0,22000.0,0.0,340.0,340.0,False,False,165.2595614598532,165.2595614598532,0.46084375459569255,losing,165.2595614598532,0.46084375459569255,losing,358.60215053763443
pool1tkqjk8s3yqqyuspn4c44rjz7vgsu6kfxm4uvt89cejwryetpt6m,97.236752,80.0,80.0,0.02,340.0,340.0,False,False,0.04486604078505816,0.04486604078505816,0.00012511369694184134,losing,0.04486604078505816,0.00012511369694184134,losing,358.60215053763443
pool1tlgwdlde3v5aq3vlm7pk8l37tydmjjhucsf0g84xwjtwvwfsmhm,294.86577,100.0,100.0,0.02,345.0,345.0,False,False,0.13605413849376424,0.13605413849376424,0.0003794013457247398,losing,0.13605413849376424,0.0003794013457247398,losing,358.60215053763443
pool1tmt8thfaqeqv499l3s7k5kl64s84nycvnx55ll3ksm9hq50p0ks,56922720.474653,850000.0,850000.0,0.02,340.0,340.0,False,False,26357.43306214168,1241.0845354253497,3.4608954061336585,comfortable,1241.0845354253497,3.4608954061336585,comfortable,358.60215053763443
pool1tnl3yxmj8848vq6meduhz9n5520a7dwsh05r5gfyvlatj87k3jl,120334.353788,30000.0,30000.0,0.01,340.0,170.0,True,True,55.528720913956526,55.528720913956526,0.15484770749619062,losing,55.528720913956526,0.15484770749619062,losing,358.60215053763443
pool1tp7fzx8w3lrwwuwff9x7nlqr4r5n0awpq0krwnahvj387n7y22h,9579010.998143,1.0,1.0,0.99,345.0,345.0,False,False,4419.854280258909,4379.10574171026,12.211599219761744,strong,4379.10574171026,12.211599219761744,strong,358.60215053763443
pool1tpd9mcw6y5mx05gv9rgfkl6y0vsdswqs8qdexmf8vstkqk0snau,3.570478,0.0,0.0,0.075,340.0,340.0,False,False,0.0016474552966056438,0.0016474552966056438,4.594103225916788e-06,losing,0.0016474552966056438,4.594103225916788e-06,losing,358.60215053763443
pool1tpr44v3pxth9j0ff246dvsryxpanxwx52f024ws3ecvn72sgv55,233909.414669,1000.0,1000.0,0.0,340.0,340.0,False,False,107.92865898722205,107.92865898722205,0.3009704733376807,losing,107.92865898722205,0.3009704733376807,losing,358.60215053763443
pool1tpy5yawzpetcverves0h6xdycxgrstehfvrkygydt9jcqxwpw3j,43564873.351,100000.0,100000.0,0.0149,340.0,170.0,True,True,20109.646548357512,679.2713613255701,1.8942199881042883,edge,512.1887696507147,1.4282925210649613,edge,358.60215053763443
pool1tqywsutw3wtgcvzrljdacgwmv5kfzm8f0ladml5frkckccd72gg,169483.300125,5000.0,5000.0,0.0314,340.0,340.0,False,False,78.20291980697168,78.20291980697168,0.21807710770759717,losing,78.20291980697168,0.21807710770759717,losing,358.60215053763443
pool1tr33ynaapce33pjc5ctvj7fju596gppsmqwna4smx0f2khnetjf,257.248304,100.0,100.0,0.015,340.0,340.0,False,False,0.11869704529179798,0.11869704529179798,0.00033099925673574844,losing,0.11869704529179798,0.00033099925673574844,losing,358.60215053763443
pool1trjvzzska2mnd8xjxvjz0kfart6cfsj232kk6ghrlnc7u2xyqx0,118707.045047,100000.0,100000.0,0.025,345.0,345.0,False,False,54.776279509539016,54.776279509539016,0.15274944510905933,losing,54.776279509539016,0.15274944510905933,losing,358.60215053763443
pool1trxkcm5vnaj07htsmlfgjpwxmljy70ucs8z2n2qy8mvgxr73qlv,10166.146387,2000.0,2000.0,0.01,340.0,340.0,False,False,4.690795964970377,4.690795964970377,0.013080780352091306,losing,4.690795964970377,0.013080780352091306,losing,358.60215053763443
pool1ttxsd0ls8w35mrluxa49v0vslt7a85pfusxxemxrkpasy27tkcx,3969.519067,2500.0,2500.0,0.0,340.0,340.0,False,False,1.8315840135895007,1.8315840135895007,0.005107565615107153,losing,1.8315840135895007,0.005107565615107153,losing,358.60215053763443
pool1tw2vq5vuxe5x8fse40ljx2mp53rdna9w0sktcq8ndr2nwj4ysgl,8341.779419,8000.0,8000.0,0.03,340.0,340.0,False,False,3.8489881471005183,3.8489881471005183,0.01073331027527281,losing,3.8489881471005183,0.01073331027527281,losing,358.60215053763443
pool1twd9vvegn3fqq0f4n08p3aml2ud8q87njs49900rycj4sr5hhcy,5205641.243773,60000.0,60000.0,0.01,340.0,340.0,False,False,2402.530344653657,384.16021427408907,1.0712713621436367,edge,384.16021427408907,1.0712713621436367,edge,358.60215053763443
pool1twu4rn366744tqq9g66ruy3rete6842z7nnm4vy0q5jaqd48867,1061496.70711,10000.0,10000.0,0.01,340.0,340.0,False,False,489.80571829245355,342.8952132938776,0.9561995453172598,losing,342.8952132938776,0.9561995453172598,losing,358.60215053763443
pool1tx6e7gewsrcceejwpa69vrhlhay6862amaks095pmw9jxulwhvx,38626.750424,110.0,110.0,0.0,340.0,170.0,True,True,17.822788335909284,17.822788335909284,0.049700729092640575,losing,17.822788335909284,0.049700729092640575,losing,358.60215053763443
pool1txjkxm7qgflxa6eu7gcpdl8quaym9a9r7r6cn4k25y8s2p7z8h0,453817.073573,100.0,100.0,0.01,340.0,345.0,True,False,209.39595564270937,209.39595564270937,0.5839227548657262,losing,209.39595564270937,0.5839227548657262,losing,358.60215053763443
pool1ty7lh3nvtwxlcpqg2x30fkr3j9ys6nprztr9m4zp3aajxyjk2vz,13629436.306111,145000.0,145000.0,0.01,340.0,340.0,False,False,6292.527828551719,462.2193876086941,1.2889476176194468,edge,462.2193876086941,1.2889476176194468,edge,358.60215053763443
pool1u0mc9ywfxl529atxyajuz3pgqnwgnk6w7lejjmjg22ucvn7z9vh,17203574.998191,25000.0,25000.0,0.04,340.0,340.0,False,False,7938.732284918142,654.5499703170788,1.8252817762965015,edge,654.5499703170788,1.8252817762965015,edge,358.60215053763443
pool1u0u2s080a5plun4acn6s70xa3q98ct7skt88l7w6nnwwyl9ecym,800263.319884,78000.0,78000.0,0.0,340.0,170.0,True,True,369.35814138381375,342.8614769302052,0.9561054679013218,losing,189.431023066497,0.5282484301404564,losing,358.60215053763443
pool1u2j98kgj8uj7zr7g3deuezfv7hzv3ercnetxd5c9ppjh23x20qg,25303.221479,20000.0,20000.0,0.005,340.0,340.0,False,False,11.67537093838833,11.67537093838833,0.03255800591514586,losing,11.67537093838833,0.03255800591514586,losing,358.60215053763443
pool1u2lghnv4ae3zy73ysjlgvxwj7tuqpmyfavk74j48g0gnqnyc692,9233172.890272,100.0,100.0,0.0,800.0,340.0,True,True,4260.282774113393,800.0374766379363,2.2309890652871984,comfortable,340.0424586739651,0.9482443375315968,losing,358.60215053763443
pool1u32s3ry3vjhqwhcrqz7p5u35cvzrx4tvdwydgvq6qm8720qrg0s,24601584.776282,50000.0,50000.0,0.2,340.0,340.0,False,False,11353.785475305687,2560.6645357003663,7.140683712747648,strong,2560.6645357003663,7.140683712747648,strong,358.60215053763443
pool1u3despkvw4sqeq2fv9ufrh5dxacf8vm0aax00elkdeelymg7f38,25504.573032,25000.0,25000.0,0.01,340.0,340.0,False,False,11.76809716060996,11.76809716060996,0.03281658278670843,losing,11.76809716060996,0.03281658278670843,losing,358.60215053763443
pool1u3p6z3r2g5s7mazc0wmx8v0cyjjasusght53zm4kj436vs3u2th,343885.648669,1.5,1.5,0.0125,340.0,340.0,False,False,158.6723785628323,158.6723785628323,0.4424746988408817,losing,158.6723785628323,0.4424746988408817,losing,358.60215053763443
pool1u3v7s93f2d968a8kce6zgfmckfx56ly626jkml6jv7tgweplrn8,451916.537923,321000.0,321000.0,0.02,340.0,340.0,False,False,208.6009553477651,208.6009553477651,0.5817058125140077,losing,208.6009553477651,0.5817058125140077,losing,358.60215053763443
pool1u4708qd88n0ux2capce6gz6zcjvtwfsfpdu28h6kkh5yskg9eck,497.420337,10.0,10.0,0.0,340.0,340.0,False,False,0.22951487231659035,0.22951487231659035,0.0006400264805230255,losing,0.22951487231659035,0.0006400264805230255,losing,358.60215053763443
pool1u4e9h7ssr2hcd550luvkua88gly3vzusu46ftmqn6kvlkh3v9gf,18266.505518,4800.0,4800.0,0.0069,340.0,340.0,False,False,8.42847789352178,8.42847789352178,0.02350370147218967,losing,8.42847789352178,0.02350370147218967,losing,358.60215053763443
pool1u4sxd6x0qsy7evljt24vtnyhpxd098n609sfcmly6c096mr3jgq,11346638.728839,5000.0,5000.0,0.0199,340.0,340.0,False,False,5235.564890466853,439.53608692686703,1.225692836107905,edge,439.53608692686703,1.225692836107905,edge,358.60215053763443
pool1u4u6jpf2verwtq2wjcrdr9ktnhgjpa7ag9qnnkfgqtxj2rh9d68,2752.688285,2000.0,2000.0,0.007,340.0,340.0,False,False,1.270121599043495,1.270121599043495,0.0035418683271677674,losing,1.270121599043495,0.0035418683271677674,losing,358.60215053763443
pool1u53apdhreh9fjmxtrctx3kezhjduc4m2f7cfd09yd7p6jkc6k2z,200147.143562,60000.0,60000.0,0.01,340.0,340.0,False,False,92.3661330295876,92.3661330295876,0.2575727247901543,losing,92.3661330295876,0.2575727247901543,losing,358.60215053763443
pool1u60gvu8qr69z4vx9wuqelxfhcuvjuxuvxyj9edf8rkmns0405ny,145469.348917,0.0,0.0,0.06,345.0,345.0,False,False,67.12105476271975,67.12105476271975,0.18717415571013302,losing,67.12105476271975,0.18717415571013302,losing,358.60215053763443
pool1u6kpt8hgqcm596kukj97ghefmxn8ks2cgwg8qqe0gtgscnufk5p,58832999.202588,500000.0,500000.0,0.008,340.0,340.0,False,False,27202.60213792021,781.3698198908708,2.1789323313298645,comfortable,781.3698198908708,2.1789323313298645,comfortable,358.60215053763443
pool1u7mqtde27swkarngjsn5mmw3sy20zavlafgqkmg8qv2n2nwga0l,20103581.262795,100000.0,100000.0,0.019,340.0,340.0,False,False,9279.849372351424,553.4811676425186,1.5434407373539498,edge,553.4811676425186,1.5434407373539498,edge,358.60215053763443
pool1u7zrgexnxsysctnnwljjjymr70he829fr5n3vefnv80guxr42dv,567544.114668,61000.0,61000.0,0.009,340.0,340.0,False,False,261.9301405608847,261.9301405608847,0.7304198822237564,losing,261.9301405608847,0.7304198822237564,losing,358.60215053763443
pool1u899yml96tf2cf4zkw4490mnhf832pk6fefnaluvt7487jmqzhg,1124795.511776,492330.0,492330.0,0.02,340.0,170.0,True,True,519.5979799873422,420.63089077453765,1.172973698411754,edge,326.95274825109425,0.9117422964723167,losing,358.60215053763443
pool1u8yequt4vq3jhajeegc02r3msnne6krayxuzrypaz8jkq5v5pux,351866.541817,10000.0,10000.0,0.0275,340.0,340.0,False,False,162.3614154540582,162.3614154540582,0.452761968132756,losing,162.3614154540582,0.452761968132756,losing,358.60215053763443
pool1u99x2rr6trfznwakv0959llmxmtgc2nvanc067uugl3ejuvvnc8,39358503.364069,5.0,5.0,0.01,340.0,340.0,False,False,18160.418908642845,518.2064303066492,1.4450734038536244,edge,518.2064303066492,1.4450734038536244,edge,358.60215053763443
pool1u9vgtxyupd36czsdvh3h9zr8eakdqesug8j6k2nw7nszy97z4m0,177.788132,100.0,100.0,0.0,340.0,340.0,False,False,0.0820332888535448,0.0820332888535448,0.00022875849665306345,losing,0.0820332888535448,0.00022875849665306345,losing,358.60215053763443
pool1ua0lx5ap5tj9f5l7tyjflp766ca5yu93djh5hqvm4e0kjgw5k7v,8284906.224122,50000.0,50000.0,0.01,340.0,340.0,False,False,3823.532931113664,395.6484653232344,1.103307564469589,edge,395.6484653232344,1.103307564469589,edge,358.60215053763443
pool1uae2f4eg8mhzuur43w9l8vpk4dur58w600x0cy2ef5angazhg3x,2559.137316,400.0,400.0,0.01,340.0,340.0,False,False,1.1808139562401372,1.1808139562401372,0.003292824525647159,losing,1.1808139562401372,0.003292824525647159,losing,358.60215053763443
pool1uautzneywzapn03te7q3sd737xdfejgjlu4mdfjz7mweq92dugg,112125.335885,0.0,0.0,0.0,340.0,340.0,False,False,51.73578397274261,51.73578397274261,0.14427070193298538,losing,51.73578397274261,0.14427070193298538,losing,358.60215053763443
pool1ucmm6rgdta0sw4qrcj3vml4wsr8pld495pptuypxg2uuvvlqest,20461.133742,2650.0,2650.0,0.0,340.0,340.0,False,False,9.44106841651781,9.44106841651781,0.02632741717349794,losing,9.44106841651781,0.02632741717349794,losing,358.60215053763443
pool1ucpygt4ds2ggf5lt8z5kzyvnwwr0ggrtqnl0pgawud5ls2cnnkl,12501.925325,10000.0,10000.0,0.039,340.0,340.0,False,False,5.768565135525553,5.768565135525553,0.016086253601315634,losing,5.768565135525553,0.016086253601315634,losing,358.60215053763443
pool1udkx9rmgzf08z7zz4p7ykpdqsdv5nf0w8uf38wrsdn5dzk9nq4g,5033119.590481,100.0,100.0,0.0,340.0,170.0,True,True,2322.3341473319324,340.0393857946686,0.9482357684828838,losing,170.0427634215448,0.47418221883669165,losing,358.60215053763443
pool1udr30lxsqa799lyl9haxf0wzg8qsz3xaf2gtpqf4n2s064jrvsj,538611.213136,10000.0,10000.0,0.02,340.0,250.0,True,True,248.5309185269547,248.5309185269547,0.6930547353225424,losing,248.5309185269547,0.6930547353225424,losing,358.60215053763443
pool1udt98825znk9uslz4v05gh5cd3s5e4g0cd9c4gzhcfpd2j2xm2u,98664.688925,30000.0,30000.0,0.0,340.0,340.0,False,False,45.5288645225048,45.5288645225048,0.12696205099229224,losing,45.5288645225048,0.12696205099229224,losing,358.60215053763443
pool1ue4ngerz28nkpstsr5p53qvl5ulq3jtmllj4my0d0n28yyrn4l4,11081596.73187,50000.0,50000.0,0.01,340.0,340.0,False,False,5114.223664767858,409.0680507089641,1.140729496729645,edge,409.0680507089641,1.140729496729645,edge,358.60215053763443
pool1uezuqdzj9ue9y2l3ce9873sj33tz3q9tcf4tuhm97fdggywuydy,103.80538,2.0,2.0,0.06,345.0,345.0,False,False,0.047896871089652016,0.047896871089652016,0.00013356548759633095,losing,0.047896871089652016,0.00013356548759633095,losing,358.60215053763443
pool1ufp38a9zwlvvrzcyxaxdrvav50nd7az5lyuzh4t0h3qp2gqamsx,7369312.882766,100000.0,100000.0,0.0,340.0,340.0,False,False,3401.67594430418,381.54628786985376,1.0639821520808515,edge,381.54628786985376,1.0639821520808515,edge,358.60215053763443
pool1ugwj76z4cx6sywscud8ntd2m9tg3gyesmnnl35qr2l5mu06pe3x,5902.168208,5000.0,5000.0,0.0,340.0,340.0,False,False,2.7233298301773914,2.7233298301773914,0.007594293079655094,losing,2.7233298301773914,0.007594293079655094,losing,358.60215053763443
pool1uh4uz5n5hgxe2vh99aherx64k9j52vftdlylwcr3mgk3sdz6vj4,38438.962685,28000.0,28000.0,0.019,340.0,340.0,False,False,17.736695587251102,17.736695587251102,0.04946065036324895,losing,17.736695587251102,0.04946065036324895,losing,358.60215053763443
pool1uhy50u9y76nd6z2xmzt3mta0yc7g3gdssef8lheyyg7zzymgzm8,20223786.202992,1000.0,1000.0,0.03,340.0,340.0,False,False,9331.501966445685,610.1763213109164,1.7015411658745192,edge,610.1763213109164,1.7015411658745192,edge,358.60215053763443
pool1uj4u73qgtprqre78q75fq2vkcrpfrcdreqcqkvn6u0m2k6nk2yp,51486411.817779,1000.0,1000.0,0.04,400.0,400.0,False,False,23756.45926833645,1334.6938681803758,3.721934924760868,comfortable,1334.6938681803758,3.721934924760868,comfortable,358.60215053763443
pool1ujcu3myfg9wwvdyh2ks653954lamtufy3lefjs73jrr327q53j4,13026448.836427,50000.0,50000.0,0.04,340.0,340.0,False,False,6011.785473171495,587.770875573166,1.6390612122430115,edge,587.770875573166,1.6390612122430115,edge,358.60215053763443
pool1ujpy2536jz3x9gje5d5vuadzcpadl7pwrcsgq4laestu7mrs9hp,444.287597,435.0,435.0,0.05,345.0,345.0,False,False,0.20499887763684185,0.20499887763684185,0.0005716610380877449,losing,0.20499887763684185,0.0005716610380877449,losing,358.60215053763443
pool1uk2f28awascuhrhuwrp7x6y87x8ch33vwx8jtmrysp7l5ngq78j,22564586.195021,135000.0,135000.0,0.0097,340.0,340.0,False,False,10417.363112167704,497.45671157012646,1.3872106199706673,edge,497.45671157012646,1.3872106199706673,edge,358.60215053763443
pool1ukeqarukv9gxwy9pt8jkr4qvad2yf87758g3xzemmvmtk8lrynp,52525354.860223,100000.0,100000.0,0.02,340.0,340.0,False,False,24245.829542005347,862.7192651361864,2.4057838578010595,comfortable,862.7192651361864,2.4057838578010595,comfortable,358.60215053763443
pool1ulx9ennungrtcucslrpz93cze5fddlg96h0wwj83p6fpsrvgz2v,1018089.679741,253467.828509,253467.828509,0.02,340.0,340.0,False,False,470.1313008556604,374.35269374413326,1.0439220545188723,edge,374.35269374413326,1.0439220545188723,edge,358.60215053763443
pool1umflj8hjq873fs9r6aq2zvgs88zrs5xjswn2znkdaehlz2eqy59,111198.920794,2000.0,2000.0,0.0115,340.0,340.0,False,False,51.308746289564844,51.308746289564844,0.14307986221677751,losing,51.308746289564844,0.14307986221677751,losing,358.60215053763443
pool1up53z2kadt6l5xs359ckx477rpyvyg3favh25qrhqt2ujclpq3h,43873636.020332,10000.0,10000.0,0.01,340.0,340.0,False,False,20244.59038792397,543.5373356983196,1.5157113109428402,edge,543.5373356983196,1.5157113109428402,edge,358.60215053763443
pool1upa4pa4qmcgaps4uactx9eas44rfwk9h0rxgua3l4xnf6wevfkt,333750.575247,26000.0,26000.0,0.0,340.0,170.0,True,True,154.0113353889214,154.0113353889214,0.42947688729144495,losing,154.0113353889214,0.42947688729144495,losing,358.60215053763443
pool1upx7l0yrsxt4l94t5xfckahj6m7pt5dpmnx6u60sjxmn5p5mezs,389728.372486,88.0,88.0,0.0,340.0,170.0,True,True,179.82474805708137,179.82474805708137,0.5014603169207966,losing,170.00221841130917,0.4740691547901575,losing,358.60215053763443
pool1uq8l234306m76unyz8kuwnkvmtvazaks6vuvyx3a3khngavvcw0,9035153.680752,1500000.0,1500000.0,0.01,500.0,500.0,False,False,4191.179373668226,1143.5867395734747,3.1890124971614133,comfortable,1143.5867395734747,3.1890124971614133,comfortable,358.60215053763443
pool1uqrecfnsa6pqd2tz60r0lcj4kunhc4rrw8lldrpdvfx9qfjd6n0,582319.158109,10000.0,10000.0,0.0,340.0,340.0,False,False,268.6990543675072,268.6990543675072,0.7492957138284307,losing,268.6990543675072,0.7492957138284307,losing,358.60215053763443
pool1ur2y44cgsyf9l40y4xdc7w3cwy88vgmj95deatatzqnqqhrfp7f,17.639298,2.0,2.0,0.06,345.0,345.0,False,False,0.008138953701200349,0.008138953701200349,2.269633266001896e-05,losing,0.008138953701200349,2.269633266001896e-05,losing,358.60215053763443
pool1urgvu6zk422j4xwtxa45lzpd6dm25msfthpkezr042secrtuwzc,43489575.542417,500.0,500.0,0.03,340.0,340.0,False,False,20066.57954403108,932.0173790653895,2.5990289731058835,comfortable,932.0173790653895,2.5990289731058835,comfortable,358.60215053763443
pool1us8dkk3y8j00qq5kscxxklyzwt74jgav226s2rtgaqxek7h8vc8,14812484.482398,2500.0,2500.0,0.04,340.0,170.0,True,True,6834.703955238858,600.8404657755873,1.6755071459409179,edge,437.66801010824025,1.2204835064487658,edge,358.60215053763443
pool1usumnw5klscs76ycpmkgf5re5v8pul462g5mmzc0knxs5u04kag,115.314991,100.0,100.0,0.06,340.0,340.0,False,False,0.053207526614361025,0.053207526614361025,0.00014837481184814318,losing,0.053207526614361025,0.00014837481184814318,losing,358.60215053763443
pool1ut39vczq4h03vpzfcn7ssxa04qzkyj8nxu4nq4rfv0nsxz39c5y,237838.045854,100000.0,100000.0,0.01,340.0,340.0,False,False,109.76747825784021,109.76747825784021,0.3060982152317583,losing,109.76747825784021,0.3060982152317583,losing,358.60215053763443
pool1uthdnav2zc2hxpg2hyeyy545lnxtl8lqdcdqxjm0j8t5srmyvzj,37646193.927594,1000000.0,1000000.0,0.05,345.0,345.0,False,False,17441.7803174159,1631.275493427695,4.548984134595971,comfortable,1631.275493427695,4.548984134595971,comfortable,358.60215053763443
pool1utqhj9g53a5cwg7tyd8neky7jvjlgzuf470adc0e69cp5uuquzx,16068691.016383,75000.0,75000.0,0.01,340.0,340.0,False,False,7416.5673276361695,443.46498422466937,1.2366489814960795,edge,443.46498422466937,1.2366489814960795,edge,358.60215053763443
pool1uu35qfkmjyxwpm3pgptfgr0qga9j2fzkc0tsjplcx840x295xj9,3439936.544951,0.0,0.0,0.009,500.0,500.0,False,False,1587.2221257116953,509.78499913140524,1.4215893529001704,edge,509.78499913140524,1.4215893529001704,edge,358.60215053763443
pool1uu5ve3qdv7zxpmger77u0kw7pm8l4apmgr5xy6wspceayl05vsd,5.62425,1.0,1.0,1.0,340.0,340.0,False,False,0.0025950868437414165,0.0025950868437414165,7.2366739570600216e-06,losing,0.0025950868437414165,7.2366739570600216e-06,losing,358.60215053763443
pool1uup47u5lmet469pmaym077hvewcp30larj9ugap8580uya3rtuw,820.025746,100.0,100.0,0.15,340.0,340.0,False,False,0.3783684573097728,0.3783684573097728,0.0010551204356764278,losing,0.3783684573097728,0.0010551204356764278,losing,358.60215053763443
pool1uy2z02pn4lczk7p2plvnkzrmltxmqs2t04d9ghx5t0vw6e4t0qn,4477857.938349,100000.0,100000.0,0.02,340.0,170.0,True,True,2066.97236217117,412.3350392034433,1.1498398394578777,edge,249.45556813253714,0.6956332184805383,losing,358.60215053763443
pool1uyvyxt9k9g038h567x8halej4x87j7m4r4zyz9lhv4dcv83husk,28407743.338725,1000000.0,1000000.0,0.04,340.0,340.0,False,False,13161.061200380902,1286.1123000272855,3.58646008703261,comfortable,1286.1123000272855,3.58646008703261,comfortable,358.60215053763443
pool1uzkf7xmg6p3p5nn8y0eknfgws8e8j94vklx590qra2kfxpsxwsa,5977.690443,2.0,2.0,0.06,345.0,345.0,False,False,2.7581679158380283,2.7581679158380283,0.007691442763806195,losing,2.7581679158380283,0.007691442763806195,losing,358.60215053763443
pool1uzla0r73fvpnvxr07m98nfzlxcv3q26mkjz00cqjfh7uqsyjkju,15675833.762462,50000.0,50000.0,0.01,340.0,340.0,False,False,7234.493729391815,430.7158647467297,1.2010967142862328,edge,430.7158647467297,1.2010967142862328,edge,358.60215053763443
pool1v3k049f5aypn325f3rvn79765cuvqrvlhmqyzj835frn6ya03qp,608121.192809,10000.0,10000.0,0.0,340.0,340.0,False,False,280.6048747192466,280.6048747192466,0.7824963522905527,losing,280.6048747192466,0.7824963522905527,losing,358.60215053763443
pool1v3rzrj25ak30dhuyrupkxeddttetxzh4cz9ccpjlfxuh6d85d58,35243.09159,10000.0,10000.0,0.0,340.0,340.0,False,False,16.262010450523373,16.262010450523373,0.04534833498946548,losing,16.262010450523373,0.04534833498946548,losing,358.60215053763443
pool1v46kmtavsty57aql824069j2p6wxpcpk3j25veqauu54kynydty,1032.235168,1000.0,1000.0,0.02,340.0,340.0,False,False,0.47628399227669754,0.47628399227669754,0.0013281682543248236,losing,0.47628399227669754,0.0013281682543248236,losing,358.60215053763443
pool1v46s6ak79m3mlv65pjh7ypvsp7n6cc62a723dpwmhtn8uy4pld5,22.420601,10.0,10.0,0.01,340.0,340.0,False,False,0.010345096293239901,0.010345096293239901,2.884839446090887e-05,losing,0.010345096293239901,2.884839446090887e-05,losing,358.60215053763443
pool1v4xevkf7fx08pzy7atsk59dds6p0sdyl6xmhwf4mh79x6l5p6kx,6774932.144859,1000.0,1000.0,0.02,340.0,340.0,False,False,3126.0364390662876,396.12373144643095,1.104632894288398,edge,396.12373144643095,1.104632894288398,edge,358.60215053763443
pool1v5jj7xumvk4engwvqrxt0kfhpdkucqvydmmlwwq2x76hz99affw,1008.64031,1000.0,1000.0,0.03,340.0,340.0,False,False,0.46539703660675563,0.46539703660675563,0.0012978088277189887,losing,0.46539703660675563,0.0012978088277189887,losing,358.60215053763443
pool1v5u6wzakuc25q3zpx04t8gjz3rgu60wuxkv2mh5nga23xjkc86s,55329335.494072,200000.0,200000.0,0.0,340.0,340.0,False,False,25550.775726212956,431.1298699002595,1.202251211416016,edge,431.1298699002595,1.202251211416016,edge,358.60215053763443
pool1v6mdg9xm9a80js00zx53c6nagcw5m0m970nm4my4pkrlyxq707e,13259.533623,10.0,10.0,0.0,340.0,340.0,False,False,6.11808553560059,6.11808553560059,0.017060928180235527,losing,6.11808553560059,0.017060928180235527,losing,358.60215053763443
pool1v6xpvq7argftng40s80804eyf4m7as45292las40jw0nxte295m,163.755733,100.0,100.0,0.03,340.0,340.0,False,False,0.0755585928362698,0.0755585928362698,0.00021070312245196674,losing,0.0755585928362698,0.00021070312245196674,losing,358.60215053763443
pool1v8cx78z8fqu4438vcmg20qlp4qujks8mrrlrcer6aa4f6eg9u2k,9665.378771,5000.0,5000.0,0.03,340.0,340.0,False,False,4.459750082090699,4.459750082090699,0.012436484486789655,losing,4.459750082090699,0.012436484486789655,losing,358.60215053763443
pool1v8f9npqqyywumf58s5g7kmvywx09c5pv02nr65q00ftuur8780p,6.288755,2.0,2.0,0.06,345.0,345.0,False,False,0.0029016962974336524,0.0029016962974336524,8.091686826426676e-06,losing,0.0029016962974336524,8.091686826426676e-06,losing,358.60215053763443
pool1v8q93vtkf4vqqqus6ts772w8dr9h5tz99lnylfj40x3p7cutxx4,25396.53984,11500.0,11500.0,0.01,340.0,300.0,True,True,11.718532109982755,11.718532109982755,0.03267836540414981,losing,11.718532109982755,0.03267836540414981,losing,358.60215053763443
pool1v99msed3jqh4fd2qyzdn0t2qfmh3mv2cnfweatl85mdhz6l0ewc,563199.886982,500.0,500.0,0.0,340.0,340.0,False,False,259.8667650748771,259.8667650748771,0.724665941588113,losing,259.8667650748771,0.724665941588113,losing,358.60215053763443
pool1v9z04yz8cs2dvnmvfp2fmuhfvs8w784x6w6r8ah9xanugdzlmg0,7382.105151,4039.0,4039.0,0.003,340.0,340.0,False,False,3.406205249113039,3.406205249113039,0.009498563363343706,losing,3.406205249113039,0.009498563363343706,losing,358.60215053763443
pool1va0dv0map5dqhaj8pyc3rg0500drqs0m5smcxme6xghnc7ygmw8,3006945.358077,100.0,100.0,1.0,340.0,340.0,False,False,1387.436113656334,1387.436113656334,3.869012250975684,comfortable,1387.436113656334,3.869012250975684,comfortable,358.60215053763443
pool1vafsg5t78rnx3qr3fv7ys9h50pnvxqhd4l8tj629l5zk7tc39ch,31177121.661761,10.0,10.0,0.0216,340.0,340.0,False,False,14385.4454093019,643.3860285806533,1.7941499447676388,edge,643.3860285806533,1.7941499447676388,edge,358.60215053763443
pool1van29pcguetr6gwnyfwd2g4f68rt3vkgtvu9wjdj0xwpylngsdk,107.224476,100.0,100.0,0.04,340.0,340.0,False,False,0.04947447817066984,0.04947447817066984,0.0001379648116903237,losing,0.04947447817066984,0.0001379648116903237,losing,358.60215053763443
pool1vc8jhqtwjrjwsfk6a0enx47hd2ufg98c34ta6lvl0zv0uhpech9,1526659.480106,50000.0,50000.0,0.0,340.0,340.0,False,False,704.5584060154198,351.93974199112523,0.9814211695704541,losing,351.93974199112523,0.9814211695704541,losing,358.60215053763443
pool1vc8jp7uagxgh8trzx7r260ndcydz89ges8sws05cyv7jj8q8gqs,49671030.287658,25000.0,25000.0,0.009,340.0,170.0,True,True,22921.110921012336,554.4930427604694,1.5462624580726732,edge,386.1078356462946,1.0767025101980627,edge,358.60215053763443
pool1vcc9lngr8g2j8xh0kgy84nne026adr5zmvwagkda99spy23993l,1500.600798,1500.0,1500.0,0.01,340.0,340.0,False,False,0.6923926542221883,0.6923926542221883,0.0019308101002297904,losing,0.6923926542221883,0.0019308101002297904,losing,358.60215053763443
pool1vcmqgcykx4k3ngj2upkyhu424dsn85ansepz2xmdxg4mqw7w6ac,208346.880579,100.0,100.0,0.04,345.0,345.0,False,False,96.133435033227,96.133435033227,0.26807824462039315,losing,96.133435033227,0.26807824462039315,losing,358.60215053763443
pool1vcnevxtlwswfh8cdnqc9xrgpxq8wt33l2jtcfle2eqwpwd9997d,60.698897,2.0,2.0,0.06,345.0,345.0,False,False,0.02800709601527071,0.02800709601527071,7.810074750885085e-05,losing,0.02800709601527071,7.810074750885085e-05,losing,358.60215053763443
pool1vd3rfulk3x3k6mafusvrtnzysx9qkcgcks9an2alcpm55msk63g,36205.621371,30000.0,30000.0,0.01,340.0,340.0,False,False,16.706005016706538,16.706005016706538,0.046586460766228126,losing,16.706005016706538,0.046586460766228126,losing,358.60215053763443
pool1vd9a6q0jknarhwfyg7mspplrgsxf8zsna7yjr7crrtqdwftl7yw,502.624954,125.0,125.0,0.01,340.0,340.0,False,False,0.23191641752314088,0.23191641752314088,0.0006467234431679791,losing,0.23191641752314088,0.0006467234431679791,losing,358.60215053763443
pool1vdcu0y6ujrwmnv4u50j6upxkjug7cx7zsaynjvgkcm2ycmajelc,15342531.733607,50000.0,50000.0,0.02,340.0,170.0,True,True,7080.672690217303,496.34138462798967,1.3841004129056382,edge,330.28431979310017,0.921032735854822,losing,358.60215053763443
pool1vdh6kxcqt9mxavyv80ggnec6jjwms44ms30rhle3lt266aj8jgh,25669782.436501,250000.0,250000.0,0.0,340.0,340.0,False,False,11856.55888838141,452.1606592972668,1.2608977905441023,edge,452.1606592972668,1.2608977905441023,edge,358.60215053763443
pool1venk342j5dqg2a9ue6nnv854rht25734jqaxanngqtrjk6m89um,262604.107796,10000.0,10000.0,0.01,340.0,340.0,False,False,121.17309383642176,121.17309383642176,0.33790397981370984,losing,121.17309383642176,0.33790397981370984,losing,358.60215053763443
pool1vev89m93eu9t930fswf8ee2xjehwrrkyw7msdemjwl4ev3xaqdf,62321.656121,50000.0,50000.0,0.0,340.0,340.0,False,False,28.757041824180778,28.757041824180778,0.0801920506641323,losing,28.757041824180778,0.0801920506641323,losing,358.60215053763443
pool1vev8z03vh7jwx3mfrgzrt9fltt97nupaxv8ffj4r5r8mgwts5ze,64279395.295958,60000.0,60000.0,0.01,340.0,340.0,False,False,29666.586544797297,660.3662952628517,1.8415012131767678,edge,660.3662952628517,1.8415012131767678,edge,358.60215053763443
pool1vfayajkdc0gw876lax5va6ygpfpsd8kz73k4y977emm3clnxlm5,99152.126863,30000.0,30000.0,0.0,340.0,340.0,False,False,45.75380152132605,45.75380152132605,0.12758931158870532,losing,45.75380152132605,0.12758931158870532,losing,358.60215053763443
pool1vfdw3j9246kkem4lychnsqj9edsmfglfvxvmyl4ekqddj92e33f,57.462283,2.0,2.0,0.06,340.0,340.0,False,False,0.026513688991956056,0.026513688991956056,7.393622417546966e-05,losing,0.026513688991956056,7.393622417546966e-05,losing,358.60215053763443
pool1vflcm2fde9qyzcr0lkkv4httte3xep6sycasrtaxw6rt2me3vwp,1410760.530832,10000.0,10000.0,0.0,340.0,170.0,True,True,650.966354999748,342.2042462076562,0.9542727105640787,losing,173.40926999648974,0.4835700782510808,losing,358.60215053763443
pool1vgryztjlm0grah2g5gngd0vlmy4z3yrsm42h00hn967e5mqk4nq,197.430721,130.0,130.0,0.0,340.0,340.0,False,False,0.09109658347733568,0.09109658347733568,0.00025403245167592855,losing,0.09109658347733568,0.00025403245167592855,losing,358.60215053763443
pool1vh4y864hcq2r66ak37w4dsnkhnsfxaaacs0p5s4vj5676m6txwm,15713456.620459,50000.0,50000.0,0.02,340.0,170.0,True,True,7251.856921370258,499.7907021866469,1.3937191995009943,edge,333.72082106508356,0.930615782880143,losing,358.60215053763443
pool1vhzjtcrcyzy5ld05mj8edy5at37x4g7du8uvvss037h26h8s8z5,325514.947664,50000.0,50000.0,0.05,340.0,340.0,False,False,150.22244588422356,150.22244588422356,0.4189111684327673,losing,150.22244588422356,0.4189111684327673,losing,358.60215053763443
pool1vj08te6uceklte43cy6canq7te45qjmmm0dhewy0kvstyjmgqzt,10341.439785,8000.0,8000.0,0.0075,340.0,340.0,False,False,4.771682770840216,4.771682770840216,0.013306341759764318,losing,4.771682770840216,0.013306341759764318,losing,358.60215053763443
pool1vjjrjt5ez7d7yh385vdxl83mxyg36as785cp5l50d6wsjqdavax,82213.923417,1000.0,1000.0,0.0,340.0,300.0,True,True,37.934506507449505,37.934506507449505,0.10578438096530146,losing,37.934506507449505,0.10578438096530146,losing,358.60215053763443
pool1vkaycnf2sv8rxzv4nex8s2unnzahtjs8eht9ypua4takugjgaa0,540.700677,100.0,100.0,0.01,340.0,340.0,False,False,0.24948494196935472,0.24948494196935472,0.0006957151305292351,losing,0.24948494196935472,0.0006957151305292351,losing,358.60215053763443
pool1vkc0dvuf8rxrch87umfayacgglrh8f88ef0f64xrdue5u2xjwfm,1605721.375557,0.0,0.0,0.1,345.0,345.0,False,False,740.8963687871147,384.5896368787115,1.0724688524653723,edge,384.5896368787115,1.0724688524653723,edge,358.60215053763443
pool1vkngxunyagwen690yn36pa2v6jecyxgeavl9nva9dwzhu22fzt7,868204.391793,500.0,500.0,0.0,340.0,340.0,False,False,400.5992758177067,340.0348991990772,0.9482232571368568,losing,340.0348991990772,0.9482232571368568,losing,358.60215053763443
pool1vl0hlf4jecm3rk0vcc9mtpu5us2cv7hzlz396cgs8crc5df43mn,869015.185285,10000.0,10000.0,0.0,340.0,340.0,False,False,400.9890630742566,340.7018181512473,0.9500830311264168,losing,340.7018181512473,0.9500830311264168,losing,358.60215053763443
pool1vn4gsw8fdg85yh8urxs9t5ykyvap4uscewy08g2refxzxwztnga,970.921601,100.0,100.0,0.015,345.0,345.0,False,False,0.4479933868312187,0.4479933868312187,0.0012492769108036982,losing,0.4479933868312187,0.0012492769108036982,losing,358.60215053763443
pool1vnsfv2qpt5gxte9prupjey8kw7ap7t6c8lc02ks4s3gtqplhgd3,12188001.336903,50000.0,50000.0,0.01,340.0,340.0,False,False,5624.83653645752,414.3120493044984,1.155352941089006,edge,414.3120493044984,1.155352941089006,edge,358.60215053763443
pool1vpa84enqxhh5hnyypeqfshsgqhnjfzyddgq7z4tfmavh68c9s9p,4593809.35248,21000.0,21000.0,0.01,340.0,340.0,False,False,2119.815537438684,365.8529879075163,1.0202197263987711,edge,365.8529879075163,1.0202197263987711,edge,358.60215053763443
pool1vphx7ph5rayjxuuqmwqhlw32pl3m6lstcr5jz0ecajdc528fjdt,4818368.155128,10000.0,10000.0,0.99994,500.0,500.0,False,False,2223.337087610445,2223.23390198113,6.19972272516477,strong,2223.23390198113,6.19972272516477,strong,358.60215053763443
pool1vqm5n5d503uumuc89s5y4wuczrwe3tlgylt2u2uj7y276avr5pl,3442543.591631,1000.0,1000.0,0.03,340.0,340.0,False,False,1588.4316586512066,377.8047183505965,1.0535483900031626,edge,377.8047183505965,1.0535483900031626,edge,358.60215053763443
pool1vquhv3kh6xkklckaenl8alyuhfsld57ef5573aqauueyqacx4ak,35912872.851756,400369.0,400369.0,0.02,340.0,340.0,False,False,16598.050105514,842.786303872479,2.3501986884599866,comfortable,842.786303872479,2.3501986884599866,comfortable,358.60215053763443
pool1vs689gkmqtrljtmcwd2690nzqm2yyq23wk2zzx5g0v0gs5ug64a,14441701.604271,750000.0,750000.0,0.008,340.0,340.0,False,False,6683.503226559469,717.5492941037744,2.000962049524768,comfortable,717.5492941037744,2.000962049524768,comfortable,358.60215053763443
pool1vtf34mujsfrr8wesg8nvmnupk7npz7f287whltv2ga4wc2728mf,6742369.614881,10000.0,10000.0,0.1,500.0,750.0,True,False,3111.128147604002,764.5982589989612,2.1321630610765636,comfortable,989.2645484300488,2.7586687557419647,comfortable,358.60215053763443
pool1vtpn0drn5t39frknedmqq2jkhsfstwketsnvdm7cjzz674s30v2,22910395.162979,2650000.0,2650000.0,0.0,340.0,340.0,False,False,10678.578525610536,1535.842886950253,4.2828602244789655,comfortable,1535.842886950253,4.2828602244789655,comfortable,358.60215053763443
pool1vut3caulpx8eukzwy8xd5fyhst0w7x2frdfsacpzr3jzxduazh5,352.50377,100.0,100.0,0.15,345.0,345.0,False,False,0.1626489159828947,0.1626489159828947,0.00045356369374540344,losing,0.1626489159828947,0.00045356369374540344,losing,358.60215053763443
pool1vuwavngz2hums4ll34z9afdjkn826wnzgy2kpmnynhd0wr5qxkh,813480.802363,30000.0,30000.0,0.01,340.0,340.0,False,False,375.3936098181584,341.64614878291343,0.9527163969058755,losing,341.64614878291343,0.9527163969058755,losing,358.60215053763443
pool1vve4vgd0ncyjvalr6xzeaxqmfzvkqmxfswj7lyae8qsgqhta9wd,5001.526855,1000.0,1000.0,0.01,345.0,345.0,False,False,2.3077636577799967,2.3077636577799967,0.006435442883764309,losing,2.3077636577799967,0.006435442883764309,losing,358.60215053763443
pool1vvesqladm29fuzrv93px5qse0upw82a579lz9063xsfrz7yef7z,695134.342885,51000.0,51000.0,0.0,340.0,340.0,False,False,320.80532802228214,320.80532802228214,0.8945995653994674,losing,320.80532802228214,0.8945995653994674,losing,358.60215053763443
pool1vwfg3d0yhun8anncaxjfg8whjn6sa328shuyc6rmf2cgvyjrs7w,10196.147924,2.0,2.0,0.06,340.0,340.0,False,False,4.704607630206078,4.704607630206078,0.013119295640454729,losing,4.704607630206078,0.013119295640454729,losing,358.60215053763443
pool1vwquf4wt465lhketcy2j7jwpz5l6l0ce6a79ga3y4wg7gc8egp0,1362906.053549,10000.0,10000.0,0.0095,340.0,170.0,True,True,628.8848867674077,344.8438943500943,0.9616336484125567,losing,177.6943793606827,0.49551955863698616,losing,358.60215053763443
pool1vx9tzlkgafernd9vpjpxkenutx2gncj4yn88fpq69823qlwcqrt,72813963.386144,200000.0,200000.0,0.02,340.0,340.0,False,False,33258.45384829,1086.978687735767,3.0311549613021387,comfortable,1086.978687735767,3.0311549613021387,comfortable,358.60215053763443
pool1vxpu476qrulzkk2u97emkfskmc2jx4mzznvupw0zf5206nx35vl,308.097517,300.0,300.0,0.02,340.0,340.0,False,False,0.1421593699572103,0.1421593699572103,0.0003964264289661336,losing,0.1421593699572103,0.0003964264289661336,losing,358.60215053763443
pool1vxvdypctdecvc2j7xu9y8h2fdxvkpjy2pp8luwg2h6dx5jlv0nk,19805411.166939,50000.0,50000.0,0.02,340.0,170.0,True,True,9140.320375243355,537.7790278636279,1.4996536609090672,edge,371.59961999018293,1.0362448173639283,edge,358.60215053763443
pool1vxz0deezj5c2950e7arpzfqxzq8zd9kawsullrzjw5rsq0yhxgr,33975736.887089,50000.0,50000.0,0.05,340.0,340.0,False,False,15680.017223782632,1128.447072070479,3.1467939341095814,comfortable,1128.447072070479,3.1467939341095814,comfortable,358.60215053763443
pool1vyk3x4j2lfrj4y8t282xmwep936rh8gv2vqrkxghm2h67l2upjq,4043.819158,500.0,500.0,0.05,340.0,340.0,False,False,1.8658631841932725,1.8658631841932725,0.005203156705546457,losing,1.8658631841932725,0.005203156705546457,losing,358.60215053763443
pool1vz59e00250xfjck8qd04kns89j56430wjzpdf37zfjnnyxttm37,45452.693548,500.0,500.0,0.0,340.0,340.0,False,False,20.972383802799506,20.972383802799506,0.058483708955332954,losing,20.972383802799506,0.058483708955332954,losing,358.60215053763443
pool1vz9txqmdhxwegpy7uzrsap84z309veehqv3uh4s60qwxk0u7h06,43212.652274,1.0,1.0,0.01,340.0,340.0,False,False,19.938762587451535,19.938762587451535,0.05560134694551702,losing,19.938762587451535,0.05560134694551702,losing,358.60215053763443
pool1vzpakzvtx46t7kpla6pus7wpnskeprdlrxc3snf897tryuzfh4v,168088.858316,1000.0,1000.0,0.0,340.0,340.0,False,False,77.5582503504749,77.5582503504749,0.21627937878843076,losing,77.5582503504749,0.21627937878843076,losing,358.60215053763443
pool1vzquqa6clffwsegafvyds0zkaqpjcw0hurq3a0xc8ape6h0xhkh,2010.436661,2000.0,2000.0,0.05,340.0,340.0,False,False,0.9276362071587784,0.9276362071587784,0.002586811612166908,losing,0.9276362071587784,0.002586811612166908,losing,358.60215053763443
pool1w2alpqttaulpukcrz0j902kk8wmq68q9qm50c6npaypk7yypy5a,506824.821353,2000.0,2000.0,0.0,340.0,340.0,False,False,233.85612942966975,233.85612942966975,0.6521325348413579,losing,233.85612942966975,0.6521325348413579,losing,358.60215053763443
pool1w2hc8xqzxpjw7dxwq65krmq79zswvvdmsgs8p04djwt8vm84qmv,1953037.123869,300000.0,300000.0,0.03,340.0,340.0,False,False,902.1092661919074,440.6168300625363,1.2287066025731896,edge,440.6168300625363,1.2287066025731896,edge,358.60215053763443
pool1w3ewp9s00evj200lnhwsy3dkn2yf3dg7zq7apj26a2dvv5r7hpg,515.476511,500.0,500.0,0.005,340.0,340.0,False,False,0.23784618234273788,0.23784618234273788,0.0006632592191266753,losing,0.23784618234273788,0.0006632592191266753,losing,358.60215053763443
pool1w3s6gk83y2g3670emy3yfjw9myz3u4whph7peah653rmsfegyj3,145.825699,0.0,0.0,0.0,340.0,340.0,False,False,0.06728547835857561,0.06728547835857561,0.0001876326682862828,losing,0.06728547835857561,0.0001876326682862828,losing,358.60215053763443
pool1w4am4s9w4gkt8r0245km62vtnnv9hhq6j68exzh2pyaxxfaq0gc,1047085.780781,50000.0,50000.0,0.01,340.0,340.0,False,False,483.2320461238965,348.2034813472598,0.9710022118529283,losing,348.2034813472598,0.9710022118529283,losing,358.60215053763443
pool1w4k38v33hm00f488leycy7x4r77c6zgax2w30whtrkf4uh9agpy,209085.302317,27000.0,27000.0,0.0,340.0,340.0,False,False,96.48356364432014,96.48356364432014,0.26905461526002317,losing,96.48356364432014,0.26905461526002317,losing,358.60215053763443
pool1w50f20mpxwtal3plsqmgrx2xxlg84hn7ep0fhlcajkhu77k8tfp,754.221182,100.0,100.0,0.02,340.0,340.0,False,False,0.34800554157103714,0.34800554157103714,0.0009704502358652609,losing,0.34800554157103714,0.0009704502358652609,losing,358.60215053763443
pool1w5ws76te73pjhep4zt8axh2r6wczm0220gp49fmfnjmzvtal7fe,89855.026535,170.0,170.0,0.0,340.0,340.0,False,False,41.46006333623341,41.46006333623341,0.11561576882367937,losing,41.46006333623341,0.11561576882367937,losing,358.60215053763443
pool1w6ez83j2lapmlzudtuuwygm9lwt23203keqj53n7yjdtwaamghr,437.62183,100.0,100.0,0.15,345.0,345.0,False,False,0.20192328126285683,0.20192328126285683,0.000563084412517112,losing,0.20192328126285683,0.000563084412517112,losing,358.60215053763443
pool1w6l6rvhxtym5psec3mvgrjlg28d6hrv8g9jjexadzmxfgndfg2f,50543536.336911,50000.0,50000.0,0.025,340.0,340.0,False,False,23326.163684280848,936.8245922504857,2.612434395181264,comfortable,936.8245922504857,2.612434395181264,comfortable,358.60215053763443
pool1w6vj437xqhlkasuhc2td09jd6vfem5e03nhhpn7yqxfkzrkamch,366202.252561,1.0,1.0,0.01,340.0,340.0,False,False,168.96948899379578,168.96948899379578,0.4711892796528638,losing,168.96948899379578,0.4711892796528638,losing,358.60215053763443
pool1w728ekz4fs2f33qmqf7047hvwsmarjrv5l575ncnh7hkc0zdhgz,1204.163384,180.0,180.0,0.0,340.0,340.0,False,False,0.5556137329649479,0.5556137329649479,0.0015493876211616236,losing,0.5556137329649479,0.0015493876211616236,losing,358.60215053763443
pool1w7c2j0px43jmudhf48ezp7dy8j7904c9l3wc7809lhh2z026hch,62041753.112907,750000.0,750000.0,0.02,340.0,170.0,True,True,28715.98723763426,1243.6861097118708,3.468150171010614,comfortable,1079.1000760124782,3.0091846197649317,comfortable,358.60215053763443
pool1w7glhdtfl5slt54x7ss2hyd9lp2qyp7qxstgy72quzelqg93s24,11273.564695,10000.0,10000.0,0.039,340.0,340.0,False,False,5.201763286060192,5.201763286060192,0.014505666734740566,losing,5.201763286060192,0.014505666734740566,losing,358.60215053763443
pool1w7pt822hfgw30xnkwpjzz0sr5psejksqdcdw4l0ms33lsgynp2e,3586191.029261,50000.0,50000.0,0.02,340.0,170.0,True,True,1655.0455188362532,384.26906374535776,1.0715749003993484,edge,219.99186248419588,0.6134705610503812,losing,358.60215053763443
pool1w8ham64lthvzzxzn5hknq4yrj8xt2nark409s2xmntlwvt4ag3r,50233113.632347,50000.0,50000.0,0.01,340.0,340.0,False,False,23182.901601048317,590.9385430433401,1.6478945877970204,edge,590.9385430433401,1.6478945877970204,edge,358.60215053763443
pool1w92z3lxwrycf3kmf075dja2fwem0luyjc4ysv2afh6sg554qjwn,3.45586,0.0,0.0,1.0,340.0,340.0,False,False,0.0015945693717557088,0.0015945693717557088,4.446625234581136e-06,losing,0.0015945693717557088,4.446625234581136e-06,losing,358.60215053763443
pool1w9hdxd0ydy7qrtxe2lceg80mpsyamwnaqyvu2v0yngj4cfkfu2t,704690.236993,100.0,100.0,1.0,340.0,170.0,True,True,325.15146345264674,325.15146345264674,0.9067192234211737,losing,325.15146345264674,0.9067192234211737,losing,358.60215053763443
pool1w9yeaaadjz9563tf2h7katrlujvxnywda8el8z66h02ckccx95x,1399133.962258,31000.0,31000.0,0.0,340.0,340.0,False,False,645.6563625124317,346.77229450037333,0.9670111960580126,losing,346.77229450037333,0.9670111960580126,losing,358.60215053763443
pool1wamhqzxcn7psr3rrqvg35wwjwmj8qktnvgyncj2vzyaqx9hkmsz,97.624556,77.0,77.0,0.03,340.0,340.0,False,False,0.045044977943930205,0.045044977943930205,0.000125612682122504,losing,0.045044977943930205,0.000125612682122504,losing,358.60215053763443
pool1wc2kuqz7w36j4xc7x8aqekgjhmy4ggknddqqfuw4mr3pu9f8wxn,49.055495,30.0,30.0,0.0,340.0,340.0,False,False,0.022634711371533636,0.022634711371533636,6.311928508403683e-05,losing,0.022634711371533636,6.311928508403683e-05,losing,358.60215053763443
pool1wc2vw2x2xu2van4acthhk08xtucm8ddpuphmw0ahnc99qtz4a64,8259.475717,500.0,500.0,0.0099,340.0,340.0,False,False,3.8110145594006024,3.8110145594006024,0.010627416912271544,losing,3.8110145594006024,0.010627416912271544,losing,358.60215053763443
pool1wccveh5l4gvns7egngqdd4qk27w0kxqc68jjrnnkgjxz6zwt7ws,156871.8189,100.0,100.0,0.005,340.0,340.0,False,False,72.38230189897058,72.38230189897058,0.20184569944840372,losing,72.38230189897058,0.20184569944840372,losing,358.60215053763443
pool1wdrg5vtv3nrh0mqmfua5qmj5p3zchzay2cz80jwfxxwrx7gp402,35531.270916,33333.333333,33333.333333,0.011,340.0,170.0,True,True,16.394635957721693,16.394635957721693,0.04571817523442631,losing,16.394635957721693,0.04571817523442631,losing,358.60215053763443
pool1wdujj7tmux5nuwnpeksgncendr3mj8ecsjcddpzx9gewc3flp4r,63999999.028366,0.0,0.0,1.0,340.0,340.0,False,False,29530.258240503827,29530.258240503827,82.34824636782176,strong,29530.258240503827,82.34824636782176,strong,358.60215053763443
pool1we0xjccr3vc4ypnmhzsgwp7sxpsytu8dtv0syeqmtrllvcex68q,17620654.236865,1000.0,1000.0,0.0145,340.0,170.0,True,True,8130.38508249439,453.3962896804979,1.2643434764703538,edge,285.870797556752,0.7971809347159801,losing,358.60215053763443
pool1we9umarzn0l6jp8mcm98y28lxuuzcurzpjldnjwtgdhgw068mnr,14754953.585405,70000.0,70000.0,0.0199,340.0,170.0,True,True,6810.065094839203,498.83854833952313,1.3910640178583402,edge,333.0120076203667,0.928639181669988,losing,358.60215053763443
pool1wewygdzelh9m4m0kj8u70pmr957lxkzl8km4mttsrdd7wht00vu,418494.255499,3000.0,3000.0,0.02,340.0,340.0,False,False,193.09995248711715,193.09995248711715,0.5384796276252442,losing,193.09995248711715,0.5384796276252442,losing,358.60215053763443
pool1wf7wk3802jxtkmek6uprm77cgqx53t4qep9kwkl078w3yw0ff69,26089843.264918,75000.0,75000.0,0.05,340.0,340.0,False,False,12041.876173121163,957.0510216170117,2.6688379313457893,comfortable,957.0510216170117,2.6688379313457893,comfortable,358.60215053763443
pool1wfvreaqszfzxe5w2swwpqpy7e4jax9nyky0x855xqswkzq4v7zf,3.0,2.0,2.0,0.06,345.0,345.0,False,False,0.0013842308798827255,0.0013842308798827255,3.860074117813897e-06,losing,0.0013842308798827255,3.860074117813897e-06,losing,358.60215053763443
pool1wg3xyzscx4qp0d4zmvlh7ksw8cupqcnegulmezl0cp77vtwlvgr,12701.10151,10000.0,10000.0,0.03,340.0,340.0,False,False,5.860470905924148,5.860470905924148,0.01634254255625025,losing,5.860470905924148,0.01634254255625025,losing,358.60215053763443
pool1wggqaqs4pw2l4vml0k0p2kmvpq7pme3fl6smwc8cjjhvvuun9ww,21819.523397,4810.0,4810.0,0.01,340.0,170.0,True,True,10.06790992638208,10.06790992638208,0.028075430979116446,losing,10.06790992638208,0.028075430979116446,losing,358.60215053763443
pool1whk6lawmfz4zq5fw8zghglp23452gnm9zgs59nqafhpexwcvute,26159187.471811,50000.0,50000.0,0.048935,340.0,340.0,False,False,12072.629180129112,935.4642662005556,2.6086409822084455,comfortable,935.4642662005556,2.6086409822084455,comfortable,358.60215053763443
pool1whmm0hkxunyhxsr6dfjpx2tpvd05qhev820lx9vcmvqa5wjc6nh,1861905.226122,402000.0,402000.0,0.0,340.0,170.0,True,True,860.2382563100662,452.32353618354534,1.2613519899571128,edge,319.02787485836575,0.8896429493801503,losing,358.60215053763443
pool1whzghlghkuqn8qf3ehpm3a4rugv0xxmgzau43zqer2awy2rngef,20348.775749,10000.0,10000.0,0.03,340.0,340.0,False,False,9.389333519156711,9.389333519156711,0.026183148943975235,losing,9.389333519156711,0.026183148943975235,losing,358.60215053763443
pool1wjext9skqge8x7z5asvvmezlal6npjk8v2aduavt6fehyzhnu5a,3362519.869755,60000.0,60000.0,0.015,340.0,170.0,True,True,1551.882446425932,379.4784089951451,1.05821565326982,edge,215.01634672909586,0.5995958094694427,losing,358.60215053763443
pool1wjsshqjpl3n6zlscnfvyy9gxklkav2dvfyprfye6l0kewyvv6yj,891605.698788,180000.0,180000.0,0.028,340.0,340.0,False,False,411.6430050366952,356.0645281929252,0.992923571872325,losing,356.0645281929252,0.992923571872325,losing,358.60215053763443
pool1wjt7mjhdaj857hwk3qg2wswn30ghjczm2qetrs7k6sjc20x4hfx,1045.574031,1000.0,1000.0,0.5,340.0,340.0,False,False,0.4824387065864183,0.4824387065864183,0.0013453313257132504,losing,0.4824387065864183,0.0013453313257132504,losing,358.60215053763443
pool1wll3vr4v605eap9hpjfpda5cjegqfkjt8hrz3kkxpnffqejhav3,574516.833618,6500.0,6500.0,0.01,340.0,340.0,False,False,265.0950768812976,265.0950768812976,0.7392456416779812,losing,265.0950768812976,0.7392456416779812,losing,358.60215053763443
pool1wlmyl6csyc5m9sxezcladq3ttty4hja9mue63dwdh5g7ymucukl,86747.534195,7000.0,7000.0,0.04,345.0,345.0,False,False,40.02727812609608,40.02727812609608,0.1116202958238961,losing,40.02727812609608,0.1116202958238961,losing,358.60215053763443
pool1wm5quxelvgk8q50jyfznf9asvelp9zf0tk2wu4jazlw9yj4uctw,7038030.551558,250000.0,250000.0,0.025,340.0,340.0,False,False,3250.6931349934293,513.5741444943809,1.4321557852466993,edge,513.5741444943809,1.4321557852466993,edge,358.60215053763443
pool1wm89xjqp96t3mlun3pa5suxa3t4s5lluq239en0nxl7pcm5tprc,138090.230964,1.0,1.0,0.0,2500.0,2500.0,False,False,63.716254058637126,63.716254058637126,0.17767950906906305,losing,63.716254058637126,0.17767950906906305,losing,358.60215053763443
pool1wmyr8pp6f3rll0hdxed6e8kkxzvj9ur0ecc45sttan3fqcfldcm,10010.883882,10000.0,10000.0,0.05,340.0,340.0,False,False,4.6191250912062705,4.6191250912062705,0.012880918545192898,losing,4.6191250912062705,0.012880918545192898,losing,358.60215053763443
pool1wn7g7fs8nhqnkkzcafzucl6x6spa6rj980kkkg0rcnyajg62lur,497.625262,100.0,100.0,0.05,345.0,345.0,False,False,0.22960949387648277,0.22960949387648277,0.0006402903427440149,losing,0.22960949387648277,0.0006402903427440149,losing,358.60215053763443
pool1wngesrk9ju3x7fzmuqae49lp385k5khgmtz97rza629pwg86nlj,7.510763,0.0,0.0,0.0,340.0,340.0,False,False,0.003465543349069703,0.003465543349069703,9.664033926941e-06,losing,0.003465543349069703,9.664033926941e-06,losing,358.60215053763443
pool1wnrrg33lw9fxcn0h3x3vexh78up660ajgk7pvrlrz5kkcgh9khs,68124.921145,5000.0,5000.0,0.0,340.0,170.0,True,True,31.43414643765221,31.43414643765221,0.0876574398411291,losing,31.43414643765221,0.0876574398411291,losing,358.60215053763443
pool1wnshjhwqv9j7fgd4tkynpsqr0xczns4pghljy5j4z4qjj7qy4d4,9779.611806,1.0,1.0,0.0,340.0,340.0,False,False,4.5124135579738684,4.5124135579738684,0.012583342155669258,losing,4.5124135579738684,0.012583342155669258,losing,358.60215053763443
pool1wntxmftndrsj7y4aqles8knl3nfuyj22l83jun02yyx9s962gm3,90270.091596,70000.0,70000.0,0.01,340.0,170.0,True,True,41.654288278578925,41.654288278578925,0.11615738560443298,losing,41.654288278578925,0.11615738560443298,losing,358.60215053763443
pool1wp0yez530qyyxu6nzeej9m9f2sma2w4r54hkw7dfewtts7qqvwc,11607.436781,100.0,100.0,0.01,340.0,340.0,False,False,5.3557930063853085,5.3557930063853085,0.014935194890369825,losing,5.3557930063853085,0.014935194890369825,losing,358.60215053763443
pool1wp7vqk4mkx0w0wxzpy8avhft4qwcg60xldwem2uh9n4pw777fhz,50614.74861,1000.0,1000.0,0.03,340.0,340.0,False,False,23.354261297643475,23.354261297643475,0.06512582610737161,losing,23.354261297643475,0.06512582610737161,losing,358.60215053763443
pool1wp9p6rlpratng7rhrvyz6mcjqsl04laxxvvuu06umc5vghacqa4,17.639298,2.0,2.0,0.06,345.0,345.0,False,False,0.008138953701200349,0.008138953701200349,2.269633266001896e-05,losing,0.008138953701200349,2.269633266001896e-05,losing,358.60215053763443
pool1wpj6th0242z6l2s7zl357a6rv8s7a4lq9x0p74mev453qczweyf,6235.559617,500.0,500.0,0.005,345.0,345.0,False,False,2.8771568956840134,2.8771568956840134,0.008023256110902946,losing,2.8771568956840134,0.008023256110902946,losing,358.60215053763443
pool1wpmjtfqcwvtcs9znpuulk99yk2zz6pfh0c4k9f2xlcspgqjndk2,59074016.776533,100000.0,100000.0,0.025,340.0,340.0,False,False,27268.709955464226,1057.6628258244034,2.9494045817592056,comfortable,1057.6628258244034,2.9494045817592056,comfortable,358.60215053763443
pool1wr5ky4r3hz6hxenllvxpuncg7jya8gv89jta03059w9eqqjy6c6,410.801996,100.0,100.0,0.0,340.0,340.0,False,False,0.18954832867037588,0.18954832867037588,0.0005285755492157408,losing,0.18954832867037588,0.0005285755492157408,losing,358.60215053763443
pool1wrjg8fts9cus0eq8jyf5wqsfe64e8tvrquxgff3tyze4qal4hwq,192883.319448,1000.0,1000.0,0.018,340.0,340.0,False,False,88.99871755753252,88.99871755753252,0.24818233082010566,losing,88.99871755753252,0.24818233082010566,losing,358.60215053763443
pool1wt0pf4u2xktp0f7apveu242w6nkm4ltk3m8g039lvuhwq4zdtf3,42449320.314126,100000.0,100000.0,0.015,340.0,340.0,False,False,19594.704187851425,673.4994492750471,1.878124401276743,edge,673.4994492750471,1.878124401276743,edge,358.60215053763443
pool1wu4f8u7apml5nke7mjcvj2fvn0apfychx2957lf9gcuzxa07w6g,31289.681319,10000.0,10000.0,0.03,340.0,340.0,False,False,14.437790267483027,14.437790267483027,0.04026130419418055,losing,14.437790267483027,0.04026130419418055,losing,358.60215053763443
pool1wvezktuplgsgwxvccvaw6vyq3l8v3ecupe56apngyjuaw4jxg9u,3641.816883,2500.0,2500.0,0.04,340.0,340.0,False,False,1.6803772785057747,1.6803772785057747,0.004685909652205008,losing,1.6803772785057747,0.004685909652205008,losing,358.60215053763443
pool1wvgf640twac8y7raqfz8hlqz4sajyw2gfpcxkq80wygekcx2402,2043.866091,1000.0,1000.0,0.01,340.0,340.0,False,False,0.9430628562581377,0.9430628562581377,0.0026298304537333375,losing,0.9430628562581377,0.0026298304537333375,losing,358.60215053763443
pool1wvhd4nf6mar2x0zaek2te6lqkrckk9mxtjctezy878a3zprru7s,216520.702392,500.0,500.0,0.0,340.0,340.0,False,False,99.90508811584228,99.90508811584228,0.2785958978942528,losing,99.90508811584228,0.2785958978942528,losing,358.60215053763443
pool1ww3v7euue6vkzstk2gm5r2s9jsnj9zgtvvscfcmhwfxlzpfgap2,18083.50641,1800.0,1800.0,0.028,380.0,380.0,False,False,8.343972309501243,8.343972309501243,0.023268048719148893,losing,8.343972309501243,0.023268048719148893,losing,358.60215053763443
pool1wwjj0tcr6w9nvk0jpvnrqq9p7ukn7wux0h669wcw25t0zmx3zfh,21927.7585,1000.0,1000.0,0.0,340.0,340.0,False,False,10.117733676598611,10.117733676598611,0.02821436977282371,losing,10.117733676598611,0.02821436977282371,losing,358.60215053763443
pool1wwzctexlp70mj00vv65mlhwhwresn58s9x7jl4tswvkg77eu7n7,2857568.28488,1000.0,1000.0,0.01,340.0,340.0,False,False,1318.5169071994796,350.1241747025,0.976358268285832,losing,350.1241747025,0.976358268285832,losing,358.60215053763443
pool1wx9rs2z0nuzds7aj9dvptwcruxputh3dvvfcavnwr6hkjvly20w,103.240601,100.0,100.0,0.0,340.0,340.0,False,False,0.04763627647787152,0.04763627647787152,0.00013283879197727288,losing,0.04763627647787152,0.00013283879197727288,losing,358.60215053763443
pool1wxktpcvaceu8zcsmjk5k0nu2nldm762ra6m9ept87fcvsqucdkx,1845.225224,1800.0,1800.0,0.0,340.0,340.0,False,False,0.8514060660568802,0.8514060660568802,0.002374235806395498,losing,0.8514060660568802,0.002374235806395498,losing,358.60215053763443
pool1wxn9nsl8rvxa6r8e5eaak0ml6etfxnz2n9vqrmsw5nzgyexgkrn,30966464.157437,250000.0,250000.0,0.01,340.0,340.0,False,False,14303.056249997531,591.2305309143355,1.6487088268375774,edge,591.2305309143355,1.6487088268375774,edge,358.60215053763443
pool1wxpzjtfr79pdfs6m6vg6xmcqjh79ff9d6sgzfdpvs2q26swahew,219501.340696,129990.0,129990.0,0.015,340.0,340.0,False,False,101.30264037828562,101.30264037828562,0.28249312009536914,losing,101.30264037828562,0.28249312009536914,losing,358.60215053763443
pool1wyfau3rlkckr3clr4mkyxn9vdlrkup0fj7uyyflfccmms24gm3a,27980916.662216,300.0,300.0,0.01,340.0,340.0,False,False,12910.699061668025,465.8404207564568,1.299045251284872,edge,465.8404207564568,1.299045251284872,edge,358.60215053763443
pool1wyu23ahrnql8hc0y5jx00y2evnmw05d2rxnyqlgqq4lxs93q7ue,164244.5414,10.0,10.0,0.0,340.0,340.0,False,False,75.78412496550233,75.78412496550233,0.21133204263243527,losing,75.78412496550233,0.21133204263243527,losing,358.60215053763443
pool1wz27a9pvd2jat98s375lxaaj7qxy405km4vzp83wn5vtwp59kvh,11335715.513625,0.0,0.0,0.0,340.0,340.0,False,False,5230.415805316899,340.0,0.9481259370314842,losing,340.0,0.9481259370314842,losing,358.60215053763443
pool1wz4euuc8r3gfya335gvpxl2nuajkvkjh3d6ylm4w83wcz7lqxc6,795046.685526,3000.0,3000.0,0.01,345.0,345.0,False,False,366.84729048595466,345.3000862917519,0.9629057878600576,losing,345.3000862917519,0.9629057878600576,losing,358.60215053763443
pool1x0necz9ktlnah9505f3fkdncrlepz0q2gyfp4r7pjxnq53qw5kx,44845.026421,10000.0,10000.0,0.01,340.0,170.0,True,True,20.692626580459635,20.692626580459635,0.05770357637129673,losing,20.692626580459635,0.05770357637129673,losing,358.60215053763443
pool1x0qm7xsyh2za3ltprxsgael544je4hg8tc3q3v5gv232z8jt4wp,46718003.188504,1000.0,1000.0,0.0,340.0,340.0,False,False,21556.257285214313,340.4541345056981,0.949392339101347,losing,340.4541345056981,0.949392339101347,losing,358.60215053763443
pool1x2h98z6e5xvrg5zw3v3dlu8hqdtj6lhp6r3w5ge7rvcqcx3pafq,23266708.688218,50000.0,50000.0,0.05,340.0,340.0,False,False,10737.731538458696,881.1139991034897,2.4570795177398663,comfortable,881.1139991034897,2.4570795177398663,comfortable,358.60215053763443
pool1x4vcdmm394m9d80le2sv6wc66snp9849h2964389u4uz654lzma,1867157.436815,1.0,1.0,0.02,340.0,340.0,False,False,861.525661743563,350.43078696387687,0.977213288984724,losing,350.43078696387687,0.977213288984724,losing,358.60215053763443
pool1x5dfpgp987e4jhxvgczr3wv50nv2pwd873tlx3uthvcasm422q6,25134547.187207,50000.0,50000.0,0.02,340.0,340.0,False,False,11599.751070447928,587.1459958324313,1.6373186690379642,edge,587.1459958324313,1.6373186690379642,edge,358.60215053763443
pool1x7j89z3n7y7g8syk06nahcrwkdphhw6dymt8r3gf8ulyksrzh5t,2661629.543215,2550.0,2550.0,0.015,340.0,340.0,False,False,1228.1162977026033,354.1598498722216,0.9876121750559703,losing,354.1598498722216,0.9876121750559703,losing,358.60215053763443
pool1x7pvy3wt79xu0k4u0ef0c73treazhkdw3786dgh0yfac2r3qhnk,1027.02761,1000.0,1000.0,0.0,340.0,340.0,False,False,0.47388116141013115,0.47388116141013115,0.0013214677064810254,losing,0.47388116141013115,0.0013214677064810254,losing,358.60215053763443
pool1x89ssjp53eczthatft9w74749558nsz3pq5jn056634pgt5m58s,71309.660948,100.0,100.0,0.0,340.0,170.0,True,True,32.90302516793764,32.90302516793764,0.0917535634368276,losing,32.90302516793764,0.0917535634368276,losing,358.60215053763443
pool1x96hyvvamshl5ymcpdshz4ymqjp33vvz9s8dx06xxwpzzkhgra7,106.115657,0.0,0.0,0.01,340.0,340.0,False,False,0.04896285628351099,0.04896285628351099,0.00013653809998100515,losing,0.04896285628351099,0.00013653809998100515,losing,358.60215053763443
pool1x9ar8wy7ljw83ppe6y9p6h2yskrmf5dfa0td36ypk6vtgqzwqh7,6008.222335,5754.0,5754.0,0.025,340.0,340.0,False,False,2.77225843888524,2.77225843888524,0.007730735676651493,losing,2.77225843888524,0.007730735676651493,losing,358.60215053763443
pool1x9tc05u8dqefrdyw9pgxn72szr7p2peyd7xgqs3l28s76f59c0y,7.900602,0.0,0.0,1.0,340.0,340.0,False,False,0.003645419075897721,0.003645419075897721,1.0165636403552864e-05,losing,0.003645419075897721,1.0165636403552864e-05,losing,358.60215053763443
pool1xa7zku52cj6aagevv5z685jm2ljhpqsekrrcrulpmkqrknnt2kz,2062.083345,100.0,100.0,0.015,340.0,340.0,False,False,0.9514668554861262,0.9514668554861262,0.002653265893859362,losing,0.9514668554861262,0.002653265893859362,losing,358.60215053763443
pool1xamkqfkkfm4eldv88jhdcm5uzs8kd3p776e789hqv8yfzjgqh9s,1.434673,0.0,0.0,0.075,340.0,340.0,False,False,0.0006619728878730268,0.0006619728878730268,1.8459813664825034e-06,losing,0.0006619728878730268,1.8459813664825034e-06,losing,358.60215053763443
pool1xaudqyen24fz02vhu9qa2ry44suzfk8z3lh7sc6qx7c3gpweww2,1257871.510064,2000.0,2000.0,0.0,340.0,170.0,True,True,580.3996885002871,340.38223250399886,0.9491918327697719,losing,170.6525303820251,0.4758826184566217,losing,358.60215053763443
pool1xaxps54m30n35fegcweum3c86pr7xp2mmcvfsd007v9ps9xu8js,9725.740098,0.0,0.0,0.025,340.0,340.0,False,False,4.487556578659774,4.487556578659774,0.012514025841539999,losing,4.487556578659774,0.012514025841539999,losing,358.60215053763443
pool1xc6la5z92seku86c4rdnuvxjdc3fh8pdtanlgxdy99cxjrkhzkd,28155341.717193,50000.0,50000.0,0.2,340.0,340.0,False,False,12993.867257893267,2888.750668669457,8.055586572301634,strong,2888.750668669457,8.055586572301634,strong,358.60215053763443
pool1xcn2yddehm5ncjx0p24vkguth4rta7zv3getcztflxs3kh9rexd,1188183.16107,314.0,314.0,0.01,340.0,340.0,False,False,548.240656209144,342.1368878007675,0.9540848745268778,losing,342.1368878007675,0.9540848745268778,losing,358.60215053763443
pool1xdcg6kg0g4y3wqf92f8uh44urz06suglhff036k5yak2g0m8zlc,57270.453587,32000.0,32000.0,0.0314,340.0,340.0,False,False,26.426732519604677,26.426732519604677,0.07369373686126642,losing,26.426732519604677,0.07369373686126642,losing,358.60215053763443
pool1xdgzul0qespnz56zzrckwf4hcryyql9ypc4tya2dlu9a22h43ag,382418.04138,5000.0,5000.0,0.01,340.0,340.0,False,False,176.4552474036356,176.4552474036356,0.4920641082020423,losing,176.4552474036356,0.4920641082020423,losing,358.60215053763443
pool1xdwe294ntvnken52vsaar7edxpxeths4dvsm84pm4chyq70r0ny,50432.524478,50000.0,50000.0,0.2,340.0,340.0,False,False,23.270130776890277,23.270130776890277,0.06489121925789491,losing,23.270130776890277,0.06489121925789491,losing,358.60215053763443
pool1xftlxx9slpz59thcgtwgdj3k9e0ntn3p4qnmzs3r84dkx0hccjc,30834327.062851,1000.0,1000.0,0.05,340.0,340.0,False,False,14227.335116846169,1034.7946221075301,2.8856341785907134,comfortable,1034.7946221075301,2.8856341785907134,comfortable,358.60215053763443
pool1xgqwmz4nydmn6ng6vsen5rtehy7u3uaytsml3q2pudp3w35uaxu,12531.608666,2.0,2.0,0.06,340.0,340.0,False,False,5.782213262134521,5.782213262134521,0.016124312844932844,losing,5.782213262134521,0.016124312844932844,losing,358.60215053763443
pool1xj5f7a79lnc9v0gjn00fkf2lyzexngka59tpcew5rrkyqveagpt,1004772.225685,1000.0,1000.0,0.0185,340.0,340.0,False,False,463.6141753458279,342.4076133056812,0.9548398212122443,losing,342.4076133056812,0.9548398212122443,losing,358.60215053763443
pool1xjhzgchsl2ccvc5pj3aqytv9hh0jnaz63wtfnw4th07tjypm46x,60618415.265546,100000.0,100000.0,0.0,340.0,170.0,True,True,27981.60856019835,385.5993586092792,1.075284568235771,edge,215.87980144048038,0.6020036441968418,losing,358.60215053763443
pool1xjqjwe0t7uw7wfdygvt99e5wjcuz6ex6rcx2p067aqxp6tsgwgm,19334994.164527,100.0,100.0,0.3,340.0,340.0,False,False,8921.36901971137,2914.4417737185663,8.127228934207695,strong,2914.4417737185663,8.127228934207695,strong,358.60215053763443
pool1xk0nt3wmlyfp0pycsd2hwyz5l6uusttp68etzgnvaf2ysc4f3hx,308950.401091,50000.0,50000.0,0.0,340.0,340.0,False,False,142.57780064738964,142.57780064738964,0.39759326717263077,losing,142.57780064738964,0.39759326717263077,losing,358.60215053763443
pool1xk3ck79lra9c9x5c684lylvg8vlexmh0eh7w90t6s0zvw6k5vn7,35226.699474,0.0,0.0,0.075,340.0,340.0,False,False,16.253961690949097,16.253961690949097,0.04532589017266165,losing,16.253961690949097,0.04532589017266165,losing,358.60215053763443
pool1xlfty06hg6q23qvcaxwv3p9ke7ff9n34qpr8tpxt2zflyq20ceh,11932859.087082,25000.0,25000.0,0.004,340.0,340.0,False,False,5506.516370259139,371.446906575416,1.035818959865478,edge,371.446906575416,1.035818959865478,edge,358.60215053763443
pool1xlgmew766a2ndakrn4sn63t00sf5z99w4ncd7k75r5thxqyln92,7395.261117,100.0,100.0,0.015,345.0,345.0,False,False,3.412250993664353,3.412250993664353,0.009515422561043022,losing,3.412250993664353,0.009515422561043022,losing,358.60215053763443
pool1xlphlhnjvfeh40vcqf9fdewztsj6kyxq6604kaccpv00umjfu0d,47552839.725006,500000.0,500000.0,0.05,340.0,340.0,False,False,21986.904916598854,1638.5737590974154,4.569336119821878,comfortable,1638.5737590974154,4.569336119821878,comfortable,358.60215053763443
pool1xmsdhync6k6grkkj7tuycskjpseykpr24luhlazl5nsngsy87gm,43001362.679539,1000.0,1000.0,0.04,400.0,400.0,False,False,19841.35395915013,1178.0881841418827,3.28522342204483,comfortable,1178.0881841418827,3.28522342204483,comfortable,358.60215053763443
pool1xn4kqt45xh3udf87kmtkdfz8xh9qn6trlqsf39eusk23ufmxhgr,58058278.241253,5.0,5.0,0.02,340.0,340.0,False,False,26788.68767500554,868.9759857152839,2.4232313844534152,comfortable,868.9759857152839,2.4232313844534152,comfortable,358.60215053763443
pool1xn63858ej0gcs4tkjm2e3a2fgjrecfxtvzq3465ypl8ywkx7gcv,4574501.889166,0.0,0.0,0.05,340.0,340.0,False,False,2110.722252493658,428.5361126246829,1.195018245100315,edge,428.5361126246829,1.195018245100315,edge,358.60215053763443
pool1xn6rwtc6m7hnf66006uk3r0yp3yt5cq7u95esu3xg4mk52cva8w,500.624074,500.0,500.0,0.03,340.0,340.0,False,False,0.23099310077610685,0.23099310077610685,0.0006441486768269246,losing,0.23099310077610685,0.0006441486768269246,losing,358.60215053763443
pool1xnaxushl47aeha3mr3uwnxcfkvzj0um6c4zxdr064d3y68z646c,100333.927932,0.0,0.0,0.04,340.0,170.0,True,True,46.295106985905626,46.295106985905626,0.12909879909113112,losing,46.295106985905626,0.12909879909113112,losing,358.60215053763443
pool1xpfe5q3v3axrjdc8h38taaa93frq3m9pfewxk46x4r6jgy2yj5n,1579.036646,100.0,100.0,0.03,340.0,340.0,False,False,0.7285840442025288,0.7285840442025288,0.002031733616516797,losing,0.7285840442025288,0.002031733616516797,losing,358.60215053763443
pool1xply0kq63yvhwl6v090yuf4mxwrq37rse75w69ddw4k7sxwnxd8,155.543044,100.0,100.0,0.99,345.0,345.0,False,False,0.07176917202808024,0.07176917202808024,0.0002001359219973452,losing,0.07176917202808024,0.0002001359219973452,losing,358.60215053763443
pool1xppj5zu9kmuqk05u6dtd3dmtj7fl25cvjyzsc95gmfyjywaslnp,50013499.44299,100000.0,100000.0,0.025,340.0,340.0,False,False,23086.350149233043,953.0021642949727,2.6575472647505984,comfortable,953.0021642949727,2.6575472647505984,comfortable,358.60215053763443
pool1xqhn3wdee79vupy9nzpt0r5gtnkp3m5gsvh8yeezfs4js9c2050,278621.552721,0.0,0.0,0.02,340.0,340.0,False,False,128.55885200208488,128.55885200208488,0.35849994711226063,losing,128.55885200208488,0.35849994711226063,losing,358.60215053763443
pool1xrrrr8gldqz8pjxj6j8c638a9py04xuv66kfgn2dlsx9g52te0t,22524135.475468,50000.0,50000.0,0.05,340.0,340.0,False,False,10395.029204360235,863.9559982446677,2.4092326187932263,comfortable,863.9559982446677,2.4092326187932263,comfortable,358.60215053763443
pool1xru6f3fflzwkptgm68pncrsncg9ngllv0jk8jnz40m7wusfhazk,67229858.267574,0.0,0.0,0.01,340.0,340.0,False,False,31020.548535227357,646.8054853522735,1.803685461402142,edge,646.8054853522735,1.803685461402142,edge,358.60215053763443
pool1xs34q2z06a46nk7hl48d27dj5gzc6hh9trugw2ehs9ajsevqffx,4114131.264727,5000.0,5000.0,0.0,340.0,170.0,True,True,1898.3419999181588,341.89388949895545,0.9534072480780467,losing,172.10049447709204,0.47992041938139607,losing,358.60215053763443
pool1xt0gxs63r5vgjsrzhm7jfuhuqzga9pf8kqvp38qmdzn3wjxudvr,2.228964,1e-06,1e-06,0.015,345.0,345.0,False,False,0.0010284669301262512,0.0010284669301262512,2.8679887406818998e-06,losing,0.0010284669301262512,2.8679887406818998e-06,losing,358.60215053763443
pool1xt0z35f0ms6xt5r8swhtd2xcymqxvk42m8fk5q8fnw8hjhr6yax,97.510309,50.0,50.0,0.01,340.0,340.0,False,False,0.044992264715726905,0.044992264715726905,0.00012546568571402105,losing,0.044992264715726905,0.00012546568571402105,losing,358.60215053763443
pool1xtrwqwu6jn896szjwsyxxjczl6hc9sq4lh5ax68f7dt3gc0y9rx,5410493.572337,2500.0,2500.0,0.04,340.0,340.0,False,False,2496.4834055790748,427.2159144177757,1.1913367328591646,edge,427.2159144177757,1.1913367328591646,edge,358.60215053763443
pool1xwqye6mlftwjg706acz5fjqz7gmf4qdye99zsjl03a4ru68ghee,2731099.335795,100000.0,100000.0,0.02,340.0,170.0,True,True,1260.663770556386,391.4494408599623,1.0915981409288302,edge,230.94954852783312,0.6440272267792647,losing,358.60215053763443
pool1xwy9ulstsdfwuh0q0jc76hjalvmh2mfal004ep6ka38k5z4zmh3,8490.580319,5000.0,5000.0,0.02,345.0,345.0,False,False,3.9176746946473306,3.9176746946473306,0.010924849973079511,losing,3.9176746946473306,0.010924849973079511,losing,358.60215053763443
pool1xxhs2zw5xa4g54d5p62j46nlqzwp8jklqvuv2agjlapwjx9qkg9,23462084.687849,0.0,0.0,0.015,340.0,340.0,False,False,10825.647347051854,497.2847102057778,1.3867309759861268,edge,497.2847102057778,1.3867309759861268,edge,358.60215053763443
pool1xxjcu9djguspkrctjgszvzcagy7pzy8vxqfaqtl5xy9824fz2qg,1007.62073,1000.0,1000.0,0.03,340.0,340.0,False,False,0.464926589941556,0.464926589941556,0.001296496937468207,losing,0.464926589941556,0.001296496937468207,losing,358.60215053763443
pool1xxvcz8dem4xufzn74v2y7fs709mfw3tpq963thzg5en5jrkv67a,1850404.409164,100000.0,100000.0,0.03,340.0,340.0,False,False,854.1325618960441,382.3753061214109,1.0662939571001864,edge,382.3753061214109,1.0662939571001864,edge,358.60215053763443
pool1xytvsd9qnvqxpthh9p8k85e823trvn3npxeur8kr9zhkqz5uls9,71794566.499707,250000.0,250000.0,0.0,340.0,340.0,False,False,33161.248968155654,454.2887636499957,1.2668322344662548,edge,454.2887636499957,1.2668322344662548,edge,358.60215053763443
pool1xzpjn9f5nk52lnfzskuxey3r3h5fh8z78389qsd6vwyfcqum796,101.376006,100.0,100.0,0.0,340.0,340.0,False,False,0.04677593279605839,0.04677593279605839,0.00013043963268466056,losing,0.04677593279605839,0.00013043963268466056,losing,358.60215053763443
pool1y0lq6rjckxxly36gf3wdsxzjzg97mq9c90una3vfq8pu77g7zkf,414355.919133,22629.391454,22629.391454,0.0,340.0,340.0,False,False,191.20512901912284,191.20512901912284,0.533195712107299,losing,191.20512901912284,0.533195712107299,losing,358.60215053763443
pool1y0mz6yevqk34gk4tml37a62h69tg59sfz6vslzv4sf5fvsjhvpw,190342.698906,50000.0,50000.0,0.02,345.0,345.0,False,False,87.83957998046772,87.83957998046772,0.24494995316892046,losing,87.83957998046772,0.24494995316892046,losing,358.60215053763443
pool1y0s5vwg2rdvfnynyhhgh08hdrd74p6rfhwxzvrxvfnrvjuddyf2,191392.950818,0.0,0.0,0.0,340.0,170.0,True,True,88.31067732614446,88.31067732614446,0.24626365791098753,losing,88.31067732614446,0.24626365791098753,losing,358.60215053763443
pool1y24nj4qdkg35nvvnfawukauggsxrxuy74876cplmxsee29w5axc,14666297.051218,130000.0,130000.0,0.04,340.0,340.0,False,False,6770.819076013791,651.9545662253488,1.818044217659893,edge,651.9545662253488,1.818044217659893,edge,358.60215053763443
pool1y44fkeps7ftnnf495a7grfrwtt7hxcntaenyzu4x4vah5cud0mt,31543.206527,340.0,340.0,0.02,340.0,340.0,False,False,14.554380525510467,14.554380525510467,0.04058642845194823,losing,14.554380525510467,0.04058642845194823,losing,358.60215053763443
pool1y49e700dnx8lpvznmysgzw203mjq6l7um85ka4ys6x0zcwgs77w,15833116.168693,20000.0,20000.0,0.03,340.0,340.0,False,False,7306.170782916537,557.5206329695652,1.5547052133783976,edge,557.5206329695652,1.5547052133783976,edge,358.60215053763443
pool1y53awxsm6cmksp8qht8qfq5f5c69t6mrgrdcresk5y0ecv2yj93,13128554.905289,175369.0,175369.0,0.02,340.0,340.0,False,False,6062.027138883218,529.3457292865209,1.4761365164511675,edge,529.3457292865209,1.4761365164511675,edge,358.60215053763443
pool1y7wn47wcnqnp5xvxp67qtmkhjyzfzhc94k0kjc94xrp6y0wyaxe,105543.408845,2.0,2.0,0.06,345.0,345.0,False,False,48.69881550091168,48.69881550091168,0.13580179435036838,losing,48.69881550091168,0.13580179435036838,losing,358.60215053763443
pool1y8g5sk4maqzpg6k04t0e8x296xtumuph7k4ya8rsfqh9xhc5a7h,720.825229,100.0,100.0,0.05,345.0,345.0,False,False,0.33259629872651686,0.33259629872651686,0.0009274799334802418,losing,0.33259629872651686,0.0009274799334802418,losing,358.60215053763443
pool1y9rdlv5tksudwrx47afjx47grd4tyh24zccffjtp32u0cfpegvk,22175752.482414,100.0,100.0,0.05,340.0,340.0,False,False,10232.124690702754,834.6486119852992,2.3275058745017336,comfortable,834.6486119852992,2.3275058745017336,comfortable,358.60215053763443
pool1yaapy9ew5cs3qvv69zxxwq8pn3jk8cylt9k7s4ejvv2tsu4czh2,1612981.391896,100.0,100.0,0.01,340.0,340.0,False,False,744.2465250437954,344.0672766997085,0.9594679680081826,losing,344.0672766997085,0.9594679680081826,losing,358.60215053763443
pool1yam2wu7nw384zjtset09u4ef75uy840mjru39nuhm0xaqj8lw78,18699.129294,10000.0,10000.0,0.039,340.0,340.0,False,False,8.628137955881472,8.628137955881472,0.024060474659579518,losing,8.628137955881472,0.024060474659579518,losing,358.60215053763443
pool1yc6f3cqsc7jfh07hcns64v5cp8720mve870pgxf2wkr3u8l7tse,30160895.394179,300000.0,300000.0,0.0,340.0,170.0,True,True,13933.837865803256,475.2132059225288,1.3251822533971567,edge,306.9041371542934,0.8558346253478046,losing,358.60215053763443
pool1ydf0337sh8ct7ke59sf46ke9eygyj80wc9zqhkwjw7v6vmlxp59,7936.558332,2.0,2.0,0.06,345.0,345.0,False,False,3.6620097280461392,3.6620097280461392,0.010211901190653402,losing,3.6620097280461392,0.010211901190653402,losing,358.60215053763443
pool1ydgmfmxpuateqwz028lpgypsdchs5m0tzes732qdragdg4jp0uf,39.983004,26.0,26.0,0.002,340.0,340.0,False,False,0.01844857024995571,0.01844857024995571,5.144578810332477e-05,losing,0.01844857024995571,5.144578810332477e-05,losing,358.60215053763443
pool1ydmetputlff49n9ry5qjupemx3xwxdapm46je574afxdcy0907y,54486188.634233,100000.0,100000.0,0.085,340.0,340.0,False,False,25150.955823565382,2490.596894863358,6.9452926903236065,strong,2490.596894863358,6.9452926903236065,strong,358.60215053763443
pool1ydz2znwyh3409v55r3psgc70w2ykvqjkkagx3f5ep96vgp0vlmr,17853.779131,10000.0,10000.0,0.01,340.0,340.0,False,False,8.238068440356342,8.238068440356342,0.022972724586301042,losing,8.238068440356342,0.022972724586301042,losing,358.60215053763443
pool1ye4zrxf0w7d7drq5wmat36dlzq270dxy9rhgcwufnaja644vwr9,50894725.028142,1000.0,1000.0,0.03,340.0,340.0,False,False,23483.447756706748,1034.7445225059237,2.8854944705562486,comfortable,1034.7445225059237,2.8854944705562486,comfortable,358.60215053763443
pool1ye53d6kl460egekdnunjl4tx5zhs5puze8nqkfxyjuae7364w74,135569.726399,0.0,0.0,0.06,345.0,345.0,False,False,62.55326704587188,62.55326704587188,0.17443639685955276,losing,62.55326704587188,0.17443639685955276,losing,358.60215053763443
pool1yechqtexl9r7esg5scwynqalmjrpd5l69wkwrrw54y0x26eljpq,405046.429805,100.0,100.0,0.03,340.0,170.0,True,True,186.89266928628467,186.89266928628467,0.5211699623275704,losing,170.51082551338365,0.47548745945261406,losing,358.60215053763443
pool1yenqraf3znn07qmvtd8wg23fymsr0vsme7ry2475r48vk6ss0z2,8556.906986,5000.0,5000.0,0.0,340.0,340.0,False,False,3.9482791388825462,3.9482791388825462,0.011010193700631988,losing,3.9482791388825462,0.011010193700631988,losing,358.60215053763443
pool1yet04d4ykpp7me8uc2jx2glxrx88kt9uhmv6jeh7xkmtu5zucna,2307842.361618,100.0,100.0,0.0,340.0,170.0,True,True,1064.8626615446806,340.0314086730359,0.9482135234360521,losing,170.03877486072824,0.47417109631327514,losing,358.60215053763443
pool1yfacynd0va3rw27tjldfz05f6hfjhfv36wwdhn3dy2hfqq00w8y,237639.038331,50000.0,50000.0,0.01,340.0,340.0,False,False,109.66714612069349,109.66714612069349,0.30581842846250357,losing,109.66714612069349,0.30581842846250357,losing,358.60215053763443
pool1yff3j4xqhmunrccjsdh0u9qxrws7xdqhagjx5lqktklwj67u5s3,128952.780159,25000.0,25000.0,0.02,340.0,340.0,False,False,59.505137054359395,59.505137054359395,0.16593636419956292,losing,59.505137054359395,0.16593636419956292,losing,358.60215053763443
pool1ygrwdlhn46gehyay2duxp8ynh57drxg0lgf9huymxlpvukdv0k6,2.625614,0.0,0.0,0.02,340.0,340.0,False,False,0.0012114853224531649,0.0012114853224531649,3.3783548722082256e-06,losing,0.0012114853224531649,3.3783548722082256e-06,losing,358.60215053763443
pool1ygsyw93csvam58nf63gttknj9dvj3zxh54h4eh0kals7kdf0nx6,1118675.673055,1000.0,1000.0,0.0,340.0,170.0,True,True,516.1706171845857,340.15748140540455,0.9485650905757907,losing,170.3094468088675,0.47492589364991533,losing,358.60215053763443
pool1yjlmvfck6a2mhup4ljel06r635e9lhs0qsrzu6f2luepvsd42lv,724198.267836,100000.0,100000.0,0.0,340.0,170.0,True,True,334.2726989737272,334.2726989737272,0.9321547527603187,losing,192.68338744645106,0.5373179919796086,losing,358.60215053763443
pool1yjz9nhtlvnl9rx46t2kfufwxd338m0kw0jxaj86pqfthse837z8,5009.06014,5000.0,5000.0,0.01,340.0,340.0,False,False,2.3112319923178815,2.3112319923178815,0.00644511470121628,losing,2.3112319923178815,0.00644511470121628,losing,358.60215053763443
pool1yl76e0fhq0kcfy2jqs2mt6hl9xeyrnesehqp0p4s896lwv7hrta,9686607.014843,50000.0,50000.0,0.01,340.0,340.0,False,False,4470.42689986967,402.41136369452323,1.1221666213970212,edge,402.41136369452323,1.1221666213970212,edge,358.60215053763443
pool1ylhh4u260wz52zpct0ce8txh8alm0zmjaf4fn69yz09xs68y70v,1.434673,0.0,0.0,0.075,340.0,340.0,False,False,0.0006619728878730268,0.0006619728878730268,1.8459813664825034e-06,losing,0.0006619728878730268,1.8459813664825034e-06,losing,358.60215053763443
pool1ylkps8vax4nzxe507a0mx2svu3p8w2mkvdhyjqu7rl78q9rehh9,464.851879,100.0,100.0,0.0,340.0,340.0,False,False,0.21448751135711963,0.21448751135711963,0.0005981210961382946,losing,0.21448751135711963,0.0005981210961382946,losing,358.60215053763443
pool1ymfwzsxt35g3gdgp67yr688456km59twr78j05e87y94w04tj9m,664097.110479,87000.0,87000.0,0.02,340.0,340.0,False,False,306.51787498308977,306.51787498308977,0.8547574924565922,losing,306.51787498308977,0.8547574924565922,losing,358.60215053763443
pool1ynxx88cq0y8vg8yrq3jrw6epm7rq9a8859v34sq9lzjy7ztg90u,59561207.015494,1000.0,1000.0,0.04,400.0,400.0,False,False,27482.268398502983,1483.7272445161761,4.137530247076593,comfortable,1483.7272445161761,4.137530247076593,comfortable,358.60215053763443
pool1yp85j5tmfwwlj8hmsxcrp2dnxuu0fu858qvl6tpeedpckt9zvkj,2138.724602,2.0,2.0,0.06,345.0,345.0,False,False,0.9868295513576064,0.9868295513576064,0.002751878509033205,losing,0.9868295513576064,0.002751878509033205,losing,358.60215053763443
pool1yr0cv3dtmhcfgqa6yetvmf769ngk89e6tepecmjrmjl2jzcw2lm,19802444.795406,200000.0,200000.0,0.0,340.0,170.0,True,True,9144.608189487577,428.92445635329,1.196101182634362,edge,260.6414160696927,0.7268261377655598,losing,358.60215053763443
pool1yrqqa03ea5fdh5hnap99k4actjtj6ypeeauuwrvf8d3zw9ywvye,304809.404494,100000.0,100000.0,0.0,340.0,340.0,False,False,140.6816422325258,140.6816422325258,0.3923056290142398,losing,140.6816422325258,0.3923056290142398,losing,358.60215053763443
pool1yrycp4fjyd0al60xw826jdju35zazqmfny53r07efucuvlvnej7,13118.010042,10000.0,10000.0,0.01,340.0,340.0,False,False,6.052844807549023,6.052844807549023,0.01687899751430462,losing,6.052844807549023,0.01687899751430462,losing,358.60215053763443
pool1ys6fndfj9r6e2waeqmy27raejcqzm4u8ztjrp2naz95kgwyv9qu,156394.264949,2.0,2.0,0.06,340.0,340.0,False,False,72.16192406043601,72.16192406043601,0.20123115255234028,losing,72.16192406043601,0.20123115255234028,losing,358.60215053763443
pool1ysf2cvvju686v9uu5w5yel9ssznsqln633y43hyu93xhyghspxs,105.667598,100.0,100.0,0.0,340.0,170.0,True,True,0.04875611833882761,0.04875611833882761,0.00013596158937064371,losing,0.04875611833882761,0.00013596158937064371,losing,358.60215053763443
pool1yt868wrp9s2x5pehe96del9m3nwasme62yw02vww3kg6zwzspcz,62658363.657799,100.0,100.0,0.0,340.0,340.0,False,False,28911.225915387007,340.04559842333487,0.948253093054577,losing,340.04559842333487,0.948253093054577,losing,358.60215053763443
pool1ytfsdx0zjdum8qwrk6urv6u6gxvlnd3r93j8p8ckj57wz3aaudu,5805.804939,100.0,100.0,0.0,342.0,342.0,False,False,2.6788592489363303,2.6788592489363303,0.007470282163450636,losing,2.6788592489363303,0.007470282163450636,losing,358.60215053763443
pool1ytszp582dm9u5un6mevt9czgcnuqhflwfr9ly4ukpeqcughryqh,4212066.216889,800000.0,800000.0,0.02,340.0,340.0,False,False,1948.8090618368512,671.6269114799293,1.872902631713146,edge,671.6269114799293,1.872902631713146,edge,358.60215053763443
pool1ytyw34lckr8k9dhn59h287wqry5lk6waqtfhxe6v94v4gsaa7vx,147532.844463,10000.0,10000.0,0.01,340.0,340.0,False,False,68.07581663252768,68.07581663252768,0.18983661009970235,losing,68.07581663252768,0.18983661009970235,losing,358.60215053763443
pool1yv4s4v3rjgzfwj4zxm8sy24e2vq6zaexp8eudyrk9rx7yhwaxke,12021.113428,10000.0,10000.0,0.025,340.0,340.0,False,False,5.54670433519646,5.54670433519646,0.01546757130954335,losing,5.54670433519646,0.01546757130954335,losing,358.60215053763443
pool1yv8lps0rx4xxppwpm0vea852wwu6lg78xh3qfss7dmftq2gqy3r,544.222702,100.0,100.0,0.0055,340.0,340.0,False,False,0.2511100412300188,0.2511100412300188,0.0007002468915859594,losing,0.2511100412300188,0.0007002468915859594,losing,358.60215053763443
pool1yvf4nxph69ztm0tgj73ummxq45kfjhecyad26e3xc2002xgzalg,31654180.06055,500.0,500.0,0.03,340.0,340.0,False,False,14605.594884707412,768.186421576363,2.1421690316822115,comfortable,768.186421576363,2.1421690316822115,comfortable,358.60215053763443
pool1yvwry5gmqta5tug7gjmfr33c2whdjf88tfykqckaxsdcgcd482q,23588.495903,1000.0,1000.0,0.025,340.0,340.0,False,False,10.884018198670134,10.884018198670134,0.030351235156711315,losing,10.884018198670134,0.030351235156711315,losing,358.60215053763443
pool1yw8qh0jnnl6eumgzt77fulfhgmyzda39zcndgvyc27ffu6jeh5w,4.613646,3.0,3.0,0.01,340.0,340.0,False,False,0.0021287837574084866,0.0021287837574084866,5.936338513912721e-06,losing,0.0021287837574084866,5.936338513912721e-06,losing,358.60215053763443
pool1ywpt43nttzjd7883wafg255mh0hmjypwe65ercw6p2sxg5lt7ez,46865012.755268,1000.0,1000.0,0.04,400.0,400.0,False,False,21624.089294901212,1249.3983337757263,3.484079311578487,comfortable,1249.3983337757263,3.484079311578487,comfortable,358.60215053763443
pool1ywt7jqfsmxg0yplku4mtdwtm476rp72z6fns9mhevf7u72pkupj,1252119.188801,1000000.0,1000000.0,0.03,340.0,340.0,False,False,578.2586713879748,531.7235683501549,1.4827673720109267,edge,531.7235683501549,1.4827673720109267,edge,358.60215053763443
pool1yxkhe2zp9rccyc3a79lxev5u585r3z0qqyl3qpx0t04hxhmlqgp,3203067.630101,2.0,2.0,0.06,340.0,340.0,False,False,1477.92838285462,408.27637086393725,1.1385218138034832,edge,408.27637086393725,1.1385218138034832,edge,358.60215053763443
pool1yyv7vx5zhhsd60jp4tl72vpznwvpvjp35m4z7jr42ugkxmndyv5,1767490.115726,5000.0,5000.0,0.02,340.0,340.0,False,False,815.5550692155381,350.8294792459029,0.9783250845537922,losing,350.8294792459029,0.9783250845537922,losing,358.60215053763443
pool1yz3fnqnsqhqpkc2tjqn4dkws8nnr8a5kcs50g780nh0wk8tgnp2,192824.706212,100.0,100.0,0.005,340.0,340.0,False,False,88.97134104249433,88.97134104249433,0.24810598851430202,losing,88.97134104249433,0.24810598851430202,losing,358.60215053763443
pool1yzd344e32exxzjnjet4l466zcfnte5rnzveywvztxdxug2yu7m4,50678.980281,41000.0,41000.0,0.02,340.0,340.0,False,False,23.384568090460093,23.384568090460093,0.06521033980248242,losing,23.384568090460093,0.06521033980248242,losing,358.60215053763443
pool1yztpevpmfyyz2eu4dklmgfx8g0q0vme7ppdsnawcpnwxs3vfxy7,44.454085,2.0,2.0,0.06,340.0,340.0,False,False,0.020511572504210655,0.020511572504210655,5.719868794277634e-05,losing,0.020511572504210655,5.719868794277634e-05,losing,358.60215053763443
pool1yzu4lp7f8ua7negffj8mmwfylx4ckhsu00a4gtf630rlcwnl7gd,16243633.774098,50000.0,50000.0,0.2,340.0,340.0,False,False,7496.537102284531,1788.930415906844,4.988621549605292,comfortable,1788.930415906844,4.988621549605292,comfortable,358.60215053763443
pool1z033qtxzsn7c9az4fzz8z0ewnynzcuq2dy54v6tfyqz5vfjkmv0,1313.172885,100.0,100.0,0.02,340.0,340.0,False,False,0.6059117175045453,0.6059117175045453,0.0016896488674039793,losing,0.6059117175045453,0.0016896488674039793,losing,358.60215053763443
pool1z075ym5pdu9cmeqzassp97z36ctkvuvg7pcxjzluyv5zqgau4xg,32442.452217,5000.0,5000.0,0.012,340.0,340.0,False,False,14.96954509590514,14.96954509590514,0.041744158738206236,losing,14.96954509590514,0.041744158738206236,losing,358.60215053763443
pool1z0f60shmc83ppn5h4sdrjuauf0yaq0ma8yr9gkse0qhh56q49af,3705467.914401,10.0,10.0,1.0,340.0,340.0,False,False,1709.74110364745,1709.74110364745,4.767793782285243,comfortable,1709.74110364745,4.767793782285243,comfortable,358.60215053763443
pool1z39sker5renxhep9m7z8aae2yh56940gwykptfcf053473mwy8t,607413.771062,50000.0,50000.0,0.01,340.0,340.0,False,False,280.32057371775346,280.32057371775346,0.781703548898083,losing,280.32057371775346,0.781703548898083,losing,358.60215053763443
pool1z44fjvz77atzgwcwmwtls7skggnczlx8e30pugqn6ugajjrzgc3,27.624822,1.0,1.0,0.05,340.0,340.0,False,False,0.012746377236997598,0.012746377236997598,3.554462018113273e-05,losing,0.012746377236997598,3.554462018113273e-05,losing,358.60215053763443
pool1z4d4s883ul7h6vsrmg9s3t64df2vcx02h8tqtm8sq5yqw62pu44,1338.969238,580.0,580.0,0.0,340.0,340.0,False,False,0.6178150331864001,0.6178150331864001,0.0017228425213293914,losing,0.6178150331864001,0.0017228425213293914,losing,358.60215053763443
pool1z5h4jhmhqrd2ndrhn3w7kr8nvcqwunds53hrs6vpzr882x4n3la,102.2287,100.0,100.0,0.035,345.0,345.0,False,False,0.047169374747484824,0.047169374747484824,0.0001315367871519067,losing,0.047169374747484824,0.0001315367871519067,losing,358.60215053763443
pool1z5uqdk7dzdxaae5633fqfcu2eqzy3a3rgtuvy087fdld7yws0xt,63829504.08634,50000.0,50000.0,0.009,340.0,340.0,False,False,29457.72361710472,624.6632163721005,1.7419394039761722,edge,624.6632163721005,1.7419394039761722,edge,358.60215053763443
pool1z724xxqgzf9a30eejsa4edznmv8hgy27ssxqfcpqz42sc6lfqwu,605439.279105,10000.0,10000.0,0.02,340.0,340.0,False,False,279.3673605801507,279.3673605801507,0.7790454133119644,losing,279.3673605801507,0.7790454133119644,losing,358.60215053763443
pool1z7n2ruhmxmv77f6cqhd3wsy6774h2wuay77agxuf2y9mj8q55vw,69015552.867321,50000.0,50000.0,0.01,340.0,340.0,False,False,31851.118627152053,677.7118944777225,1.8898712499678616,edge,677.7118944777225,1.8898712499678616,edge,358.60215053763443
pool1z8rxpwrukslywg9s2wy4kvfhknqg7dnah5pszf7fcm0fu2valeh,512.003973,2.0,2.0,0.06,345.0,345.0,False,False,0.23624390465416067,0.23624390465416067,0.0006587910984358903,losing,0.23624390465416067,0.0006587910984358903,losing,358.60215053763443
pool1zc5l0d0j9d0969z7ssphjdq7rfexhnhrfdp2e88sv05ujlaxfk3,236741.171164,1.0,1.0,0.999999999999999,340.0,340.0,False,False,109.23481337327449,109.23481337327449,0.3046128228999858,losing,109.23481337327449,0.3046128228999858,losing,358.60215053763443
pool1zc7vxe3ymyej76h8wu8gm79chtt7w9c3adkza4uhrjvagr9w4zp,14419680.566663,5000.0,5000.0,0.025,340.0,340.0,False,False,6653.527556345585,499.9726638503621,1.3942266188330936,edge,499.9726638503621,1.3942266188330936,edge,358.60215053763443
pool1zcdptx4spapxquc0rpeu33ucc3x08g9wxsmm0qchqg0dgxrh6g7,516.425793,100.0,100.0,0.01,340.0,340.0,False,False,0.2382842559886744,0.2382842559886744,0.0006644808337915057,losing,0.2382842559886744,0.0006644808337915057,losing,358.60215053763443
pool1zcdwn5z04gw7m0n7qzwx9gqn8a9l3wfcvejc3wrdxfuhc88usua,26032.497579,1000.0,1000.0,0.035,340.0,340.0,False,False,12.011710423131737,12.011710423131737,0.03349592411847831,losing,12.011710423131737,0.03349592411847831,losing,358.60215053763443
pool1zd5jmdvhgcqja28at800tle5qltucce5979x3jgdv0g9qcmw268,209.242568,100.0,100.0,0.01,340.0,340.0,False,False,0.09654669539898522,0.09654669539898522,0.00026923066483075335,losing,0.09654669539898522,0.00026923066483075335,losing,358.60215053763443
pool1zd728035u3406eff69h9a8gj8tg927qe62xwvg4leghwvs5hhmv,202.625746,100.0,100.0,0.0,345.0,345.0,False,False,0.09349362435600692,0.09349362435600692,0.00026071685352649604,losing,0.09349362435600692,0.00026071685352649604,losing,358.60215053763443
pool1zdtqtsu3l3ytatzyvrq48d4mpnll9c5evwfq6taxkmn9vvdz839,20685690.812587,10000.0,10000.0,0.008,340.0,340.0,False,False,9544.988082165182,418.0542354429056,1.1657884226743693,edge,418.0542354429056,1.1657884226743693,edge,358.60215053763443
pool1zevtw8lsd6xh45v2mfw3ay5rqtgyt5dm77daglqwjnpgjgc0ynp,998.257168,400.0,400.0,0.0,340.0,340.0,False,False,0.460606591337378,0.460606591337378,0.0012844501647489102,losing,0.460606591337378,0.0012844501647489102,losing,358.60215053763443
pool1zeya2r53sxmqh2ux3ssfsrqerergnw2hjxmp63r83ntwverpqwm,6004812.773063,100.0,100.0,0.01,340.0,340.0,False,False,2770.6835692146024,364.34690982641905,1.0160198684814683,edge,364.34690982641905,1.0160198684814683,edge,358.60215053763443
pool1zfhww5y28t303z6uyq3w47pkhfmxww9dsn89vrxteplg2zjkekl,1346091.738123,150000.0,150000.0,0.03,340.0,170.0,True,True,621.44622510049,378.8651066049045,1.0565053947303182,edge,232.3405258274388,0.6479061140015534,losing,358.60215053763443
pool1zga7fc8swn5l4rha04ddq07m2rc8rh9vxqmc56j4k2l2xy4lw22,1443902.075806,1000.0,1000.0,0.019,345.0,340.0,True,True,666.2340517449803,351.32169627446194,0.9796976837638668,losing,346.4200933192354,0.9660290458377477,losing,358.60215053763443
pool1zgxvcqf0dvh0ze56ev2ayjvuex3zdd3hgxzdrcezkx497mv3l7s,50550596.540451,1000.0,1000.0,0.04,400.0,400.0,False,False,23324.66266928405,1317.4218661472873,3.6737701214901866,comfortable,1317.4218661472873,3.6737701214901866,comfortable,358.60215053763443
pool1zgzyp6nt5084e8renptskpyaksd79uvl4hrfvnszpxyfzdt86k8,43559.776922,4000.0,4000.0,0.01,340.0,340.0,False,False,20.099233545184553,20.099233545184553,0.05604883717247866,losing,20.099233545184553,0.05604883717247866,losing,358.60215053763443
pool1zj4h7kc6v53q9r8x3fwzfuayf2frwme8u5k86gu0uzeeuvqxgul,7965551.017961,10000.0,10000.0,0.03,340.0,340.0,False,False,3675.540148904776,444.12803764998546,1.2384979760554315,edge,444.12803764998546,1.2384979760554315,edge,358.60215053763443
pool1zk6uxgptztrxxamzd0ugrtu84xg8mjymd2xcdvxqazpruqt9r3x,7161592.594075,5000.0,5000.0,0.009,340.0,170.0,True,True,3304.5013100642377,368.73160640374016,1.0282470583372663,edge,200.37922688953782,0.558778653694963,losing,358.60215053763443
pool1zkdaju2rjefa52uh6yh6etsxla0x6aqs6p6wm245y5szk7k3msd,2836972.178092,15000.0,15000.0,0.025,340.0,340.0,False,False,1309.0895359993435,369.2230344720911,1.02961745744841,edge,369.2230344720911,1.02961745744841,edge,358.60215053763443
pool1zlsrcv64qzzahdky99r3e2m0wd68uav3d7f5nxegalhj66r8nnj,104.493534,100.0,100.0,0.0,340.0,340.0,False,False,0.04821439290008931,0.04821439290008931,0.00013445093072588622,losing,0.04821439290008931,0.00013445093072588622,losing,358.60215053763443
pool1zmfpd5r5vfwjmwm4cgy53exe58h7plnecny3t4948yw7zumzp4c,20738305.240591,75000.0,75000.0,0.025,340.0,340.0,False,False,9571.849219435519,603.3485035062452,1.6825010742453013,edge,603.3485035062452,1.6825010742453013,edge,358.60215053763443
pool1zmj5rkpvhdknscjrgul4cxw4xhaqfhfcjqv9kffmhd0zvdx6rvd,5.223772,2.0,2.0,0.01,340.0,340.0,False,False,0.0024103021763210615,0.0024103021763210615,6.721382380745389e-06,losing,0.0024103021763210615,6.721382380745389e-06,losing,358.60215053763443
pool1zmtm8yef7725p9n7x433m50kvv9xpzjujnny9m5t960g5qm30ua,414393.137427,50000.0,50000.0,0.01,340.0,340.0,False,False,191.24030454010875,191.24030454010875,0.5332938027655206,losing,191.24030454010875,0.5332938027655206,losing,358.60215053763443
pool1zn4wnk52kmfjy9mw4z85p6wn9kzrn94l9h5gys8r2k2w57mdnhh,1189019.159989,1000.0,1000.0,0.0,340.0,340.0,False,False,548.6279612347001,340.1754622366528,0.948615232024249,losing,340.1754622366528,0.948615232024249,losing,358.60215053763443
pool1zn9hjcmfddhcp2aj9xxuvz7z40rasyatkgavr8ryyz72qdfwtrj,39943842.81744,250000.0,250000.0,0.01,340.0,340.0,False,False,18449.639783441376,633.3073302398653,1.7660444291546469,edge,633.3073302398653,1.7660444291546469,edge,358.60215053763443
pool1znp7z30qfdgwcwel4htqmwapfm2h05ml32ttt8znevtz2vwnqwt,607.393771,500.0,500.0,0.0299,340.0,340.0,False,False,0.28025784045387714,0.28025784045387714,0.0007815286105610366,losing,0.28025784045387714,0.0007815286105610366,losing,358.60215053763443
pool1zpdxs9nsrfrl9l2rywdfxsrqveqfzvqjsy2g24pmkpvkslky3v5,12509496.034951,0.0,0.0,0.999999,999999.0,999999.0,False,False,5772.010218420985,5772.010218420985,16.095860579104997,strong,5772.010218420985,16.095860579104997,strong,358.60215053763443
pool1zpsk3ql6qgzkgqncrlzulf9dype3km52rcdnajn5ttddwhhc3vj,6734.321082,5000.0,5000.0,0.02,340.0,340.0,False,False,3.1073017283508353,3.1073017283508353,0.008665039302447606,losing,3.1073017283508353,0.008665039302447606,losing,358.60215053763443
pool1zqcz8zt9v07ygj06zr28lwm85s20f6w2qdcdltjyd0wuklydqnd,9020.612182,1000.0,1000.0,0.0,340.0,340.0,False,False,4.162218716961235,4.162218716961235,0.01160678682690839,losing,4.162218716961235,0.01160678682690839,losing,358.60215053763443
pool1zsjkw3y0kyhce6esgat3r3vec9z9rwud79lpv00u84646pu7rvf,134972.844504,100000.0,100000.0,0.0,340.0,340.0,False,False,62.28461742897785,62.28461742897785,0.17368723900734453,losing,62.28461742897785,0.17368723900734453,losing,358.60215053763443
pool1zst2k3wnmtq69vqzm086q9m7v7dn3gpsu9fgxy2vasew6l8nlt0,1097.23002,1000.0,1000.0,0.0,340.0,340.0,False,False,0.5062734108397774,0.5062734108397774,0.001411796917784087,losing,0.5062734108397774,0.001411796917784087,losing,358.60215053763443
pool1zsyqzr04g5pr3nv7vfk8ldc3uf0xljc8yftdsqpxxqpychpxj65,575714.205084,30000.0,30000.0,0.005,340.0,170.0,True,True,265.6719393398189,265.6719393398189,0.7408542836162865,losing,175.43881987654981,0.4892296926092693,losing,358.60215053763443
pool1zt2d9aa8ck62uyy985yny47hr0f6cmf2hnxzke0up0lc7zcp65f,108526.528745,25000.0,25000.0,0.0,340.0,170.0,True,True,50.07927259802533,50.07927259802533,0.13965134487605263,losing,50.07927259802533,0.13965134487605263,losing,358.60215053763443
pool1ztpwatlnzskuruwe7hxwvu6xjsv6l24835pyvpx7lslccy3xx9a,11.286634,10.0,10.0,0.0,340.0,340.0,False,False,0.005207769114512003,0.005207769114512003,1.45224146221774e-05,losing,0.005207769114512003,1.45224146221774e-05,losing,358.60215053763443
pool1ztz3370gwds2v7hjzgtns33f7kw0qp0zjx34esg3dvlcycnnte5,106.623722,100.0,100.0,0.015,345.0,345.0,False,False,0.0491972839766363,0.0491972839766363,0.00013719182638162445,losing,0.0491972839766363,0.00013719182638162445,losing,358.60215053763443
pool1zvm45jj5wz6kgfr2xfg75rx0auzxaedu4ulddhnrzk4uwuyuvpn,135314.95585,40000.0,40000.0,0.01,340.0,340.0,False,False,62.44304691842431,62.44304691842431,0.1741290363842117,losing,62.44304691842431,0.1741290363842117,losing,358.60215053763443
pool1zwqrrwpr5zx7c3f4ukpu4r4fz5c2hkwx9vwqka5068urgqvpjzr,2505764.601357,40000.0,40000.0,0.03,340.0,340.0,False,False,1156.375252291936,377.1322533637235,1.0516731503096337,edge,377.1322533637235,1.0516731503096337,edge,358.60215053763443
pool1zx0lmhdymz23e702clzyywdw522nh66eqaseaye8sue3cyfzkar,114.280001,100.0,100.0,0.04,345.0,345.0,False,False,0.05272997137730431,0.05272997137730431,0.00014704309859338234,losing,0.05272997137730431,0.00014704309859338234,losing,358.60215053763443
pool1zx293a3jpjh9sln53uhlc34ccnppl6sze22rrcmt04enzapl935,300.822669,100.0,100.0,0.005,345.0,345.0,False,False,0.13880271414576853,0.13880271414576853,0.0003870660394469707,losing,0.13880271414576853,0.0003870660394469707,losing,358.60215053763443
pool1zx909vz9qe73avvpd0y7qqcwz8fffvnup6yuq2e8hql4svk9xr7,7124846.803526,2000.0,2000.0,0.0,340.0,340.0,False,False,3287.505025273904,340.8273876215318,0.9504331948666404,losing,340.8273876215318,0.9504331948666404,losing,358.60215053763443
pool1zxklu387uqpzpteqfk48enkuwyjvq0qawc2wvrdym540zk0yqps,130377.442594,0.0,0.0,0.06,345.0,345.0,False,False,60.157493859192954,60.157493859192954,0.1677555301020973,losing,60.157493859192954,0.1677555301020973,losing,358.60215053763443
pool1zy0mg8thm4au4cqaz5gz4ah9ms6894e2vqkl9a6l2uq4vas3yam,214005.566031,500.0,500.0,0.0,340.0,340.0,False,False,98.74457589598686,98.74457589598686,0.27535968690635015,losing,98.74457589598686,0.27535968690635015,losing,358.60215053763443
pool1zy4arks3chpruyt32p0mhwqu3qpdgyx7nejrw06nqu3uzfuv3aw,62211.315321,6200.0,6200.0,0.03,340.0,340.0,False,False,28.70560868894965,28.70560868894965,0.08004862393020441,losing,28.70560868894965,0.08004862393020441,losing,358.60215053763443
pool1zytydvyy3qztrs8l2xyggvkfcjctp23m2hc3aj7sudnzgny79cg,21501319.332698,20000.0,20000.0,0.01,340.0,340.0,False,False,9921.756007264823,444.64114740737193,1.2399288368481436,edge,444.64114740737193,1.2399288368481436,edge,358.60215053763443
pool1zyzfcyhtmes7j3f3avksy26yhf8ah3ywag2t7m9l9fh5g8yaerl,1410158.15613,5000.0,5000.0,0.01,340.0,340.0,False,False,650.6749911782034,344.19729511030965,0.9598305380887195,losing,344.19729511030965,0.9598305380887195,losing,358.60215053763443
pool1zz7x8ergn02chznayj9fjds2gk5q6prmpdr49faspd65kzqsrjs,62375759.520848,100.0,100.0,0.0,340.0,170.0,True,True,28780.829403715547,340.0455959648783,0.948253086198911,losing,170.04586850664984,0.4741908776947057,losing,358.60215053763443
