pool_id,pool_name.name,pool_name.ticker,pool_name.description,active_stake,live_stake,pledged,live_pledge,blocks.epoch,delegators,epochs.0.no,epochs.0.data.epoch_stake,epochs.0.data.delegators,epochs.0.data.block.minted,epochs.0.data.reward.member_lovelace,epochs.0.data.reward.leader_lovelace,pool_update.active.margin,pool_update.active.fixed_cost,pool_update.active.pledge,saturation
pool102s2nqtea2hf5q0s4amj0evysmfnhrn4apyyhd4azcmsclzm96m,,YULI,,6481489374,,1000000,,0,2,445,6481489374,2,0,0,0,0.005,340000000,1000000,0.0001
pool102vsulhfx8ua2j9fwl2u7gv57fhhutc3tp6juzaefgrn7ae35wm,,BNP,,5722279429,,2000000,,0,12,445,5722279429,12,0,0,0,0.06,340000000,2000000,0.0001
pool1030as3pp5684ghgf4kzcpv4p2jnmkmme7j363t95690zwxp7wa0,,888,,1595144703822,,50000000000,,1,73,445,1595144703822,73,1,129613741,340000000,0,340000000,50000000000,0.022000000000000002
pool1030vz0wxheg0dvarr8hmeavelpszmp52qucs68c7wc9uga6n6e4,,ROMER,,2802535958007,,50000000000,,3,1586,445,2802535958007,1586,3,1044523477,350777886,0.01,340000000,50000000000,0.038599999999999995
pool103455uc7a3477q8pdmzvny884qtlv9vhm2csxvqx2cadwuk36sq,,EDEN,,49364665422673,,1000000000,,43,2203,445,49364665422673,2203,43,17921096998,705763063,0.018,340000000,1000000000,0.6799
pool103a3tldslwvrcvj5rfraezfqra7sk6c0njawszv6ttpjkq84gyz,,,,2033148,,,,0,1,445,2033148,1,0,0,0,1,340000000,,0.0
pool103w4na57zyunn2s7r8cgrnqgsn3tskj4w69yx3alx4sezphv53t,,,,15369583223344,,2000000,,19,6,445,15369583223344,6,19,8205632930,771875558,0.05,340000000,2000000,0.21170000000000003
pool1043kkcc2uwmdf76wg6jy80tkgwztzprep2rakyypmwc4637c2xe,,BNP,,17639298,,2000000,,0,1,445,17639298,1,0,0,0,0.06,345000000,2000000,0.0
pool104avq7309gjm0fxms69yqusxy8zf888k4mamngg5vnc6vculpzq,,NUFIB,,36102564330277,,1000000000,,26,5828,445,36102564330277,5828,26,11584449271,698293710,0.03,340000000,1000000000,0.4972
pool104gtn3hvp9lz5l6wevhjj98e45s7rfaa4zzvk9pex7nn786qncr,,PILOT,,21269708695476,,325000000000,,25,2039,445,21269708695476,2039,25,11303591033,340000000,0,340000000,325000000000,0.2929
pool104hlwrk98e6h07e05ywee3thn379ddmmfveje8d6cuvp54zcah6,,,,7625790,,,,0,1,445,7625790,1,0,0,0,0.075,340000000,,0.0
pool104re5tajgh4mpp7c744khap56lf609cfjlna5ysjkum8qn8fel9,,TOKYO,,1130673161280,,100000000000,,1,12,445,1130673161280,12,1,115282234,343316968,0.025,340000000,100000000000,0.015600000000000001
pool104v7kzpq86r0wnfsz8r7jeld2raap92qq84trjcqk62zyh9akqt,,SEAL,,2645076013193,,60000000000,,2,173,445,2645076013193,173,2,588294001,340000000,0,340000000,60000000000,0.0364
pool104ylwjrxvrp87r7769d6g6agu0ydxsn6hgmqjdsrf47e6j2ek46,,ELMPI,,96718388853,,100000000,,0,5,445,96718388853,5,0,0,0,0,340000000,100000000,0.0013
pool104z3yr7faqhck6wcsczhmqrrpdeparcr8juw8unxy8tm6xp447d,,,,60240844523897,,,,58,3,445,60240844523897,3,58,25711782144,1693251692,0.05,340000000,,0.8295999999999999
pool106l8sgu50wpw3nmqkmhlgzl5cctw428ruem2rpwjklg46nprex0,,,,502365742,,100000000,,0,1,445,502365742,1,0,0,0,0.025,345000000,100000000,0.0
pool106p2jjwuwagq2as7cdzx4y6cyc2pdj7a3h3vv5cvkvnskegff3w,,VOLT,,11880310283554,,1000000000,,12,1715,445,11880310283554,1715,12,5261291373,340000000,0,340000000,1000000000,0.1636
pool1072lq3k32sfxs96s9qhrx3s9la2t68vrqwfsp7h9qnwk56yr2mv,,,,5944627542199,,,,7,29,445,5944627542199,29,7,,3307509547,1,340000000,,0.0819
pool107attaqquuq5ne2ch0hx0qcnlkzzr2683s4gml4ywnqvgj6pak9,,CCJ5,,264923848152,,10000000000,,0,7,445,264923848152,7,0,0,0,0.048,340000000,10000000000,0.0036
pool107qfdeg9wlpt9yntg7650kzval6ahl696jr2ca20763ukzr0tzw,,SRP,,333397461753,,50000000000,,0,8,445,333397461753,8,0,0,0,0,340000000,50000000000,0.0046
pool1085up093vl7qgwnqsuset7kdt3yflscdp6h8eeakuhyzwlhmq68,,,,911808264086,,,,0,12,445,911808264086,12,0,0,0,0,340000000,,0.0126
pool108zdflss3ayqlm5c7vr6mtqj2uwl99vk28ur8dv4zswdzt6yauc,,AZUR,,60724835642939,,500000000000,,34,6980,445,60724835642939,6980,34,15143167127,655753137,0.02,340000000,500000000000,0.8362999999999999
pool109ee6weyn52awvu30gspwmp6xwws98z0dhzcw2dqupc6vv6mkg6,,,,2032319809,,2000000000,,0,3,445,2032319809,3,0,0,0,0.02,340000000,2000000000,0.0
pool109k0t72eh8txza4ptnagnfyqkjnmfe60afmtm4dvj9lz7dy78lh,,,,736080528646,,2000000000,,0,733,445,736080528646,733,0,0,0,0.02,340000000,2000000000,0.0101
pool10akpqvczl93ep4rc59c0aqyn3dm0env2ydysuwmdm670wl24pd8,,,,66623934883974,,1000000000000,,62,14625,445,66623934883974,14625,62,27675007744,1064972831,0.025,340000000,1000000000000,0.9176000000000001
pool10c9l3k0z50ytt4krkfet7w3gwpv9d9nq47kk9ecy2c5f2uyvkgk,,,,681361885818,,,,0,386,445,681361885818,386,0,0,0,0.025,340000000,,0.009399999999999999
pool10capak8jppvj8h46e35xdth6h22pahtr3lcgscrpa06jzv0xn8w,,SWAG,,15365151167705,,100000000000,,8,758,445,15365151167705,758,8,3278636559,426044365,0.025,340000000,100000000000,0.2116
pool10cpz0zepq23hm6lrk8vgnsdwl772lasq9caaemvw9kh9ktxqygk,,,,2239381794,,2000000000,,0,2,445,2239381794,2,0,0,0,0.03,340000000,2000000000,0.0
pool10cqp98vsdtam5p4xkfuleahy99vcdggsfdl4cszxcefmcheexma,,BNP,,2506975230,,2000000,,0,6,445,2506975230,6,0,0,0,0.06,345000000,2000000,0.0
pool10d303wup90j39mmvysf0lhr2xmr3mf38y5vs577nmlq6yy8n666,,CBCP,,6313352649,,2000000000,,0,6,445,6313352649,6,0,0,0,0.04,340000000,2000000000,0.0001
pool10d6mmw3mn9ku3r7uqqye672dz3sv76lh5kvh5rdpr9l5ug5yknr,,,,15175811780967,,,,16,8,445,15175811780967,8,16,6857871672,701000448,0.05,340000000,,0.209
pool10dzswwk8ycrxfv04nv44fjpqdx4j5euj406df0xsq7xyy0r0ta5,,,,88773483065,,,,0,4,445,88773483065,4,0,0,0,0.04,345000000,,0.0012
pool10efuydxjnasr0309lqklmj9xahupdnzqd59r5dqjeh4twz06tr0,,F4ADA,,12739948288577,,300000000000,,15,448,445,12739948288577,448,15,6596994247,340000000,0,340000000,300000000000,0.17550000000000002
pool10eltx2wej46e62ulmwzm35xfu0azu47yvpjper7gwhncqe74vg6,,CHIL,,7165701111658,,35000000000,,6,1246,445,7165701111658,1246,6,2402732095,412125835,0.029,340000000,35000000000,0.0987
pool10emzedn7jczjrk7x7687mzwpqs2qfk8dnmyuf3ca7ju8cx79z57,,,,39460040,,,,0,2,445,39460040,2,0,0,0,1,345000000,,0.0
pool10etudcty0dwyl0t40hdmdpry6484ezyk6w0fd97l04k5gwzeege,,,,1899607647747,,,,4,787,445,1899607647747,787,4,,1890003112,1,340000000,,0.0262
pool10ez5uusmzx7ep6pee6hmqr79z5ee0lhgzdelzgptexh9xq3ar4e,,SACT,,291471501,,100000000,,0,2,445,291471501,2,0,0,0,0.03,340000000,100000000,0.0
pool10f5k6djk7m95dls80f5n2temjlkacsqd47758z2xal8g79kg9ct,,,,46604948930,,30000000000,,0,9,445,46604948930,9,0,0,0,0,340000000,30000000000,0.0006
pool10fsg5ykzcjuzq5fzm9vj6d3yd0jjqgg6qnza6u8wtq0677vam2t,,,,97023027,,,,0,1,445,97023027,1,0,0,0,0.02,340000000,,0.0
pool10fxpa6wkv0wc6wcmahcnz4wvvfx9m7547sevxrge3nfuv7yh8m0,,GRANA,,11699269451216,,30000000000,,12,453,445,11699269451216,453,12,5316061441,340000000,0,340000000,30000000000,0.1611
pool10glz67jju4f3gjs84pse79vsl6d34k764hs4cq6fwplkxzf277w,,COVE,,545559713,,500000000,,0,1,445,545559713,1,0,0,0,0.03,340000000,500000000,0.0
pool10gtnlhevam52ynwuzua7dqgv7vje4q87q25dzzfrjgw3wwjk2xw,,,,95353937251,,100000000,,0,4,445,95353937251,4,0,0,0,0,340000000,100000000,0.0013
pool10hex9l4wjgqarvhr94xgyh9frv5lhtajhrj4dah0kl65jtws30k,,,,28398421491779,,20000000000,,31,212,445,28398421491779,212,31,14026760407,610434946,0.0189,340000000,20000000000,0.3911
pool10jd7mphm0mmrnfvyytzs3tfrmjmtkvalfx8nql7tae06v0rkjk3,,DOS,,152647132311,,1000000000,,0,18,445,152647132311,18,0,0,0,0,340000000,1000000000,0.0021
pool10jn0wjlh9y3w2ygq84u2llvlnxfz3lc4g0ssqlmpp3w3y2d2lw5,,EARN,,7511565163053,,100000000000,,9,88,445,7511565163053,88,9,3642730259,535755256,0.05,340000000,100000000000,0.1035
pool10jqlkjfn2rtlc6hp95p8k4h04h3dfmdcgnga6umwp2rpukpg20l,,CCIO,,567757738912,,410000000000,,1,13,445,567757738912,13,1,19885057,341327274,0.01,340000000,410000000000,0.0078000000000000005
pool10kya8ug3wr6cwnzm0qdcppjtuwfwmnvusu2uenscz4dg7pl07qv,,WAV2,,26339566792209,,10000000,,25,3,445,26339566792209,3,25,,11812514829,1,340000000,10000000,0.3628
pool10le7rwlfg3t9646gm09jp05qg5kqvq3gvut4q2yaeu2ujncnh7w,,,,13265819457,,0,,0,41,445,13265819457,41,0,0,0,0.05,340000000,0,0.0002
pool10ljdn3zwsh7vjkxf6t250423l5qy487x83st7m8a53jxznrkw5g,,,,3492410763334,,1200000000000,,0,70,445,3492410763334,70,0,0,0,0.005,340000000,1200000000000,0.0481
pool10mf43thtl3keag50mrlvqa78xkwg7harmu4w5yzr3k7jvw0ap43,,JORGE,,6388785827746,,200000000000,,5,367,445,6388785827746,367,5,1898500463,340000000,0,340000000,200000000000,0.08800000000000001
pool10mucfueg7nwruvagk0fnjcftcqktjvt6262xtsva46q5zg4utmg,,RAMBO,,16717971555,,15000000000,,0,9,445,16717971555,9,0,0,0,0,340000000,15000000000,0.0002
pool10n23qyec2zcetv0e3x7fdjydscsrlet5sph2hgtfc7x5ze56jqn,,,,492423553496,,,,1,347,445,492423553496,347,1,120918885,341325467,0.01,340000000,,0.0068000000000000005
pool10nw2295p9xkwtzpm26ewn79v3m2ez2yztjzqusc8n6kqxrja8wp,,,,101294518657,,,,0,19,445,101294518657,19,0,0,0,0.025,345000000,,0.0014000000000000002
pool10nwac5phcc4vkjvux5mw6gvdzlxurkd944e5yx9yyfa8sqs35t7,,,,84112790034,,0,,0,117,445,84112790034,117,0,0,0,0.02,340000000,0,0.0012
pool10p3g22454ly7eaurlur5wc9d9ual2fnfwy7a6e7k09z3yf929k9,,OUROS,,6942563633105,,2500000000,,11,159,445,6942563633105,159,11,4454980225,481092522,0.029,340000000,2500000000,0.0956
pool10p6wd9k0fwk2zqkqnqr8efyr7gms627ujk9dxgk6majskhawr6r,,BBHMM,,5316990774636,,550000000000,,3,202,445,5316990774636,202,3,936433637,350804128,0.01,340000000,550000000000,0.0732
pool10p7hdyghmkfuuxep4slslvjs2fk0hechqwadc2348e6g2x8hta6,,SBPIO,,5893313,,100000000,,0,1,445,5893313,1,0,0,0,0.15,345000000,100000000,0.0
pool10pmpya78vv23pngluf7hwpg9lerepmqdmdu47huf5vsskt56wzq,,,,247210196,,200000000,,0,1,445,247210196,1,0,0,0,0.015,340000000,200000000,0.0
pool10pvwz69qz468m79ysw8qjcav5z830sv4zmeprru2n4anyuxwj9l,,,,124122312269,,0,,0,2,445,124122312269,2,0,0,0,0.06,345000000,0,0.0017000000000000001
pool10q2fhzwe4f5k2llny65z5z2fuhrpk3x56fdc0782djdq58p9uee,,KURIS,,2462593441409,,100000000,,2,41,445,2462593441409,41,2,601421440,340000000,0,340000000,100000000,0.0339
pool10q33p4hx4wqum6thmglw7z5l2vaay4w6m5cdq8fnurw7vjdppcf,,SPKL,,340497362312,,1000000000,,0,25,445,340497362312,25,0,0,0,0.01,340000000,1000000000,0.004699999999999999
pool10q39xyv0zwt7cyc0f2ec67ptfmq3y6k8f0t0fvrdddaqzs3hpxc,,DIDIT,,17546945081,,5000000000,,0,19,445,17546945081,19,0,0,0,0.25,340000000,5000000000,0.0002
pool10qmnswfc22zm0fscg80gkwqz65ujwjkqmctv8g9l9l58wqtelgg,,WAAUS,,4187992007400,,30000000000,,5,500,445,4187992007400,500,5,1968998373,356171572,0.008,340000000,30000000000,0.057699999999999994
pool10qrz84cvz95zg8saf43ruhs5ulczuuqm2d3jn6d8xkkkzgzfje7,,,,1853339746047,,44325545672,,0,9,445,1853339746047,9,0,0,0,0.015,340000000,44325545672,0.0255
pool10quq4wlghwrvmhdzc7geq22pyhzegccwj56ax2g8hx0cjfahufs,,SPS2,,49979617373922,,10000000000,,48,460,445,49979617373922,460,48,21218318705,1457048219,0.05,340000000,10000000000,0.6883
pool10r8gk6z4epj36rluw3klk5k0uzfcdc0rw9cu0zuyxw56quaksrv,,SIMPL,,2332534283443,,0,,4,5,445,2332534283443,5,4,,1890002333,1,340000000,0,0.0321
pool10rdglgh4pzvkf936p2m669qzarr9dusrhmmz9nultm3uvq4eh5k,,,,55964211277276,,,,47,16,445,55964211277276,16,47,20769578002,1433376829,0.05,340000000,,0.7706999999999999
pool10retvgthe4vymhaq8vr2734zladmeeuwy07rq8r5f690ydmz3vc,,MORAL,,244005222,,59000000000,,0,2,445,244005222,2,0,0,0,0,340000000,59000000000,0.0
pool10s8x49tu6wcne63rqv6gmnhwpcg4kg8r4s3ncv6q7uxx76jvlwg,,,,5097623546,,5000000000,,0,1,445,5097623546,1,0,0,0,0,340000000,5000000000,0.0001
pool10scv5quxduhrcc26wpurhk743dngspe8dc3zpkkam0svyx6ejx3,,CDNTH,,9074584798136,,100000000,,10,18,445,9074584798136,18,10,3502789883,1216957743,0.2,340000000,100000000,0.125
pool10tqeu6d03p6rnalqlvdshmpsljxaq2c0ww6draq6xm8lgyl2a3p,,CASP,,4418752836811,,100000000000,,9,218,445,4418752836811,218,9,3813128677,340000000,0,340000000,100000000000,0.060899999999999996
pool10u90lv7ayyfdulnt004h2wg42yff22c8vjlnqjxv7pytypuaykv,,,,6192921948,,45000000000,,0,3,445,6192921948,3,0,0,0,0.025,340000000,45000000000,0.0001
pool10usr6ag036ujwhmm85km8w0skjn3fp3dwnktt8sje4lfvwhu40u,,WALDO,,2081122,,66000000000,,0,1,445,2081122,1,0,0,0,0.019,345000000,66000000000,0.0
pool10v6uh7yan2dg8utwpgurj6th3u3s3q3m2lcg8z9mxtncvx72dhc,,,,1000000,,100025042945,,0,1,445,1000000,1,0,0,0,0.03,340000000,100025042945,0.0
pool10vhns8fup6pe9xvjxf4w6h5y66tckgvtjy9ayld6mcg8vv4crdk,,,,10302716290459,,,,10,454,445,10302716290459,454,10,437091,4724956709,0.9999,340000000,,0.1419
pool10w8gmhnprfmhdlp6npjt8d3ts64ng4qxsu0mr33dhpxpzwn4rgt,,,,2915210,,10000000000,,0,1,445,2915210,1,0,0,0,0.02,340000000,10000000000,0.0
pool10wcmpvjmmv7ph7cz2263f52yckvnnwu5kdppwqgu74s2qhe7l7m,,4TUN8,,1319533091614,,200000000000,,0,23,445,1319533091614,23,0,0,0,0.01,340000000,200000000000,0.0182
pool10wfvyl284h0eyzjtwndh8kvu36lqvptusq4nxtv52pmazpyvfud,,ACT,,2411915810451,,120000000000,,5,229,445,2411915810451,229,5,1847253894,380269985,0.0199,340000000,120000000000,0.0332
pool10wugf8sxugp74y0dafvc83jmcg2z9v7u5yfs79zy67rxc5lqhd6,,,,4579530164,,330000000000,,0,2,445,4579530164,2,0,0,0,0.01,340000000,330000000000,0.0001
pool10ww24pk8znf747x6d0wcueajegrjwzpv8x9a4aar4t05s7uzf76,,,,2621302,,,,0,1,445,2621302,1,0,0,0,0.018,340000000,,0.0
pool10x7rsal3ldumkycuc7f7rslx3vc5axhz5jzwngfcg7hd6t2p7sc,,,,32359623790034,,,,30,6,445,32359623790034,6,30,12988201184,1174801057,0.06,345000000,,0.4457
pool10xk8jp4m2cztf69x9gvg3j33x5drkrz2hulsjes29wktcfcxdls,,,,13865073314225,,,,16,4,445,13865073314225,4,16,6772952483,777900564,0.06,345000000,,0.191
pool10xmmn972gyza7nj8q4cyy0vrpn6kqzmdz2ut7ynnc8d0ycxlvw3,,MATE,,239991655889,,101000000000,,0,11,445,239991655889,11,0,0,0,0.015,340000000,101000000000,0.0033
pool10ya6hxrssmyhl560gqyalhqxudkgfjdlc0e4krww6wweyaeajs8,,NKR,,41123464092950,,40000000000,,52,377,445,41123464092950,377,52,23759476979,459569249,0.005,340000000,40000000000,0.5664
pool10ysem79xjxd223plxqws0fheawd78znr3qs4h2h422gmxa40amu,,LUCY,,9278841924,,3100000000,,0,11,445,9278841924,11,0,0,0,0.01,340000000,3100000000,0.0001
pool10zpgnaflyf6hmfk97h7s6nk7l6q04xhfzgrw7uns0js67dj65ux,,,,126967185,,,,0,2,445,126967185,2,0,0,0,0.01,340000000,,0.0
pool10zyf32q3w3n9x940j6yqgkwuegzn77p94wcmpku6gvmrqw8a97d,,XSP,,58193589711512,,20000000000,,54,1257,445,58193589711512,1257,54,24227530174,1271219292,0.037,340000000,20000000000,0.8015000000000001
pool120cmlx3qf0yx3zz32lxcv2e782lq43y2290tz69rr7f9xp7dre4,,latam,,10000000,,10000000,,0,1,445,10000000,1,0,0,0,0.04,340000000,10000000,0.0
pool120s8wucgh9dnshf3xkvffq30lcf4kta9uzf35s44eulezc8puwj,,REEF,,9802291,,1000000,,0,1,445,9802291,1,0,0,0,0.01,340000000,1000000,0.0
pool122gfj3ynz5ch8cfkx0tt5dsfpnf36sujcvrvxzqjm28yym8vv8x,,,,67456466,,500000000,,0,3,445,67456466,3,0,0,0,0.02,340000000,500000000,0.0
pool122gklgk6gep3dm5grag0kavzzxcwk4kxxrqegfygghjpgch6pns,,,,5865827814,,1000000,,0,1,445,5865827814,1,0,0,0,0.05,340000000,1000000,0.0001
pool122pmneflla304ptc7s5ws948u28zaek08k6hk3fmw8rgkzmgect,,PBDOT,,8049477571,,3100000000,,0,6,445,8049477571,6,0,0,0,0.01,340000000,3100000000,0.0001
pool1233gq8vt6nzytuw60sr9gy2jmehc88fpglrjrzsd8kys5gqelgg,,,,4999420542,,,,0,3,445,4999420542,3,0,0,0,0.01,345000000,,0.0001
pool123fz95jxlu2fgqteredsqxml553rt9lsu9ef352kagm7qlejem4,,,,9113466488,,7495000000,,0,6,445,9113466488,6,0,0,0,0.02,340000000,7495000000,0.0001
pool123gn9my6u32zea8l3uk889rjj2qf2tfagcz67q4v4r9ccjjtge7,,SNY,,1873672717,,100000000,,0,2,445,1873672717,2,0,0,0,0.15,345000000,100000000,0.0
pool123rnakf966gefhpzqgrgufww8g5wkjn4rghch936yw5257e46gf,,,,250000000,,,,0,1,445,250000000,1,0,0,0,0.025,430000000,,0.0
pool124hy9qgc0nhqsve268kj5r53pvz7ppg295q6r2d0sjxswchljf0,,,,32374042524012,,,,36,2,445,32374042524012,2,36,15649949347,1344901269,0.06,345000000,,0.4459
pool124lm97s6f4satl7xz0ulzgg6tv30tskry3zcntwrz68n60v5yne,,SHARP,,1614223909698,,100000000000,,0,62,445,1614223909698,62,0,0,0,0.035,340000000,100000000000,0.0222
pool12584mjtgz3fhgpx823qht56gycnfnezg6aqqthazv4qdxkd5c46,,DOLCA,,848639446688,,50000000000,,0,90,445,848639446688,90,0,0,0,0.02,340000000,50000000000,0.011699999999999999
pool1258yqnsegc3k7raqcdkxu4893aqexxljflmg9g96yfha2qytayv,,1PCT2,,562724059359,,50000000000,,0,155,445,562724059359,155,0,0,0,0.01,340000000,50000000000,0.0077
pool125kh7e0y9lwya4sz5etmsk7hvga9jtfpuhw00vz9zvk6sh8xh5r,,CHOCO,,3438000843082,,10000000000,,2,22,445,3438000843082,22,2,595330793,340000000,0,340000000,10000000000,0.0473
pool1263z8symvqmmsg876y2lzluv29am2v9fpzka9sf3nrhz7uwlzap,,,,539735087623,,,,0,34,445,539735087623,34,0,0,0,0.02,340000000,,0.0074
pool126f65lklaqw39jgx9wl8klqtx99evewxk0x5yc2jzzp5wfs8fde,,XPPX,,254033267983,,119000000000,,0,29,445,254033267983,29,0,0,0,0,340000000,119000000000,0.0034999999999999996
pool126kcx3ve6xedpdk8gm9gtgs5x2h77tuwe5hjjcrp2nshu2xv8l3,,ADAAF,,3333310692,,2500000000,,0,4,445,3333310692,4,0,0,0,0.0799,340000000,2500000000,0.0
pool126mkma8nv5axltmz7mmg8qz9e70nmhnf58hwx5772fhwgkhk6ag,,NAP,,31434191643099,,20000000000,,25,185,445,31434191643099,185,25,11083386972,684150122,0.03,340000000,20000000000,0.4329
pool126ugnr0nxjxz72jrlzrqetqx0exn43t5w67u9vuq23xex4ym7dv,,,,109611710,,,,0,1,445,109611710,1,0,0,0,0.15,345000000,,0.0
pool126ut5j5qz5wg09sjxrjugmjhqyslgam9cyj7a275y99l6n3gql0,,BIOME,,2869440505,,10000000000,,0,6,445,2869440505,6,0,0,0,0.02,340000000,10000000000,0.0
pool126vzyvxdwhvrvcjrqkhg0c4j8pega886ww7qg0dad6mjy73pe2k,,,,350605091,,,,0,2,445,350605091,2,0,0,0,0,340000000,,0.0
pool127cp6le6v4hs453tkwnjd6ua9fcmmh7y5zc44zx752yzklgcrcq,,,,1442483670,,,,0,2,445,1442483670,2,0,0,0,0.06,340000000,,0.0
pool127gdv243hfcrapslaqq0nnh64u2gts72gtrt4888g6g2z0zsu64,,TTS17,,1980800684566,,28000000000,,2,934,445,1980800684566,934,2,567192268,346053718,0.01,340000000,28000000000,0.0273
pool127jufnlxk4n6he84qjf8ppzmxs9sjnqlhulnuzsk0uc0whtl9sn,,WILDR,,39373042877,,6000000000,,0,16,445,39373042877,16,0,0,0,0,340000000,6000000000,0.0005
pool127xwsah7jllutuhen8vl7sve5278h7hhxtnys3cl438dyhuwgjg,,ARTZ,,2883572449322,,1500000000000,,3,152,445,2883572449322,152,3,215764738,361637927,0.02,340000000,1500000000000,0.0397
pool127xz8pls3lr6nct6w274ph2g4u83vqajgykf3l9ll772gvmju8z,,,,2162167160,,2000000000,,0,2,445,2162167160,2,0,0,0,0,340000000,2000000000,0.0
pool128r8qqgl9zgy3ff4759a2qslyauu5takaec3nxx4a6mvj3ys8da,,BTCAO,,3797663692861,,1000000,,2,7367,445,3797663692861,7367,2,242636451,700000000,0,700000000,1000000,0.052300000000000006
pool128sj7hpet8874ycvxml85wlv9eyd8pehjhnj3clcvhrr5g5s9qj,,BIZ,,13456933998,,10000000000,,0,1,445,13456933998,1,0,0,0,0.01,340000000,10000000000,0.0002
pool129hymvzfw4ns3keud8zd9pdrpxa54jghsqh2j4jjxh4dcljet2f,,,,97052335,,,,0,1,445,97052335,1,0,0,0,0.035,340000000,,0.0
pool12a4mx8ztxg7dwatm6lmfm36q7eyygkt3y3h29tklvcp6vyxp0nt,,,,93639176088,,50000000000,,0,18,445,93639176088,18,0,0,0,0.03,340000000,50000000000,0.0013
pool12ahcpgfgzkm29zajw8fgfqjma6ngsks7zdk4tr7q280pwfvtlek,,,,32398407017420,,,,35,4,445,32398407017420,4,35,15205566749,1316551233,0.06,345000000,,0.4462
pool12ame5t8hdltyl30npznvhn23kxnvthk82j9p7dr4uew3y92uqes,,,,93546330342,,30000000000,,0,94,445,93546330342,94,0,0,0,0.01,340000000,30000000000,0.0013
pool12cmz6vtm43tztqck4xnayhpmeml4ljxutvuexhwgsvrpwllnscv,,,,3296924076,,,,0,5,445,3296924076,5,0,0,0,0.6,340000000,,0.0
pool12d3th585ga2w593eu5zqnkahsnlczjpqxemjc0qhku7awnhvn8a,,H3ART,,82824959988,,10000000000,,0,7,445,82824959988,7,0,0,0,0,340000000,10000000000,0.0011
pool12dcwy586prq83qggtfvaxwdpys9dw4sl2yahrdjyjxsqzcq84rk,,,,1650180321844,,10000000000,,1,27,445,1650180321844,27,1,63670965,340000000,0,340000000,10000000000,0.0227
pool12e8xz54gjtcz6dzkhua9uq9dp23cqcmf6xc4929t4ep4ketccsm,,SOCK,,27533903712,,12600000000,,0,32,445,27533903712,32,0,0,0,0,340000000,12600000000,0.0004
pool12eht6dqxpzqj87xuextrpufz2gxmt4reuesuw26r2utzw0kw906,,CAN1,,59479427363443,,40000000000,,63,359,445,59479427363443,359,63,29373444658,340000000,0,340000000,40000000000,0.8192
pool12f2r9xf4wvht030xwjhpjvy5yptr275qr2qcydnx57jkxyfzz2w,,FREE1,,525213921424,,300000000000,,0,17,445,525213921424,17,0,0,0,0,340000000,300000000000,0.0072
pool12f68ksfmsthe4r9xx2up9x4zx43tstu3psmjvk57papsv8vu9re,,,,1093094791,,1000000000,,0,1,445,1093094791,1,0,0,0,0,340000000,1000000000,0.0
pool12fclephansjkz0qn339w7mu9jwef2ty439as08avaw7fuyk56j6,,,,4560650395426,,225000000000,,2,99,445,4560650395426,99,2,551689722,352116773,0.02,340000000,225000000000,0.06280000000000001
pool12fr472y9lwzjy055gpuvpxdy5slpe0ej20pykdeatl59zg9ren2,,CARDX,,279093718245,,49000000000,,0,14,445,279093718245,14,0,0,0,0,340000000,49000000000,0.0038
pool12fzerww0hmk0fyvaujz5t2kg6hl4n8daz85rqy5jk8qk58r59y6,,ZETE2,,463649146540,,1000000000,,1,111,445,463649146540,111,1,128039359,340000000,0,340000000,1000000000,0.0064
pool12g6gfm5c4q7rzwwxdmh0xdxk07tyvujp6d9tke2m46k7q7cz7p0,,NDE,,65320386447495,,2000000000,,54,9,445,65320386447495,9,54,24410598784,1095257268,0.03,340000000,2000000000,0.8996
pool12gqhv4vf0y7vngzd3umchjz3yhkqaaalwzltsngpdykgyud5rhz,,,,290347090842,,40000000000,,0,163,445,290347090842,163,0,0,0,0,340000000,40000000000,0.004
pool12h408zlkavwxw4wkw96mt8unjs8sn27k0yk4yhz4pzvsx0wvmq5,,,,679701145,,0,,0,5,445,679701145,5,0,0,0,0.075,340000000,0,0.0
pool12jnulzs7j8lsku4r2a7q6tee6tt66872vwhqh8jxvgzn6837jtl,,1JPN,,49532311445019,,100000000000,,47,681,445,49532311445019,681,47,21611303019,558755291,0.01,340000000,100000000000,0.6822
pool12jqfrwhuv2jn0uymwmud2d63gp5drj08fjfart9dxgpu2tmj8a0,,IOGP,,2925923,,64000000000000,,0,1,445,2925923,1,0,0,0,1,500000000,64000000000000,0.0
pool12jzydsj2yjjn59zefvgz2q47rvfk950xckm5x4ejcdvucueg5c8,,ZILLA,,24404162,,20000000,,0,1,445,24404162,1,0,0,0,0.02,340000000,20000000,0.0
pool12k9dcw2nalx5k4navgrcuulym35c4jr2aqqr2vft6cnlvxh5rye,,,,10373236257,,10000000000,,0,3,445,10373236257,3,0,0,0,0.01,340000000,10000000000,0.0001
pool12kdg7dmdfh0t9hmy43pvl38ftu5dvppyn86wgkc4jq8557xkyz7,,RENEW,,383164962718,,30000000000,,0,25,445,383164962718,25,0,0,0,0,340000000,30000000000,0.0053
pool12ktz62g9d32nq0cdk9jyyqg6kquj7lnmx776at5h598supql0t2,,CTEC2,,7787001886810,,10000000000,,5,4,445,7787001886810,4,5,839113518,1521300186,0.5,680000000,10000000000,0.1072
pool12l453n0jtxqq88cgwgr67z06ldyhqqvwxgkn0sgungjfvhtp2el,,EVERS,,47913286138047,,1000000000,,48,20877,445,47913286138047,20877,48,21283324437,1287048360,0.04,400000000,1000000000,0.6598999999999999
pool12l6mjdfs08t5g9q5uck8mw42yr8l2rkxk26kpljcp4p0u9zz9v7,,,,2105374,,,,0,1,445,2105374,1,0,0,0,0.03,340000000,,0.0
pool12lsfsh2s8yt8dvrt9m8kgrgr6ktntngvn2vad60xlqz7kxz9fxr,,POP4,,10458637643214,,50000000000,,7,63,445,10458637643214,63,7,2802843954,488365690,0.05,340000000,50000000000,0.14400000000000002
pool12m7z9p7jqymxrvvp6z7vmfdu6j6u6y43p0m6y4xalz43sc8s4t9,,,,33777280469761,,,,22,8,445,33777280469761,8,22,9551412640,842708164,0.05,340000000,,0.46520000000000006
pool12mca6l778v2e5wq5a4kc08h6grcv9j6f7yykt9wyjttckfxksvg,,,,1014271248,,500000000,,0,1,445,1014271248,1,0,0,0,0.01,340000000,500000000,0.0
pool12mmcc4rc2fzfv7gyv8h06nvnsrm3m7erzdv8x6gzvjxlu2lf09n,,1PCT3,,20036959445000,,50000000000,,13,395,445,20036959445000,395,13,5729332927,398037735,0.01,340000000,50000000000,0.276
pool12mvua605f7w2gs90d580ywzyyf96je0y5q6zwcz2l76tcdqa8y9,,,,507423329,,500000000,,0,1,445,507423329,1,0,0,0,0.005,340000000,500000000,0.0
pool12n6lycv28kjtkzecfz2a3uujyxy6ewuwjcmjq84my67psqmgagv,,MANT,,25466278600734,,100000000000,,25,762,445,25466278600734,762,25,11276148279,454817532,0.01,340000000,100000000000,0.3507
pool12ndf7w5f4fdn746s5zlay4aexvcsjncnnmjwfp8falascjqav3y,,SAMON,,414661658207,,3000000000,,0,26,445,414661658207,26,0,0,0,0.02,340000000,3000000000,0.005699999999999999
pool12nhydvz643puda5jjc7hxyphk9685n8tlsgeenfvtttckd803e5,,,,1434673,,0,,0,1,445,1434673,1,0,0,0,0.075,340000000,0,0.0
pool12p0qtp89dfzr6spqq4xl6ha2s9m8lqydnvfafyd0h38fy0hfv3f,,PANDA,,187256192,,20000000,,0,3,445,187256192,3,0,0,0,0.02,340000000,20000000,0.0
pool12pk63q22re4up2dg86tyjwthuauqu0ryq3jlxs9v29zk68cpugl,,0AKN0,,8454373267,,5000000000,,0,3,445,8454373267,3,0,0,0,0,340000000,5000000000,0.0001
pool12pvaxxcv3sgad5jqgfnggn337y76kp02uauptkufjjjes7nxwfm,,SVRN,,264764286896,,144777000000,,0,31,445,264764286896,31,0,0,0,0.016,340000000,144777000000,0.0036
pool12pwp8hln0cjsxv0h2a0463qsakkhwetfhyqw7vzmpwd2jdj86n6,,KAP,,957462179454,,200000000000,,1,9,445,957462179454,9,1,103387450,341328104,0.01,340000000,200000000000,0.0132
pool12qj3qpa2ca3jq8nj6p5psjrx7xu7dvjm25xra5s0sxxps4qx7c8,,,,24517029,,,,0,1,445,24517029,1,0,0,0,0.03,340000000,,0.0
pool12ql6www8aa8usn98azlkz76d2htxtm9swalvyac27rlq6mdkxc7,,IOGP,,1481480,,64000000000000,,0,1,445,1481480,1,0,0,0,1,500000000,64000000000000,0.0
pool12qrgswlflndwp3met59zmuclqp4wryn4e9428gm7n8vwymnhvng,,VALOR,,228312765825,,10000000000,,0,14,445,228312765825,14,0,0,0,0.0437,340000000,10000000000,0.0031
pool12qtv7kyrx8g0d5890alk6dkc6n6nyfx80synspvqafjrqd3ergz,,ASAHI,,7823525180176,,40000000000,,6,76,445,7823525180176,76,6,2475802721,340000000,0,340000000,40000000000,0.10769999999999999
pool12r08n33avu33ncstukwxyr440mgaazmuclay38v0yt34xytu2dq,,FALCO,,175686584653,,42000000000,,0,61,445,175686584653,61,0,0,0,0.02,340000000,42000000000,0.0024
pool12r785pdfuyk5syca9pxs72ssjqxpyg4azrp3js5jx2et596vvwp,,,,39047648645,,,,0,7,445,39047648645,7,0,0,0,0,340000000,,0.0005
pool12rruj0mjqzaf8ryg7ny0x77y80lpdxd7zh4kgg5zyy0r2rzue0q,,INFAR,,11118,,2500000000,,0,1,445,11118,1,0,0,0,0.015,340000000,2500000000,0.0
pool12rs385dd534g8gtdtmnvlhq63whdvc6vnuzxa5cpx843zdy73qy,,TERA2,,24616182167629,,300000000,,19,1494,445,24616182167629,1494,19,8549863354,426364796,0.01,340000000,300000000,0.33899999999999997
pool12rt30v5khmh2y9nap3ffe6envd89lq9qf8f4usr0enwwzzwktsu,,BRAZL,,11599922485,,0,,0,7,445,11599922485,7,0,0,0,0,340000000,0,0.0002
pool12rv575nj9cfvy0r4th7jtz5x3nt6waht0qe5fdr58ucx77tk7pu,,4BIZ,,5647630894,,5000000000,,0,1,445,5647630894,1,0,0,0,0.01,340000000,5000000000,0.0001
pool12t3zmafwjqms7cuun86uwc8se4na07r3e5xswe86u37djr5f0lx,,NORTH,,69776544690432,,10000000000,,63,4502,445,69776544690432,4502,63,29355490408,340000000,0,340000000,10000000000,0.961
pool12te7g032e9dqjqe5xsr05mrk7xs9ve4w6t275cda7e9quafr3zq,,,,1498708763,,,,0,2,445,1498708763,2,0,0,0,0.075,340000000,,0.0
pool12tlu3dm864fzxgcjp9jrsykcmcvxskjtqwy07z982avqx3n9dp2,,,,21172503898,,18308000000,,0,4,445,21172503898,4,0,0,0,0,345000000,18308000000,0.0003
pool12tvj2j05hh6gtsvw349vuesyn0zphh75u7vadh5rkjs566s2ty5,,,,2777695130,,4000000000,,0,4,445,2777695130,4,0,0,0,0,340000000,4000000000,0.0
pool12u28yewx8ycf6dj77lzpj6vvhjwp6veh6kxpc63h8fqnqqtlwmu,,NOOPS,,547474352113,,60000000000,,0,367,445,547474352113,367,0,0,0,0,340000000,60000000000,0.0075
pool12udshcl3ycj4qpxes28n0ugsye23h89rj8z2a5ast4482m08xe7,,QQQ,,30963791590185,,0,,29,27,445,30963791590185,27,29,,13702516919,0.99999,99999000000,0,0.4264
pool12va8zrqehhwuz39trxgq6dagzjyq3qjenqd96jy9qvwwx2372zv,,BNP,,6000000,,2000000,,0,1,445,6000000,1,0,0,0,0.06,345000000,2000000,0.0
pool12vs4c3cm0tr49c7alrevfs0xa5g3s4al4fn46h33e69uusat04v,,BLOOM,,34382900450022,,1000000000000,,39,3740,445,34382900450022,3740,39,16923913688,1066301004,0.04,340000000,1000000000000,0.47350000000000003
pool12vv4c6z7yf8j4m2amzej4j8tn2d4dxklqk5nqztz7wl02gratjp,,RETIR,,155465146954,,0,,0,121,445,155465146954,121,0,0,0,0,340000000,0,0.0021
pool12vx0utf438rpxskmvwm870vpz6qnur39jzl7gs3hhhldqekzjea,,,,1967532926,,,,0,2,445,1967532926,2,0,0,0,0,340000000,,0.0
pool12vyqstpuv48tgs2ygf57npl6phzscrfll46lyq6tw4l4xknp54k,,,,383049764449,,30000000000,,0,19,445,383049764449,19,0,0,0,0.0049,340000000,30000000000,0.0053
pool12wpfng6cu7dz38yduaul3ngfm44xhv5xmech68m5fwe4wu77udd,,APEX,,17273010492393,,50000000000,,31,271,445,17273010492393,271,31,13978189804,626210719,0.02,340000000,50000000000,0.2379
pool12x6z2am9fxpw7s8wfjpsdd4jm2v5wdj62fshv00ztpxr6jy3ztp,,MIAS,,593799895,,100000000,,0,2,445,593799895,2,0,0,0,0.01,345000000,100000000,0.0
pool12xxugucen5pql0ay70uakgqjaxpwfj6c9py8euyu4q3p23s0fyg,,,,32375790411792,,,,22,2,445,32375790411792,2,22,9437833911,948000775,0.06,345000000,,0.4459
pool12xyhj4ktuhy0gage20p3e6z6r3s0tun7lmsk89lxv4y5wh93t0g,,,,3551791698,,0,,0,4,445,3551791698,4,0,0,0,0.075,340000000,0,0.0
pool12yfqjghmn47qajajqduf2rd83qxtdhva8j0qdctmla4v5w3mhq4,,,,84356222123,,31544000000,,0,16,445,84356222123,16,0,0,0,0.005,340000000,31544000000,0.0012
pool12yscr8j3zs34ewxrwlk0p2w5uvgcnrzywpp78ddjsj8kxd530f9,,GERO,,3994881503589,,50000000000,,1,503,445,3994881503589,503,1,130838683,340000000,0,340000000,50000000000,0.055
pool12z39rkzfylvn9wfe8j6x9ucq6g2l4mw4azj70y0gd8ejczznyj3,,BRAVO,,69748857434321,,310000000000,,54,10733,445,69748857434321,10733,54,24775038206,591498247,0.01,340000000,310000000000,0.9606
pool12zcqkql458zh0pxvpw9qad8mceccdatk2lm0cpxfql557lhve8y,,,,923691183,,2000000,,0,3,445,923691183,3,0,0,0,0,340000000,2000000,0.0
pool12zgtcv0cu5caet8y2tna9l0jhthr46zpwh49dh0g4ew05st2t2w,,,,218615274,,,,0,1,445,218615274,1,0,0,0,0.015,340000000,,0.0
pool130hx49xrg3cjtdqnqegmn03z8fgu6juenyctws0feh6ekdy0fam,,RAVEN,,37297447304,,1500000000,,0,4,445,37297447304,4,0,0,0,0.05,340000000,1500000000,0.0005
pool130sxcuaxh2yc4chs68c4jsep4v7zfhgdqutm60ngdvt9sa2ga06,,,,4554611863,,600000000,,0,35,445,4554611863,35,0,0,0,0.02,340000000,600000000,0.0001
pool130u9tm5kzsjkzlt4zq989s33fne5n9qahkdcmamh688wzrk78g6,,,,4515762065,,500000000,,0,2,445,4515762065,2,0,0,0,0.02,340000000,500000000,0.0001
pool1329xugchyesx3zzm96nylqlpz78cauzhgvlxawtll0pt7gnyul7,,,,1323377929932,,,,0,3,445,1323377929932,3,0,0,0,1,340000000,,0.0182
pool132wlg2axv5elynquuwt40tc2av9pl0583axmvu4hwch9unh29y3,,WADA2,,13075859670,,10000000000,,0,2,445,13075859670,2,0,0,0,0,340000000,10000000000,0.0002
pool134d4ndkh0q43mykqh922k0khrrkm7rlpkj834ju6kwja6dmu2f6,,,,32422642706675,,,,25,4,445,32422642706675,4,25,10768686729,1033050881,0.06,345000000,,0.4465
pool134qwr4wczuvr5r9zvylhmxv2dtpevgtz4khn65tk4a7tkh9cd52,,WAV9,,1854034551233,,100000000,,3,1,445,1854034551233,1,3,,1417502334,1,340000000,100000000,0.0255
pool135h773klt7djljmyawkh88e8qc457wxqfhc6j9h6y9n4y3sgh7t,,,,5311671952920,,,,3,316,445,5311671952920,316,3,1075389887,340000000,0,340000000,,0.0732
pool135t6gh8sa4ahajdzw76yy7m5r0js49ra4990ahrk6ydzxef4xrd,,,,40206064851267,,,,14,2,445,40206064851267,2,14,6055368264,559625286,0.035,340000000,,0.5537
pool13682rvnneuwl5j7tfh0zfp2t808zujjdrw499qkahuxd6zqxz00,,,,1000000,,761705955,,0,1,445,1000000,1,0,0,0,0,345000000,761705955,0.0
pool136903m0kag2amlga2ypcz8wnf7d552qgy5t6vz2pqlzuq2kyshy,,DEEP,,131006976073,,200000000,,0,64,445,131006976073,64,0,0,0,0.03,340000000,200000000,0.0018
pool136ahugdvaenv8ed0d3m9af4dxxtzu7u3vpfq4mxk7qq6xuvd0ca,,BLOXB,,428796991801,,50000000000,,0,20,445,428796991801,20,0,0,0,0.01,340000000,50000000000,0.0059
pool136mu955m4fl6stzq9rjrsww92xftwnjr85997zykeqylc9h3k8u,,ODA,,3092547,,100000000,,0,1,445,3092547,1,0,0,0,0,340000000,100000000,0.0
pool136q98jnwt093qle4ph86vdpuwplg7gyvt20h2nq4m6ksv8xjcuj,,,,55988917542358,,,,72,75,445,55988917542358,75,72,33316095410,676801122,0.01,340000000,,0.7711
pool136wr0g23dw9daekuyqtgk366vywms6meespgpm3hdguxqczaaug,,DDLT,,6132147093985,,100000000,,7,1164,445,6132147093985,1164,7,2768506260,486851828,0.05,340000000,100000000,0.08449999999999999
pool137cuaqqktk0rhh3a9zj4rchr75qm07pgzgekprle5qyq2xk2nzq,,PDT1,,247982052092,,100000000000,,0,15,445,247982052092,15,0,0,0,0.01,340000000,100000000000,0.0034000000000000002
pool137j9xuzycq4jxfpsmjnc75w2wnpz68khlwvsh69kt5negg6ldhg,,WHITE,,1617225038466,,50000000,,2,198,445,1617225038466,198,2,604710630,340000000,0,340000000,50000000,0.0223
pool137x32lrkprphrd0aa8x4jqz98z6lc0wawlc88hdjeps4qe408ad,,KUBE,,40765749589,,5000000000,,0,3,445,40765749589,3,0,0,0,0.02,340000000,5000000000,0.0006
pool13846y7q7tng3endxhet9qdcz5w0fjs09ytcye4dm5g54wmyqeqr,,BSP,,40030063945125,,40000000000,,30,786,445,40030063945125,786,30,13549767978,478606484,0.01,340000000,40000000000,0.5513
pool138e249zh9l93azsf2pf7wyhxyayzcxdhsrg3vqpfx665c8xa348,,LGND,,53694740,,500000000,,0,1,445,53694740,1,0,0,0,0.01,340000000,500000000,0.0
pool138m7hevnvp664cmtralju857t5k7e4frpnaevtgpuykggr50kne,,ITC,,44038541189629,,10000000000,,37,8863,445,44038541189629,8863,37,16265627498,1017792977,0.0399,340000000,10000000000,0.6065
pool138s0uwydwtrhkaqj4uwkh37yqw098v9v6nf5q08k9nugumlf8mw,,,,12311627072145,,,,14,9,445,12311627072145,9,14,6274681593,340000000,0,340000000,,0.1696
pool138ympy6qjnq35snr5utt072dzt4lnzppyjauuppce4heqn2rgjc,,FLACH,,2502784337318,,50000000000,,2,5,445,2502784337318,5,2,,945192541,1,400000000,50000000000,0.0345
pool1398lzhvtaa0hgz305d2jz4urfkwkkt66yv476wqe6att2f7dphh,,,,26235527181164,,0,,22,1270,445,26235527181164,1270,22,9049510913,1345501220,0.1,340000000,0,0.3613
pool139ffqrvyqu9sgsekk3pu9t7jxx872w655vses7d4q4sxxyd257a,,ADATH,,120327671249,,0,,0,215,445,120327671249,215,0,0,0,0.01,340000000,0,0.0017000000000000001
pool139l6650n4u0gg9fmnd3aczp62q5xwngp299pwwhe2mj7sm5vqs6,,,,1231208,,0,,0,1,445,1231208,1,0,0,0,0,340000000,0,0.0
pool13am73gpq93hrngwpnlz34cwcytuykpytxtkz9srmrq3x6x8qlsu,,,,465409359,,24884130,,0,4,445,465409359,4,0,0,0,0,340000000,24884130,0.0
pool13annzt9hjfc822f0ejvxjf7fsmxd6cc28whpk5kagec6ggfmm7u,,STSH3,,34795834619212,,1000000000,,22,35551,445,34795834619212,35551,22,9542510048,847501866,0.05,345000000,1000000000,0.4792
pool13c9mnvfx4nvwvkszxcprwlv60fh3tteef50hhhv9yxptsua2v70,,DARK,,71265455371740,,68000000000000,,67,6,445,71265455371740,6,67,,40387533029,1,340000000,68000000000000,0.9815
pool13crd2ljx87988umk22er6ynwadfwdqupdpcq6prc6v59z62kxse,,BLOOM,,38245062777490,,1000000000000,,40,2800,445,38245062777490,2800,40,17413069748,1085055194,0.04,340000000,1000000000000,0.5267000000000001
pool13daql23lkcwwj0gsz0dnu9tu20pugpswfped3kp05ekxkgmcumt,,,,56880580345,,,,0,6,445,56880580345,6,0,0,0,0,340000000,,0.0008
pool13ds97sp5wtfpu7x720pj843ax2chfrcj25d88a39l8czjmg4gkf,,,,103000000,,2000000,,0,2,445,103000000,2,0,0,0,0.069,340000000,2000000,0.0
pool13ehs4gzc9t6tjr5rpynqtyp8act4jfqth54huymasuslj05fu8z,,,,38237942505940,,100000000,,34,2,445,38237942505940,2,34,,16065026471,1,345000000,100000000,0.5266
pool13ew2l5glvzj6l8r0qkjqchxjyg7tzmv604zh4y68kvhf5x5skgu,,,,156643555544,,,,0,8,445,156643555544,8,0,0,0,0.05,340000000,,0.0022
pool13ft2syyqvrd0x89hcyskvz3dymqz6xavq646x2gy79lq6lrthrx,,VKP,,4758326843,,1000000000,,0,5,445,4758326843,5,0,0,0,0.03,340000000,1000000000,0.0001
pool13gyxktxqh8umjn3dh2uk9nucacnegl0ppcsfg236hkfhcg8asxf,,OGER,,17758678,,50000000,,0,1,445,17758678,1,0,0,0,0.15,345000000,50000000,0.0
pool13h7z0g56m0atqukzpdt8anrdytpyt57xmu8v5vv8rase5hswern,,CZLO,,1282530275,,512000000,,0,2,445,1282530275,2,0,0,0,0,340000000,512000000,0.0
pool13hc7e9axpm0c4us03rwcw996t8zyz5452p0hpa6ehpy2z6gnqae,,,,10766507074,,7000000000,,0,12,445,10766507074,12,0,0,0,0.025,340000000,7000000000,0.0001
pool13hxlxd6qa68fmfhrvvmasa0mjg30tj9p5v2lmgmgsmrp2rgzkfp,,dtDn,,2031303623389,,275000000000,,4,25,445,2031303623389,25,4,152216655,340000000,0,340000000,275000000000,0.027999999999999997
pool13jf2uxjk7c2cl6nfllvnrdd6sv4eeq9zvwx23u3wrf97kvufj7x,,,,6418306339764,,0,,3,5,445,6418306339764,5,3,,1417501749,0.999999,999999000000,0,0.08839999999999999
pool13k6tphjfsgqdq7h27p4x86ruchcdg2x073luw8pndh3ajxvwvja,,,,6101018227578,,,,2,160,445,6101018227578,160,2,593317355,350999933,0.01,345000000,,0.084
pool13l9hxj5dke9yd8xrxtfdkxgppj4wdyy52k99jded9f4kv5ce7al,,,,2642721585478,,,,2,337,445,2642721585478,337,2,593485311,340000000,0,340000000,,0.0364
pool13lswc5y4zycu9u63ktssp6rnczt97fy54cqk4s2ehwjawg5tlh6,,XMOO,,250000000,,200000000,,0,1,445,250000000,1,0,0,0,0.004,340000000,200000000,0.0
pool13lz5g3f0kef09j5jvlw4t0dq7ejugl5q8sh0r8yyaxhdu04z560,,ADACP,,3322677303,,5000000000,,0,2,445,3322677303,2,0,0,0,0.02,340000000,5000000000,0.0
pool13mas2wthxs28zftxskcsd8t87jk2w9ntc0u5uflt45sh7lcvs8h,,,,72792438000816,,,,74,459,445,72792438000816,459,74,20094375161,933793122,0.015,340000000,,1.0025
pool13mjxg33urh0xquvw33kjn85yw7j42uwqw0pvh8s6c67rszr7ssz,,MIHOP,,667661521916,,30000000000,,0,16,445,667661521916,16,0,0,0,0.01,340000000,30000000000,0.0092
pool13njpuytryujfz5csc8f0mlx3rc666jx9fl2e302c4cdpxaghfnm,,W3C,,23169452595,,15500000000,,0,9,445,23169452595,9,0,0,0,0.01,340000000,15500000000,0.0003
pool13p725l7vqedxvkrstaq7myguewcktjglapwls3re7wakxdv90fw,,ANCO,,127034147476,,100000000000,,1,4,445,127034147476,4,1,14004848,341988136,0.015,340000000,100000000000,0.0017000000000000001
pool13p8rkc9nv8umw98qdvjqv0tmwgjmzlmyedrd3m50pjpp58ek53a,,,,116330953,,40000000,,0,1,445,116330953,1,0,0,0,0.02,340000000,40000000,0.0
pool13pclvkwxee4znt7qc55k8ny89zvdkvfrt04dtd99zjm5vs2tws5,,CCJ2,,31404018164069,,100000000000,,27,177,445,31404018164069,177,27,11788491081,936293196,0.048,340000000,100000000000,0.4325
pool13penezr0xr3httf4ty0gexhrgkct2xdpajv2jda5rsnpsaakzgf,,,,550256068,,,,0,1,445,550256068,1,0,0,0,0.02,340000000,,0.0
pool13pt7us94nw782t5v4d89sz8zqn8hcn8r8r7hhph5mvxvvp3c76v,,DIGI6,,12262962727614,,215000000000,,13,941,445,12262962727614,941,13,5466022602,485204365,0.025,340000000,215000000000,0.1689
pool13q546lq5lmw9pp9cfwwmx53uh4ysajy28upydg5n8tcx5ayz682,,,,102644358,,2000000,,0,2,445,102644358,2,0,0,0,0.069,340000000,2000000,0.0
pool13q8kl9s0kufpl0vjmnrk2f2nz9nle3k9l3pnzh4negaf7kmd80p,,,,1851238114,,1000000000,,0,3,445,1851238114,3,0,0,0,0.05,340000000,1000000000,0.0
pool13qdkwy5y88ncr5qpjrh8hgtf94d0zw4wuhgezjg3hvlyyrh37c7,,SECUR,,39841446401333,,100000000000,,45,759,445,39841446401333,759,45,20661334713,340000000,0,340000000,100000000000,0.5487
pool13qe6ycacqjg3gpvjewg8734d6hs6rhduuenjtnnkwh327hmtyz5,,TDOT,,407798607263,,50000000000,,0,21,445,407798607263,21,0,0,0,0,340000000,50000000000,0.005600000000000001
pool13qppafmw3vq5rl4ewmxv7zy84x3rshx9sdczs0zq40cxu0dqkrg,,CIEL,,12928574717,,10000000000,,0,7,445,12928574717,7,0,0,0,0,340000000,10000000000,0.0002
pool13r4e7tttcxp4qfs4gqtv0hz5k48qdhhxrskz8pjrj6fqy5qmee0,,,,17296062531,,,,0,26,445,17296062531,26,0,0,0,0,340000000,,0.0002
pool13rx88l4d5gpw69e586tfcdeuzmx6f2ys95pqjnlnmlzrs739h0y,,btcs,,39959980017567,,3000000000,,35,238,445,39959980017567,238,35,,16537725309,1,340000000,3000000000,0.5503
pool13s5faca3kkg6jhqcll8xd9tarur3zkhalyuu92d5g87zyj4wrrc,,,,58932022865347,,,,37,2,445,58932022865347,2,37,16285395505,1197126079,0.05,340000000,,0.8116
pool13s6u5zjngelr5uddhqygqqf5tcup0g3ajenma6amy9zuu7e97gm,,CTL,,319248571788,,200000000000,,0,7,445,319248571788,7,0,0,0,0.01,340000000,200000000000,0.0044
pool13ss25l908k5vqfw0aq2t66xr3hrvlqlsf4tfsmp59kyfxhfmah3,,,,10573027034,,,,0,1,445,10573027034,1,0,0,0,0.15,345000000,,0.0001
pool13t8yafhx3mfnxs8nnkvgqnm9v5gspk7cdjc5dmpzpt0a6h294yn,,,,21810514139137,,,,23,1,445,21810514139137,1,23,,10876432244,1,340000000,,0.3004
pool13u45a953lme8y835e5upndqp50r887dha7gt26v6hcaeup4aavx,,QET,,1729423021,,1729000000,,0,1,445,1729423021,1,0,0,0,0.0199,340000000,1729000000,0.0
pool13ucz6778ywff5pmcag4pcknq9gm6j04qtgh65cu9c5mt73t5ulv,,GLOBE,,15301597123,,50116000000,,0,6,445,15301597123,6,0,0,0,0.02,340000000,50116000000,0.0002
pool13vc4ekwpky5vtnl8pyj60phkmwtv7gsthn4g525udt7mjycs85v,,ANTRX,,25610142128,,5000000000,,0,14,445,25610142128,14,0,0,0,0.02,340000000,5000000000,0.0004
pool13w9mcp8af4ef8vwsw624ams38w7hs0chvtjknz2t3pcxkm8w9m2,,,,9630058,,5000000,,0,1,445,9630058,1,0,0,0,0.9999,420000000,5000000,0.0
pool13wd88txwe9xhgld7hf6v8kstppcexmqu6t4fhxwx5zktz0l5nxv,,PETRA,,6728888315,,2000000000,,0,3,445,6728888315,3,0,0,0,0,345000000,2000000000,0.0001
pool13ws3wf9skw0ngg3aze482tdxqsnfmvf4vgy46cux599mxm8n27g,,8BALL,,1132239598725,,808000000000,,0,22,445,1132239598725,22,0,0,0,0,340000000,808000000000,0.015600000000000001
pool13wtywenpwvg5snncx5zvxevvry85cp3c9nq0xlxlck9l7qh2spx,,0BoB,,323808066363,,50000000000,,0,8,445,323808066363,8,0,0,0,0,340000000,50000000000,0.0045000000000000005
pool13wzpwavanfpkr4r4j30plrlc6dn6p822lkt22zdllmy7q8y7s90,,CARBO,,94983394134,,50000000,,0,77,445,94983394134,77,0,0,0,0,340000000,50000000,0.0013
pool13xh3tgwzhr3hn25v5m2dnvqnfcmnzghcfah5t7kzufkywuy7w7v,,,,394528338037,,100000000000,,0,180,445,394528338037,180,0,0,0,0.01,340000000,100000000000,0.0054
pool13xlhhdl2phz8sup0hwcuhp6c4kscrtxs6d05n99hnmuakfkd6ws,,,,39624703,,0,,0,2,445,39624703,2,0,0,0,0,340000000,0,0.0
pool13z9mfsve9w39sl5akgz58yewad9daycxn8ja426ytdxey47yatu,,,,22111207169222,,,,18,1,445,22111207169222,1,18,,8511991327,1,340000000,,0.3045
pool13zdrhek6m4n947grhrm0772zt09lrm2vzkffsla25e7yq6xqjkg,,FPOOL,,173584856430,,50000000000,,0,42,445,173584856430,42,0,0,0,0,340000000,50000000000,0.0024
pool13zh79cqv3y36cgknzagwegp8y0kuzel2j046jmup97hhjwk5myw,,,,34234639608,,100000000,,0,35,445,34234639608,35,0,0,0,0.015,340000000,100000000,0.0005
pool13zkcgp7se22046p9gczt98au93dw85q2g7m3zany4kzf66y46x0,,TERO,,22099232239,,2252000000,,0,31,445,22099232239,31,0,0,0,0.02,340000000,2252000000,0.0003
pool13zq5jktx7xmngfer82nkrs8aqjklmydntxdqzttas328yuttgx6,,,,4524723376427,,100000000,,4,35,445,4524723376427,35,4,1168193243,340000000,0,340000000,100000000,0.0623
pool140x77a7cz2j689lmxf836qpjtc3y83rka28v6gpswxdw2mag62e,,UNDR,,17356008194076,,250000000000,,16,64,445,17356008194076,64,16,6898840527,556109107,0.0299,340000000,250000000000,0.239
pool140xj040w37pcufxdhpjne03sn2rd0fxys4m2c0sgjw5pqjnlx8f,,LAKE,,569687925616,,25500000000,,0,31,445,569687925616,31,0,0,0,0.02,340000000,25500000000,0.0078000000000000005
pool1429egqgv60r3nxlp6cvs08qcffv7duddjvyjd0pt6wzhj7akda8,,,,4928620845267,,50000000000,,9,219,445,4928620845267,219,9,3798495176,379133750,0.01,340000000,50000000000,0.0679
pool142cpn2gm89q72srv9pt7jtt7p7yg43a8ltfqhz3jp3t3xuh7x48,,QUASR,,10332251008,,100000000,,0,3,445,10332251008,3,0,0,0,0.045,345000000,100000000,0.0001
pool142xwjhpcvtp7tahpmn8tlnek7smefp9wn66z67j8vjpmjxqdg56,,EDEN,,69927838821149,,1000000000,,71,1096,445,69927838821149,1096,71,31088717009,746688920,0.012,340000000,1000000000,0.9631000000000001
pool143d6z506u6yfufgzrtx8ywcwx3j4s29lxv5tdugcpcwk2l83gck,,,,58972828586744,,,,46,2,445,58972828586744,2,46,20325275494,1409751342,0.05,340000000,,0.8122
pool143nv3macakarny2hvg67gg00q5j2kdg6yfvcmefqmea3vnj0nex,,AND,,52479771131,,3000000000,,0,7,445,52479771131,7,0,0,0,0.04,340000000,3000000000,0.0007000000000000001
pool143x8nhnr3j9mpzvhayuaen0y8l350guj6yd8mhmhhuupvuah3hh,,XSEC,,688683103995,,580000000,,0,29,445,688683103995,29,0,0,0,0,340000000,580000000,0.0095
pool1442wwr8zzdpcu8uwnglackzr3u5ggrmfxsjja0s7aef66hk2fuc,,PASTA,,62776305137,,20000000000,,0,14,445,62776305137,14,0,0,0,0.01,340000000,20000000000,0.0009
pool144cfav5vd6vwaej6cspzea3pjfvdcjg86uzv9phxegz87ynw2zz,,,,160730261,,114509625174,,0,3,445,160730261,3,0,0,0,0.03,340000000,114509625174,0.0
pool144m894gswuy3se407ma5870nkaw5ylykrak73gf4kpepj50ulfa,,CLUB,,1549030258088,,0,,1,216,445,1549030258088,216,1,127712158,343975596,0.03,340000000,0,0.0213
pool1456lrrp0a3gsgkmyx0rm8wkdmdku75tfdlu9xvpffvxmqmjkwee,,ADPL,,157261289604,,25000000000,,0,18,445,157261289604,18,0,0,0,0.05,340000000,25000000000,0.0022
pool1457cnl7qu568h98xrw8krfnjkhf05mfhaq2l50epwy36yuln20q,,,,57894784389203,,,,52,138,445,57894784389203,138,52,13849582816,1384686664,0.04,340000000,,0.7973
pool145ak0czqxe97ef38zjupk0pz5yk7pahcyrdfee2lrnsnwawj6dc,,TIA,,2240320172154,,10000000000,,2,1252,445,2240320172154,1252,2,566467602,366832463,0.045,340000000,10000000000,0.030899999999999997
pool145dkdplkqke4g0unzkjljeh2wr797d08k2jv822rhmmc68xak38,,,,17222693093578,,5000000,,14,318,445,17222693093578,318,14,4231631834,467627035,0.02,340000000,5000000,0.2372
pool146842tr5vgq52vksmccp82ttelgk6vwy5804sknmx6slyrehm4y,,,,546167098,,,,0,1,445,546167098,1,0,0,0,1,340000000,,0.0
pool146fn2mcz0f9npcuqwvr3xjn93840jzueja973uc03xkqvl2w36c,,,,45210057541616,,,,12,5,445,45210057541616,5,12,5143445712,526550245,0.035,340000000,,0.6225999999999999
pool146u0r8qh0jg6rd3th76q6cepwm03nya4pkvfj08juqrz7wxnfv9,,PINAS,,7622358,,100000000,,0,1,445,7622358,1,0,0,0,0.02,345000000,100000000,0.0
pool14723n6gf5yu6k7rzst4c0c4ujql6rmypyr5v6z362p4ywq9ejw7,,TKHN1,,55387794532,,5000000000,,0,93,445,55387794532,93,0,0,0,0.05,340000000,5000000000,0.0008
pool147en6w8f9cplnn5x7qt4ese7fpacmmcwuffrtu0yqxpaz4agppr,,STI2,,28068672785980,,37000000000,,20,2739,445,28068672785980,2739,20,8930187277,476555701,0.015,340000000,37000000000,0.38659999999999994
pool147t2chee9vcyjxtafwd8emkjj88f9dra0xa2clgwlr6m7tzdzvz,,GIGAX,,809142273,,10000000000,,0,6,445,809142273,6,0,0,0,0.03,340000000,10000000000,0.0
pool1484zq40k4xg69t55z4fqz78zz6j3t9pvlw4jd635w692xhfzkka,,,,30471557042,,30000000000,,0,1,445,30471557042,1,0,0,0,0.01,340000000,30000000000,0.0004
pool1488f5rzus7kpu3zr6zwyw8mdy0rj4m3knssv58enurgsx40msjf,,,,1087461798,,500000000,,0,3,445,1087461798,3,0,0,0,0.02,350000000,500000000,0.0
pool149d5lzg7m6susau4f4yfdztgkty34qrcdpvd3ygsetmljgxxf8g,,TERA3,,38056246694881,,300000000,,42,1330,445,38056246694881,1330,42,19469266587,340000000,0,340000000,300000000,0.5241
pool14akj80fz4z2zpxfld2jwvzdelvctck52uavy2kjv0l925nmj37t,,,,1427478439,,,,0,2,445,1427478439,2,0,0,0,0.005,340000000,,0.0
pool14cautfm2e8jxv79tv59grnryjxs8f2wewz66wup695xgu7wjnvr,,,,564656478320,,2020000000,,0,59,445,564656478320,59,0,0,0,0.005,340000000,2020000000,0.0078000000000000005
pool14cq4fchmmqjygwjw4zexmqqd6a7caxptjnvseyu6wanjuppv4vk,,CH1,,7268991288969,,3000000000000,,8,127,445,7268991288969,127,8,1205842566,340000000,0,340000000,3000000000000,0.1001
pool14cteh4nuwyvqadavujaf8qy05g208y66ddmct4vwlzurj0zluet,,NOBES,,112763304646,,1000000000,,0,89,445,112763304646,89,0,0,0,0.03,340000000,1000000000,0.0016
pool14dswwngc8j92uek927jced2lfc7c4pa4ss9gry9nu9rhkc7a055,,VRIJ,,488806605105,,100000000000,,0,13,445,488806605105,13,0,0,0,0.05,340000000,100000000000,0.0067
pool14dz6syalxmtlykaudkk50t9xtve0ne2rvtsgqmyvfeg5cxx68n4,,,,1827591660,,1000000000,,0,2,445,1827591660,2,0,0,0,0,340000000,1000000000,0.0
pool14e7g4xmj77s7sy5uajwvdmvejmjcvhkf449tasq3tz80gv098t8,,,,872085077,,50000000000,,0,1,445,872085077,1,0,0,0,0.05,340000000,50000000000,0.0
pool14enw2643rn9nn6yzv60jyz3hj4kxs0jvap87lkgsqykh508jxm6,,STSH2,,17729077208974,,1000000000,,11,19662,445,17729077208974,19662,11,4606790345,587625996,0.05,345000000,1000000000,0.24420000000000003
pool14exgv53wem2jwutrqpsdxtrl4hweefymltq02xt72z60x8ge4qf,,ADR,,449960297,,100000000,,0,1,445,449960297,1,0,0,0,0.02,340000000,100000000,0.0
pool14f0uj8vghxzs09p3rzvhlur0dnfwylxc67whaz087srtjjrcjgd,,,,49031538687,,,,0,8,445,49031538687,8,0,0,0,0,340000000,,0.0007000000000000001
pool14f58kf59ec7ymk7mm5w07advfgs6a2guur3g5zyf45uvyvl80t4,,EVE5,,728501757471,,1000000000,,2,26,445,728501757471,26,2,504964460,421126384,0.04,400000000,1000000000,0.01
pool14fjmlppz76667ws3jl5luejf2wgztuhpsftulvh3ucc65anqgve,,XSP2,,39447953220330,,20000000000,,36,1274,445,39447953220330,1274,36,16045738351,956836675,0.037,340000000,20000000000,0.5433
pool14fka0t3prjrldjkavqc6vs0zyngq7jw9edek57js94g9v4r25rg,,,,6570887729,,30500000000,,0,17,445,6570887729,17,0,0,0,0,340000000,30500000000,0.0001
pool14g73qj0qz05ymqg7dp9kxdu8jr7uuzm6z6n3jwxpvqskghhmhng,,,,237830057182,,100000000000,,0,21,445,237830057182,21,0,0,0,0.005,340000000,100000000000,0.0033
pool14g7yxpecpp2vt25nc7mjtf8q5g8n362wxksvpxz5fht35khqs0t,,EPOOL,,10000000,,10000000,,0,1,445,10000000,1,0,0,0,0.1,340000000,10000000,0.0
pool14ga04y2dec7vmahzstd2c5mjsw7vq0v62mwclqynvy2wsc5g40p,,WAV6,,2500000,,10000000000000,,0,1,445,2500000,1,0,0,0,1,340000000,10000000000000,0.0
pool14glhqr7989jz4yu0hnytpw62xlq0666sy075ztufdya2yw4d6fe,,CNDL,,3914912996,,100000000,,0,8,445,3914912996,8,0,0,0,0.04,340000000,100000000,0.0001
pool14gw9d5yhxf5t6k68tqvpa95hragu78yuyr7lm9gz9d9dx2yz9s4,,EUADA,,13216000539,,8850000000,,0,22,445,13216000539,22,0,0,0,0.015,340000000,8850000000,0.0002
pool14gzj8a99u43j2gu3z0wcyedvdca27m2lx7msqxywl3lrcyrvmys,,,,313285815,,0,,0,1,445,313285815,1,0,0,0,0,340000000,0,0.0
pool14h7cjyklnrf2ylu6g2z89n5zckeyprw36lstw7lw5kvqwc4xw2d,,HIMAL,,37987754,,23000000000,,0,2,445,37987754,2,0,0,0,0.019,340000000,23000000000,0.0
pool14hhs6ruwnuaf4fzsmx89mvmjl2qhyy5jnzyk2le03886kj6z9yp,,OKYM,,3192829017640,,1000000000,,1,16,445,3192829017640,16,1,131123656,340925198,0.007,340000000,1000000000,0.044000000000000004
pool14hpc9wgnwy0w3jrlcqwftyufm8xs5qena4sax5hx7e5q703uuml,,,,18816176,,1000000000,,0,1,445,18816176,1,0,0,0,0.025,340000000,1000000000,0.0
pool14hsxa2zfwzvy9ncdjwnx0xkcltjmdydeayxfju7suuuewv0dnke,,KROM,,71755442612,,50000000000,,0,3,445,71755442612,3,0,0,0,0,340000000,50000000000,0.001
pool14kd9lt3gsdhv48j9w4vgcufw0txdvz932xwh9dapkpv2c0j4ytd,,FRNTR,,42015055457,,16000000000,,0,13,445,42015055457,13,0,0,0,0.0199,340000000,16000000000,0.0006
pool14kddecyyn0vjm07kr7vctnqnn3dt668dna63epdly220z4kgss7,,CUAN,,215077727,,100000000,,0,1,445,215077727,1,0,0,0,0.01,340000000,100000000,0.0
pool14kg79f3v5lqfvp5etqvmy6m9kuzpnd80w5cl44qrl8tpuk00quc,,,,361315512809,,109000000000,,0,13,445,361315512809,13,0,0,0,0.042,340000000,109000000000,0.005
pool14lr9ef5a22ng5xcu2rhpkkc86u5fp24r5gnj6hvnjxmsv8t8rtj,,FRUIT,,182846429597,,310000000,,1,92,445,182846429597,92,1,114338808,344107701,0.031,340000000,310000000,0.0025
pool14mfq8s3gspe8sdka6cgkm6jzgd644dvw2av5kqa8w4havs9e57u,,,,25260930066,,10000000000,,0,1,445,25260930066,1,0,0,0,0,340000000,10000000000,0.0003
pool14mm59ntjqzphjr6chrww639cdr3yjce4qcwzc5jkk38y22u7uc6,,,,47653745296402,,50000000000,,52,118,445,47653745296402,118,52,22989428603,1551755104,0.05,340000000,50000000000,0.6563
pool14mma26pz4v888lrxtlzm22vjd68h5hd89kj7jaag6knx7x3k5ed,,TRT,,521986956921,,8000000000,,0,62,445,521986956921,62,0,0,0,0.01,340000000,8000000000,0.0072
pool14msuc40fcjvwl2g6f9p2dxx24ekj7qvemla3pzkke6p86d4swzp,,CUTE,,55652456481,,5000000,,0,276,445,55652456481,276,0,0,0,0,340000000,5000000,0.0008
pool14mumny7t9l4ydjkqkllylxzzvwf0s5te9vujqet82eszj3d6ccm,,,,1000100,,25000000000,,0,1,445,1000100,1,0,0,0,0.0275,340000000,25000000000,0.0
pool14n77mmxh6a2d9k05jamzdwsws2ayvkyje8uc7led958p63at3aj,,SECUR,,158279235017,,200000000000,,0,24,445,158279235017,24,0,0,0,0,340000000,200000000000,0.0022
pool14nxj3szga2tgllwenjgajfl3y4t570yghhyk36d2heuqvy63wl3,,,,129830407,,,,0,1,445,129830407,1,0,0,0,0.05,340000000,,0.0
pool14nzt6708j4jgu5f5ajxgp0pdfp42jqraum585dy2r7vt5zulyd8,,BN1AU,,15110171646,,4500000000,,0,7,445,15110171646,7,0,0,0,0,340000000,4500000000,0.0002
pool14p4ksk3ddqtax905sys7ujakpxwvfsntjnvlu8p9d3wxycy7pv3,,,,5122521586,,25000000,,0,8,445,5122521586,8,0,0,0,0.01,340000000,25000000,0.0001
pool14p6lu0454w4wq6gsxxftqdz43x3tuv3teunp8kgu08tacgf43gd,,,,497625174,,100000000,,0,1,445,497625174,1,0,0,0,0.15,345000000,100000000,0.0
pool14pm8aq4eu6ms4r5egy6j4g0ny76cpqgy40qgyxa8c4f02kj98wg,,,,78695559502,,70000000000,,0,23,445,78695559502,23,0,0,0,0.03,340000000,70000000000,0.0011
pool14prutdqlndelj94pdz6h03yjh8c2qrmvgzrh4f46nryn2024u90,,ADAMP,,3807649110,,1000000000,,0,2,445,3807649110,2,0,0,0,0.2,345000000,1000000000,0.0001
pool14pwff25hl70dusazjckjqvzft35ew67t33x49hwjm5j7y675ere,,,,117618178,,100000000,,0,1,445,117618178,1,0,0,0,0,345000000,100000000,0.0
pool14pxhk34wlpu2azrnwy9ah8hrzxgffhqthcxcp620209eupfjfcn,,1337,,640564396129,,100000000,,0,10,445,640564396129,10,0,0,0,0,340000000,100000000,0.0088
pool14qpadfdjzw6jkwxy67uhey6tjpyppsmwgz5awfsxwrtpsecslpc,,BEADA,,160394899789,,90000000000,,0,16,445,160394899789,16,0,0,0,0.01,340000000,90000000000,0.0022
pool14rf039l9kskejp4g7synrefujghemdwkenx544gywgp9cttert6,,,,195445945,,100000000,,0,2,445,195445945,2,0,0,0,1,345000000,100000000,0.0
pool14rnkjjate6rqa7f9xmezgwne99n8hlahg7ymcyhzkhus758r3h7,,,,24621757883953,,,,20,1515,445,24621757883953,1515,20,90950120,9360060749,0.99,340000000,,0.33909999999999996
pool14rs7ky0p867k0fe9mk3uug9c6w0mwlz3sllh7rpwxcqacr70s8t,,KIKO,,110497619322,,110000000000,,0,1,445,110497619322,1,0,0,0,0.029,340000000,110000000000,0.0015
pool14rxm70xxyj90dw0x58msyl7gkejqlz2tfp9u7a92zx4gyw7c7ry,,ARSA,,2518625413683,,168000000,,4,35,445,2518625413683,35,4,1520573461,366040061,0.0168,340000000,168000000,0.0347
pool14skj6e4rpjanzclx3fc880xnl8xafgg63tmw93t9xspvwx985qu,,EVRST,,48495188118031,,1000000000,,44,15170,445,48495188118031,15170,44,19495199161,1212499241,0.04,400000000,1000000000,0.6679
pool14sy0qjv6fl5jcv0gfn6zl8w9tqnm67drxum6tdmazcjvypy848w,,AIRE,,6947417307,,5000000000,,0,3,445,6947417307,3,0,0,0,0,340000000,5000000000,0.0001
pool14t5mu3sc07e92k6etpq2xftwjy2z3y8gxq0wny2crdckq2rpt0r,,,,1523234,,,,0,1,445,1523234,1,0,0,0,0.001,340000000,,0.0
pool14tj8njl3ggzj4dzcsrm5yjekrahytp4zkh3s78gsxz4c55jfuzv,,,,72536575158,,,,0,2,445,72536575158,2,0,0,0,0.01,340000000,,0.001
pool14ts4y6fpvxnc3e2aqwxqh5xskjyzlpzk6rexgyt3syh2vdgrv7a,,,,4248598069,,,,0,2,445,4248598069,2,0,0,0,0.01,340000000,,0.0001
pool14u30jkg45xwd27kmznz43hxy596lvrrpj0wz8w9a9k97kmt4p2d,,,,22122848005660,,30000000000,,14,2279,445,22122848005660,2279,14,6036965019,559298642,0.035,340000000,30000000000,0.30469999999999997
pool14ujg8l2x6fm5jm07jd6jftktt35dzsnefl2jmx9d8vr4cxxkt5d,,,,114830294672,,7000000,,0,134,445,114830294672,134,0,0,0,0.02,340000000,7000000,0.0016
pool14w9tn4w30dwd2lfv4cwjg2a2e3ukfd0nqrydx37fjzf7z5f5jnk,,KOBE,,650432596237,,500000000,,0,61,445,650432596237,61,0,0,0,0.025,340000000,500000000,0.009000000000000001
pool14wf6e8l64wktss9f30tjzm5th8u85vlc3sc4ulw87tfqkhdl3x6,,,,1113250058800,,910000000000,,1,68,445,1113250058800,68,1,17188544,345181033,0.039,340000000,910000000000,0.015300000000000001
pool14wfydr6sewgx0qw39ccv53dysgg9m4u2763ngcyuyuxrxdfhq3e,,,,192083263,,183000000,,0,2,445,192083263,2,0,0,0,0.01,340000000,183000000,0.0
pool14wk2m2af7y4gk5uzlsmsunn7d9ppldvcxxa5an9r5ywek8330fg,,SMAUG,,54907122174943,,1000000000000,,66,2896,445,54907122174943,2896,66,29690905229,955839501,0.0199,340000000,1000000000000,0.7562000000000001
pool14xq8v9s80ut6vmwp93tzhlydhsdqhxk3e9jerl2kl7hm2dq6pru,,,,70030896714345,,,,62,3,445,70030896714345,3,62,27507284362,1787751808,0.05,340000000,,0.9645
pool14y3wr9lkqyeg8z8pwuprmjwahr0ydu0pjs8usy2g93mugtpx622,,GAR,,162110596,,100000000,,0,1,445,162110596,1,0,0,0,0.05,345000000,100000000,0.0
pool14yezww4csqq4ny9xwl45e3vckvrd7rkw2j4f350wl2mqqw6shcf,,MnM,,888470669,,500000000,,0,4,445,888470669,4,0,0,0,0,340000000,500000000,0.0
pool14z5zuqy98d956cktyjuztaj7u4a4wje88c8ewznqdh6uxwlpnj4,,LINUX,,107145887,,200000000000,,0,2,445,107145887,2,0,0,0,0.03,340000000,200000000000,0.0
pool14zdcvdec8qmqzsat5wg3a2h9f0u5yzrgjew534z8u3gs5durnjz,,PAUL,,36633949555982,,100000000000,,43,6571,445,36633949555982,6571,43,19291950614,938333491,0.03,340000000,100000000000,0.5045000000000001
pool1509aw97y38yl6cpamvpzv58hh9c6lxrggxssya9twj9f6xxd394,,HKB,,43495306061,,10000000000,,0,10,445,43495306061,10,0,0,0,0.00111,340000000,10000000000,0.0006
pool150hft90uw7tzr9uvj7tqkjp4u98a9hl20llj3n9ew76kkfm768r,,MONKY,,1226965914983,,3333000000,,1,62,445,1226965914983,62,1,89684558,341329773,0.01,340000000,3333000000,0.0169
pool150n38x8gquu4yt5s0s6m3ajjqe89y68x96dh32tq8a4es2l6dvp,,ETO1,,1063713272,,0,,0,1,445,1063713272,1,0,0,0,1,340000000,0,0.0
pool152ns2rs77pscm3mtmnymhwsvq8uglcdc3cvucvsc4jkds5k4te5,,TETON,,816363349593,,550000000000,,0,34,445,816363349593,34,0,0,0,0,340000000,550000000000,0.011200000000000002
pool1533ly347ggl6je42ta7l7dv262hg07n8p4y8v32npgvajl6rxqz,,MONTY,,37882429679,,4000000000,,0,4,445,37882429679,4,0,0,0,0,340000000,4000000000,0.0005
pool153lhpqpcms4a73metcjd439h8yzvht2yyjluuav9vfsv75gtf7l,,AGG1,,132843025502,,1000000000,,0,11,445,132843025502,11,0,0,0,0,340000000,1000000000,0.0018
pool154hq0j6u6ydz62mtlu7xaj78mhreyp0zsv2kq7f0qmne2fu4t7y,,CTEC,,43521210566617,,30000000000,,36,70,445,43521210566617,70,36,16492949687,506721279,0.01,340000000,30000000000,0.5993999999999999
pool154sjkrwdu80wp6mnjvkwk55aj53l4v37z4zwulfak74vcxg60x0,,ANZ,,266840713883,,64000000000,,0,58,445,266840713883,58,0,0,0,0,340000000,64000000000,0.0037
pool155cu3s06js3llfh07vnzepatfuvt3s5s7uwldt9rzz55wz7pugt,,SPS,,17046986891571,,10000000000,,15,295,445,17046986891571,295,15,6405891578,677388322,0.05,340000000,10000000000,0.2348
pool155efqn9xpcf73pphkk88cmlkdwx4ulkg606tne970qswczg3asc,,,,64329101671472,,64000000000000,,52,4,445,64329101671472,4,52,,30325028258,1,500000000,64000000000000,0.8859999999999999
pool155p7g23vdme50kp5lfqylfx5h7ndldyz2mletvr8fqucqzyrk44,,,,70494301938801,,,,57,10,445,70494301938801,10,57,26035505478,871850888,0.02,340000000,,0.9709
pool155x3l57d4xu52t93f9r55cqaysej4pc2dl3jkc9d6w5ckyu6u7n,,,,695734005810,,5000000000,,2,128,445,695734005810,128,2,585143791,352100410,0.02,340000000,5000000000,0.0096
pool15676jwlm6gancffzs2jg9vf5xwzmspyktw75dl4kaucyst4qt8q,,,,7484704601494,,4000000000,,1,52,445,7484704601494,52,1,13219,472489262,0.9999,340000000,4000000000,0.10310000000000001
pool1568zhphxsnj5mfszwgta5zlvulu67g8f4jn6d3xs2tvas8ffu76,,,,6699391246929,,,,5,9,445,6699391246929,9,5,36181,2362564091,0.9999,2000000000,,0.09230000000000001
pool156wg3relgtlhwu55z3wpqurtaprguefe9tzrakhuqyyc60553au,,LAB44,,1196398631459,,500000000000,,2,27,445,1196398631459,27,2,320055684,346061504,0.01,340000000,500000000000,0.0165
pool1570hpvwg22nm8uat505mj5hm6p6z26528nuwvrr7r5nh6yavdqt,,,,1000000,,15000000000,,0,1,445,1000000,1,0,0,0,0.01,360000000,15000000000,0.0
pool1570nv2jeglcq92gg0qmkyl5dwg92mj4374j4c7eagx47kdm0r4l,,,,17813851259,,1000000000,,0,68,445,17813851259,68,0,0,0,0,340000000,1000000000,0.0002
pool15730lwmu7vrffkl40wtjrnctsfd840fl5jmuw230r0d65a74k5e,,,,942823411,,200000000,,0,1,445,942823411,1,0,0,0,0.005,345000000,200000000,0.0
pool157dwm0l9jf2h59me75slfww8dylcnumdgjvhpsyhfmlry4cn44a,,,,125772739776,,,,0,4,445,125772739776,4,0,0,0,0.0315,340000000,,0.0017000000000000001
pool157e2zadjusu6esf9mmx37nf63ep2gazdeln5mh04ylpcvz59g5c,,,,503633697207,,200000000000,,0,96,445,503633697207,96,0,0,0,0.015,340000000,200000000000,0.0069
pool157sjc5een0ptynrn6ettx6zr2gl8wm8ymjtwuyravqmmcs45d20,,,,12440621,,0,,0,1,445,12440621,1,0,0,0,0.035,340000000,0,0.0
pool158ag8p06qm4apd750ekep6een9cdldqsq434ll2mp0ykgunmguy,,ALPHA,,871076591608,,10000000000,,0,21,445,871076591608,21,0,0,0,0.03,340000000,10000000000,0.012
pool159lt33zgmwm4ehyhr39lw5gv4flncg0lswxrrny8fnc4uun4h74,,MOONX,,10181917,,0,,0,2,445,10181917,2,0,0,0,0,340000000,0,0.0
pool15a04yc72q4tfkwaweu86l0764urswee8c3zxperyrdq4kx8nvua,,1PCT4,,169310021917,,50000000000,,0,38,445,169310021917,38,0,0,0,0.01,340000000,50000000000,0.0023
pool15amxxauxh409wcuc87e0tusfzuka0wfvxhxmpt6vugqgsw6j4d6,,KITTY,,1300259544,,1000000000,,0,2,445,1300259544,2,0,0,0,0.01,340000000,1000000000,0.0
pool15auyy282239uj3z4uah4y74wu5exdy5lpwegj6yn5pzy7g4rv3r,,BNP,,9293243634,,2000000,,0,5,445,9293243634,5,0,0,0,0.06,345000000,2000000,0.0001
pool15ccmgcc4k9t8auxw9v4dfjmrl2kqnuevawn8z6n7xv09utw9hh3,,4ADA,,49188683706864,,300000000000,,45,1665,445,49188683706864,1665,45,20604365235,549403497,0.01,340000000,300000000000,0.6774
pool15cy4p3axu0m6sfrmxsp46z5cevx3ruksfwjl48730cgx24j4ydz,,TECH,,4298246365173,,101000000000,,3,100,445,4298246365173,100,3,1050206871,340000000,0,340000000,101000000000,0.0592
pool15d62znf04qymt6ve536tt5y9ky979ly4um5zmgz9m850vu7wuv7,,NUFID,,37605025022454,,1000000000,,35,8,445,37605025022454,8,35,15711239723,825927661,0.03,340000000,1000000000,0.5179
pool15dp6dchtfwml32ls8xuzu4u3xx6kjekc3kvn0enexefxj90hw3c,,CRYPO,,79353837073,,1000000000,,0,10,445,79353837073,10,0,0,0,0.05,340000000,1000000000,0.0011
pool15em5uvfe8ujs3ny6ydcnynazvxhnk7dq9hu8zp4qf5jmknx32jn,,,,1079709338,,1450000000,,0,14,445,1079709338,14,0,0,0,0.99,340000000,1450000000,0.0
pool15f9qklmaajysmwx9n3rkgc5s2g3rfffz4x8spnedtzdgq43tpe2,,WEQNT,,9256817823092,,0,,12,368,445,9256817823092,368,12,5143290265,499935164,0.03,340000000,0,0.1275
pool15fgwk5vxn34efj79qlfzuahdpu6ax8x2hkchyh8mehdh23q0nqz,,BNP,,1500180652,,2000000,,0,6,445,1500180652,6,0,0,0,0.06,345000000,2000000,0.0
pool15fn9e84lmcp88z6yldagdele2lq0kqremlf0j96v7cj0jj6v22l,,,,158006531368,,1000000000,,1,188,445,158006531368,188,1,1291982,471177413,0.99,340000000,1000000000,0.0022
pool15ftrqf7j80w57leflatx66x00qfhu483a290gmp7q85pjxrf480,,,,3156294468155,,,,3,3,445,3156294468155,3,3,1077319668,340000000,0,340000000,,0.0435
pool15fxktqvd92sq8plh3rjdrksumt9p8rzsayfk4akv2hng5r8ukha,,,,602943750141,,,,1,21,445,602943750141,21,1,121951653,341325474,0.01,340000000,,0.0083
pool15g3cwwmd3qks03ztl5464j044jasn3dcs6zcgpxtxadfj86lvf2,,MNSTR,,102649338890,,20000000000,,1,7,445,102649338890,7,1,105210385,340000000,0,340000000,20000000000,0.0014000000000000002
pool15gdh4w26ax66aa2j5ehwcvm46as3jx0v7mhu678y7m5q5s80dwk,,RYZE,,36357814511,,0,,0,2,445,36357814511,2,0,0,0,0.05,340000000,0,0.0005
pool15hx9hze8ulcsw6e7ceelz2pem2g3u9c29wqe4eszkhspj3wcdlx,,NETA2,,1445986439613,,880000000,,2,1375,445,1445986439613,1375,2,573637731,370241806,0.05,340000000,880000000,0.0199
pool15j6hdfel6c6zcr8gu39qgp5xkrs264yn9hm8ynhaydjtxvmznxq,,ASKP,,3797757445593,,20000000000,,3,104,445,3797757445593,104,3,1071419894,340000000,0,340000000,20000000000,0.052300000000000006
pool15jc92k3rhksa3uf92sluqhhnnetx04l49xttslx67kuxz5e36e4,,MAYA,,5945300103,,2505000000,,0,3,445,5945300103,3,0,0,0,0.05,345000000,2505000000,0.0001
pool15jdufl3ahh3gn0p4nf92pxjqhs2qm2kwf626hdaxktn9yh8m3p6,,DELTA,,25102644832,,500000000,,0,5,445,25102644832,5,0,0,0,0.01,340000000,500000000,0.0003
pool15jglqzc80vp83806wpa3rae699q32sxwycjmztkpy6h92p43t4h,,,,502251844,,,,0,1,445,502251844,1,0,0,0,0,340000000,,0.0
pool15jkpn2jewgensrnulsm0kqtj58nauvgng0qvy2ux47jdwncsw9s,,MERCY,,9313767422,,500000000,,0,6,445,9313767422,6,0,0,0,0,340000000,500000000,0.0001
pool15jlf23neurgga440wxfux2g4pk0pwjm0t9mvvzvs0npvy59mdpn,,,,1822883,,2500000000,,0,1,445,1822883,1,0,0,0,0.02,345000000,2500000000,0.0
pool15ju4ktqmtha9vry4mf44hr2psf807n4achj76z8uhawgw9462kx,,,,872022495857,,20000000000,,1,42,445,872022495857,42,1,125928261,341060310,0.008,340000000,20000000000,0.012
pool15jy6drcgudfn9vuueeap74fu88vr7r0z9wnd9xs92awrwlrwdmp,,,,6601893272355,,,,6,14,445,6601893272355,14,6,222252,2834738550,0.9999,340000000,,0.0909
pool15jzfzmh3s4vnhm2qm3p5e0632kv8nuw2luxarqrzpa8a6cgnthk,,,,101250210,,50000000,,0,2,445,101250210,2,0,0,0,0,340000000,50000000,0.0
pool15k0zeppza4qzgf6z7wmwsgvl5rz9f6489zxhrxqa8dj6jzju6ct,,,,7212930561407,,,,13,556,445,7212930561407,556,13,5710353219,398021138,0.01,340000000,,0.0993
pool15kek228mhvnsncdjn77u8qtrn8hjh5wfzmh6g942xf0353yc77j,,,,70031773357143,,,,54,5,445,70031773357143,5,54,23916279928,1598751575,0.05,340000000,,0.9645
pool15kh3h3d77hdcv4ld82cm7mxh7uuqm6d568drqaky9ftlczl6hfh,,,,9994096886,,,,0,2,445,9994096886,2,0,0,0,0.05,340000000,,0.0001
pool15krrlqfd3uc8nea2tw8z3wl2v0fny4enhu3q892988zv7dhv0vk,,,,34174373931,,10000000000,,0,11,445,34174373931,11,0,0,0,0.015,340000000,10000000000,0.0005
pool15l4plz3r2lm5x48lz78ph7qh8w89zd7ewrg62gvwv7u7kw6tmns,,,,25539160274,,25000000000,,0,1,445,25539160274,1,0,0,0,0.05,340000000,25000000000,0.0004
pool15l7f5vd5sqchjqys6x5ygmdgs88q4y6ndwc7xy9a05y2jfced93,,,,103000000,,2000000,,0,2,445,103000000,2,0,0,0,1,340000000,2000000,0.0
pool15l8p8v8yzdjvl3vml6qafx0wgy4k6t938jl0qy24wslgw7xlhc2,,,,47069,,10000000,,0,1,445,47069,1,0,0,0,0.05,345000000,10000000,0.0
pool15lp37f7da0guj662jcxy0eyc49s5gxudcd93j8qz4nfcvuhrsf9,,SCV01,,87301895068,,100000000,,0,90,445,87301895068,90,0,0,0,0,340000000,100000000,0.0012
pool15m3nrmzhaef66j4sue7p66yshtxfug84zuhfd8skxhh9q6mkgyx,,DROK,,1012075370,,1000000000,,0,1,445,1012075370,1,0,0,0,0.035,340000000,1000000000,0.0
pool15m78a3nfcepn8ekyzx6sa8yexg7cqseer2ktu26f7l9jjq0e502,,NOBI,,22457088760102,,3000000,,21,10,445,22457088760102,10,21,9101812818,819125618,0.05,340000000,3000000,0.3093
pool15mfkj8sl7estcmmd5a07afrx5f4hlz3pcr6p6ay5pfmrjfl2hlf,,DOXA,,923064761703,,320000000000,,1,60,445,923064761703,60,1,72569719,341329113,0.01,340000000,320000000000,0.0127
pool15mjms5g4g5662atrxy7ytc0hjds38kmstfpldavx8an2y950hxn,,,,13931666733,,,,0,58,445,13931666733,58,0,0,0,0,340000000,,0.0002
pool15mv5w2vvfv2kplkrt40ylylyvdudv5axq5nyw6ln3v0gkd2auew,,NLD,,737981822757,,10000000,,0,308,445,737981822757,308,0,0,0,0.02,340000000,10000000,0.0102
pool15nww4436eq733eypdq7vnllsnqyrwftw434xkvpm2mc2kfue2ux,,SEED,,1373834730395,,1000000000000,,0,738,445,1373834730395,738,0,0,0,0.04,340000000,1000000000000,0.0189
pool15pggy59smh8465ldedcc5ks0nlr6xxlna73wmpkfp5jn7sh23pv,,,,12620906,,,,0,1,445,12620906,1,0,0,0,0.01,340000000,,0.0
pool15plk69huszwt6mpamzacu07un6r5u89vhfyq5dvm8u39yhqq2dc,,SSS,,7810294297995,,100000000,,10,10,445,7810294297995,10,10,,4726934931,1,340000000,100000000,0.1076
pool15pmdr6nw3g6mmt7regefp2lrx3njah0gpwsnqm794c4wsr23062,,METAX,,3013785048762,,100000000000,,4,1142,445,3013785048762,1142,4,1416630793,417537875,0.05,340000000,100000000000,0.0415
pool15r7xg0vrrv2yu8wj3866eap8ftkuxvdk5rjz2lh4xajjq5v3p5d,,NUFI0,,14168880263309,,1000000000,,9,1063,445,14168880263309,1063,9,3794340767,457359552,0.03,340000000,1000000000,0.19510000000000002
pool15s7w4spg5ee7n7rprhs0dq78plw2mhjkpu5v97uvl27gz2way7z,,BALNC,,15553314254943,,100000000000,,18,27,445,15553314254943,27,18,7801526519,503575531,0.02,340000000,100000000000,0.21420000000000003
pool15t0vyldspax6eu8mq7f50s4rjk2qn2g7kudl98tjuqzt2a2zpmx,,,,10276968,,,,0,2,445,10276968,2,0,0,0,0.02,340000000,,0.0
pool15tmeayw6e0cjhpqc37e4gmutapeuwzdsqstkcxgk7rxf24gwsew,,,,2230734858439,,,,0,13,445,2230734858439,13,0,0,0,0.005,340000000,,0.030699999999999998
pool15tn0nlazaatulwq667qdfs597pqlrgn62at0fqv3lvz5cg9l30m,,,,64945966,,,,0,2,445,64945966,2,0,0,0,0,340000000,,0.0
pool15ttu2vykfdfdxv7vve93l3dvk6tlrcegz7r6749syys4us2k3tu,,GENIE,,101031739,,100000000,,0,1,445,101031739,1,0,0,0,0,345000000,100000000,0.0
pool15txd36fltfgc63qq0yxtpqt88eu76s0yhugn9a6q7f4zspq6k5f,,ARM1,,22020127590245,,100000000000,,29,912,445,22020127590245,912,29,12595658735,606351669,0.0199,340000000,100000000000,0.30329999999999996
pool15ty42f8jmnd5y3ys5km3y66cy6emnqfx6yfwsm6ral0zwrs3ktj,,OTB,,3024052517443,,50000000000,,2,170,445,3024052517443,170,2,583381982,345957325,0.0099,340000000,50000000000,0.0416
pool15uuf0sz5w0kp50wmflxml8ffnz880402nvj54e40e7l8x06y5e6,,MEA,,154753401457,,20246000000,,0,26,445,154753401457,26,0,0,0,0.02,340000000,20246000000,0.0021
pool15v22rpfg6qx9l0gx0m955gfv7tes0jpa9sy0gjs3a04lv6x9jdr,,,,26854981376005,,,,30,3943,445,26854981376005,3943,30,12632493432,1147755786,0.06,340000000,,0.3699
pool15wfu7td5r4k27erk5q5wt06x59skxxyqj206tdnfmfmk7pd3rp3,,,,31351993957,,123000000,,0,12,445,31351993957,12,0,0,0,0,340000000,123000000,0.0004
pool15wj590e6gsmpmttrxjd0emck09a0h9tazd2ww77q6duyvg8lyum,,HUSKY,,6241577585721,,10000000000,,3,1198,445,6241577585721,1198,3,976819551,372391170,0.03,340000000,10000000000,0.086
pool15wk0wjrau5pv6rp6w34g3mjxqejkfj3yak0xa9m63upcxx63myh,,MCA,,282478486765,,1000000000,,0,7,445,282478486765,7,0,0,0,0.05,345000000,1000000000,0.0039000000000000003
pool15wkxegrfflzcyhurrjxsm9ljqtz09xr5rtnqsarnp7hmsz5um3t,,STSH1,,24919126683637,,1000000000,,17,24089,445,24919126683637,24089,17,7291442977,728982812,0.05,345000000,1000000000,0.3432
pool15wwz2tj30xjerxstwjezhlp8nqqu8jyvxp0h6dj4kzdq6cgv3gv,,VETS,,164294129213,,25000000000,,0,29,445,164294129213,29,0,0,0,0,340000000,25000000000,0.0023
pool15xdvllxmlzhz0ct3u35wv3gmzxym06zwg3l6ltuqmcsmv9jq527,,,,25825259,,500000000,,0,1,445,25825259,1,0,0,0,0.15,345000000,500000000,0.0
pool15xfeh7v3kr5j4unyeszxnfvy349d4h8s92h4xdwl2hct6n0wgah,,,,939083298,,700000000,,0,1,445,939083298,1,0,0,0,0.02,340000000,700000000,0.0
pool15xgej4c7ns20y5pt7dc5vq6yj87ss5sl2ffucmh5j766j90ppur,,1PCT5,,140495013734,,50000000000,,0,97,445,140495013734,97,0,0,0,0.01,340000000,50000000000,0.0019
pool15xt9rwxzgunwhhue548q3q22mclumqz5al9umanl8tn269sr66m,,,,6821299,,,,0,2,445,6821299,2,0,0,0,0.1,340000000,,0.0
pool15yyxtkhz64p7a8cnax9l7u82s9t9hdhyxsa3tdm977qhgpnsuhq,,SECUR,,61197407150267,,100000000000,,62,3769,445,61197407150267,3769,62,28825056515,340000000,0,340000000,100000000000,0.8428
pool15z7890uxn6nwl2yufxgrdsvjrpd0kzngvudfm2z2yafsjgkfndg,,ZOHAR,,385500629,,1000000,,0,2,445,385500629,2,0,0,0,0.05,357000000,1000000,0.0
pool15z87p296y3m7eq8pwuu8qs6h2v4d2ctnx3yd2vqpl6txkkdvl5h,,MUEN,,7104407495001,,10000000000,,8,34,445,7104407495001,34,8,3363306124,408803211,0.02,340000000,10000000000,0.0978
pool15ze5nu27jma6ynnrtnfqktsqun265sar5vlfx4m5mhvmy0mnjvj,,,,455246450,,,,0,3,445,455246450,3,0,0,0,0.99,340000000,,0.0
pool15zn2lqq4849ujttuthaycpamnyr8ae9k2pn2fkrlfzzsx4ek0tc,,LABO,,6485637061912,,10000000000,,4,972,445,6485637061912,972,4,1502933856,386499900,0.03,340000000,10000000000,0.08929999999999999
pool15zrj43nldc357nas0g7glm09wqhtyexxs64skq52mtg6sdrsjzd,,,,6738263,,1000000,,0,1,445,6738263,1,0,0,0,0.05,340000000,1000000,0.0
pool15zrkyr0f80hxlt4scv72tej8l8zwrcphmrega9wutqchjekceal,,ZETE,,42234411866818,,10000000000,,34,7440,445,42234411866818,7440,34,15581654753,340000000,0,340000000,10000000000,0.5817
pool15zuu7g6030wsfafu6a80pf6z2w6ceu4aumu2d6neykgtcx650u2,,,,14763176,,1000000,,0,2,445,14763176,2,0,0,0,0.99,340000000,1000000,0.0
pool15zvek3jke3z2uml5xeztl6wt56zuye5ne9caadz8mjn9ykyuu8n,,SENTI,,23760306102,,100000000,,0,3,445,23760306102,3,0,0,0,0,340000000,100000000,0.0003
pool1620fkxluaftsvz5lge29tjur3flwa8wydpzqy0zd4cllxx2w3ma,,,,18621214,,0,,0,1,445,18621214,1,0,0,0,0.01,340000000,0,0.0
pool1628y4cuysuspjhcfhmx3te5ctd2vhuak9eft757947zsz5rtx8h,,,,820189915120,,20000000000,,1,170,445,820189915120,170,1,126712765,341325386,0.01,340000000,20000000000,0.0113
pool162ejhdrf7m5te4hpuzagrpck6vt78undp2flx9as3lww6uvs4lq,,BNP,,434353359,,2000000,,0,3,445,434353359,3,0,0,0,0.06,345000000,2000000,0.0
pool162g6067hj0z3tyxrn7e0wmcz36yqp6nxu3e4x5ahkwvnygsuwqk,,BIZAR,,166329881807,,100000000,,0,257,445,166329881807,257,0,0,0,0,340000000,100000000,0.0023
pool162szyrlrwes7qwy0za4ekufgyljfz0lac9t8h8svzale67n8vl4,,MAKL,,496719173,,449450697,,0,1,445,496719173,1,0,0,0,0.01,340000000,449450697,0.0
pool163aacna7n8tgphz40prapjgkrkpvsfttaqt56yeg2psd2umnxqu,,,,50425749,,1000000,,0,1,445,50425749,1,0,0,0,0.01,340000000,1000000,0.0
pool163q9zuwpt9wr8rruuhw2mz6w6em25mhtrv58f8nz9aywj7vzer7,,DARTH,,9486132,,289000000,,0,1,445,9486132,1,0,0,0,0.01,340000000,289000000,0.0
pool1646vlaras0deljthqtfl9dpdw2xsna799l0kayyu9v44cql4ky0,,IOGP,,2925923,,64000000000000,,0,1,445,2925923,1,0,0,0,1,500000000,64000000000000,0.0
pool164xvrnwxg0xwhkcm0fsnlzmtj3ptp5s7hne32k4dyv60x4utfje,,,,55096441949379,,,,57,16,445,55096441949379,16,57,25773132134,1137776665,0.03,340000000,,0.7587999999999999
pool165cyssah9wcnkuqq339c9fam5wga3x7zl6kw4ktltq5x68tlu4w,,,,1075435349,,1000000000,,0,3,445,1075435349,3,0,0,0,0,340000000,1000000000,0.0
pool165ljt7xrrpceutz5ppe96suuw0jcnrvhg0f5vu60df0r5mt0x0c,,,,6650910934287,,,,8,623,445,6650910934287,623,8,33451070,3745618592,0.99,340000000,,0.0916
pool165zu45p489lpuypt4fsuc5g8l9g9ha4dddlls84jlsp3k4vsw9p,,SWEET,,3135167399375,,2000000000,,4,4,445,3135167399375,4,4,1512861414,371000359,0.02,340000000,2000000000,0.0432
pool1666ysrjachd7m7ns85vgv3kgclqpj8m74e6kjywwhgswyw3lcpe,,,,406073725356,,,,0,3,445,406073725356,3,0,0,0,0.025,340000000,,0.005600000000000001
pool1668w66pcrdjmavz0c7vym7s4d3xm7578jy0fqzhk55677t4etud,,KARMA,,1244766910700,,100000000000,,1,197,445,1244766910700,197,1,68016769,341331166,0.01,340000000,100000000000,0.0171
pool166dkk9kx5y6ug9tnvh0dnvxhwt2yca3g5pd5jaqa8t39cgyqqlr,,VIPER,,52718548502930,,401000000000,,49,2945,445,52718548502930,2945,49,22647130070,340000000,0,340000000,401000000000,0.7261
pool166fpvc9lelw8pdvc4n3xeqns5ktkkmzu4plaen999fwy2xytgce,,STBL2,,1258444,,0,,0,1,445,1258444,1,0,0,0,1,340000000,0,0.0
pool1673d663ml4p0mtreukyfx5jt7ekk9pajsyyv6utzlakzj0y9v0w,,MAUI,,19617902451,,500000000,,0,10,445,19617902451,10,0,0,0,0.01,340000000,500000000,0.0003
pool1675wjgy0ggtt2l23eeaj5ey5l02qj2ra48stvc7fyussslr0kq7,,,,35245376,,,,0,2,445,35245376,2,0,0,0,0.015,340000000,,0.0
pool167n02n48l5hfgfu6e46xq8n3yefccm9dcnmefkmxuymhc8ncrjm,,,,2689502728,,0,,0,2,445,2689502728,2,0,0,0,0,340000000,0,0.0
pool167r4k4twa3lrqzpzdd44hl4ahc9rnt4x7rjtwz60gtf7j7pnk5x,,,,500066807,,100000000,,0,1,445,500066807,1,0,0,0,1,345000000,100000000,0.0
pool167zl76srpt5a2gthpsq0ye9z4fpray5vsh7xyzcn63hd5mnw7fa,,NUFI4,,40263883163244,,1000000000,,37,469,445,40263883163244,469,37,16627901589,854277807,0.03,340000000,1000000000,0.5545
pool168235cjpsrvwnvddmhc7dmtcqr7c40j2mlrph3qvuxk3jqls0wy,,,,4738366,,625000000000,,0,1,445,4738366,1,0,0,0,0.01,340000000,625000000000,0.0
pool1687dfgyljnhamx05h6r04zdllv68exatshhd0jny4q56skc0926,,TRUEC,,3360713955,,3355000000,,0,2,445,3360713955,2,0,0,0,0.025,340000000,3355000000,0.0
pool168t0xlm0dtdgf7d5w2mrm7ulsw4czpw297yvrpke9pmjcc9hz7k,,CCJ4,,4205361150682,,10000000000,,5,13,445,4205361150682,13,5,1920731801,437084813,0.048,340000000,10000000000,0.0579
pool1692dxqqcsavymwz28w44t2jhyjnakvj4l3gwz2dqrarmc2k6dkh,,BLUE,,431053975018,,10000000000,,0,179,445,431053975018,179,0,0,0,0,340000000,10000000000,0.0059
pool1693h5jn424n7kazynt4h9r6fe8u8wtsp7us2me60msq5kpv390n,,,,626690294,,26169000000,,0,3,445,626690294,3,0,0,0,0,340000000,26169000000,0.0
pool169mewaur9ma6ffw6x90xhjj0sk9j8yu3ynqz20jh03dj20syqwc,,,,3577538843,,9680000000,,0,3,445,3577538843,3,0,0,0,0.01,340000000,9680000000,0.0
pool169ys5c50sk66ayy99jtjfmj0a367wkv3hm9c5d0qg7w2u7ya5zz,,,,5221704218,,5063417955,,0,1,445,5221704218,1,0,0,0,0.03,345000000,5063417955,0.0001
pool16a23pum2srw5xmkknvw8dtc8ynqedx3wecmhacez4chrv9huvyg,,BEAR,,2887216,,10000000000,,0,2,445,2887216,2,0,0,0,0,340000000,10000000000,0.0
pool16agnvfan65ypnswgg6rml52lqtcqe5guxltexkn82sqgj2crqtx,,SPIRE,,71231931447989,,500000000000,,74,8742,445,71231931447989,8742,74,33575538305,688278718,0.01,340000000,500000000000,0.981
pool16ajaae2n5lsyr4f9k9uz5y8tpf0996tw640dzu7chwp2wdrnz6a,,,,71966523154893,,10000000000,,57,4713,445,71966523154893,4713,57,26499602832,340000000,0,340000000,10000000000,0.9911
pool16az8esp0qgrt3vwnpqmn2n2z3h7nexrhm4qn8xrr4sds6tj0dxa,,,,784476660,,,,0,2,445,784476660,2,0,0,0,0.05,340000000,,0.0
pool16c989ahn582z53azjfmregygfuc9k44u3q97wqgyn0zxuzp3dn4,,,,32389234588643,,,,31,2,445,32389234588643,2,31,13431587561,1203151092,0.06,345000000,,0.4461
pool16cdtqyk0fvxzfkhjg3esjcuty4tnlpds5lj0lkmqmwdjyzaj7p8,,ECP,,343440485163,,75000000000,,0,27,445,343440485163,27,0,0,0,0.01,340000000,75000000000,0.004699999999999999
pool16cerhwlk8nq7rpuerr4g08tpgeq7awnhgxzkyalc8n8xjwzxqm3,,PLNGT,,5313695523996,,1000000000,,5,13,445,5313695523996,13,5,,2362512672,1,340000000,1000000000,0.0732
pool16cnz5x84vfjzxtsdg53zvly3vqumkjpshpl2fe5nmuyl6srx4m8,,,,603754483033,,10000000,,0,7,445,603754483033,7,0,0,0,0.05,340000000,10000000,0.0083
pool16cy45uggzv3ah3s5m960v9vuxlx47sfnezpszuhcwl99z7nq8kq,,NIXE,,1223140417568,,1000000000,,1,308,445,1223140417568,308,1,18041292,340000000,0,340000000,1000000000,0.0168
pool16d004c5q7k7wyf223kgct26zjcpjqql04rvnx8vtc0t5ckmnzaa,,ICORG,,1298516313,,13000000000,,0,3,445,1298516313,3,0,0,0,0,340000000,13000000000,0.0
pool16dk66d47thmteth783kt2cw9uh0zc4xsdvlqrwadz7vnyaev8cv,,,,6453117,,2000000000,,0,1,445,6453117,1,0,0,0,0.03,340000000,2000000000,0.0
pool16dxn8c697qrqtzl3xe695trtde2hvgw0qtd65208ruaq70hv4ud,,CENT,,1270581931333,,30000000,,2,41,445,1270581931333,41,2,567498319,352103775,0.02,340000000,30000000,0.0175
pool16e0qmln8gvtnjcpcvgvjdlhcnsz6z95uw90c58t50qfkc6rqek6,,HENRY,,11573711206,,10000000000,,0,2,445,11573711206,2,0,0,0,0,340000000,10000000000,0.0002
pool16e2x06wk8ufyakgrzq0c9p5tmfhl6w0c80raxr0xtg5g7aakhgh,,CDN,,5014249879970,,100000000000,,3,511,445,5014249879970,511,3,931245969,350806227,0.01,340000000,100000000000,0.0691
pool16e43yxx4djcvnsunwgrm8tnph0ljrt3p9tnezu3qvtcwzh4zwwa,,,,60702858884978,,,,42,3,445,60702858884978,3,42,18529773277,1315251225,0.05,340000000,,0.836
pool16erldmmx5nvrwncujtp6lxs9tmvgxcpthd600pe6axm5z3p6522,,,,238708270391,,,,0,6,445,238708270391,6,0,0,0,0,340000000,,0.0033
pool16eua0zalaln7q0s9u7jzlyygqad0pu2l2qdxx8r8ueqrw2jdhqf,,ETO9,,69977883833729,,0,,57,3,445,69977883833729,3,57,,26932533255,1,340000000,0,0.9637
pool16fa03u6u85ek2q8lryqprngpahglssj5qqh66pfaxf34vgu5rhl,,AFCH1,,863516255166,,1000000,,0,988,445,863516255166,988,0,0,0,0,340000000,1000000,0.011899999999999999
pool16fyda57p3c8gp5r6gmcq5tvqsp6mnzwvkxswgznkuh8wztrp6vv,,HRMS,,59553602149476,,100000000000,,50,8794,445,59553602149476,8794,50,22711427636,805511257,0.02,340000000,100000000000,0.8201999999999999
pool16g4atk6yaj7hxexrlhyf96gtxts3kjs5wszvxmq0paw3xdre68q,,,,393404068,,10000000000,,0,4,445,393404068,4,0,0,0,0,340000000,10000000000,0.0
pool16ga833sw8tzuvv83gq2gp6zyuwhj3lka4nevnauj5grpuq8y2al,,UNIF1,,233445021,,100000000,,0,2,445,233445021,2,0,0,0,1,345000000,100000000,0.0
pool16gkhcchdyqr7a9vtupchcdaq4nu77tq9t0ny0k9m877u7zv03v2,,0000,,4775756404,,1000000000,,0,21,445,4775756404,21,0,0,0,0.0199,340000000,1000000000,0.0001
pool16hs0jxw7h6pwg3ru7rcq3yvg4csj7lhmcpj68kqem2sh5nt8mwk,,NUFI7,,40424263855574,,1000000000,,35,5886,445,40424263855574,5886,35,15710417522,825902049,0.03,340000000,1000000000,0.5567
pool16j3mvwws7zc9pjluyhddgea0tq647v0dh3y4nkcuckg9znjcun2,,ITC3,,34003723663913,,100000000000,,33,4843,445,34003723663913,4843,33,14582893526,947869025,0.0399,340000000,100000000000,0.4683
pool16j549cl7ftj9ejw9sx5v50zjyuh8l49stmakrfrea4rxy0e7us5,,WRHP,,1907853987,,100000000,,0,1,445,1907853987,1,0,0,0,0.01,345000000,100000000,0.0
pool16jczz0dlv557vgywgftd4m3vwnwjnl38wpn7wu5gqryz7aedahd,,,,109063264,,71000000000,,0,2,445,109063264,2,0,0,0,0.02,340000000,71000000000,0.0
pool16jefdagcsgzyek9jytzfezx5ajvfkytjgghaps64hzz6uzkpc0e,,NGS,,1151176505870,,12400000000,,0,29,445,1151176505870,29,0,0,0,0.01,340000000,12400000000,0.0159
pool16jhjt6nly4s5thsjc0yek6h9prwtkqhq6dff2mkjypweut69zh3,,IRN,,98903851,,0,,0,2,445,98903851,2,0,0,0,0,340000000,0,0.0
pool16jtszaecta7rey84rteah39gv53pw7953u37fhrqm49xwfdtdjd,,BNP,,259765375,,2000000,,0,7,445,259765375,7,0,0,0,0.06,340000000,2000000,0.0
pool16kja6em4zlu8cmlr5la32yrsx5jqpejdqktadw9nv3cwx2s6ccf,,,,10984954,,0,,0,1,445,10984954,1,0,0,0,0.025,340000000,0,0.0
pool16knnvtezwzmgpnu8v03wht6y4u7mwfc7qz6y2yk62w4as4qymat,,LAMB,,1303990304677,,50000000000,,4,495,445,1303990304677,495,4,1450378542,378687940,0.025,340000000,50000000000,0.018000000000000002
pool16kus5xvdysgmtjp0hhlwt72tsm0yn2zcn0a8wg9emc6c75lxvmc,,EDEN,,68584923848519,,1000000000,,45,5521,445,68584923848519,5521,45,17921297884,1123691768,0.036,340000000,1000000000,0.9445999999999999
pool16l00309tdqza9606rltqtrqejx7tcr2swa86jrmz459txfnkgq7,,,,10008333681341,,,,9,5,445,10008333681341,5,9,3912187110,340000000,0,340000000,,0.1378
pool16l9ph0cm42qk4h8wqlka3fw7ws7rvnj5n59xzy8ky4l8gnudugk,,RKDN,,71027899542,,4500000000,,0,10,445,71027899542,10,0,0,0,0.01,340000000,4500000000,0.001
pool16lsx9mj2s2wr337hv9402enw0886d09grx5c0d4pk97w63kjn2a,,,,2273931246,,25000000000,,0,5,445,2273931246,5,0,0,0,0,340000000,25000000000,0.0
pool16lwqfp7cpvzwn6mhu0gj3h4aa5k6j9my0he4mgjjva5f7vvnkw2,,ANEW,,316838370657,,30000000000,,0,42,445,316838370657,42,0,0,0,0.015,340000000,30000000000,0.0044
pool16m6c5rcpm63k2606lkqadg3x5pykjwr4pthhj9h4ancquafwhjl,,,,287686372,,100000000,,0,4,445,287686372,4,0,0,0,0.01,345000000,100000000,0.0
pool16m8xz3av9e3lwnxgu0jfnuwckgayev63zpzcu56hsxx7vy4eqzn,,EZP,,100609921,,550000000000,,0,1,445,100609921,1,0,0,0,0.01,340000000,550000000000,0.0
pool16nnl8ymck6c20x86lfd5p9q3yp9w749cam26y985459ww6kjtz8,,ska1,,64401858412,,50000000000,,0,5,445,64401858412,5,0,0,0,0.05,340000000,50000000000,0.0009
pool16nvyyawrxy0rsx99g332y3yasnnz42arrqhrsxq8pv7nwsya9nu,,,,4820172272,,,,0,7,445,4820172272,7,0,0,0,0.01,340000000,,0.0001
pool16p7t60zfvdda4l47khsd9jwwszysxxed50lxxg76lzuyvqg26nm,,WADA3,,100009873310,,100000000000,,0,1,445,100009873310,1,0,0,0,0,340000000,100000000000,0.0014000000000000002
pool16p8y0pzx8yx7vz6eqksw9xjhh3tzeymvxcstrgtk8ncw75356yw,,ZPCT,,58196660428,,1000000000,,0,3,445,58196660428,3,0,0,0,0,340000000,1000000000,0.0008
pool16pv24th2tzy8k70vk4ms35tff0fjxfm2dd2psk7cvs27wnjvlgh,,,,21172050300573,,,,18,53,445,21172050300573,53,18,8161356916,340000000,0,340000000,,0.2916
pool16q8rhnyj65mtfz8rvf38ernr0jlcr5gcdpjzv0wgtqvcc5yw7g7,,,,501132556,,100000000,,0,2,445,501132556,2,0,0,0,0.01,345000000,100000000,0.0
pool16qhf24jz4pdru0gqrh9rwnvv9v05a6fq73g4md6mawavz2fg5v7,,,,4292361625,,100000000,,0,3,445,4292361625,3,0,0,0,0.027,345000000,100000000,0.0001
pool16r36znhvh3h2lk55vu89hsx3ug94sx2etqv9s2006d8awufhaz7,,,,52037404,,0,,0,1,445,52037404,1,0,0,0,0,340000000,0,0.0
pool16r6g7plyuh4cqs9f3qy97l4rh5edwx3w9xvd205mhj2e58cpp28,,,,4266484511,,,,0,1,445,4266484511,1,0,0,0,1,340000000,,0.0001
pool16rahfu936wdfq34wf6t8rqxvdjxayra5f7y80xq0udnqglrqel9,,4KOMA,,2998512461930,,5000000000,,4,25,445,2998512461930,25,4,1540318512,340000000,0,340000000,5000000000,0.041299999999999996
pool16rcqtg9gywenzkp6t5qg8um5tuul6d4dzwauppz7z3ufyaj0ky3,,,,151053519,,,,0,1,445,151053519,1,0,0,0,0.01,340000000,,0.0
pool16rru46dcyk2h5qjwq6gnxwumdj8zkjjnhxdtvpclyq8h6q9apua,,,,709842356,,1001000000,,0,22,445,709842356,22,0,0,0,0.03,340000000,1001000000,0.0
pool16sm29hg3qrk5lyp74qcljt38l86v5zvg95395h9gqrn6qe97d9z,,ZEBRA,,10470192086,,1000000000,,0,9,445,10470192086,9,0,0,0,0.01,340000000,1000000000,0.0001
pool16tcjctesjnks0p8sfrlf8f3d3vrp2fdn2msy80sgg3cdjtayu3z,,TAPSY,,9736517423484,,5000000,,5,756,445,9736517423484,756,5,2002275474,360225026,0.01,340000000,5000000,0.1341
pool16uf3j299ndwd3xmv6fvh648pc3s4c3y80g2t0y2rwew3xz6c3aa,,GLOB,,5723044852,,3000000000,,0,2,445,5723044852,2,0,0,0,0.02,340000000,3000000000,0.0001
pool16uja2pt05ddq9mzcsw9xkv40qdl7sm00nvpj0h4arn0fgl2xrae,,,,2532541028,,100000000,,0,1,445,2532541028,1,0,0,0,0.02,340000000,100000000,0.0
pool16utp8esfwwpwf4fzlvtulugtdj9mapt42gdwza962pk8q2f45yt,,DRMZ,,154936032234,,20000000000,,0,93,445,154936032234,93,0,0,0,0.01,340000000,20000000000,0.0021
pool16v0jqnz2zuqsdrf6z94ec5rx9ds0xeghsvmddauzt6j5w2u7lsm,,IBEX,,12383740171178,,5000000,,8,33,445,12383740171178,33,8,3356060105,422560115,0.024,340000000,5000000,0.17059999999999997
pool16vdezg50c80dhs78jhfl0gpqr68trtmqy40xplw39t9mgk6vrkd,,,,32394532265777,,,,29,2,445,32394532265777,2,29,12543432628,1146451022,0.06,345000000,,0.4461
pool16vxqq0ttyvfkt84f6ksncskgdk0r9w8ulaum0af8cmmfgsf5hua,,,,113068208,,100000000,,0,2,445,113068208,2,0,0,0,0.02,345000000,100000000,0.0
pool16w2mssm03rrk5jzkcvxyma77zcxx4vsjhwz77hka33gnsk9j47n,,,,267555526391,,25000000000,,0,19,445,267555526391,19,0,0,0,0.01,340000000,25000000000,0.0037
pool16wfrrl0vhq5ldqa2u3kz8mm9r7l5pmlqqu0667gfjykfkyv98ge,,ADAMX,,14294659193,,1000000,,0,28,445,14294659193,28,0,0,0,0.01,340000000,1000000,0.0002
pool16wkx7ajj8wlsjtarmy4p3a2qpsq7qah6p8pnevtz5v09kqe4ygy,,,,2273900383100,,,,0,6,445,2273900383100,6,0,0,0,0.01,340000000,,0.0313
pool16wt6mzvytu9key68efv7cx6zfkqn0d9kzlnt746cyuv0zj3nxh8,,,,299169277610,,10000000000,,1,7,445,299169277610,7,1,117377782,346275194,0.01,345000000,10000000000,0.0040999999999999995
pool16wz7g5qp6y5m0qp3c28543rpzqsaw6w9kcxlhy5zslnwq4qglcw,,BEACH,,10689052170,,10000000000,,0,3,445,10689052170,3,0,0,0,0,340000000,10000000000,0.0001
pool16x5fslqfvgmsyra4vmpvuzq7p5fzeln240envdwfm2jps0j3rw2,,0FEES,,31602645479,,500000000,,0,20,445,31602645479,20,0,0,0,0,340000000,500000000,0.0004
pool16x765v3ge3th3dml6v7zrj4x7r6zlrtr7y5qa9ap7uzg7f50uu8,,,,546890394,,,,0,1,445,546890394,1,0,0,0,1,340000000,,0.0
pool16xpa8km92m0cq9unn84cezy8ygl2mr90t5qvvauswfm9yqyj524,,FRESH,,24535472285,,1000000000,,0,10,445,24535472285,10,0,0,0,0.01,340000000,1000000000,0.0003
pool16xwm8el8knrmxee7d79wjt9lgm45cyuf055rv0s0ms05g592l2c,,TAB,,3303271610361,,1000000000,,1,89,445,3303271610361,89,1,122474402,349937687,0.075,340000000,1000000000,0.0455
pool16y2dn9e7cw07wtergytxr36qlydfe7aj92xhv59e6pzezgwxtv8,,,,14915836555,,105000000000,,0,16,445,14915836555,16,0,0,0,0.025,340000000,105000000000,0.0002
pool16ypn6g8sm5um7mkxyhdu7j9eq9zl35wywq5n9x8g0aujc060qzp,,MOM,,161021654,,100000000,,0,1,445,161021654,1,0,0,0,0.15,345000000,100000000,0.0
pool16zjsdvuxa39w9k48c9ds7sne4c9lhclmmcly53cdat4nu7l36f6,,BMP,,2004653126,,100000000,,0,4,445,2004653126,4,0,0,0,0.04,340000000,100000000,0.0
pool16zx2pradv3pdv6tkp2dnll3d7u8sdwld884f228xl62vy2msdt0,,MORNE,,10542004711,,50000000000,,0,18,445,10542004711,18,0,0,0,0.02,340000000,50000000000,0.0001
pool16zymwv7r24sgcxg43z4ce0g0mw0yt6zdxehcgwyksj456y0ef4a,,,,507236356,,500000000,,0,1,445,507236356,1,0,0,0,0,340000000,500000000,0.0
pool170028ak8q37qf4e5lf7z8eyuscgcrqgzn9lh58a4g9ngzd83a0h,,AQUA,,1173223802489,,1000000000000,,2,58,445,1173223802489,58,2,84068824,359683011,0.0325,340000000,1000000000000,0.016200000000000003
pool17037mqf5k46e6jpaue46lfy55v827re9cgm3qp8vsp33q8zufvy,,BEAN,,3080875,,13300000000,,0,1,445,3080875,1,0,0,0,0.035,340000000,13300000000,0.0
pool170hmssk80z2ameg7jhj5m8psnkjejcc77vfpd0875yggxhhntd0,,21ADA,,6853887535569,,25000000000,,10,1536,445,6853887535569,1536,10,4204514194,427757483,0.02,340000000,25000000000,0.0944
pool170jjhp3s7gw23clx6yvfdfvv9t6egwazjhk3gy5y0xnq6y8mjjt,,CALVA,,5911535571,,101000000,,0,5,445,5911535571,5,0,0,0,0,340000000,101000000,0.0001
pool172gxn08m64vyfvpn926t3q8md5qf0q9k3y6kqz6krj8ry0tntmz,,,,552424253,,550000000,,0,1,445,552424253,1,0,0,0,0.01,340000000,550000000,0.0
pool172vhywk0n2m7r47a8wq78xzc7nnytu3x78wyftmdedvjyzxjc7s,,,,70449031,,0,,0,2,445,70449031,2,0,0,0,1,340000000,0,0.0
pool173f5kzeuz485kshvga3t7un8u699w2rgn77apjx078xd73kzj6y,,,,347620334,,250000000,,0,1,445,347620334,1,0,0,0,0.01,340000000,250000000,0.0
pool173mzegwuu0pjcrt60ekelzj5haqr8r5e4e0n45qh9jdz7xm5kh8,,ROCKY,,28490956099289,,80000000000,,36,7292,445,28490956099289,7292,36,16165275977,671495135,0.0199,340000000,80000000000,0.3924
pool173qemdqfjnkrjzykmc0j4nqmxuuhvvv42pawt4xka3k2vwmd4mr,,CHLA,,17585020357,,100000000,,0,6,445,17585020357,6,0,0,0,0.01,345000000,100000000,0.0002
pool173trwz74lv2ncl0dn5fqvgnhqtmqu3yvnf6dpx7k6psuwhzn2fc,,,,130893167,,50000000,,0,2,445,130893167,2,0,0,0,0.01,340000000,50000000,0.0
pool173ul998qx9wnukxsz4hs47fv3slu7zcympa7gkv4m9qp5fheyex,,,,97173499353,,,,0,14,445,97173499353,14,0,0,0,0.05,340000000,,0.0013
pool1749t2act40esvfj0w0g0ear7l3hrnjfc8l5rl8eznuh8vunjl86,,,,18256970957,,10000000000,,0,27,445,18256970957,27,0,0,0,0.01,340000000,10000000000,0.0003
pool174s9fj3073jx2t8zlm5x8rvyqt52uult4jn7slyrtg8gx8ay9jy,,,,5585614991,,5000000000,,0,2,445,5585614991,2,0,0,0,0.03,345000000,5000000000,0.0001
pool175gxtzacpcm90adjpvlhjmfpj4ft2a3zuqsgm558hf3q7ra2vf9,,CSK,,618016950,,10000000,,0,6,445,618016950,6,0,0,0,0.01,340000000,10000000,0.0
pool175jklkquzts0u05axap90uqpym5knnjxky396mz95hhauwyzswe,,ANADA,,7695989355,,1000000000,,0,7,445,7695989355,7,0,0,0,0.01,340000000,1000000000,0.0001
pool175p7tqqgmduq6r5ad7jca2c4jz6tp3rslz7jffx7zru3cakdmt2,,GQSRN,,464078945,,401000000,,0,2,445,464078945,2,0,0,0,0.015,340000000,401000000,0.0
pool1777xvdg0vydjp78cdcfrmpuqj28w3nuasf7h9a2f6cd4z990777,,,,97624338,,,,0,1,445,97624338,1,0,0,0,0.00777,340000000,,0.0
pool177q3zxxyqzp5kffeh5jxssnxk7rwnpkf04628kcsf0cyj6jaklw,,,,66822342308,,9721000000,,1,37,445,66822342308,37,1,95572532,340000000,0,340000000,9721000000,0.0009
pool177ukluyy3tq6mphkp7kfpe6ku48rs8x48le7y23quee0xqmal06,,,,32405592124195,,,,21,4,445,32405592124195,4,21,8993659225,919650740,0.06,345000000,,0.44630000000000003
pool177xu75tv2wqnz2cg879yekswm3wqqvwfgzhulkglrfksslsyj9r,,PUP,,7366358203,,2000000000,,0,4,445,7366358203,4,0,0,0,0.02,340000000,2000000000,0.0001
pool178j8pevk04pay4lgz29c9y52k30xql7uaj5zdsqzpa9jwkuhqn5,,CASTE,,479708413829,,180000000000,,1,19,445,479708413829,19,1,78217087,341327209,0.01,340000000,180000000000,0.0066
pool178jmsy6t03udg2urvckseyync6y2jkq26haj7vxtwszc7ycq5ws,,ROLL,,1584295603,,500000000,,0,4,445,1584295603,4,0,0,0,0,340000000,500000000,0.0
pool178yk6ddgn3z0d04mmdcth430hpp4pyx06jyelvh6xdkngm68rmk,,,,5236151704792,,50000000000,,6,12,445,5236151704792,12,6,2372583477,439324232,0.0398,340000000,50000000000,0.0721
pool1796kveuwxrquwhwnne5g99er50q6alcaf7yjf3kd6xr5vemfaqc,,,,11116007,,0,,0,5,445,11116007,5,0,0,0,0.075,340000000,0,0.0
pool179dpweul0jsfv9ls67ner4n286fh6hqtskaw6nux97t52dt5gxa,,GET23,,1047641190,,1000000,,0,1,445,1047641190,1,0,0,0,0.01,340000000,1000000,0.0
pool179mnckg6xz4w5x6k9056yl7r2ej8fd8uu68fc2vlsmulg7lzwhy,,,,57805624907,,101000000,,0,10,445,57805624907,10,0,0,0,0.01,341000000,101000000,0.0008
pool179u2dtcn92xv7n05dldlevt6hcu5v3p7g4aaqva2fm8qjzu7lpc,,RISUP,,4226888175,,1000000000,,0,6,445,4226888175,6,0,0,0,0.02,340000000,1000000000,0.0001
pool17ahr5ygy48vpdfnatqn2z4wfu2te4quapk2yx3k50ce6kd7feg0,,ST3AK,,65223046625174,,2789000000000,,58,10224,445,65223046625174,10224,58,25564667490,884104192,0.02,340000000,2789000000000,0.8983
pool17ajuw0arwq8klfe4xy8tcqj4yetp8kerl4amzn5dsnne20wlnsa,,,,83456533243,,10000000000,,0,232,445,83456533243,232,0,0,0,0,340000000,10000000000,0.0011
pool17ak367upaay0c9thyxq9xn0qn76h03r3j3s6dp658ha650r38nz,,,,341514773903,,,,0,67,445,341514773903,67,0,0,0,0.01,340000000,,0.004699999999999999
pool17arsgklktp9sayk5kzaakwvl3jwyczp07guux2yd0upgqh04qjl,,,,59557323217852,,,,55,5,445,59557323217852,5,55,24365155481,1622376604,0.05,340000000,,0.8201999999999999
pool17c4u37tjcjaeym0cs5mffvdkyyv74rkhczhnsgplef4sjglkwpj,,,,32393655038091,,,,25,3,445,32393655038091,3,25,10768905807,1033050881,0.06,345000000,,0.4461
pool17cacd3k230r83pw5xny6d493t9wn5ww730m6wayuqsrhqwzyecv,,,,4970361596,,500000000,,0,5,445,4970361596,5,0,0,0,0.01,340000000,500000000,0.0001
pool17d6xuyhwkvp5g44q5jwukrfldhvcz3equ2tk34yuyrd0jlh4jjy,,,,12611753,,800000000,,0,2,445,12611753,2,0,0,0,0.02,340000000,800000000,0.0
pool17d6yemu3wsv9t3lf507z6vuu00slpyw3qstavfdtztjjy42qcp7,,,,99280884,,100000000,,0,2,445,99280884,2,0,0,0,1,345000000,100000000,0.0
pool17dag45ldepvckqdxvvppwdy4w8qczsz0awtutqyj2pzashn3ds2,,,,1405677556843,,20000000000,,2,436,445,1405677556843,436,2,571676996,345990271,0.0099,340000000,20000000000,0.0194
pool17dqwaa26crnkecs7lydfr8826k3evkv5ypdf7wx8fu5mzexxa2x,,,,156277982,,,,0,2,445,156277982,2,0,0,0,0.01,340000000,,0.0
pool17dx6ld5544pngfc4w6ere708zmjga7wmykeelqhqt4tpkjcpup2,,,,4000000,,176500000000,,0,1,445,4000000,1,0,0,0,0.02,345000000,176500000000,0.0
pool17e4rdh59t4fmn4g3p02xvs853katrjzge830tsmd3sfdc645yvt,,GAIA,,950961882274,,0,,1,246,445,950961882274,246,1,125838260,343975728,0.03,340000000,0,0.0131
pool17edtg9kt83mpguyh87u6ju2fkgjta4jjmmyzj9n8tsf4uwalg7h,,,,119036341,,10000000,,0,3,445,119036341,3,0,0,0,0.01,340000000,10000000,0.0
pool17etnr2ngwpnqwuvdzszzd36u67kzcsrs8scuxf0a63hezy9zvpv,,ARARE,,7399423496,,5000000000,,0,12,445,7399423496,12,0,0,0,0.02,340000000,5000000000,0.0001
pool17f450fgggph94ectjspqersd3u88cggvf3nu45k3xj2fwdqxjpp,,,,94912118,,10000000000,,0,1,445,94912118,1,0,0,0,0.03,342000000,10000000000,0.0
pool17fge0jukcp0vqwu0chh3jh4g0emt4rat8vxucrx5n8s5qz6fegp,,TRADA,,51885406871,,25000000000,,0,13,445,51885406871,13,0,0,0,0.01,340000000,25000000000,0.0007000000000000001
pool17gfj5t240hqaqr7vtrlrlhmyazw3lcyqvfd06v4kpxv7qxpdzau,,EVOC,,1205903830047,,45000000000,,1,5,445,1205903830047,5,1,129384214,340000000,0,340000000,45000000000,0.0166
pool17gvd032slmxg267lp8rwcykkfa52txm8ylefhmdsdkytzugrtaw,,STPZ1,,936962009952,,12000000000,,0,30,445,936962009952,30,0,0,0,0.005,340000000,12000000000,0.0129
pool17h6slydr6rd9vquqa38p5cf9xqnpc24w6a99rhllcjzljgugx6x,,NETA1,,2164329662402,,880000000,,3,1735,445,2164329662402,1735,3,1016759221,393589232,0.05,340000000,880000000,0.0298
pool17j4er5hpzkzyzpqzc98hxc7srvt5pvuye9q86mcrxluhjjj2aaj,,PIXB,,1981130855,,10000000000,,0,4,445,1981130855,4,0,0,0,0,340000000,10000000000,0.0
pool17jss6muzegagwnlju4t0mxsk875eu6r0uwr7mfamf2xcvrwk4tc,,WAV12,,357631751,,69300000000000,,0,1,445,357631751,1,0,0,0,1,340000000,69300000000000,0.0
pool17k2dpgvx8spkdhgf5j7x5u7pqjpvlwa76sugwen8l3xtk7kq3c4,,,,26529928043,,105000000,,0,7,445,26529928043,7,0,0,0,0,340000000,105000000,0.0004
pool17k4f0mdwyulkqhyu2mudavu2qqqd7hfc9xtxmxtk8dudvznma8k,,,,30024667969,,,,0,2,445,30024667969,2,0,0,0,0.05,340000000,,0.0004
pool17k568pj9x6qwmvutn97p5wgzvgmjf7m46sz3vzudq62swqdfh4a,,KDK,,120363176,,90000000,,0,1,445,120363176,1,0,0,0,0.15,345000000,90000000,0.0
pool17kew7rtakc7g6qzydntann5umw08xq3ll2j7spk7en4kvff69fa,,BLOOM,,24887576223714,,1000000000000,,16,2185,445,24887576223714,2185,16,6679070056,629950621,0.04,340000000,1000000000000,0.3428
pool17m2zg7dcg54a8gz2jgkwz2s3fzzth2gyf466k7sy4dl7wchp3lv,,YOLO,,1001670616,,1000000000,,0,1,445,1001670616,1,0,0,0,0.03,340000000,1000000000,0.0
pool17m39tt99rq96gv9s4cp7u93auavams3khrdtzfapngxgjs3tj7s,,,,5885306,,2500000000,,0,1,445,5885306,1,0,0,0,0,340000000,2500000000,0.0
pool17mr554wv653z4ttr3rydt5dsxg6r28ysu5mlz9cc5ax32gsleh9,,,,437956681222,,40000000000,,0,29,445,437956681222,29,0,0,0,0,340000000,40000000000,0.006
pool17n47upcpnzsdks0yd409nf79sg6hqy73twg87eddwh24uj745rt,,HEPHY,,95226058137,,25000000000,,0,19,445,95226058137,19,0,0,0,0.01,340000000,25000000000,0.0013
pool17p4syst04f92ylfzlcn8qwq8w5muxkwqn0a5fl98ksxhwj6y7g7,,,,197226148,,100000000,,0,1,445,197226148,1,0,0,0,0.01,340000000,100000000,0.0
pool17p8a9e5ljeucdvmsl62a667y7lwwx9xzwzjulwu7df2q7854mh4,,AGC,,147188853262,,25000000000,,0,271,445,147188853262,271,0,0,0,0.01,340000000,25000000000,0.002
pool17pappd4r69ag7ud695he8rhygzh80qvtdtv8k25hjyggzz8gc53,,,,1053239172,,1000000000,,0,1,445,1053239172,1,0,0,0,0.0298,340000000,1000000000,0.0
pool17pv7m8h5dxsyt55upay8n8ake2cgcz4mcr737um2tl8d2wthzqr,,MEDIA,,1905195024420,,5000000000,,1,535,445,1905195024420,535,1,129758804,342648206,0.02,340000000,5000000000,0.0262
pool17qvfg2g843gw6lurru282kkex6vp3pyj6zwj99j4u6k7zvmva5a,,1PCT4,,17289567856228,,50000000000,,17,501,445,17289567856228,501,17,7569569100,416716738,0.01,340000000,50000000000,0.23809999999999998
pool17qyahrvutlsyq7c6ceynac8ay4qkmxkd2sh43w4va5yr255x437,,,,103607970,,,,0,1,445,103607970,1,0,0,0,0.03,345000000,,0.0
pool17r3u34ywld6sehe9dd5t40ygq7rmc6yfw2k0h0hpllznwlmwsnn,,ADAR,,1526718538653,,100000000000,,2,178,445,1526718538653,178,2,549441923,340000000,0,340000000,100000000000,0.021
pool17rjst78s67lvellg8s586rf076jxa3wnsdz730f4xk2zwuhrtej,,NORTH,,71216285195737,,10000000000,,64,4144,445,71216285195737,4144,64,29693298227,340000000,0,340000000,10000000000,0.9808
pool17rns3wjyql9jg9xkzw9h88f0kstd693pm6urwxmvejqgsyjw7ta,,0PCT,,4364185258498,,10000000,,1,259,445,4364185258498,259,1,,472500602,0,840000000,10000000,0.0601
pool17s3mr9c4ejjfq20dz0ls9ggskc770kt267s9xmw93payzdswwgg,,FIKA,,7093029701214,,50000000000,,5,549,445,7093029701214,549,5,1968515518,376413772,0.018,340000000,50000000000,0.0977
pool17taqml487n9t4r9a6ppvf9qv0qlw2lu4zcrzwfdsfcv6xp7uqym,,PSB,,29472962240565,,50000000000,,35,1527,445,29472962240565,1527,35,15488305791,502548616,0.01,340000000,50000000000,0.40590000000000004
pool17wdqcn6xjym38wlry6t2ull00fg7ghqejd0xuy4p20djyua800c,,,,98624030,,,,0,1,445,98624030,1,0,0,0,0.05,340000000,,0.0
pool17we8ycehylszd2n3haxut8gll239m9m9q5a8ytsc9pg9g3uuga6,,,,524741942,,,,0,2,445,524741942,2,0,0,0,0.15,345000000,,0.0
pool17wph2uu643wykezxmm3ef3a8shg3hwyq2z0sgpu6r9sc7um83d9,,,,55189666755,,,,0,3,445,55189666755,3,0,0,0,0,345000000,,0.0008
pool17wsk3ww9asev7kfk9ktfw2cxcq865jq2l796aue66xldwx6cy82,,,,467416852016,,,,1,8,445,467416852016,8,1,43964851,340000000,0,340000000,,0.0064
pool17xextu09ghdfcmsq83whq0a45geg83jxe4qt94sevu087tzdzkl,,ONYX,,59011553732044,,250000000000,,54,2017,445,59011553732044,2017,54,24761740663,592259533,0.01,340000000,250000000000,0.8127
pool17xh922cr9skc0fqk7sr8at6xx6eluh5qyv9p7ca2x0mtc3st0mz,,SEA,,1726322625912,,40000000000,,2,915,445,1726322625912,915,2,578444467,346013299,0.01,340000000,40000000000,0.023799999999999998
pool17xtz3a8ppy9prj4e2e5t5ggk6p68ls305x5pyyxdxc2lut0ltm2,,ZLNDR,,7426233,,0,,0,1,445,7426233,1,0,0,0,0,340000000,0,0.0
pool17y0uw9jraxxtqk4mhgkhkye2v6jqzn84u8hl68l9xwq3cvm2vqw,,ADNT,,380013312570,,100000000000,,1,24,445,380013312570,24,1,84852269,341326446,0.01,340000000,100000000000,0.0052
pool17y4pg5j8z8zklmplel2l3l705zx706w3mrac2etns0uccehx3nr,,,,1035664597,,1000000000,,0,1,445,1035664597,1,0,0,0,0,340000000,1000000000,0.0
pool17ynruzy9lvq0x55ks22vtf4lrrdrw2ucydh4tfzhg9kkyeaw8nf,,ASN,,1779379691068,,1000000000,,4,773,445,1779379691068,773,4,1508929544,340000000,0,340000000,1000000000,0.0245
pool17ywx7vha7t8snj3xzwm9863lvnpke0ufqjtx94mh49sf28srg9m,,,,1000009,,100000000,,0,1,445,1000009,1,0,0,0,0.15,345000000,100000000,0.0
pool17zs395fwgd0fvk0cpfqjxmd02f0qsxyhq2395lggwmukycj5rqm,,C3ETH,,14626281310444,,2500000000,,14,14,445,14626281310444,14,14,6023043315,591003058,0.04,340000000,2500000000,0.2014
pool180fejev4xgwe2y53ky0pxvgxr3wcvkweu6feq5mdljfzcsmtg6u,,CHIEN,,121001956019,,50000000000,,0,46,445,121001956019,46,0,0,0,0,340000000,50000000000,0.0017000000000000001
pool180s7p6p7se5lerdwp5ed33dgehmgxq7q2r7f7zzdjd0rq6cu4vn,,,,54505469053,,25000000000,,0,21,445,54505469053,21,0,0,0,0.01,340000000,25000000000,0.0008
pool18243r3ncukrk54jrx3mnr2k6lvu30dy7y6uj252cyldhqze7qe3,,,,391087660,,340000000,,0,1,445,391087660,1,0,0,0,0.05,340000000,340000000,0.0
pool1835qw65tsy3x7mta5dfdmfq4mvqzn9cpvf9keaca0nqgvguk7j5,,MS10,,4298947949767,,30000000000,,6,159,445,4298947949767,159,6,2414820647,402383809,0.025,340000000,30000000000,0.0592
pool183usq53j55v86q3eguw37xaqy67au9n5terk474sevuu6jy7266,,,,5911839531,,300000000000,,0,43,445,5911839531,43,0,0,0,0.03,340000000,300000000000,0.0001
pool1840k62s50neuj7hdp4l2julx49dtm72z25p9hh68pjvqjhhw602,,ARF3,,357647609697,,10000000,,0,1,445,357647609697,1,0,0,0,1,340000000,10000000,0.0049
pool1850xvydng5mkjzkwqw6566y7e6hsrgakc3y87jrnqrkrwdjua2p,,BITA,,20457060404138,,10000000,,20,1013,445,20457060404138,1013,20,8848922753,340000000,0,340000000,10000000,0.2817
pool1853ffwhtuka742fq4av7s3ssdpvzhdkpw53th3es36zkwrllj9g,,ATLAS,,9597251643111,,125000000000,,6,1510,445,9597251643111,1510,6,2460074183,340000000,0,340000000,125000000000,0.1322
pool1859zslu3scj23wxcamw0slkhn80waxwkdl4k8k0asyw7sfa8dv5,,,,21795176191886,,,,22,1,445,21795176191886,1,22,,10403543829,1,340000000,,0.3002
pool185ev4czpm5hc9xud25xlcz5lhpnl2jztqas6mgxujqke7j5mdzc,,ALDIA,,3671084151912,,1000000000,,5,1452,445,3671084151912,1452,5,2020269604,340000000,0,340000000,1000000000,0.0506
pool186wnrzw2zq20wt6p9aer6z33vqgv4xaxm6445fa4g4wr559e0j8,,INF1,,251000039,,250000000,,0,1,445,251000039,1,0,0,0,0.001,340000000,250000000,0.0
pool187k9uqvh2dacad2qyfyex7ct8q0jxepk45026s9h7mkxx9pn7at,,CHESS,,2338718760,,750000000,,0,4,445,2338718760,4,0,0,0,0.01,340000000,750000000,0.0
pool18872nzahx0h2f7j58pxrn5rjektn8na8p4amv08x2xj8qkht30g,,MNKY,,3974171234667,,20000000000,,5,312,445,3974171234667,312,5,1891599470,360241241,0.01,340000000,20000000000,0.0547
pool188837cdkhad7w2dwk2arsldyre3tcva8aardadf4ekc0j56267t,,CAOW,,913336687,,100000000,,0,8,445,913336687,8,0,0,0,0,340000000,100000000,0.0
pool1892ry20mvu6tvrmuua5gdmk7unw30w7tf8scpllpyq8w2sdwvc7,,1GURU,,1107893687913,,20000000000,,0,19,445,1107893687913,19,0,0,0,0,340000000,20000000000,0.015300000000000001
pool189elcklfyhaczaasjdyrrxmhaeepg6avn9gxjte78ntny5fqdl7,,AIOA,,7298042504,,6000000000,,0,7,445,7298042504,7,0,0,0,0,340000000,6000000000,0.0001
pool189j5mz6wa0gfrakwvn2tar7qt309qxrmsgde5v6qwm892n6re3v,,CCJ,,3379501734579,,100000000000,,0,43,445,3379501734579,43,0,0,0,0.048,340000000,100000000000,0.04650000000000001
pool189lsf6c2upyhmrzddyvyfjxxkqnte9pw8aqx7f4cuf85sjxlm02,,,,45779460532003,,100000000000,,55,2131,445,45779460532003,2131,55,25075434701,852914311,0.02,340000000,100000000000,0.6305
pool189vq6ay0gku9tkqc2t3nfjk3n88mm23grmfas852jruw6fjlkaf,,WEP,,24218923986775,,50000000000,,19,25,445,24218923986775,25,19,8189230607,771968117,0.05,340000000,50000000000,0.3335
pool189ysyxejgdu0d5u323cajq40ec6wsacq3yav3ul7fdxs6mhdhr0,,,,3928555252,,5000000,,0,11,445,3928555252,11,0,0,0,0.01,340000000,5000000,0.0001
pool18aklqwussc7j6y9nap8vxst4ht8s6sv76ge9799rzv3lcrau7yg,,,,430948650,,250000000,,0,2,445,430948650,2,0,0,0,0,340000000,250000000,0.0
pool18au4xxwcu552tjyxgyfssc95lwcf08g49z0ln5f7l060qh8r3wv,,STBL3,,1430897,,0,,0,1,445,1430897,1,0,0,0,1,340000000,0,0.0
pool18c2qgn5fv5vfhsvqjvn20j943qjaegs0dylgpsmmwz2lx03n76k,,BETTR,,306221571221,,35000000000,,0,43,445,306221571221,43,0,0,0,0.01,340000000,35000000000,0.0042
pool18cr7st8wvagllpgq23y70ncnejux2dmxrsdc45hyalk67e63jg6,,XSY,,2097621830,,2000000000,,0,1,445,2097621830,1,0,0,0,0.01,340000000,2000000000,0.0
pool18cx6qhjeynrsd7pvcrv7e3y65ksyzguaep2427zumc8t2qzxvsk,,,,294086536318,,,,0,298,445,294086536318,298,0,0,0,0,340000000,,0.0040999999999999995
pool18dmncsu0wwzfnje42udk3eeld3z0zwjpjxname3lp8a9kpah28w,,BOS,,20027860693,,400000000,,0,8,445,20027860693,8,0,0,0,0,340000000,400000000,0.0003
pool18dqp26atwr6rd7z6suxjmguqy8zym5a3tgtveuazqsjwyeafrz6,,,,266665872,,100000000,,0,1,445,266665872,1,0,0,0,0.018,345000000,100000000,0.0
pool18e0uhtm4pspfrnktwguypytjfgwz6dw6zzn3gulpdjfx7qd0439,,MINES,,19556372252,,1000000,,0,10,445,19556372252,10,0,0,0,0.01,340000000,1000000,0.0003
pool18e48wynvkevefs0c5yuh705u6tpy0m4xflg506kp0r6vga9gkmr,,,,497625350,,4000000000,,0,1,445,497625350,1,0,0,0,0.05,345000000,4000000000,0.0
pool18e545ehldchd8qr8qx7q7m5dljzaky2twxrynx2z29ru2mt6pv4,,BD4,,248935199847,,200000000,,0,4,445,248935199847,4,0,0,0,0.08,340000000,200000000,0.0034000000000000002
pool18e63pk226vwk7j3khen2nsgs2wt3q6c7u3rnu7jzm9mtxrj54hu,,,,93985466588,,36000000000,,0,9,445,93985466588,9,0,0,0,0.005,340000000,36000000000,0.0013
pool18elg7uhk8ge2yvwcywvqykfwn2wfv5ktwv0yt5jmh0wr5vl0hzm,,,,164646370044,,,,0,3,445,164646370044,3,0,0,0,0.03,340000000,,0.0023
pool18en4vtxkjt3u5x6ctu9l3nqmr6pm3r7akxgu84450xdvkr4j827,,EQITY,,5114922901,,3000000000,,0,2,445,5114922901,2,0,0,0,0.03,340000000,3000000000,0.0001
pool18en524ya9c2dtlgp490t46t5k60ztgzx5vvjj34c064duzhmgrr,,,,1282819466,,,,0,9,445,1282819466,9,0,0,0,0,340000000,,0.0
pool18fldcktken22hfd3tyx8qwes46lv6jhv43jhns8gg24k2rta4al,,,,1212621566,,1000000000,,0,1,445,1212621566,1,0,0,0,0.01,340000000,1000000000,0.0
pool18fw3qgzt4u094hn8kf82n6jye5y96csamj0f20dja8tnq4ad0hy,,,,10843473,,1000000000,,0,1,445,10843473,1,0,0,0,0.05,340000000,1000000000,0.0
pool18gk8kvd9qf829nldqus92q9y640e6u0jdyfz04mmktwxvglgt06,,,,48000021987056,,,,31,4,445,48000021987056,4,31,,14647518086,1,340000000,,0.6611
pool18gsrasdghtjsnzlf20pht85l4epwag74w9pfx5qvdvcpxw68sl6,,,,38391485763668,,,,36,2,445,38391485763668,2,36,15836519952,1173501050,0.05,340000000,,0.5287
pool18gxqszcsk9yt0jsnzc293556x5t0cd0xdepr69wta9rh23349j5,,,,6078447777,,5000000000,,0,2,445,6078447777,2,0,0,0,0.15,345000000,5000000000,0.0001
pool18gysxqfwz4j8rm3vlh6677vs9n23prvfr7gwe88mhn5uudgx9ng,,,,12015628182,,30000000000,,0,9,445,12015628182,9,0,0,0,0,340000000,30000000000,0.0002
pool18heqrjtge2emf2hes4mdxkr76y99zztkqk4qtjr9dul0vuur0yu,,RX78,,1550603515015,,10000000000,,2,17,445,1550603515015,17,2,578634002,340000000,0,340000000,10000000000,0.021400000000000002
pool18hk4akqtnktgsptxll625lksugwpc4r30nzjgz4pxtufqgw5gdd,,,,9823059,,100000000,,0,1,445,9823059,1,0,0,0,0.04,340000000,100000000,0.0
pool18hkq2t8ss45h4fkr92f52flhc4mpzedx5mcz4xhnpj0dzp76028,,,,5850160302867,,22000000,,2,331,445,5850160302867,331,2,591742619,340605479,0.001,340000000,22000000,0.0806
pool18hpttrmc7v6nhjcywhdpymwzxv3y9kujzc5ne53jjdlf6hxa7cv,,,,777177853003,,,,1,29,445,777177853003,29,1,126003699,341325478,0.01,340000000,,0.010700000000000001
pool18j287g2sccele52hhxc0csk2ghfghwndqm9yahdqnhjks840wtq,,APE,,6776072747402,,25000000000,,12,1282,445,6776072747402,1282,12,5127312136,472908505,0.025,340000000,25000000000,0.0933
pool18j42fxelgk53gumv8y7f039mscg6kl2lvmktfcs5aymqvx728d8,,BNP,,747548648,,2000000,,0,3,445,747548648,3,0,0,0,0.06,345000000,2000000,0.0
pool18jqumjfevywycjj54m62g74ghds4mmuyqynpwfkaem0xktazlqw,,,,7518433192813,,,,8,6,445,7518433192813,6,8,3353797516,408800405,0.02,340000000,,0.1035
pool18jrsaddmrwtrdycydmk3zv0fxawnv0q8xh7f6fyp2r247zz9tc5,,SUNNE,,1334594643548,,0,,1,61,445,1334594643548,61,1,128398037,340000000,0,340000000,0,0.0184
pool18kpfz02v3knfp24k4a3zv50h5eva5s90slwtfvae3n5rq4zfget,,BNP,,349729254,,2000000,,0,5,445,349729254,5,0,0,0,0.06,345000000,2000000,0.0
pool18kqs8hf26zpcmxz68lqqya79tks4y7gg3ua3msgamq2vuphfc2z,,,,299640992444,,25000000000,,0,52,445,299640992444,52,0,0,0,0,340000000,25000000000,0.0040999999999999995
pool18kv6jmmtks4jwyt8tpvfc2kakh6wkcggjtehyj78yk9r7t2t2ex,,,,680266470,,100000000000,,0,3,445,680266470,3,0,0,0,0.019,340000000,100000000000,0.0
pool18l6lvx95vl5p88zfh7xjkx073s9gufpz4sa5q43fu7auqunjhg3,,,,714385368926,,300000000000,,0,7,445,714385368926,7,0,0,0,0.015,340000000,300000000000,0.0098
pool18lc8uxyrnuurer7hr77xqh83cp667jazlghe2qetvzfqvxjtdqc,,,,8602239,,100000000,,0,2,445,8602239,2,0,0,0,0.0075,340000000,100000000,0.0
pool18ljuhhw27t85zddz0pvsmsjsz5k0mlz03pzsxgh8qarcsw5wycc,,CAFE3,,766087831107,,100000000000,,1,61,445,766087831107,61,1,113875364,340000000,0,340000000,100000000000,0.0106
pool18lwlvq4j8yxgrsuvyqntmyq7wyeql5t9nhmtg0cx0uqa6n5hplm,,,,57425793,,10000000,,0,1,445,57425793,1,0,0,0,0.015,340000000,10000000,0.0
pool18me06fpnm53xylyg59n8yvhy3xtvjetra3tan5trrvr6yuvm8pd,,,,271400331140,,15000000000,,0,112,445,271400331140,112,0,0,0,0,340000000,15000000000,0.0037
pool18mege8wvzzdvh8cxx6ncnqyvacl4lxukw495c87xmz8qcdl6lj8,,1PCT6,,2446033062376,,50000000000,,3,375,445,2446033062376,375,3,1043123546,350777885,0.01,340000000,50000000000,0.0337
pool18mgmqghey8az6duffc6e9tpzwxsquf00wpkl0jr8gvqxumkg4m0,,ARRK,,285307806802,,25300000000,,0,17,445,285307806802,17,0,0,0,0.015,340000000,25300000000,0.0039000000000000003
pool18mgvt3k5sm5vns4tqu74qt036tw0yterxuz2zjczlqr9saeas9f,,,,34539994454,,,,0,25,445,34539994454,25,0,0,0,0.04,340000000,,0.0005
pool18ml3ex5ra5wkv00vxx0mw876s2xe0058z37mpzv263872nasmv0,,,,7475689,,100000000000,,0,1,445,7475689,1,0,0,0,0.03,340000000,100000000000,0.0
pool18n7kk90klq4uf45j6pguqskyrxe9eprgfgrjhr7cpvdxzus3zn8,,,,2029803,,25000000000,,0,1,445,2029803,1,0,0,0,0.03,345000000,25000000000,0.0
pool18nx24xhkcewezxvrjgdpt9pgt69pefr85m8qa8fdjd4m6p7egw9,,,,93505493,,50000000,,0,1,445,93505493,1,0,0,0,0.01,340000000,50000000,0.0
pool18p7p752cjnf9z8g70ygkre5cstwmgfatzuqm0tm3n2xf739j8k8,,SAGAN,,1001740043990,,45000000000,,0,141,445,1001740043990,141,0,0,0,0,340000000,45000000000,0.0138
pool18pnta4kfff66kq5shjrdsdr8ce2heu38t6x5nv7hylrcc0hpksk,,,,1803422672058,,10000000,,0,27,445,1803422672058,27,0,0,0,0.01,340000000,10000000,0.0248
pool18pwq8mctjyctx00rl36e7r7m046mg34365amyaluw0n5cd7rv7w,,,,17236444,,,,0,1,445,17236444,1,0,0,0,0,340000000,,0.0
pool18q7axjzcrs7pd2vpmcgh33p0r5cng2q0v6ldw5vtwuhl6ctgmeg,,5CH,,756726449428,,3000000000,,0,15,445,756726449428,15,0,0,0,0,340000000,3000000000,0.0104
pool18q92uyx3973u3qt64nxf8p7us58gwkytrn0c3ed2a99s5uc9usc,,FREE,,101755827403,,100000000000,,0,5,445,101755827403,5,0,0,0,0.03,340000000,100000000000,0.0014000000000000002
pool18qahj5ggudguk69g9aaztf5dvapmazql4hdvd7v0947j7gy4wqf,,,,18616077887529,,,,19,48,445,18616077887529,48,19,8557603199,404790359,0.0075,340000000,,0.2564
pool18qamc87vnl2sjd888f3gv4ssh4qjww859z9v6mr622fvjhemunh,,,,197226148,,100000000,,0,1,445,197226148,1,0,0,0,0.01,340000000,100000000,0.0
pool18qddv82sx8p22uxzdrf0qx9lkewxadlr9ef45kpcf7dzz3n56qv,,ALFA,,5357101464911,,240000000000,,9,203,445,5357101464911,203,9,3755017198,340000000,0,340000000,240000000000,0.0738
pool18qzks8vdf0yu0u5ccf8aaj35q6zfutdcfgrssuvdjmgtyykr922,,one,,14774550324079,,32700000000,,5,95,445,14774550324079,95,5,1996575764,360227951,0.01,340000000,32700000000,0.20350000000000001
pool18r2y72aue5nmv489xtnfxl36vzusq95qst6urd87yd5hgzms04c,,ALPCH,,265448179361,,27400000000,,0,178,445,265448179361,178,0,0,0,0,340000000,27400000000,0.0037
pool18rhzlrv83a7ygj7cp5uv8dx07qkn5drhe8nh6f3qvhv66xcyj2m,,SIPO2,,36546729207976,,50000000000,,30,485,445,36546729207976,485,30,13430518266,684919713,0.025,340000000,50000000000,0.5033
pool18rpw5dwfywfrzjuy7uzn2cetrw9v85aan8a80p3fdvtqcxykkqu,,FLUID,,1413495343502,,50000000000,,1,76,445,1413495343502,76,1,26546516,343859850,0.029,340000000,50000000000,0.0195
pool18sk7mn0r0cyujft352lwkzg5pz7e67ve3ps2sryrwacd2r5zhp6,,,,68210383528598,,,,69,1,445,68210383528598,1,69,,41083441540,1,340000000,,0.9394
pool18sqt4qwprlt6ytg8pu2qpz262j9vhlzmtwn2fwvhpcnzc0u5ynw,,1WJG,,20603691,,5000000000,,0,1,445,20603691,1,0,0,0,0.03,340000000,5000000000,0.0
pool18t0u9vf408ftjf9xdpj47gdwkeq3jz3jqyshumm7fvtfkcq7ul7,,,,208120878359,,,,0,2,445,208120878359,2,0,0,0,0.01,340000000,,0.0029
pool18te4aqp0umd6xunyps0mlg9tzk4dcjh30wgntqu8kf2n7k3y88f,,,,1000833986,,1000000000,,0,1,445,1000833986,1,0,0,0,0.01,340000000,1000000000,0.0
pool18ufrgfgmslekdxnk9v9345qvhrr7vfgzkvneqtwm7unnwaht6ww,,,,3264729551530,,,,3,5,445,3264729551530,5,3,1001427386,340000000,0,340000000,,0.045
pool18v6rlcg506atlkkhy8sdgtnm5efzjjjshk9axyvp8fa35txspr8,,,,101227512,,100000000,,0,1,445,101227512,1,0,0,0,0.075,340000000,100000000,0.0
pool18v9r8afalh50l4lstct2awdc3zspnvurcs7t45nv29uc2mnxc6c,,LONDN,,14899195305575,,0,,15,1070,445,14899195305575,1070,15,6564442902,340000000,0,340000000,0,0.2052
pool18vej0s9gska8c847aj95g9v24duuxg2g63d5cuqngnxew643jw9,,ADV2,,58687645039738,,250000000000,,65,3531,445,58687645039738,3531,65,30171205271,340000000,0,340000000,250000000000,0.8083
pool18vj02k4taarxxsdr36jxftcc5x270vsysp078j0n3v0njh0dt9x,,,,210343494038,,,,1,4,445,210343494038,4,1,114976469,341192892,0.009,340000000,,0.0029
pool18vyjg6jlyt2jywae7ndzv0f7xkrsexxgyhunxrlgm3zaku0327k,,,,140791021550,,0,,0,2,445,140791021550,2,0,0,0,0.06,345000000,0,0.0019
pool18xjkr4xpscwxsatewj9lqc6z74vw90qycjd0wrypeqej673j5u8,,TAM,,5616655427669,,2000000000,,6,8,445,5616655427669,8,6,2417755812,414850807,0.03,340000000,2000000000,0.0774
pool18xmqj9h97tx245mzkz0fqlvas5zse0fzh9xmn9p6z77aj5jegsx,,,,32388312502851,,,,42,3,445,32388312502851,3,42,18311791332,1515001480,0.06,345000000,,0.4461
pool18xwr0zysfyyxsva6sta7alezd44nsa5nasewmjxweg9sgqntlxn,,HUM,,22373764539,,5500000000,,0,6,445,22373764539,6,0,0,0,0.03,350000000,5500000000,0.0003
pool18xykgvvvxej2e5ap04ks72d8fdke4qsqeh30satznyrtj88634d,,,,4425429077963,,1015000000000,,5,70,445,4425429077963,70,5,1468634836,340000000,0,340000000,1015000000000,0.060899999999999996
pool18xysavc2dazzvc7xaqyh6t966zlawgupkdzyfc0yspt76ggxw6g,,,,1979972537495,,1000000000000,,0,181,445,1979972537495,181,0,0,0,0.025,340000000,1000000000000,0.0273
pool18y056s0echkc44dwnnd0hwanmrlnecxvkluwn339ukhnwnaz5v6,,,,100000000,,100000000,,0,1,445,100000000,1,0,0,0,0.15,340000000,100000000,0.0
pool18yp9wal36lzzw34ujcds8vtfpsndkzq484zcm360evp5khex0l5,,AROCK,,3906738239,,3000000000,,0,11,445,3906738239,11,0,0,0,0,340000000,3000000000,0.0001
pool18ytpk5m7fun45j9julxq0x06dcwzmfdads3ha5rmp3qqqd5lreq,,,,1000000000,,1000000000,,0,1,445,1000000000,1,0,0,0,0.05,340000000,1000000000,0.0
pool18zf8txwv8lmtpq2src8wrhz0pjut5qft8h5tfxnctwc95r7jvvj,,Malu,,24668276615096,,25000000000,,30,1801,445,24668276615096,1801,30,13406062139,755044219,0.03,340000000,25000000000,0.3397
pool18zn7wa345uytjgds9hypn3jugnzqtfm4cny7anskkcmgwwxtwca,,1PCT7,,857340633148,,50000000000,,0,155,445,857340633148,155,0,0,0,0.01,340000000,50000000000,0.0118
pool19042p8xye9udlgxgxn6n358hx0u0mjuegcwpxradk3vpkqgf54t,,,,2920621038,,100000000000,,0,1,445,2920621038,1,0,0,0,0.035,340000000,100000000000,0.0
pool19066qvd5dv6vq7fh5a5l7muzk6nc5fw8zq3w4tclyrhvjvlyeuc,,ETO2,,6757682,,0,,0,1,445,6757682,1,0,0,0,1,340000000,0,0.0
pool190a9js7lk9lvmrngre7w268z9tz9xs9yz77audvw8ag4jerfdhx,,307,,5693259444806,,100000000000,,4,155,445,5693259444806,155,4,1467849608,386523105,0.03,340000000,100000000000,0.0784
pool190fke89hjqyyvsc0snhnzrgg3wjjchf0y7n79jlal0yuj8060xt,,EMMY,,512621610,,500000000,,0,1,445,512621610,1,0,0,0,0.05,340000000,500000000,0.0
pool190gglea2zvf8vch44jnmpkzljyzvk3u84gpaj4l4ypwc2lpf27m,,,,653014581,,1101148896,,0,3,445,653014581,3,0,0,0,0.05,345000000,1101148896,0.0
pool190vx20f4ptv93u8em69pl74y6kux0mgl6kpzwmq6xvx8qvza429,,,,127837672,,121000000000,,0,2,445,127837672,2,0,0,0,0.01,340000000,121000000000,0.0
pool192ez0m2xn67tz4kx9casumhdkq9fz96rc6ja4ndl49v8ycnuwe3,,,,1469261345,,111000000,,0,3,445,1469261345,3,0,0,0,0,340000000,111000000,0.0
pool192pfftt48zc4x5aellvpufk6l6zxllpldw0rx82vrhqrqfhhqs2,,,,546890394,,,,0,1,445,546890394,1,0,0,0,1,340000000,,0.0
pool192ve6p5958dam7hr3e656cuq5cucz5gnpfazlqr9kpc962gj07z,,,,862976284,,0,,0,2,445,862976284,2,0,0,0,0,340000000,0,0.0
pool192xshj2cu50qfy2pm5cck8lnm9lxv2tjquznqjdkkzw6y5hnzl6,,,,11625848783,,10000000000,,0,2,445,11625848783,2,0,0,0,0,340000000,10000000000,0.0002
pool1935erruagz8y3lkq5fycd7jk7ye9ldp86638nntmmwp9558jmhf,,CASBA,,11083547903,,11000000000,,0,5,445,11083547903,5,0,0,0,0.01,340000000,11000000000,0.0002
pool193cdhdpaedcev7x6qps3eps7s4sh2v8k6v9yr4tc2ulujq4982d,,14ALL,,507449333,,500000000,,0,1,445,507449333,1,0,0,0,0.01,340000000,500000000,0.0
pool193eeqrm9vfx5y7d7u7766zskcr0ss0pnypy8sn30mlar29s49zv,,,,8035837291349,,1000000000000,,12,19,445,8035837291349,19,12,19587304,420249965,0.015,340000000,1000000000000,0.1107
pool193rdch53x9c53rmftlqgzj22vmz6w8z8hhut2ckzd2zej45zpap,,ALLEY,,40201051511,,10000000000,,0,6,445,40201051511,6,0,0,0,0.01,340000000,10000000000,0.0006
pool193spq4aagtqthqxnwzat2n53ugjkyx8d42wqu6wm8lckj056y0t,,,,489240394,,50000000,,0,2,445,489240394,2,0,0,0,0.05,340000000,50000000,0.0
pool193uec04jldvah7r52q86wl033g4v42x0aste8jfg9999qepaxfp,,0AAAA,,59049872186648,,50000000000,,67,641,445,59049872186648,641,67,31291554377,340000000,0,340000000,50000000000,0.8131999999999999
pool1945aw7069upf9xpt6uvkctrj8uwju3q89f67e6g9mm2jx3xcy59,,,,40260789632373,,,,34,2,445,40260789632373,2,34,,16065053009,1,340000000,,0.5545
pool194lhpd5e6a8n8n0zce5hg9f5279pqecd86yl0ytf8nztk2x9unv,,,,370553346766,,,,0,64,445,370553346766,64,0,0,0,0,340000000,,0.0051
pool194rde70lnsrdu692j6hzrth2ka08l2t4g9mj0xl8tyfmuny7faj,,COW,,9618398,,100000000,,0,1,445,9618398,1,0,0,0,0.05,345000000,100000000,0.0
pool194usk2h8vcq6yw89xs5asrvw22g08kcfy72xyfrnnkg6qrhtlfw,,AUTO,,1625767375057,,100000000,,1,150,445,1625767375057,150,1,112133447,340000000,0,340000000,100000000,0.022400000000000003
pool194x3sx05hac6fhy37a7umfj55uaac4qf2ysp5fl2gyq2x7n4n98,,,,27621830,,,,0,1,445,27621830,1,0,0,0,0,340000000,,0.0
pool195gdnmj6smzuakm4etxsxw3fgh8asqc4awtcskpyfnkpcvh2v8t,,SUNNY,,63905361147640,,1000000000,,60,8869,445,63905361147640,8869,60,27474164190,620450684,0.01,340000000,1000000000,0.8801000000000001
pool196fz9gd7n0jnn2rwpcqqdyf9j5q3na6qwhhy0k6j9ysx5f3u7r4,,,,22424605,,5000000,,0,1,445,22424605,1,0,0,0,0.02,340000000,5000000,0.0
pool196tul7axlt0qzqvs7rx4glfdkpsjlsh68tdkl7y87q3uztcvd5k,,ARM,,5879394,,5000000,,0,1,445,5879394,1,0,0,0,0.015,340000000,5000000,0.0
pool197dm2qehf9qzzd5ccgg7t5u4h9j5zj56asvjguptefpkgxhd5al,,VERGE,,19640603255,,5199000000,,0,2,445,19640603255,2,0,0,0,0,340000000,5199000000,0.0003
pool197e83k4u53l6txk8yr83007efgavngua8wnwp00w3xrqw3pmr4x,,CREUS,,71916357219,,0,,0,51,445,71916357219,51,0,0,0,0,340000000,0,0.001
pool197rexraxmzk5mv36h2yfy8p4lwxzlqyenjk50r0q8dchz4gp26j,,AADA,,50566018858,,100000000000,,0,23,445,50566018858,23,0,0,0,0.023,340000000,100000000000,0.0007000000000000001
pool1980svf2cxnfy66s5jgjv7y22xud75z9kfe6n0c3y54s62w56435,,HYPE,,16625999613584,,25000000000,,12,438,445,16625999613584,438,12,5193884387,393266970,0.01,340000000,25000000000,0.22899999999999998
pool199a44nvtjr0c5xlanz4p5c0nywu8l6k5hz3t2he0hq7wvljnsrt,,ALoop,,5181564950795,,25000000000,,2,78,445,5181564950795,78,2,596145936,346050983,0.01,340000000,25000000000,0.07139999999999999
pool19a88drt8dx3wu29e85vcl96wjsjt9vlnlj5tr4ydjqq86sfa84w,,,,1823771435609,,1200000308687,,4,57,445,1823771435609,57,4,458756906,371067213,0.02,340000000,1200000308687,0.025099999999999997
pool19ae6xhzsscypyha0sszv90xwjsh20hxecxjpcqynshfawvwxqnn,,GENE,,7858358348433,,1000000000000,,9,215,445,7858358348433,215,9,3247842234,410705343,0.018,340000000,1000000000000,0.1082
pool19asxjgd6ah9ddzauwede4wpt9vsp6s4ax5nz297wt47evc9sn7z,,,,57433518740922,,7890000000000,,49,3339,445,57433518740922,3339,49,19907817399,1001732675,0.0215,500000000,7890000000000,0.7909999999999999
pool19at4pzt6ghethuls7ehr0v5x65cg7mj0zun79eenefa074yfcz8,,,,215811440585,,75000000000,,0,27,445,215811440585,27,0,0,0,0,340000000,75000000000,0.003
pool19aw7zl62a72fy0vz2g8tj7raxzqhw2775ynymyvaeayvk8xf9er,,HUG,,2221425062923,,100000000,,0,118,445,2221425062923,118,0,0,0,0.01,340000000,100000000,0.030600000000000002
pool19clgr0yxjs8pqmlsmfzu6hg5muy5ws2rze5hlesg0v7tvyhcgxh,,ACUDA,,26015395175,,25000000000,,1,2,445,26015395175,2,1,5046201,341325025,0.01,340000000,25000000000,0.0004
pool19d5anp46tkzvf8xmqmxrtedr6lvw55snk65zfep2srsd2qe2wcc,,ADAC2,,36920446,,10000000000,,0,1,445,36920446,1,0,0,0,0,340000000,10000000000,0.0
pool19ddv2pe786q8zqjzvw50u60y2aau7wl76sg3pnkc4j92wcx2kp2,,NEXUS,,376010273963,,1000000000,,0,26,445,376010273963,26,0,0,0,0.01,340000000,1000000000,0.0052
pool19dn4vmk5ayatdjshpnyvxy6w4fef0zfl585sfpls6l2wvn0xxjn,,MJ23,,38713036201,,10000000000,,0,2,445,38713036201,2,0,0,0,0.015,340000000,10000000000,0.0005
pool19ejln2jcpg5dphc8m5nh8sya49sycsqj0v2cjxw6nku966cc8nu,,POP,,18432102259056,,50000000000,,18,79,445,18432102259056,79,18,7731949525,748338158,0.05,340000000,50000000000,0.2539
pool19f6742plmyxw4w4tzhew003q67cf2w7c66v28mtk6f7fxf80ak7,,,,516461389,,2000000,,0,1,445,516461389,1,0,0,0,0.03,340000000,2000000,0.0
pool19f6guwy97mmnxg9dz65rxyj8hq07qxud886hamyu4fgfz7dj9gl,,BERRY,,49108097519039,,45000000000,,53,22827,445,49108097519039,22827,53,24091269346,711052989,0.015,340000000,45000000000,0.6762999999999999
pool19frt3kaxxk4vr4x3wnaapntu0ul0dsesu77wfqaawc5h5ffgfgt,,,,1145091534204,,750000000000,,2,77,445,1145091534204,77,2,53085451,370216914,0.0499,340000000,750000000000,0.0158
pool19gz6ffzagyh9daymscvyc64maq2xf4s05w5upthferlnwd7vgr8,,SAK01,,10137954961,,5550000000,,0,2,445,10137954961,2,0,0,0,0.02,340000000,5550000000,0.0001
pool19gzu2dyp0g9e0nsvtg34fdhrtgr8c5jq37nscalqkh3hsjmas69,,ARMN,,86714757889,,15000000000,,0,33,445,86714757889,33,0,0,0,0,340000000,15000000000,0.0012
pool19hrn8me383w9atvmjwukjxqsdvr8udpmyxau956hdc53x669j8p,,,,71808158289493,,1000000000,,58,2,445,71808158289493,2,58,,35161755192,1,340000000,1000000000,0.9890000000000001
pool19ht066hngsjfnv3mfsc8u9fgzl4w5qcrmh8l6zppwph6s2t7jn4,,4GOOD,,4842294303263,,1000000000000,,2,147,445,4842294303263,147,2,472207315,352163033,0.02,340000000,1000000000000,0.0667
pool19jyw8flky7da5y20jtdme4utwd8sa0l5pletmnny06w9xx05eqc,,BNP,,500542392,,2000000,,0,6,445,500542392,6,0,0,0,0.06,345000000,2000000,0.0
pool19k4azhj8tye5wwy5pfj7q6m938m8fg5nglds5dkhtfwnvcg3s0k,,,,312129978143,,36000000000,,0,59,445,312129978143,59,0,0,0,0,340000000,36000000000,0.0043
pool19k9grwq9cdswn4k7vxzmwcls24jj3466g4s4xr5vucehcqpslfy,,ADV4,,169651135490,,250000000000,,0,7,445,169651135490,7,0,0,0,0,340000000,250000000000,0.0023
pool19klg32x4wrwh8yfdra6u52qa37meves4r68pxajxwllvzazd37c,,TEACH,,3045807206,,20000000000,,0,5,445,3045807206,5,0,0,0,0.03,340000000,20000000000,0.0
pool19l2vz7pdk09k49lezr9zcmc4j98zc30htuw2rnqk3cceckuce96,,,,1257550057,,1000000000,,0,1,445,1257550057,1,0,0,0,0.01,340000000,1000000000,0.0
pool19l88dk44c38a6w724zrzvj55q9xqh9zjfhq6g45dc8csurs0gxe,,ACA,,62123672690,,50000000000,,0,8,445,62123672690,8,0,0,0,0.03,340000000,50000000000,0.0009
pool19lz8nyz0jjpdrdtnjaar4untk4th23gpg5s7aegn7480zff4vgq,,MS5,,50041992135023,,100000000000,,53,793,445,50041992135023,793,53,24043561690,957813752,0.025,340000000,100000000000,0.6892
pool19m3xzv58uymw76tg4th6q5fwkg9zktc8alvyysr37u04yw86axc,,ADAIT,,2015433009,,2000000000,,0,2,445,2015433009,2,0,0,0,0.015,340000000,2000000000,0.0
pool19m547w9wkcqm5hcstz67fly4ucz0zsp3dqv4n956xyusy4dlpue,,,,5381138695116,,,,5,172,445,5381138695116,172,5,1981301152,360229865,0.01,340000000,,0.0741
pool19mc6suzenqdvmq3ssf3nfzv4xva3wgl83z6syumccdppyar0vga,,,,17451049,,,,0,1,445,17451049,1,0,0,0,0.06,345000000,,0.0
pool19n2rjlddd0afs02cgd86mehptwaajv5kndtfcuqzdmgzq06lq0n,,NAO,,3184517673,,100000000,,0,5,445,3184517673,5,0,0,0,0.05,340000000,100000000,0.0
pool19n5ml38q5uedy8kgwwwtlsa3p9tmfcef0lfjp42k7j9d5mpgs2m,,SLR,,615977085428,,4000000,,0,642,445,615977085428,642,0,0,0,0,340000000,4000000,0.0085
pool19nfs9chtv37vfawvpyf0x2shfhns9hpwy3qfckvpm4dmq0nrl8m,,,,1181120440,,1000000000,,0,2,445,1181120440,2,0,0,0,0,340000000,1000000000,0.0
pool19nhmxfd2tts089nx742g8jtc2ynwstkhp2594y0wwp6d5we25f6,,,,1231382828407,,1000000000,,0,348,445,1231382828407,348,0,0,0,1,340000000,1000000000,0.017
pool19nu8lt0vwycv0eqezpyjquawfklxtjjx9s0ac0f22mgp2ggpsvy,,,,9490211581,,2000000,,0,17,445,9490211581,17,0,0,0,0.06,340000000,2000000,0.0001
pool19nw9emug78q4uxwr8lv0glvmmzwr6lhylgy4ztaagjsjvyqjylw,,,,4139630867380,,25000000000,,4,397,445,4139630867380,397,4,1523953870,340000000,0,340000000,25000000000,0.057
pool19peeq2czwunkwe3s70yuvwpsrqcyndlqnxvt67usz98px57z7fk,,,,12958381780,,,,0,4,445,12958381780,4,0,0,0,0.01,340000000,,0.0002
pool19pyfv4xnln8x4l7auw0n0skk3hd97shun707hrw5d4s553ys74x,,TITAN,,11806095693189,,250000000000,,10,2284,445,11806095693189,2284,10,4251682085,383876067,0.01,340000000,250000000000,0.16260000000000002
pool19q034g07ka2ltwc3wwjeu79w29nlafc0w2ppne5ppu5wud60rgq,,HEDGE,,3346389748412,,50000000000,,3,104,445,3346389748412,104,3,1045659740,350777902,0.01,340000000,50000000000,0.0461
pool19r33az023gn3n8p2x35hq00j2dxc8vwln0nanpcfuvc8759cvkz,,,,30648988302,,25000000000,,0,7,445,30648988302,7,0,0,0,0.0499,340000000,25000000000,0.0004
pool19r8kcmqpajlm6h5q0lv8jye0q7evdur39wfsgs4z98fcqpz9lct,,BLOOM,,22488054217023,,1000000000000,,23,1385,445,22488054217023,1385,23,9695966094,762803478,0.04,340000000,1000000000000,0.3097
pool19rjjay24ez2ezgqkyqvna6uwc5ur9lt489gwvrv7ve5exlcld3x,,MBCG,,1366650960014,,24000000000,,0,56,445,1366650960014,56,0,0,0,0,340000000,24000000000,0.018799999999999997
pool19rs2895l5ghjn4d38c9qpqn2d44amqx7cqd3easdav5m786w6ng,,IRF,,2150567596,,1000000000,,0,4,445,2150567596,4,0,0,0,0.005,340000000,1000000000,0.0
pool19ru9alj7n5anmzs0f9gpzlj8kaq44yhcp45mldjvldxck8f6yg6,,XRAY4,,16596111984296,,100000000,,15,1245,445,16596111984296,1245,15,6746978409,340000000,0,340000000,100000000,0.2286
pool19rz6ve8nz6uvq97yspwh3fvt7w03dsjsnmft6du83hvtc324dus,,DGK,,2217039534892,,50000000000,,4,9,445,2217039534892,9,4,1438424393,417519204,0.05,340000000,50000000000,0.0305
pool19seeqvu6hfr3qru6kx3rp4khymssa82j00jfm3d6k3ua590wdwv,,RUBY,,1091960037,,1000000000,,0,6,445,1091960037,6,0,0,0,0.03,340000000,1000000000,0.0
pool19sk7acvpdxszed5hmckt0wmqxljalartue7d7d4a7qhwuw0n0ws,,ELON,,59603626,,1000000000,,0,1,445,59603626,1,0,0,0,0.02,345000000,1000000000,0.0
pool19sydze39a8dccylczqe2m4nnslpreytxlj5fu400nqxkg8wvgx8,,BNP,,17639298,,2000000,,0,1,445,17639298,1,0,0,0,0.06,345000000,2000000,0.0
pool19t833uyjq92aajf5f7qd9w3jcnyq78p4hsx0fn63aejfjtyn99j,,OCT,,3099077060,,1000000000,,0,4,445,3099077060,4,0,0,0,0.02,340000000,1000000000,0.0
pool19u2lzwnmkz3gqqmx9sahhys8nqvwzkl8dqu7m474m0zsj3acjfj,,,,532618310,,510000000,,0,1,445,532618310,1,0,0,0,0,340000000,510000000,0.0
pool19u3glj3t9c0nsyzgrd6zdhnj0ed5dk67wmv3fs6nc0702xzh94y,,,,68972661,,50000000,,0,2,445,68972661,2,0,0,0,0.01,340000000,50000000,0.0
pool19ut4284xy9p82dd0cglzxweddfqw73yennkjk6mmp650chnr6lz,,,,388306864578,,100000000000,,0,33,445,388306864578,33,0,0,0,0.019,340000000,100000000000,0.0053
pool19uynx6nxcdksmaqdcshjg487fap3rs3axyhrdqa7gdqgzgxss4y,,JAPAN,,17838873980474,,50000000000,,12,103,445,17838873980474,103,12,5046748673,606558766,0.05,340000000,50000000000,0.2457
pool19v4jgpxxl72eaq8pefctatvts3gkhtyzd8nwvzskkm3mkdv2tpy,,ONLY,,98872468106,,1000000000,,0,27,445,98872468106,27,0,0,0,0.02,340000000,1000000000,0.0014000000000000002
pool19w5khsnmu27au0kprw0kjm8jr7knneysj7lfkqvnu66hyz0jxsx,,ATAD2,,68294725113327,,1300000000000,,70,4680,445,68294725113327,4680,70,32084714192,668419719,0.01,340000000,1300000000000,0.9406
pool19wypxkajsrhk9cce8me6yyp3cx2yvq3823nesqgn8d78ju8crwq,,,,165268771049,,25025000000,,0,17,445,165268771049,17,0,0,0,0.025,340000000,25025000000,0.0023
pool19x60wat4eu8sh42s05th8l4p6e9rmmnc6g2a64lj4npag7zj5cx,,SNODE,,2000000000,,100000000000,,0,1,445,2000000000,1,0,0,0,0.008,340000000,100000000000,0.0
pool19xhza3f7nye6j5p6stsnkpvadejztnqvck0ge3l2uy9gvsvy05f,,ARUBA,,174968922,,0,,0,1,445,174968922,1,0,0,0,0.01,340000000,0,0.0
pool19xtc9sy9g7zcrrazrkg4s6ayjkkh9aynvfa6gqnawtdauulqxck,,,,67178078504936,,,,51,1,445,67178078504936,1,51,,30265376301,1,340000000,,0.9251999999999999
pool19xyfanyp28j6j07dxgwdjp0wur6seqmyyu64qgzstzl7s47pvpj,,VLHLA,,438809775848,,5000000000,,1,139,445,438809775848,139,1,116729745,341316131,0.01,340000000,5000000000,0.006
pool19ygh8apuc2qz0u9kr4wj9qj33xhw70n7z286xll0g6ltgccuq42,,,,1939714768059,,10000000000,,1,25,445,1939714768059,25,1,121278761,341990289,0.015,340000000,10000000000,0.026699999999999998
pool19yzqr3meksnvzdxh5xf6aknfhldyqdj7eaquxgcjva4mzt5kg3v,,,,23961162844811,,,,23,17,445,23961162844811,17,23,9474760567,1392751350,0.1,340000000,,0.33
pool19z9ac79g48kekg2xghx3afj6qp5skr9ar590w0huhc8nxn9s5j9,,TOAD,,1908194041224,,500000000,,0,9,445,1908194041224,9,0,0,0,0.2,340000000,500000000,0.0263
pool19zhl50qqzpfvvhdytqg6qx0cthummjyunfyvkfqx9uxrsp7k8ek,,,,205982657706,,,,0,18,445,205982657706,18,0,0,0,0,340000000,,0.0028000000000000004
pool19zkd9hmkgdjmx2xr0psuat88uuw25wsrktr2qe69v2uzqldfnmj,,,,21850067073377,,,,19,1,445,21850067073377,1,19,,8977511084,1,340000000,,0.3009
pool19zq3agzmwlntq9vygnzwe2am39y2hsdadd4gasmsm2tk6qn3suv,,,,2936130864,,,,0,4,445,2936130864,4,0,0,0,0,345000000,,0.0
pool19zz6frugmvm82ecgl5hh5vq3093d4kzr4h2r5vfmt6la7trk929,,,,70028016945995,,,,64,2,445,70028016945995,2,64,28405035472,1835001867,0.05,340000000,,0.9643999999999999
pool1a0wm2emve4y6e3tn8lnhk9vfhk9u7wgjqmrs5zfsn792gjtquu3,,,,167368737,,1000000000,,0,1,445,167368737,1,0,0,0,0.075,340000000,1000000000,0.0
pool1a23gmvalpdams9d42t7fur8vmknzjv7wd3nsvuvrc7dv66lnau0,,AOS,,59246180730476,,350000000000,,50,1969,445,59246180730476,1969,50,22588932620,922946004,0.025,340000000,350000000000,0.8159000000000001
pool1a26gnntcj3j5v7ng599qncn7uuav2sp560xwlkvp3pqlj822jtl,,NASA1,,1222471073,,1000000000,,0,2,445,1222471073,2,0,0,0,0.05,340000000,1000000000,0.0
pool1a2ffl2d20yransp2p4hqys5vy6hys8kmtchdvlfqale7ywxssjh,,,,494555296928,,,,0,11,445,494555296928,11,0,0,0,0,340000000,,0.0068000000000000005
pool1a2gt2mvuf5zvtqlvw2xgks2efze3p4r985ft62q64lua7gx7lal,,,,1906215618305,,10000000000,,2,278,445,1906215618305,278,2,558866436,352046890,0.0199,340000000,10000000000,0.0263
pool1a2nh3ktswllhwf07fjahpdg5mpqyq7j950pyftq9765r6t4cefl,,OCEAN,,46593407376030,,25000000000,,51,2612,445,46593407376030,2612,51,23375967176,554043838,0.009,340000000,25000000000,0.6417
pool1a3ekt9me035qgju0en2w39vjns9ggtewnc9fugsmpgczvgtl6u9,,SA8,,17331513626801,,168000000,,17,39,445,17331513626801,39,17,7507895864,416980420,0.01,340000000,168000000,0.23870000000000002
pool1a3kdettzvvlqvkl9m9hwe63ggeq5fgvz0twqew5c62dzx99vsed,,LEAD,,13565310944092,,25000000000,,14,1221,445,13565310944092,1221,14,6124793857,402803971,0.01,340000000,25000000000,0.1868
pool1a40qpxlsqwjk4a9yk636dcawly4dcrd6l26tghjxlr37cmlrwv4,,RPO,,197125746,,100000000,,0,1,445,197125746,1,0,0,0,0.15,345000000,100000000,0.0
pool1a44j6jas4sjhh3qc96r8rmhsdjxjuntuzxr3440jzwjjcysl9ca,,MELD,,336577483673,,20000000000,,0,704,445,336577483673,704,0,0,0,0.05,340000000,20000000000,0.0046
pool1a44zldps27avv82mamm2lj33mrrkqdzt39nyrgn5dkk3jtm0wrp,,,,969512623022,,3000000000,,1,34,445,969512623022,34,1,123144176,341325420,0.01,340000000,3000000000,0.0134
pool1a4qtpgce7cu6wzc79fx7qrc3938hkl2gf8c2h5jugvm2gnu86l7,,,,54154801362898,,8440000000000,,40,3482,445,54154801362898,3482,40,16019901363,907526398,0.0215,500000000,8440000000000,0.7458
pool1a58fg4u3mcr2zwyqlc4dqd6mnwqjmcussmpmcml9lrmszwedmfy,,,,4988631386,,100000000,,0,2,445,4988631386,2,0,0,0,0.0075,340000000,100000000,0.0001
pool1a5jd3x2udlvpm9mt4gpau4jlags6qtth6jdsguryh2zy27f5ttj,,CRDN,,1408523140813,,20000000000,,1,337,445,1408523140813,337,1,127712437,342646793,0.02,340000000,20000000000,0.0194
pool1a600v0jd2z3yajazd80phln3exekumm7g56d9yvlrh6vx8dx2fc,,POP3,,4205472917435,,50000000000,,1,64,445,4205472917435,64,1,124202907,346629852,0.05,340000000,50000000000,0.0579
pool1a6ft5ktrkv8klnadtuec6ku2khst5q5vtt67mpma02vfx3nwm7g,,WAT,,55389027519,,250000000000,,0,20,445,55389027519,20,0,0,0,0,340000000,250000000000,0.0008
pool1a6v2wt0m8wjra80zuw00sfdxn4w52cna96gcaglzvred6gnsusx,,MS1,,1936648912391,,100000000000,,3,103,445,1936648912391,103,3,934291930,431634904,0.085,340000000,100000000000,0.026699999999999998
pool1a6ysvnx24xsjh2f6ehgmx7yu9q45fd7lsk88v2swxkek7pkxtgp,,VIVI,,10108280390431,,15000000000,,10,51,445,10108280390431,51,10,4289417930,427707519,0.02,340000000,15000000000,0.1392
pool1a734a2f7kex3t9vh6f7rv7j554w4s0tgw324hkngeufsv92gzct,,,,1210616693,,1000000000,,0,3,445,1210616693,3,0,0,0,0,340000000,1000000000,0.0
pool1a7gj89pcxm7h63le3hjkneappj3m5kuqeg4t8fa5rn5d6z2nhkx,,,,7968679714248,,100000000,,7,21,445,7968679714248,21,7,2878136050,429025163,0.03,340000000,100000000,0.1097
pool1a8902n5s5z8cgehphzj8ujwv6wf7dycnrdx4ekfz9cwmwj2fenu,,,,1481390053,,25500000000,,0,3,445,1481390053,3,0,0,0,0,340000000,25500000000,0.0
pool1a8n7f97dmgtgrnl53exccknjdchqxrr9508hlxlgqp6xvjmzhej,,,,2395587140863,,,,0,62,445,2395587140863,62,0,0,0,0.025,340000000,,0.033
pool1a9cerx2tpjjp0acla2zs8zwggjlp0phqqauxzkkm5vk963608aw,,GERO,,1443743355566,,5000000000,,0,356,445,1443743355566,356,0,0,0,0.25,340000000,5000000000,0.0199
pool1a9fmzl8m8ql8kk5s8cgxf0ny4c06v2540977gps5mjunwvk5zc0,,HPAY,,132502367,,100000000,,0,2,445,132502367,2,0,0,0,0.15,345000000,100000000,0.0
pool1a9j9dtdppvfq94w84ns59fnrptz3cj2mkwpmku57e2yf5k6a4ae,,ayame,,3622402,,1000000,,0,1,445,3622402,1,0,0,0,0.05,345000000,1000000,0.0
pool1a9u5zphfgqlgl0s9nvdzw2863a5xeahfq4jl0wj59vku5kv9ykm,,HAW,,3433603245,,0,,0,8,445,3433603245,8,0,0,0,0.01,340000000,0,0.0
pool1a9xyvnnfjnujzy0n2mpf4rztdwrssraw5p5f06mqlgn4s06z0nw,,LAGO,,477570605848,,15000000000,,0,14,445,477570605848,14,0,0,0,0,340000000,15000000000,0.0066
pool1aaa4rk9exk0scgjh7a247p4hdgkuq887kau8vnf9c6xqcjwca7e,,CYPAY,,47821475,,1000000000,,0,1,445,47821475,1,0,0,0,0.03,340000000,1000000000,0.0
pool1aasrxs9vpr97rjlqqwpp5gnju9tp9dgtsmqqvmsy8hryuuepvra,,NEP,,500412330,,1000000,,0,3,445,500412330,3,0,0,0,0,340000000,1000000,0.0
pool1aavk93lvhqfhskga397sadl0w30tul9sp587gh7r8mt625zxze8,,,,29681999080,,2000000000,,0,5,445,29681999080,5,0,0,0,0.01,340000000,2000000000,0.0004
pool1aawkmkg7vg0x0vxaqh4gr0lwp4fekwsqrjduylx0et3tuz9hfn4,,CHAIN,,121784233919,,2500000000,,0,4,445,121784233919,4,0,0,0,0.02,345000000,2500000000,0.0017000000000000001
pool1ac0erf0qsxt9v75gmch3rq9548m889s7tshpwppp5wgqy5j32mh,,AXNSA,,1225476949,,1000000000,,0,7,445,1225476949,7,0,0,0,0,340000000,1000000000,0.0
pool1adhpjj009c0jekumqswj5jux6nvrw7v2k0wlu57vfjh7gd5wyh9,,ADATA,,1301501723515,,880000000000,,0,148,445,1301501723515,148,0,0,0,0.01,340000000,880000000000,0.0179
pool1adryduxm4puhn67tuxys7rhvdleee6gw5pc9ufnwwzp8k2wjc2z,,,,32827972263,,5000000000,,0,2,445,32827972263,2,0,0,0,0.03,340000000,5000000000,0.0005
pool1af03lvsktpekmnnw333629hfuhtytcgyh8hmlweet4lxs6p56fq,,,,70968093905431,,10000000,,61,3,445,70968093905431,3,61,,33522160526,1,340000000,10000000,0.9773999999999999
pool1af7dmzgcyp9kc5lyrtrtpsce58l6j5cjvc8wavkwmzlr53ym50v,,SHARE,,2388572278828,,250000000000,,0,98,445,2388572278828,98,0,0,0,0.01,340000000,250000000000,0.0329
pool1afv4cmmjdkujtd5r9t63090a3frwwqy8f3e46gz003vyzjcj63r,,,,2362097701509,,150000000000,,0,557,445,2362097701509,557,0,0,0,0.02,340000000,150000000000,0.0325
pool1ag6ae29hrcjhcjaqp56hwhwj9geszjerwqrkjz6xndmcq3u9k80,,,,1967312227,,1900000000,,0,2,445,1967312227,2,0,0,0,0.045,345000000,1900000000,0.0
pool1aga0u8m7rqpdvkqa7qfr8rhyweyqlg3jxt3skfq660vdczwzyca,,,,44304481,,9500000000,,0,3,445,44304481,3,0,0,0,0.018,340000000,9500000000,0.0
pool1agk62kg0s9606v78exurl53mqsdu44d6qeuzypur5e7ku6gpgzp,,,,7680690257,,1000000000,,0,16,445,7680690257,16,0,0,0,0,340000000,1000000000,0.0001
pool1agq2knlhqpxvn2h70gepq6hare2atuwxkknryfppnfutv2av4ej,,WAV8,,117840835,,100000000,,0,1,445,117840835,1,0,0,0,1,340000000,100000000,0.0
pool1ah5jv4mrq0z7g4wuhjjnc24kfwqekwcap0wqmsr57thfg8mpr4n,,HWSP,,1544341958,,500000000,,0,2,445,1544341958,2,0,0,0,0.02,345000000,500000000,0.0
pool1ah9fqr5pwdtjtw82nkkcskak4vtc2xjz70mkyselzvalgzd3jlt,,SYLV1,,501325209540,,5000000000,,0,7,445,501325209540,7,0,0,0,0.03,340000000,5000000000,0.0069
pool1ahazpr2yz5gljk2m4q8g7wnmq7m2sr9unhdfmr5arhqrjnntwdz,,ADV3,,62573733734725,,250000000000,,61,2677,445,62573733734725,2677,61,28296947207,340000000,0,340000000,250000000000,0.8618000000000001
pool1aj697twgk5kt7c6kjtkpwejqqhljvf3hzsmsamswzy42v24cw5h,,KYLEK,,37932825619,,15436500000,,0,3,445,37932825619,3,0,0,0,0.05,340000000,15436500000,0.0005
pool1ajjz83zx620n7fyr0gvfaz0k0udc6x09rdnkqrgaxu9qwcz97qe,,,,205618530,,100000000,,0,1,445,205618530,1,0,0,0,0.01,345000000,100000000,0.0
pool1ajpxqyq3p3aczgaxuc66lwtgzhrapzu6duk90dz0wz5twh9jzyw,,STBL4,,6135954,,0,,0,1,445,6135954,1,0,0,0,1,340000000,0,0.0
pool1ak3vhtv7alve9wfj5kx5xswrtfvy5a23txuupgy6nqpduq350w5,,HEAP,,3359755983712,,10000000,,2,7,445,3359755983712,7,2,586247348,358150093,0.03,340000000,10000000,0.0463
pool1akl30anedgzrf2pxnuqqeukt4p6992lnnjvk0j9rrr69vtqka7k,,,,212904165891,,50000000000,,0,14,445,212904165891,14,0,0,0,0.019,340000000,50000000000,0.0029
pool1aksxtgqz36vtvnf3rrgrzz9qxrvjv4p2ukqcdyv5q66s5eqhql9,,,,6444552,,110000000000,,0,1,445,6444552,1,0,0,0,0.03,345000000,110000000000,0.0
pool1akt37u42nfegyf3atv6c3c64da7dwa9grt9kjxa8zwj9qr4y8u2,,LAMP,,9951043764,,20000000,,0,6,445,9951043764,6,0,0,0,0.02,340000000,20000000,0.0001
pool1al5vg7cqtfs5mqgd5uyyx09z9hvsxqnh26lr42t920y5qnvq7aq,,ROUTE,,32731957562,,10000000000,,0,4,445,32731957562,4,0,0,0,0.15,345000000,10000000000,0.0005
pool1al783um2muyhrpcj779y46z0qtnd0nteu0y5jt7252nl26dt0h0,,GOLGI,,103386784268,,10000000000,,0,30,445,103386784268,30,0,0,0,0.005,340000000,10000000000,0.0014000000000000002
pool1alukhlxd53jat03vgt5h4dxxqyaapzefhk9yrl40e4r3x5cr5au,,,,159433816,,0,,0,3,445,159433816,3,0,0,0,0.075,340000000,0,0.0
pool1am69d5jfzgjepwhseryw59j0lspn0c0307shw3v2cvfq77gvnrh,,BIDA,,102232264,,100000000,,0,1,445,102232264,1,0,0,0,0.01,340000000,100000000,0.0
pool1ap0mx7frdu2mhk6f8rp3psy6wkd8t560dgh0cwnlxxfswtqjg9v,,,,244646977,,100000000,,0,1,445,244646977,1,0,0,0,0,340000000,100000000,0.0
pool1ap29p59japhsunqkknkrdm4wh4f8krrvhft66zhns43evawjd03,,SNOW,,5420302849,,0,,0,8,445,5420302849,8,0,0,0,0.02,340000000,0,0.0001
pool1ap4k28jflxcyekms0rjp39ruuydrvwrek2ca267w8mwyvknpx87,,,,124497618310,,100000000000,,0,1,445,124497618310,1,0,0,0,0.015,340000000,100000000000,0.0017000000000000001
pool1ap5sw2p7erpvegveucua66gy50cadjvq72apar0hvzrdv8s27nl,,ELEV8,,3857047153,,0,,0,5,445,3857047153,5,0,0,0,0,340000000,0,0.0001
pool1apts5675m9f6tkp4ed2jeu35azt7a0hxd3dypzjvwr2hxu6lg9a,,ANON,,1200000,,0,,0,1,445,1200000,1,0,0,0,0.007,340000000,0,0.0
pool1apupv5qtfp2aa2xlrzzjzx0uj686g3n695a329nq8j5jvvzumz0,,,,1552504630658,,,,1,6,445,1552504630658,6,1,130885638,340662600,0.005,340000000,,0.021400000000000002
pool1aq2kqdp9xf9w47vttvmqnahwd4scz2qyddsr9l4mfru4qddg3kr,,NMKR,,2647144297297,,400000000000,,3,713,445,2647144297297,713,3,6721932,1410012758,0.99,340000000,400000000000,0.0365
pool1aq6sd3kr3cnjk995tfthhyf0suth3rm547kp6pv35z7wgqu6twn,,,,328808608,,,,0,2,445,328808608,2,0,0,0,0.06,345000000,,0.0
pool1aqg6fvhcaulvss2ruvpx6ur9vj7pejvdcxv6xp0qlwuwx94evf0,,SARGA,,23275358935603,,25000000000,,19,4102,445,23275358935603,4102,19,8450255513,512642394,0.02,340000000,25000000000,0.3206
pool1aqk244n4f74f80djytcwwr5gcxmscp0e76z5as3yz4alu39568r,,,,104807451505,,5000000000,,0,15,445,104807451505,15,0,0,0,0,340000000,5000000000,0.0014000000000000002
pool1aqr4843pgkyaq6p2557vgnxsxwnj5s5em2xusf5k4ya4uzk3w5l,,,,21969582141,,5000000000,,0,7,445,21969582141,7,0,0,0,0.01,340000000,5000000000,0.0003
pool1aqslsnawz622pd8367tgsu2atfm3lgk9xcdw5rh3c6rgzca33yq,,,,20015900,,5000000000,,0,2,445,20015900,2,0,0,0,0.01,345000000,5000000000,0.0
pool1aqt8ycgfpavswxxs7m7n8rz4atqlanpcmf73gq50rmr8um7nde8,,,,9633657459698,,50000000000,,7,29,445,9633657459698,29,7,2802394287,488409199,0.05,340000000,50000000000,0.13269999999999998
pool1ar6nsa2uzng70uf8fdrttu5jhgxzgu2f4za8h845zr435nfcruw,,1STEP,,32835825996461,,25000000000,,30,559,445,32835825996461,559,30,13796262874,340000000,0,340000000,25000000000,0.4522
pool1ara3azv0r57eugvm0p9qspun6eg482lem59txknf3nwwu6h9ptg,,QADAO,,14633337966616,,2500000000,,8,22,445,14633337966616,22,8,3301713747,477601747,0.04,340000000,2500000000,0.20149999999999998
pool1arsqn9w87wpqlm0sre66gs79dcs0jmwulytgke3vut7u62lttu7,,LATIN,,2816798036273,,50000000000,,3,462,445,2816798036273,462,3,960576501,359419113,0.018,340000000,50000000000,0.0388
pool1arx4x8ecnxu46xrpfj88hwm25j9gcy8080szvf62a0avke556v5,,SPG01,,140355148718,,3500000000,,0,52,445,140355148718,52,0,0,0,0,340000000,3500000000,0.0019
pool1ases3nklh6gyjf74r7dqm89exjfd520z9cefqru959wcccmrdlk,,,,54638317115849,,,,50,31,445,54638317115849,31,50,,27397145248,1,340000000,,0.7525
pool1asfgkqtmjuusclgx72xpzvpw336gkulchtstsx9lsj9uqzjckv0,,BASHO,,19331460113052,,4000000,,12,42,445,19331460113052,42,12,5168409329,499900213,0.03,340000000,4000000,0.2662
pool1ast5kjj9zer9sp02f5w44nyqsc54589l2glyp5fhsg3awqs5axk,,,,67906613271,,10000000000,,0,9,445,67906613271,9,0,0,0,0,340000000,10000000000,0.0009
pool1aua33jlfntjm7a3xc5d63jmxuycwlwkv7xx0mu04zfjeyc4up7c,,GIBS,,511697133,,500000000,,0,1,445,511697133,1,0,0,0,0.02,345000000,500000000,0.0
pool1aum2mx8ds554pfm45el2wn3lr7lsnphlggxzhk3qlpl56qnffm2,,AMM,,502580210,,10000000000,,0,6,445,502580210,6,0,0,0,0.02,340000000,10000000000,0.0
pool1auwfzangu7s9uagapchhmac87jy3k87a3dxhp23vadtw5m5dswl,,JPN24,,512065971,,100000000,,0,1,445,512065971,1,0,0,0,0.017,340000000,100000000,0.0
pool1avrc505uzld32hjr78pxra8jtmxvwaxdttxq2zxsjearwsy0quc,,WPool,,274557374,,50000000000,,0,1,445,274557374,1,0,0,0,0.03,340000000,50000000000,0.0
pool1awrupsqt49c7gsuw7edvwawjrg6pzg3u0m4mqcwhr5j65z4aezs,,BEST,,11311395280,,10000000000,,0,1,445,11311395280,1,0,0,0,0.01,340000000,10000000000,0.0002
pool1ax6nusmcp8h8alsqmueqvxu46h37fmvfyr2y6w9l6486cy2rq06,,,,321624382,,20000000000,,0,1,445,321624382,1,0,0,0,0.01,340000000,20000000000,0.0
pool1ax7rlt56kgfpn0ystuwk5jawjh5r6qfw6xhwa8ckaqe47va4y39,,,,47281368,,,,0,1,445,47281368,1,0,0,0,0.99,340000000,,0.0
pool1ax8znp3yeeh0udrr2vvtm4wkxjldwv4mywycn573km7fu20y5xa,,,,44160080562723,,50000000000,,0,13,445,44160080562723,13,0,0,0,0.05,340000000,50000000000,0.6082
pool1axdf4rwjfsd5agnl2na2t73emm2sae078nxeyf3mf4c6vhh0dwm,,,,13102218292,,10000000000,,0,3,445,13102218292,3,0,0,0,0.02,340000000,10000000000,0.0002
pool1axeed9wqmyvm8ttgdkpazx5dr0e6ezhucnzarpua0zpdg8ycqwl,,,,150990903879,,100000000000,,0,4,445,150990903879,4,0,0,0,0.03,340000000,100000000000,0.0021
pool1axgtae69sdv7tnqru3enjdln0hff9k7n8awlh9xxzq92cdgmq53,,,,7620000,,0,,0,1,445,7620000,1,0,0,0,1,500000000,0,0.0
pool1axngzl8clfn6pnjaf4w5r0q4tgcwktv0zcuxnn32hl995pthddr,,NOSP,,6658485400031,,100000000,,9,4,445,6658485400031,4,9,390516,4252115753,0.9999,340000000,100000000,0.0917
pool1axzm26vduyuxgw0x9ddh4vkvn7q5hyd558l0t9c08p556lf2zaj,,,,52934166808314,,1000000000,,57,28,445,52934166808314,28,57,20750453060,1726118777,0.05,340000000,1000000000,0.7290000000000001
pool1ayfjmnrv5vg6tfducvysn360re6qfwuv2rhc4ph6jk33ztuxlhq,,1PCT5,,831739415877,,50000000000,,0,264,445,831739415877,264,0,0,0,0.01,340000000,50000000000,0.0115
pool1aznnuv8rx07e6djpheq3kh05r7zwm0z672u8vd8tr3yxsnegkp4,,SURGE,,1340486162,,500000000,,0,3,445,1340486162,3,0,0,0,0,340000000,500000000,0.0
pool1azwa3mcez0mr7520jznl0kamr3wdun5ygzscwtjulhdy5s58vvu,,,,12017087,,,,0,1,445,12017087,1,0,0,0,0,340000000,,0.0
pool1azwytj96wpa7hqmj5adks6tpw7rhnwdqpf9hkgyy0mwdxxzxz9w,,,,706629965661,,,,1,2,445,706629965661,2,1,109247649,345306735,0.04,340000000,,0.0097
pool1c0p84nykx0m4yqs9pkvlgagh3nlnrn77d5zed9kv9ktljh2cjcy,,,,4313456381533,,,,3,364,445,4313456381533,364,3,10759039,1406729862,0.99,340000000,,0.0594
pool1c0qt93ydpjdndag5v9fsmzjv0hm87ehstqn6ttvrr60rw9d6uaq,,PACT,,1808521302,,51000000000,,0,1,445,1808521302,1,0,0,0,0.005,340000000,51000000000,0.0
pool1c0t0xzlpu7nhprxhnlepnapek47waww3m54ek6gaufnpjrl5j0m,,,,37755849359,,10000000000,,0,1,445,37755849359,1,0,0,0,0.15,345000000,10000000000,0.0005
pool1c0xj2fa97zuz4phld87atg6yphz3hju409fm5xgnwuuvqww25qj,,SAPIO,,2256754093413,,25000000000,,1,841,445,2256754093413,841,1,127256842,341321830,0.01,340000000,25000000000,0.0311
pool1c2utlagkpht4zj0jetsf245c258geuxnjqp9kf4f2z9rutx9dz4,,QCPOL,,17863175697044,,25000000000,,15,428,445,17863175697044,428,15,6564363918,474853576,0.02,340000000,25000000000,0.24600000000000002
pool1c2wa8326fulnkq42uerra78pue48pdwsqru2dhp5xrhsgzqmlsc,,,,7310970042421,,0,,11,432,445,7310970042421,432,11,4823871335,340000000,0,340000000,0,0.1007
pool1c2wf97p3j9gfvfjshj99ufxerpy3aznm8tzr2fd0ua465s26th4,,P2P,,7331920229888,,10000000000,,9,149,445,7331920229888,149,9,3827983409,418253612,0.02,340000000,10000000000,0.10099999999999999
pool1c30lqt59t8sjn5lg04r5wk5eucxa5h9cj05xs9gzc8lngl4cmta,,,,187820043879,,,,0,13,445,187820043879,13,0,0,0,0.019,340000000,,0.0026
pool1c38rf777lz0lweuz856xtetz2p2tfq04xfles089839tclt4dp3,,,,64257298778,,10000000000,,0,14,445,64257298778,14,0,0,0,0.019,340000000,10000000000,0.0009
pool1c39qg80pu8596huf5kh6cmfuxp8yzxz4kfqc4csfz7xdcwfwcnc,,,,1434673,,0,,0,1,445,1434673,1,0,0,0,0.075,340000000,0,0.0
pool1c3ecg6h4m73a2mftmdm9mz3gxklxmnzuwzl9e38lzd4y26qcm8a,,COSMC,,25836121092092,,300000000000,,19,149,445,25836121092092,149,19,8294312039,556209307,0.025,340000000,300000000000,0.3558
pool1c3kxs76qj58284f923cx7ed8vw25en3nfghyurv0z9m2g3x9c4j,,NAHA,,11210096768026,,1000000000,,13,34,445,11210096768026,34,13,5524933723,601113982,0.045,340000000,1000000000,0.15439999999999998
pool1c45udwv2kdjcth5fvnhlklsz2tutw8spl9tcwnfw7m8cxl8eanm,,,,74597368355,,70000000000,,0,2,445,74597368355,2,0,0,0,0.01,345000000,70000000000,0.001
pool1c465ftax734tzx0kr36nudtmjy66zzwqgmct7ktpff46u8hrl0e,,UMA,,2007224344,,2000000000,,0,1,445,2007224344,1,0,0,0,0.001,340000000,2000000000,0.0
pool1c4tqc60574fgcyqdy53vyv4dusjpj2zd9grm65avn6cz7equ0g6,,EIP,,3949541197,,1900000000,,0,1,445,3949541197,1,0,0,0,0,340000000,1900000000,0.0001
pool1c50yum9j2pj66p6qyjwxd6h6z8scvysxq2hlrnw22vgs5rq2547,,BNP,,2020616612,,2000000,,0,3,445,2020616612,3,0,0,0,0.06,345000000,2000000,0.0
pool1c55n72ag3tz8g7rntzuu9a86u7eugsy008xl3xsje8kwgvz2vdz,,,,56705409779301,,30000000000,,56,1055,445,56705409779301,1055,56,25185776660,1254054361,0.035,340000000,30000000000,0.7809999999999999
pool1c6ezumxqayxzfwec8q8nz40zpf58n3sr22nstpxf2pg3gggx0ce,,,,1501200000,,1500000000,,0,1,445,1501200000,1,0,0,0,0,340000000,1500000000,0.0
pool1c7jrfce3zxkk9s9enzpvwj8fuayvx3pdzc2k2es6mrw6gsfcjep,,EDEN,,52132222623016,,1000000000,,46,3550,445,52132222623016,3550,46,19341669932,776631647,0.02,340000000,1000000000,0.718
pool1c86ul4pnqvu7jzag8fjdy6dgrn6pt4ad4vmyq038hyg0wl2kaed,,BAIDU,,11133879567939,,30000000,,11,354,445,11133879567939,354,11,4847111235,340000000,0,340000000,30000000,0.1533
pool1c89d4drtwn0048mekkdkzllz559ahnntxelyw2mppxnmc36hjlx,,CLIO1,,33156379807185,,1135000000000,,33,723,445,33156379807185,723,33,14597685108,491780508,0.0099,340000000,1135000000000,0.45659999999999995
pool1c8enfyd0rt39p4wr9h840y3d2xtqylxq5rsu3ku8gld45swgtne,,NBLWR,,49037922800,,10000000000,,0,4,445,49037922800,4,0,0,0,0,340000000,10000000000,0.0007000000000000001
pool1c8f3ffu2g0eatw4fctjpq5q48pppzst0yg90fgj23637uhhhx23,,BNP,,6000000,,2000000,,0,1,445,6000000,1,0,0,0,0.06,345000000,2000000,0.0
pool1c8glhjlfs7lqww0zg7ghajtyf527zrahyksyawnz7l58kx0utf7,,,,160903732,,,,0,3,445,160903732,3,0,0,0,0,340000000,,0.0
pool1ca862gvy5r06k5l3hulsphtp20tvuxqef0arzcyejdf365c5nrs,,CHILL,,3578660940,,300000000,,0,6,445,3578660940,6,0,0,0,0.01,340000000,300000000,0.0
pool1calq8kjzrvp83l80rtvgmulausl99q4tjfkz2lp227vkymd5wgg,,ODIN,,1347550541238,,180000000000,,3,604,445,1347550541238,604,3,909189791,361560284,0.02,340000000,180000000000,0.018600000000000002
pool1caulv7s08g0jnptzdc69qycptacu7fzahny2epzh7sh9vhqz6xz,,NUFI1,,52843455010092,,1000000000,,44,3098,445,52843455010092,3098,44,19834874078,953462616,0.03,340000000,1000000000,0.7278
pool1cc0zqv42utrsffvgy4e5tfln3unrjk4f6q952rt56y3dzmerptw,,YOUR,,5975483098,,5000000000,,0,9,445,5975483098,9,0,0,0,0.25,340000000,5000000000,0.0001
pool1cc76kmtcpf6vht32ya5ke9er74dnpy4jh5qpy4klqwp87ygdsu6,,,,13364952331024,,500000000000,,15,1654,445,13364952331024,1654,15,6290351587,536089202,0.029,340000000,500000000000,0.1841
pool1ccr56kt2f5tzjvztlkf8zhkpvaawkduwfye8ydsk646lz0m4h5x,,APOLO,,2022629722531,,275000000000,,1,357,445,2022629722531,357,1,108985232,342659322,0.02,340000000,275000000000,0.0279
pool1ccyfxwl4nfy0whmcmhxwn066lnrguja33ayjrg2mkdvqxkuzhne,,,,62242562306,,,,0,18,445,62242562306,18,0,0,0,0.01,340000000,,0.0009
pool1cd7u9yenr0vkzh9kj7nhhy28ye289muhcdgnhyvz7r3z7jwcxl9,,WAAC,,63987347192,,25000000000,,0,8,445,63987347192,8,0,0,0,0.03,340000000,25000000000,0.0009
pool1cd987kw92e3nmjywcfwfws79a09rwp0p0xj5mdtr39qukxgp9uf,,,,6623066369535,,30000000000,,8,1139,445,6623066369535,1139,8,3286114270,459795081,0.035,340000000,30000000000,0.09119999999999999
pool1cdkv8070twtzhpeznc42wql8fre2edkc48watnuf2pmqcp93qjy,,NOMS,,109407819397,,50000000000,,0,6,445,109407819397,6,0,0,0,0.05,340000000,50000000000,0.0015
pool1cduc7ut6grhqyavrmm3gzcdf4qfdsjk7vdwcxy9c0r5fyaxh2sq,,,,16033615143280,,10000000000,,5,264,445,16033615143280,264,5,1980814777,378189104,0.0189,340000000,10000000000,0.2208
pool1cejaj3e490r9ejf854k3pw0kagglczuaqp69g6g5jzyfxjxgn4h,,Croco,,99442997,,50000000,,0,1,445,99442997,1,0,0,0,0,340000000,50000000,0.0
pool1cew2q6pge250exctkq26lyl0w95923xxa54thd79nv8xy9j3xe6,,ARRA,,3276612293992,,50000000000,,3,78,445,3276612293992,78,3,574646371,356224748,0.015,340000000,50000000000,0.0451
pool1cf7mqj0xd8z4jqhr7nf565mxuvepk8euv5t6ehmuwe49kfz9llr,,TOKAI,,38318185161096,,100000000000,,23,272,445,38318185161096,272,23,10448945759,392653051,0.005,340000000,100000000000,0.5277000000000001
pool1cg559cdc25fkvs73umj6w5nxlwy3mpmj02xt7p4v69eqs5ncz9k,,WOOF,,2454219696469,,195000000000,,3,466,445,2454219696469,466,3,999857496,350778924,0.01,340000000,195000000000,0.0338
pool1ch3k0e07dhqwum847sa02cyecrp000a6egdx89fz5rza230jhlp,,,,6182052589,,,,0,3,445,6182052589,3,0,0,0,0,340000000,,0.0001
pool1chdvqec5lwsxuedrdhcdcxg2295tqrce9lcz3luru5fruzjf3wr,,,,128905489,,,,0,3,445,128905489,3,0,0,0,0.02,340000000,,0.0
pool1chtam5czevzk2ttctvltpsc8twlwf6zzyh7kj3jkz72gks975sn,,NUFIC,,45275124051371,,1000000000,,39,13,445,45275124051371,13,39,17529871631,882186712,0.03,340000000,1000000000,0.6235
pool1chxjq4stjq2q635q8lv3vpszu0jqntxh3ltl97s5de4rz0rkdn3,,CRTX,,2342124049,,500000000000,,0,3,445,2342124049,3,0,0,0,0.005,340000000,500000000000,0.0
pool1chxnn5gurqm83728aafjm7thv8yla9tz85yejtstqsc658mrpm7,,,,399051118,,,,0,7,445,399051118,7,0,0,0,0.1,345000000,,0.0
pool1chzrvd7wzmw8ufsehctn8fmf7ca27xf7d6f5tpreat7kxx6hwf9,,MOBC,,832511553925,,1000000000,,1,16,445,832511553925,16,1,132337295,340000000,0,340000000,1000000000,0.0115
pool1cj2uh0ylps28czcjslnz85v2zyf8mld0w5tuqp3amxk4jjwfkgd,,,,182548067758,,10000000000,,0,41,445,182548067758,41,0,0,0,0.01,340000000,10000000000,0.0025
pool1cj6js4ae570qqgssp5qr83zla0775u35fyxytk8j240uy2aca2q,,,,105235662,,,,0,3,445,105235662,3,0,0,0,0.01,340000000,,0.0
pool1cj8dxjjlyn9xmjavr98ytmvlpd4vwgqp36kq8rl6jjyt6k2adfh,,,,875666936185,,100000000,,0,1733,445,875666936185,1733,0,0,0,1,345000000,100000000,0.0121
pool1cjjtz6enkc76yytlf2zd86ngdu60e705vq7wq940ncu6506s6n2,,,,22721942227270,,50000000000,,20,12,445,22721942227270,12,20,7273485244,2162392021,0.2,340000000,50000000000,0.3129
pool1cjz6kg9a8ug9uk0nc59q60a67c2628ms58rd98gq587jwa2x5qt,,GENS1,,10670024027441,,10000000000,,6,2472,445,10670024027441,2472,6,2489537814,340000000,0,340000000,10000000000,0.1469
pool1ck8rqpxp7j8kyzutk856fnvgm8xsqmuh922wkeeg32ekjjrvtc0,,ISPF,,6787129544214,,168000000,,7,33,445,6787129544214,33,7,2967125103,340000000,0,340000000,168000000,0.0935
pool1cl3fhy6me0nf5jnxahk997r0529aumt967kw4yml5vraq94mdk4,,RAID,,35249722947,,30000000000,,0,4,445,35249722947,4,0,0,0,0.01,340000000,30000000000,0.0005
pool1cljrz5vyw7jp2mp23nt9ywn2wdg5ulamhalw6d3mng326laxs77,,,,18599471,,0,,0,3,445,18599471,3,0,0,0,0.075,340000000,0,0.0
pool1clkt34hufs3k4gfnd2rl8gy9zlzzdgr9838y0k2hwfuhy0mh2t9,,,,5060719070,,100000000,,0,3,445,5060719070,3,0,0,0,0.9,340000000,100000000,0.0001
pool1cmaafeyy52ppz62jqmsm20c5p8nua7xx95lkkf96ktmqqj3w5td,,EDEN,,69557475434250,,1000000000,,59,984,445,69557475434250,984,59,25671400323,789760219,0.016,340000000,1000000000,0.958
pool1cmdq8atcy8x7lfhh09vdumveuh0ywsx0269ur774nvzkyhma37d,,MOMO,,22109448174973,,40000000000,,14,120,445,22109448174973,120,14,6264426050,340000000,0,340000000,40000000000,0.3045
pool1cmqpzlsrrjup8zg6qaperz868u64dlt7uvvdszsr658mvzz9qq0,,TREK,,2044803679710,,1000000000,,2,466,445,2044803679710,466,2,578162612,355128852,0.025,340000000,1000000000,0.0282
pool1cn0dqtplwf67fds40hgkf0u5rm4q4azev5qutmgkw5hdyvue2ue,,NEDS2,,25548355595186,,250000000000,,26,1367,445,25548355595186,1367,26,11405099153,459944634,0.01,340000000,250000000000,0.3519
pool1cp4q7w2jvlthul9mlskj6xutx9rdr7n4vruqqe09pfg5ywmzdzq,,,,22018716731190,,,,21,1,445,22018716731190,1,21,,9930656238,1,340000000,,0.3032
pool1cpqpw923842ple6gnkjl0k2z238uwm4s8xh53ryzxcavu89rp9p,,HUSKY,,1317592516447,,10000000000,,1,29,445,1317592516447,29,1,113693247,343982607,0.03,340000000,10000000000,0.0181
pool1cpr59c88ps8499gtgegr3muhclr7dln35g9a3rqmv4dkxg9n3h8,,LACE,,1336092042555,,75000000000,,0,179,445,1336092042555,179,0,0,0,0.01,340000000,75000000000,0.0184
pool1cpzz6aqljgk97ks728xa76wqg96kj79ndc3gasx7kdnr74wrk70,,7CS,,8705929,,1000000,,0,1,445,8705929,1,0,0,0,0,340000000,1000000,0.0
pool1cq25dmlt5974x8tqg3e4dlzvrxefcce2atpnwlfp7ad5ugec9fp,,BEAST,,50761986901000,,1000000000000,,48,96,445,50761986901000,96,48,21127144784,1012868344,0.03,340000000,1000000000000,0.6990999999999999
pool1crprz3rdcwvfxmc0s4gxquh3qeqmscww2qfvpl93q52yyn7agsc,,WOW,,3028350826192,,50000000000,,5,50,445,3028350826192,50,5,1969683159,360229830,0.01,340000000,50000000000,0.0417
pool1crts5gmqr34gsrn6wvrhfs9yqp0ynu8t2t4r350xp80s6pc56ue,,BREAK,,12366499055277,,25000000000,,18,795,445,12366499055277,795,18,8146676275,340000000,0,340000000,25000000000,0.1703
pool1cshuf0jy40a83glgwakert9czfnqrpyq6zwqly2705mrwkajuhu,,TGN,,12068846,,1000000,,0,1,445,12068846,1,0,0,0,0.01,340000000,1000000,0.0
pool1cspe7naf0mtntwyysqxk6czah3jlh6v4cja8pdfju932yxsehnm,,CBH,,11687516506291,,50000000000,,10,555,445,11687516506291,555,10,4306972946,383867890,0.01,340000000,50000000000,0.161
pool1csrtagrya4hc5pectc20s8s7am3e6vpdjj6antqzvn2lgmm5afs,,,,854409272088,,1000000000,,1,32,445,854409272088,32,1,54056970,341062405,0.008,340000000,1000000000,0.0118
pool1ct59zfxfvtv74k3mmukq5faq7kc48wuxrstyxtd02pxluwf6mkh,,,,16909804775992,,5000000,,17,206,445,16909804775992,206,17,7194213969,417241784,0.01,340000000,5000000,0.2329
pool1ctfxzwgqakxujmn95dfvprcm0h3dtzjh408apk0cewl0c4r6gg3,,ROAR,,4233056,,0,,0,1,445,4233056,1,0,0,0,0.02,340000000,0,0.0
pool1ctzja2cdwyeqnvehmrlclc5wrn9w9acwklk3acn73jrx56d66vs,,OCEA2,,48119089443610,,25000000000,,43,1123,445,48119089443610,1123,43,19663108303,520023801,0.009,340000000,25000000000,0.6627
pool1cuccvs6vdlrxw67kwvzdx3gcl3ha0402mkhhseqmre7u7vdkwev,,ADAGO,,21573689590,,400000000,,0,4,445,21573689590,4,0,0,0,0,340000000,400000000,0.0003
pool1cuqnuz57puz2qd3enr9vtkcp7z92ge4h2ks6j8zzknztx3283q7,,BRAVE,,932281636650,,25000000000,,0,134,445,932281636650,134,0,0,0,0,340000000,25000000000,0.0128
pool1cus3lsxn962f3tx30shytad9u8487jpnqz6875tahxr26waf2dv,,,,12319882116,,1000000000000,,0,11,445,12319882116,11,0,0,0,0,340000000,1000000000000,0.0002
pool1cuufgqx2wymaavuuuuewrcywksqql299ugjxcw5hf8gux3ed3lc,,APPY,,2823411,,5000000000,,0,1,445,2823411,1,0,0,0,0.0199,340000000,5000000000,0.0
pool1cuzhrcpp676p4u9yk2vrtj7utmq2dy4ey56uw6znml2f5hrpgpw,,MIAMI,,660970413,,500000000,,0,2,445,660970413,2,0,0,0,0.03,345000000,500000000,0.0
pool1cvgz7kkxkpgcu903hggjtsg97myhfmze9e547cwzsc55j2ch2wz,,SNOWY,,42034600758,,20000000000,,0,15,445,42034600758,15,0,0,0,0,345000000,20000000000,0.0006
pool1cvmk7ftz7v5u2pd944e0xvalgchtxgsnnhryzqmqfavgxwgxmcy,,,,7206904547,,,,0,5,445,7206904547,5,0,0,0,0.04,340000000,,0.0001
pool1cvszqtp0yxrxu8ca8sttcatvdq62f8q9w9qzrtjxlpg0shd0y2x,,,,474534637023,,,,0,3,445,474534637023,3,0,0,0,0.05,340000000,,0.006500000000000001
pool1cwc8jnc89xnd0qlyl4tp9gu2uf6jxhc2xay9xqdwt88s66a5yzx,,PPDAC,,297094817,,8269074,,0,3,445,297094817,3,0,0,0,0.0109,340000000,8269074,0.0
pool1cxduaaaqpk8g3xr5yksg8urfemexxyjf42evekrmmg9a2f7gmn7,,,,517703111,,,,0,2,445,517703111,2,0,0,0,0.02,345000000,,0.0
pool1cxl0gk32hwe6sckdmy2zydkl7wrk8npjay0u3u5zsglwvkqmjen,,BNP,,7789627628,,2000000,,0,5,445,7789627628,5,0,0,0,0.06,340000000,2000000,0.0001
pool1cy77h3wzf5z9ea0z66wr8luczcp2u4wchhkejkndjvyrvyvqauj,,GEEK,,466084377,,51337000000,,0,1,445,466084377,1,0,0,0,0,340000000,51337000000,0.0
pool1cyha5jsy6g06w699tw4awy2jw7gxj0azm38yzetr7zls7rkl0t0,,PLUTS,,8383884321,,5000000000,,0,4,445,8383884321,4,0,0,0,0.01,340000000,5000000000,0.0001
pool1cyq3v3v43hu7spwlfxdm6vq9djpsjjueerhlu5qr2rvd57vqk84,,,,54156968080531,,5000000,,54,1370,445,54156968080531,1370,54,22444384290,853743804,0.02,340000000,5000000,0.7459
pool1czlxfj2dyc2lt2gcrhhxyqhgzcpza845yjr6k262e2vqsysrylu,,VTX,,29445355,,1000000,,0,3,445,29445355,3,0,0,0,0.03,340000000,1000000,0.0
pool1d0329t36ac7udkqe9k5w4g4jpn8xrqfjh2u5jrrm4h4d50wkz2c,,ECWB1,,1685515443,,1254000000,,0,1,445,1685515443,1,0,0,0,0.01,340000000,1254000000,0.0
pool1d04sakv5um2c8yrp3lm9ncncupgl7f7zw0lz2yuz3jrzsxvf42n,,,,7882315817,,50000000000,,0,33,445,7882315817,33,0,0,0,0,340000000,50000000000,0.0001
pool1d0ld90s42dnypxxp08923d7pezh4xnzht2gfl5c6xm2pg6lyyyq,,,,4767922558,,2000000000,,0,3,445,4767922558,3,0,0,0,0.025,340000000,2000000000,0.0001
pool1d0m6dxdvqcltvyvjjha2v5hyq4rxf4xzs7j95v00hpxvzuu7wqp,,,,5180057395,,2000000000,,0,7,445,5180057395,7,0,0,0,0,340000000,2000000000,0.0001
pool1d0vm9y545l3y2g9pamx45k4e498nllhd8wy4289vw8mt70am2r8,,PLANT,,805764501836,,25000000000,,0,65,445,805764501836,65,0,0,0,0.048,340000000,25000000000,0.0111
pool1d0ze7l6t8gjng564zsfyd7uw7snenpsjh9dacawdpr9g27djq8f,,DEVIL,,208182300349,,1000000000,,0,51,445,208182300349,51,0,0,0,0,340000000,1000000000,0.0029
pool1d25d0c06al8geglarw7yd4nqh65nws82d7v04yrv2eec7rwcjlk,,COMET,,515619014,,500000000,,0,1,445,515619014,1,0,0,0,0.01,340000000,500000000,0.0
pool1d2cl6yayuxp0wv0v7dtvu0s52vglg0x4z2lz27d6x4ewj72nk2a,,,,103531468433,,40000000000,,0,36,445,103531468433,36,0,0,0,0.0289,340000000,40000000000,0.0014000000000000002
pool1d3gckjrphwytzw2uavgkxskwe08msumzsfj4lxnpcnpks3zjml3,,CRFA,,23196087166607,,1000000000,,21,1018,445,23196087166607,1018,21,9024161213,531482547,0.0199,340000000,1000000000,0.3195
pool1d42r0zln3kvvc54w4945735gnrm635as8hj8zy38tjprw2l49rd,,,,5202755444413,,,,2,146,445,5202755444413,146,2,594418043,346050030,0.01,340000000,,0.0717
pool1d4387s7mszjkeg5w0xppzxdtzsj7aahfqdgeef24emyh70mccmw,,,,46096646397,,45000000000,,0,1,445,46096646397,1,0,0,0,0.3,340000000,45000000000,0.0006
pool1d4tuk5ln88x5s9xcck4lfz8u4svdvxzsh2ue9rnmqrxm6a486uv,,,,1801494,,220000000,,0,1,445,1801494,1,0,0,0,0.05,340000000,220000000,0.0
pool1d4vwleazneeaz5uxq9lp0m6dfx3h00ja76dzac8r48qs6kryr75,,,,5399069147,,5000000000,,0,1,445,5399069147,1,0,0,0,0,340000000,5000000000,0.0001
pool1d5lk27jlkaj6dx7ndexjzmdqtt5hnnpx5224awz83ye0v28ve42,,AHOLY,,6673245630,,500000000,,0,4,445,6673245630,4,0,0,0,0.03,340000000,500000000,0.0001
pool1d5zrmzgskqzse485j7p5cly2290xyffr2tyq9d8ngkzyxjjxwtm,,ELLY7,,2132836767,,1000000000,,0,5,445,2132836767,5,0,0,0,0.01,340000000,1000000000,0.0
pool1d63tmq02tgtk7yd6g62p9h44w4xqdgz9y8jkmcrztfmmqga540m,,CELL,,63790315855,,17356000000,,1,5,445,63790315855,5,1,80594275,341325252,0.01,340000000,17356000000,0.0009
pool1d66wvltjn768rm2ywdzpetzx034z7vanrlz8mrpn9us8zjcyjaf,,,,11346026,,51168940178,,0,1,445,11346026,1,0,0,0,0,340000000,51168940178,0.0
pool1d6k8r2hhczhfvfgddx72j0jzp4e823r9lknqpec4tux3ymlyeye,,,,546890394,,,,0,1,445,546890394,1,0,0,0,1,340000000,,0.0
pool1d70vllztcsgx3ku8h5vnukzz2a7lpzjxfjmuqqvxtj9kq27hygs,,LIV,,561508124935,,230000000000,,0,124,445,561508124935,124,0,0,0,0.015,340000000,230000000000,0.0077
pool1d76p7zfn2ydq577z4wsvmnl2lx4cxa3s5vplfuhvr8qfw8hd05j,,KYSN2,,3554388235960,,100000000,,2,220,445,3554388235960,220,2,592821932,351495027,0.019,340000000,100000000,0.049
pool1d85unpsumsxmq4kfvy0prju3n983vp3ajuavmt2r5tyzw2jtpcw,,TRIBE,,15134881338,,700000000,,0,5,445,15134881338,5,0,0,0,0.01,340000000,700000000,0.0002
pool1d9g45764jtjzagrmy5ndtrx4pua7l9sr4nh08l3mqs43xe6wnh9,,SS63,,7878447007653,,9000000000,,3,14,445,7878447007653,14,3,1048161196,356163316,0.015,340000000,9000000000,0.1085
pool1dadfsnjauzhgcvz5hkrulwevpe9mk2a9rsxt24pawcy7zndhll3,,zzcf1,,1101336400257,,2000000,,0,7,445,1101336400257,7,0,0,0,0.069,340000000,2000000,0.0152
pool1dadzh387unlwu37ek693hy9a7w49r22mrmrl9y0fjfhhqe4qtpe,,CMINT,,507621786,,500000000,,0,1,445,507621786,1,0,0,0,0.02,340000000,500000000,0.0
pool1dcjycc5mvj9svh9ys482078mnqutu48k3zj7uqzswj7m54a7hzr,,JUST,,5349890281114,,25000000000,,4,76,445,5349890281114,76,4,1531615552,340000000,0,340000000,25000000000,0.0737
pool1dde9jvej6nr4yqfnnlx5ydn036zv7yr098y4p2qs7cvn2l3kuj8,,PWP,,1884239185,,100000000,,0,2,445,1884239185,2,0,0,0,0.1,340000000,100000000,0.0
pool1ddg6t2h9kj6lqlec4ncjs945lzj43m3ggrgdhf5sgzhtygpkznz,,FAIR,,69649523926921,,100000000000,,63,3404,445,69649523926921,3404,63,29244294421,487179272,0.005,340000000,100000000000,0.9592
pool1ddgcpgjcyawxw95se9x8qnc8gxgwjr4fqrk4vk6v9x47s0ggpjp,,1PCT8,,5696557625929,,50000000000,,5,611,445,5696557625929,611,5,1982962562,360229343,0.01,340000000,50000000000,0.0785
pool1ddghnthymd3duklvx5pfunymqg29xe4vlmy89u2efyjdktn33kz,,BOOST,,241079031065,,61000000000,,0,29,445,241079031065,29,0,0,0,0.01,340000000,61000000000,0.0033
pool1ddheaqwfuxwqe89lyd9wla222uhzvp8zstmvc30mrzy4zc5yevs,,,,258035381996,,,,1,5,445,258035381996,5,1,132250411,340000000,0,340000000,,0.0036
pool1ddskftmsscw92d7vnj89pldwx5feegkgcmamgt5t0e4lkd7mdp8,,,,3482646259,,7149000000,,0,9,445,3482646259,9,0,0,0,0.05,340000000,7149000000,0.0
pool1ddywudgudfaphp8txj9qf7alj3uk6wzyd22u7cd2myhyv3lyxxx,,SIAM,,1169766884667,,456540000000,,3,14,445,1169766884667,14,3,552497890,340000000,0,340000000,456540000000,0.0161
pool1denmfptpdhy2vp8q92ttrmalf3kynyv7aguudqzeq83d7zpcaeq,,,,861639205125,,10000000000,,0,12,445,861639205125,12,0,0,0,0.03,340000000,10000000000,0.011899999999999999
pool1devkrwcez409eqm07mr224qqm4a5t3efx3x7u046kct7yk4fxa9,,,,2583874519,,,,0,3,445,2583874519,3,0,0,0,0.01,340000000,,0.0
pool1df9rj4n0t3zlpak7xnh4ue6t3yh9zlw7a02w4l8askp77up25rt,,VEGAS,,4066397130243,,100002000000,,4,979,445,4066397130243,979,4,1381765263,371015260,0.02,340000000,100002000000,0.055999999999999994
pool1dg80xj5qfgu2caursxwk67cm34esh03kzmu63qu89vdv2vk3x4u,,,,2841690059,,500000000,,0,6,445,2841690059,6,0,0,0,0,340000000,500000000,0.0
pool1dghwejqptsjtf9k8paspg9rhl8humxx0nh7sk37j0ada2dr9mqh,,,,1056931023667,,,,4,1,445,1056931023667,1,4,,1890006231,1,340000000,,0.0146
pool1dgmuwu0txducah4pes4e2avlcv98wedml33kdz7ujtrrxk8xv9y,,XORN,,414460965678,,250000000000,,0,17,445,414460965678,17,0,0,0,0.013,340000000,250000000000,0.005699999999999999
pool1dhf4dt395f0c0ujnscazvzvw73ynzgwvtf5k4y9c907hwjdyaq4,,JSP,,8364615061524,,10000000000,,13,203,445,8364615061524,203,13,5759402932,340000000,0,340000000,10000000000,0.1152
pool1dhfz7yak8wqmpvm5luf8ey44aewa9hcrldz0ea3rhh97jmrru5j,,FIDE,,2153760450,,520000000,,0,5,445,2153760450,5,0,0,0,0,340000000,520000000,0.0
pool1dhzv896pw40c4tw23w4h2ux5yzm47r59h8qaqhu89shwkugqygj,,,,1001063730,,505000000,,0,6,445,1001063730,6,0,0,0,0.005,340000000,505000000,0.0
pool1dj4l8qma9zzqqzhsawdkvxrs7qyqyv70kn56ywdqqazscvcqvva,,K9K,,705054450138,,50000000000,,2,71,445,705054450138,71,2,555293840,345991307,0.0099,340000000,50000000000,0.0097
pool1djg8jsygtculv3q2qdrxtnpxfq003pdxcvlw2pvfupq7jm5xpgp,,ADAAP,,10668068671180,,10000000000,,12,146,445,10668068671180,146,12,5124103924,446496424,0.02,340000000,10000000000,0.1469
pool1dkpt0xwf0wzh0xzkqzxlyygznj9pt8pw6sdze7cs8tdd26hc3v2,,,,1765252009,,27000000000,,0,8,445,1765252009,8,0,0,0,0.03,340000000,27000000000,0.0
pool1dkt4rqtjs6j6d8snna60s2g002ddcj5h62nee59mvsznk20q300,,ELIK,,457285398505,,1000000000,,0,59,445,457285398505,59,0,0,0,0.01,340000000,1000000000,0.0063
pool1dkww2vlysa8lsnuf5rca979zdsyr3zvt59hu7e420yxfunkka2z,,TRUE,,5690115769149,,40000000000,,4,156,445,5690115769149,156,4,1511383839,367905624,0.018,340000000,40000000000,0.0784
pool1dl4695wfl79k7gtzt87gsf8gsqeq97yzuvaq0d4zxhz6c0nlf4g,,,,58916404100409,,200000000,,56,20,445,58916404100409,20,56,23953395354,2429604361,0.08,340000000,200000000,0.8114
pool1dlzpcfmnn727lfsav0x8jmdwjz70sy429xfxjwnzk7r9wm6stws,,,,2745858844,,20000000,,0,4,445,2745858844,4,0,0,0,0.1,340000000,20000000,0.0
pool1dmnyhw9uthknzcq4q6pwdc4vtfxz5zzrvd9eg432u60lzl959tw,,,,5172772569188,,,,6,126,445,5172772569188,126,6,,2835003500,1,340000000,,0.0712
pool1dmqzwuql5mylffvn7ln3pr9j7kh4gdsssrmma5wgx56f6rtyf42,,BNTY1,,10218827487114,,1000000000000,,6,500,445,10218827487114,500,6,2159015398,364889100,0.01,340000000,1000000000000,0.1407
pool1dmuaa0wmqrwwx467p48fu83y5w7wdkxf8xlgymmfc73kjy3vxg7,,,,2486679,,0,,0,2,445,2486679,2,0,0,0,0,340000000,0,0.0
pool1dmugaarr3nq0679fa02kqunlfmcyxdxfy3quc9x9s69zquty478,,BNP,,17639298,,2000000,,0,1,445,17639298,1,0,0,0,0.06,345000000,2000000,0.0
pool1dnszy9spu7m4u9s8jqh95myuqapujwcju593eqczgl56khllyuc,,WOOK,,199122449579,,100000000000,,0,7,445,199122449579,7,0,0,0,0.03,340000000,100000000000,0.0027
pool1dntg2qvnf6sgr0fkjpqjfq5gckkmydqmjhctszgqx6fsv0gcufs,,,,429241760416,,,,2,2,445,429241760416,2,2,576242162,340000000,0,340000000,,0.0059
pool1dny787kkt067gfl0rts25rlq32v8npc2fmxvg70nkgt66vhp8e0,,,,5729819308,,8000000000,,0,4,445,5729819308,4,0,0,0,0,340000000,8000000000,0.0001
pool1dpu6kslgxlg3ccrwxldl8e6r7ylnq0yalafmucp0yc7k6qegtt0,,FARM,,8045044267733,,31250000000,,3,389,445,8045044267733,389,3,1063153032,350237665,0.0095,340000000,31250000000,0.1108
pool1dq2tg9rn6txuxtcjggwnj38mwq98cvewm3yg8zkdw7qu5nzg7ge,,,,33923745421,,,,1,7,445,33923745421,7,1,124091185,344637586,0.035,340000000,,0.0005
pool1dqhaw0h2f4ehpdhh57quszcj22qhkglhg6yvaf39w3clxdl2kpy,,CHEF,,5021796682341,,5000000000,,3,619,445,5021796682341,619,3,1053533310,350775357,0.01,340000000,5000000000,0.0692
pool1dqlgn7smehsnj5ztz8almy2036lfhrdjv79nmg9tmje0zzt620h,,POA,,2337765493580,,10000000000,,1,417,445,2337765493580,417,1,131791263,340000000,0,340000000,10000000000,0.0322
pool1dqzprrl8305mlysnh85znqpe22lg0q2d9zest7jjhugajuf46kv,,,,750368045609,,,,0,20,445,750368045609,20,0,0,0,0.05,340000000,,0.0103
pool1drkls8s0zzjydyv3qpjsdj58w3sw02w9wg0pckrsnuazyef2hca,,,,3910825237613,,,,3,328,445,3910825237613,328,3,528352200,878779992,0.5,340000000,,0.053899999999999997
pool1druxd2syfrvqvepxh60fz0qhralcesruphh5atujuh0jktjy0ma,,,,9292583327600,,10000000000,,5,1129,445,9292583327600,1129,5,1878620402,380330567,0.0199,340000000,10000000000,0.128
pool1drv9qkh2tgqqucc0jp8cwswpmmkfzdd898ja7ac0uwm9j5d44tq,,NIMUE,,2151693144511,,250000123456,,0,100,445,2151693144511,100,0,0,0,1e-08,340000000,250000123456,0.0296
pool1ds7rtjqxauff54ny4avs7qxmvchepuv6u79kgg0sf84mjlhxznp,,,,2301573227783,,,,2,192,445,2301573227783,192,2,593451838,340000000,0,340000000,,0.0317
pool1dseqc4gvvfs7u6f072ha4rqxgwx4kyvglegfxqu7ydemsngeppg,,,,7606254,,,,0,1,445,7606254,1,0,0,0,1,340000000,,0.0
pool1dsqxx4ehzudlaygj5p75eptkdz3kzwcck9qrft4aq02a5vf8agf,,,,127244136823,,120000000000,,0,2,445,127244136823,2,0,0,0,0.02,340000000,120000000000,0.0018
pool1dsvkdd2t3wnn3mrm27q0572zl2z36lkw3cl2cf4z0c24vad28v2,,,,373760410,,0,,0,1,445,373760410,1,0,0,0,0.075,340000000,0,0.0
pool1dswpls43u0s6cpt0dh2d6npm0rnxh5qcjm9xax9y6fp3uq880xm,,RELAY,,302142260301,,10000000000,,1,19,445,302142260301,19,1,58287013,340000000,0,340000000,10000000000,0.0042
pool1dtpmhyl59nxcptphk6a8l43vg540r6jnssrvwf4gcl7dc6uxzyy,,IAMX1,,57176668602,,20000000000,,0,28,445,57176668602,28,0,0,0,0.99,340000000,20000000000,0.0008
pool1dts0h87pntgmsffp6mjtnahfht2dz5zjjeeujhzmtn6wgctcuzd,,DSIO,,15432150526074,,235000000000,,7,30,445,15432150526074,30,7,2888576918,366705623,0.009,340000000,235000000000,0.2125
pool1du3r4a7xq60hg2x0wcz7lw5ya3qs74rk258c8kanp93rsqdqu45,,,,6641206182782,,100000000000,,6,1402,445,6641206182782,1402,6,2428051653,340000000,0,340000000,100000000000,0.0915
pool1duc76uxej6d97gjgdwxqy8lan2k9dxa5x5dqgrjwncfyj5p24ar,,STACA,,122487057211,,1740000000,,0,54,445,122487057211,54,0,0,0,0,340000000,1740000000,0.0017000000000000001
pool1dv7s5fn4m9dee8ncvx5hktfmsnx6agydhn798rfdqjazuwr84gc,,BOBA,,2218297715028,,500000000000,,3,141,445,2218297715028,141,3,238828393,340000000,0,340000000,500000000000,0.030600000000000002
pool1dv7t03e8yqmcln04pyf4tygh8wtnftat32tv4jul2zzjsk2vggr,,,,6707645495,,,,0,9,445,6707645495,9,0,0,0,0.02,340000000,,0.0001
pool1dvp46zdtmzwkt6x74g6dzq7cyygp5armhrzh2t5hm8scwtxvsnt,,,,197299065,,100000000,,0,1,445,197299065,1,0,0,0,0.15,345000000,100000000,0.0
pool1dwlkpwakps05gelgwdml2d44al2xfsv8k9jgrkwsevlxxpcelqa,,,,26882454425,,100000000,,0,2,445,26882454425,2,0,0,0,0.05,340000000,100000000,0.0004
pool1dwthjmzrkm5q42yqa3x50jaye6pg57n7t569c44an6hzsg8qake,,,,1467468290534,,,,1,296,445,1467468290534,296,1,,,0.99,340000000,,0.0202
pool1dwvtdk76v5vg99d8h2a28h5f94hy2zwcxnj576g6w90ezapqjyn,,RKT0,,2526014661,,100000000,,0,3,445,2526014661,3,0,0,0,0.15,345000000,100000000,0.0
pool1dww6s8stvm7dl2n8740s3v5rnxmsuqcl8jcnu64g7cds5w29pft,,1PCT3,,2941782879488,,50000000000,,2,92,445,2941782879488,92,2,587908853,346051931,0.01,340000000,50000000000,0.0405
pool1dx5t3yqhzh3v5ch7add7836tg0ey255tjz87spjvws4j2gjp9yg,,,,59460400,,27000000000,,0,5,445,59460400,5,0,0,0,0.03,340000000,27000000000,0.0
pool1dxkf7k3qwnpgpxqfye8y9jvk7lver3fk8dq7c4dpzezyyx8cf5c,,SPACE,,2219651053061,,100000000,,0,272,445,2219651053061,272,0,0,0,0,340000000,100000000,0.030600000000000002
pool1dxwgzj66pual956mnv9delkelg873yvgr2dd8s279m0hxqvr475,,,,30963898691954,,250000000000,,30,2089,445,30963898691954,2089,30,13235611832,478888158,0.01,340000000,250000000000,0.4264
pool1dxyj26fptj4muj6r2xp8h6lsp3s9ycgup6ssc0e62arxw6gc2xz,,POET,,1880571458,,100000000,,0,10,445,1880571458,10,0,0,0,0,340000000,100000000,0.0
pool1dy3dc9kjne74s6fms0w08ulfafjn62zmkxpcdpy76f3dqee4dtt,,,,109446131512,,,,0,34,445,109446131512,34,0,0,0,0,340000000,,0.0015
pool1dy7tz7eyf2qal2jcns4qwm4xqn34gc4rj9dz34kfs6zuju477k7,,,,6595117414690,,10000000000,,6,250,445,6595117414690,250,6,2393536744,364972805,0.01,340000000,10000000000,0.0908
pool1dye0sw6hv4jee7wemgc6dnxhaquuz7sxkktz2tpm2ekcsqyyj9l,,,,1679949496,,1000000000,,0,12,445,1679949496,12,0,0,0,0,340000000,1000000000,0.0
pool1dzdxps32uqhva9q9urx4lm7m0nhlczjjccwy9kv4t2d3krsn4m7,,ETO5,,63783974938211,,0,,68,6,445,63783974938211,6,68,,32130039673,1,340000000,0,0.8784000000000001
pool1dzk2hrh2vtfcc6wk5n69ml6a08jc8d8s3lpg7jsaydcdwrerlq2,,,,1000819149,,1000000000,,0,1,445,1000819149,1,0,0,0,0.02,340000000,1000000000,0.0
pool1dzkrcxlqgamf3dwgyh89nrx2xkwm7cfju9mp54eyqwulku73jxs,,,,391611999772,,0,,0,6,445,391611999772,6,0,0,0,0.075,340000000,0,0.0054
pool1dzq7728vsl8alh46l7vdz7wa5pxt2kx58glwnteymaz7c6jmv4t,,,,1486603484,,8000000000,,0,4,445,1486603484,4,0,0,0,0,340000000,8000000000,0.0
pool1dzz5se25fp696axykcw6wwp3yl4fk44jc62yeflrquvfxlktldq,,,,1722628203825,,10000000000,,3,11,445,1722628203825,11,3,853445338,372362738,0.03,340000000,10000000000,0.023700000000000002
pool1e0jyj79d3ady680wajgcd4vgndqjdlf65777pz5939ehseqaem3,,FRONT,,63907383326,,15000000000,,0,2,445,63907383326,2,0,0,0,0,340000000,15000000000,0.0009
pool1e2tl2w0x4puw0f7c04mznq4qz6kxjkwhvuvusgf2fgu7q4d6ghv,,DEV,,1633036961127,,3000000000,,0,37,445,1633036961127,37,0,0,0,0,340000000,3000000000,0.0225
pool1e3y7u0rtq2zskc7ansvtrd4p3vtv9hglyztzcvsvlk22w9t40v0,,CRPL,,115251131507,,1000000,,0,40,445,115251131507,40,0,0,0,0.01,340000000,1000000,0.0016
pool1e489239duee8dykj7ejx7dmazstwn6y6wfxc0kjaxw5hke5j4nv,,,,25107805750,,10000000000,,0,14,445,25107805750,14,0,0,0,0.039,340000000,10000000000,0.0003
pool1e4tjrl3ve7dcqwa70pexds6f8llk0txx09gm3r4m472ej4p6473,,1PCT8,,7387059576572,,50000000000,,7,278,445,7387059576572,278,7,2916095669,369681819,0.01,340000000,50000000000,0.1017
pool1e4vkh07ttnzxqp06xs8tzprtgrgufxh24hcr76msp7lvzxymhxk,,CERP,,1003947964,,1000000000,,0,1,445,1003947964,1,0,0,0,0,340000000,1000000000,0.0
pool1e556526sqwugxwnmeumt9lhj5jukklg8vv3ynk75xt9vs7adr5y,,CHEAP,,14746931612565,,500000000000,,16,371,445,14746931612565,371,16,6773708551,563676786,0.009,500000000,500000000000,0.20309999999999997
pool1e5efe78z67djz6juekzw2hqpu3tn9eaqmekdnqn2am6j25kmrt8,,,,3502420645,,3500000000,,0,1,445,3502420645,1,0,0,0,0.042,345000000,3500000000,0.0
pool1e603j2p4q346w8knqt2a8c96n8t9l5u4qdrv4kk50qvpgvh8hax,,,,30699309546,,3000000000,,0,11,445,30699309546,11,0,0,0,0,340000000,3000000000,0.0004
pool1e6rjpsl42hsc52zc9s2awhv2df50yzw43xtc7d0vranpc9ej8uj,,,,1259461408407,,,,2,49,445,1259461408407,49,2,604030470,340000000,0,340000000,,0.0173
pool1e6z3jnnvu9zqxlk60hkfjym2vj3mvgysy6h8l2xxyj5j220vlsd,,UAE,,9248208,,5000000000,,0,1,445,9248208,1,0,0,0,0.05,340000000,5000000000,0.0
pool1e7mwu80pmsjqdf8lu7rsfdj5sldashslll0hpj7rhx3w6xpwkq7,,NIZI🌈,,956427710173,,100000000,,1,10,445,956427710173,10,1,128147634,340000000,0,340000000,100000000,0.0132
pool1e8vr85ank99g6fx2r7tjel2mh2jyfppnqy6nmp8vr0arys65n05,,RELY,,865846134703,,75000000000,,3,170,445,865846134703,170,3,958995943,361498989,0.02,340000000,75000000000,0.011899999999999999
pool1e96dkrs5msjuycwz4mf0kq6fytlz0x48mnrur5ggufqkzs2a4kp,,,,32370471065103,,,,25,2,445,32370471065103,2,25,10769096188,1033050881,0.06,345000000,,0.4458
pool1e98xlcgj80c3rdmm27v5hnvrdtut52e65uk0ema7ctfag596vr2,,COSD,,398598815335,,300000000000,,0,108,445,398598815335,108,0,0,0,0.01,340000000,300000000000,0.0055000000000000005
pool1e9tp0emvvg9sc4ds9h4nhwk8qpn6869qwnas2qywu9ep2reaaxe,,LORDB,,733013985795,,20000000000,,1,71,445,733013985795,71,1,83551171,342655708,0.02,340000000,20000000000,0.0101
pool1e9wmzv9r2pkvhwddc3ay42axm9aggheae6u4e52tgx6326krg03,,,,6366335762721,,,,3,2,445,6366335762721,2,3,107653,1417394057,0.9999,340000000,,0.0877
pool1ea34czsr90yc63fmv4gj4tetp7ds7c4jhpj6vqg4yw40wvygdl3,,SMILE,,1412049599740,,10000000000,,0,316,445,1412049599740,316,0,0,0,0.01,340000000,10000000000,0.0194
pool1ea568m9q882n0tx5d4vxff2dmz2n7rq5h62hx5ystq625m4tcfu,,NUFI6,,47341729333420,,1000000000,,34,2698,445,47341729333420,2698,34,15252081533,811724717,0.03,340000000,1000000000,0.652
pool1eaeynp2hs06v4x8q65jfm2xqcd3dc80rv220gmxvwg8m5sd6e7a,,HODLR,,221111433761,,20001000000,,0,24,445,221111433761,24,0,0,0,0,340000000,20001000000,0.003
pool1eal2z34ugj8a0ckykd6xx45dz6jwdgz4cuvutk320cp4w8t2sm4,,,,3111297391,,20000000000,,0,1,445,3111297391,1,0,0,0,0.002,340000000,20000000000,0.0
pool1eapprh7uyz8f90maft8r2k2v3a6jyv58eatgyz3lsfrqggkc8fq,,,,8714066173043,,,,5,14,445,8714066173043,14,5,,2362512672,1,500000000,,0.12
pool1ec5lvdyd9dghpezzeqfzn48yvw34ff6u6m9tlh08kjjaxx4nxmk,,RAID2,,35046963082,,30000000000,,1,3,445,35046963082,3,1,9783769,341325090,0.01,340000000,30000000000,0.0005
pool1ecqt8vmkmu2mteqlkcxl4v6hp0ngzmgpx6k6wp2hp8tguq88u4l,,,,32376848729,,20000000000,,0,2,445,32376848729,2,0,0,0,0.015,340000000,20000000000,0.0004
pool1ecvcst7k9eul4ggnljh0jw2s5nc2tyfmyzsx3xg3kmmz6ptgfwj,,NUFI2,,38215140116573,,1000000000,,39,2639,445,38215140116573,2639,39,17544509022,882627922,0.03,340000000,1000000000,0.5263
pool1ed2usjswfh2hfyvatwuwl959y5g4fkf63uxtadcuez0l2rjn747,,,,1112619894,,1000000000,,0,1,445,1112619894,1,0,0,0,0.02,345000000,1000000000,0.0
pool1edqwpnln3zr9gj9sfsmyl72pen6hdwev07xgqj7uz5mkjrgfj6h,,,,70140486447326,,,,72,5,445,70140486447326,5,72,31996039904,2024002100,0.05,340000000,,0.966
pool1eeflu4eaztffgd33enpsfh4nkta6t5qk662nddqqhjyrgdgmkc5,,,,643628305,,,,0,6,445,643628305,6,0,0,0,0.02,345000000,,0.0
pool1efacpnedlfrhe9sa6s4jzq839s5q4qdrl70em0za57xg6t38d3s,,ADACH,,3331903486934,,150000000000,,4,113,445,3331903486934,113,4,1420894524,402044913,0.04,340000000,150000000000,0.045899999999999996
pool1efj8td645z33mr8h0ww5y5s0lz6jwj7e54cj4mv44s2269r7d4f,,ABBA,,32637619,,1000000000000,,0,3,445,32637619,3,0,0,0,0.02,340000000,1000000000000,0.0
pool1efxh54fk0dj5uu2e4eu08klxl5ys3saphv3kec33kw3xv8738sc,,KRONO,,3517949392023,,5000000000,,2,462,445,3517949392023,462,2,581669794,355129836,0.025,340000000,5000000000,0.0484
pool1efzvmtxl4n9z8ylegk9jhctclu44z7k0qg82mp2kp2ytqa9xgf0,,1PFP,,24086469062,,3000000000,,0,1,445,24086469062,1,0,0,0,0.01,340000000,3000000000,0.0003
pool1egentg2usje0r8ez3khaz7v4v5gzhptnajasaa3pkvj8zqang5d,,,,46637597660,,,,0,36,445,46637597660,36,0,0,0,0,340000000,,0.0006
pool1eggah53ghqwlsm2u4upwnm3s9et8m5yd4p56shaqtm7vql6zm4h,,,,69720767,,0,,0,3,445,69720767,3,0,0,0,0,340000000,0,0.0
pool1egunxfppwtglyu3t864uq76y0zu05s7pjda3e9g95nwlwc5ye2h,,AUSST,,1368670379971,,650000000000,,0,104,445,1368670379971,104,0,0,0,0.005,340000000,650000000000,0.018799999999999997
pool1eh6msmm3v7fs90lapzem3lkpl4sn2dgtz4hfvnfmqqtxya3k8yh,,ARGT,,2637651886,,500000000,,0,3,445,2637651886,3,0,0,0,0.01,340000000,500000000,0.0
pool1ehfmxk64lnl90rmy66zt7nfjlsvzhqkxlzsml348z4ptss529mw,,,,31236944012,,,,0,2,445,31236944012,2,0,0,0,0.02,340000000,,0.0004
pool1ek2m5zuydqcgqv3s5mlh55tr8gp76yuxe4hj4s7xtxajyc94rx3,,,,1221941,,0,,0,1,445,1221941,1,0,0,0,0,340000000,0,0.0
pool1ek4yc2mvmettdmkl7wjfpcjkp60xssq2urr9hc8ffx5ss73wdm0,,,,1822684341,,500000000,,0,3,445,1822684341,3,0,0,0,0.05,345000000,500000000,0.0
pool1ek9pyk0xwjelrw7uqktvjwqj8wlcqqftjxqeq3t2vffw7qm8efs,,,,22108386885622,,,,14,1,445,22108386885622,1,14,,6620437693,1,340000000,,0.3045
pool1ekcsyzwexl7p2kwxxh34hy28l6772vrmff7jwmuxsa6u6fzty9z,,ADALO,,72763148001104,,200000000000,,70,4443,445,72763148001104,4443,70,32300279155,340000000,0,340000000,200000000000,1.0021
pool1ekhy5xsgjaq38em75vevk8df0k0rljju77tljw288ys5kumqce5,,,,20776316251296,,1000000000,,19,2326,445,20776316251296,2326,19,8629454354,340000000,0,340000000,1000000000,0.2861
pool1ekyuhd48h9nnymqpx0c00taz6ygnsge4502r7e67clp7zy9cegv,,,,133104635186,,,,0,53,445,133104635186,53,0,0,0,0.0314,340000000,,0.0018
pool1el5wl4twd389vnclz84wp4q5rh4cgvljnyk5uny6nta5qqf62ce,,,,68395987688,,,,0,6,445,68395987688,6,0,0,0,0.03,341000000,,0.0009
pool1el6ze57482qzf830l6h2y9uj0l9fr5g7xzur89d4d806y896vgf,,,,75106766999,,280000000000,,0,19,445,75106766999,19,0,0,0,0.05,340000000,280000000000,0.001
pool1el9z347208wda3t5cqz65dmwal7r0e0eeq7xfzl6whdwvy80twn,,,,1006277905,,,,0,2,445,1006277905,2,0,0,0,0.05,340000000,,0.0
pool1ell3xjtspzzz4vtsatscan6rheltf7j3hh2s8qsam2h3jvcxzm9,,OCEA4,,41893037962099,,25000000000,,40,596,445,41893037962099,596,40,18249711266,507250319,0.009,340000000,25000000000,0.5770000000000001
pool1em9u4sf0lzkz4ammtcmakymunpf0l7445ayh3e7fpvryw640fc6,,NLAP,,2404725534,,2000000000,,0,2,445,2404725534,2,0,0,0,0.00575,340000000,2000000000,0.0
pool1en2f7un7v3rjyhqkeg87d27nvsk5arnnva5tzx38t0lpv7hercz,,,,49050952761,,11000000000,,0,21,445,49050952761,21,0,0,0,0.03,340000000,11000000000,0.0007000000000000001
pool1enul577he3e0s500lv8z98m6k936uecz2rpckxxmmk8c7k0n2rd,,PXLZ,,53678700827704,,100000000000,,58,431,445,53678700827704,431,58,26714323330,610876191,0.01,340000000,100000000000,0.7393000000000001
pool1epqdygzumryx7w9kk5l76gfjsvzuesmeh3u3tfjmmdsw65ja7k3,,,,702440573682,,,,0,643,445,702440573682,643,0,0,0,0.01,340000000,,0.0097
pool1eq96x3rdmq0dxdyx0wwwy064p2jzrlg6dp37r5uwhehnja29fxq,,,,102624998,,,,0,1,445,102624998,1,0,0,0,0.1,340000000,,0.0
pool1eqa7kxx4xg35cu4rqj4exkvzhenscgh8wxez0gl7hsagygp79kr,,PILOT,,72546796741817,,1050000000000,,59,7614,445,72546796741817,7614,59,27256875392,340000000,0,340000000,1050000000000,0.9991
pool1eqc4jwuez8yyerwlyjwenh99dlvmn6t6n3qjym70ulf5u8xr6lq,,VOLVO,,5577986,,100000000,,0,1,445,5577986,1,0,0,0,0,340000000,100000000,0.0
pool1eqj3dzpkcklc2r0v8pt8adrhrshq8m4zsev072ga7a52uj5wv5c,,OTG,,33693561916623,,69,,28,525,445,33693561916623,525,28,12597123711,469170861,0.01,340000000,69,0.46399999999999997
pool1erd30yrzqx4nvevnqu3cxmgv5nh6reau5ycxdulde7vq68zcrlz,,,,9245545780,,100000000000,,0,2,445,9245545780,2,0,0,0,0.042,340000000,100000000000,0.0001
pool1es67mveksd22l9alfh5cht6w2krc7lcrq3zvxcpaj5hwxgmhg3m,,ANEJO,,1231122464145,,25000000000,,0,35,445,1231122464145,35,0,0,0,0.01,340000000,25000000000,0.017
pool1es7867e973f59y07uwn04sylwd7myrv49q76e3jqp4a5ktvzpeg,,A1STK,,2105657763,,1000000000,,0,3,445,2105657763,3,0,0,0,0.02,340000000,1000000000,0.0
pool1esd3cqme3zzvvdnsx3p6ywudn6p86mqyz7fpvqpegxv2qzmtes0,,SRN,,552422042684,,25000000000,,0,21,445,552422042684,21,0,0,0,0.01,340000000,25000000000,0.0076
pool1et8qw5ejgl5qqq8v4gdfset78gjcphh88cc2xajykggau8vps0j,,ALAM0,,209766168459,,5000000,,0,159,445,209766168459,159,0,0,0,0.025,340000000,5000000,0.0029
pool1etfar35l4tf6vam3gvqf5dnaq7levz32vgw4p00jzk7q7twg2te,,POP2,,30571358728600,,50000000000,,17,190,445,30571358728600,190,17,7293564381,724708347,0.05,340000000,50000000000,0.42100000000000004
pool1etfxpqw7456eh337p7x5jsvxxa67fsduvnmucevrqweckex3nhl,,,,4280951876753,,,,3,2,445,4280951876753,2,3,1071279321,345387512,0.005,340000000,,0.059000000000000004
pool1etgtwnwu4lmtw0dwdtmjvp9fh7wx2fk4e6jt725ysp5f7sjd5vy,,,,413436405205,,5000000000,,0,1,445,413436405205,1,0,0,0,0.01,340000000,5000000000,0.005699999999999999
pool1etu9qtmx2dhf2yu0hu3uzj4au8gnpyx54m6jhy5876pwsulrcmc,,BNP,,6000000,,2000000,,0,1,445,6000000,1,0,0,0,0.06,345000000,2000000,0.0
pool1eu4s4jmjam94dgzm56mejgk5k3l7m7unk95296c7t73xqgp6kfr,,BNP,,6005560,,2000000,,0,2,445,6005560,2,0,0,0,0.06,345000000,2000000,0.0
pool1eu8knr403p82ythegskwmf8w6v8l2w858d8jz7qvvqzj7ryech4,,,,29469182372,,100000000,,0,8,445,29469182372,8,0,0,0,0,345000000,100000000,0.0004
pool1euzg0c7npjm9dld4f7n5kj7as6n5d8ts8q6qt4rer50p5p9nr6g,,Saar,,212221584,,500000000,,0,2,445,212221584,2,0,0,0,0.025,345000000,500000000,0.0
pool1ev8fwfccn8gr0zcz3uyps0t0mcrefc6s95wjc6aed3ngc86y5rk,,ZEIT,,2469006602236,,31000000000,,3,281,445,2469006602236,281,3,1038131588,349699128,0.009,340000000,31000000000,0.034
pool1evg78egp8gfqae273kvmmdee2dnt6vty60dpwdespg4hujznh3a,,SQUID,,32294669189893,,50000000000,,33,894,445,32294669189893,894,33,15087572958,454426831,0.0075,340000000,50000000000,0.4448
pool1evun4ps8xa0dfpj2r0cw9p94t2pctcvusccsm458enajuw2mftw,,,,1296266172,,500000000,,0,3,445,1296266172,3,0,0,0,0.1,400000000,500000000,0.0
pool1ew5543rzgp7vs5qvmc0c42zucz9v6d3vct2zsa74erjfjen2p2d,,UMKR,,4618002,,3000000,,0,1,445,4618002,1,0,0,0,0.03,340000000,3000000,0.0
pool1ewd9g9zcz6tvlytk0plfj3e8jq645l0xr4n62epa49dgv9h43an,,BNP,,18157292836,,2000000,,0,4,445,18157292836,4,0,0,0,0.06,340000000,2000000,0.0003
pool1ewgnsmk42ljf00wytawfcl3dcash9f852u5fr92e37wqxutyksl,,,,34388801717779,,,,27,4,445,34388801717779,4,27,11656603613,1089750951,0.06,345000000,,0.4736
pool1ewrm7y47s9hv6hxku9n5gfnsuspymp0qqpwgvgm9rvm37cek2h6,,A4G,,51065766242675,,25000000000,,52,2801,445,51065766242675,2801,52,23458885228,1067072406,0.03,340000000,25000000000,0.7033
pool1ews5ryrhl5az8egrvun68x2wdhgvthxjtx7m380ksc6rzxkqz2f,,,,142807386929,,10000000000,,0,188,445,142807386929,188,0,0,0,0.03,340000000,10000000000,0.002
pool1eww2f6gu0g65v5l6xvqhuqq32qg3jeyadzz3jxlfn0e3739337k,,,,103072351,,4000000000,,0,1,445,103072351,1,0,0,0,0.15,340000000,4000000000,0.0
pool1ex3e0w92rktrqvyen48dl58cp8efp7vfn3ealgdd8fkhqqychgd,,,,143982768305,,10000000,,0,53,445,143982768305,53,0,0,0,0,340000000,10000000,0.002
pool1ex7p88tnq3d6d3dsqtlc3632tp2t8eurc352mwf9phu3w8n3vz7,,LOOPS,,1383577696305,,50000000000,,0,322,445,1383577696305,322,0,0,0,0.02,340000000,50000000000,0.0191
pool1ey0gxeyesszrsshc6zjlzamr7z0f2d29e3ut0ppg4j4gxduyn5r,,KYBBN,,662046963094,,1140000000000,,0,146,445,662046963094,146,0,0,0,0.01,340000000,1140000000000,0.0091
pool1ey97shazvk483tzqsvda6hvh8z0kld4g5ssxanrgetddgcf2mns,,INV,,3140508518,,2000000,,0,2,445,3140508518,2,0,0,0,0.01,340000000,2000000,0.0
pool1eyccsl45l8f7sdplfs770460l2uqe9xfne4l64xvwewd22fcl9a,,NRDCO,,306763214,,300000000,,0,1,445,306763214,1,0,0,0,0.03,340000000,300000000,0.0
pool1ezh8sewqgzy7267yvy0jssz8q7amce37x3dhmfl22j8lwz6wjrd,,DAN2,,2036648467090,,100000000000,,2,484,445,2036648467090,484,2,562761683,352102592,0.02,340000000,100000000000,0.027999999999999997
pool1ezs39nendjwjxwdq0wx79k0v2dfc2tv2ewgjsppd96g57ke5x3l,,LAZ,,13189835679,,10000000000,,0,2,445,13189835679,2,0,0,0,0.04,400000000,10000000000,0.0002
pool1ezs46e9nftk46w723zg4e66n2vaytms5slrmywvd7fx5y65zkru,,,,26896962715001,,100000000,,23,112,445,26896962715001,112,23,,10867517907,1,340000000,100000000,0.3704
pool1f297l6rl99h5v56x48j4pgza70ya3lm37yzu0njpcnsljqdd4dl,,,,632633982873,,,,1,45,445,632633982873,45,1,118447904,343977715,0.03,340000000,,0.0087
pool1f2pf8da5vxq8mams3gdqhs2m2yk8wngdesu0cjxkpd9jk7a5v0m,,BGOOD,,44023926092,,100000000,,0,4,445,44023926092,4,0,0,0,0,345000000,100000000,0.0006
pool1f2pqecfn9x8kzgjeecyjk7cnqj0nyu84uaj2ptr0xdjr5w9qepc,,,,24923870,,25000000,,0,1,445,24923870,1,0,0,0,0,350000000,25000000,0.0
pool1f2uwt68neknpyk8pw2rh68gmpc6czndekl5ym22n5zf4vy8ecct,,,,738215807,,300000000,,0,2,445,738215807,2,0,0,0,0,345000000,300000000,0.0
pool1f3ptnevzpgwjx32az75u7nth59gkqxe5h5qld86a8vm0j5jrms3,,,,2085425390,,1100000000,,0,8,445,2085425390,8,0,0,0,0,340000000,1100000000,0.0
pool1f3qeehc4htjqpwv248kf5lfaumd0e84jtze379ev3ywa2w69aam,,AFCH2,,1304781927175,,1000000,,0,357,445,1304781927175,357,0,0,0,0,340000000,1000000,0.018000000000000002
pool1f4n4mdsv5ydxuc3y4tzgumqvfa8xxlyr8jl70qquama0ug2pmhf,,,,32430286584677,,,,30,2,445,32430286584677,2,30,12987120518,1174801057,0.06,345000000,,0.44659999999999994
pool1f4pxpxcee0mhwd2knwqkwquaj35enlstssc6crsmt2tvv0pwymt,,,,147624426,,,,0,1,445,147624426,1,0,0,0,0.05,340000000,,0.0
pool1f4rs6v0cpsqa09ueddp6hhl8xwdwtdqglvcuce26srxdwmzxl6v,,,,2195019441419,,200000000000,,1,264,445,2195019441419,264,1,118300815,342657125,0.02,340000000,200000000000,0.0302
pool1f5ml07llzd2ndk5mrdl0gvtkkaq72v2hxusla795ksnms4tae66,,ADABP,,9471895,,8000000000,,0,3,445,9471895,3,0,0,0,0.03,340000000,8000000000,0.0
pool1f5s5lqe7e3x7wxscsawaj0ddjz42y4ckcfqcxrd3nxg7wwvsysn,,,,5922701064,,100000000,,0,2,445,5922701064,2,0,0,0,0.15,345000000,100000000,0.0001
pool1f5zye57nw6nsrczkkzkpd8avayar7j48zjw5pu2e5k38ssm2yhd,,TRUCK,,1656955510,,40000000000,,0,10,445,1656955510,10,0,0,0,0.01,340000000,40000000000,0.0
pool1f6lnuxzw90mmd399nxqjvzyyxgmf4h3cp7j6pp5s7xmps86arct,,DYNO,,231780804517,,25000000000,,0,36,445,231780804517,36,0,0,0,0,340000000,25000000000,0.0032
pool1f6ltd3rd3e69klr32r0xw7h59lc76lhc9l705d380lj76d926du,,MTSK,,2924031090,,1200000000,,0,1,445,2924031090,1,0,0,0,0.01,340000000,1200000000,0.0
pool1f6zwfx8a8pnfusuv7fj8h8uusln49sl45hdpzfz7965ag00wycf,,URSA,,2730832455,,1030000000,,0,4,445,2730832455,4,0,0,0,0.019,340000000,1030000000,0.0
pool1f89cpnym44rfv52jj88f3g20axraw4g9g7aglnqsgjl220lpdd8,,,,32392336031835,,,,27,4,445,32392336031835,4,27,11656215735,1089750951,0.06,345000000,,0.4461
pool1f8erepj5w5nth5xfxgxnwpz59jzywt6zdwfr50jzjwfwksmg9ek,,NUFIE,,34182325779552,,1000000000,,36,6,445,34182325779552,6,36,16169511428,840102737,0.03,340000000,1000000000,0.4708
pool1f9934hk9awd25mmxl0dd2haqvda9nlquwnh5pv64hs42znl07zj,,,,136923534292,,200000000,,0,3,445,136923534292,3,0,0,0,0.08,340000000,200000000,0.0019
pool1f9hmg8geal90dfsz3jph2uddj080w5s4ugykl0pktud26dd82s4,,ALUIF,,37613891673,,200000000,,0,5,445,37613891673,5,0,0,0,0,340000000,200000000,0.0005
pool1f9jpccuyf2enxlacrqvwzt3cmx6rgft7f4gpkgqn2v74c6jatyf,,,,487849465,,300000000,,0,3,445,487849465,3,0,0,0,0.02,340000000,300000000,0.0
pool1fa0ydxjq23eq3nucw6ek46dj8p6vxq4t32ex822jhwhx5fyvzze,,ZAZEN,,910342644,,18000000000,,0,4,445,910342644,4,0,0,0,0.01,340000000,18000000000,0.0
pool1fagx52jnyh3dz0d722c2fedjvstc3mmwt4a2mlkgvszvqgkvt2g,,STCRP,,93647290,,5000000000,,0,1,445,93647290,1,0,0,0,0.01,340000000,5000000000,0.0
pool1fc3m8hdjj76n6llxextpc60tt63w5ygwgvf2ekzr3k222kxxdkg,,BUNNY,,5000000,,4000000,,0,1,445,5000000,1,0,0,0,0.03,340000000,4000000,0.0
pool1fcp4d2pxh0e7q5ju63sjqcdpxpr3pvxg6ykl23t6c97d7dnvjvw,,,,71976027242075,,,,78,5,445,71976027242075,5,78,35414357925,1435451822,0.03,340000000,,0.9913
pool1fd0q9h8974y6psejmzczlywy8fgxxy07rn2ynrwu734aqwq540p,,,,7633961462754,,0,,9,20,445,7633961462754,20,9,3516754714,735750524,0.1,345000000,0,0.1051
pool1fd6geyevpsg26s7q58fvuv2eh559n5p9vv3ctxjs74v6g7lkew4,,ECO,,1002621654,,1000000000,,0,1,445,1002621654,1,0,0,0,0.04,345000000,1000000000,0.0
pool1fd8qnudvhz2hanlccdsfrwdxmmwwfryalrmy6a6y62cgqfx3ujz,,MOST,,328300694081,,125000000000,,0,10,445,328300694081,10,0,0,0,0.025,340000000,125000000000,0.0045000000000000005
pool1fe49nfwktu8rhn3ysqz4he594nh8a9gkgg8hy3mtwrq4558rptz,,,,546890394,,,,0,1,445,546890394,1,0,0,0,1,340000000,,0.0
pool1ferfwtmcjm9rxc00ugtdwrm9m042jf4xjvse6a8u5smxqt0pwnx,,,,3291549395565,,,,4,122,445,3291549395565,122,4,1007820342,371110878,0.02,340000000,,0.0453
pool1ff2hr0sukqqd75jr2rh3wrmnesxqgpq42dgd6rm3ungnqp904ue,,BD3,,52364790804969,,200000000,,44,11,445,52364790804969,11,44,18806981130,1976003427,0.08,340000000,200000000,0.7212000000000001
pool1ff8xnapzllnlwh3zevzktqmjx5dhq2uxxz4e4xnu878xqgmfghx,,PRO,,192442780859,,14000000000,,0,27,445,192442780859,27,0,0,0,0.01,340000000,14000000000,0.0027
pool1ff9rrcn2qdvv754al6d8qx8f3mecyeez3hp2nunm9uj2k7tj4pf,,,,8755036,,2200000000,,0,1,445,8755036,1,0,0,0,0,340000000,2200000000,0.0
pool1ffhg5vdmjzv9pc2syjwxkrj85qg7xsnxsmmsrnag5r7wsggv4ac,,,,5095275932,,200000000000,,0,6,445,5095275932,6,0,0,0,0,340000000,200000000000,0.0001
pool1ffrre548h22n68ln29xph3qezrag3z8ad0kg8yzu6epds3qr58k,,OCEA6,,1776396723650,,2000000000,,0,114,445,1776396723650,114,0,0,0,0,340000000,2000000000,0.0245
pool1fftlhn68f3lejs2u39pcd5q33zgwnlumrp20dr6cqqkxwyuft2r,,ARKA,,10871254021,,1000000000,,0,15,445,10871254021,15,0,0,0,0.25,340000000,1000000000,0.0001
pool1ffuv59d0rdp0jsgxa9x5r8pvmaexvuufeu43kpxl3u2qut3ljq4,,,,51957537785,,50000000000,,0,7,445,51957537785,7,0,0,0,0.2,340000000,50000000000,0.0007000000000000001
pool1fg42yz0qpu5jd0gd3g5xty4mm6jdxkje8szag8h798nyyxw6zd3,,CCJ3,,27649064305124,,100000000000,,30,151,445,27649064305124,151,30,13128407839,1004361208,0.048,340000000,100000000000,0.38079999999999997
pool1fgj2ua0rz4dkq0hmmkv7syuccda96slh40wex2w7vsnxujuvjtv,,CUJO,,12037639443,,10000000000,,0,14,445,12037639443,14,0,0,0,0.03,340000000,10000000000,0.0002
pool1fh4sh2telea0tfdy39h0drx6uq566yt9gf24edpz7335sclx39z,,CANUK,,10557143666746,,25000000000,,11,1053,445,10557143666746,1053,11,4520275251,437369072,0.02,340000000,25000000000,0.1454
pool1fhv5ptycez7r7lpmx9qjt3s83flpegzx0anynun45rlhuzn7kwk,,TOFU,,1367478835,,100000000000,,0,2,445,1367478835,2,0,0,0,0.03,340000000,100000000000,0.0
pool1fjdsl4zajjt5rv8panvnp89g6pnvt2t3e6za8hcf8yw2zncnl07,,BYOB,,51339332,,550000000,,0,1,445,51339332,1,0,0,0,0.02,340000000,550000000,0.0
pool1fjxud865hvsg3us4t5ndv6jhjcssj5rg2eq783664wpn720deqr,,,,148796601,,10000000000,,0,1,445,148796601,1,0,0,0,0.019,340000000,10000000000,0.0
pool1fk7lk6x7j6jkxuvl0het8nmunra4g7370mw29f286dv9ylegutq,,WISH,,164472208389,,100000000,,0,43,445,164472208389,43,0,0,0,0.019,340000000,100000000,0.0023
pool1fkfn8l8t09mplwpxkg3et39llpr5p7l63ter94hkj38tw6fnh3g,,FAM,,31645221031,,0,,0,8,445,31645221031,8,0,0,0,0,340000000,0,0.0004
pool1fkg3cr9en57ccsmnde20eevkaeu3elp0h4yyqk3udkkxzhl70ju,,ADMON,,1194887247632,,1000000000,,1,5,445,1194887247632,5,1,128830191,341325389,0.01,340000000,1000000000,0.0165
pool1fl0gdfcmzg4jf3hw839epdteuazm23nff44vddap00r0sm5gvvk,,OMNI,,125812960217,,40000000000,,0,19,445,125812960217,19,0,0,0,0,340000000,40000000000,0.0017000000000000001
pool1fl20ddkpvnstlx63fal6e3ku46r76nk2s4mqtk5jnyxn2vt7hg6,,,,70024545337374,,,,58,3,445,70024545337374,3,58,25711782145,1693251692,0.05,340000000,,0.9643999999999999
pool1flkcdxj7cq6sfgl4fujx50p20ylqgj02kgwvfj4g5w24s6th8vz,,,,10403262287645,,,,10,4,445,10403262287645,4,10,3946098979,778500681,0.1,340000000,,0.1433
pool1fm57fshvdlrgs5pnpk78tnxha0me28equyy96vj0xm85gy5chv0,,BANDA,,29165284103442,,500000000000,,17,2503,445,29165284103442,2503,17,7508943900,409088170,0.009,340000000,500000000000,0.4017
pool1fmcv9p7vv754rwc0p6ud2mgm76vnn0gq0gngrk7rq400vsvhsvs,,JAZZ4,,31325132652055,,50000000000,,30,102,445,31325132652055,102,30,13122190753,1031897095,0.05,340000000,50000000000,0.4314
pool1fmf707pca09wmv6dc7ap4kxf0j648374ruu6ahazhpywcngt780,,,,61928784365,,,,0,3,445,61928784365,3,0,0,0,0,340000000,,0.0009
pool1fmgus36uc0jf0wlspfvzwfn04mz34kwrensmqgfzkv7t58dejw4,,GRAB,,4798638097639,,200000000000,,3,105,445,4798638097639,105,3,1012199059,350786270,0.01,340000000,200000000000,0.0661
pool1fmrd4ds793ja4c5muy7hwj6q7kssuhtx22em4udmvx6957z9m0u,,TLP,,3564715654,,800000000,,0,2,445,3564715654,2,0,0,0,0,340000000,800000000,0.0
pool1fmykj5jqxtpxu0285209ar37taw52p68q87nmg6vpckhwrtje5w,,,,650309511,,100000000000,,0,11,445,650309511,11,0,0,0,0.02,340000000,100000000000,0.0
pool1fn8mfqp4jt6097ygqrze5rjzg3y5s8fktxszqgs9mg22jvr42dx,,DARK,,172981819622,,25010000000,,0,141,445,172981819622,141,0,0,0,0.02,340000000,25010000000,0.0024
pool1fnvj5za9k5ev88l8tw0nh3n4tn582gvf3d6vmuv7nh4ustqecn5,,,,1803750610,,100000000,,0,4,445,1803750610,4,0,0,0,0,340000000,100000000,0.0
pool1fp9z85qx2k6jgnn4f4taxlgn0xw0w9k3t47q32t83ymexz5ymwd,,THK,,101575358376,,50000000000,,0,4,445,101575358376,4,0,0,0,0.01,340000000,50000000000,0.0014000000000000002
pool1fpkjz7j77m5ukhjx5xvspfttrs0578kyxa9hgn0458hk55wp784,,,,4585779,,0,,0,2,445,4585779,2,0,0,0,0.075,340000000,0,0.0
pool1fpsp2ayycsvpj2k43jnctdp306murzt7nzrlg0fuyyr9y8vx3pp,,,,31761336266,,,,0,3,445,31761336266,3,0,0,0,0.015,340000000,,0.0004
pool1fpu5xurq3jx5rn626ejcx0dzzzk5lmtvdl2qkj9l4kw2sjp50dz,,MS6,,44614260946135,,100000000000,,31,199,445,44614260946135,199,31,13922690689,697839052,0.025,340000000,100000000000,0.6144
pool1fpvs8h5q5kwpz4k2yd0vw90dgdxacr3ef508tzzewm0kysdt4eq,,,,9618530,,,,0,1,445,9618530,1,0,0,0,1,340000000,,0.0
pool1fqas6yd8n3fdpz8e869qjvyensdmzletqjexcut8mxasu2sk72r,,,,70028095954424,,,,67,3,445,70028095954424,3,67,29751662134,1905876954,0.05,340000000,,0.9643999999999999
pool1fqwnqk3phwa2s5thgym8dw34pv0z67m526uqprnjh93cvzxymef,,NUFI9,,35486486958493,,1000000000,,30,4140,445,35486486958493,4140,30,13409064170,754734880,0.03,340000000,1000000000,0.48869999999999997
pool1fr3ws5vwm7l5y2ywau2jrlaan0xmfqv68h5g3g3sum2ywthurt2,,,,50042699637,,,,0,2,445,50042699637,2,0,0,0,0.9999,420000000,,0.0007000000000000001
pool1fr8ug253hlv0pt4sxu3w20r03pnpkh2wpedegp55t8nsx28rkma,,,,1232647576369,,,,4,62,445,1232647576369,62,4,1536800947,340000000,0,340000000,,0.017
pool1frxut5ury0r2clgpvr0dewlsvc233ft7g6v7vx8msepy5068evn,,,,698292896,,500000000,,0,1,445,698292896,1,0,0,0,0.01,350000000,500000000,0.0
pool1frz0ds4nhg4t0e30jadc5kwx35kzj2vfp9eak9ehh2727m4dqnv,,,,2565800626923,,100000000,,2,1002,445,2565800626923,1002,2,584726612,360000026,0.025,345000000,100000000,0.0353
pool1fs2m5rmlx66crcwwrrsf2pcxjhvk7kzdurcqusd3v5gm65cufnj,,BIRD,,4296945204725,,125000000000,,4,391,445,4296945204725,391,4,1525499878,340000000,0,340000000,125000000000,0.0592
pool1fsck5keruz5n4qyes46s9rvrnxcrn8hukemgxazzlxpp6g66fzh,,,,144257381021,,0,,0,4,445,144257381021,4,0,0,0,0.06,345000000,0,0.002
pool1ft4xjlz9uw0r0ewcgtkgeakqrfc5azxmxwsm5pt94dv67mw4rgd,,1LOVE,,61467398084520,,712000000000,,63,1368,445,61467398084520,1368,63,28854964770,635140691,0.01,340000000,712000000000,0.8465
pool1ft4z335t0eclqwlxdktam5wphf47swfpzgxe4fslnjz5y70hq2p,,MDRS,,7831333431,,1100000000,,0,3,445,7831333431,3,0,0,0,0,345000000,1100000000,0.0001
pool1ft6jvmft8tg3lwzg6wfsprlex3ncuq5cnckwycavqk5q63jhrhv,,FRCA🍁,,663446458407,,25000000000,,2,76,445,663446458407,76,2,581626005,340000000,0,340000000,25000000000,0.0091
pool1ftfgs9lp0l4l07glvemrzu86pqvxrvzsn85lc3hathlq5ddsw49,,RAID6,,36470215938,,30000000000,,0,5,445,36470215938,5,0,0,0,0.01,340000000,30000000000,0.0005
pool1fts0a4clzu7wyhdqw48cpg2kwvstzeqddtwj34pxfw9jgvznu0q,,,,6399036,,0,,0,2,445,6399036,2,0,0,0,0.075,340000000,0,0.0
pool1fu567g42mlv9f7enek7zeh94c0aht98w44du7s29t0elzd9yazz,,,,1077180386577,,1000000000,,0,87,445,1077180386577,87,0,0,0,0.01,340000000,1000000000,0.0148
pool1fu64mttm7d8ljndu4hz68df5fkpsuuz3uj233wz3qpj0vfk9k4d,,,,546890394,,,,0,1,445,546890394,1,0,0,0,1,340000000,,0.0
pool1fu69ry8k9qxfque9hng3lxcq7g30pykg38mtahah8x4mzpgls3k,,,,2704203340404,,250000000,,2,337,445,2704203340404,337,2,585964523,352096888,0.02,340000000,250000000,0.037200000000000004
pool1fu6cvwqamrfxkzc0pjsmd7mqazfqh558sckequqj3ckvgyyg5ta,,,,300093772,,,,0,1,445,300093772,1,0,0,0,0.02,345000000,,0.0
pool1fu6ppur5uumrpydpeswzrvfg4epr68xw39aar9rcu56tk5ukat3,,,,405589559690,,1000000000,,1,49,445,405589559690,49,1,115706337,343962280,0.0299,340000000,1000000000,0.005600000000000001
pool1futpazj04ukh0754m6wexrr9gdezmrl6e0pksyhpc9gjql44l0y,,SMBU1,,2013145259,,50000000,,0,3,445,2013145259,3,0,0,0,0,345000000,50000000,0.0
pool1fuzqy5r9x98826zv6wp40tr27uplemmstkd57cuw8jh5v5m90vn,,247,,23633933806370,,5000000000,,14,566,445,23633933806370,566,14,5782493382,371494031,0.005,340000000,5000000000,0.32549999999999996
pool1fv9f8phzn7hp623ypw6ctf73a98hd7nrh8wm7glpcuhf64856g2,,,,1836361260417,,25000000000,,3,126,445,1836361260417,126,3,1062547372,340000000,0,340000000,25000000000,0.0253
pool1fveclhv3w9q3nl02j0rwpu8rwgsk4vrxwk27mpdsa8stx27n93q,,,,40786750306528,,,,12,2,445,40786750306528,2,12,5143444517,526550245,0.035,340000000,,0.5617
pool1fvgmxt3688a5zl6amhvaqk9tmvk3lhxkgdsta6yj3czuy5hjwfy,,ETO12,,25906652159330,,0,,23,1,445,25906652159330,1,23,,10867513419,1,340000000,0,0.3568
pool1fvuy9r4ndp432yuh059q4fekh42t4d42qjhgz5qxlr8jctrp5l2,,,,1000000,,1000000000,,0,1,445,1000000,1,0,0,0,0.02,340000000,1000000000,0.0
pool1fwg2x8pwwxverf0wqtk3pnqtywlah9em3ywyvhskafvm5z3e7kr,,,,18269664,,100000000,,0,1,445,18269664,1,0,0,0,0.1,345000000,100000000,0.0
pool1fwh9zp2hw7ppkna86n7m7ycgz66dnkdhhyqqahhv362agxj2u7g,,ISPO2,,44064125743,,100000000,,0,67,445,44064125743,67,0,0,0,0.099,345000000,100000000,0.0006
pool1fwhu9w2z82n5r7hdeu8ayl9tywraursthd78mxxekr6zzdjgpkm,,MARS,,717625714856,,2000000000,,1,14,445,717625714856,14,1,130813531,341325045,0.01,340000000,2000000000,0.009899999999999999
pool1fxlf6mqxeuptm7ztwdpp2zdwm7tsfcy3fweu7euyf6aduuh6u42,,SLICE,,52419779401,,10000000000,,0,19,445,52419779401,19,0,0,0,0.02,340000000,10000000000,0.0007000000000000001
pool1fxmancs3dmc9l0s7u7zrj8334m9nvzam5t5hnuuf4c7cjr6867m,,CONGE,,12754324466679,,100000000000,,12,1344,445,12754324466679,1344,12,5234144484,393323329,0.01,340000000,100000000000,0.1757
pool1fxna0neg0x0zp7c9qkfzh7ygy8vpqj2rmxk4kxpux6smwufveuc,,,,307818486803,,,,0,19,445,307818486803,19,0,0,0,0.01,340000000,,0.0042
pool1fxra32qureulvqrhrdpnrl5yechhqreg2khrghv3tkl4z66t0rm,,,,68978064343810,,,,63,3,445,68978064343810,3,63,27956159917,1811376838,0.05,340000000,,0.95
pool1fxrxatul2edy2cvys2j25cafstvysf80juadr3a7542pggcjvv6,,,,1003924403,,2000000,,0,2,445,1003924403,2,0,0,0,0.069,340000000,2000000,0.0
pool1fy57yj7fq4n640h0r7yzchgytvx747nl85lkct7pc8faywwsyy2,,,,20684441149,,20000000000,,0,2,445,20684441149,2,0,0,0,0.025,340000000,20000000000,0.0003
pool1fy5aaf5gz2646dghhm8u899mj6hyznn428sqhdx3tmqmsdy6rcz,,,,55788693145,,760000000,,0,36,445,55788693145,36,0,0,0,0.01,340000000,760000000,0.0008
pool1fyp482ntshhm9zfz4nv7pmsaeakscf5mnuzcxuvtqf6t56fc7l0,,KYSN,,13765866757016,,100000000,,13,2029,445,13765866757016,2029,13,5688938223,450232426,0.019,340000000,100000000,0.18960000000000002
pool1fzc5ma5nwhfe8vmj3gqm7w9qf8qtrmkqfktnjgk2hq6uxjdnkz8,,,,150140072935,,,,0,9,445,150140072935,9,0,0,0,0,340000000,,0.0021
pool1fzw8nfwq608cg2y690re25zg082taztprmkcv3s8dw7zwhlqmdk,,H4C,,1049003041,,1000000000,,0,2,445,1049003041,2,0,0,0,0.04,340000000,1000000000,0.0
pool1g04psph8yjpqrgvtltqxrgh6vtl3uklvl46ng6ttrdhwjuvelna,,,,92633094,,,,0,1,445,92633094,1,0,0,0,0,345000000,,0.0
pool1g0fvxf4ewt0j3hplp09dv4ak2uv5ay3ftw8upk80d8kx2ca5syn,,,,148091537,,100000000,,0,2,445,148091537,2,0,0,0,0.01,345000000,100000000,0.0
pool1g0hsnjnt0du3kp33gjua3npncngr3yg4ak2zfdhd4zvmy6r8hyd,,EGGS,,951992957222,,225000000000,,0,140,445,951992957222,140,0,0,0,0.02,340000000,225000000000,0.0131
pool1g0nq3m3fnvd245k4favcvutn09vce0yshg535f68d2xa54vy0cc,,1PCT3,,12584838309444,,50000000000,,13,346,445,12584838309444,346,13,5719813400,398037716,0.01,340000000,50000000000,0.17329999999999998
pool1g0t2a93g5e2j7wj0clmk73fhd8cjcj4xn383yt7xvdyhq37m0kk,,,,107845589,,0,,0,1,445,107845589,1,0,0,0,0.06,345000000,0,0.0
pool1g2htk67ngtrw5mz6npgu3tugmcuqfgu0lxm8m26d7x79w75xupn,,,,17373140755,,100000000000,,0,28,445,17373140755,28,0,0,0,0,340000000,100000000000,0.0002
pool1g2y0j7rsv7dpu8p6jt2dva3rxfqjl2zu0ag9dd0cfm8guzg0lh0,,,,1939325342865,,,,0,7,445,1939325342865,7,0,0,0,0.03,340000000,,0.026699999999999998
pool1g2zsavkscwrzz0tqqwwykkyganyedlzgqc63fneq6nvzc7rwdzp,,RBA,,134543733,,100000000,,0,3,445,134543733,3,0,0,0,0.999,345000000,100000000,0.0
pool1g3ssnndd8e7lcmstkjl9ane9mup0eshv3aklg63u5tznwl4ch87,,VRSTK,,68168589299970,,1000000000,,73,25678,445,68168589299970,25678,73,32672866007,1761557716,0.04,400000000,1000000000,0.9388
pool1g3wjq2yyg7hxteky9eym8fhc9xdtut63ss46a96gxndhqjgerqv,,,,3336856564353,,42000000000,,5,49,445,3336856564353,49,5,1968687428,360229078,0.01,340000000,42000000000,0.046
pool1g43yqk4yuflm07faedr9qsgwdvjuw4welxae2vcv7ymyj27q8mg,,,,92090039,,,,0,1,445,92090039,1,0,0,0,0.1,340000000,,0.0
pool1g4th3pqfzh4zajzrhlh8y6wpuztrkzxwt5wd7q578894j06gwfc,,FEEL,,7572661233406,,25000000000,,3,326,445,7572661233406,326,3,1073614142,340000000,0,340000000,25000000000,0.1043
pool1g50v6e6e0dpmt35lllufjnpqmdklsm3nrshzw4z4advqqjxfcpx,,,,244380716771,,,,0,49,445,244380716771,49,0,0,0,0.02,340000000,,0.0034000000000000002
pool1g5gcxs48ur9y6kvycy44e9n8wn254fltvjklcf29jxfp23x2wjx,,,,701407805,,0,,0,2,445,701407805,2,0,0,0,0.025,345000000,0,0.0
pool1g5gmej3cj67td4pmvmacnls8nuq0gjld2pwfeg3jwpxujdx6lmu,,,,63042618138583,,5000000,,66,1923,445,63042618138583,1923,66,30530380750,648439854,0.01,340000000,5000000,0.8682
pool1g5k0fks847av9zdayg05htnj8wx0ah7jmnwwqlt63rjdzyjr93n,,,,213098793039,,5000000000,,0,7,445,213098793039,7,0,0,0,0.01,340000000,5000000000,0.0029
pool1g637quu9s4v8e30s8y2jg8zfejsne9s8mg985q62y8jfu4khtqg,,,,220848661,,220220220,,0,2,445,220848661,2,0,0,0,0,340000000,220220220,0.0
pool1g6g2d09le8hd6nv9jhyavewdnw8tu0ndst4lqysd00ru24cav0a,,ONYX,,6110044100157,,0,,4,447,445,6110044100157,447,4,1411268454,355528128,0.01,340000000,0,0.08410000000000001
pool1g6rm3p7695z7xfhp629hcsj09njun2fnsz03pjrshw8rgs7pluc,,,,89551515540,,1000000,,0,11,445,89551515540,11,0,0,0,0.0222,340000000,1000000,0.0012
pool1g6rugsgxrl7ylqnuw2qvma0kuk63wc4yv43a4tmw3qaawgu87c0,,,,5430922346,,1000000,,0,7,445,5430922346,7,0,0,0,0.99,340000000,1000000,0.0001
pool1g79uyzvt9mm3z7jdcxnp36n4egm4z6l8c6n9l2mk8ae2yf5zman,,ABC,,187525801258,,10000000000,,0,427,445,187525801258,427,0,0,0,0.02,340000000,10000000000,0.0026
pool1g8w64u3sx9mrvhwrdfvysw4g4wnffkjfp5zds3ur6svwzdhwhx9,,KNGHT,,228363118978,,30000000000,,0,10,445,228363118978,10,0,0,0,0.015,340000000,30000000000,0.0031
pool1g8y2gz4sk7xhyaj469jlj3njyu5dlvqa7t7v9c2gk0yc69879z8,,1PCT0,,11476945733999,,50000000000,,13,549,445,11476945733999,549,13,5713713412,398006441,0.01,340000000,50000000000,0.15810000000000002
pool1g9v6nnrn8x7jcj26mqernsh3h97g6gyhamttzg8q39yvjr60g7k,,,,243791280824,,80000000000,,0,98,445,243791280824,98,0,0,0,0.015,340000000,80000000000,0.0034000000000000002
pool1ga0h4pv0psju8z3j7l852elq92c7xshuspt27jklnx665r4l2q8,,,,14776577,,1000000,,0,1,445,14776577,1,0,0,0,0.01,500000000,1000000,0.0
pool1ga8rg7snafqj5t24zf4xr8cz7tl576ett05qf93qhcamgmkqmj3,,,,494831058,,250000000,,0,2,445,494831058,2,0,0,0,0.005,340000000,250000000,0.0
pool1gaq7x3ejv47cykw2wrcyt99f3gcy3ayyuxsf6gqvd8j2jf90w4h,,,,2646822,,25000000000,,0,1,445,2646822,1,0,0,0,0.025,340000000,25000000000,0.0
pool1gas95lqlch5pj5e4lwg78gxlq7km9xfurfd557x4tgwk5kktd04,,NEDS3,,18709135178134,,250000000000,,12,758,445,18709135178134,758,12,5014576418,393524190,0.01,340000000,250000000000,0.2577
pool1gavc60d7mz7vvhsh7grcrc8pmcy0zugrnxh3dklwx0sjsdva6sj,,CHILD,,10000000,,10000000,,0,1,445,10000000,1,0,0,0,0.05,340000000,10000000,0.0
pool1gaztx97t53k47fr7282d70tje8323vvzx8pshgts30t9krw62tm,,,,4425674144646,,,,2,1521,445,4425674144646,1521,2,525390609,398594687,0.1,340000000,,0.061
pool1gckg0tjrt2jk2azwd8hmly5mrac30ksc2k8z8gf8ecyru7qpcdg,,,,208729658875,,,,0,2,445,208729658875,2,0,0,0,0.03,340000000,,0.0029
pool1gclysx2h7fndj0jdajlmwvqr8q9tzu3rurjknacu0ff954fsg9a,,1PCT0,,64148788113902,,50000000000,,59,1804,445,64148788113902,1804,59,27242004735,615430191,0.01,340000000,50000000000,0.8835
pool1gcqq0gt4hmgvq942x0s57lf3f4mhtexuuzgjrsmtj0kmsmqz32z,,,,11000000,,45000000000,,0,1,445,11000000,1,0,0,0,0.008,480000000,45000000000,0.0
pool1gd3nuzly536f20e4kpm4ctkgv0ywes37qms6g7cy2f0xxf56nh7,,,,111625658,,,,0,1,445,111625658,1,0,0,0,0.05,340000000,,0.0
pool1gdgjzmp96kk0d0sj482655wqlq8jtc4t9xw8xzfwfx4tjyq73hw,,LUNA9,,2984810192727,,250000000000,,3,25,445,2984810192727,25,3,968057188,361576955,0.02,340000000,250000000000,0.041100000000000005
pool1gduk8s5stt3uej5nl9vs7marx8jjyeadwz3505gzvuqey2lch35,,,,3068811017,,,,0,5,445,3068811017,5,0,0,0,0,340000000,,0.0
pool1gdyn4dggh5c9yn5cjve3dlljjkpwzdt2g4au8aszgwd6y97wde8,,SYNK,,37172350432,,100000000,,0,3,445,37172350432,3,0,0,0,0.99,340000000,100000000,0.0005
pool1gerlsm26qanj8wv9xc48rmmx0e7gvu3k5sp9tvy8l67lw3l3w3p,,,,676583188053,,21000000000,,0,107,445,676583188053,107,0,0,0,0.01,340000000,21000000000,0.009300000000000001
pool1gf8a46j6hvhad8e48hez4084x34snpua8k7t3kzy9w42q6w60z8,,GRADA,,128391876649,,30000000000,,0,15,445,128391876649,15,0,0,0,0,340000000,30000000000,0.0018
pool1gg4vec4zld4fxyxxzg4ztz35wurgnwftyqrhgs8zslmh7e09laf,,ONYX,,10000000000,,0,,0,1,445,10000000000,1,0,0,0,0.01,340000000,0,0.0001
pool1gglca5t7h2tky6jrhp08sxsf3mecvh0xk6sc4v3mcpfzc8jwu2w,,,,11743099328,,10000000000,,0,1,445,11743099328,1,0,0,0,0.009,340000000,10000000000,0.0002
pool1gha260s6hx855p49fc735w78p0kcp4hyxl8glymp5k5muk9jkgm,,,,1322201298849,,100000000000,,3,316,445,1322201298849,316,3,916820244,383131276,0.04,340000000,100000000000,0.0182
pool1ghfmak7eu4t6f7ep8jkspt586l828z54xnxfw732yxlngtny0uh,,NOBLE,,116861039251,,50000000000,,0,9,445,116861039251,9,0,0,0,0.008,340000000,50000000000,0.0016
pool1ghsq6nqsdmxxep9jrfml0j6jk935uhq7d9l5a0ltllev7nk2fa0,,,,49048652286,,25000000000,,0,11,445,49048652286,11,0,0,0,0,340000000,25000000000,0.0007000000000000001
pool1ghsvu95fzl8f5gl7dc7vsxwdrzfa3s9wlefqjh54f3d6zcrc0nf,,IAMX3,,32862296043,,20000000000,,0,22,445,32862296043,22,0,0,0,0.99,340000000,20000000000,0.0005
pool1gjmerqh4wxl553enqeqgc6m3r3gt6yspdg29jy6nuypa6k2tpdt,,,,2541262196,,0,,0,21,445,2541262196,21,0,0,0,0.13,340000000,0,0.0
pool1gk20vlqg7qq868avysckjcjtwyphtjurfwlgra45670ny6r4fww,,,,70046002876157,,,,64,5,445,70046002876157,5,64,28405035470,1835001867,0.05,340000000,,0.9647
pool1gk2kmn8vx7z73rmmfg47pxm03cj6m5v06qqjtgeum95nz5hn8tl,,FIGHT,,187069687536,,10000000000,,0,36,445,187069687536,36,0,0,0,0,345000000,10000000000,0.0026
pool1gl94azcwvhgenn0muq6a8sndqfsxznujy3s07263c30pq0h3pxg,,,,7130989086,,2500000000,,0,5,445,7130989086,5,0,0,0,0.04,340000000,2500000000,0.0001
pool1glgf2t0wp6ktpf7arvzelhfuqkqpwttdsxjf0684rhg7vwmvpv2,,,,3794455600177,,199000821299,,5,19,445,3794455600177,19,5,1889284399,360243480,0.01,340000000,199000821299,0.052300000000000006
pool1glll6eskvg5f4jcep5trqcgqa8zpekfv8d8a6jrprvcwum6u5jn,,,,114101563209,,10000000000,,0,6,445,114101563209,6,0,0,0,0,345000000,10000000000,0.0016
pool1glxxd5ty7ldjtuaxvzj4t3ryhtdtuhgmgm6gc78dkxkzsfhljh3,,,,29240372539,,,,0,7,445,29240372539,7,0,0,0,0.01,340000000,,0.0004
pool1gm4mcrf8mytfetsj6ykulrmv4j70y7fhceawgdg2h09t5rtt7cf,,ALTZ,,2176463338279,,500000000000,,1,63,445,2176463338279,63,1,66050715,342671644,0.02,340000000,500000000000,0.03
pool1gmwp956mrfn5hcs7rp7nasa7xpwmx84kkkclyx48xwuh5dltmpj,,OBLUE,,158530782,,100000000,,0,2,445,158530782,2,0,0,0,0,340000000,100000000,0.0
pool1gn5txrx7ay0pxs7cj70ewxpqx64sqnptnkc4u3zghxv8y2y9sxr,,,,691326114351,,54000000000,,1,26,445,691326114351,26,1,117850847,340000000,0,340000000,54000000000,0.0095
pool1gntlh2yq89tpsd7kgaeuremj3s60rscqahyl52qzv0x87mt22rq,,KOR,,10826658707247,,10000000000,,8,260,445,10826658707247,260,8,3424796848,340000000,0,340000000,10000000000,0.1491
pool1gplusrfxc087ep94rata3m02qpyqa6a6g4wezxf4fwwnczzyg3l,,,,15393771874,,,,0,2,445,15393771874,2,0,0,0,0,340000000,,0.0002
pool1gppqnqfguctp6gu0q8l5wjhye0ny28yzfx93hkr384cfsezru0f,,CAPEX,,5867313801907,,150000000000,,1,1344,445,5867313801907,1344,1,128702967,340000000,0,340000000,150000000000,0.0808
pool1gprrm7gehg9wlupqsvyf59l52q8wgr3y46p656r66t7zy7j2z66,,MILK,,17427226,,1111000000,,0,2,445,17427226,2,0,0,0,0.01,340000000,1111000000,0.0
pool1gpz25s2aasmqnh9tg8a2rxmyxuvmj5s779htxk295e9ajnzjflc,,MUGGY,,1100131287032,,10000000000,,0,140,445,1100131287032,140,0,0,0,0,340000000,10000000000,0.0152
pool1gpzkwf3ntp7ky6yvyky8q6qu4dyup5y6v4pxzn56yut8sqp6k53,,,,64328594406327,,64000000000000,,63,1,445,64328594406327,1,63,,36739876355,1,500000000,64000000000000,0.8859
pool1gq07hfmull6etsr23l36cvwgfkym6jqn4q2dz5vz4y446yat70t,,,,2885482105538,,,,3,2,445,2885482105538,2,3,,1417501749,1,340000000,,0.0397
pool1gq7zwmtpnj7wufnv97xhx43eqhla3trc3803r3rcwppszc6vh9y,,,,127484009178,,20000000000,,0,26,445,127484009178,26,0,0,0,0.01,340000000,20000000000,0.0018
pool1gqf605yxhmyfasdjhf8yxcesztgzuek9gfuvy2dnyj5cyp8zga3,,OLEUM,,376255947851,,1000000,,1,45,445,376255947851,45,1,122499699,341325461,0.01,340000000,1000000,0.0052
pool1gqgyta9sku3crjzfl9kj7kxsgfkt98y98yeu09kx22zscrezuj7,,FORTE,,53834434814732,,2000000000000,,50,2137,445,53834434814732,2137,50,22559036180,340000000,0,340000000,2000000000000,0.7414000000000001
pool1gqk5pzqmrc9c6030m5sj2s3560ymm5ymq3hqjmz6vfdmx4mw5gs,,HIST,,272142116193,,500000000,,0,25,445,272142116193,25,0,0,0,0.01,340000000,500000000,0.0037
pool1gqmjahruyhxvec59g9wh0z67aqxa2k3n4al4lyafv08xk90zl2z,,,,1100522781,,11000000000,,0,1,445,1100522781,1,0,0,0,0.015,340000000,11000000000,0.0
pool1gqp9e65nqy0q08dvqst6mk9fyc96sdels5drncsdz5d82dpw5gg,,,,108761740,,100000000,,0,2,445,108761740,2,0,0,0,0.0095,340000000,100000000,0.0
pool1gqvrgg7zycvf65ydkjeph72t0yx0f5ykzd9f477zh4f3smwk997,,SAND,,16968246660805,,100000000000,,19,577,445,16968246660805,577,19,8052890513,512674134,0.02,340000000,100000000000,0.23370000000000002
pool1gr5pa4shzsyefw445qrpn5pxnuxa8tuev0jquz04acdx6efjpvg,,,,6713327243422,,0,,5,2407,445,6713327243422,2407,5,1924243261,418146647,0.039,340000000,0,0.0925
pool1gr7jlqk9kmhwuztdwcwf6nyr2teeq9r8h4y62ev0xrrvyvwly64,,,,5839882301232,,,,3,1116,445,5839882301232,1116,3,537829049,878766322,0.5,340000000,,0.08039999999999999
pool1grgycym8cf0xmgjjr7gx7udmkpu93hqaygysy5myx6ghx8dvl5r,,THOR,,21479023113707,,100000000000,,19,4389,445,21479023113707,4389,19,8004839715,599702120,0.03,340000000,100000000000,0.2958
pool1grhujlggx90ln0jcnrey4adckysxdx6rqfmx9s6fnhtc2g0qym0,,,,361300011655,,10000000000,,0,428,445,361300011655,428,0,0,0,0.99,340000000,10000000000,0.005
pool1grlhzfvd93ea4832tm36hwd7y4h8ghnlwnp3awx5heffjttgf0u,,BNP,,3712433,,2000000,,0,2,445,3712433,2,0,0,0,0.06,345000000,2000000,0.0
pool1grnz2afeg7st9480vlzqc25gavvs4n34ndtktne8pnp8yutsmfv,,,,220122395,,,,0,1,445,220122395,1,0,0,0,0,345000000,,0.0
pool1grz62pdyyakffeymsjxpkz4x9382y3zhfa8zu28tk2fpqxm6p5l,,KAWAN,,852549129941,,30000000000,,1,1022,445,852549129941,1022,1,126317292,341258187,0.0095,340000000,30000000000,0.011699999999999999
pool1gseulah8qjuemuuh6wf2a2t2k2na7k8xrewdslcljprmcr2fqeq,,,,10277188,,,,0,2,445,10277188,2,0,0,0,0.02,340000000,,0.0
pool1gsfu7c2ac6rh45dn836myms9flp99y0erppqez80nwehk9c70eu,,BZONE,,12981567605,,500000000,,0,4,445,12981567605,4,0,0,0,0.04,340000000,500000000,0.0002
pool1gslrt6mmljsqkzft6nd0q7w7g2fyhxpxx6sj4ff68x22kwx6unm,,GOOF,,2130262750600,,50000000000,,2,137,445,2130262750600,137,2,594113423,340000000,0,340000000,50000000000,0.029300000000000003
pool1gsrcrjm6ctkquef6m8jsyvplv0j357hupn92uklqdcm7729ytv6,,YUMMI,,1858765434276,,1000000,,0,1744,445,1858765434276,1744,0,0,0,0.01,340000000,1000000,0.0256
pool1gtphgrdj8sluxm9e7ca2spcwcq2p0dxj9zf5v0yv3gsagzq704n,,ADAFR,,41716351571595,,3030000000000,,44,4891,445,41716351571595,4891,44,18578500993,650111346,0.015,340000000,3030000000000,0.5745
pool1gu33fszp9ek0w9fkdt2xpnp4vznvvv2vhktc0dypa8fr53lc9pc,,,,4701841503057,,200001000000,,11,194,445,4701841503057,194,11,4572174917,388552207,0.01,340000000,200001000000,0.06480000000000001
pool1gu522f03e6azk25v5n6mur9zyl8ghe2ul8223zp3vfnp77fagfa,,,,68225231824611,,,,74,1,445,68225231824611,1,74,,44062570795,1,340000000,,0.9396
pool1gvnkmpfu26vncrmhj6hr792kwu32hw553upadcphjwu4qewj7jz,,,,930141765575,,,,0,5,445,930141765575,5,0,0,0,0,340000000,,0.0128
pool1gvydgpt2nt6zchvt6fyc5h3w5g24nrrw54tskm0mkc6hqh4ye5n,,AP050,,496831786,,50000000,,0,1,445,496831786,1,0,0,0,0.02,345000000,50000000,0.0
pool1gw25vftc9nnqqgld043k2fsjsm76rkkcy2xjzqdm268cvlf698l,,,,2471019801,,,,0,1,445,2471019801,1,0,0,0,0,340000000,,0.0
pool1gwljutrkqx7km7ec2e8u93y0tvd8w07mgz2aaeqj75h9q7tntmq,,,,38195581029,,0,,0,3,445,38195581029,3,0,0,0,0.075,340000000,0,0.0005
pool1gwnu7f7qgaruxph8gn3u28qphvquvnj63elyd3r0nndacj9g9pa,,JAZZ2,,21180737308259,,50000000000,,21,126,445,21180737308259,126,21,9081608754,819227886,0.05,340000000,50000000000,0.2917
pool1gx2pz27mgupdqynr54s57jrepc3n28yx0wlx0j5ypka55aan9qx,,LUCKY,,1891598371481,,1000000000,,1,23,445,1891598371481,23,1,104279731,340665302,0.005,340000000,1000000000,0.026099999999999998
pool1gx6eawfvnhckevmlzhfz9j3uzj92j2wgww0mdd2fu5d4zd4wvaa,,,,2787438666010,,10000000000,,1,210,445,2787438666010,210,1,125259281,342640469,0.0199,340000000,10000000000,0.0384
pool1gxu3vkh8whgygd32mjxsl5thd7p82qv9xygfkvssa90myrmytus,,,,13587076454,,4500000000,,0,25,445,13587076454,25,0,0,0,0.02,340000000,4500000000,0.0002
pool1gxvkc0576e75065p5k0csvwme9y2qrefd5ga66nx0z65xxjt8jk,,,,13506212922,,,,0,2,445,13506212922,2,0,0,0,0,340000000,,0.0002
pool1gztqypddgmycs0fjat62k5f2kt4zjck4l4f2ffrsmagj2w8zkq3,,SGEN,,2041892870586,,100000000000,,2,7,445,2041892870586,7,2,545182418,346053729,0.01,340000000,100000000000,0.0281
pool1h04mh7qugt09hp8mhjpvfl4t0rutmz703dd003e6qeny5jf9c57,,P2PFI,,16657711655409,,150000000000,,17,27,445,16657711655409,27,17,7512148695,455461378,0.015,340000000,150000000000,0.22940000000000002
pool1h0524mtazrjnzqh5e4u060jsfk8lpsqqjfpa5gygjwuhqu34wvt,,JAZZ,,22865817330287,,50000000000,,21,125,445,22865817330287,125,21,9082710283,819208752,0.05,340000000,50000000000,0.31489999999999996
pool1h08araxldht60j00vp8lzllmwyevjwqd5zwyprc62536gk4s5ge,,,,18737033,,125000000000,,0,3,445,18737033,3,0,0,0,0.0275,340000000,125000000000,0.0
pool1h0jfkyfqt729vxhq8ndxffcqn2afjhzzlwqecrvsufgu5sag0sj,,RAID3,,118706612417,,50000000000,,1,6,445,118706612417,6,1,66296147,341325571,0.01,340000000,50000000000,0.0016
pool1h0prd5vcdv6uk7hglztdcqfp5czjqxdydxkxkdhg8rrk22mr4ym,,SIGN,,400717136409,,1000000000,,1,44,445,400717136409,44,1,130426146,340000000,0,340000000,1000000000,0.0055000000000000005
pool1h0tfxrhgvx6g730dunefjqn44qxxka3hfavjakuelsa6y7k0e7v,,,,221529365884,,15000000000,,0,10,445,221529365884,10,0,0,0,0,340000000,15000000000,0.0031
pool1h0v99elmvl50rqk778ue6g49r3mtgq3z4draq6pzy0nqv000frd,,,,296779957000,,1000000000,,0,519,445,296779957000,519,0,0,0,0,340000000,1000000000,0.0040999999999999995
pool1h26acqctjzuzk04uxc35mt5eavnlr5wyaqavmdqhd3s2zr8v7nm,,BABYL,,420082031,,10000000,,0,2,445,420082031,2,0,0,0,0.02,345000000,10000000,0.0
pool1h2q3cyle9yrjv4g6qvwqyrm5vk9qj38gtqndvavpqf6lkgpqvj3,,REACH,,476652900,,400000000,,0,1,445,476652900,1,0,0,0,0.04,500000000,400000000,0.0
pool1h2vtxz36m93e2dw9mn4luh64372t794qsjcpgt3fqpnycc8qh3z,,,,496135219232,,500000000000,,0,24,445,496135219232,24,0,0,0,0,340000000,500000000000,0.0068000000000000005
pool1h3aejp7fln74mwaraqjn65ve3j5zwqr7wk0pasct87wpkv0aspm,,BEAST,,11248855564457,,1000000000000,,8,147,445,11248855564457,147,8,3050872159,443633286,0.03,340000000,1000000000000,0.1549
pool1h40kkf28nr3amhs6nsmqn75aderg6cutmygr47czu2dw2dxzvgm,,,,2065380268159,,30000000000,,0,54,445,2065380268159,54,0,0,0,0.02,340000000,30000000000,0.028399999999999998
pool1h40xjqda9wmw9cff5jss3ww9npujkhlvg6xjy9l5ujsu5rqlw28,,CHG,,196239631510,,27000000000,,0,39,445,196239631510,39,0,0,0,0.005,340000000,27000000000,0.0027
pool1h4g295xugk46jdyxv4m55y9rp9kln0k5hy8fyk2kaef5u3gmt8y,,,,495282744,,,,0,2,445,495282744,2,0,0,0,0.03,340000000,,0.0
pool1h4gwh638485yd0xcw0pkrm935nvm4aecqsxjx2yzzz0u6dfj73q,,SEBA,,4595937298429,,0,,6,77,445,4595937298429,77,6,1871233509,963750866,0.25,340000000,0,0.0633
pool1h4n266z2xz0v754qf8uu09cda7q68gpymt5dlf4zxcvlg3hq3r7,,,,25098487,,0,,0,1,445,25098487,1,0,0,0,0.01,340000000,0,0.0
pool1h5368szqrqvfy7txc5r2lyay0xx4fvp2w38mswplqknax8l9wl2,,OSADA,,47191485243,,500000000,,0,18,445,47191485243,18,0,0,0,0.015,340000000,500000000,0.0006
pool1h59405hmvnxz2kyjpll3f65lnqhm7we3u96cws9vzzxzzws9gjc,,,,3386347069803,,,,2,436,445,3386347069803,436,2,570705032,370056262,0.05,340000000,,0.0466
pool1h5jtxde8j86qrnqzj32ugn480u7gw5xw8wqy5d227rl3vfg58qz,,PEACE,,937058939104,,51000000000,,0,104,445,937058939104,104,0,0,0,0.024,340000000,51000000000,0.0129
pool1h5kewwuh5jh6cuq52nwu5w7g8488qsp8ja7ahs8p2ln8ygde8xf,,,,8247425397,,8000000000,,0,1,445,8247425397,1,0,0,0,0.01,340000000,8000000000,0.0001
pool1h5spwddnynn6dt2z3qz9tvkju7sn6s8ptqetyfpltsppwalukyg,,CNUS,,25224846510,,352472521,,0,4,445,25224846510,4,0,0,0,0.14,345000000,352472521,0.0003
pool1h5uycju7n5puxn2ckfkpza550rf6jk4twr6ef0hsmxft78ajt6q,,IOGP,,3981480,,64000000000000,,0,1,445,3981480,1,0,0,0,1,500000000,64000000000000,0.0
pool1h5xdez7j0ncewgxs4m8fykjt9jzuy86t8e0m7m7m2l79w4jzzk2,,GOOD,,203250629,,1000000,,0,1,445,203250629,1,0,0,0,1,340000000,1000000,0.0
pool1h66njz7qg7p3sa9dd8mptfhsy04pyxr9ca0v8zwkcz3eyg3g3au,,BNP,,478757616,,2000000,,0,8,445,478757616,8,0,0,0,0.06,345000000,2000000,0.0
pool1h6l7mhtqqvkgq5hyvkrjrrwddulx7zc6mxlrsezsspymckuuext,,Trump,,53920384778,,1000000,,0,12,445,53920384778,12,0,0,0,0.01,340000000,1000000,0.0007000000000000001
pool1h6q8jj55dn6727yydlypu0rz4sflf2enxhs0thqydmddgu3shl5,,HAZEL,,19457395017760,,350000000000,,18,429,445,19457395017760,429,18,7946136403,421771422,0.01,340000000,350000000000,0.268
pool1h707wwzd9a3wlsz2x2dwng0rn7vep6mggxlgww9u7szagx8elcn,,,,3180654614500,,,,2,5,445,3180654614500,5,2,590636482,352100101,0.02,340000000,,0.0438
pool1h7eevnu53zdfujqfzldw4jgdjh475u0glvtruwrnmdmycn6jdzs,,,,1151610359777,,100000000,,1,13,445,1151610359777,13,1,128145018,341325008,0.01,340000000,100000000,0.0159
pool1h7nugww5y2q74435nadg6gggsj20nj5v3dq0w2gjwp3qvrpvgzh,,DOGE,,27597982,,500000000,,0,1,445,27597982,1,0,0,0,0.01,340000000,500000000,0.0
pool1h8625k6vszveym92qandxwjv3wmnekc548yzcepr5w88ys824pg,,,,77848386,,,,0,1,445,77848386,1,0,0,0,1,568800000,,0.0
pool1h8fnr4vlfcv9l4jlv9epalghy3zgjpye4wv85c4rafpvvfztsk7,,JANUS,,584707172185,,250000000000,,0,9,445,584707172185,9,0,0,0,0,340000000,250000000000,0.008100000000000001
pool1h8lmq958aw03yse6dm0vjrvq3d6ln009r2eyjhf834mjw9x33ng,,,,127288213040,,,,0,93,445,127288213040,93,0,0,0,0.01,340000000,,0.0018
pool1h8uur6gvtcsw0cdjgnt5njc33ajefgg756xllkd45w7zsml6ydd,,,,15768277545,,15000000000,,0,2,445,15768277545,2,0,0,0,0.03,360000000,15000000000,0.0002
pool1h92047jmdgtp4ft2cw8gkf3a5745vffca97ay5stt72rkxm37kl,,,,726170453,,10000000000,,0,3,445,726170453,3,0,0,0,0.01,340000000,10000000000,0.0
pool1h9jr0f9evk3raxlljq6mt4gj7ej4v82afvnlc2wh28rwy2d8lsy,,RUNIR,,3218796818,,100000000,,0,10,445,3218796818,10,0,0,0,0,340000000,100000000,0.0
pool1ha4z9zne9z7he43qf0tzv9pdq8cdj63xfrj8s246u89lkcwmq7w,,,,334829703693,,30000000000,,2,110,445,334829703693,110,2,363589766,346051078,0.01,340000000,30000000000,0.0046
pool1ha70qvqwnmnwpa7e575y9tgyx47aw29rvkz73mnf42z5wet5dr3,,IOGP,,1481480,,64000000000000,,0,1,445,1481480,1,0,0,0,1,500000000,64000000000000,0.0
pool1haus36sw7cwyg8jdeg882mentse5txac7fmeew8ketuwky6q602,,BD1,,41788949476816,,200000000,,46,21,445,41788949476816,21,46,19569501448,2051603582,0.08,340000000,200000000,0.5755
pool1hcg8sa642l0xeygkzvpgn3sfj5s2yeuzpws7a0gypyy7grrjcje,,,,194105284094,,10000000000,,0,82,445,194105284094,82,0,0,0,0.02,340000000,10000000000,0.0027
pool1hd5r62ktu43k53tskpr8xja8pyt5k6vws2fxylqm7hp5ye954ea,,,,507526973,,100000000,,0,3,445,507526973,3,0,0,0,0.02,340000000,100000000,0.0
pool1hdglvd3xn5m0glqx3l8cy73ajdlxzn7ztlvzwuythj95kwnmvwe,,,,998000000,,1618033988749,,0,1,445,998000000,1,0,0,0,0.0777,345000000,1618033988749,0.0
pool1hdug72ukeepdxqxz0new8e3nhq5cykkn3prky9wgrz5tgyf4ty2,,,,21043545077,,10000000000,,0,20,445,21043545077,20,0,0,0,0.025,340000000,10000000000,0.0003
pool1heks0vmxkfka2amg9c8yn8qdsxvgmzelfx6jhpfkj8ht5mn0r2m,,ADA,,16408811628029,,25000000000,,14,243,445,16408811628029,243,14,6084372080,521995017,0.029,340000000,25000000000,0.226
pool1helzgcd9sjm9xtyh9mw2wy06gekh6r52s6mx987q0p8lvklwura,,,,9677428850838,,31500000000,,12,973,445,9677428850838,973,12,5233209187,419961131,0.015,340000000,31500000000,0.1333
pool1her5uyhxcxeyxws60jrft4kkczc2uxyz3z2sq24582z9kvwsng0,,AIVS,,100777362,,0,,0,1,445,100777362,1,0,0,0,0,340000000,0,0.0
pool1hezakp5r240dy4fcsm7mfd3qqahcvyrhj8hl770yxmxxzdwvcre,,,,3935990388681,,,,3,4,445,3935990388681,4,3,,1417502335,1,340000000,,0.0542
pool1hfn7yuwfyhmmqe4qpaxfewuly7cnemc6kqkv5npytj9vcrskh6j,,AMINT,,3182160542232,,50000000000,,2,194,445,3182160542232,194,2,580773554,355129832,0.025,340000000,50000000000,0.0438
pool1hg8vu74hyaj5qm66ys83c0gmr44j66g2k8s9sns4htw27whsqwf,,FUJI,,2062719440,,1000000000,,0,2,445,2062719440,2,0,0,0,0.01,340000000,1000000000,0.0
pool1hg9yyezrm6dslw9q767n5tlu0qk2ccvd4k9946vv7ymgvsvnttf,,,,97623898,,0,,0,1,445,97623898,1,0,0,0,0.02,340000000,0,0.0
pool1hgksl8y3637f88zhet6g8j8seq2kzp6v2qt4ct2maxaxzt0pmmj,,FMSP,,531275577,,500000000,,0,2,445,531275577,2,0,0,0,0.02,340000000,500000000,0.0
pool1hhlzudyzp80xch7r0vamq58hpdnspagutvgqwptsmr0tk2425vf,,,,572915210,,900000000,,0,2,445,572915210,2,0,0,0,0.04,340000000,900000000,0.0
pool1hht4pctn70tqdsd0zwuxv8d8cz6l5scjzaquty7vamyzy78eqvc,,ACL,,20731594123920,,750000000000,,26,1199,445,20731594123920,1199,26,11418123599,459765602,0.01,340000000,750000000000,0.28550000000000003
pool1hjjj584gq0ynqf06g036a4a0stpm90asrdfskpasqjxf5948ygv,,,,3968148349417,,1000000000000,,6,292,445,3968148349417,292,6,1732232441,389732226,0.01999,340000000,1000000000000,0.0547
pool1hjlkmtquuanfvvumfwsu395gdrmt36kda0x6wwwpz4kqctg5lyy,,STARS,,1594304472,,35000000000,,0,2,445,1594304472,2,0,0,0,0,340000000,35000000000,0.0
pool1hjpax8lf2hmct63xxrspe9zzmmywcrzw89yg3nacu0axzy0latu,,GG63,,5133846136734,,9000000000,,4,2,445,5133846136734,2,4,1510361147,371001449,0.02,340000000,9000000000,0.0707
pool1hjszxsd493fmr99g2d8evnqlrlurscu00n8jv9mz8qm42f7jvln,,RAINF,,5231776878,,999000000,,0,3,445,5231776878,3,0,0,0,0.0399,340000000,999000000,0.0001
pool1hkklrx9ac7w57d79mnv76rxlgq4acg5ecwhyep7k3zn0u5cz2k9,,AZUR3,,27122214724386,,500000000000,,29,2851,445,27122214724386,2851,29,12366379444,608235820,0.02,340000000,500000000000,0.3735
pool1hkpgddlnya3pgktj3sxdraa8x8400vhaphcudvym9ye22esak43,,ISP,,29337573147776,,50000000000,,26,154,445,29337573147776,154,26,10723027901,1543754933,0.1,350000000,50000000000,0.40399999999999997
pool1hkr5zcthjvcn3ffncc4jqk5ctxxfrk37h7uddqnvxd4cu872nrt,,PONTA,,9711744322349,,100000000,,11,15,445,9711744322349,15,11,485524,5197022804,0.9999,340000000,100000000,0.1338
pool1hl9tn0qpujfss69h6jr3wepc0e7tuczchpfu7nu4ma006u5scfw,,HISTK,,2073941606,,400000000,,0,1,445,2073941606,1,0,0,0,0,340000000,400000000,0.0
pool1hmmt5a9vyjtkz0tk6ywyyuhumt57hts5m89m9avgyyupveaejfr,,,,13499811721532,,,,17,5,445,13499811721532,5,17,7691950355,340000000,0,340000000,,0.1859
pool1hmtm4mukp5gs7fgrp0k997lveh4psq9qpeqa6ldugq9nsfcdxmp,,ADALY,,2990025500633,,30000000000,,1,20,445,2990025500633,20,1,124657793,343976756,0.03,340000000,30000000000,0.0412
pool1hn7hlwrschqykupwwrtdfkvt2u4uaxvsgxyh6z63703p2knj288,,,,324925683073,,100000000000,,0,10,445,324925683073,10,0,0,0,0.02,340000000,100000000000,0.0045000000000000005
pool1hnnfvsq3xlln6vz7d2xmk6kqekd5z4ctmfpdad8g8kr0yk8kdfd,,AZDFM,,23240038373688,,1000000000,,24,551,445,23240038373688,551,24,10337622856,560909536,0.02,340000000,1000000000,0.3201
pool1hnp560z9e5acwux8tjguxq36j9r255zuf02u7z2d46dvcf5zhns,,LCP,,3641005503899,,333333333333,,5,129,445,3641005503899,129,5,1838661685,340000000,0,340000000,333333333333,0.0501
pool1hntu7agmt8u5j9c20ejen7dvq0jfkvkpnul3mrdd8tppqvwfvt2,,BLOOM,,37488262294872,,1000000000000,,44,3235,445,37488262294872,3235,44,19181466722,1161148633,0.04,340000000,1000000000000,0.5163
pool1hnukelq3ap6pj3wnetj448efj4nalngy756jln9zd2mjsp73etg,,,,22111435942344,,,,14,1,445,22111435942344,1,14,,6620437699,1,340000000,,0.3045
pool1hqlvn3qndgkne52uhe5347nlysmmec73ys9vduk96rs4jzjjyxm,,ETO7,,4434565196731,,0,,1,1,445,4434565196731,1,1,,472500583,1,340000000,0,0.0611
pool1hqwxta8p0j8ffkyle5mf6yg80tucqzh8q9mszws60xe5ja06nwa,,LUKE,,4054549748065,,150000000000,,7,108,445,4054549748065,108,7,1763602577,340000000,0,340000000,150000000000,0.0558
pool1hr4t5a052rh773vml9pra5planumw2tjn9cg6nsrzq64jdz907s,,,,88849236744,,50000000000,,0,6,445,88849236744,6,0,0,0,0,340000000,50000000000,0.0012
pool1hrfv7z55k4m2q6ghemu56r3zkw7dt5wd5xay5yw7an7p7aw33ac,,WEN_K,,74332113207,,1000000000,,0,4,445,74332113207,4,0,0,0,0,340000000,1000000000,0.001
pool1hrv8gtrm0dgjg6zyss5uwa4nkruzfnh5vrdkr2sayj7x2nw6mjc,,,,2002043976708,,100000000000,,0,184,445,2002043976708,184,0,0,0,0.015,340000000,100000000000,0.0276
pool1hsq2jrulgj97tna2femdhsfn2wurkkwt8uk9uvs42h9zs0a783p,,JAZZ3,,35452681085522,,50000000000,,32,110,445,35452681085522,110,32,14021429191,1079156930,0.05,340000000,50000000000,0.48829999999999996
pool1hut596zjmx2eunuwt8vjnh953ezgtvc3cwv3nat8cepsc2jeaxe,,,,55456744,,10000000000,,0,2,445,55456744,2,0,0,0,0.015,340000000,10000000000,0.0
pool1huyzkfxwnttj7r4530hv7gc5v6mzk75vuzysc75aemu85mae9vd,,TOSHZ,,287159021258,,100000000000,,0,19,445,287159021258,19,0,0,0,0.02,340000000,100000000000,0.004
pool1hv3yae6keeeu2y7eusejx4swd2myfkurldt7lasn2qu4xk20j8m,,BLESS,,225210219190,,40000000,,0,100,445,225210219190,100,0,0,0,0.01,340000000,40000000,0.0031
pool1hvevy8qu5lwg7ul66xmzvwv8zwdgdradsg9ncvrflm7dvy407e0,,HAMDA,,1098868406819,,72000000000,,0,15,445,1098868406819,15,0,0,0,0,340000000,72000000000,0.0151
pool1hw3cgyx7tvxh2fpd46k9sqgruu5pfnzt4nxuyv2w7nlmusutda2,,THREE,,4134409477465,,33333000000,,3,95,445,4134409477465,95,3,1027416793,378803359,0.03333,343000000,33333000000,0.056900000000000006
pool1hwlghkwnjsjk8370qt3dvp23d7urwm36f95fmxcz3np2kghknj9,,PEGA,,21202557379894,,500000000,,15,366,445,21202557379894,366,15,6601007481,458132453,0.0175,340000000,500000000,0.292
pool1hwnl625swgnlp5w7e8dqz0chlz3kl05tm2lawwy8xq2l5uz5h0y,,,,500000000,,15100000000,,0,1,445,500000000,1,0,0,0,0,340000000,15100000000,0.0
pool1hxdcr4u22lytge79hr5hds39e90jsdmhafphdgnn4hlqvl4qlt7,,TRADE,,440380569267,,1000000000,,1,18,445,440380569267,18,1,125957410,341323354,0.01,340000000,1000000000,0.0060999999999999995
pool1hxlu84r3xhce4gcc4rdqzlwdprqjptd2jqky572g35jfsjrnzww,,,,13276968,,,,0,2,445,13276968,2,0,0,0,0.02,340000000,,0.0
pool1hy08gpvzkutxkg3ccxwmkzqaun9cd0styl4dtpqp2yxq2rjxehj,,,,32072397221757,,0,,21,3,445,32072397221757,3,21,8862817548,1058688419,0.075,340000000,0,0.44170000000000004
pool1hyqdlnuff3rnvg9lx70ccca2xqxcezzz4998tp6chhxnx2st257,,,,60795254241074,,,,56,3,445,60795254241074,3,56,24814031035,1646001633,0.05,340000000,,0.8373
pool1j099ctc7kcc9fa78dz5qwsy2g0n96lrgletwxvxmyzh4zd7ck0j,,PRIDE,,19103159617288,,10000000000,,18,1449,445,19103159617288,1449,18,7966152694,503352731,0.02,340000000,10000000000,0.2631
pool1j276s043qh2knv3ukmap6sra6sk7p5khuetzwx9h43wqydzsx8c,,,,70038156150413,,,,73,4,445,70038156150413,4,73,32444915458,2047627129,0.05,340000000,,0.9645999999999999
pool1j3azwphh66wk6efre3ezjjw8mqljqmnxe5qr9tyfmjdq6eqe5fc,,VTRA,,177935758,,100000000,,0,1,445,177935758,1,0,0,0,0.0475,345000000,100000000,0.0
pool1j3ll2032rnaqrrzzq0j3e540d2ga50ze82s9083tnfjyz2a7zdt,,,,13190379547,,,,0,4,445,13190379547,4,0,0,0,0.03,345000000,,0.0002
pool1j3t6mhgndeuzqkpcj6csyxfhsr2fkgwknk6e4tjeeqhnc52fjc9,,7SEAS,,197625306,,100000000,,0,1,445,197625306,1,0,0,0,0.1,340000000,100000000,0.0
pool1j3umdcuxcewcxz98wm3sx5xqwgxx0v7z376xyjfq4jgejpvv8fz,,MASTR,,7868131624271,,10000000000,,7,582,445,7868131624271,582,7,2903598236,399348096,0.02,340000000,10000000000,0.1084
pool1j4nkshfytq8tww99ttfwvrmv8n7yq2tvuw0xlphelzzw6vfghwq,,TAPC,,110672561507,,10350000000,,0,10,445,110672561507,10,0,0,0,0,340000000,10350000000,0.0015
pool1j5kx7rp08axydqevxhmujs5vthfv5kjzq2h40edpychlxg5twqw,,,,27595522,,450000000,,0,5,445,27595522,5,0,0,0,0.01,340000000,450000000,0.0
pool1j5tw5wwfvk2zllqycg0cunu8emtd5g9tgymp0uayc6nzujunrhq,,,,165628320,,,,0,2,445,165628320,2,0,0,0,0,340000000,,0.0
pool1j5ukjmhn96jslmcd6k3ymj3vnjf3wpjn9sarhk7m7vtkv7ll2w3,,REDH,,30429843994,,15000000000,,0,99,445,30429843994,99,0,0,0,0,340000000,15000000000,0.0004
pool1j6490a90qefvsqxdurf99z9ld50rtthaz9ms6c8xh78s52veuq2,,CETH,,7472621753578,,25000000000,,8,2985,445,7472621753578,2985,8,3389847670,374389552,0.01,340000000,25000000000,0.10289999999999999
pool1j6dh3ynys827j38976q0q3s3c9hpzgx40kjcq4472h6m7d3t0hm,,KIND,,5609609406791,,100000000000,,4,541,445,5609609406791,541,4,1470553801,386523093,0.03,340000000,100000000000,0.07730000000000001
pool1j6jx6knedgcysdyjcdchlq9hcmhc062jttck9lav7a8aklta6mk,,BNP,,1354555203,,2000000,,0,7,445,1354555203,7,0,0,0,0.06,345000000,2000000,0.0
pool1j6zqawj6f58lp4p00t26eqe58gxx4pa3cudlzpkv23y92nlxjzd,,GURU,,34737406042538,,0,,25,727,445,34737406042538,727,25,10955018974,813000000,0,813000000,0,0.47840000000000005
pool1j742gcsul7u8c05rsqmkgpkvj5qadj0pew69nctu6crqy9wjjn4,,BONE,,2011105878551,,62000000000,,5,218,445,2011105878551,218,5,1915137380,360230896,0.01,340000000,62000000000,0.0277
pool1j7cypyjzhcfuy0gsuc2vtd48cpsc0utmqkq09fjlp5dgsjrs7pg,,,,207448021,,5000000,,0,5,445,207448021,5,0,0,0,0.03,345000000,5000000,0.0
pool1j7ge435yx9wwwmfae6lqmapjxzrucclrhpvr6d4amldh56gncp0,,,,193531850167,,,,0,14,445,193531850167,14,0,0,0,0.02,340000000,,0.0027
pool1j8355yxxpfuhqyda4lrj8c9cdghaang3wvwge8jq8nlxurvfqv7,,LvLUp,,655951086797,,20000000000,,2,15,445,655951086797,15,2,586559083,340000000,0,340000000,20000000000,0.009000000000000001
pool1j8grqucdwwcr0cwzxrtw30vqcptg0jdlrmauq5w7ytvqx6nf5np,,VINCI,,3144140862786,,250000000000,,2,85,445,3144140862786,85,2,547100850,346059026,0.01,340000000,250000000000,0.0433
pool1j8r3q09v0tx48f78u4kxldmakryd384uk6cg9rrlzjhtu93027r,,LIA,,60372479920,,1000000000,,0,4,445,60372479920,4,0,0,0,0,340000000,1000000000,0.0008
pool1j9nlvppmd5e2ms7w6xx7r6rgc37q2r930gkj2ssdu5a7jr53tev,,,,6821299,,,,0,2,445,6821299,2,0,0,0,0.05,340000000,,0.0
pool1j9qrcwg28mgsu38p5jkrwpthff5pmm5wdpprghg2xrvfyfcm5ls,,OSCAR,,336747257,,15000000000,,0,4,445,336747257,4,0,0,0,0.005,340000000,15000000000,0.0
pool1jayej3rwf5ynfmmu7583x3w2j73dcedtflgnazdezfn3kl6062x,,TAX,,1383985052409,,750000000,,0,6,445,1383985052409,6,0,0,0,0.9999,340000000,750000000,0.0191
pool1jc24u7v5xsaw9dw6s0vftjat8ssc8ru4c0uhrj8zpm3usnrp03t,,HALO,,43070425492,,3000000000,,0,7,445,43070425492,7,0,0,0,0,340000000,3000000000,0.0006
pool1jcpwtg5ce6xr42v37nk3xahmduwrs87mvd6pkm92v7tj2ux8v5j,,,,428020263,,0,,0,1,445,428020263,1,0,0,0,0.03,340000000,0,0.0
pool1jd33dsshcmepweqwmrgn9jc0lqfnammnua8yc2qq9w0txxkawt6,,BNP,,125873672,,2000000,,0,3,445,125873672,3,0,0,0,0.06,345000000,2000000,0.0
pool1jdhjfcu34lq88rypdtslzwyf27uh0h3apcr9mjd68zhc69r29fy,,NUFI5,,27753249524850,,1000000000,,24,3273,445,27753249524850,3273,24,10668108912,669954889,0.03,340000000,1000000000,0.3822
pool1je2n5smmnyn3lh92xrp8nepjyfp596ypga6pmdecwtcrcj9uvec,,YOADA,,6106142312048,,150000000000,,6,241,445,6106142312048,241,6,2447551524,340000000,0,340000000,150000000000,0.08410000000000001
pool1jepxzmqljthtfvcx9dhcp7rysg9n40z6jxr9cw7963h0qv8mz60,,,,590538578,,,,0,3,445,590538578,3,0,0,0,0.02,340000000,,0.0
pool1jeu74g86ys4fekhykqcww99kdsq3nlym8a6kfw8s8ff3vskad70,,KAIZN,,27680618100327,,5000000000,,31,2924,445,27680618100327,2924,31,13927058604,697763447,0.025,340000000,5000000000,0.3812
pool1jezf7dcx26edfpxmpuh05yen64a9cj44xm2ggsapcxrtqewfek2,,CURRY,,1541761347117,,1000000000000,,5,50,445,1541761347117,50,5,596764134,395514201,0.0274,340000000,1000000000000,0.0212
pool1jf32ru0d9mcre5pp7yundjdfcz8qlhmw4f5cftgh8vkqy8scj09,,,,218036232867,,,,0,50,445,218036232867,50,0,0,0,0,340000000,,0.003
pool1jf4kt5qvyx4plvv7gna2y2f7xsjh3mt2szk2ff23ryd8qg826hj,,NEWM,,17645095428892,,10000000000,,16,1295,445,17645095428892,1295,16,5395956828,2141027585,0.25,340000000,10000000000,0.243
pool1jfpqnr6yepr8g7pvnws7y4wyp0sy543gzypm8zds4dv7szaf9ll,,,,67515736248,,25000000000,,0,12,445,67515736248,12,0,0,0,0.04,340000000,25000000000,0.0009
pool1jg3fmnmc9n52sgzslhhvhye5e3xeqmrwkekdhh82sma47r47zg0,,NUFI3,,16925489498832,,1000000000,,30,2442,445,16925489498832,2442,30,13418898322,755042372,0.03,340000000,1000000000,0.23309999999999997
pool1jg4awqhdz454uylkhwxsnghfy00yz3ehzmz2mq6q5xvsudav482,,,,2770928235233,,100000000,,1,2,445,2770928235233,2,1,,472500778,1,340000000,100000000,0.0382
pool1jgwu8lq3dqddnnx7prymcgcyrqy0fdlghg33he2hmw9t2gma3zd,,KIWI,,5724774816746,,175369000000,,4,745,445,5724774816746,745,4,1460494022,371012088,0.02,340000000,175369000000,0.0788
pool1jh4caf4afnjdgne8m95addh93e7zf6zlnx0pk5flcvylsps7nsp,,,,999825743,,1000000,,0,1,445,999825743,1,0,0,0,0,340000000,1000000,0.0
pool1jhca0ycgclhc3ae860llt8fwtgvkw4p44m0khs2df5xawk4kx8t,,BTPUL,,5828192999,,0,,0,2,445,5828192999,2,0,0,0,0,340000000,0,0.0001
pool1jhzf2mm6zdlhl6w89uhgx8nq8p6ykcc86qq58vjy0ejyxrrksfj,,LOVE,,39158678302866,,10000000,,31,630,445,39158678302866,630,31,13634097384,770306722,0.03,340000000,10000000,0.5393
pool1jj2hvts3ryffy5txm7w0am3zt7s7sehdf8rrwfesjmr7shv0mgl,,FIDA,,8235061966335,,100000000000,,15,363,445,8235061966335,363,15,6562788435,407504041,0.01,340000000,100000000000,0.1134
pool1jj88mfe33panw8qkkhdmwrjy7ty52qkcs3seqzkq55h0v75gx97,,YURI,,3965440865293,,100000000,,4,3,445,3965440865293,3,4,,1890003113,1,340000000,100000000,0.0546
pool1jjry6f6q0swaq457ft9eclaxaskvrxnpj0v3w8edsyfryml3vj6,,STACK,,18436895105672,,50000000000,,15,1349,445,18436895105672,1349,15,6182236884,475517265,0.02,340000000,50000000000,0.2539
pool1jk25l2pejpdzq8vdjlxrr05th49v9tgd78fqrtxvuw3rumpfc6t,,GROW,,30384591162695,,555000000,,29,3049,445,30384591162695,3049,29,12953912157,727594912,0.029,340000000,555000000,0.41850000000000004
pool1jk9na2mu29wwap6pprs0c98j3rvh4jva95f5m3hxnwq86tk9c0l,,富士山,,5610618791,,1000000000,,0,6,445,5610618791,6,0,0,0,0.01,340000000,1000000000,0.0001
pool1jm220zs5txnxe6nt89hajtm6hwsf902e2dwjrtfuq33uw835g65,,,,3640216333133,,25000000000,,4,93,445,3640216333133,93,4,1441340021,340000000,0,340000000,25000000000,0.0501
pool1jm84g92qcju3nvatf5fvxxw9n09pke3292jh3tv82x2t6d5zynn,,MKBRO,,85441708342,,0,,0,5,445,85441708342,5,0,0,0,0.0018,340000000,0,0.0012
pool1jm8s3r3xq4kpawavy096rqle964exle3lxwnpvx62wjnwadwd5l,,NARU,,132631013516,,100000000000,,0,55,445,132631013516,55,0,0,0,0.01,340000000,100000000000,0.0018
pool1jmw0strgchxurvgamymrexjn2lypxslexaz0q7la3078vnple57,,,,22611402032,,10000000000,,0,4,445,22611402032,4,0,0,0,0.03,340000000,10000000000,0.0003
pool1jmx55w5ydjkn4xd58gmr9xgt5t46ngs48aek779t92e7zcqfw97,,,,4214319763220,,,,4,416,445,4214319763220,416,4,1519135271,355501509,0.01,340000000,,0.057999999999999996
pool1jp3rc7t9chgjhpky4hxqj9zxwrleqz0r8hhqlt5m88gn5tnycn5,,CHINA,,2024705879,,1000000000,,0,3,445,2024705879,3,0,0,0,0.02,340000000,1000000000,0.0
pool1jp3wtdhgpeu6qf53upw5rupaqwtl7pzvcuuyyn0f8u3xgx5755y,,MARTE,,65868,,25000000000,,0,1,445,65868,1,0,0,0,0.01,340000000,25000000000,0.0
pool1jp67hct7n86tdkr7qxrfh3q0xl973rl6986aawxkrqz6wq4ymc9,,69DN,,2358622568828,,1069000000,,1,127,445,2358622568828,127,1,124226789,340000000,0,340000000,1069000000,0.0325
pool1jpezycd8q3l6a255dv8wt7vpt4aay8llqakdn7vkum5swes4hu3,,BOLT,,282428838356,,5000000000,,0,148,445,282428838356,148,0,0,0,0.03,340000000,5000000000,0.0039000000000000003
pool1jphnr6n8v7hg4rhsmel2s6yunjalthar07vv7rwvgsky5q8k49h,,BCHEF,,812165326,,500000000,,0,2,445,812165326,2,0,0,0,0.01,340000000,500000000,0.0
pool1jpz5m45ff4r6tnq7n5tw63fkhpmw3cyv8sn569w24x8lj3kl68c,,ADP,,4190066750961,,10000000000,,4,346,445,4190066750961,346,4,1339224265,355500800,0.01,340000000,10000000000,0.057699999999999994
pool1jq3s8emkm332n7vd3n57amjzspvt3hygh4wqsyp33psugvw7zc0,,,,502300231,,500000000,,0,1,445,502300231,1,0,0,0,0.01,340000000,500000000,0.0
pool1jq7083uth03spzhg5ag6gfgg24ux6fjuhng8vj2wdz8jkukqvcl,,,,406436573,,400000000,,0,1,445,406436573,1,0,0,0,0.075,345000000,400000000,0.0
pool1jq7r3evstu2c040vlry8tgvpwf0mfvft86cxecwjpwcuvvqfu2r,,CCV3,,34118601936341,,500000000,,33,4474,445,34118601936341,4474,33,14742954292,797323268,0.03,340000000,500000000,0.46990000000000004
pool1jqdvgk0csfnwftkzn6vyz7fq8s3606uu6k7wa9xrn0jpzg4r304,,,,2173026454,,25000000000,,0,7,445,2173026454,7,0,0,0,0,340000000,25000000000,0.0
pool1jql92je87mrx5gpjhmwr6a8a766cktcf5p0p8wd0wxq87nu80yf,,DIGI5,,7231563605123,,215000000000,,12,1139,445,7231563605123,1139,12,4899331329,473478071,0.025,340000000,215000000000,0.09960000000000001
pool1jqnywskl2n92fx65thtew8zlj3vqfrqxz7zyj70tt7d3qmn0m9t,,,,31154334193280,,,,23,3,445,31154334193280,3,23,9881632922,976350810,0.06,345000000,,0.4291
pool1jqssxka8hu94aj6f4w3s8l5m6juqmx0hk3ges48jfac6zngmkh8,,,,145126879495,,,,0,39,445,145126879495,39,0,0,0,0.03,340000000,,0.002
pool1jqw9cv37w0eewvdr36w2kacd2w9wh5uwm2y3vmc0fmdfc0ax26l,,LIX,,781626725251,,80000000000,,2,303,445,781626725251,303,2,531410675,352105632,0.02,340000000,80000000000,0.0108
pool1jqxp8hn0ywdrg3clzha9c2u7qh3zsh68u55wh50vdmecupc5rxs,,,,1232444199,,2000000000,,0,2,445,1232444199,2,0,0,0,0.01,340000000,2000000000,0.0
pool1jrn3nlmzt4r99fh5z450nnwqerwljzn426ffknfs9x8gcqgffst,,,,487585823522,,25000000000,,0,264,445,487585823522,264,0,0,0,0.019,340000000,25000000000,0.0067
pool1jrsmda62uar63wrndmdg3jupdtmmtsxmnqt66r3mm33wj2fd2yh,,,,509766415,,500000000,,0,1,445,509766415,1,0,0,0,1,340000000,500000000,0.0
pool1jrst9acplgqk95469zu68xv5xj802lqxe682jjsd39z26ddj8ur,,8888,,7952568,,8000000000,,0,2,445,7952568,2,0,0,0,0.0088,340000000,8000000000,0.0
pool1jrws5cpc6nydu0yxrexf5vflgga0fr4qlduz8cs3pgqmye3xurt,,SHIFT,,333649362631,,50000000000,,0,53,445,333649362631,53,0,0,0,0.015,340000000,50000000000,0.0046
pool1js3l2kgut64prz0q0a8px7qtyduclfm3h2kuvrl5gfzmy0waxyt,,Gunda,,484894345,,50000000000,,0,1,445,484894345,1,0,0,0,0,340000000,50000000000,0.0
pool1js570lkcs6t3pwsj3eda0zz43mc5gm922ae5rdxcfn84gu5uyrg,,ASSET,,1627525607007,,150000000000,,0,24,445,1627525607007,24,0,0,0,0.02,340000000,150000000000,0.022400000000000003
pool1js763t3yw63ffsxqpume8974z03hdlm4nddnezhfla6dskln37v,,MYC,,98024643,,14000000000,,0,1,445,98024643,1,0,0,0,0.01,340000000,14000000000,0.0
pool1jsala5rdc0hjewcvu9dujcz8jpfxp7hadqr3r3hzs63skhhtpqs,,,,32395513259281,,,,39,3,445,32395513259281,3,39,16980474328,1429951374,0.06,345000000,,0.4462
pool1jslaut45plz6ek7grjyzxz6kzgerr7p5204h9sprh3msw6d8yht,,,,1189250739379,,60000000000,,0,416,445,1189250739379,416,0,0,0,0.01,340000000,60000000000,0.016399999999999998
pool1jst7rrhucnp93hepezv5yqy6fx982xs2v0udwfc5ea6my3kfak7,,ESTK,,47902526584648,,1000000000,,42,21433,445,47902526584648,21433,42,18620846172,1176005993,0.04,400000000,1000000000,0.6597
pool1jsv2hveu0n6sw7zesdcmc8cfle2xp5w7ma6qlt4xvh62cxly5wc,,BNP,,403738331,,2000000,,0,9,445,403738331,9,0,0,0,0.06,340000000,2000000,0.0
pool1jsxk3ymqv2gdc6mhqk52544g2aun4zhq5wgx6n32l5s3jlne70n,,AKYO,,1840642818396,,1000000000,,1,37,445,1840642818396,37,1,129522777,340000000,0,340000000,1000000000,0.0253
pool1jt7d6ak3m8gnjyxtuxfswe258xzwda80ndl0a57vv5m2zv8h6at,,CARDs,,25185646367719,,1000000000,,21,10992,445,25185646367719,10992,21,9261152908,617728938,0.029,340000000,1000000000,0.3469
pool1jteau4duu849z6udwkam2jzppe2zd3lwlyp05r37lguj2c2v8hy,,,,90316675603,,1000000000,,0,4,445,90316675603,4,0,0,0,0.01,340000000,1000000000,0.0012
pool1ju00mkurj9t920staddyd3ln9r98kktx38jrer0zp82eg8x36jf,,,,114848902,,5000000,,0,1,445,114848902,1,0,0,0,0.02,340000000,5000000,0.0
pool1ju8f57hyvaa32tp85r468kuedvmjmcy56f8u9968drea57p50l5,,AICHI,,67176243373137,,100000000000,,73,1560,445,67176243373137,1560,73,33925003024,510747592,0.005,340000000,100000000000,0.9251999999999999
pool1jufp9k6gmyusvch65ra8yk2s7wu6cx5fsgnltl83p93ejg6h3xg,,FUND,,31209753007827,,500000000000,,23,948,445,31209753007827,948,23,10217271546,495000000,0,495000000,500000000000,0.42979999999999996
pool1jv4yvr5edp7qp690hk3qfudwmw28n2wygjxyhaecqkzeqh0wlem,,WEED,,2239380728474,,420000000,,1,314,445,2239380728474,314,1,131126775,340000000,0,340000000,420000000,0.0308
pool1jv9pf6w2fmjqpaekyt74tjkmjxhma8wsqs8ur3dte45tqdxe3t0,,ICP1,,104303953584,,0,,0,5,445,104303953584,5,0,0,0,0.03,340000000,0,0.0014000000000000002
pool1jwgt6tydz6f4kw7la2hxxqwzq0m8spj3reyju08nm07xjnlg3d0,,,,9551618,,0,,0,4,445,9551618,4,0,0,0,0.075,340000000,0,0.0
pool1jwpt6qmmkvfusvwan4f9pfhn7pljsm33lcqf7ftya3mtc0fs2nz,,,,144698748,,100000000,,0,2,445,144698748,2,0,0,0,0.01,340000000,100000000,0.0
pool1jx4ss2zjage3cw0wht3450328y82yeprmq4fr3e2qtac2rhezkv,,,,30617574043864,,50000000000,,38,321,445,30617574043864,321,38,16702490331,1220936308,0.05,340000000,50000000000,0.4217
pool1jxv3my3c70e8pfr0cgm6esatehey2ml3v0qk8x236aw32eu0fcy,,COINZ,,2647114181115,,100000000000,,2,289,445,2647114181115,289,2,548894596,351320552,0.0187,340000000,100000000000,0.0365
pool1jyn6ynmz6qcpr48et0rkdk9j4vuyn6d0qdlsahc0jls8jrs708g,,,,11536676262,,1000000000,,0,3,445,11536676262,3,0,0,0,0.01,345000000,1000000000,0.0002
pool1jyutduy73e5u9877uns3k9rm0tf4r24j8lrn4xtkjpl3q5sn5mw,,KOALA,,10689243074840,,500000000,,8,559,445,10689243074840,559,8,3267156165,391690744,0.015,340000000,500000000,0.1472
pool1jz4vmzq5zkedem6wep8c99fxatxgvymlvdzs9qxxn7xsuv4m8um,,,,6001245,,100000000,,0,1,445,6001245,1,0,0,0,0.01,340000000,100000000,0.0
pool1jz5ljsnj4fzmk84j0wcw9ldy866dn07nzqg2ktyuyjvfvr3jgtq,,DIGI4,,35863380884938,,215000000000,,34,1360,445,35863380884938,1360,34,15174332284,733765453,0.025,340000000,215000000000,0.4939
pool1jzk8rwf2fs5l02dmm6pm5tnw9stmd8jpmvsy54085vu2u2656re,,ETO11,,70076243140043,,0,,62,2,445,70076243140043,2,62,,29295036173,1,340000000,0,0.9651000000000001
pool1k0d5szkmzsw6035ytsm8dv75d4ewu5gkm7c7dhsjug9uvkaunz3,,,,96634341,,100000000,,0,1,445,96634341,1,0,0,0,0.15,345000000,100000000,0.0
pool1k0h45kcsfynjfyplgn6qpaw40n3cvlcrdryez04x40ayq6w9dgh,,,,7054091,,100000000,,0,1,445,7054091,1,0,0,0,0.2,345000000,100000000,0.0
pool1k0sdhxunrkpv6dqdhhn3wkul8ytxhskt9erw94h66xe46nsqp0c,,ON1,,2173635727,,500000000,,0,6,445,2173635727,6,0,0,0,0.01,340000000,500000000,0.0
pool1k0ucs0fau2vhr3p7qh7mnpfgrllwwda7petxjz2gzzaxkyp8f88,,POLY,,56745897505230,,1000000000000,,54,2649,445,56745897505230,2649,54,24648173760,340000000,0,340000000,1000000000000,0.7815000000000001
pool1k0uv5fhsr74we0w7gfkv6m7r9rfpvgz2u7v66ppe0vxsvj0pzvt,,,,1560678754,,100000000,,0,4,445,1560678754,4,0,0,0,0.9,340000000,100000000,0.0
pool1k0xa8wlsntmjhtw2shj3tspqd4kjyquw9tuyx5s7zz5jsyw4y2p,,WMOPS,,11941041421206,,150000000000,,7,779,445,11941041421206,779,7,2218856737,340000000,0,340000000,150000000000,0.16449999999999998
pool1k0xrqp03mn9u3q3sadndd6vu9udl5v38xpzyw0shm8sskuxw2av,,JP2,,44489109897426,,50000000000,,52,147,445,44489109897426,147,52,22986333210,1551755084,0.05,340000000,50000000000,0.6127
pool1k2224hj6uhdgkflj6ncqvmfhqvhlhj0t8crhqux5mphwwumupec,,,,21823915340896,,,,25,1,445,21823915340896,1,25,,11822209015,1,340000000,,0.3006
pool1k2qhlrrweu8fecd4hx4hn22lv00nrd3rjdxj6durax7m78q7ynu,,,,29793084742528,,0,,20,3166,445,29793084742528,3166,20,8199008914,1251001008,0.1,340000000,0,0.4103
pool1k2rhjxppp87k488zfeu9t24hl4jgjrjcqxwfg4q7jcu6wvkfwpn,,,,224410597757,,,,0,2,445,224410597757,2,0,0,0,0.01,340000000,,0.0031
pool1k2yfr7tapqzfgdn7vq2u44225rtqxctelr6dp0xjqggrwnx9hnw,,BPP,,655120932190,,27000000000,,0,77,445,655120932190,77,0,0,0,0,340000000,27000000000,0.009000000000000001
pool1k3mtxd2duy4848gx8knvlsas7w77f3k2cplwk6hjul72646fjte,,QUACK,,1002437424,,1000000000,,0,1,445,1002437424,1,0,0,0,0.01,345000000,1000000000,0.0
pool1k3qcz2ruwtgv0vduu6jhzu7d7uu6ca7sxz7lc3sxzwxay98k842,,BNP,,2408472854,,2000000,,0,6,445,2408472854,6,0,0,0,0.06,345000000,2000000,0.0
pool1k3wpsc8q8za2qeptx5kv73r76hs5gvp59gga6ad6u5hnj3scy3q,,CPU,,81865859317,,4000000000,,0,17,445,81865859317,17,0,0,0,0.02,340000000,4000000000,0.0011
pool1k468tmpfxqexnwyf3y7e3syglyxzmuqggmjm3cc4gy3skmm557a,,,,1300606446549,,10000000,,2,74,445,1300606446549,74,2,74927820,358171849,0.03,340000000,10000000,0.0179
pool1k4ejdzlnd83l8f8xm5t0m4uv5q0tzexpm23f6cg7lzzayrquzqw,,MS8,,4496646957305,,30000000000,,4,138,445,4496646957305,138,4,1500481721,378755874,0.025,340000000,30000000000,0.061900000000000004
pool1k53pf4wzn263c08e3wr3gttndfecm9f4uzekgctcx947vt7fh2p,,VAULT,,78753167071,,10000000000,,0,32,445,78753167071,32,0,0,0,0,340000000,10000000000,0.0011
pool1k633phcvz2hjhj45evwwau4w576jpq83acg5h84w23jauqu56cw,,NORTH,,44125754423796,,10000000000,,41,1297,445,44125754423796,1297,41,18959583122,340000000,0,340000000,10000000000,0.6077
pool1k65vmd0uyy0k5eylunwakd99m9j0n2hfynkxzd9472276m32p50,,,,150774830840,,,,0,2,445,150774830840,2,0,0,0,0.03,345000000,,0.0021
pool1k6altfangsst2mmxg8a9wvg3dppyszu8ckfzd3uv6azgw3z2txy,,ELITE,,2050872350982,,300000000000,,0,277,445,2050872350982,277,0,0,0,0,340000000,300000000000,0.0282
pool1k6knum588fm9fe5tmljeytyx65rv6h5jn8au824t86zt62nyd9e,,ZONE,,1465400503871,,0,,1,275,445,1465400503871,275,1,104603479,341328695,0.01,340000000,0,0.0202
pool1k6u3rdl30ruf85q3jpzcfyq4ta0umrxdlt30rcpxqqasumcnkgu,,,,1008611006,,1000000000,,0,1,445,1008611006,1,0,0,0,0.005,345000000,1000000000,0.0
pool1k7asvr2vd28jxw25fsh9pxckt5ykadhn8ua4x88vu39dzquvqvh,,PRIZE,,31078354887,,300000000000,,0,3,445,31078354887,3,0,0,0,0.018,340000000,300000000000,0.0004
pool1k7ku4sqvepztwqfvqj7wjadcsw96mancwyf8spty9tm0jfnwls9,,,,240722383,,20000000000,,0,2,445,240722383,2,0,0,0,0.01,340000000,20000000000,0.0
pool1k7zrx5rw6cvef9m5qtp9sy4e53u93kwqx73ykz7md9gmwgf56yk,,,,12173979088291,,,,9,6,445,12173979088291,6,9,3872964938,379125054,0.01,340000000,,0.1677
pool1k8l84smxjczp2mpqmn7qsd23j7h4vd7rwagdscsrjecvgplkmw8,,,,1000000,,600000000000,,0,1,445,1000000,1,0,0,0,0.02,340000000,600000000000,0.0
pool1k8mxlherc4vmfk9pmxs0rk27qmu3sqy0gsdck4gwduz57xsepak,,LOFI,,271167129,,100000000,,0,2,445,271167129,2,0,0,0,0.01,340000000,100000000,0.0
pool1k8w7ylxa542hwymnwmuumpnudz7j9ae582wqecxv9n24zu8fptq,,,,32226115558,,,,0,125,445,32226115558,125,0,0,0,0.02,340000000,,0.0004
pool1k93a7tazk6uhy0pe26pau9hthyn9kmtdcdl9er5kw9w82fl5j2w,,LIFE,,306685167,,450000000000,,0,2,445,306685167,2,0,0,0,0.01,345000000,450000000000,0.0
pool1k99yncea8tq9pfeks3yymyj6fwjf4apx0s490j09m4y66vtyufr,,PUMP,,876889967347,,6942000000,,0,74,445,876889967347,74,0,0,0,0,340000000,6942000000,0.0121
pool1k9xjmvud972vng83669mkveaedteaprnfflqv047y66ugtqjyyq,,,,646744521,,100000000,,0,2,445,646744521,2,0,0,0,0.15,345000000,100000000,0.0
pool1ka8q6my2a5fennpr2nmrj5yzma27d2fkev8lmpfq90kxzjszwgm,,,,366625702,,100000000,,0,2,445,366625702,2,0,0,0,0.02,345000000,100000000,0.0
pool1kadxtp5d8lf4s0jz8qens8gsfsptahf6s0ynjtvjussmzvzzk8a,,META,,277097483600,,200002000000,,0,24,445,277097483600,24,0,0,0,0.025,340000000,200002000000,0.0038
pool1kc0stmq7jpatnvrfatkxcejq2mqk74k2kkg8vyyuvmf2uk5gmyt,,AIM,,101801442662,,2500000000,,0,17,445,101801442662,17,0,0,0,0.04,340000000,2500000000,0.0014000000000000002
pool1kccqxg032r6dcqqpvmv87azttcug5ug6cur9pa7qkuwc5ze4pxa,,HUDO,,2071416797871,,0,,1,16,445,2071416797871,16,1,131153427,341325006,0.01,340000000,0,0.0285
pool1kcfe6evpfmh5rh40yta3qrrudsy956scuwfl7wgts0z926z6kuw,,,,41415460384995,,,,14,2,445,41415460384995,2,14,6055368692,559625286,0.035,340000000,,0.5704
pool1kchver88u3kygsak8wgll7htr8uxn5v35lfrsyy842nkscrzyvj,,STKH1,,5880633824882,,50000000000,,4,268,445,5880633824882,268,4,1533464636,340000000,0,340000000,50000000000,0.081
pool1kcnh9avc9jgelajcja7y6wsvjdaulkqj02azcszjvm3pwmksr0l,,MS7,,1711348044551,,100000000000,,1,190,445,1711348044551,190,1,121642112,343317112,0.025,340000000,100000000000,0.0236
pool1kcrr7re05pwesye0zh00a4xxnsrw5c29rd82fn4qecdcqu5rue3,,4WARD,,900670923150,,200000000000,,0,22,445,900670923150,22,0,0,0,0,340000000,200000000000,0.0124
pool1kcvaxe4q4npwt28qlr3h84htjf4qrqglqk3cr2484ptycr0ldut,,,,46121546862041,,,,40,3,445,46121546862041,3,40,17632022169,1268001167,0.05,340000000,,0.6352
pool1kcwfpv65agclgu9p6eetn6x4q0zexzgr5v2cl9255qlwjjqr56v,,,,1773860,,10000000000,,0,1,445,1773860,1,0,0,0,0.01,340000000,10000000000,0.0
pool1kdfznpenxa9wwcz8tweump45k5h78h8hl4slv78fdypsug9ypc6,,DOW,,7308013487265,,10000000000,,7,42,445,7308013487265,42,7,2910694731,384518685,0.015,340000000,10000000000,0.10060000000000001
pool1kdhhrsl8av6gzr7vrf5q06pwlrsr8646wkjkg0h550tw6vxf8mv,,VIVA,,335896839515,,500000000,,0,14,445,335896839515,14,0,0,0,0.029,340000000,500000000,0.0046
pool1kdr3lv2e7h5tx3gp3fwrpxhaj8cxh7v422uwj84enqxf6j5flj7,,REYTS,,753294328,,100000000,,0,9,445,753294328,9,0,0,0,0,340000000,100000000,0.0
pool1keasvddt9vndl8jyhg204s6kqusv5zgzg3kk3l3g949ew402ahe,,UPSTR,,1712561791527,,15000000000,,1,58,445,1712561791527,58,1,128044330,343313116,0.025,340000000,15000000000,0.0236
pool1kez2gdqpwq2d3xd5k5q4enea59sp8tmgqsyt0rtmgxvuyykz8qg,,CSPS1,,561645229,,35130209624,,0,3,445,561645229,3,0,0,0,0.04,345000000,35130209624,0.0
pool1kezxjgklzx3zf83y9wzsa63esajfgaz0wyjjyag44lmz22ptvks,,,,125228204969,,10000000000,,0,67,445,125228204969,67,0,0,0,0.03,340000000,10000000000,0.0017000000000000001
pool1kf6n7rmuwpcxxxqd27wsz05pkpqgdgea94kfk7vw9njs2nhccmw,,,,4861561854,,100000000,,0,1,445,4861561854,1,0,0,0,1,340000000,100000000,0.0001
pool1kffetqjt06qvk4995tz3e3q9h3c8cdq9eedrz8qr3ynnc63qckz,,LUNA,,1386713490976,,1000000000,,0,140,445,1386713490976,140,0,0,0,0.01,340000000,1000000000,0.0191
pool1kfu02878dsz2l2pml9r42fvh32l4zn3msjvgfx077q3yx2xgul8,,WOMEN,,163923466029,,25005000000,,0,19,445,163923466029,19,0,0,0,0,340000000,25005000000,0.0023
pool1kgwaa6fhpaqu8v4hrk35lzjhjsa6typ55ammszhd2q7zkxv5v40,,BNP,,557921941,,2000000,,0,3,445,557921941,3,0,0,0,0.06,340000000,2000000,0.0
pool1khwvcz8jz9auk53k698ywgr6ams27hrz20vnwqx2d4xggscp93f,,,,1242817440499,,,,0,32,445,1242817440499,32,0,0,0,0.015,345000000,,0.0171
pool1khyv2zj3asyhz76a4r2ky42sdxn3gqu3lcyw3sj74trmwhlc5ud,,PALMA,,933642773744,,50000000000,,1,13,445,933642773744,13,1,120869722,340000000,0,340000000,50000000000,0.0129
pool1kjcnrqhv5dqds32qy8qsc8ffswy20kwvf04f73td3nuezvgl9nn,,2six4,,223635466416,,100000000,,0,19,445,223635466416,19,0,0,0,0.03,340000000,100000000,0.0031
pool1kjd9ff9u5ytq4atavv2dfsg3pvxqw8d50642pzmpn386zel0ka8,,HASH,,7736047030774,,101000000000,,6,57,445,7736047030774,57,6,2364184854,439846889,0.04,340000000,101000000000,0.1065
pool1kkfkdces5mdcyc9dn2hgg3463jggjvw3h89nejjarkz25uavaqu,,1PCT9,,16980187283160,,50000000000,,11,346,445,16980187283160,346,11,4793843927,388585771,0.01,340000000,50000000000,0.2339
pool1kkmk9dnzrrjtnsejttydecmq63x4dpkln70yfledaednj7mf7rk,,LUM,,611660750959,,2000000000,,1,14,445,611660750959,14,1,48881328,343160546,0.0238,340000000,2000000000,0.0084
pool1kks6sgxvx7p6fe3hhnne68xzwa9jg8qgy50yt3w3lrelvns7390,,lido,,1762061492285,,1000000000,,0,225,445,1762061492285,225,0,0,0,0.02,340000000,1000000000,0.024300000000000002
pool1kkwd6say8twq3z9e36v57adw02j2x52ascd6eumxy5zd66qm4fa,,NDE,,17976868729,,10000000,,0,21,445,17976868729,21,0,0,0,0.03,340000000,10000000,0.0002
pool1kllc67fn00yqpffw8e9dqnlcaa733h9u5nwx97vhtjlw2t5e56j,,KEEN,,9892022,,1000000000,,0,1,445,9892022,1,0,0,0,0.015,340000000,1000000000,0.0
pool1klq8yy3rr6k4ez7uwkzz5ku3yuym3eeg6g2ne3p9f4hnzfycfkl,,,,4310452,,0,,0,2,445,4310452,2,0,0,0,0.075,340000000,0,0.0
pool1km88m74x0l6gax9whuw9v86ftejwztxyg4arfh5cartjv8eqsze,,,,2141719129,,,,0,1,445,2141719129,1,0,0,0,0.15,345000000,,0.0
pool1kmmahq4upmm5j8fkh3xa9vd7gdffkp8pd4axucfh4w4dw549yqe,,,,72503789439085,,,,82,1,445,72503789439085,1,82,,50085158200,1,340000000,,0.9984999999999999
pool1kmsr376syqkluhxvv8k2axugqw7unjmlkwhfxjxtj7cw7qcn0jn,,,,13388559805807,,100000000000,,8,1312,445,13388559805807,1312,8,3346758729,408829686,0.02,340000000,100000000000,0.1844
pool1kn059wyuuff0srprtvufv327th542l4c25e5hhcmwlsjymwr32d,,,,504683670,,500000000,,0,2,445,504683670,2,0,0,0,0.02,340000000,500000000,0.0
pool1knjqx4qtcjhvqrnmgs3yccfvjl6efl5vrcgezunktqvsx5tjrcq,,,,1275851934967,,0,,0,347,445,1275851934967,347,0,0,0,0.039,340000000,0,0.0176
pool1knwd92dnngrypyvj3egguuxtl8g8elxarlvaqsyjewvh7sjla2g,,,,16424855969,,14009822531,,0,3,445,16424855969,3,0,0,0,0,340000000,14009822531,0.0002
pool1kprt6l4quz03dhqx8jw22spdjvp5dkshdnn567vlexqkj35hd8a,,BDRK,,100249990749,,25000000000,,0,17,445,100249990749,17,0,0,0,0,340000000,25000000000,0.0014000000000000002
pool1kqpy3de52m07versalrkqd57w2qh5cze3wupwrgx39m5gvtkjct,,,,493619014,,480000000,,0,1,445,493619014,1,0,0,0,0.01,340000000,480000000,0.0
pool1kqxgjf0zl60g88fxl3l8tpwu52pq78es33kqyaahgr2a7xh9g9t,,,,644972512,,,,0,2,445,644972512,2,0,0,0,0.069,340000000,,0.0
pool1kruxznxaqgramllcc4c5sxm6wlsn9auah46xyawkek74u8aurxd,,,,6175002407316,,,,8,25,445,6175002407316,25,8,343799,3779676259,0.9999,340000000,,0.085
pool1krznhwu3h5pu2stuslr53z5rme50t6384macsmylcnljwc7yjky,,LEAF,,24279425154545,,150000000000,,27,649,445,24279425154545,649,27,12311953247,340000000,0,340000000,150000000000,0.3344
pool1ksazs9mzcuyr3mfrvw48dc5wkgsjceztakymmv7jpxle7l2nfs0,,TOAST,,2780425927588,,50000000000,,5,664,445,2780425927588,664,5,1943755387,380459640,0.02,340000000,50000000000,0.0383
pool1ksfzungz56vxa9sy6hr54v5hf6qx8rmcu6734gqm3qlxucveed6,,EUSKL,,1527811095236,,5000000000,,0,245,445,1527811095236,245,0,0,0,0,340000000,5000000000,0.021
pool1ksh2u6kktx74ugv8jadrdqttwyjz9074ke82xt6j0qgfvdn43a5,,,,3902237770455,,1000000000,,0,246,445,3902237770455,246,0,0,0,0.01,340000000,1000000000,0.0537
pool1ksh2zpeeqe0rpcug63up5l66g3kr5vf58jraeun82rur6m4g6xz,,TRUST,,1037826093111,,200000000,,1,117,445,1037826093111,117,1,37171469,340662200,0.005,340000000,200000000,0.0143
pool1ksrg8a964464las0ymw88slrwxkychjz9lh09lqltu5m7nw3pq0,,QUEEN,,17601854526618,,10000000000,,17,2143,445,17601854526618,2143,17,7157115177,472729025,0.0069,420000000,10000000000,0.24239999999999998
pool1ksz6vfc4xqdxyhp06h4n7kckh60370cy2t6m3wfgdxtug7ph4x0,,,,69010312122101,,10000000,,81,2,445,69010312122101,2,81,,48491576596,1,340000000,10000000,0.9504
pool1kterawv22xya864tqjy9pq2ftmuptlggywtqt3p7adexg7qyl6u,,INDIE,,1242140210161,,10000000000,,0,31,445,1242140210161,31,0,0,0,0.01,340000000,10000000000,0.0171
pool1ktg9hvae8kluwnr29khma3mxd7ffjj9k5l0yjdqlmazjclv4j3d,,,,2618354,,500000000,,0,1,445,2618354,1,0,0,0,0.075,340000000,500000000,0.0
pool1ktgug7wwf9k4hcsuk68ftkh8xs5n0333fzxyw9sagz8njhlskgm,,TREE,,5208757477477,,122000000000,,7,158,445,5208757477477,158,7,2871581232,340000000,0,340000000,122000000000,0.0717
pool1kttdj98xlssts4kzwyvsuj905f30q096ptzcses2ze25ca9uerx,,,,86883798,,,,0,1,445,86883798,1,0,0,0,0.035,340000000,,0.0
pool1kv53mzjwqjp4aw48rczj8vm6hejwfnfwa634czyx5tw5qq3tata,,GRC1,,631533713373,,46000000000,,0,75,445,631533713373,75,0,0,0,0.01,340000000,46000000000,0.0087
pool1kvd03hq8kp0hnxq9lq598a5amrvauj9m386rwx7ydawvjdskwnh,,CAKE,,2106566362642,,500000000,,2,396,445,2106566362642,396,2,526717247,340000000,0,340000000,500000000,0.028999999999999998
pool1kveecu8hx4dk8pe9rmv4q4tjwr9xmq30nacu2pafeljhypcn4wt,,,,26172047637,,10000000000,,0,2,445,26172047637,2,0,0,0,0.025,340000000,10000000000,0.0004
pool1kx0jm9ycs3t99tnwafw6w72jkdlzhj5ltxe2nrzkd9x2u5x343h,,,,546890394,,,,0,1,445,546890394,1,0,0,0,1,340000000,,0.0
pool1kxedw6c34730h344lz0s0z6848005qrs096l8l2whcwly3rcl27,,,,2609445,,0,,0,1,445,2609445,1,0,0,0,0.075,340000000,0,0.0
pool1kxfg47ms0mlszthp5j8uqpmqp6575j0nfusqne5sd7ggy3ntlsz,,WAVE,,5028765872,,2000000000,,0,5,445,5028765872,5,0,0,0,0.01,340000000,2000000000,0.0001
pool1kxsrst6skutusnkng7pj3mucwftp686wzkqxthglwdz0v8s6teg,,VERVE,,503725382,,5000000000,,0,1,445,503725382,1,0,0,0,0.0314,340000000,5000000000,0.0
pool1kxtzkv3ylyc48hgjqkwe93q2vkx67vgzag9tvqfalhwsjs43w9u,,ADAAT,,276065845163,,160000000000,,0,14,445,276065845163,14,0,0,0,0.005,340000000,160000000000,0.0038
pool1kxzfswkhgcmyahh6lfjpy5uxh75qzsnlyprh3450av9jghsda89,,,,12621038,,5000000,,0,1,445,12621038,1,0,0,0,0.03,340000000,5000000,0.0
pool1kyn4xguhrd600j4y9kvksptzjk8k4hz5rdcrxx3qw3jksuwjnwz,,,,2342381143,,100000000,,0,2,445,2342381143,2,0,0,0,0,345000000,100000000,0.0
pool1kyt9cjwtp0sf8evu4sn7rumeup97ds5ul3kwz2ym00gajqvg4r9,,,,14031392774,,,,0,4,445,14031392774,4,0,0,0,0.01,340000000,,0.0002
pool1kz0gh586tn9fh77fgc7em9tl6d82e3ly5quwsvvfevvszt64g8d,,,,2568212709,,,,0,2,445,2568212709,2,0,0,0,0.02,340000000,,0.0
pool1kzf7zw2y05e7lyd7ht0nluh39fzmurm2wuvshvut6l6twu0el44,,キティ,,8185315972,,4000000000,,0,2,445,8185315972,2,0,0,0,0.01,340000000,4000000000,0.0001
pool1l06jygvntdfqt77td6g5rp9s4nycue0vq837jmrygyktke23pcy,,NVSTX,,167371943389,,10000000000,,1,249,445,167371943389,249,1,123341199,341325188,0.01,340000000,10000000000,0.0023
pool1l0m820vyqh5pp2yzpw973qzz23neqqd977u0uczh9fs9zqvg0je,,,,70401805121781,,,,58,133,445,70401805121781,133,58,6533935094,1641843999,0.04,340000000,,0.9695999999999999
pool1l0pmgdsymmdntuyan4snj88q8nm9axemwefu5ymkuq2s6gr90cn,,SWIM2,,2767120720086,,0,,3,458,445,2767120720086,458,3,1023374751,356170999,0.015,340000000,0,0.0381
pool1l29evaq9jz5k8r5t2jx2q7vjcamwlk3754h4p7xen0mn6f3le20,,GREAT,,54196552982,,100000000000,,0,5,445,54196552982,5,0,0,0,0.03,340000000,100000000000,0.0007000000000000001
pool1l2eyll8qvywzjrssyyw2cqymzdn2u88vujsu2lg3ph06zem2ykv,,CLYDE,,49968594171,,6000000000,,0,55,445,49968594171,55,0,0,0,0.02,340000000,6000000000,0.0007000000000000001
pool1l2t9xjhx3m3sesjcece9mgz6xk7rwq3rhj3sv0durtmrvdujc46,,,,834777567908,,,,1,328,445,834777567908,328,1,130448547,341325053,0.01,340000000,,0.0115
pool1l37xvdpcl49kr3wscpjp9pr854g06nnjrlndtu3h7k6pvfapgap,,,,19689966180176,,1000000000000,,10,603,445,19689966180176,603,10,3984514501,449796894,0.025,340000000,1000000000000,0.2712
pool1l38lxca7tzp0trqedr97usd0zk89q2x74qrez5xcafxechcw452,,,,64218719634,,25000000000,,0,1,445,64218719634,1,0,0,0,0,340000000,25000000000,0.0009
pool1l3rf0h8s6fdw8g4vy8qg7fw3wwj8jdm3hg0wwwycnvj8xcl2ps8,,WALL,,3674806822,,1000000000000,,0,8,445,3674806822,8,0,0,0,0.012,340000000,1000000000000,0.0001
pool1l3u6jww4npkx2e0utcsmkhwjjgnp43w62exrqwzm8wudg0457e5,,ACE,,8631314979,,0,,0,3,445,8631314979,3,0,0,0,0.01,340000000,0,0.0001
pool1l3wdq3cec23jadkt2cx384vtgd75ncau33smrptwj87n2wedc0d,,PIVT,,4989811624901,,1000000000,,4,11,445,4989811624901,11,4,,1890010137,1,340000000,1000000000,0.0687
pool1l40jtd7he9dv272md7jxp9yctj5glc598r6d3f5xv93qkx3e5z5,,,,23526786178,,,,0,26,445,23526786178,26,0,0,0,0.02,340000000,,0.0003
pool1l4synes9s3swlf5r5rsfpede3582r4km2wd94xctceyaudv9zx3,,STAYK,,544150506310,,3000000000,,0,89,445,544150506310,89,0,0,0,0.01,340000000,3000000000,0.0075
pool1l54esv8h5xjry9ms3jq4mnf49vwt3yuxl5fdudp7jpdx2swuaah,,,,19453176,,4700000000,,0,1,445,19453176,1,0,0,0,0.01,340000000,4700000000,0.0
pool1l54qvzlg2jfalkcram9kxsa8vcmgy0fz845q5gptjq8k20kzg2r,,RADAR,,3291813993857,,100000000000,,2,176,445,3291813993857,176,2,569642738,346051627,0.01,340000000,100000000000,0.0453
pool1l5c0jhhlknegjgqzpyq78f9dqn6dxkzmc3548hnk96xqcf7spx2,,,,86112567993,,,,0,3,445,86112567993,3,0,0,0,0.05,340000000,,0.0012
pool1l5jfc3zv4nue29uqh32fvz9khstd24azmxjltus3s90ckzw37p8,,PLRS,,55308833,,50000000,,0,1,445,55308833,1,0,0,0,0.01,340000000,50000000,0.0
pool1l5kwfudnqrhw3k4lwzcppu36nun9puvvr7xnanuz8a2zx4jaek5,,ADOPT,,3991645602265,,250000000,,1,271,445,3991645602265,271,1,126336449,345566650,0.042,340000000,250000000,0.055
pool1l5tmww2aqkhl3lfcrced6xpsd30pzx65p6v4e48v29g4jtlvf3d,,,,2621434,,100000000,,0,1,445,2621434,1,0,0,0,0.15,345000000,100000000,0.0
pool1l6946mnu54f6v0we4xzra8kwm68ch7fphhxvgytd0m4lzk3pats,,SMACH,,2299710409,,150000000,,0,3,445,2299710409,3,0,0,0,0.03,340000000,150000000,0.0
pool1l6aeyn35nkqkn9lqqlwqnpraakdzuukjrqprcrj3sctk6hhe32k,,OYSTR,,4925225284372,,400000000000,,3,157,445,4925225284372,157,3,962452548,340000000,0,340000000,400000000000,0.0678
pool1l6hkustv67tynh66w46mys94wsxhwddgp28k3r5twwlsv80uw0k,,CASCH,,1622284102514,,50000000000,,0,31,445,1622284102514,31,0,0,0,0.025,340000000,50000000000,0.0223
pool1l6vtae673eltsx86sk4xxr3fnn9tk8e99jkrdvcmjqlc6cca4nk,,,,19080244905713,,,,15,3,445,19080244905713,3,15,674297,7086834291,0.9999,340000000,,0.26280000000000003
pool1l7elukrgntsdwrt0hyu6sshw0rk05y82k4sjwse8u79hkhf862z,,BNP,,3399439413,,2000000,,0,10,445,3399439413,10,0,0,0,0.06,340000000,2000000,0.0
pool1l7xwy6sswcpxcepf9m43sez4kwgrgxuw5ekhkavj3k2lv6njvec,,,,32387798223824,,,,30,2,445,32387798223824,2,30,12987297681,1174801057,0.06,345000000,,0.4461
pool1l8myd66tqjk75kh7uk9k8nyl20sd4qs33s4tzzn927ujyl7ahyk,,KURD,,1269390120668,,500000000,,2,106,445,1269390120668,106,2,401477777,358179911,0.03,340000000,500000000,0.0175
pool1l8pvaam6f2wj2ank46uywp32wwapqga8e8utve3mgzzuxksc3tq,,COR,,315197164627,,70000000000,,0,4,445,315197164627,4,0,0,0,0.025,340000000,70000000000,0.0043
pool1la0t0gsskwejyfca5lchw5aqd5g8hknxdu6tuyqp0ttjxl6zt35,,HUNNY,,1665097878811,,5000000000,,2,71,445,1665097878811,71,2,602791341,340000000,0,340000000,5000000000,0.0229
pool1la6wjq8uaqctd05zw58dczxp6csf2z66wf726kdfyr9l7hnr6jp,,,,2762099091132,,,,2,2,445,2762099091132,2,2,598852816,345000000,0,345000000,,0.038
pool1lakxjm7v0q03xddynffn6m2wfm27pms3z9enztwvu7k0297tcr7,,,,1006114892620,,,,1,7,445,1006114892620,7,1,129715177,340000000,0,340000000,,0.0139
pool1larpvn53yyufaf8fh89nrrpgruqcq8mgxrtdxp5y87cqse3yfg2,,JP5,,11577495068501,,50000000000,,12,65,445,11577495068501,65,12,5038404747,606558678,0.05,340000000,50000000000,0.1594
pool1lav5pcqxrewgc03h7aky00tmuk4cawwluslkctgmwnczsgnmn9v,,PUFF,,30011897375,,1000000000,,0,12,445,30011897375,12,0,0,0,0.025,340000000,1000000000,0.0004
pool1lcl9j8zzqtcd4g2gf5zgexcqmnmjtvje707hupngymjhq43yk3s,,,,23482538,,10100000000,,0,6,445,23482538,6,0,0,0,0,340000000,10100000000,0.0
pool1ld9hkah2dkzh73pvh9tf6xr0x28us34msv3zcv2sase5vhvq962,,KOPI,,62568046495434,,1000000000,,70,2252,445,62568046495434,2252,70,32295055771,602231690,0.008,340000000,1000000000,0.8617
pool1les50pm26wpf8gym7cda470xgfswukzhyykvhyfsfl4dcu2ezj4,,SGTRS,,7663890703644,,1000000000,,3,11,445,7663890703644,11,3,1035291471,372325281,0.03,340000000,1000000000,0.10550000000000001
pool1lev7ygxcqd4aw5em7wf7y64au4hv04yl5cew27lkjmgngj46vqk,,,,70029101898688,,,,75,3,445,70029101898688,3,75,33342666568,2094877188,0.05,340000000,,0.9645
pool1lf2u2m27y9lsu342xvmyxjfvuyzua487whmddt883kmay4mxjeg,,,,97052335,,,,0,1,445,97052335,1,0,0,0,0.035,340000000,,0.0
pool1lfnlxfxxwvjadesxzm4c7grgs3elj70vfdnpjwjmg0ufsqnq52t,,HISAI,,28750004860262,,100000000,,36,64,445,28750004860262,64,36,16611379584,398345098,0.0035,340000000,100000000,0.396
pool1lfsslc99da8jhj5apzctsnfm76kjc6ndyc6hnynagcj8xexvjsr,,,,32366852405589,,,,36,2,445,32366852405589,2,36,15650157008,1344901269,0.06,345000000,,0.4458
pool1lfvzgsrghmugvpym868mh29288ez0nncz680mamzjygu2jpuwcd,,NORTH,,60337591670005,,10000000000,,49,1789,445,60337591670005,1789,49,22476196055,340000000,0,340000000,10000000000,0.831
pool1lfwwrwm3hrrv0s0ttf8t23p65xru35f7lvty8q0dhq90wudsp66,,,,97052335,,,,0,1,445,97052335,1,0,0,0,0.035,340000000,,0.0
pool1lg4pepngyq03jdkskr3689pv4a4djra9q8nkzu6hwtzezwanhyn,,CDTRN,,35392451029,,10000000000,,0,6,445,35392451029,6,0,0,0,0,340000000,10000000000,0.0005
pool1lg4y9djpazcpaag230mawgx4w43vmld7xcd7rq35lpjvkn333nj,,GRUNT,,111625680,,100000000,,0,1,445,111625680,1,0,0,0,0.1,340000000,100000000,0.0
pool1lgves5hhdt5h6jzy7sf57l6gq9x3csf5w05ymv5zq7a9jfwn7kk,,AdaPi,,1001425841,,1000000000,,0,1,445,1001425841,1,0,0,0,0.005,340000000,1000000000,0.0
pool1lgzryt60tckrjspn7z0gxup6ms6srd2xmtl9y7wvt5fsxnd2qxh,,,,11124650189,,100000000,,0,224,445,11124650189,224,0,0,0,0.015,340000000,100000000,0.0002
pool1lhgjma5lejn65er7lxfsqxa0lgcv9r9wrntse9wjm834qp89chh,,,,2599921732854,,100000000000,,1,1303,445,2599921732854,1303,1,121156779,341326878,0.01,340000000,100000000000,0.0358
pool1lhvpgr8lhsf6h03v9zqxm74pa63rdxx4yuvkqfw4tv9fua8t37a,,OSAKA,,12926459568220,,1000000000,,11,86,445,12926459568220,86,11,4692883298,485757287,0.03,340000000,1000000000,0.17800000000000002
pool1lhwzsyhh7dmw9wuz7qxnml2z5ef5303lp7jxgss2qnat22sprgx,,UNION,,155027547309,,50000000000,,0,9,445,155027547309,9,0,0,0,0.01,340000000,50000000000,0.0021
pool1lhz4gsk5ezdl5s4mv2kxgrkhzzhad6me2v0xmwuyt845vensdlc,,SECUR,,69162594267449,,100000000000,,70,2905,445,69162594267449,2905,70,32605286921,340000000,0,340000000,100000000000,0.9525
pool1lj9t0saaxejj6drmxefgejwuy47lx4ewwruwvn3uttyuw6f5389,,ADBV,,501251536,,7000000,,0,1,445,501251536,1,0,0,0,0.08,340000000,7000000,0.0
pool1ljlmfg7p37ysmea9ra5xqwccue203dpj40w6zlzn5r2cvjrf6tw,,AAA,,34593454201357,,300000000000,,41,1830,445,34593454201357,1830,41,10271993172,670220672,0.03,340000000,300000000000,0.4764
pool1ljqjqskd4f4zekzddw204u5xtzhyz2cllq5v5dmn27zdwf9c70f,,,,46958007638242,,,,38,1,445,46958007638242,1,38,,1069487061,0.04,340000000,,0.6467
pool1ljywsch33t7gaf02aeeqkqpuku0ngpwl9fm04t7u5sl5xyunmgp,,AUTO,,33908891435175,,100000000,,32,1306,445,33908891435175,1306,32,14722429263,340000000,0,340000000,100000000,0.467
pool1lk0hu3njxgra3emgfa73268el89qzytecff0fzz982avvjsw3l6,,IMPI,,713336155333,,10000000000,,1,17,445,713336155333,17,1,125363329,343975594,0.03,340000000,10000000000,0.0098
pool1lkcd3w5g6s6v3hf6kwt55dqpalrmq9h9f3ec033nnzhvgjgl860,,FUND2,,4821763111415,,500000000000,,2,161,445,4821763111415,161,2,401637000,495000000,0,495000000,500000000000,0.0664
pool1lkpj6fa4l0sy39qfvyl4pcsnnd22y8np8j98vzwula2kuxgers4,,JOY,,19403556009274,,50000000000,,17,721,445,19403556009274,721,17,6997340779,494778101,0.02,340000000,50000000000,0.2672
pool1lkuwrel3s8er6v0snw69gumsaugydz9n0vl87n7mygh576mwcy0,,ATFF,,121595298652,,25000000000,,0,51,445,121595298652,51,0,0,0,0,340000000,25000000000,0.0017000000000000001
pool1ll5mu4rgne203spelzdgrse0v7yk9rfzkp243rtt60rgu8mh3q8,,WAN,,60696352815,,10000000000,,0,5,445,60696352815,5,0,0,0,0.005,340000000,10000000000,0.0008
pool1llfrhf0htc528jcmp9dr2tzsjnt93y2gkjfjn5znjh9a79avwv7,,WMTX,,323142548734,,10000000000,,2,6,445,323142548734,6,2,321278457,340000000,0,340000000,10000000000,0.0045000000000000005
pool1llknxwa7zzugc52mnv3lpxgh7az8wnqylrxxfqhzzm9e2eufug3,,,,229374109,,50000000,,0,4,445,229374109,4,0,0,0,0.2,340000000,50000000,0.0
pool1lllmq2jgcqrag5c77lpc5m34fsqn63leadyx9tzx842n66ly3ql,,,,175951352466,,100000000000,,0,60,445,175951352466,60,0,0,0,0,340000000,100000000000,0.0024
pool1llwfa6erdh7k87j06y2z9999jcc84cnezwhg9e2sulrgwzrsug4,,,,4613866,,100000000,,0,1,445,4613866,1,0,0,0,0.15,345000000,100000000,0.0
pool1llxh8l0h8g9ghz3nrzh7ndvev4x43vnk72nsemzm795vxqs6dp8,,JP4,,18732018564900,,50000000000,,14,71,445,18732018564900,71,14,5942834150,653818570,0.05,340000000,50000000000,0.258
pool1lm89trd8cl36k8njlhgsemavry2jymnhddpvtk7fk7r7g4e3fep,,,,32378358178382,,,,16,4,445,32378358178382,4,16,6775716271,777900564,0.06,345000000,,0.4459
pool1lmzhzkdvkh67a8hjcexlhajkk8f7kz2tf35frjut6creqs2kedg,,,,2252614600292,,,,3,2,445,2252614600292,2,3,,1417507601,1,340000000,,0.031
pool1lnk67xp7jsc2e3yyun3fpaqvkx0f3c8q0ml29ge85udeghn2gvn,,,,5513900531682,,487000000000,,6,35,445,5513900531682,35,6,2295869982,340000000,0,340000000,487000000000,0.0759
pool1lnr8t7pxvq3vfg8c5lc7yjcq39haws4ntu28xpxzx4zyya9ntny,,,,73745978105609,,0,,53,11,445,73745978105609,11,53,23592430576,1074662801,0.03,345000000,0,1.0156
pool1lp9pugfvyrjt8rqj5v02yvucchzj27tlru9kwl7nj0fh2mjc5d3,,,,4382058326,,2000000000,,0,3,445,4382058326,3,0,0,0,0.03,340000000,2000000000,0.0001
pool1lp9wmr8dkcceta5we999nvlfh9um06cd6sggtt5523eawf7mtg4,,YYG,,10499675525686,,1000000000,,9,208,445,10499675525686,208,9,3128056382,379407085,0.01,340000000,1000000000,0.1446
pool1lptznmldt230m0ugku9ygx0jucm74y7sgmac4mu5x2x9jznr84r,,HST,,9524058330,,1000000000,,0,7,445,9524058330,7,0,0,0,0,340000000,1000000000,0.0001
pool1lpw2wnj2vrc75fv7f4jnfzgkqvlrxlampz5nmduwve47xgnckns,,,,32450323606605,,,,23,5,445,32450323606605,5,23,9881422562,976350810,0.06,345000000,,0.44689999999999996
pool1lq60ecvs6ake3ntq45sv38v0xq3traf3tvc60vx7263n5c37df7,,,,10277188,,,,0,2,445,10277188,2,0,0,0,0.02,340000000,,0.0
pool1lq7t0qg273vp8t2wzmeyj7sdq2vhu2v87jjplgurpfxcs9afnr3,,,,267965125919,,50000000000,,0,14,445,267965125919,14,0,0,0,0.2,340000000,50000000000,0.0037
pool1lqeg5d3jpwr3nvra568nk28sr8lttyr6cf4yyssdx6qtxea9nmr,,,,43660594249288,,50000000000,,50,28,445,43660594249288,28,50,22100000092,1504495271,0.05,340000000,50000000000,0.6013000000000001
pool1lqpymyzg9glc88r7urptuv0d8t2tu9ty7xtshvxmgpu0j4lp8p3,,VINCE,,8450335370545,,250000000000,,9,2193,445,8450335370545,2193,9,3731190862,379146327,0.01,340000000,250000000000,0.1164
pool1lqucyxuvjktfmpf7fd28j54cfgamyrxed344vnwlm9wqkwjeqwk,,SPS3,,24600675559252,,1000000000,,22,227,445,24600675559252,227,22,9550941291,842741038,0.05,340000000,1000000000,0.33880000000000005
pool1lr54356svvdz4yeqrq69wn6la2025l9r65pm26xxl466gxqqs83,,,,525372401,,10000000000,,0,1,445,525372401,1,0,0,0,0.03,340000000,10000000000,0.0
pool1lr5ku0p3jhykdf3a2kcr0tyra30qvzrtl02dr6uyv98rxdsy3k9,,STAKE,,1896518945034,,10000000000,,3,389,445,1896518945034,389,3,1069363197,340000000,0,340000000,10000000000,0.026099999999999998
pool1lr9vvcf5r5jgkgv5ly7z2lh068ymzg4xmqk5f8pu2k23vt25x7a,,HYGGE,,989626236028,,0,,1,103,445,989626236028,103,1,90490798,340000000,0,340000000,0,0.013600000000000001
pool1lrgpe8s7yskeqwvgu4t6tmkmh8eqwu0xj56yvufpxcn2kjgn7ss,,HUB01,,27516561312,,3815541999,,0,2,445,27516561312,2,0,0,0,0.15,345000000,3815541999,0.0004
pool1lrnyqdlrj97d0ju5j6d9xa8prw0xeyumfd53rz5wk3gf7czqzjz,,TYGAR,,3259097482199,,100000000000,,2,606,445,3259097482199,606,2,574755624,346053797,0.01,340000000,100000000000,0.0449
pool1ls80gx9sen3qc7s6c7u2ajw6hk8faqanljugcg5tfukp6qscetv,,LGBTQ,,289007840113,,0,,0,291,445,289007840113,291,0,0,0,0,340000000,0,0.004
pool1lskcfz80qg2kr2p6776kl9emjn8ulkqsqse7um7skz4y2lwa0cu,,CERO,,56211351889156,,10000000000,,53,2713,445,56211351889156,2713,53,24684463651,340000000,0,340000000,10000000000,0.7742
pool1lssudmnyy4vlzrvpmw4539xwklnx0lm2murc9t7n25u9sg2ce3n,,PREV,,6000000,,45000000000,,0,1,445,6000000,1,0,0,0,0.02,340000000,45000000000,0.0
pool1lugxr82p89qm35spzwccle405t5dfdznhrasyrtr2cyv2vyfud6,,,,210855960847,,,,1,5,445,210855960847,5,1,128405413,343975023,0.03,340000000,,0.0029
pool1lum6jezln4dtxsvjgagnd06uavwps9ntks9rk93h7spzkgyzu9w,,LOTTO,,6409053891,,5000000000,,0,6,445,6409053891,6,0,0,0,0.0055,340000000,5000000000,0.0001
pool1lunsvxzwgxjqf622gq72n6jhclq5juy0mqh9v4ktufdrzulfncr,,,,6992760006,,,,0,44,445,6992760006,44,0,0,0,0.03,340000000,,0.0001
pool1lurfk0k0wwx54hlg8a7zp3jtstu57u59aeq7aketl55hknmmtu0,,,,21216550050321,,1000000000000,,24,2753,445,21216550050321,2753,24,9967483446,340000000,0,340000000,1000000000000,0.2922
pool1luyjjta9jja0nvh4wzqt4jvtesrlt893dj4c7x533dvfq9zshvp,,,,36869740808779,,,,25,4,445,36869740808779,4,25,11241525982,569447314,0.02,340000000,,0.5078
pool1lv7v8r8ge22agkuv2astu503d42v749p6rp3sg8l6twuwqm525c,,,,5341736360,,100000000,,0,2,445,5341736360,2,0,0,0,0.15,345000000,100000000,0.0001
pool1lvgs6gdcgl3lgcc77wxmuyst8x4h9gxcth07pzry0rfsv5ntl3r,,,,32386854163942,,,,34,2,445,32386854163942,2,34,14762161276,1288201198,0.06,345000000,,0.446
pool1lvh0pd5n8c3cjzhgef9y6vfh7cver24hdve6ysnwpa42ys5emms,,RAOOL,,4525391793,,40000000000,,0,6,445,4525391793,6,0,0,0,0.03,340000000,40000000000,0.0001
pool1lvsa8e0dw6z8g2fkw7prnfa7627wuy5jjexaadck6w5sxw5xkvm,,DIGI2,,47765985450483,,215000000000,,34,1269,445,47765985450483,1269,34,15222271198,733828119,0.025,340000000,215000000000,0.6578
pool1lwp52dj9762g7uk2jk3czwywxqaa4753v7x2v56qr5l2znkky4h,,PMP,,1000713424,,1000000000,,0,1,445,1000713424,1,0,0,0,0.02,340000000,1000000000,0.0
pool1lxg4rf0aqqachwft52hs9mtwlmpfyw6jqxyulz0pcfj25d4uaqd,,BNP,,9415025,,2000000,,0,2,445,9415025,2,0,0,0,0.06,345000000,2000000,0.0
pool1lxhlu48gq0606mj6k20mh56zz804zf7narxvmty4pd3mgee65e5,,ORPH,,203279018637,,50000000000,,0,5,445,203279018637,5,0,0,0,0.01,340000000,50000000000,0.0028000000000000004
pool1lxqewhueg4hzyad766zhdwsjet5348ww8mzejf6fprxaw8wfq5s,,YOON,,8882138341681,,100000000000,,5,55,445,8882138341681,55,5,1955669812,380469379,0.02,340000000,100000000000,0.1223
pool1lyh8e725vttnkr5eylgfap7pmnmkrk0wznpkfl8qxahyqe2agcu,,ETO14,,14413119669115,,0,,16,1,445,14413119669115,1,16,,7560009334,1,340000000,0,0.1985
pool1lyvg6ukqpumsr6wz0jvh7xutcgdtcyyde4wkvptzyl8rql4n3c6,,FLAIR,,640536577180,,38000000000,,0,38,445,640536577180,38,0,0,0,0,500000000,38000000000,0.0088
pool1lyxxsvl8tulypzj6rql4yaw9rsh6q6237fmfmj76a4mfsrz40gk,,BOX,,30477971,,25200000000,,0,1,445,30477971,1,0,0,0,0.01,340000000,25200000000,0.0
pool1lz95nzjjmr6449lk0avhplw9678m6kxghvxzg2yfcmy3vl0k6jl,,,,103230899,,100000000,,0,1,445,103230899,1,0,0,0,0.035,340000000,100000000,0.0
pool1lzupr43772kfux007sdt02vlx7uzmfcplrwmxntdztxmwv9myrj,,CRCI,,15109572345638,,57000000000,,9,85,445,15109572345638,85,9,3804450637,418270066,0.02,340000000,57000000000,0.20809999999999998
pool1m0drnjxsvnlesq0rwmur2rh6lenuql57jfzd6cf6aegj2cv7ugy,,,,546890394,,,,0,1,445,546890394,1,0,0,0,1,340000000,,0.0
pool1m0zqmgewqwt4pd3amxtjug7ukjq4svgsqeam0h7d2tt6jfcxzk9,,,,2502624646,,,,0,1,445,2502624646,1,0,0,0,0.05,340000000,,0.0
pool1m2tgjxn880a3v6w4v3uf3kz9kduhvtr97slmpwnppd6r63230sm,,,,1044631,,123450000000,,0,1,445,1044631,1,0,0,0,0,340000000,123450000000,0.0
pool1m3gg43uhtetn4hmw79u8836dyq8qe4cex8qnn6mks5egza7n6tp,,ULTRA,,20214083810006,,1000000000,,24,1995,445,20214083810006,1995,24,10778819200,558887454,0.0199,340000000,1000000000,0.2784
pool1m3h5p82m6v99nda37rmed8vrkqt43e2a8d89k76gw5ets0gdyag,,BANK,,1416673301688,,10000000000,,1,1234,445,1416673301688,1234,1,125497425,345961656,0.045,340000000,10000000000,0.0195
pool1m3tqw6s5dphrlkxyr97faxk4cm3gwejv54mtyfd6w34dsx429eu,,ECOP,,23351746460,,100000000,,0,2,445,23351746460,2,0,0,0,0,345000000,100000000,0.0003
pool1m3wam7j8xjahp5mq03rfkcfcy45kevzfyekmdy74x8ghgpm5cdz,,,,122680092731,,27700000000,,0,8,445,122680092731,8,0,0,0,0.03,340000000,27700000000,0.0017000000000000001
pool1m4enp55hp80tf6xl7k6f6593wnyu3pr83xfvef9x3ktdw9m0em5,,AZUR2,,29963603503081,,500000000000,,32,4163,445,29963603503081,4163,32,13256470088,637337071,0.02,340000000,500000000000,0.4127
pool1m4nc6ea8htk9t58yx43sqluln7cp2a6qmzq257uudrvtkue8vw3,,,,14476153680,,25000000000,,0,2,445,14476153680,2,0,0,0,0.01,340000000,25000000000,0.0002
pool1m4r66650ugw2xshz3gtred6wdxcn65v48r0r6p4vy64dy276q8h,,,,5203753,,0,,0,3,445,5203753,3,0,0,0,0.075,340000000,0,0.0
pool1m5chjwkxs3w5l43uf4y9ys2pprqxv86ffdm0fr4n38np2c7mhg6,,,,55651486,,500001000000,,0,2,445,55651486,2,0,0,0,0.01,340000000,500001000000,0.0
pool1m62sl6rauje9cknrkhwl39tc4hujudkd7gp478dpz7tagmjr8wm,,,,30203844632763,,35000000000,,23,4483,445,30203844632763,4483,23,10377801941,433743346,0.0089,340000000,35000000000,0.41600000000000004
pool1m7eljcrzd593cawzwpts00mmnxnj52kr9da8r264r7c4kfd4m0h,,,,3866076017,,0,,0,4,445,3866076017,4,0,0,0,0.13,340000000,0,0.0001
pool1m7rvxkzc6rseh8axp7ckk7kwlqzctnvqc4lqq5w84sn4g4j4e90,,,,1563300451,,,,0,10,445,1563300451,10,0,0,0,0,345000000,,0.0
pool1m80jrruqnynpuqvmm5cyhxjqy2q8pnnpyu40sd02z0gkzehqxua,,,,3240830147,,50000000000,,0,3,445,3240830147,3,0,0,0,0.01,340000000,50000000000,0.0
pool1m83drqwlugdt9jn7jkz8hx3pne53acfkd539d9cj8yr92dr4k9y,,BKIND,,688933460014,,5000000000,,2,126,445,688933460014,126,2,488684748,346052622,0.01,340000000,5000000000,0.0095
pool1m90qdgknvwdewy6n7dz9ufkfqtscvdaqnw3q2vaphp20z27w706,,,,126653747176,,,,0,4,445,126653747176,4,0,0,0,0.015,340000000,,0.0017000000000000001
pool1m9h0ndgxlgxa63wsszv7a6l4x8lur35wktlnrycme6t852xrq76,,VVM1,,20881027097,,20000000000,,0,3,445,20881027097,3,0,0,0,0.015,340000000,20000000000,0.0003
pool1madkc465h6e9887ctj2adnky2t46km277wt3rs97hlzukzl4rx9,,DEM,,500954444,,150000000,,0,3,445,500954444,3,0,0,0,0.5,340000000,150000000,0.0
pool1maknvmsdvk240a7w8rclvq2lu5pzk906cuh9cw7j30z76ff257u,,,,9952888673772,,750000000000,,7,218,445,9952888673772,218,7,2674580629,399487070,0.02,340000000,750000000000,0.1371
pool1mc4h5pk0juqfd5lj08d09d9tfeyd86v7se4kq2jyu9j0jy8ey4y,,,,13059551025,,10000000000,,0,12,445,13059551025,12,0,0,0,0.02,340000000,10000000000,0.0002
pool1mc6f3tvzp59yfn2przflkq9q6k00g0hfpyck5t5whjs8qdcjuj3,,,,272213088469,,0,,1,107,445,272213088469,107,1,127755369,341192505,0.009,340000000,0,0.0037
pool1mchqp2fr7mwsz6jrpplxpr0ekmwafev8arl57wwxfck5x0dwv60,,,,162590531889,,100000000000,,0,34,445,162590531889,34,0,0,0,0.01,340000000,100000000000,0.0022
pool1mctfqjen6qflfk65vz2hm8zse0a6e3g289hc0rgvrml777g85yq,,VELA,,42873192605,,100000000,,0,16,445,42873192605,16,0,0,0,0.01,340000000,100000000,0.0006
pool1mcvq2z34f9cfdmkd97famsh20ekqtndw246ny5e8ug3mxfdf4zq,,HIVE,,370452498564,,10000000000,,0,30,445,370452498564,30,0,0,0,0.01,340000000,10000000000,0.0051
pool1mcwcfl96ew79rmj4zxehr33p55e4e62dt4whyr2vqesswp9mmvz,,MYB,,4612079757471,,1000000000,,1,304,445,4612079757471,304,1,132082696,340000000,0,340000000,1000000000,0.0635
pool1mdtkvurnjyh079s45jtscls55trr6t0xazf7g2rp3nse59avrxl,,,,2558484207,,,,0,2,445,2558484207,2,0,0,0,0,340000000,,0.0
pool1mdyuct0kgd0hcjjnea999me5dxqpepr4y8du4smegfm3vlr37w5,,,,4678660941165,,,,3,418,445,4678660941165,418,3,1051660448,340000000,0,340000000,,0.0644
pool1me68mzk9kephj0yqya6xu9jefjvtg0dvmly3m9sy67cezrexalx,,,,32373898761991,,,,27,2,445,32373898761991,2,27,11656469170,1089750951,0.06,345000000,,0.4459
pool1meljzszklf23y97ka5sjqwasnel50xe5ar68gz70slm0jmt2wxs,,MRPHM,,98997893921,,1000000000,,0,167,445,98997893921,167,0,0,0,0.042,340000000,1000000000,0.0014000000000000002
pool1mfgqn8n658vjdcvg3xgtr3qyet64fht0dzsukqeznxw36z8g2k6,,,,2873546568450,,10000000000,,1,17,445,2873546568450,17,1,129489476,342504628,0.0189,340000000,10000000000,0.039599999999999996
pool1mfm9nf0fc2wknc94dxyedny3vxtmv4t05arq7czyxsmg7qcy76n,,BYADA,,105770378239,,1000000,,0,17,445,105770378239,17,0,0,0,0,340000000,1000000,0.0015
pool1mfyzxyggryp0jhgghvzas7qjdyz2rcfnm5rfq8s9uefvukrlps5,,,,155582636368,,200000000,,0,4,445,155582636368,4,0,0,0,0.08,340000000,200000000,0.0021
pool1mg37s4w4uzsmw27nsnz2mwfll8sdawngvy3n657t7nd0yjcd77e,,TSC,,6785833761230,,5000000000,,10,1059,445,6785833761230,1059,10,4261525345,427072310,0.02,340000000,5000000000,0.0935
pool1mgpcx225587y9uf2zcwrputd3kj70jfpf654ca86dehuw5qk5pf,,,,75456744447,,75000000000,,0,6,445,75456744447,6,0,0,0,0.0299,340000000,75000000000,0.001
pool1mgpzhdjucv0hyyndzq08la7m5h645wmsat35gxy9fv6au9k7eg4,,,,997620818,,500000000,,0,1,445,997620818,1,0,0,0,0.015,340000000,500000000,0.0
pool1mh4ng2ldxk4sqfppzu6r4knxrk6e87e9c4wgrred84uy7xauzlh,,CCV2,,45859708885376,,500000000,,47,4881,445,45859708885376,4881,47,21152112778,995640684,0.03,340000000,500000000,0.6315999999999999
pool1mh5qagd86gndurjs44k9dwurktdr7rra9prm5wwf09c77cwwaqw,,,,13341401344,,,,0,2,445,13341401344,2,0,0,0,0.01,345000000,,0.0002
pool1mhrvkx5vfv7ygd55wsknycz2a8d6gd6y8m8rgdnqwa7jcy34g05,,MCRP,,15351842619,,3110000000,,0,2,445,15351842619,2,0,0,0,0,340000000,3110000000,0.0002
pool1mhww3q6d7qssj5j2add05r7cyr7znyswe2g6vd23anpx5sh6z8d,,,,290300115115,,18000000000,,0,145,445,290300115115,145,0,0,0,0.0314159,340000000,18000000000,0.004
pool1mk9k389xy5szdzyc0fpty66fu93rhwnar3202vy0d7w9ue2rycu,,,,2468634124,,10000000000,,0,27,445,2468634124,27,0,0,0,0,340000000,10000000000,0.0
pool1mkjtce8r8yeku0mmc9vpwl0scuwuwc8lz89ckpj3k0kwgvlunv5,,,,16759574514234,,,,0,4392,445,16759574514234,4392,0,0,0,0.05,340000000,,0.23079999999999998
pool1mkw6psku0jvaw60uqleul9jxlmyt2xet3urjrgu6735ryxtga60,,CRYL,,72333897606,,15800000000,,0,9,445,72333897606,9,0,0,0,0.01,340000000,15800000000,0.001
pool1ml8hj9zhv5esld4dwuxrkda0ktclw4g5xfggg86nw3majud2uf6,,,,548606340,,100000000,,0,1,445,548606340,1,0,0,0,0.15,345000000,100000000,0.0
pool1mltwh4elef39dkuuz058lgfuvx79c5wcnz3szau3arhsyq22ace,,,,156014530752,,25000000000,,0,7,445,156014530752,7,0,0,0,0.03,345000000,25000000000,0.0021
pool1mmrh2l3t5r7w5l7e82ven0e595vhgvu0hyf4ttrgcyejq8gwqcm,,FKAI,,122625351,,0,,0,3,445,122625351,3,0,0,0,0.1,340000000,0,0.0
pool1mn0ydnu5tt4w80y3dxdsajddhdz03p6mudk8vlh55r5exqywxhh,,,,1865490,,1000000,,0,1,445,1865490,1,0,0,0,0.01,340000000,1000000,0.0
pool1mn6relcs7dn2fqzfq5yjlwxa49d900p5sdpw62jlx45k2djgwe4,,RED,,6404048422576,,12059000000,,6,50,445,6404048422576,50,6,2420281261,389908804,0.02,340000000,12059000000,0.0882
pool1mnghpud4rypv76fgq5urhzaujlevp94tjxug6556e9qyua43ktl,,TRDMK,,188939307,,100000000,,0,4,445,188939307,4,0,0,0,0.15,345000000,100000000,0.0
pool1mnhywmx87p5dlsk86szshumnn5pljdnacr0e8zsq2v32ckh5wyf,,,,325013681989,,100000000000,,0,51,445,325013681989,51,0,0,0,0.015,340000000,100000000000,0.0045000000000000005
pool1mnj07j4n605djnx42n4q88j5k0yvarp7lqmc4388du3rwnljenz,,VIET,,1829172651189,,0,,0,41,445,1829172651189,41,0,0,0,0.01,340000000,0,0.0252
pool1mq2q0fjekk5lt8j2krryf5rvwx5z4l5l0r6afhhj0mtg23ylyuk,,,,3803822995136,,,,2,18,445,3803822995136,18,2,558572659,352111294,0.02,340000000,,0.0524
pool1mqy259k253xryf4hvdq0n72n2uvadcgp34r0fxwpqzm0z5n0qp6,,SPS4,,28029387366149,,1000000000,,25,206,445,28029387366149,206,25,10897689457,913628163,0.05,340000000,1000000000,0.386
pool1mrxg6svcug7mc459ce5zum4qd6p0hkfc08jzpphxfnxzz8yf7ll,,PET♥,,163111451583,,10000000000,,0,73,445,163111451583,73,0,0,0,0,340000000,10000000000,0.0022
pool1mscll7kd2y9c56kv7thv7kv99wjvrr72uwpmuhphaltjz0pkuqa,,RARE,,2147814132150,,50000000000,,2,142,445,2147814132150,142,2,566512718,364207673,0.04,340000000,50000000000,0.0296
pool1msfz0v3yrzl3k5njsm92uw59cfs5uepajs4a62rxfm5xke9d2zr,,,,1047231164,,600000000,,0,1,445,1047231164,1,0,0,0,0.01,340000000,600000000,0.0
pool1mt8sdg37f2h3rypyuc77k7vxrjshtvjw04zdjlae9vdzyt9uu34,,,,1633099625733,,,,2,88,445,1633099625733,88,2,583121195,340000000,0,340000000,,0.0225
pool1mtnhc34ylrthfu7vzja3em2j5csaq3ewd5z294hs8xw2w6nupuf,,,,40116345828,,33000000000,,0,7,445,40116345828,7,0,0,0,0.025,345000000,33000000000,0.0006
pool1mtxmk0skqkr5y0wxnxps4n35j6wn9q8dfr82y423vvlp53vccux,,,,72012137542159,,,,62,2,445,72012137542159,2,62,28082369892,1208651448,0.03,340000000,,0.9918
pool1mugxe86p0p6fzeesthdzkuk3h9xtndf4my9cznmxtmpvujzlw4f,,Kings,,12691233,,5000000000,,0,1,445,12691233,1,0,0,0,0.01,340000000,5000000000,0.0
pool1mukzsec605hfk2tsx4r4xd2rjfjytua8puge5pa0g82rgqm0kt9,,,,234479722400,,10000000000,,0,10,445,234479722400,10,0,0,0,0,340000000,10000000000,0.0032
pool1munms54eag8ul80zm9gprjjachydm0ex52vjfzsrcjwpcdavcdd,,GOLD,,17815579792566,,100000000,,19,12,445,17815579792566,12,19,7328688433,1639987797,0.15,345000000,100000000,0.24539999999999998
pool1mut4phum9hegtl8m2r68gpjh5x8w8t6zwf75zrphhp3qwwrrpgt,,,,40198304093786,,30000000000,,34,9187,445,40198304093786,9187,34,15296381905,732569418,0.025,340000000,30000000000,0.5536
pool1mv7z7jzats0g3s36rd6sk08ew6wg4pf7ulu9uvd6grpdc0mh7e0,,,,1087822733,,1000000000,,0,1,445,1087822733,1,0,0,0,0.05,340000000,1000000000,0.0
pool1mvl09pgsejrudghjhq79qurugrvqy3pceznp7f9vz63n7ku7jqx,,AMZ1,,8000207200789,,5000000,,9,181,445,8000207200789,181,9,3912294862,340000000,0,340000000,5000000,0.11019999999999999
pool1mvtjl73f2d57mvzgkzjmsqh36lk427dhreurx334klqww6sx7xm,,,,9282314415,,100000000,,0,6,445,9282314415,6,0,0,0,0.025,340000000,100000000,0.0001
pool1mw8jpnmxd22vw4h68uqw70nx24vfju4aav9rznesc4vnjnt68g4,,,,24952018900,,500000000,,0,18,445,24952018900,18,0,0,0,0,340000000,500000000,0.0003
pool1mwp8ewtzmun0426v9z0h9um2amswgfzn78rckfl2fc3t5sy0m5g,,AACC,,8411681107864,,10000000000,,8,35,445,8411681107864,35,8,3392997859,374401606,0.01,340000000,10000000000,0.1158
pool1mwv76cr0znehqxe23xk4ylhr0j6gwsjxf2cvwjxm0ewdgcjzw3e,,,,29122389733,,100000000,,0,2,445,29122389733,2,0,0,0,0.15,345000000,100000000,0.0004
pool1mxhq6etmemv3pdyycz2kxth3a8gdqnjewxgne67fqwlfgz6f7xa,,,,54711836649942,,,,51,3,445,54711836649942,3,51,,28111044198,1,340000000,,0.7535
pool1mxqjlrfskhd5kql9kak06fpdh8xjwc76gec76p3taqy2qmfzs5z,,IOG1,,28588793397346,,5000000000000,,29,868,445,28588793397346,868,29,10447561559,1293082103,0.07,340000000,5000000000000,0.3937
pool1mxv85lq4lvuqx8r83lmwlvqhtnu3qjy0lldhsv83rfnj5ed7vyg,,,,8247561,,1000000000,,0,1,445,8247561,1,0,0,0,0.006,340000000,1000000000,0.0
pool1my7sevxtc4dfvj626q0ujqqukntfa2v0uuydq6wd8x8hvml03rn,,POWER,,367540701130,,500000000,,0,176,445,367540701130,176,0,0,0,0,340000000,500000000,0.0051
pool1myvgx4ef424e6nw2strqq7dxcepav52plyyhxrk0avaw7y098l2,,COOL2,,54953258268675,,50000000000,,45,1091,445,54953258268675,1091,45,20458629590,758687505,0.02,340000000,50000000000,0.7568
pool1myw0304x7q2zuk24pzmf2rwwcwlh9p29pnj257zzjcd9j29s4xl,,,,340417081,,100000000,,0,1,445,340417081,1,0,0,0,0.01,400000000,100000000,0.0
pool1mzf0vc58p7ktgs5gqzqrcwtrs4xnlpd5v9thzl7gahqj7f7aqye,,MPN,,1132205,,100000000,,0,1,445,1132205,1,0,0,0,0.03,345000000,100000000,0.0
pool1mzn7a7h4ghv35d7hm7lepzcc8vkwq38qajnnuqalc60mkl0recn,,,,309271584,,300000000,,0,2,445,309271584,2,0,0,0,0.05,340000000,300000000,0.0
pool1mzry5s8pkfy42ul2xevaq7dk6qae8247hqd8serm3ms06glvny0,,SCP,,61848863511,,191000000,,0,22,445,61848863511,22,0,0,0,0.01,340000000,191000000,0.0009
pool1n0tqrkw62zmr20h9jz5ev2ph428ym49wt2z0mq4vlylf5u0sv7y,,LANKA,,59437827810,,25000000000,,0,9,445,59437827810,9,0,0,0,0.05,345000000,25000000000,0.0008
pool1n20x3spgcj72k0azl85gxt72qzr2eq7sr53tlmwdg8wrz60ynzn,,MAMAK,,340521714041,,50000000000,,0,26,445,340521714041,26,0,0,0,0.0001,340000000,50000000000,0.004699999999999999
pool1n2j7zmw69gf3weqp3wae234p3lykjks49c84mleqgmnmg4jht3y,,YORK,,111945742381,,50000000000,,0,26,445,111945742381,26,0,0,0,0.01,340000000,50000000000,0.0015
pool1n2yp66zk6m33sg8k20hsvmk9tw7xeeswzdcfxhnx9hm9jkxv5k4,,ONE1,,8582070457435,,100000000000,,6,1027,445,8582070457435,1027,6,2435564349,364954586,0.01,340000000,100000000000,0.1182
pool1n353xqapcq8wtyskm8cj4g04t8rv03lteyl30c42zug7kzv8vqz,,NES,,8148366151716,,0,,8,42,445,8148366151716,42,8,3434652734,340000000,0,340000000,0,0.11220000000000001
pool1n3agd6rep8jw3gff684mja56ns6wqmshayu0av7hxcgx7f4pnwy,,,,17085868313,,1097000000,,0,3,445,17085868313,3,0,0,0,0,340000000,1097000000,0.0002
pool1n3sjq3qvu5vvcd6aud6ndcwq7r3ghmkafcg60gznlwfrk2ucxku,,,,17659620746228,,,,17,825,445,17659620746228,825,17,7296371564,724666500,0.05,340000000,,0.2432
pool1n4fq4gw6snzqjep3pylj8dc6aaa4xgn78gl58k360dqdw6a58g8,,PEPE,,3520726634496,,42000000000,,6,41,445,3520726634496,41,6,2322890730,432083568,0.0369,340000000,42000000000,0.048499999999999995
pool1n500map6vvxwkxnrw5m9vgmjqrmtaxuuxkgqvzz7699c7qc550v,,TEXAN,,1185569112800,,190000000000,,2,55,445,1185569112800,55,2,242408409,343030873,0.005,340000000,190000000000,0.0163
pool1n52mcyvll6hw864xtqdqqyjwj6953aquqj0u4j23780tc0zc426,,,,12392861078,,100000000,,0,5,445,12392861078,5,0,0,0,0.025,340000000,100000000,0.0002
pool1n5kljtvdhg29vrhr6uefqk76dpepzfwuvsw8zd0z5yqfuqj7x8a,,,,387389789479,,25000000000,,0,4,445,387389789479,4,0,0,0,0.01,340000000,25000000000,0.0053
pool1n5shd9xdt4s2gm27fxcnuejaqhhmpepn6chw2c82kqnuzdtpsem,,ZOE,,1011260175676,,5000000000,,1,115,445,1011260175676,115,1,131199390,340000000,0,340000000,5000000000,0.0139
pool1n5ytegzw3enscfw4t8wsjytrz228agvm9c3xaarce7pgjzftdtx,,_Q_,,181470201757,,25010000000,,0,22,445,181470201757,22,0,0,0,0.01,340000000,25010000000,0.0025
pool1n62v2xsrnpyyaav2mgauwzn40u8hfzavt520vsaehz252v2tf7u,,GUILD,,527625746,,500000000,,0,1,445,527625746,1,0,0,0,0.2,345000000,500000000,0.0
pool1n63w8h83hutkw6kww4hvewk30ljvvylfw4lv7y59ynd25a8yfqp,,,,24247807398,,20000000000,,0,2,445,24247807398,2,0,0,0,0.02,340000000,20000000000,0.0003
pool1n6w5q9hw3gj6574uts75mkyrqcm702n240fxlk5df4sf7a7vlvk,,,,138742943,,100000000,,0,1,445,138742943,1,0,0,0,0.02,345000000,100000000,0.0
pool1n6z7rf722heq35v2dxvstfwezgdt8cv0mftpv4r9jay3wjk2kkt,,,,2580059498026,,5000000000,,1,14,445,2580059498026,14,1,127581625,341325963,0.01,340000000,5000000000,0.0355
pool1n75mtv5qwzquyq2cprnu7yqpnyg4ppagpzvcw6gk2un5vadg48a,,,,1050808935529,,,,1,2,445,1050808935529,2,1,514464,341326218,0.01,340000000,,0.014499999999999999
pool1n7eagzjgs3suervkql229a8080j5k68x25jkl8zfxxtuu6802lc,,SAPPO,,695687737976,,30000000000,,2,7,445,695687737976,7,2,555287904,346051132,0.01,340000000,30000000000,0.0096
pool1n7s5kpymwd0zsld8q23tpf7z5esjaqwmnnzzssee5630zpx5ww0,,RABIT,,2352337217151,,150000000000,,1,205,445,2352337217151,205,1,127382438,340000000,0,340000000,150000000000,0.032400000000000005
pool1n7zh6hu89v9lz6d8ggjr9xll8q8jqr5aa4qxkfnlfh2uj39802c,,ARIA,,400944493,,100000000,,0,1,445,400944493,1,0,0,0,0.1,345000000,100000000,0.0
pool1n7zhzk2zyvqywfj476s4xk9h0xzncsq37469d8cyg37lsngvvqp,,PUB,,43348632,,10000000,,0,2,445,43348632,2,0,0,0,0.035,340000000,10000000,0.0
pool1n8nq690antqxcekkekzk07yp7y7psmm3v6ad6tmkm4v3ulyhz0w,,,,1445067521,,,,0,23,445,1445067521,23,0,0,0,0,340000000,,0.0
pool1n8xmcjuadnkn8kk9axtjt3ahx5amj4nc8446grdjzfdrzl77xh6,,,,148435878,,100000000,,0,1,445,148435878,1,0,0,0,0.15,340000000,100000000,0.0
pool1n940lfxkd7z73qzj5y554yrletrmgg5x2eya9tpglh3uwcqfnud,,FUNON,,1159175899654,,1000000000,,0,403,445,1159175899654,403,0,0,0,0,340000000,1000000000,0.016
pool1n96ql32ct37n8w0l9ddhnc2t8tv0uyd6kuhzua8uxy63xs35wgl,,,,80466289,,1000000,,0,3,445,80466289,3,0,0,0,0.02,340000000,1000000,0.0
pool1n9vs3ye3939ae8x6jfkf0unksj7q05zgsk2fnm8lhve95w3j0rs,,ZOOM,,1354324795,,1000000000,,0,1,445,1354324795,1,0,0,0,0.015,340000000,1000000000,0.0
pool1ncg357pkgx29g6jrwunk94pwxe409ktxyrw8s0k66vwkc4qdgnu,,BIMI1,,2138004512407,,25000000000,,1,27,445,2138004512407,27,1,127637573,341325488,0.01,340000000,25000000000,0.0294
pool1nchr83fc0hrykvhlnh64n3wlt5vkdu727xjep59znrwzs589jdd,,CANDY,,1107660627827,,10000000000,,2,21,445,1107660627827,21,2,592347225,346050398,0.01,340000000,10000000000,0.015300000000000001
pool1ncst8jldzmwa4s874u3x4q7seqjyq3njc89a2w2056m2ywktd6w,,PROUD,,53932543,,0,,0,1,445,53932543,1,0,0,0,0.99,340000000,0,0.0
pool1ndtsklata6rphamr6jw2p3ltnzayq3pezhg0djvn7n5js8rqlzh,,,,1699735245,,10000000,,0,10,445,1699735245,10,0,0,0,0,340000000,10000000,0.0
pool1ndu9fpv7prmp6r6k23lzx6fcpjlvh6upl3w8ghldys467u6vvrl,,STAG,,1405326847,,1000000000,,0,2,445,1405326847,2,0,0,0,0.039,345000000,1000000000,0.0
pool1nee5kmpzv0qfz7lu258fe9ylgxh68lsqqdmjgw7jnheej3usn35,,,,64328596815617,,64000000000000,,53,1,445,64328596815617,1,53,,30908150196,1,500000000,64000000000000,0.8859
pool1newmccddazerzanrdeeelvzk6vzh9stxn5n8ravshqa05n0t83u,,,,73724507559866,,,,65,5659,445,73724507559866,5659,65,2987694,30259159302,0.9999,340000000,,1.0153
pool1nf8990yn76kp9csnfrrl9aar7z8l7pas0jlfu637us5n6sgycem,,ZADA,,9619058,,100000000,,0,1,445,9619058,1,0,0,0,0.15,345000000,100000000,0.0
pool1nfsrjxsgwt9k6zsp8eg64wq25z9c2gqmqx6gqnugsrraz4sa3a8,,,,126791447939,,0,,0,21,445,126791447939,21,0,0,0,0.01,340000000,0,0.0017000000000000001
pool1ng0wg25mkdkcmryzh5dcw70p0462z7svegxr9c7d2k5cqf9tt2k,,,,466984959,,54000000000,,0,1,445,466984959,1,0,0,0,0,340000000,54000000000,0.0
pool1ng3vqzrhn3z45yjdscv3q37n26g2pj3vp99rfkgv6225y8lqg8j,,EVE2,,50804808071461,,1000000000,,37,29464,445,50804808071461,29464,37,16351674353,1081451284,0.04,400000000,1000000000,0.6997
pool1ngv77edpdwjcxetg9rez7hvhjnvxcryd8kqyje95lx5gukj73r8,,MDWST,,117936516443,,100000000,,0,9,445,117936516443,9,0,0,0,0,340000000,100000000,0.0016
pool1nh9j5qucsddxkzn3m4dm4gxkhwtpya4wm4e0ye2u0puaqgkcm65,,,,1133722635622,,250000000000,,0,260,445,1133722635622,260,0,0,0,0.02,340000000,250000000000,0.015600000000000001
pool1nhd907krga9dh69kf0jg4tl0764rravepy337gptvsknxyyx94k,,TOPO⚡,,2300946720674,,65000000000,,2,853,445,2300946720674,853,2,575687561,343026873,0.005,340000000,65000000000,0.0317
pool1nhls8e9swnyshldgjknku4npreax075nw0ltrkmrarh4w3skxt9,,DAN,,6295451127799,,100000000000,,11,595,445,6295451127799,595,11,4658929368,461490538,0.025,340000000,100000000000,0.0867
pool1nhlv5z2lsptzgcp9ype0mppc7zyndm66ypm4sw5hy27ewdchqx0,,PPCX2,,14113522538324,,1000000000,,13,2159,445,14113522538324,2159,13,5795283309,340000000,0,340000000,1000000000,0.19440000000000002
pool1nhstzc6dk7d04k83yfccyrylzewhpd422kall4u6a5ck5c0pw3q,,K2P,,130601408,,100000000,,0,2,445,130601408,2,0,0,0,0.01,340000000,100000000,0.0
pool1njgax5g706nhknujnntnrx0gyu8zqvrhexwmmp7qrfhjvaumfq4,,ABE,,32618266,,20000000,,0,1,445,32618266,1,0,0,0,0.02,340000000,20000000,0.0
pool1njhlmv87adsanft5sjuvz5a9pgyew76mxqa0w9c762af570g5ht,,,,97744979,,2000000,,0,3,445,97744979,3,0,0,0,1,340000000,2000000,0.0
pool1njjr0zn7uvydjy8067nprgwlyxqnznp9wgllfnag24nycgkda25,,,,70028376362792,,,,68,4,445,70028376362792,4,68,30200537687,1929501984,0.05,340000000,,0.9643999999999999
pool1njs6ejpvdkt3cee7u8ekqyunmufm82jjrehtg42xd28m7zhzn5v,,SSCC,,126660459,,0,,0,1,445,126660459,1,0,0,0,0.03,340000000,0,0.0
pool1nkupy99hkqqqzdsenxrgenpf05auqa45e27tzlqqya70kjwjphn,,MAX1,,3138434839350,,5000000000,,3,2673,445,3138434839350,2673,3,1021494202,382842521,0.04,340000000,5000000000,0.0432
pool1nl74emh67vuyt8cgv6gwhjnrctxgrpqlrdzznj4l3lh5j8lj3ah,,KTN,,24418982524271,,50000000000,,26,25,445,24418982524271,25,26,11322445600,937377426,0.05,340000000,50000000000,0.33630000000000004
pool1nll5ghr8cdkl6ppnxpuk6c6vrg9d5kq3tp8d6xjdds5pct6pxj9,,,,32528003277780,,,,27,6,445,32528003277780,6,27,11656148300,1089750951,0.06,345000000,,0.44799999999999995
pool1nlv8mxyx5juqe5aua9tplr5j9ar4wy950zlya3ul94wkgqmf9z0,,,,245204781,,236000000,,0,1,445,245204781,1,0,0,0,0.01,340000000,236000000,0.0
pool1nnfwte5lhr8rxjye4a8m8krt5fsu6fs2g39g6ccq09nqqf8sekw,,,,25300000,,100000000,,0,2,445,25300000,2,0,0,0,0.04,340000000,100000000,0.0
pool1npdsmx25352qzj33rk2mtvc6u7c339qs0vv7gy43t7kpcapw95d,,,,350501298,,100000000000,,0,2,445,350501298,2,0,0,0,0.019,340000000,100000000000,0.0
pool1npfxgjacvwjcl6xc2nxzv9qhtgl5aj6xm7kfgs5eeezjq6qnw8j,,,,3168774811,,,,0,2,445,3168774811,2,0,0,0,0.01,340000000,,0.0
pool1npx8wwtj8knlavx6h7spcj7sk6n6dd5qa0npk9fcdefd542y9vx,,,,150610962,,100000000,,0,1,445,150610962,1,0,0,0,0.01,345000000,100000000,0.0
pool1nq0jx33p0sfa2fux33yklkzssck4kfgaqlgnlc0a7a9ggqzhgnt,,,,110622006,,100000000,,0,2,445,110622006,2,0,0,0,0.15,345000000,100000000,0.0
pool1nqheyct9a0mxn80cwp9pd5guncfu3rzwqtmru0l94accz7gjcgl,,,,7184309248170,,,,4,6,445,7184309248170,6,4,1486363219,402000093,0.04,340000000,,0.0989
pool1nqm7rm98j5z027kdfcf09kunacz2w672xzx2ucdxacs954r5dul,,SANTO,,16827390483816,,1000000000,,13,174,445,16827390483816,174,13,607093133,354706928,0.02,340000000,1000000000,0.2318
pool1nqveuw4q2yw9u9x6yzy260skdwc309krsx32hmgvpyp962mu996,,,,776657131,,700000000,,0,1,445,776657131,1,0,0,0,0.01,341000000,700000000,0.0
pool1nr2pl3yqx65hq6y2r8unlnrejfkypeh84zezf44u7glcz50yzet,,KHAN,,91168131698,,26000000000,,0,31,445,91168131698,31,0,0,0,0.035,340000000,26000000000,0.0013
pool1ns6veetewra0zqlljq36rwt4g3d5s0lnvxmzmx82epph50weacy,,,,2141065397,,2000000000,,0,8,445,2141065397,8,0,0,0,0,340000000,2000000000,0.0
pool1nsaul82z7ytu73q96w2wgj8wrardmrzjkuzaankzn0xuqkj70qm,,,,2298162196560,,160000000000,,1,31,445,2298162196560,31,1,122435948,342521232,0.019,340000000,160000000000,0.0317
pool1nss40t2xhh7ntgp8ca73u2xd8kzyn3dgtf9jfh0y57kxul9zt82,,,,67296672094,,15000000000,,0,15,445,67296672094,15,0,0,0,0.005,340000000,15000000000,0.0009
pool1nt00f6p0frek3f0jza4u9ka5rey76752j5zkrpldkpqvjspytm3,,,,1009939347,,50000000000,,0,2,445,1009939347,2,0,0,0,0.025,340000000,50000000000,0.0
pool1nt65pu06tlggjeaer8862fdju98ddrrxa9wnw3k4lhfvgrrgt85,,FIXA,,4006941928489,,25000000000,,5,27,445,4006941928489,27,5,2010115609,340000000,0,340000000,25000000000,0.0552
pool1ntdlnn3u9kjkvqtcnrzgwyfx7ym3mm6z03hzgh7hcq3pztwht0p,,SOL_1,,104374521736,,10500000000,,0,23,445,104374521736,23,0,0,0,0.015,340000000,10500000000,0.0014000000000000002
pool1ntfxj2jgvhzen8e86ed679ctukar3vj538ywyyq8ryld66jj4sx,,XRAY2,,41549015487039,,100000000,,41,2218,445,41549015487039,2218,41,18990085875,340000000,0,340000000,100000000,0.5722
pool1ntwurms3f0j4kqe5wfpg9chlasylp0lmuw72m4fn66vnuyrvs8v,,MANGO,,1236800938043,,180000000000,,2,21,445,1236800938043,21,2,498909846,340000000,0,340000000,180000000000,0.017
pool1nu6c26gql6yhnpagsp6nt0phc36vfjr5q9x0eerm5534gy4jqul,,,,73714470157,,5000000000,,0,17,445,73714470157,17,0,0,0,0,340000000,5000000000,0.001
pool1nudasuv0lljpe0tswcverqvlh0v4226vgnpsuxn0e9nkvnvcvne,,STI,,63299163352726,,50000000000,,61,6044,445,63299163352726,6044,61,27925265233,766445012,0.015,340000000,50000000000,0.8718
pool1nusynxpeg9u8ea7s9snmc7cf25apfk0guzdu4dwxz0uwjr378xt,,,,16113470797,,5700000000,,0,9,445,16113470797,9,0,0,0,0.0183,340000000,5700000000,0.0002
pool1nw0cj8zd2m6uu73msp7a5sjnht7ap3pe73kuqd7cjwsmzyhflex,,,,10548383808998,,,,10,3,445,10548383808998,3,10,,4725015590,1,340000000,,0.14529999999999998
pool1nw42xqnaplxsx3fq4ytl4x4qqvhs7g5uymnm906pfvx5636fglw,,,,38184172945,,,,0,11,445,38184172945,11,0,0,0,0,340000000,,0.0005
pool1nwcu3al5vfm7t3dtvyuu4hlmlvezd05c5v386q90hlptks4mqw3,,AARD,,796828472083,,450000000000,,1,3,445,796828472083,3,1,44575111,340996662,0.0075,340000000,450000000000,0.011000000000000001
pool1nwddjgvjrke3e2gu6m0a7y04alhgcx4egec6dd9gahr5sz0p5u9,,BZH,,144988916426,,60000000000,,0,19,445,144988916426,19,0,0,0,0.01,340000000,60000000000,0.002
pool1nwfzutmm6et5yt6mdk6d3ls57qfmwje0hwcepr3dn68mu9wl0pd,,GAIN💎,,4468679196592,,100000000,,2,14,445,4468679196592,14,2,589594108,340000000,0,340000000,100000000,0.061500000000000006
pool1nwt6mxqus3tpzrshky5h5kykz9rjpxmacrvw0z6yak9uk5p5045,,DNEWS,,22679477116931,,40000000000,,26,2894,445,22679477116931,2894,26,11313061969,936522145,0.05,340000000,40000000000,0.3123
pool1nwta4gataf3m6qxhuuphzd28pq5z9vjcl897ndlqacdec6ysdc8,,,,107436177,,,,0,1,445,107436177,1,0,0,0,0.15,345000000,,0.0
pool1nwv3c3q62lqcdgp7s0jtl4xldgfnjnt0szkdclk4tzjqzv6kv7n,,,,32362587656734,,,,38,4,445,32362587656734,4,38,16537887790,1401601339,0.06,345000000,,0.4457
pool1nwvfpwq36ea6ne5czpvpun7pr89qcg654kmu6ml4vjc2xzwlx4u,,BNP,,6624059054,,2000000,,0,3,445,6624059054,3,0,0,0,0.06,345000000,2000000,0.0001
pool1nx2g7dzc90uu47e8kp057r59g8z5sz6v0x76wsph8xpcqzqycv7,,FLY,,1037942471589,,1000006619057,,0,7,445,1037942471589,7,0,0,0,0.0147,340000000,1000006619057,0.0143
pool1nydxffhrmpn0ft6wpg4l6cwp2jr2glxvx5hxr69xknl0s5p603w,,,,1477924131,,1000000000,,0,5,445,1477924131,5,0,0,0,0,340000000,1000000000,0.0
pool1nyf8x2xrlmfqwy9shqrlx2csentnzyjmxr0r3w0ljuaqz5ek7qz,,1PCT6,,6236057083722,,50000000000,,5,142,445,6236057083722,142,5,1984697022,360229871,0.01,340000000,50000000000,0.0859
pool1nyh6jcznks8wvlek7r7rlvg9hfchfqqyvup39ugkmr6kghrl0as,,HNB1,,149319940275,,100000000,,0,27,445,149319940275,27,0,0,0,0,340000000,100000000,0.0021
pool1nyj2wwps0nk9kn48rtqck5876la35k3j4talj24gpvnauxqsfh3,,,,4098244613,,555000000,,0,3,445,4098244613,3,0,0,0,0.02,340000000,555000000,0.0001
pool1nyjw0460ww5qjtpukexuywxdz4lzhy6tm7yygn74lnlcc62hnc8,,ETO13,,70138290349435,,0,,50,3,445,70138290349435,3,50,,23625029171,1,340000000,0,0.966
pool1nyq3fcx438ydyprzfnpg8y8nkekmjqe2gp3mh04e9hv22ljaavj,,,,47525743,,2600000000,,0,1,445,47525743,1,0,0,0,0,340000000,2600000000,0.0
pool1nz9h4raywm6mu2v8l7htuaqvmn06l3mepuaxynpzlwljsf8txhy,,NORTH,,37125421070697,,10000000000,,44,2007,445,37125421070697,2007,44,20366857015,340000000,0,340000000,10000000000,0.5113
pool1nzsjg3cuam3uj39qusn44cs2uj7h30lppqsrqsllwxs2c8fx4xs,,,,4877848039133,,0,,5,1210,445,4877848039133,1210,5,1853305998,420047055,0.04,340000000,0,0.0672
pool1p0jc0n0sqhj7fhm8sng8086akyyrsl085cvd6ewskhhly9tn3d0,,,,100257520,,100000000,,0,1,445,100257520,1,0,0,0,0,340000000,100000000,0.0
pool1p2aax6cfztk6cc02cfhg0pa7432em8a59wdyjatxcd997n7knjs,,,,73114037204,,,,0,45,445,73114037204,45,0,0,0,0.99,340000000,,0.001
pool1p2ldp00jsl5l9xpg9m77zavhqmw7amtg5nlf0jwudlu2zaq389s,,WOLV,,348927294499,,350000000000,,1,10,445,348927294499,10,1,5913376,342319571,0.0175,340000000,350000000000,0.0048
pool1p2vgec7gamn3zq0pgevauvu5m7gzhzwal48sutz4hc5tk54vnxn,,GEM,,32036957,,32000000,,0,1,445,32036957,1,0,0,0,0.03,340000000,32000000,0.0
pool1p39fgnpatsmyln2nyhr64elqfzxxk8q25xtkny97qgnlkllaxry,,,,177309745,,,,0,2,445,177309745,2,0,0,0,0.005,340000000,,0.0
pool1p3chxyfv5cfk95hwq5zqjuljrpyk3uk5ua5alpn8rjgkkvvy8ne,,IAMX,,9229312433738,,20000000000,,6,1522,445,9229312433738,1522,6,24690832,2810266424,0.99,340000000,20000000000,0.12710000000000002
pool1p42f6kw9lkgw5tn77kqyrc22zrs4uq298p468gacwzw6gq0ckq2,,WISE,,808673189135,,5000000000,,0,40,445,808673189135,40,0,0,0,0,340000000,5000000000,0.0111
pool1p4a0vuantvzu9ysk3w430vgxjjfa95g0uz2sw8e4tltjg4jhkwz,,LUCID,,65083507350,,50000000000,,0,10,445,65083507350,10,0,0,0,0.01,340000000,50000000000,0.0009
pool1p5ja48uqc7pjnuqvwu7cgmspvx938qpnf4zqm0x2k0ngkh4lkjx,,SIPO3,,37606863630688,,50000000000,,40,585,445,37606863630688,585,40,18073169174,804098083,0.025,340000000,50000000000,0.5179
pool1p627hhec2ha6wu6ql377c3hv4mjd26w7ll0xyw2ezgnu6nyl0a4,,PMW,,153254431713,,100000000000,,0,4,445,153254431713,4,0,0,0,0.01,340000000,100000000000,0.0021
pool1p693mkpyjphqedgje9sx5k8dzaqsusmw99vh26gd8aszjzkajt4,,,,107139039636,,,,0,2,445,107139039636,2,0,0,0,0.01,340000000,,0.0015
pool1p7rhyhffkw7xewl8c2c0dlaa406q7qfztg2hxa3aw4u2uaqlqla,,,,197625746,,100000000,,0,1,445,197625746,1,0,0,0,0,345000000,100000000,0.0
pool1p7x98437an7p6c7jf9zdkd0ekmw077q4a3c3r3lazxr0ccgf5vp,,,,2735858,,14000000000,,0,2,445,2735858,2,0,0,0,0,340000000,14000000000,0.0
pool1p82vmqednsalje23mpnz9u3qt9ruj79xu83mr6p8t93fw5fcu3y,,RCADA,,860017048691,,17000000000,,1,71,445,860017048691,71,1,127930688,341325331,0.01,340000000,17000000000,0.0118
pool1p86vmfhr4xnerm4kjltlhxrpzaeqjg30h7p8f6h279ulcty9n7e,,,,458257808,,0,,0,1,445,458257808,1,0,0,0,0,340000000,0,0.0
pool1p8a3jea0k5w749jf0jtr7qeer8xth9r0zr8ktmp75heqx0ewyz7,,,,51498021487,,50000000000,,0,1,445,51498021487,1,0,0,0,0.0195,345000000,50000000000,0.0007000000000000001
pool1p8ap6v2k60kkav3hqcchwltxhuwpfw2qtj8txcw4scp76hdvgmc,,,,14844790789016,,,,6,12,445,14844790789016,12,6,2413094436,414714174,0.03,340000000,,0.20440000000000003
pool1p8fhygz7ga9hghhwmkr64p3ftn77lxu9nyddvsqszattcdyajc0,,SUNNY,,25771285297651,,1000000000,,31,1228,445,25771285297651,1228,31,14053805509,482883005,0.01,340000000,1000000000,0.3549
pool1p8gda4td9882kcllejstrzfh84n8cxts0j67dyuuamzdg85cf3a,,ALL1,,10097029715,,10000000000,,0,1,445,10097029715,1,0,0,0,0.01,340000000,10000000000,0.0001
pool1p8yn95k4wgznc38ezckler84ufc6kxemmsvptv74r3g4zkxj24q,,,,362085909782,,,,0,15,445,362085909782,15,0,0,0,0.02,340000000,,0.005
pool1p90ymkn27wj473ve0leq0u6s935atjspsq77kxttyzzqsekqjh3,,JSY,,4907458502,,200000000,,0,4,445,4907458502,4,0,0,0,0.01,340000000,200000000,0.0001
pool1p98qztq2t77u89vvsratsmsx8hu965w4n7xneg5qu7gtgcdude0,,,,11633160,,5000000,,0,2,445,11633160,2,0,0,0,0.05,340000000,5000000,0.0
pool1p9sda64t6l9802tsu2fj6phvt9xfqgcpjucyr3kek8wzurmn8rz,,K8S,,1527439884824,,200000000000,,2,54,445,1527439884824,54,2,487842075,340000000,0,340000000,200000000000,0.021
pool1p9sjhjx0v3k76wvgdqu7jcks2ra48wqlhc6g0mkewd25k3zcymy,,,,25980936069106,,50000000000,,16,233,445,25980936069106,233,16,6818445022,693552975,0.048935,340000000,50000000000,0.3578
pool1pavpy40ahr5w3rfkw63uhm0r8c0jg4shrjlrjfnt8km8jewpjan,,,,868469289,,2000000,,0,5,445,868469289,5,0,0,0,0.06,340000000,2000000,0.0
pool1paxzxl23ygch4ad08m8zu477atpfumdeg6uyrvg579eawvsy77z,,VELES,,157598963,,2000000000,,0,2,445,157598963,2,0,0,0,0.01,340000000,2000000000,0.0
pool1pclcqwg45da00d4py9qfry3k86w7vkzjgfmvyrpx75g7u8t9nwf,,OZZY,,32855751265723,,35000000000,,34,1250,445,32855751265723,1250,34,15539479870,497271484,0.01,340000000,35000000000,0.4525
pool1pcsj4zltacqzdjefsqsyysgk3hkrusxdp4uyt0delernwcusn2g,,LIGHT,,3022666331914,,1000000,,1,3,445,3022666331914,3,1,129327877,342650401,0.02,340000000,1000000,0.0416
pool1pd7x30trlcd86h9x8ya5ch3j4729wudgdh4qrmr6fulh5zm24w9,,,,10276968,,,,0,2,445,10276968,2,0,0,0,0.02,340000000,,0.0
pool1peayemzlkmcwn64c455mx8sxdaztq0xuv9hdxlp0kcsxz57up3z,,AID1,,1295632499766,,50000000000,,0,26,445,1295632499766,26,0,0,0,0.01,340000000,50000000000,0.0178
pool1pemnlylem2e94xguhd3fytj90848kpv4agvr6rthx2tp58z79ek,,ACL,,16451513701574,,250000000000,,14,286,445,16451513701574,286,14,6121015856,402817576,0.01,340000000,250000000000,0.2266
pool1pf6yhzdr9vpct5rc3dtwersl4lyuglp80l4jc67kf2qj29xjg2u,,TAVN,,2347640447873,,1000000000,,1,817,445,2347640447873,817,1,130278406,341324440,0.01,340000000,1000000000,0.0323
pool1pfdd8d8n7jx0xnk4uev3x36se87c747w6l2d5x7fanh5w9evhw2,,BRAVO,,5732358291176,,501000000000,,6,340,445,5732358291176,340,6,2271596067,340000000,0,340000000,501000000000,0.0789
pool1pfl8ssfunf32pe5dyntel7eqc4gutej3f9r70h8ss7v3vesdtks,,GOLF,,9303310320,,1000000000,,0,8,445,9303310320,8,0,0,0,0.0049,340000000,1000000000,0.0001
pool1pfprlfz0ywcnewjegazz05ghgcfkvu40v6edsz6yn8w362sdjr8,,ADI,,37289707046726,,80000000000,,33,1708,445,37289707046726,1708,33,15085827676,461954075,0.008,340000000,80000000000,0.5136
pool1pg2fxvdpl9d8kdsfln3lvmwwk0apwvw6ykc5fyuc9jamgk6yvmt,,,,28679053639,,25000000000,,0,1,445,28679053639,1,0,0,0,0.04,340000000,25000000000,0.0004
pool1pg2k7lp6w68vlvdycug2ycu3mkrt0z4ftxay4g8zchj87mw6ug8,,VJRAS,,1005175300,,1000000000,,0,1,445,1005175300,1,0,0,0,0.02,340000000,1000000000,0.0
pool1pgdw8zfuwjkqhkl5fycfkdplkwqkmwvx7gsr2rkvvpnf23wwg8r,,,,3396396549,,128000000000,,0,2,445,3396396549,2,0,0,0,0,340000000,128000000000,0.0
pool1pgmuramw9waw9ckxsvpxmcn9p6fd4xl5jmavu8jje0x5vuc00l0,,ATRMN,,5813337320408,,1000000000,,4,10,445,5813337320408,10,4,1502686742,386500304,0.03,340000000,1000000000,0.0801
pool1ph4tl6nhlf8llcsyuzd3pvmw7skdsp76x0acd6rn24zljgw4nyq,,,,23157447645,,10000000000,,0,4,445,23157447645,4,0,0,0,0.02,340000000,10000000000,0.0003
pool1ph7yvr54xthhk0qun2q3sh36hsmzas5t8jgw3j0xeacrxa70fjk,,,,1753194368935,,,,2,9,445,1753194368935,9,2,14890606,340000000,0,340000000,,0.0241
pool1phc0dedrry2jp2s2tqngcw87vzx3mychvm7qqe3470etzsf3ph7,,,,61822771616,,,,0,109,445,61822771616,109,0,0,0,0,340000000,,0.0009
pool1phdz6sn3xs9fyytvhqpjc945jytmya6j4v8l3v7ksyczzdplawf,,DINGO,,717787286834,,50000000000,,0,41,445,717787286834,41,0,0,0,0.01,340000000,50000000000,0.009899999999999999
pool1pj5wv8tvu5f5dpmx6w5wthqy4sg3vs4qjvumg439v0plxgnu8a6,,,,2293233363,,,,0,4,445,2293233363,4,0,0,0,0,340000000,,0.0
pool1pj7r0wlu29sa56t2ujdm2vfl2yx77jaxwyw7wrptatuq65skf66,,HGK,,14533803865852,,100000000,,15,9,445,14533803865852,9,15,4700178466,2364253502,0.3,340000000,100000000,0.2002
pool1pk6q8vjxu0404jzq0dpt7fceyz9yu57lmx5csne8tmce5nx523m,,,,918078146,,30000000000,,0,7,445,918078146,7,0,0,0,0.02,340000000,30000000000,0.0
pool1pk7cjkcdsawxf25dwml0ely8vhjx7wp7nqans3jwatanceyqae0,,RIOT,,3566630544737,,0,,7,256,445,3566630544737,256,7,2438391481,369741485,0.01,340000000,0,0.049100000000000005
pool1pkpey8fua58sqvkwr9w4zyxhnvrqhnucnu8g2cupeggsyxee6ke,,ELI,,1237309818,,700000000,,0,1,445,1237309818,1,0,0,0,0.1,345000000,700000000,0.0
pool1pkqtms0pzd2x8phsrxn9kk5gmy4gn79edg9hhldykjd0guv0av9,,TAMIL,,495985416,,123000000,,0,2,445,495985416,2,0,0,0,0,340000000,123000000,0.0
pool1pm635fj8skdkh0lvhtcygateyt4nt4gj5rap28zqpe7rv0wgdhf,,,,2050621,,100000000000,,0,1,445,2050621,1,0,0,0,0.03,340000000,100000000000,0.0
pool1pmcgmdd2984nzs2azxmau9umr49sqf3sr0kgphhra6yfg67nt00,,,,397921363,,10000000000,,0,1,445,397921363,1,0,0,0,0.02,345000000,10000000000,0.0
pool1pmm654jfx088td54ekkkd0j28x6r5gnjdhnutzggursrxjnpk2y,,,,70199382585672,,,,59,15,445,70199382585672,15,59,27097580003,753228799,0.015,340000000,,0.9668000000000001
pool1pmrgd8snhv0nnj97xcg70nqqhg0v9g3d0e93jl8vn23wxtsxz53,,CALM,,6849568282898,,50000000000,,7,333,445,6849568282898,333,7,2914300086,369659401,0.01,340000000,50000000000,0.0943
pool1pmsjsvnd506xqzwlcavexcl86ta046eqz74xzvt97688urmd0qj,,,,200000000,,,,0,1,445,200000000,1,0,0,0,0.1,340000000,,0.0
pool1pmyave37l324x5phh0s7tdy30kx9mdzmqnj829teccun2je37xw,,,,4933270977,,2000000000,,0,34,445,4933270977,34,0,0,0,0.01,340000000,2000000000,0.0001
pool1pn36hexudnjg6uwvxc5tld3ay2g6ty99ardzhn7crhkhzshjpte,,YKSB,,27814760317,,500000000,,0,3,445,27814760317,3,0,0,0,0.01,340000000,500000000,0.0004
pool1pnsk7v8a4eyn9qtqev7k3clazzw2s66cpa850zprqlu5x5eqtuw,,LKBH,,77781439058,,12900000000,,0,10,445,77781439058,10,0,0,0,0.027,340000000,12900000000,0.0011
pool1pntqwmkc3yhpgw8q5280chej2dfwevasc88ql08qfvg6cny8s6l,,,,43064886740761,,,,42,1,445,43064886740761,1,42,,21606406590,1,340000000,,0.5931000000000001
pool1pnuluy36ukdzv369d4zee8rarpw2k8ukwe5kkdmh06t6y78cyrr,,,,163622402,,100000000,,0,1,445,163622402,1,0,0,0,0.15,345000000,100000000,0.0
pool1pnvthl5hwnsuulx6fch0885aae0l9fkht35rla46dw9r54d5whr,,,,90358157143,,,,0,4,445,90358157143,4,0,0,0,0.02,345000000,,0.0012
pool1pnzwgsgzd6t4788sfr7dxjyusepyq9xaxnpyfcngewqf29t9ayd,,PHRCK,,6596611362068,,3000000000,,3,2651,445,6596611362068,2651,3,1039786947,350225152,0.0095,340000000,3000000000,0.0908
pool1pp7tn2w6ken4rpfcjwcdup3g4m5gcdhc9lgvrm3mnxz5stmrhq2,,CROW,,35361873351153,,100000000000,,36,1736,445,35361873351153,1736,36,15956375625,1005032964,0.0399,340000000,100000000000,0.48700000000000004
pool1ppqdq5yfkkllrcj0u47pakg9e4ha568pz3a9kkrr6w2kyw8gxv7,,COOL3,,13135813532840,,50000000000,,9,180,445,13135813532840,180,9,3792565650,418302298,0.02,340000000,50000000000,0.1809
pool1ppznyu6qrvlw9uuqa3tslryjd40nh56jyvmaqw6kdf4kzq3y8kh,,DIGI3,,38181382012202,,215000000000,,37,1223,445,38181382012202,1223,37,16553397034,769238900,0.025,340000000,215000000000,0.5257999999999999
pool1pqdgdhka8xegl8y3lt780n0v4p9yl5z3vdh6qqs4vdlvgaujaxu,,ISKY,,115948420622,,2200000000,,0,12,445,115948420622,12,0,0,0,0.008,340000000,2200000000,0.0016
pool1prc9hna2mgamtspchrygc66s9n4tlkvh39e3t9zccef4kzc3ns2,,TERM,,3272280647859,,3350000000000,,6,9,445,3272280647859,9,6,17090400,364983683,0.01,340000000,3350000000000,0.0451
pool1prerctlrtn5e63m0zu5ydr2adaxpsypzj6wx3v8y44dsyj2lcwm,,CADEN,,12121163249,,11000000000,,0,8,445,12121163249,8,0,0,0,0.015,340000000,11000000000,0.0002
pool1prn0a3058n4e0evm55gvc5rrawht79p3jxpv42nq7s2ncxhszla,,ADIZ,,1190761831,,1000000000,,0,1,445,1190761831,1,0,0,0,0.01,345000000,1000000000,0.0
pool1prwcf5nlqz4faek27x2asyjk50fp0hf5tptumzlxpuvtqh3ulv9,,QUBIT,,1656235495191,,100000000000,,0,10,445,1656235495191,10,0,0,0,0.025,340000000,100000000000,0.022799999999999997
pool1ps2yl6axlh5uzzst99xzkk7x0fhlmr7x033j7cmmm82x2a9n8lj,,,,163797665975,,,,0,337,445,163797665975,337,0,0,0,0.05,340000000,,0.0023
pool1ps39v4j035ejzrga2qt56cfhjuwx38wved8rd0mujtyh6r5mt3c,,RAID4,,33807992913,,30000000000,,0,2,445,33807992913,2,0,0,0,0.01,340000000,30000000000,0.0005
pool1ps3quyamsmn5cvp403tgjzgpfwha5u4dr2zc3wtts5kgqc078se,,YETI,,481800437,,50000000,,0,2,445,481800437,2,0,0,0,0.01,340000000,50000000,0.0
pool1pshqcksxywy68lt04lw6uf35f4yssekh5dx2mxqmyrukke2z5y3,,ACL,,60818201529760,,750000000000,,59,3704,445,60818201529760,3704,59,27001428876,616223160,0.01,340000000,750000000000,0.8376
pool1psk0c2p7pwactw00nkzjexdw0msn7g8nddc06eyvds6yswr3tjg,,ITC2,,34555582889235,,10000000000,,35,5875,445,34555582889235,5875,35,15485967255,985484107,0.0399,340000000,10000000000,0.47590000000000005
pool1psr42v6rvv3raeqsg9ru2zy5dp4cchlde8hw9xthrpstx5wz7wk,,,,365012461186,,1000000000,,0,162,445,365012461186,162,0,0,0,0.02,340000000,1000000000,0.005
pool1ptzl40tt9a6l2kp6fhjmzsg3t2maqdhwv6cnqu8kj6xgz3vw9us,,,,32371918281130,,,,24,2,445,32371918281130,2,24,10325344689,1004700846,0.06,345000000,,0.4458
pool1ptzt9j6y4jefzkq4vj3z7wa4h492ktlkecggseqvc8f060xuved,,,,113633502900,,10000000000,,0,4,445,113633502900,4,0,0,0,0,340000000,10000000000,0.0016
pool1pu49urd00qf9zzeghrks03tvszzvrdzecw649ag5dwd07snx69n,,SWING,,21643240325,,10000000000,,0,7,445,21643240325,7,0,0,0,0.01,340000000,10000000000,0.0003
pool1pu5jlj4q9w9jlxeu370a3c9myx47md5j5m2str0naunn2q3lkdy,,NUTS,,4152645415735,,250000000000,,4,169,445,4152645415735,169,4,1380235557,416040301,0.049,340000000,250000000000,0.0572
pool1pujegnn8qf7xux6tkx2mj2qdn9jf0y4z0t6nma97wdgqudlc9ww,,,,640942071,,100000000,,0,1,445,640942071,1,0,0,0,0,340000000,100000000,0.0
pool1pv4hhvy8dkvllr706q0lpyu9py6lcf6zddl4wlynwx3cglxajmg,,,,177541447207,,,,0,28,445,177541447207,28,0,0,0,0,340000000,,0.0024
pool1pvg7uqf9a0ms24xcdfq8f48p72csfslgz3gzwlmfee5szuda0du,,,,23433361,,,,0,1,445,23433361,1,0,0,0,0.05,340000000,,0.0
pool1pvsvhzqlrtmseg2mlk600hzs7zqztuqm4ytxyeupa2dyjzs33nr,,,,15005560124,,400000000000,,0,32,445,15005560124,32,0,0,0,0.01,340000000,400000000000,0.0002
pool1pvu2zdexh8wr4ggmuz90jvqrua6an43qj9m9urs785p8kwjzqwl,,KTN3,,45319458074596,,50000000000,,47,30,445,45319458074596,30,47,20745034558,1433605564,0.05,340000000,50000000000,0.6241
pool1pvxsyzqze90jyyqqewg5spkh6tst0cwyvtvh6qfsn6xx75p2vk9,,,,2639298,,1000000,,0,1,445,2639298,1,0,0,0,0.02,340000000,1000000,0.0
pool1pwfdasxs7ht7878g99fnw86g7u77hqjvv4qgvr9jx6reznfrllj,,Safe,,19353990550,,18000000000,,0,4,445,19353990550,4,0,0,0,0.05,345000000,18000000000,0.0003
pool1pxhywws8s8h05c69ug3k4rl6jtpxms23eyag7eawwdvxql8spwc,,,,152955885051,,5000000000,,0,7,445,152955885051,7,0,0,0,0.01,340000000,5000000000,0.0021
pool1pxw4z2m0lmw422hr32dwyy3uz9436g8p7qdmg2sl2w0m5pyk3yn,,STOIC,,4383058038400,,30000000000,,4,189,445,4383058038400,189,4,1521026684,355502349,0.01,340000000,30000000000,0.0604
pool1py2uxkvuj926h42s40wxl26dh0ggaq882v4m0hkd99m86vzmwnz,,EARTH,,2413816861564,,100098000000,,0,32,445,2413816861564,32,0,0,0,0.05,340000000,100098000000,0.0332
pool1py6q7y3f7jz60mt5jhsrdx6lqtuvc02chqgvwzjzayctqhgzzge,,,,5770616888865,,,,4,9,445,5770616888865,9,4,1110996420,778000622,0.2,500000000,,0.0795
pool1pyegru75d64xgg4jh83904nst8fs8qz6mvtxquatv44rkartevc,,IBEX2,,6549985156005,,5000000,,7,22,445,6549985156005,22,7,2893756789,411205784,0.024,340000000,5000000,0.0902
pool1pyzhux0l4lhd7ex2mj6dqt4l0r5hymlu4jc8ka6gna305jn4vhm,,,,546890394,,,,0,1,445,546890394,1,0,0,0,1,340000000,,0.0
pool1pzkgztz8y8tgd9tpfu7umep97x7m0c5ck0dpn2vqtf202fyhfv5,,,,112747564224,,10000000000,,0,47,445,112747564224,47,0,0,0,0.0325,340000000,10000000000,0.0016
pool1pzqdfptvl5f8vh28az37jag2wkfmqz9x8d6eufl8y0z9q34hlr7,,VICE,,1214652987491,,900000000000,,2,34,445,1214652987491,34,2,101117061,364229783,0.04,340000000,900000000000,0.0167
pool1q0a7a94cfk4ph7gugj636tsuhhd98l2sfjv2adhaff2mvs7kmtl,,NUFI8,,37297455686508,,1000000000,,34,920,445,37297455686508,920,34,15252923022,811752572,0.03,340000000,1000000000,0.5136999999999999
pool1q0jmr57udknpq8k5qtgt5vgdjq9pzrzevf68966wxn8zgz7qy3w,,EPOCH,,21615532256179,,50000000000,,15,200,445,21615532256179,200,15,6267270633,509337835,0.025,340000000,50000000000,0.2977
pool1q0memmdw4ktr88fkma53tqgkaqeq3wfc476le59rped4cu8tn4h,,JOEY,,3047389974908,,25000000000,,2,418,445,3047389974908,418,2,599999245,340000000,0,340000000,25000000000,0.042
pool1q23kstu6ute8x43z95ahnwh04n9rpn6k0wzakq663ke75220682,,,,14524772611757,,500000000,,11,35,445,14524772611757,35,11,4734675409,461437928,0.025,340000000,500000000,0.2
pool1q2fh3cl6rx0wv5gry4qx5l4h65qpjf7x99xmq66nqj2fj5g6u9z,,ASTCH,,37753627486,,5000000000,,0,14,445,37753627486,14,0,0,0,0,340000000,5000000000,0.0005
pool1q34qp4ckh590gt99eadtz8w8ag3watavf5adj8qjs7guxmkgk8g,,,,1047621962,,100000000,,0,1,445,1047621962,1,0,0,0,0.01,340000000,100000000,0.0
pool1q3xdrewrldt06rpjx6pzguzm847ujxnmajxrsr7dsthscz4htlv,,MICRO,,12252292972,,10000000000,,0,3,445,12252292972,3,0,0,0,0,340000000,10000000000,0.0002
pool1q42574l9xer3khqpshk8w2vc6md6zlah7493fp6zzv9mqurmufx,,,,429144410,,5000000000,,0,1,445,429144410,1,0,0,0,0.015,340000000,5000000000,0.0
pool1q426xdlg94lcpgrnmfs8dkp9hu08my5rvw574mum96jhg8yhd5v,,,,64175608653148,,,,72,3,445,64175608653148,3,72,,41962573906,1,340000000,,0.8837999999999999
pool1q4l2wpswlanqszppj4tcvgw4j9wdjmadqky57dq0wqhg5tmhsxn,,,,15353472193,,,,0,1,445,15353472193,1,0,0,0,0.05,345000000,,0.0002
pool1q5h54ekx7wwqpfz78y8dppyl6uv7rpyvvr8nhf4es434un4mpx3,,BHMT,,25477007999,,1000000000,,0,24,445,25477007999,24,0,0,0,0,345000000,1000000000,0.0004
pool1q5sspejl875flc0z6wh9y9zxkgqnk0y3aaw8jc0pkxs6cpavm4q,,ONYX,,1199105308627,,0,,1,44,445,1199105308627,44,1,130100258,341325199,0.01,340000000,0,0.0165
pool1q5za50d3sr707xkmjtyrs0v76ezxyj8g8uhggfk0wfl77aufd9k,,,,833348737166,,725000000000,,1,14,445,833348737166,14,1,10580756,341326986,0.01,340000000,725000000000,0.0115
pool1q66d2n39uvln4hazyzv8fyq977mpqus78sjd2369qfn7cptdeyh,,KTN2,,9876945364870,,50000000000,,10,55,445,9876945364870,55,10,4141735747,559298862,0.05,340000000,50000000000,0.136
pool1q6lzp5x6tqg04chsxakupgq6x829nsx2dk5w8h043fnajm8d3uj,,ADAIM,,32402822841,,4000000000,,0,15,445,32402822841,15,0,0,0,0,340000000,4000000000,0.0004
pool1q6ydlweuzytf4wxdnr9h7qxalu7v3kg4c2t6m7uysn0r67jqx62,,,,19736460,,8000000000,,0,2,445,19736460,2,0,0,0,0,340000000,8000000000,0.0
pool1q7k8mmnvsgthp94hpn8jrnacjewplvywq70eef90fv4nu7gedzp,,LOGIC,,14669920741418,,0,,16,32,445,14669920741418,32,16,7036280990,484406739,0.02,340000000,0,0.20199999999999999
pool1q7wrwstqkzhrffdzpw8ftfd4epmxywdjnp8384atjcnezchv242,,SPEC,,8948047687964,,8601000000,,11,422,445,8948047687964,422,11,4747650613,437160404,0.02,340000000,8601000000,0.1232
pool1q80jjs53w0fx836n8g38gtdwr8ck5zre3da90peuxn84sj3cu0r,,000,,2143494868401,,2000000000,,1,763,445,2143494868401,763,1,119556186,340000000,0,340000000,2000000000,0.029500000000000002
pool1q86d5lfjtyrq8yzkyc55dy5p4yw0qvgkp5nqgr9ld5fv6ustg8h,,,,3070591,,1862817955,,0,1,445,3070591,1,0,0,0,0.02,345000000,1862817955,0.0
pool1q8a7ym63gurl72wr32je0tv0lp4p2uh8vzzc6rn6un7ryslvqmu,,LSSP,,7584408451663,,68000000000,,5,410,445,7584408451663,410,5,1971774588,380443493,0.02,340000000,68000000000,0.1045
pool1q8sll5g69z98q6mmu5teg7zn4fnlsqjyq898e6cxmec0cj9lk6r,,MATRX,,223194252,,100000000,,0,2,445,223194252,2,0,0,0,0.02,340000000,100000000,0.0
pool1q8x5k5wq6zsshdjcmyzcgzwaqd9mfg9fypaaew8xs597svmeyk4,,,,8352271501401,,,,6,1,445,8352271501401,1,6,,2835003500,1,340000000,,0.115
pool1q8xqp4w6yzt3z7wd7359ywn6xfke2qj249gyxtru684ruk8kazv,,,,233375391,,25000000000,,0,2,445,233375391,2,0,0,0,0,340000000,25000000000,0.0
pool1q9049mstrv5czwyylpf3xen08pmvsfsgtru4wf3zvc9uxat2sm0,,,,12092476029253,,,,10,1433,445,12092476029253,1433,10,4367815376,340000000,0,340000000,,0.16649999999999998
pool1q9kwa675j2z53jecrs6pn3fqsc9ypxrsypu5dgu6hammqkagy22,,TIGER,,715118801200,,369000000,,0,83,445,715118801200,83,0,0,0,0.01,340000000,369000000,0.0098
pool1qa0t2lecmzmvzn6z7lzc439wvlgz0x04lvnqcdyzv4gywz3qehp,,,,427529465647,,100000000000,,0,8,445,427529465647,8,0,0,0,0.01,340000000,100000000000,0.0059
pool1qa2h3hha0m5he0429ym7tqvsn89nsddvn7wgkx3v8g6hsstdzc0,,SNSKY,,14624848854077,,80000000000,,19,31,445,14624848854077,31,19,8135265981,790000000,0,790000000,80000000000,0.2014
pool1qa6lqyu67ghpa0evxfu9nzqkj3h82qpfku82ec79zdwru4pd25m,,CNODE,,44457959996883,,500000000000,,19,5390,445,44457959996883,5390,19,8366727745,495000000,0,495000000,500000000000,0.6123
pool1qadgwr92pgx0yz3u9n63f0s9ugryaud6wxers850z6sfu06y3rg,,VITAL,,398203262619,,0,,1,195,445,398203262619,195,1,113468874,342651718,0.02,340000000,0,0.0055000000000000005
pool1qakys0fxx5p2fxcnsc2tyjpqa88q7qgtdh5t3a32hplv6fg25r9,,,,2863454880252,,,,4,247,445,2863454880252,247,4,1502495799,378752000,0.025,340000000,,0.0394
pool1qarmuvc39q7ygl2affsuly2hs39mukcag9tunsnu8xudwv8mf00,,,,28893162406,,25000000000,,0,5,445,28893162406,5,0,0,0,0.01,340000000,25000000000,0.0004
pool1qatl6qf2zja8a3hyhn42ar5a54h9k0dn3hd2j4uxvz5mqn25zy5,,,,61003759,,125000000000,,0,1,445,61003759,1,0,0,0,0.03,350000000,125000000000,0.0
pool1qaxrj6n50naglqmzj5puq5sd0awgy9wnqmykpwmcah4vzhndpve,,🐈NNSP,,60621874751355,,50000000000,,50,19,445,60621874751355,19,50,23262660620,340000000,0,340000000,50000000000,0.8349
pool1qc05c76autq4235sq20zu4vjwtl5m0xn4mxq9kg6e66uwz95kd4,,,,70028016945995,,,,55,2,445,70028016945995,2,55,24365155483,1622376604,0.05,340000000,,0.9643999999999999
pool1qcdw8uk5d9ehldhccy926u886qhr07xa354yrkamdde0qku53nx,,ARMY,,961637079643,,5000000000,,0,15,445,961637079643,15,0,0,0,0.02,340000000,5000000000,0.0132
pool1qcra8mg7vaju9cxad4cffye0zq35eag220dxrnje2exzq683u4x,,,,546890394,,,,0,1,445,546890394,1,0,0,0,1,340000000,,0.0
pool1qcu4r9rw853pyvfznfeujfzxlku4xtvp8cas6c2y79hvuy22vl4,,MPOL,,84401680017,,100000000,,0,8,445,84401680017,8,0,0,0,0,340000000,100000000,0.0012
pool1qd3hwt2hvkt2jn9lktcjqpdk9cz0mk8qdue35x00p7ud5g0268s,,,,66488296,,42951872000000,,0,2,445,66488296,2,0,0,0,0.15,340000000,42951872000000,0.0
pool1qd6mlgr6u0yp2ddxn7gd5jr6pcflu5md3sff4xyu2ngeu503jkd,,,,497625394,,,,0,1,445,497625394,1,0,0,0,0.15,345000000,,0.0
pool1qd9yemufpf2fctpd2zyx9v2lv3h4fne3v8jplse284gqxk8ketu,,,,164620642,,100000000,,0,1,445,164620642,1,0,0,0,0.03,340000000,100000000,0.0
pool1qdjx5xeeu6288ftmhmdr0c6mazkua7m07cydmr78ymfhz7jj7g4,,1PCT,,537448061171,,50000000000,,0,147,445,537448061171,147,0,0,0,0.01,340000000,50000000000,0.0074
pool1qds0ldd626j09nnpn3g3ne2fvn65phr6cz74k6xv8urtgygu9cp,,PERDX,,8255363631,,500000000,,0,11,445,8255363631,11,0,0,0,0,340000000,500000000,0.0001
pool1qdw8vw3tk20e4lgcd9evd9u4hxj8zekdg2qpmnzdk83dcncavpd,,UPLAY,,1588049383,,1000000000,,0,1,445,1588049383,1,0,0,0,0.02,345000000,1000000000,0.0
pool1qel9h28zarup4g5dx95smeggfruq26k47lc8e6wmdzaaywyj63r,,RAID1,,36279149215,,30000000000,,0,3,445,36279149215,3,0,0,0,0.01,340000000,30000000000,0.0005
pool1qetkrhjs9fll3nthuxk6zp0ssanf3rszg5wh8x79mg67gsg7vjv,,CARAT,,10548578803809,,50000000000,,8,40,445,10548578803809,40,8,3286534447,443223461,0.03,340000000,50000000000,0.14529999999999998
pool1qfdzhvd4kttdew9klp89jtuts46dnecxdj36lwax9j2eyag0v6t,,,,358973988630,,,,0,3,445,358973988630,3,0,0,0,0,340000000,,0.0049
pool1qfxukshs4fkcrflzdnxa2fdza5lfvew3y6echg8ckaa4q8m5hyf,,NEDS1,,57729851463318,,250000000000,,56,5418,445,57729851463318,5418,56,25470231290,601862112,0.01,340000000,250000000000,0.7951
pool1qg0g6hv2e50wevkqj34g0cya4f9audctayzp8wqwhxtdjnhn3tt,,,,128156626502,,0,,0,7,445,128156626502,7,0,0,0,0.06,345000000,0,0.0018
pool1qgmwcxs8d8qmr0vtvsqd9u8gugrventh5dcqukmu79e2sgfuu8t,,,,24647487339318,,100000000000,,20,6025,445,24647487339318,6025,20,8620365118,795687320,0.05,340000000,100000000000,0.3394
pool1qgsylc6kjv29zva4w783fuyf9xxhj78ktgjlxjvppest5ya9pek,,TURBO,,72888561195,,24000000000,,0,2,445,72888561195,2,0,0,0,0,340000000,24000000000,0.001
pool1qh4jvncd9chmm5ru3sk3cqxuat83vj8v7rgl4x5lqfepcywvc9g,,,,19424099,,,,0,3,445,19424099,3,0,0,0,0,340000000,,0.0
pool1qhnjcmyy9xrf00z4uj66yedje5ue2ukqte2hr6dmty9a2gz7tu5,,,,197226280,,100000000,,0,1,445,197226280,1,0,0,0,0.01,340000000,100000000,0.0
pool1qhs3cf9ymc2nvmrd2j8cs36cj9jdqgnqk6s9ngyvy2lz5s8rak8,,PANL,,14910266880076,,166000000000,,15,37,445,14910266880076,37,15,6610893133,407518643,0.01,340000000,166000000000,0.2053
pool1qkd5y9azf2xx0gmrj68lrkcn59ldjmnpzd3y2rq3tvjp2vqljan,,AMOON,,13831322993634,,150000000000,,12,609,445,13831322993634,609,12,5206910096,393334884,0.01,340000000,150000000000,0.1905
pool1qku2yhky7sv4dfjfv42uyvauhehuqevk25aw952d7ulzqzx3jcu,,ASPEN,,14124779382508,,250000000000,,15,1159,445,14124779382508,1159,15,6595247925,373766582,0.005,340000000,250000000000,0.1945
pool1qkvt06tjvd5mjf3yms9y6hp22uedn5ys6384pn8k3d4tz3d7j2z,,,,497432393,,100000000,,0,1,445,497432393,1,0,0,0,0.075,340000000,100000000,0.0
pool1qkwseukqpnezhh9gjcuhtse7wp7v8m8asgekl34lh3f5xnnl6z2,,,,35245729,,5000000,,0,3,445,35245729,3,0,0,0,0,340000000,5000000,0.0
pool1qle9cf4ycvz2ervhjsedsq8kkxdey4a9jxyuhhmj8wanx2xjqgn,,,,10276880,,,,0,2,445,10276880,2,0,0,0,0.02,340000000,,0.0
pool1qle9z3ml65h3uc63cnedv7cppvel9y6jf82va7z7rqcp5a95sfe,,,,55610834,,,,0,1,445,55610834,1,0,0,0,0.0002,340000000,,0.0
pool1qlkr6qu4mm38x77ldp2vnxn0gatgq4ernvvdw4pxze2tuyw5pfh,,BISH,,507449373,,500000000,,0,2,445,507449373,2,0,0,0,0,345000000,500000000,0.0
pool1qlpen2kkw8yc0pjyjjcg4zlswhrahf73f99y3ae85kjy6leqk7l,,FOFA,,17761285338,,1000000,,0,99,445,17761285338,99,0,0,0,0,2500000000,1000000,0.0002
pool1qlpjsz5j5vqs59cnu09j90agycj2xvrp45sv0v6euujj60up6dw,,ROAM,,391666905264,,10000000000,,0,19,445,391666905264,19,0,0,0,0,340000000,10000000000,0.0054
pool1qlps2dwr0qd0a7pjqr47apewf2lq42xv03zgentgwv9mspeh57g,,,,70026217584345,,,,58,2,445,70026217584345,2,58,25711782146,1693251692,0.05,340000000,,0.9643999999999999
pool1qlxxw3zlgx0kgv2cel0n6z3a6yjs0w8grwtp5xwna8fm2g5tsda,,,,31085873557623,,0,,37,5,445,31085873557623,5,37,15854885581,1625689119,0.075,340000000,0,0.42810000000000004
pool1qm656ca3pdnu3gfetusmslva555j3m3efaq5u44sgpdsjn7dg4d,,ZACS,,1010380113,,1000000000,,0,2,445,1010380113,2,0,0,0,0.01,345000000,1000000000,0.0
pool1qmsck80ldwm23t4t5elxc857r82ph3urkt7tpyq65ntn2dv2ust,,,,9247292007878,,,,11,54,445,9247292007878,54,11,4846325157,340000000,0,340000000,,0.1274
pool1qngadlcclnkqgdwd4l3vp5gmgdc7cpkfek76q7rzscqqk5ak9y8,,UNIT,,1711050618,,10000000000,,0,4,445,1711050618,4,0,0,0,0.03,340000000,10000000000,0.0
pool1qnrqc7zpwye2r9wtkayh2dryvfqs7unp99f2039duljrsaffq5c,,NUFI,,46895277213637,,1000000000,,38,5338,445,46895277213637,5338,38,17081861125,868320382,0.03,340000000,1000000000,0.6459
pool1qp3j2cy4xje783x3a98y08yz6kwr3emu05zm2xyxryajjhmt48p,,GPG,,1493793161,,100000000,,0,2,445,1493793161,2,0,0,0,0.015,340000000,100000000,0.0
pool1qp7ge7rwk8ht63v8z6vkyw3g8em5qr5k0z0l6ta8mxjtzx4dzy8,,EVE01,,179886983,,100000000,,0,2,445,179886983,2,0,0,0,0,340000000,100000000,0.0
pool1qpn9lpmwp9p88vtp6gt20xdc5e7rf50ew42hp7gdnfltxqvfpka,,,,69699931,,,,0,2,445,69699931,2,0,0,0,0.05,340000000,,0.0
pool1qprj52nh0j32p5vq290rludcfz58kujyszt5ztfvj2ymx43649f,,,,8202913,,0,,0,6,445,8202913,6,0,0,0,0.075,340000000,0,0.0
pool1qpuzf5kcxrmuf6qg2nnu9cs7hj2d6ke3fwz58l7rlefcy50caaa,,ANFRA,,237029757732,,107000000119,,1,10,445,237029757732,10,1,56865489,343978463,0.03,340000000,107000000119,0.0033
pool1qq76dtlr0m9g6xlvngzq550j86cgtslphyjffz3pgpn7wazatdc,,ATM,,285877592720,,25000000000,,0,98,445,285877592720,98,0,0,0,0.0299,340000000,25000000000,0.0039000000000000003
pool1qqenhz258k5k9nyjull6gkzg7s4f3ae8v7qxwpegeef9v0nsy3e,,CHRTY,,23018744133039,,60000000000,,19,292,445,23018744133039,292,19,8529296429,426395468,0.01,340000000,60000000000,0.317
pool1qqlf3epa7m8780p2jx5689u2ql06tw026l5377tptk2zswrc645,,CPS,,5236454268885,,1000000,,4,76,445,5236454268885,76,4,1501717798,386500069,0.03,340000000,1000000,0.0721
pool1qqmvjqwzcg3p0x89a9hd6lgwvqq8wy2w6mcx0csaxq4x6xz7qyn,,,,438216445401,,0,,0,278,445,438216445401,278,0,0,0,0,340000000,0,0.006
pool1qqq0c53vaf5ju0n3fvujmyxwca0yhp65930evw9lngmr5705csz,,ANP,,7364084522478,,350000000000,,12,811,445,7364084522478,811,12,4906818987,345218169,0.001,340000000,350000000000,0.1014
pool1qqq6qqa0hpzvumv5p87ynczfmdj557xuwlc3289ke42g72z7f74,,AHL,,43039055009527,,400000000000,,31,1591,445,43039055009527,1591,31,13906429644,597969132,0.018,340000000,400000000000,0.5927
pool1qqq9tqyj69j9kygpxza3h82ynh8d0xlueucnu2yqum8nse8hj7y,,SION,,2418664854905,,22222000000,,3,372,445,2418664854905,372,3,1051173316,340000000,0,340000000,22222000000,0.0333
pool1qqqq02jxq3q9j93devp9pts90ctm8w3r0rgek97ngujpjgpw46j,,ZENY,,109008866892,,500000000,,0,4,445,109008866892,4,0,0,0,0.035,340000000,500000000,0.0015
pool1qqqq4md2rfdt75qvh3x9cgmkrgkl74ctcj3fnxpu3ylcudl22ex,,MASTR,,25885143652558,,10000000000,,29,1345,445,25885143652558,1345,29,13089248842,607261640,0.02,340000000,10000000000,0.3565
pool1qqqq58jy30weq2an3px3maljdmawcwh6ml4hr8m9euq9z2n7wyz,,COAST,,691523247363,,500000000,,0,13,445,691523247363,13,0,0,0,0.035,340000000,500000000,0.0095
pool1qqqqdktl6pq46td0mwut0qn30g7nlue0sete9wxl0hwsq37wrw8,,STR8,,63623881575518,,650000000000,,54,5999,445,63623881575518,5999,54,24667516552,591161241,0.01,340000000,650000000000,0.8762000000000001
pool1qqqqpanw9zc0rzh0yp247nzf2s35uvnsm7aaesfl2nnejaev0uc,,TITAN,,61653608388227,,250000000000,,59,4972,445,61653608388227,4972,59,27175861448,615621857,0.01,340000000,250000000000,0.8491
pool1qqqqqdk4zhsjuxxd8jyvwncf5eucfskz0xjjj64fdmlgj735lr9,,ATADA,,73682798706692,,1300000000000,,67,2785,445,73682798706692,2785,67,29806596473,651830212,0.01,340000000,1300000000000,1.0148000000000001
pool1qqqqrwzy7njvjq9wph7usj5gghm3py9c97688ek8pgc7uem9cfz,,FROG2,,9897934918027,,150000000000,,11,1495,445,9897934918027,1495,11,4594506062,534385961,0.04,340000000,150000000000,0.1363
pool1qqqqvmpm9v2l0tkwx4dpzth3g85lapxjug2j6sucnphyqlt4fuu,,SALUD,,488084661080,,500000000,,1,27,445,488084661080,27,1,100383403,342321480,0.0175,340000000,500000000,0.0067
pool1qqqqwg5y9jj6uet4amx3mkmzneaxrlhczmpz5admlvddgyhtnug,,HEAL,,3650184344,,25000000000,,0,10,445,3650184344,10,0,0,0,0.0275,340000000,25000000000,0.0001
pool1qqqqx69ztfvd83rtafs3mk4lwanehrglmp2vwkjpaguecs2t4c2,,WOLF,,3200865901468,,5000000000,,4,1399,445,3200865901468,1399,4,1499582828,378599863,0.0249,340000000,5000000000,0.0441
pool1qqqqzyqf8mlm70883zht60n4q6uqxg4a8x266sewv8ad2grkztl,,FROG,,9202662499613,,100000000000,,7,2043,445,9202662499613,2043,7,2763552992,458722643,0.04,340000000,100000000000,0.1267
pool1qqqyv9pn9typyqwcxqk5ewpxy5p27g5j2ms58hpp2c2kuzs5z77,,ANGEL,,54500448555770,,55555000000,,46,4047,445,54500448555770,4047,46,20963078897,718888111,0.0177,340000000,55555000000,0.7506
pool1qqvukkkfr3ux4qylfkrky23f6trl2l6xjluv36z90ax7gfa8yxt,,STAKE,,32064920764713,,50000000000,,40,1000,445,32064920764713,1000,40,18386531849,488510254,0.008,340000000,50000000000,0.4416
pool1qr6jmmu8q2u44gzy2xarmnkq70c0ggz72nnh77qmevl62th69k3,,,,1532883102,,100000000,,0,7,445,1532883102,7,0,0,0,0,340000000,100000000,0.0
pool1qrmc270m32g080pks0uvyf0hhj7m8gyhgckkpy32l7nnzrll85v,,,,424685339,,80000000,,0,1,445,424685339,1,0,0,0,0.15,344000000,80000000,0.0
pool1qrp4nzmalqdgc96avaqjha9zp6mkahtzler6tvuupzlvvw786qn,,,,675747574307,,13000000000,,1,6,445,675747574307,6,1,121342070,345301019,0.04,340000000,13000000000,0.009300000000000001
pool1qs6h0y7czzt605kptmrv6cr85kxd6tajr2hs0etvxphv7tr7nqu,,,,63802029582176,,30000000000,,66,3530,445,63802029582176,3530,66,29660800061,1416505399,0.035,340000000,30000000000,0.8787
pool1qsdg8ylzy4kv624drfgkzuqgqj3y29lw44qnvltepht2wegh58c,,ADLF1,,8704721724,,8500000000,,0,1,445,8704721724,1,0,0,0,0.01,340000000,8500000000,0.0001
pool1qsql4xy359qgypnnh3hu3hm7ax4rs37gkas9tnhun03ygglxtth,,,,2267244,,1000000000,,0,1,445,2267244,1,0,0,0,0,345000000,1000000000,0.0
pool1qsxhnvr03tg6jj7cl0y74jd63n85fgejm8tlqq7ct7fexfygkye,,BRNS,,21458550964,,50000000000,,0,4,445,21458550964,4,0,0,0,0.015,340000000,50000000000,0.0003
pool1qtrlex4p7s2uskt0p9tldz3eprda73vd5ngfh6fam4sgkpmazfx,,,,1210014103135,,,,1,448,445,1210014103135,448,1,130264246,340000000,0,340000000,,0.0167
pool1qtrmcca06yuu5tm9zfv6hantkm2xqhl24hnmg8knmx7pjt2cw7m,,,,14562147541361,,,,18,15,445,14562147541361,15,18,8078117773,421653616,0.01,340000000,,0.2006
pool1qu09ve95eqz4mgygn8a85jhhpce6578lvfvs3ltv5flt5xv66vk,,CHIPI,,18803721658,,13700000000,,0,12,445,18803721658,12,0,0,0,0,340000000,13700000000,0.0003
pool1qu48wpwwarmkewhlwge9xs87sgt8gdnqq26nnre2v6c8up4fxwr,,OBS,,12285811441742,,95000000000,,10,183,445,12285811441742,183,10,4222448244,427736953,0.02,340000000,95000000000,0.16920000000000002
pool1quj6cp7w4tarq7hrcdsjxlgcmnunm2xvnpvmj20l9nplue6rjxx,,FGPX,,255550247902,,60000000000,,0,66,445,255550247902,66,0,0,0,0.01,340000000,60000000000,0.0034999999999999996
pool1qv3velgldz529zq904jy9qfrhdh0akwkkhylu2rymd6sw9m02cc,,,,70028915977519,,,,56,2,445,70028915977519,2,56,24814031037,1646001634,0.05,340000000,,0.9645
pool1qv785q9wx056p7ngq2ec3n86tj5kx0t3ygcug8zx3sknj038rsd,,,,244214006463,,15000000000,,0,16,445,244214006463,16,0,0,0,0.025,340000000,15000000000,0.0034000000000000002
pool1qvhss6kxmtl27nr4ugvypayhvt4a4vzll8p9csdg2v8q7d22llu,,ASTRA,,26403572670870,,50000000000,,24,1070,445,26403572670870,1070,24,10759073639,559990984,0.02,340000000,50000000000,0.3636
pool1qvkdjemewy8phhrkdhscjcnh3947f5ae42rdfjkv6gkgkjtlfsg,,RANMA,,35874038263193,,100000000,,34,7,445,35874038263193,7,34,1571934,16063453964,0.9999,340000000,100000000,0.4941
pool1qvqpd95v4k2ge6unntpettve72ntguk6qp9ktet572e7v4v9de8,,,,136644068,,134000000,,0,2,445,136644068,2,0,0,0,0.03,345000000,134000000,0.0
pool1qvudfuw9ar47up5fugs53s2g84q3c4v86z4es6uwsfzzs89rwha,,,,44140438903681,,,,38,13,445,44140438903681,13,38,15815611016,2101502290,0.1,340000000,,0.6079
pool1qvvn2l690zm3v2p0f3vd66ly6cfs2wjqx34zpqcx5pwsx3eprtp,,VIPER,,18022185071148,,401000000000,,20,897,445,18022185071148,897,20,8879314392,340000000,0,340000000,401000000000,0.2482
pool1qw4h9v0yqy53m2yx6ngcj5w8394q7wtmfk06edlpvu0zw4gn9ku,,CORN,,8724794094,,6000000000,,0,5,445,8724794094,5,0,0,0,0.05,345000000,6000000000,0.0001
pool1qw5jc5u4k6ck47kdwtwh8msv6t82x5c6qx38hjaycnha6skrek7,,,,4593662,,20500000000,,0,1,445,4593662,1,0,0,0,0,340000000,20500000000,0.0
pool1qwa8x4u4a2pff0xdv0haxpgk3tyrvl5adl2lpf3ztcftqruhea0,,ELITE,,16514809278758,,200000000000,,16,2237,445,16514809278758,2237,16,7004628661,340000000,0,340000000,200000000000,0.2274
pool1qwn9l4vzm4rsrd5kexuafqlsgg4ap877vsunqpm4yq89crm4aqr,,,,79065199,,496030845332,,0,1,445,79065199,1,0,0,0,0.03,340000000,496030845332,0.0
pool1qxpzlkxfem0q230hjp9f622c6yaej8qycwy34nwyt98axedf78f,,,,103000000,,2000000,,0,2,445,103000000,2,0,0,0,0.069,340000000,2000000,0.0
pool1qz9qfxcxsc46vpgrrj868scmttjp3y9xaehyn6knknegcsphq6u,,KTO,,554651740,,100000000,,0,1,445,554651740,1,0,0,0,0,340000000,100000000,0.0
pool1qzg0lsft8d6zz5vytz5td3f383ra8f46zsdnsa93dgrg2nf7ckf,,,,509235798,,100000000,,0,3,445,509235798,3,0,0,0,0.01,340000000,100000000,0.0
pool1qzlw72zfwhhc0ptvzdpld06szu39x9mlm6782efy6sluz932fx6,,BCSH2,,7236293889071,,10000000000,,5,895,445,7236293889071,895,5,1976823952,380400313,0.02,340000000,10000000000,0.09970000000000001
pool1qzlw756y0z6ehg9jkerrfrydr7qlvzl5pgset33h3h2akst593a,,BCSH5,,6320885872506,,10000000000,,4,781,445,6320885872506,781,4,1516674519,371001597,0.02,340000000,10000000000,0.08710000000000001
pool1qzlw76zztkg02rywyypyw6s0gtkg2zpkaxhl6cq7eauqg8h9659,,BCSH6,,6164508149991,,500001950000,,7,478,445,6164508149991,478,7,2606631297,472747933,0.025,400000000,500001950000,0.0849
pool1qzlw7den2mlj0fmm65g0fnf46vyhzkhmdaf0f8v3s6skuue6rlk,,BCSH4,,37602838169608,,10000000000,,32,836,445,37602838169608,836,32,13276301267,869963640,0.025,500000000,10000000000,0.5179
pool1qzlw7z5mutmd39ldyjnp8n650weqe55z5p8dl3fagac3ge0nx8l,,BCSH,,23876782761547,,10000000000,,28,1081,445,23876782761547,1081,28,12493051214,595123731,0.02,340000000,10000000000,0.32880000000000004
pool1qzlwlpcsgflr9z3f24fg836tyq45p0kf5cnrp20s8v0psp6tdkx,,BCSH0,,29028482600422,,10000000000,,37,882,445,29028482600422,882,37,16794530453,682864286,0.02,340000000,10000000000,0.3998
pool1qzlwlyu92fsx94qu6u5nw3sy334f5yat3dv3jgx0grrsv0kp422,,BCSH1,,12507876687434,,500001950000,,14,828,445,12507876687434,828,14,5824331689,555569914,0.025,400000000,500001950000,0.1723
pool1qznyv8g4vxv8ys05rs6dgtzutqc2z9gs6vq85vkn8uq8u0c83we,,,,459920146807,,250000000000,,2,95,445,459920146807,95,2,181644177,340000000,0,340000000,250000000000,0.0063
pool1qzz0flh92qkg0mjufaw9j2zk72lmvf5n2kuaslk4f8j4ze362w4,,,,1234209714522,,100000000000,,1,766,445,1234209714522,766,1,109965056,346611220,0.05,340000000,100000000000,0.017
pool1r022ksa687sqt23yt42s59y78qjarcs00zhuyhjl5rwsv9uy9sv,,,,5722111618,,,,0,20,445,5722111618,20,0,0,0,0.03,340000000,,0.0001
pool1r0dcmvzsldk06yagudxaajqjuzhvwlzcnaclcwtvm8v4qmsn7l0,,,,46525274468400,,150000000000,,47,129,445,46525274468400,129,47,21300336231,777625375,0.02,340000000,150000000000,0.6408
pool1r0sxz0hygfc0266lhdclve6j3cwcwlth6dya6uey65yxjnwm7qc,,BURN,,552039591173,,200000000000,,0,117,445,552039591173,117,0,0,0,0,340000000,200000000000,0.0076
pool1r2g9wv7jyt7haygrmrc2tst2m8m9ssrr3c690ffp49uhywhvmdl,,CRFN,,2564321465000,,750001000000,,0,16,445,2564321465000,16,0,0,0,0.01,340000000,750001000000,0.0353
pool1r2z2v45320taq385pny6gz80hyq3rsue8r8n0w9zpq0c7yjl9el,,,,1018842337,,1000000000,,0,2,445,1018842337,2,0,0,0,0.02,340000000,1000000000,0.0
pool1r48usrtdxqzt6dmd02xgjss8xgqc9pc92cpkm4pykywnv7n33g6,,,,2729004,,100000000,,0,1,445,2729004,1,0,0,0,0.02,340000000,100000000,0.0
pool1r55hyfrd3tw6nzpkvf4rfceh2f04yph92fc462phnd0akp2s5r6,,COFFE,,70129560771415,,101000000,,72,644,445,70129560771415,644,72,32502432865,1345421446,0.03,340000000,101000000,0.9658
pool1r5dqwfl3etjylqqsj8lzhqx4tz0nllkjf3sz4r0heke2xs5kwap,,,,83432581533,,100000000,,0,16,445,83432581533,16,0,0,0,0,340000000,100000000,0.0011
pool1r5r0z899up4kc9slygn7a2uhl9ama33sl6qwafvef28jgaf06hz,,,,12321111772,,,,0,3,445,12321111772,3,0,0,0,0.01,345000000,,0.0002
pool1r5srulgd6gpav0sympqrkt9f4ykl06lh9sgk0p20r54v7759kws,,DOG,,1080311763297,,50000000000,,0,109,445,1080311763297,109,0,0,0,0,340000000,50000000000,0.0149
pool1r650ja5y4jy7xd6srjz8ujkumy8xpk8kqgrxu92g3nwyk5jf4zq,,,,1056711500,,,,0,6,445,1056711500,6,0,0,0,0,340000000,,0.0
pool1r6dzsz6ju52hgelstefrrel4y8fsyt8ck9qgfvvmamgns4vh7w4,,DAI,,163186639080,,100000000,,0,6,445,163186639080,6,0,0,0,0.05,345000000,100000000,0.0022
pool1r6lp6uumua0kvs069y0k5kh3t7acvv4pz9pfw3zs6rmmcs52z4z,,DREAM,,1688197,,10000000000,,0,1,445,1688197,1,0,0,0,0.0007,345000000,10000000000,0.0
pool1r7tn56lj5j7te7zyj3wvqn0wyw8tr3g96chw6lwnqxjmgggrfd8,,AKLEI,,76305536831,,2500000000,,0,26,445,76305536831,26,0,0,0,0.024,340000000,2500000000,0.0011
pool1r80l6hsdftyfvqftjak0r6llnszdtnh2x7rvtllawzj7x3afq2k,,,,104437937,,,,0,1,445,104437937,1,0,0,0,0.02,340000000,,0.0
pool1r8938r4ts8f4t8nsp9xl9dktzapt7f67jgpsp4wrju39xrdnaye,,VENUS,,7138157256251,,70000000000,,9,231,445,7138157256251,231,9,3839341988,373266651,0.0085,340000000,70000000000,0.0983
pool1r8lmsrdure385hz647kl2qjhyyxkdle4au5krjcsqed4x8227k3,,MAYZ,,7302681461424,,5000000000,,5,504,445,7302681461424,504,5,,2362551672,1,340000000,5000000000,0.10060000000000001
pool1r8zkh6zns7rtpvwa466qf8a0dgqd7r9zmu27qkcyw25xv46y97s,,,,7859134704238,,60000000000,,3,180,445,7859134704238,180,3,1051321023,356163543,0.015,340000000,60000000000,0.1082
pool1r96tdg42e7qpxxef2fhzlusl4wtqjk24kznsj4ttar0f6adw0jq,,,,1665757,,1000000000,,0,1,445,1665757,1,0,0,0,0.0125,340000000,1000000000,0.0
pool1r99a6puhdv2xzcfw05jjqvks3xhmy2l4wsndx9hmhudvu4yevz5,,,,68260392345631,,,,66,1,445,68260392345631,1,66,,39303414591,1,340000000,,0.9401
pool1r9dfv5360alp5dh020k050d4n4yh9h4gms9lf0srm43z5zk4d3s,,,,115453029,,0,,0,2,445,115453029,2,0,0,0,0.2,340000000,0,0.0
pool1r9fpxs4kcn80kylsjxs8tg3p50nk2s66qerfqtw4x70n5740nj9,,,,72331356728278,,,,60,1,445,72331356728278,1,60,,36628270294,1,340000000,,0.9962000000000001
pool1r9kse9x8ja0ajkyw8w96zw5c2aqeey6j85nmyqxhwt0rs090fu4,,,,22086787039500,,,,22,1,445,22086787039500,1,22,,10403544870,1,340000000,,0.3042
pool1r9qyjstrc050njg8lm7wxy5874mgu322vyljntdsm5qgxvjcewv,,SHEIN,,68849742066,,0,,0,190,445,68849742066,190,0,0,0,0.01,340000000,0,0.0009
pool1r9zrp0hpy3dj6lse5vl9yc672v5w7fzrrp62pjcersqe2djm409,,,,51889473447,,25000000000,,0,12,445,51889473447,12,0,0,0,0.019,340000000,25000000000,0.0007000000000000001
pool1raldyr4a6lkrkakds9y5kxgwdu2cnue6wze4gqaukk9dw0kuw0e,,,,27624910,,,,0,1,445,27624910,1,0,0,0,0,340000000,,0.0
pool1ralkckmup253k79hap4chku450qyshezh4sasjqh0ltxu2gytlq,,OYAJI,,3289600147499,,15000000000,,3,23,445,3289600147499,23,3,1070264379,340000000,0,340000000,15000000000,0.0453
pool1raua8hvrv65aq3gjuk0re4juzdpw4gnpkeq7lyl94j8cv2grye4,,,,1434673,,0,,0,1,445,1434673,1,0,0,0,0.075,340000000,0,0.0
pool1rc5a3yqa4w692649vnazcw5h9azeldc3gc6gkdk9ctlnzwsgqtd,,ASLAB,,337005217192,,10000000000,,0,19,445,337005217192,19,0,0,0,0.01,340000000,10000000000,0.0046
pool1rcd7qslz3xnpnk9u6tcwegy5r2574uf8suqu24ptg637jha3sr5,,NINI,,7390633054678,,100000000,,7,128,445,7390633054678,128,7,2868863920,399377068,0.02,340000000,100000000,0.1018
pool1rcdq9r6f0nwv376afk5dx3ugaumlhm4kx7g8tue74dlwgwsmd4l,,GALT1,,9267198215,,20000000000,,0,1,445,9267198215,1,0,0,0,0.01,340000000,20000000000,0.0001
pool1rcg65q6m4y2w49n0nvj570xfa3hsyarm5tjnnumy4xm3sw0d6lu,,,,1893354467,,0,,0,2,445,1893354467,2,0,0,0,0,340000000,0,0.0
pool1rct5guwnp6nk9f4ldn5tr3s42j0nm5rxeayv56lxua5ck47ex39,,FIMI,,26869539395952,,10000000000,,25,1350,445,26869539395952,1350,25,11332654333,454723622,0.01,340000000,10000000000,0.3701
pool1rd02pkrtvme3pd6fznltk62e4cr5ddgq5fmd080neu4mkt8r020,,,,3009507338,,2500000000,,0,2,445,3009507338,2,0,0,0,0.03,340000000,2500000000,0.0
pool1rdlpngqqd54x2ek7s9m8hl5yrc7dx5mlm9wtdqatldm5jfrcgqt,,,,1099411067,,43000000000,,0,5,445,1099411067,5,0,0,0,0,340000000,43000000000,0.0
pool1re05a679dfnjdlfk4uhcwzem6c4jqneu6xekuvhg54nnwuat2pf,,TOKEN,,4121166348,,1000000000,,0,47,445,4121166348,47,0,0,0,0,340000000,1000000000,0.0001
pool1re8cmjt895tpx8dx2veg0cew5yqtxnt82sll03e433a4ugnh9w7,,RISE,,441519555003,,30000000000,,0,135,445,441519555003,135,0,0,0,0.02,345000000,30000000000,0.0060999999999999995
pool1reje63x6l2dh4t6d8ya3m04c9lypu4chc0cvn4jnk7lmus54ckn,,,,1007430809,,,,0,1,445,1007430809,1,0,0,0,0.02,340000000,,0.0
pool1rek8m67j3lrslpkrv5twxr5adpt2r5k3qq2huh6vgx8jkcw4qc8,,UNTH,,197456153,,100000000,,0,1,445,197456153,1,0,0,0,0.01,340000000,100000000,0.0
pool1repwaml372lx5kf3yw7568yhefa4d60r2d07un5gmykyv57ejxq,,IND,,407405934,,400000000,,0,2,445,407405934,2,0,0,0,0,340000000,400000000,0.0
pool1ret0s9eqs27nvw0k7y6vvv7nzfhpx3a86qyjnl4np79sk29q8f8,,edu,,2125213,,0,,0,1,445,2125213,1,0,0,0,0,340000000,0,0.0
pool1rfwfql54dxqe2f3pht7c8xztq9c5wncdhcp542nk76dcgshtvdk,,,,376518669,,200000000,,0,2,445,376518669,2,0,0,0,0.01,340000000,200000000,0.0
pool1rg4h4fc9j70w3jx86s3vc8vzd7hxwd4sz4j80d93hk7j7mm5dx2,,,,27617078,,100000000,,0,1,445,27617078,1,0,0,0,0.15,345000000,100000000,0.0
pool1rglej4fkg4l99e5agyxsd5w977n5u7chq8wrpwsgmr80292fw65,,HEAVN,,870877150,,1800000000,,0,2,445,870877150,2,0,0,0,0.02,340000000,1800000000,0.0
pool1rhew9hdp6wpudh22k7gyjtv98r872hca064n8ug8lk3j65ae59a,,HAX,,9975834,,0,,0,1,445,9975834,1,0,0,0,0,340000000,0,0.0
pool1rhq7qyw4y2s80gstyevm6rhz2lsdsrcstawunxx5eld8csvuvlu,,ART,,274620654643,,25000000000,,0,105,445,274620654643,105,0,0,0,0,340000000,25000000000,0.0038
pool1rj6apcqxcvavaxp22f75zs9upphena7ntsnut2efvq98g4404up,,APP,,21712976707562,,10000000000,,19,476,445,21712976707562,476,19,8372420270,512860908,0.02,340000000,10000000000,0.299
pool1rj8zkzk3dm0lmnjtafczqfp8sshmang8gg85eypjeh2e6cve0vl,,STKD,,52736023858,,0,,0,34,445,52736023858,34,0,0,0,0.1,340000000,0,0.0007000000000000001
pool1rjxdqghfjw5rv6lxg8qhedkechvfgnsqhl8rrzwck9g45n43yql,,XRAY1,,47529865134976,,100000000,,40,3243,445,47529865134976,3243,40,18559245738,340000000,0,340000000,100000000,0.6546
pool1rk28hp58ptwapha9nc944ast32gln8a7hx6eue0gzuj7sndzrhk,,NOCAR,,54864017300,,5000000000,,0,5,445,54864017300,5,0,0,0,0.03,340000000,5000000000,0.0008
pool1rk2mshek3ln2uahk9xg2r2yf6z5u00h37g4jc2mkyt6yk0r2xw3,,,,9490391,,100000000,,0,1,445,9490391,1,0,0,0,0.15,345000000,100000000,0.0
pool1rkknx2m6h3dw6y6t8ux6fx65mxamgk207mdwtcc3yvas2yyrvxp,,BTFND,,23613933,,1000000000,,0,2,445,23613933,2,0,0,0,0.05,345000000,1000000000,0.0
pool1rkyc3ss904h066sffergss99r9p2kqa4k6ds0g4u5ud4x7yaajd,,1PCT5,,7533373304896,,50000000000,,8,516,445,7533373304896,516,8,3380855120,374407803,0.01,340000000,50000000000,0.1038
pool1rkz43352y9kmsvzqn3wp08t6qfz64j6at4gtmn74ge0tv7hqdhf,,BLIZZ,,3483674589,,600000000,,0,41,445,3483674589,41,0,0,0,0,340000000,600000000,0.0
pool1rm20ecfxj8plt6509yzlc5x853s2twpjkmv8zt0pjtr9vhlmyhq,,,,68706736162091,,,,74,2,445,68706736162091,2,74,,43870396916,1,340000000,,0.9462
pool1rm8rza3ff0cape54ddjclwwm6a4g5wx604t3y9mdlysdz898f42,,,,501115212,,,,0,1,445,501115212,1,0,0,0,0.04,340000000,,0.0
pool1rmpv0h0pecysach8tj06vxx9wku2pdm74mk9cunx759v58q0hu2,,SASA,,20294876945243,,80000000,,28,98,445,20294876945243,98,28,12501479622,726700620,0.03,340000000,80000000,0.27949999999999997
pool1rp466amdpse0gsmdkteqpqmnm5fl4v0q8juwwq4xagwygwzu8ln,,,,507102535,,450000000,,0,1,445,507102535,1,0,0,0,0.03,340000000,450000000,0.0
pool1rpdfq9gm9ls0q8tnc2ssnpg5av3hm5ehktul7cfznjvjxyku2k6,,PADA,,2724120307,,100000000,,0,3,445,2724120307,3,0,0,0,0.075,345000000,100000000,0.0
pool1rpfj2y4vddj8azwu9977a63s2cjl374pep98l6dhuqh5u9jctj0,,,,32380042948847,,,,25,4,445,32380042948847,4,25,10768921631,1033050881,0.06,345000000,,0.4459
pool1rpjjz68kmmetyxztmrstrwgz8lxf6v0d7vqgw98r5x8rc50jrdf,,DEW,,5523457725588,,105000000000,,6,1505,445,5523457725588,1505,6,2381644538,389831384,0.02,340000000,105000000000,0.0761
pool1rq4vahleea4yc38cr58klupl6g0w7ca07lc6kyvtcznp6649j5p,,,,3678935,,0,,0,2,445,3678935,2,0,0,0,0.06,345000000,0,0.0
pool1rq6c8ntlsh2xl3le0utg4fpxqhag7fdlpzdykcld7dh9gtz8fxt,,NOCAP,,341624605,,50000000000,,0,5,445,341624605,5,0,0,0,0.005,340000000,50000000000,0.0
pool1rq70y0sj8fnjgnuavsjtvk2qm6hjw2r9zfacd46z6z8c7tlgcmx,,,,127046347,,100000000,,0,1,445,127046347,1,0,0,0,0.05,345000000,100000000,0.0
pool1rqgf6qd0p3wyf9dxf2w7qcddvgg4vu56l35ez2xqemhqun2gn7y,,HADA,,2682213265621,,50000000000,,1,35,445,2682213265621,35,1,123761116,346275964,0.01,345000000,50000000000,0.0369
pool1rqwhzyfvm8uh6qseqpkkz2uvga0ufr0aaavrw7nynytuxy9uj6c,,,,598614966,,100000000,,0,1,445,598614966,1,0,0,0,0.15,340000000,100000000,0.0
pool1rrzlme4g2r49x7tcesdkuk5wqv5ks2dkq3ptapgnclgvkcxy9sc,,DDP,,342417653,,341000000,,0,1,445,342417653,1,0,0,0,0.01,340000000,341000000,0.0
pool1rscmngzy9mzyy98kl7h38scshgmk4cw0cs6ed58mq68mw4uustm,,,,15792939785,,10000000000,,0,2,445,15792939785,2,0,0,0,0.05,500000000,10000000000,0.0002
pool1rsm2ara9zm9tq0gupcq4c7e3v7c8lwxlgjgh2zalgjf3669rlwq,,,,100838685,,100000000,,0,1,445,100838685,1,0,0,0,0.01,345000000,100000000,0.0
pool1rsrmpq6jnxnwh6z8wlzphnan4huyz6pymcgna2p5m93mz780xkw,,,,107431117,,,,0,1,445,107431117,1,0,0,0,0.01,340000000,,0.0
pool1rte6kvv4z3f4fuq6np3qsmxh3pujem6rncpg58tuxc04gwmc2xn,,,,8131760896607,,,,6,24,445,8131760896607,24,6,2395119267,439796776,0.04,340000000,,0.11199999999999999
pool1rthy0xp2syng0cydp85wvz973szmq2ns8u5p4hdedkwlyhry27w,,,,4457600278,,,,0,11,445,4457600278,11,0,0,0,0.04,340000000,,0.0001
pool1rtnk3j8jv0wl0qz2j8xq4h5yeh0uvw3xj738fgl6wc4scxenkgz,,MOKUM,,152603875424,,10000000000,,0,9,445,152603875424,9,0,0,0,0.02,340000000,10000000000,0.0021
pool1rtnv5vj0glxu9w2mkl9ptev72enx75gjzdkc8urfhavr5reah0c,,,,156722794337,,,,1,51,445,156722794337,51,1,96719219,340000000,0,340000000,,0.0022
pool1rtr6nja4hh8j8hkrmevehw7009za3fu2vucv27rl6qdr6xttd09,,BWITS,,507617122,,500000000,,0,1,445,507617122,1,0,0,0,0,350000000,500000000,0.0
pool1ru5ltcffgwnz6qdmccq9lcfu4zncygacm5fzvwz6tq9zcfwyl0v,,,,5021439761,,5000000001,,0,2,445,5021439761,2,0,0,0,0.01,340000000,5000000001,0.0001
pool1rv3f2ctg35ke7t5azmaha6393skhvnhwedh96e6r703tg00wp77,,,,19215777978,,100000000,,0,6,445,19215777978,6,0,0,0,0.02,340000000,100000000,0.0003
pool1rven0s3l30qawndj2m8v0fwgc8rsthumda72l4wkgwdhx7qgdjw,,NIFTY,,103070019,,100000000,,0,1,445,103070019,1,0,0,0,0.0099,345000000,100000000,0.0
pool1rvjj8cp3urh7de07pm0ceqha2x4lxws69lhd4429dm6djfjsy4l,,DINO,,41589783074984,,10000000000,,47,1991,445,41589783074984,1991,47,21641490670,558656343,0.01,340000000,10000000000,0.5728
pool1rvng7n968748udkc5rxy4h9zp9hms4s3jsfwuues76ft28uc056,,DIGI,,59475858007704,,215000000000,,63,2976,445,59475858007704,2976,63,28519599385,1076565092,0.025,340000000,215000000000,0.8190999999999999
pool1rvu72lt2j0z0qjfzlqhccvvvu9v7hju6hndtkagfzvvvjgy6zds,,,,2685388399,,100000000,,0,6,445,2685388399,6,0,0,0,0.025,340000000,100000000,0.0
pool1rw29y8c5md2rm4ynkrqhpm9saatd0a0xzyyc6xudelgkww5junh,,RGDL,,10011709332331,,0,,9,10,445,10011709332331,10,9,,4252505250,0.99999,999999000000,0,0.1379
pool1rx2745qj65qrgcutmpydv9k3ld930puq52t7skcd3ennqh550zc,,KUNI,,57975383936,,1000000000,,0,19,445,57975383936,19,0,0,0,0,340000000,1000000000,0.0008
pool1rxgxstg6t7azlsrk4vuuwp0jgl9e776dg86zqzaa0qt6vz43n9r,,,,5441725865251,,,,9,2,445,5441725865251,2,9,391043,4252114085,0.9999,340000000,,0.07490000000000001
pool1ryyfhgm4rqa9pnykxuhxcmy6rdn0uyltufm9t86c6uskwv3aame,,,,17425265,,32000000000,,0,1,445,17425265,1,0,0,0,0,340000000,32000000000,0.0
pool1rzhyuwfwdzksm9v2ze8playmvdv3u04x9a0tmhg2krx7kt2635t,,,,983781249,,500000000,,0,1,445,983781249,1,0,0,0,0.05,340000000,500000000,0.0
pool1rzx598y7rd2ek0k4x557cnxffrtjuj509evyj53mk7yajppymde,,,,1587623916158,,25000000000,,1,25,445,1587623916158,25,1,123935169,346627430,0.05,340000000,25000000000,0.0219
pool1s04pdfl3sv5gzuc80322rc4ne0xs7gekux7gtckvvwt7qutjy6w,,MS9,,59744476294797,,30000000000,,60,101,445,59744476294797,101,60,27297299511,1040338679,0.025,340000000,30000000000,0.8228
pool1s0cfkzheywsftgwp0yz7sq4rt5gyf7t5kfwj5a269kpxvndjn6q,,OCEA5,,28330360490289,,20000000000,,29,1014,445,28330360490289,1014,29,13083597757,460414455,0.009,340000000,20000000000,0.39020000000000005
pool1s0kkragd8r2xyyms680l9eed443v3eufmarykpjfh2r6cpksm2j,,SABAI,,1472128036116,,50000000000,,2,14,445,1472128036116,14,2,573156189,346051898,0.01,340000000,50000000000,0.0203
pool1s2gxepqa5r6qzze05x3vxunt24cmqth2d2lmfrtudfqcg5c78kw,,BNP,,17172910561,,2000000,,0,5,445,17172910561,5,0,0,0,0.06,345000000,2000000,0.0002
pool1s2rj8t2a5tfv0rpsfak77g03h96uv3rqxp62t6jm3dh45g2e2pj,,CRD,,1394808805501,,238000000000,,0,286,445,1394808805501,286,0,0,0,0,340000000,238000000000,0.0192
pool1s2wsk5z4u0f2unmfyc8ye705adhwayv0wetlk24sawmyj5u74rn,,,,423272006280,,275000000000,,1,38,445,423272006280,38,1,41518935,340000000,0,340000000,275000000000,0.0058
pool1s3nj2yp068r9c9zp8rc7cxxaalrp9pflwz9jualr8c7vyl08kj7,,,,200351347762,,,,0,3,445,200351347762,3,0,0,0,0.01,340000000,,0.0028000000000000004
pool1s3z5qsg75dar26ykyzcz2u8wc2swgq7pyp7f9sdh5n06qh3jhq2,,1PCT1,,7370669493998,,50000000000,,7,401,445,7370669493998,401,7,2916063328,369681827,0.01,340000000,50000000000,0.1015
pool1s4a3y5ktdg7s08d6mntkctzc739h5n46t930jggef287cwz8pph,,,,163039113,,100000000,,0,1,445,163039113,1,0,0,0,0.005,340000000,100000000,0.0
pool1s4hxwet8ezjgfjxekeexezzyu2zhg302hpex6f683hvsw8qpd5v,,,,2007823514,,,,0,1,445,2007823514,1,0,0,0,0.01,340000000,,0.0
pool1s4ve6tap62x9khdvhkk9f8fj74ks5txuygsnu7wkujk3jd2c0jh,,,,326466865,,15999000000,,0,4,445,326466865,4,0,0,0,0,340000000,15999000000,0.0
pool1s54847dyrcpgxjvsjvhjjqjrkz3x6vevy77xaqje5nugxhp6j2g,,,,14273266244,,1000000,,0,4,445,14273266244,4,0,0,0,0.005,340000000,1000000,0.0002
pool1s6s6eyve0lmc4e0emzf2l68n9ya0rhrpdcq0jmkmmmxv2rkrx42,,,,71652396101,,50000000000,,1,8,445,71652396101,8,1,31894907,366506024,0.2,340000000,50000000000,0.001
pool1s6se64qce5rjjjhh6ufcdnc54p8qg78mlhjm38lymx99sqysvzx,,PAUL1,,59720419316206,,100000000000,,50,8782,445,59720419316206,8782,50,22550983887,1038630042,0.03,340000000,100000000000,0.8225
pool1s6x6kltycpxq82hyqhlqllqj3q5l2m8w499gvtu4xrfv29c0q2q,,LOOT,,4746578832388,,10000000000,,3,2045,445,4746578832388,2045,3,1040183373,361433393,0.0199,340000000,10000000000,0.0654
pool1s79cqtwk5s24lcske704ckx7k2pagn8hc95rxvy3xfda6r62pg9,,UK007,,422007404876,,10000000000,,0,227,445,422007404876,227,0,0,0,0.02,340000000,10000000000,0.0058
pool1s7ddsvuw09dvk7et6t842vhdfcmq893y88y3ev9attn67mruf5m,,,,9752480622759,,1000000000,,7,1330,445,9752480622759,1330,7,2874812925,428924078,0.03,340000000,1000000000,0.1343
pool1s7eglqwzl84xgvpr4pptylcgqhkjr4xk8d6y3k22plu3sagms25,,SANP,,67744961066,,100000000000,,0,69,445,67744961066,69,0,0,0,0.015,340000000,100000000000,0.0009
pool1s7vl4r9vr2etmr2pfhcvxu223e8asaxu96te3urd7gh3c2kl74a,,,,133400000,,133000000,,0,1,445,133400000,1,0,0,0,0.01,340000000,133000000,0.0
pool1s8347yjgmfguf0ynj69euw7r75w7usdrfheckpcrjrk2yfvnpwq,,,,70027117265170,,,,66,2,445,70027117265170,2,66,29302786580,1882251925,0.05,340000000,,0.9643999999999999
pool1sa0uepv2uzwd0g8sh5lkjzgwkcxrg3z4m5wyzgfh93pnwupsm8g,,,,1293493236,,50000000,,0,2,445,1293493236,2,0,0,0,0.015,345000000,50000000,0.0
pool1samrdfdupytre8zuqf5y3sda0kxhp894yvjpnhwwczukwd4mx6y,,,,521636920,,,,0,1,445,521636920,1,0,0,0,0.075,340000000,,0.0
pool1scnq7w9rxgt2c4lax0y0ch0el2t9pjcyffhhzs2dfgt75u2zcq4,,ALEX,,17619014,,5000000,,0,1,445,17619014,1,0,0,0,0.01,345000000,5000000,0.0
pool1sdare7xfd6tmak8ghek7kwgpgj6xzu0reppmw4t46rmcs0h6vr2,,,,70021269339805,,,,74,2,445,70021269339805,2,74,32893791015,2071252159,0.05,340000000,,0.9643
pool1sdvrd0sxh2mprqc3m9zmvrfccavzpz9r2uancg866hpec7nnt0s,,,,4399228698641,,,,2,10,445,4399228698641,10,2,602182952,340000000,0,340000000,,0.060599999999999994
pool1sef3gznduge5q2e5wcjzav2nuk7nv07t49wsa8y0wy8m2fhjfj9,,,,2260848877196,,,,3,35,445,2260848877196,35,3,1053588280,361550502,0.02,340000000,,0.0311
pool1sf784g6eje8vzq9f5wu583eurhfq2ee9hzyhl46yezkuqqtmw07,,NOVA,,1902926840782,,1000000000,,2,198,445,1902926840782,198,2,572373665,340000000,0,340000000,1000000000,0.0262
pool1sffl322qgsrsmkcedzzwk05396dkmj56pcepqvj6px3n2re3qu4,,MOON1,,1300837065411,,1000000,,2,54,445,1300837065411,54,2,591258119,350587588,0.0175,340000000,1000000,0.0179
pool1sfjdu0xmz7vdmp6cufxd55gprp95g4p703zzr3upt70dst0fur2,,,,1525809968627,,1000000000,,0,22,445,1525809968627,22,0,0,0,0.01,340000000,1000000000,0.021
pool1sfuspqv9gyqn65vwu6e27dp6ju7gmqmgsnasqp6zxp6qqlzlpfe,,SOLPI,,549868822053,,30000000000,,1,53,445,549868822053,53,1,123058095,341325559,0.01,340000000,30000000000,0.0076
pool1sghd7rmq0ktp6xd8yp84m00530hhqxx94lsnswmajt2xxrzpyjk,,,,1836070758680,,,,0,12,445,1836070758680,12,0,0,0,0.99,340000000,,0.0253
pool1sghwg652uwe7ksmk5laxxft58j6km6prahvnddk3s6zgxek5qen,,FLUX,,254931890621,,7000000000,,0,25,445,254931890621,25,0,0,0,0.01,340000000,7000000000,0.0034999999999999996
pool1sj3gnahsms73uxxu43rgwczdw596en7dtsfcqf6297vzgcedquv,,,,174853979759,,,,0,8,445,174853979759,8,0,0,0,0,340000000,,0.0024
pool1sjnh0ymk9fhhnusm7uksux5yhpfyhjfmseq5nuupsj6ezskc0pj,,,,22008061079924,,,,15,1,445,22008061079924,1,15,,7093325858,1,340000000,,0.3031
pool1sjqkktr2uhgpu2tuy8hsz4eupqpup0r79yy83weu3hk22na5c7w,,,,394432878433,,,,0,14,445,394432878433,14,0,0,0,0.025,340000000,,0.0054
pool1sjrfgg0z0su3gun5xdsj5kvl34m5el3zf6mkaffukg9ucc0q4zc,,,,384919390,,,,0,1,445,384919390,1,0,0,0,0.01,340000000,,0.0
pool1sjwdmeme5zs042jzwmdvxshhv27kepxke0mr02f2yzacsyd4wtu,,CCV,,53921144685671,,500000000,,42,5713,445,53921144685671,5713,42,18856911969,924323242,0.03,340000000,500000000,0.7426
pool1sk4s9cmjc9s5uw5zju76tnu3hjc7qj4geaeq7psy9yjay4a9nwd,,,,103164846,,25000000000,,0,2,445,103164846,2,0,0,0,0.01,340000000,25000000000,0.0
pool1sk64cyef3v2m000eshsdz6ydu3j7rczuyv93dl76euyev7pslxg,,SAIGO,,44893408053,,50000000,,0,2,445,44893408053,2,0,0,0,0.01,340000000,50000000,0.0006
pool1sk6jvl4u8m4peddwqxzslgt82n57qy0rug2j0jfzkrjvy9f5mw6,,,,356830510,,10000000,,0,1,445,356830510,1,0,0,0,0.02,340000000,10000000,0.0
pool1sks9qwpygf9vmgeuh4n4a3s36k35c3qnz7pd4qqvw5825x62y3y,,STEAK,,1685583978923,,100000000000,,1,28,445,1685583978923,28,1,123846641,340663422,0.005,340000000,100000000000,0.0232
pool1sktjey6tdtgp6svf0d2nth7ruq3zjnhgg2dckpkveyeqk0jttgj,,,,82559854587,,,,0,63,445,82559854587,63,0,0,0,0.03,340000000,,0.0011
pool1skykl3rncme7qzwy0t55wk258h4e4s9dyacrm3hnsya3u3k5vkw,,,,1159454727194,,,,0,20,445,1159454727194,20,0,0,0,0,340000000,,0.016
pool1slwxj0t3575lx0rfw2x3z7dqf26jpls566pdwydvlk0jgw96lre,,MORH,,18262726102461,,200000000000,,18,4,445,18262726102461,4,18,80795032,8430258157,0.99,340000000,200000000000,0.2515
pool1sm2kmdn4f9rat3kl67y9drqcnnqc34zg4f4ufmnrfaj45gcv89d,,LTES,,1372924285567,,25000000000,,1,46,445,1372924285567,46,1,118392926,340663409,0.005,340000000,25000000000,0.0189
pool1smfwu5w54mnxea6dg7gwmkk6df8jauuf4h2x0cqew3dk2lgln2t,,,,749310295448,,,,2,589,445,749310295448,589,2,600763247,340000000,0,340000000,,0.0103
pool1smy2r8jdvgna5ykhe8rrch7h4qalyfafyzyh0rmanmq0jxptww7,,,,39639199515082,,50000000000,,29,227,445,39639199515082,227,29,12675418028,1008267235,0.05,340000000,50000000000,0.5459
pool1snauzgh8r7tww3emfmdt58dt4hpvyjc23j0nj3h0ql2wwzgdkp9,,,,218055983,,200000000,,0,1,445,218055983,1,0,0,0,0,340000000,200000000,0.0
pool1snvcmtdnssf6t8fhs7943uxmmujlt4f89yv58cp7m99cq5tw9hy,,INDYS,,3325425846,,67500000000,,0,8,445,3325425846,8,0,0,0,0,340000000,67500000000,0.0
pool1snyaulmp94axe7ltmqzlkztqn9axt5ykprjtxh3qgn35cred9pf,,,,1001676644,,1000000,,0,2,445,1001676644,2,0,0,0,0.095,450000000,1000000,0.0
pool1spqkpaezku3knl9ug7txrlyzr8kkvdr0h75yyz262cx6gls6zlm,,ADAC1,,17115823,,10000000000,,0,1,445,17115823,1,0,0,0,0,340000000,10000000000,0.0
pool1spus7k8cy5qcs82xhw60dwwk2d4vrfs0m5vr2zst04gtq700gjn,,,,16541590047459,,50000000000,,14,120,445,16541590047459,120,14,5940917626,653818545,0.05,340000000,50000000000,0.2278
pool1sq7pf76nn7wx40g3hufdwc9g5x8eu0x8un0gkjhz9rwhjcyfsrn,,,,17491968440,,15000000000,,0,6,445,17491968440,6,0,0,0,0,340000000,15000000000,0.0002
pool1sqjyrgm94jfm2s6y6utvrf7msewpcrfne7qylrffekc0jtvwdlk,,,,4168996202,,1000000000,,0,1,445,4168996202,1,0,0,0,0,340000000,1000000000,0.0001
pool1sqpksswmxpgk6yxllyq9ad4qhtnt5qyz2pv5xmz6kkt5ujrgqwf,,,,72074164775,,,,0,9,445,72074164775,9,0,0,0,0.2,340000000,,0.001
pool1sr953s548fudyhmfm082xp0mensv2gxzt4qpe466ykw0z3jjzvv,,AIR,,10094782338878,,500000000,,9,454,445,10094782338878,454,9,3863578401,379129432,0.01,340000000,500000000,0.139
pool1srdjughnhp8xnn0wlf7gj7v9k8lmzl9ht4vhksp5qqc66fnpccj,,,,36184807265869,,,,34,2402,445,36184807265869,2402,34,156681012,15908650499,0.99,340000000,,0.49829999999999997
pool1sru6yhj5q0zvfyyuappgrvssxzjumjsd3ekyeslhvwmv6hmmxzn,,,,382611460000,,,,1,147,445,382611460000,147,1,125896463,340000000,0,340000000,,0.0053
pool1sskadl6p2w0ttfr60y2ssfzcmrnaty4wt68v5glzd3e5vwkh7z5,,ETO8,,18157481942404,,0,,17,2,445,18157481942404,2,17,,8032509918,1,340000000,0,0.2501
pool1ssn7vj756vpv84h5vgkkvv5rzk0zp6pp2kdrqwfjsffu60djyy8,,,,197624030,,,,0,1,445,197624030,1,0,0,0,0.019,340000000,,0.0
pool1st9xr6arqq8f2hjsdz6urxejjwzpjkjceatnjuehhr9xuq6k4eu,,,,645079510,,626754414,,0,2,445,645079510,2,0,0,0,0.005,340000000,626754414,0.0
pool1stjukmjtgs7rdvy8ucsc543f9y2ct56ss08zed392php7k0teaq,,,,2443789,,0,,0,1,445,2443789,1,0,0,0,0.02,340000000,0,0.0
pool1stvux7an3kp2p55na0p7eec2e7l66gqcpuc7yu9cx5242g4j2eh,,CHUB,,301613073426,,80000000000,,0,15,445,301613073426,15,0,0,0,0.016,340000000,80000000000,0.0042
pool1supp67ypelmgzuzqqvarc6czgmg3ggwpnrnfr90xpfcqqf8h05t,,1PCT,,9585804311315,,50000000000,,5,682,445,9585804311315,682,5,1990974015,360229882,0.01,340000000,50000000000,0.132
pool1suuvhhetdpjmenal5j2uyjld26jke57xw2yz7gc4j2s3yhgd7us,,,,160153384,,1020000000,,0,2,445,160153384,2,0,0,0,0.02,340000000,1020000000,0.0
pool1suy76cpk5lkpsmaqpecygl5j9na5du0xe2lrxd733dlwcus9j2n,,,,8618750,,,,0,1,445,8618750,1,0,0,0,0.15,345000000,,0.0
pool1svszcjg5xaxt5mq7ue2llm26ndt74dslvev04g6kwdmvyf0t657,,,,7380597815633,,,,6,53,445,7380597815633,53,6,2434429167,364961601,0.01,340000000,,0.1016
pool1svv9st22dywp9exwsltt7cdc4v2dyrf4zls00jesv2lzvpz45jh,,SCAR2,,2095763278109,,5000000000,,3,173,445,2095763278109,173,3,1047298469,361440555,0.0199,340000000,5000000000,0.028900000000000002
pool1svzk9ckds6r83nvg2k7w9hszza2haqd9zu7fuyg37e8gg3dylrf,,,,97620466,,100000000,,0,1,445,97620466,1,0,0,0,0.15,345000000,100000000,0.0
pool1swe9nsv8lzugakjkfv04dn38scmq48wzynmn0lxasupuzmqcgjm,,ADAGE,,12838568640488,,110000000000,,13,1331,445,12838568640488,1331,13,5642325361,428425699,0.0084,380000000,110000000000,0.17679999999999998
pool1swuyjknhewtqcmh583jjpvlcl0p9h9hrt5l2f3v2hl6gchqrn40,,ETO4,,64999998476213,,0,,59,2,445,64999998476213,2,59,,27877534423,1,340000000,0,0.8952
pool1swzse8pd2atsr3zql933qxlzn5cjzrl0fjejsh7q3pmxzrupl3s,,,,13384425687,,500000000,,0,6,445,13384425687,6,0,0,0,0.005,340000000,500000000,0.0002
pool1sx4e8rvx2xdxgkww2fpjtmvrnaftfrtfge29xcn72hh7kch5snf,,UK1,,411373809332,,0,,0,32,445,411373809332,32,0,0,0,0,340000000,0,0.005699999999999999
pool1sxj5qufj25ssfk83jjxp4tw2py7vfceta63p2u8ymugtga9us8t,,,,117793913140,,2010000000000,,0,24,445,117793913140,24,0,0,0,0,350000000,2010000000000,0.0016
pool1sxrkzy0ty37s2qx66cscqwucdqlvemtjl96ep36mqfrnku9lq8t,,,,1043463985,,0,,0,1,445,1043463985,1,0,0,0,0.1,340000000,0,0.0
pool1sy86l3j2aumxgsvp2nmw4ukuq2tc7drnqum9z8796hxnzksde4j,,,,2399203983,,,,0,3,445,2399203983,3,0,0,0,0,340000000,,0.0
pool1syt2h0690xyjhkr5mntv868xgl82m407e83e4sznaucpkr0lg85,,,,586099654,,1100000000,,0,6,445,586099654,6,0,0,0,0.02,345000000,1100000000,0.0
pool1szah3sjg5vhd09pa0y6fcsyja2rttsztdp0gj8jpngqxz9kj0a8,,,,27883075358,,50000000,,0,16,445,27883075358,16,0,0,0,0,340000000,50000000,0.0004
pool1szy2tdjj8a4av365wk3q2fqg9srllmt0383e6v9p664ng076x9e,,XRAY5,,6996149800279,,100000000,,7,614,445,6996149800279,614,7,2935566288,340000000,0,340000000,100000000,0.0964
pool1t0jheek3yftf0a9dgzgr2hc2wttwrcjyd5whdrek4ggcc5famre,,POND,,394560933532,,44000000000,,0,58,445,394560933532,58,0,0,0,0.0169,340000000,44000000000,0.0054
pool1t2e4v7ajh38qhjswqaavjqfsevyllhda24t2s2u6vhsavyhhqaf,,GAJA,,105132223,,100000000,,0,1,445,105132223,1,0,0,0,0.03,340000000,100000000,0.0
pool1t2mxyjvqsay4yl6vm5gqep5f76nm9wen3452zxa0nu2xugmsm6k,,,,10277276,,,,0,2,445,10277276,2,0,0,0,0.02,340000000,,0.0
pool1t2zc29vmryg0z72jp3vh04awlxlrqf88jc3zfx7wm8dwjuhgch9,,,,707520898,,,,0,3,445,707520898,3,0,0,0,0.02,340000000,,0.0
pool1t3r5pxfpy6rkylenh64dc43uncsddrxp2e55dr2pzv66zh5hp6f,,,,5497430633,,,,0,1,445,5497430633,1,0,0,0,0.03,340000000,,0.0001
pool1t43xjt8x0p49tr7hw3n360rvs9m5rdpflf76mj7hkfe964tsrlu,,,,428732109491,,,,1,3,445,428732109491,3,1,1541198,341325572,0.01,340000000,,0.0059
pool1t4q9v8vxf8ltx407cqkwq3sksgmq85e459jqsf34x0cxyfaqljw,,,,1124560809,,0,,0,2,445,1124560809,2,0,0,0,0.03,340000000,0,0.0
pool1t4zp4wlastva63rqk99k7578e2h3znqdk2arhzuegz6kgj0duc8,,,,4390026549,,,,0,2,445,4390026549,2,0,0,0,0,340000000,,0.0001
pool1t50sl2erwfaey5du4e7gnp52fylplh5q4j24zkkxk9t5vsxfcvm,,MONEY,,499045035100,,1000000,,2,8,445,499045035100,8,2,557920161,340000000,0,340000000,1000000,0.0069
pool1t6ek99u2dzj8sr606uqm3uz0tt4ejr4cpvwtqfwen6p2z57rrst,,BD0,,60977765817370,,200000000,,62,65,445,60977765817370,65,62,26561857445,2656404827,0.08,340000000,200000000,0.8398
pool1t6stu46gth7awdlrdmxmjhgrk9rjhez9qfnlhkhfvf0fj4q3h2a,,,,20034751577377,,50000000000,,20,7,445,20034751577377,7,20,7271343640,2162391907,0.2,340000000,50000000000,0.2759
pool1t6tyc9menh5uax38j89jgdyj0maz6e4mgx90n7xkcl7mu8fzqxu,,,,30758592402904,,,,23,6,445,30758592402904,6,23,9881020416,976350810,0.06,345000000,,0.4236
pool1t74ckqauwmn9ef5ye0h7c5wsgfd36zx24ue9wvj4vj95cl54aff,,ORACL,,41120028809,,2000000000,,0,24,445,41120028809,24,0,0,0,0.01,340000000,2000000000,0.0006
pool1t847w2hfv33qrra7q33nzq8epvcxv6ydshcq7w7j23c87xv2c2k,,CAPO,,3655180392066,,1000000,,7,1056,445,3655180392066,1056,7,2886424347,340000000,0,340000000,1000000,0.050300000000000004
pool1t8dkgz58qcqlak6nn5l5j4qqwvewwmjx85fxtsykk6w9j2e0ng2,,GYS,,2107618178119,,100000000000,,3,86,445,2107618178119,86,3,961371124,383122406,0.04,340000000,100000000000,0.028999999999999998
pool1t8gjk7jzvujfv9s8q992e6s7tp8na0q3j62g7s4ppzfmccus4jk,,DEAD,,4366746411943,,340000000000,,4,430,445,4366746411943,430,4,1363078436,386573854,0.03,340000000,340000000000,0.0601
pool1t8tw057cgksma0f6pawcy7npnwfu0psx64jdr6sqhza55mdvkls,,S2S,,4821258,,100000000,,0,1,445,4821258,1,0,0,0,0.15,345000000,100000000,0.0
pool1t93hrmha847r5gqazttyg29c9fxfv778w3kc5vf4q7vu5g4ec0r,,STKPL,,66653932676,,10000000000,,0,3,445,66653932676,3,0,0,0,0.01,340000000,10000000000,0.0009
pool1t94qdjkuu5qmtpxuljrnsvjdctgf0sr6vfu34eqseztajsxhsw8,,,,12114879785368,,,,17,6,445,12114879785368,6,17,7511241852,493850862,0.02,340000000,,0.1668
pool1t9ckjy949dk97prfs6any8xdjyq9du6prnplx06n4fcn5jgukhc,,SWADA,,40459562385,,75000000000,,0,4,445,40459562385,4,0,0,0,0.01,340000000,75000000000,0.0006
pool1t9m69j5thv2ke9jt9hhsgxlag44z7erp2s2ukcpruwhwqarc9np,,CEMA1,,3251021555908,,100000000000,,5,47,445,3251021555908,47,5,1359969230,377949649,0.0187,340000000,100000000000,0.044800000000000006
pool1t9ve93m48au8m4w8x0m2exh55s0tf2jjk5rwj5hsuqegvvgfq4z,,,,100000000,,100000000,,0,1,445,100000000,1,0,0,0,0.05,340000000,100000000,0.0
pool1taadtauxnhqql7s58fztlmnsxg0680mdaz25yry42q4m5s47z8n,,,,366823922897,,,,0,14,445,366823922897,14,0,0,0,0.04,340000000,,0.0051
pool1tah22gjtc7ntrdezv49hysegcwpzafea35t6f4hn3wr2y4hz3vz,,ACL,,431585167544,,300000000000,,0,25,445,431585167544,25,0,0,0,0,340000000,300000000000,0.0059
pool1tamft50mh0vjm346d9lusczc8fxxyh5z6fk2eel38srwvz38d78,,DGITX,,8009081322,,5500000000,,0,2,445,8009081322,2,0,0,0,0.03,340000000,5500000000,0.0001
pool1tay8z4sq4a4gmyhnygyt0t5j84z8epwjra06wq28jnnmschkkuu,,HIGH,,9589549131,,1000000000,,0,9,445,9589549131,9,0,0,0,0.01,340000000,1000000000,0.0001
pool1tc6cy0cqknsm49cvsz0mksajfvlmh3vvcp8ngtmspycgx932w6g,,TGEM,,6531018414357,,1000000000,,7,9,445,6531018414357,9,7,2966267941,340000000,0,340000000,1000000000,0.08990000000000001
pool1tcctsz9jec45ugkcl8lyk8gz0yss675cnp63gazqalcwsx2dr37,,,,115234552,,,,0,2,445,115234552,2,0,0,0,0.05,340000000,,0.0
pool1tcmk6at0dmkytxgq5j4u7fgsx9kytvfu7gz22lrs8hp9ztu7arw,,RATS,,7571082662051,,1000000000000,,2,362,445,7571082662051,362,2,473177461,400635118,0.1,340000000,1000000000000,0.1043
pool1tdsrw0n33gmy0mzh7cgtn9p0jy5xwjxaa2s26gn2ewf8kg4nrzx,,CAFE,,69136291227745,,100000000000,,64,6762,445,69136291227745,6762,64,29521564059,638718161,0.01,340000000,100000000000,0.9521999999999999
pool1tdtzmmmak0tkte2j2hr223dfnqpdy85ypd66tddwywpeuknn2pn,,,,188814909853,,,,0,75,445,188814909853,75,0,0,0,0.5,340000000,,0.0026
pool1tdvqgy6mq7lx7d345e276xmgmhh3s4zj8dzu6xzq5m7rx4tzkg2,,ONYX,,57528893975903,,250000000000,,66,308,445,57528893975903,308,66,30532228707,648463262,0.01,340000000,250000000000,0.7923
pool1te6e6yc3p46yvdakrpngk49npvfvkcutk0z5qpj5xwx9gswkkpz,,,,1155789836,,360000000,,0,4,445,1155789836,4,0,0,0,0.015,340000000,360000000,0.0
pool1teg62xfrjvgahfukqhgd0q4wrkn7k0ee03tnju3klt63ws48w50,,,,1854270,,20000000000,,0,1,445,1854270,1,0,0,0,0.05,345000000,20000000000,0.0
pool1tegyxvyvya2lsqd7w2nna3h63ffdq85l0v8tg44yeak77du8zxd,,GLAS,,583646133,,500000000,,0,1,445,583646133,1,0,0,0,0.01,340000000,500000000,0.0
pool1telljurmr9xs4z4ux7e46m9rgyf042nhwqewyf5t97xswrzwvsu,,AVENE,,48381066696,,30000000000,,0,8,445,48381066696,8,0,0,0,0.01,340000000,30000000000,0.0007000000000000001
pool1tem8k8927zvn5jg22g3mxuzhnu62jdnqvn523dduupce24vwlrl,,,,135106409,,100000000,,0,1,445,135106409,1,0,0,0,0.015,340000000,100000000,0.0
pool1teppcwacpq79a62luws4jaxqmhx5vxqu706362e9ya88wjwj5xx,,EMPWR,,52868295052,,50000000000,,0,10,445,52868295052,10,0,0,0,0.0275,340000000,50000000000,0.0007000000000000001
pool1tf73xqv234ye2crduemjpreuu4efrdfmpna3l9dwqy2uycvee9y,,CHF,,91805643534,,50000000000,,0,4,445,91805643534,4,0,0,0,0,340000000,50000000000,0.0013
pool1tf9e29shjqn9wcgf59fk4yrjqw2gq97wlkdqe92z2ngevhvkllg,,,,1166785736,,,,0,2,445,1166785736,2,0,0,0,0,340000000,,0.0
pool1tfye5tfgd6x2mw5xwe5lr2y6cu9grnpvenj7dc8258xmq8cuc04,,,,9436265,,5000000,,0,1,445,9436265,1,0,0,0,0.05,340000000,5000000,0.0
pool1tgf3x7xgzpt0uzvu25exhsl3pszrryrxjh6y8f3r4fytqfkyxuv,,,,1270651467,,,,0,4,445,1270651467,4,0,0,0,0.05,340000000,,0.0
pool1tgt94w0gmhmg5yw2v366fsl39yh90ktxr8uk2xsx3alsyh0tywg,,,,17988077,,1000000000,,0,2,445,17988077,2,0,0,0,0,340000000,1000000000,0.0
pool1th6xh9uks6rywerld5aya0gc3yswwrx3yus9zvehyqaky5c6utd,,AVOC,,197098736954,,100000000,,0,21,445,197098736954,21,0,0,0,0.01,340000000,100000000,0.0027
pool1tha2grue5rppsx2w93v5tljr5sshn2lz94ud9z3szlltz46s5k2,,DPTUS,,353512691,,5000000000,,0,4,445,353512691,4,0,0,0,0.025,340000000,5000000000,0.0
pool1thfkd47x8s84f2vfpxr6v0sfvhrtlwxdv0r7mtjaqvglgpuh9p0,,RATIO,,146421921,,100000000,,0,1,445,146421921,1,0,0,0,0.05,345000000,100000000,0.0
pool1thqlwcl3fw42hjx3f25uqut734rx9ex3dvhpqz2a0mrckg0c23j,,,,2542966949,,1000000000,,0,6,445,2542966949,6,0,0,0,0,340000000,1000000000,0.0
pool1tj3u8pz6732uy2ut3s90e0j880jyu9j0ve9vtu9zj5xzglhdlqy,,RPSP,,8195519148894,,1000000,,9,24,445,8195519148894,24,9,3908216872,340000000,0,340000000,1000000,0.11289999999999999
pool1tjkkuqdx2hy5cdy7vyamnyprglylcz5206zevfvtc28mx8nvsw4,,,,2318510170881,,,,1,36,445,2318510170881,36,1,65665834,406269634,0.5,340000000,,0.0319
pool1tjr4zpndkvwkw3du3fvt59f5men6jhuevt7rpx6xw0wcct5kl04,,SUGAR,,1570750084252,,60000000000,,2,71,445,1570750084252,71,2,561802152,340000000,0,340000000,60000000000,0.0216
pool1tkexntwvhg0fqs2xnm7xg6ljqzjkpk0pl4nxxe3nf48ux8nucqy,,,,323439043181,,22000000000,,0,129,445,323439043181,129,0,0,0,0,340000000,22000000000,0.0045000000000000005
pool1tkqjk8s3yqqyuspn4c44rjz7vgsu6kfxm4uvt89cejwryetpt6m,,GAS1,,706811729,,80000000,,0,2,445,706811729,2,0,0,0,0.02,340000000,80000000,0.0
pool1tlgwdlde3v5aq3vlm7pk8l37tydmjjhucsf0g84xwjtwvwfsmhm,,FIONE,,294865770,,100000000,,0,6,445,294865770,6,0,0,0,0.02,345000000,100000000,0.0
pool1tmt8thfaqeqv499l3s7k5kl64s84nycvnx55ll3ksm9hq50p0ks,,WFFL,,60518367519114,,850000000000,,55,1188,445,60518367519114,1188,55,24560428764,854721523,0.02,340000000,850000000000,0.8334999999999999
pool1tn7rcvc5lln8frln5n9rfd9cg8kcrj4vlm3ycdquyx5s2mlhmtk,,,,70023074962675,,,,60,3,445,70023074962675,3,60,26609533255,1740501750,0.05,340000000,,0.9643999999999999
pool1tngckke7m227384rvehwdm9t47zmhuy6w6t9cgnetc3ujlsnwj6,,SERVE,,1586597,,1000000000,,0,1,445,1586597,1,0,0,0,0.02,340000000,1000000000,0.0
pool1tnl3yxmj8848vq6meduhz9n5520a7dwsh05r5gfyvlatj87k3jl,,SPIDR,,119648638429,,30000000000,,0,46,445,119648638429,46,0,0,0,0.01,340000000,30000000000,0.0016
pool1tnmd6aq6rn3ctyqqqw8csvl5vlqncx3fwaqk8rsxsmqn5v9e28n,,,,618802415069,,,,2,45,445,618802415069,45,2,591869907,340000000,0,340000000,,0.0085
pool1tp7fzx8w3lrwwuwff9x7nlqr4r5n0awpq0krwnahvj387n7y22h,,mtma,,9569855070745,,1000000,,5,21,445,9569855070745,21,5,20167103,2342327886,0.99,345000000,1000000,0.1318
pool1tpd9mcw6y5mx05gv9rgfkl6y0vsdswqs8qdexmf8vstkqk0snau,,,,3334725899,,0,,0,3,445,3334725899,3,0,0,0,0.075,340000000,0,0.0
pool1tpr44v3pxth9j0ff246dvsryxpanxwx52f024ws3ecvn72sgv55,,,,283193094688,,1000000000,,0,19,445,283193094688,19,0,0,0,0,340000000,1000000000,0.0039000000000000003
pool1tpy5yawzpetcverves0h6xdycxgrstehfvrkygydt9jcqxwpw3j,,MANA,,39651776734321,,100000000000,,45,1853,445,39651776734321,1853,45,19871893832,653348542,0.0149,340000000,100000000000,0.5461
pool1tqywsutw3wtgcvzrljdacgwmv5kfzm8f0ladml5frkckccd72gg,,FBSD,,171387845467,,5000000000,,0,3,445,171387845467,3,0,0,0,0.0314,340000000,5000000000,0.0024
pool1tr33ynaapce33pjc5ctvj7fju596gppsmqwna4smx0f2khnetjf,,AARN,,5110690,,100000000,,0,1,445,5110690,1,0,0,0,0.015,340000000,100000000,0.0
pool1trjvzzska2mnd8xjxvjz0kfart6cfsj232kk6ghrlnc7u2xyqx0,,,,118707045047,,100000000000,,0,1,445,118707045047,1,0,0,0,0.025,345000000,100000000000,0.0016
pool1trxkcm5vnaj07htsmlfgjpwxmljy70ucs8z2n2qy8mvgxr73qlv,,,,7915260831,,2000000000,,0,4,445,7915260831,4,0,0,0,0.01,340000000,2000000000,0.0001
pool1ttxsd0ls8w35mrluxa49v0vslt7a85pfusxxemxrkpasy27tkcx,,KUCKO,,3969519067,,2500000000,,0,4,445,3969519067,4,0,0,0,0,340000000,2500000000,0.0001
pool1tuux2sctklrlzsh34w4gquz2wtundky30fvrn0qky5p7qr5n00d,,,,5398685,,100000000,,0,1,445,5398685,1,0,0,0,0.15,345000000,100000000,0.0
pool1tw2vq5vuxe5x8fse40ljx2mp53rdna9w0sktcq8ndr2nwj4ysgl,,,,8341779419,,8000000000,,0,5,445,8341779419,5,0,0,0,0.03,340000000,8000000000,0.0001
pool1twd9vvegn3fqq0f4n08p3aml2ud8q87njs49900rycj4sr5hhcy,,AOAUS,,4176990429245,,60000000000,,2,274,445,4176990429245,274,2,590156404,346052320,0.01,340000000,60000000000,0.0575
pool1twu4rn366744tqq9g66ruy3rete6842z7nnm4vy0q5jaqd48867,,HRBR,,1068252354296,,10000000000,,1,92,445,1068252354296,92,1,40629682,341329846,0.01,340000000,10000000000,0.0147
pool1tx6e7gewsrcceejwpa69vrhlhay6862amaks095pmw9jxulwhvx,,,,43147397835,,110000000,,0,20,445,43147397835,20,0,0,0,0,340000000,110000000,0.0006
pool1txjkxm7qgflxa6eu7gcpdl8quaym9a9r7r6cn4k25y8s2p7z8h0,,LLP,,401343516187,,100000000,,0,64,445,401343516187,64,0,0,0,0,345000000,100000000,0.0055000000000000005
pool1ty7lh3nvtwxlcpqg2x30fkr3j9ys6nprztr9m4zp3aajxyjk2vz,,BEAVR,,10708199886837,,145000000000,,8,564,445,10708199886837,564,8,3340464969,374348017,0.01,340000000,145000000000,0.1475
pool1ty9xkrrhp3unwdp6szfmeu9vgzn7qkfvqlerp7j9mu8cxl4rsnl,,,,120074891618,,,,0,4,445,120074891618,4,0,0,0,0,340000000,,0.0017000000000000001
pool1tyfdyg85t50lj69ehgmg90e4xr6y42he6pt8pvmau8v5x46fy67,,,,9780708137,,,,0,29,445,9780708137,29,0,0,0,0.01,340000000,,0.0001
pool1tzfqal2n80z9zejfxlgrc9qhdvrf8gvqqvnfx0e6h0rws4gqyxj,,FLOW,,21814766624,,1000000000,,0,2,445,21814766624,2,0,0,0,0.02,340000000,1000000000,0.0003
pool1u0mc9ywfxl529atxyajuz3pgqnwgnk6w7lejjmjg22ucvn7z9vh,,NERD,,16697203408925,,25000000000,,17,2094,445,16697203408925,2094,17,7372214445,647650593,0.04,340000000,25000000000,0.23
pool1u0u2s080a5plun4acn6s70xa3q98ct7skt88l7w6nnwwyl9ecym,,VOLCY,,804190087431,,78000000000,,0,92,445,804190087431,92,0,0,0,0,340000000,78000000000,0.0111
pool1u24fm2el64cd906xn9fjg8m8v6nra5zj5mpl0363un2jsyyuyup,,,,76837286,,,,0,1,445,76837286,1,0,0,0,0.01,340000000,,0.0
pool1u283gl35gdj2l6c5cmg9crugf9aq7w6242pr88v6enr8u9q2vzj,,,,4557490354,,25000000000,,0,5,445,4557490354,5,0,0,0,0,340000000,25000000000,0.0001
pool1u2d3guvld9rk0586lyhk2n8kvkzmem7czwdltgem0mgczqd3ygu,,,,56595567454,,145000000000,,0,11,445,56595567454,11,0,0,0,0.025,340000000,145000000000,0.0008
pool1u2fuz3fn5dfphf0cu0sewm4rnera445avenggle9sl4hy7rjzgv,,,,23318583021701,,,,29,13,445,23318583021701,13,29,12694391068,1008125846,0.05,340000000,,0.3211
pool1u2j98kgj8uj7zr7g3deuezfv7hzv3ercnetxd5c9ppjh23x20qg,,TVRN,,25303221479,,20000000000,,0,2,445,25303221479,2,0,0,0,0.005,340000000,20000000000,0.0003
pool1u2lghnv4ae3zy73ysjlgvxwj7tuqpmyfavk74j48g0gnqnyc692,,ADEN,,2662660958832,,100000000,,3,115,445,2662660958832,115,3,1048623161,340000000,0,340000000,100000000,0.036699999999999997
pool1u32s3ry3vjhqwhcrqz7p5u35cvzrx4tvdwydgvq6qm8720qrg0s,,,,171486538333,,50000000000,,0,6,445,171486538333,6,0,0,0,0.2,340000000,50000000000,0.0024
pool1u3despkvw4sqeq2fv9ufrh5dxacf8vm0aax00elkdeelymg7f38,,,,25504573032,,25000000000,,0,2,445,25504573032,2,0,0,0,0.01,340000000,25000000000,0.0004
pool1u3lnayg0fwfzhkcrnula5teuhrf9vwfn3cu4p4k8peqrcdv6sfe,,,,546890394,,,,0,1,445,546890394,1,0,0,0,1,340000000,,0.0
pool1u3p6z3r2g5s7mazc0wmx8v0cyjjasusght53zm4kj436vs3u2th,,,,337927302411,,1500000,,0,12,445,337927302411,12,0,0,0,0.0125,340000000,1500000,0.004699999999999999
pool1u3usaaejqap9cq2vgvxnfqcpvq7md4p4t8wp54mf9h2zw2yp9m0,,,,55263700060,,,,0,2,445,55263700060,2,0,0,0,0,345000000,,0.0008
pool1u3v7s93f2d968a8kce6zgfmckfx56ly626jkml6jv7tgweplrn8,,,,451916354558,,321000000000,,0,26,445,451916354558,26,0,0,0,0.02,340000000,321000000000,0.0062
pool1u4708qd88n0ux2capce6gz6zcjvtwfsfpdu28h6kkh5yskg9eck,,,,497420337,,10000000,,0,1,445,497420337,1,0,0,0,0,340000000,10000000,0.0
pool1u4e9h7ssr2hcd550luvkua88gly3vzusu46ftmqn6kvlkh3v9gf,,,,21266701518,,4800000000,,0,4,445,21266701518,4,0,0,0,0.0069,340000000,4800000000,0.0003
pool1u4p03p6eextu3ge40f2za7lspjz5qkaw5lmqq6emx3qkqq6yjvr,,,,102349137301,,777000000,,1,16,445,102349137301,16,1,1614055,341020289,0.0077,340000000,777000000,0.0014000000000000002
pool1u4sxd6x0qsy7evljt24vtnyhpxd098n609sfcmly6c096mr3jgq,,SCAR,,11194810383647,,5000000000,,10,612,445,11194810383647,612,10,2882171235,400410902,0.0199,340000000,5000000000,0.1542
pool1u4u6jpf2verwtq2wjcrdr9ktnhgjpa7ag9qnnkfgqtxj2rh9d68,,FOX,,2752688285,,2000000000,,0,3,445,2752688285,3,0,0,0,0.007,340000000,2000000000,0.0
pool1u53apdhreh9fjmxtrctx3kezhjduc4m2f7cfd09yd7p6jkc6k2z,,,,200147143562,,60000000000,,0,13,445,200147143562,13,0,0,0,0.01,340000000,60000000000,0.0028000000000000004
pool1u56s0gg8xn8uqyzefwd38napn8jmrjqaum446alm38sgj3248re,,,,10277056,,,,0,2,445,10277056,2,0,0,0,0.02,340000000,,0.0
pool1u60gvu8qr69z4vx9wuqelxfhcuvjuxuvxyj9edf8rkmns0405ny,,,,145469348917,,0,,0,5,445,145469348917,5,0,0,0,0.06,345000000,0,0.002
pool1u6etszaexv9v4lrf8r5xtjk2rc8wqq9waq9akrn7l5az6tm6u7m,,,,10089168193,,,,0,1,445,10089168193,1,0,0,0,0.01,340000000,,0.0001
pool1u6kpt8hgqcm596kukj97ghefmxn8ks2cgwg8qqe0gtgscnufk5p,,ATLAS,,63938656884056,,500000000000,,73,4149,445,63938656884056,4149,73,33646529074,613509521,0.008,340000000,500000000000,0.8806
pool1u6rml05w6hpl3t3ft8zwng6quksexa97wsxgdpg5kj4f78hhv7h,,,,2562761,,25000000000,,0,1,445,2562761,1,0,0,0,0.01,340000000,25000000000,0.0
pool1u7mqtde27swkarngjsn5mmw3sy20zavlafgqkmg8qv2n2nwga0l,,CFLOW,,18629780628114,,100000000000,,19,1748,445,18629780628114,1748,19,8428804262,504140203,0.019,340000000,100000000000,0.2566
pool1u7s8etmnm0y0ktls7kkvx2apnep5ercy7wwyljgw407yjzjastq,,,,61914723,,103900000000,,0,3,445,61914723,3,0,0,0,0,340000000,103900000000,0.0
pool1u7zrgexnxsysctnnwljjjymr70he829fr5n3vefnv80guxr42dv,,VILAI,,533430233328,,61000000000,,0,114,445,533430233328,114,0,0,0,0.009,340000000,61000000000,0.0073
pool1u899yml96tf2cf4zkw4490mnhf832pk6fefnaluvt7487jmqzhg,,,,1035093453336,,492330000000,,2,16,445,1035093453336,16,2,319678703,352120255,0.02,340000000,492330000000,0.0143
pool1u8yequt4vq3jhajeegc02r3msnne6krayxuzrypaz8jkq5v5pux,,HOSK,,35833463005260,,10000000000,,34,520,445,35833463005260,520,34,15406846603,654513659,0.02,340000000,10000000000,0.4935
pool1u99x2rr6trfznwakv0959llmxmtgc2nvanc067uugl3ejuvvnc8,,,,36477930030324,,5000000,,50,4691,445,36477930030324,4691,50,23037211465,572759945,0.01,340000000,5000000,0.5024000000000001
pool1u9vgtxyupd36czsdvh3h9zr8eakdqesug8j6k2nw7nszy97z4m0,,,,177788132,,100000000,,0,2,445,177788132,2,0,0,0,0,340000000,100000000,0.0
pool1ua0lx5ap5tj9f5l7tyjflp766ca5yu93djh5hqvm4e0kjgw5k7v,,1PCT6,,7705879864176,,50000000000,,9,445,445,7705879864176,445,9,3845795462,379131848,0.01,340000000,50000000000,0.1061
pool1ua5exfeju4jc95yy595cykjh4x46998g8hrrvw2v5h9k7987a44,,,,22111296434339,,,,25,1,445,22111296434339,1,25,,11822210178,1,340000000,,0.3045
pool1uaa3le5zjzjtzacvglgv9sha2pz8zlegl8udy9z8lhddcgufzlx,,,,72016454772,,50000000000,,0,4,445,72016454772,4,0,0,0,0.01,340000000,50000000000,0.001
pool1uae2f4eg8mhzuur43w9l8vpk4dur58w600x0cy2ef5angazhg3x,,SMAP,,2577423191,,400000000,,0,4,445,2577423191,4,0,0,0,0.01,340000000,400000000,0.0
pool1uautzneywzapn03te7q3sd737xdfejgjlu4mdfjz7mweq92dugg,,RETIR,,107439423938,,0,,0,134,445,107439423938,134,0,0,0,0,340000000,0,0.0015
pool1ucmm6rgdta0sw4qrcj3vml4wsr8pld495pptuypxg2uuvvlqest,,,,20461133742,,2650000000,,0,5,445,20461133742,5,0,0,0,0,340000000,2650000000,0.0003
pool1ucpygt4ds2ggf5lt8z5kzyvnwwr0ggrtqnl0pgawud5ls2cnnkl,,,,11850295212,,10000000000,,0,13,445,11850295212,13,0,0,0,0.039,340000000,10000000000,0.0002
pool1uda4kkzqn52fuyrwuchjxykdly8vj46yv3rc2h4zp9raunz4sgl,,,,97624734,,100000000,,0,1,445,97624734,1,0,0,0,0.2,345000000,100000000,0.0
pool1udkx9rmgzf08z7zz4p7ykpdqsdv5nf0w8uf38wrsdn5dzk9nq4g,,JOY2,,5373798721468,,100000000,,5,133,445,5373798721468,133,5,2022182184,340000000,0,340000000,100000000,0.07400000000000001
pool1udr30lxsqa799lyl9haxf0wzg8qsz3xaf2gtpqf4n2s064jrvsj,,,,530297095263,,10000000000,,0,40,445,530297095263,40,0,0,0,0.02,340000000,10000000000,0.0073
pool1udt98825znk9uslz4v05gh5cd3s5e4g0cd9c4gzhcfpd2j2xm2u,,ZORBA,,100762945738,,30000000000,,0,31,445,100762945738,31,0,0,0,0,340000000,30000000000,0.0014000000000000002
pool1udv42vs52wg34268zkfsgtrzuvyskphfavaf3n8tmf4tugm7et0,,DANK,,536842986,,10000000000,,0,3,445,536842986,3,0,0,0,0.01,340000000,10000000000,0.0
pool1ue4ngerz28nkpstsr5p53qvl5ulq3jtmllj4my0d0n28yyrn4l4,,STP,,11118197413547,,50000000000,,12,56,445,11118197413547,56,12,5244945337,393311734,0.01,340000000,50000000000,0.1531
pool1uezuqdzj9ue9y2l3ce9873sj33tz3q9tcf4tuhm97fdggywuydy,,BNP,,103805380,,2000000,,0,2,445,103805380,2,0,0,0,0.06,345000000,2000000,0.0
pool1ufh42ppqnet625mqql2fkc79p3emuqsnmf6s6ugxygqa75xgc8c,,NEMO,,52237703,,50000000000,,0,3,445,52237703,3,0,0,0,0,340000000,50000000000,0.0
pool1ufp38a9zwlvvrzcyxaxdrvav50nd7az5lyuzh4t0h3qp2gqamsx,,CAFE2,,8446599813694,,100000000000,,11,600,445,8446599813694,600,11,4787785057,340000000,0,340000000,100000000000,0.11630000000000001
pool1ugwj76z4cx6sywscud8ntd2m9tg3gyesmnnl35qr2l5mu06pe3x,,JDFR,,5902168208,,5000000000,,0,3,445,5902168208,3,0,0,0,0,340000000,5000000000,0.0001
pool1uh4uz5n5hgxe2vh99aherx64k9j52vftdlylwcr3mgk3sdz6vj4,,,,38919254034,,28000000000,,0,2,445,38919254034,2,0,0,0,0.019,340000000,28000000000,0.0005
pool1uhy50u9y76nd6z2xmzt3mta0yc7g3gdssef8lheyyg7zzymgzm8,,NUFIA,,20745258297258,,1000000000,,19,2191,445,20745258297258,2191,19,8376605059,599084130,0.03,340000000,1000000000,0.2857
pool1uj4u73qgtprqre78q75fq2vkcrpfrcdreqcqkvn6u0m2k6nk2yp,,EVE1,,54006187165131,,1000000000,,46,28616,445,54006187165131,28616,46,20404083074,1250358627,0.04,400000000,1000000000,0.7437999999999999
pool1ujcu3myfg9wwvdyh2ks653954lamtufy3lefjs73jrr327q53j4,,PUDIM,,13018962943542,,50000000000,,13,89,445,13018962943542,89,13,5546295619,572150878,0.04,340000000,50000000000,0.1793
pool1ujk88muru82e2z3lap9n5j63q30ekqwjmvvpyyu4kjkfg0hdyle,,,,665318210950,,,,3,265,445,665318210950,265,3,1037273788,372325920,0.03,340000000,,0.0092
pool1ujpy2536jz3x9gje5d5vuadzcpadl7pwrcsgq4laestu7mrs9hp,,,,444287597,,435000000,,0,1,445,444287597,1,0,0,0,0.05,345000000,435000000,0.0
pool1uk2f28awascuhrhuwrp7x6y87x8ch33vwx8jtmrysp7l5ngq78j,,POWER,,22897123807967,,135000000000,,22,6606,445,22897123807967,6606,22,9884510089,437526690,0.0097,340000000,135000000000,0.3153
pool1ukeqarukv9gxwy9pt8jkr4qvad2yf87758g3xzemmvmtk8lrynp,,,,56414584552446,,100000000000,,48,5215,445,56414584552446,5215,48,21845040228,786651462,0.02,340000000,100000000000,0.777
pool1ulx9ennungrtcucslrpz93cze5fddlg96h0wwj83p6fpsrvgz2v,,GENKI,,1027627352714,,253467828509,,3,144,445,1027627352714,144,3,716070760,361493027,0.02,340000000,253467828509,0.014199999999999999
pool1umflj8hjq873fs9r6aq2zvgs88zrs5xjswn2znkdaehlz2eqy59,,BANC,,123728663354,,2000000000,,0,9,445,123728663354,9,0,0,0,0.0115,340000000,2000000000,0.0017000000000000001
pool1up53z2kadt6l5xs359ckx477rpyvyg3favh25qrhqt2ujclpq3h,,,,43905470251345,,10000000000,,49,53,445,43905470251345,53,49,22578791338,568134847,0.01,340000000,10000000000,0.6047
pool1upa4pa4qmcgaps4uactx9eas44rfwk9h0rxgua3l4xnf6wevfkt,,,,1163509106519,,26000000000,,0,10,445,1163509106519,10,0,0,0,0.01,340000000,26000000000,0.016
pool1upx7l0yrsxt4l94t5xfckahj6m7pt5dpmnx6u60sjxmn5p5mezs,,,,438584488236,,88000000,,0,35,445,438584488236,35,0,0,0,0,340000000,88000000,0.006
pool1uq8l234306m76unyz8kuwnkvmtvazaks6vuvyx3a3khngavvcw0,,,,7958653265393,,1500000000000,,7,985,445,7958653265393,985,7,2268219655,528240894,0.01,500000000,1500000000000,0.1096
pool1uqgn8wt3qwaextmmurmcjmk3egwsac6sunyqtrssrdeavlgpyr4,,,,105271862027,,70000000000,,0,188,445,105271862027,188,0,0,0,0.01,340000000,70000000000,0.0014000000000000002
pool1uqrecfnsa6pqd2tz60r0lcj4kunhc4rrw8lldrpdvfx9qfjd6n0,,AMS,,516672725176,,10000000000,,0,75,445,516672725176,75,0,0,0,0,340000000,10000000000,0.0070999999999999995
pool1ur2y44cgsyf9l40y4xdc7w3cwy88vgmj95deatatzqnqqhrfp7f,,BNP,,739665173,,2000000,,0,2,445,739665173,2,0,0,0,0.06,345000000,2000000,0.0
pool1ura3w5x8uy7mgzu0pd4kskap4hynt9zymt30h5macll4kuxpqnv,,,,1000000,,5000000000,,0,1,445,1000000,1,0,0,0,0.01,340000000,5000000000,0.0
pool1urgvu6zk422j4xwtxa45lzpd6dm25msfthpkezr042secrtuwzc,,CCV1,,49095723423943,,500000000,,44,5265,445,49095723423943,5265,44,19670628872,949744383,0.03,340000000,500000000,0.6762
pool1us8dkk3y8j00qq5kscxxklyzwt74jgav226s2rtgaqxek7h8vc8,,SWARM,,14945026455042,,2500000000,,12,65,445,14945026455042,65,12,5115810495,553202620,0.04,340000000,2500000000,0.20579999999999998
pool1usumnw5klscs76ycpmkgf5re5v8pul462g5mmzc0knxs5u04kag,,ADAC,,115314991,,100000000,,0,2,445,115314991,2,0,0,0,0.06,340000000,100000000,0.0
pool1ut39vczq4h03vpzfcn7ssxa04qzkyj8nxu4nq4rfv0nsxz39c5y,,TOBA,,241655332640,,100000000000,,0,13,445,241655332640,13,0,0,0,0.01,340000000,100000000000,0.0033
pool1uthdnav2zc2hxpg2hyeyy545lnxtl8lqdcdqxjm0j8t5srmyvzj,,ADAST,,37397755620948,,1000000000000,,40,334,445,37397755620948,334,40,16344990798,1284003854,0.05,345000000,1000000000000,0.515
pool1utqhj9g53a5cwg7tyd8neky7jvjlgzuf470adc0e69cp5uuquzx,,ZW3RK,,16355300616769,,75000000000,,13,73,445,16355300616769,73,13,5718679476,398044034,0.01,340000000,75000000000,0.22519999999999998
pool1uu35qfkmjyxwpm3pgptfgr0qga9j2fzkc0tsjplcx840x295xj9,,CHEAP,,3091012911173,,0,,3,60,445,3091012911173,60,3,906359075,508258041,0.009,500000000,0,0.0426
pool1uu5ve3qdv7zxpmger77u0kw7pm8l4apmgr5xy6wspceayl05vsd,,COOLP,,5624250,,1000000,,0,1,445,5624250,1,0,0,0,1,340000000,1000000,0.0
pool1uup47u5lmet469pmaym077hvewcp30larj9ugap8580uya3rtuw,,MPN,,820025746,,100000000,,0,1,445,820025746,1,0,0,0,0.15,340000000,100000000,0.0
pool1uvv7r2zul9m2hm6jd56dygee9ddr7jnen5ysfy5z3xvez3m823z,,,,968172414,,,,0,2,445,968172414,2,0,0,0,0.01,340000000,,0.0
pool1ux4es4p8kfq3u4nax564ukcte2vzepsz68dkgg24k7l7xh5786v,,XC0DE,,8103122238,,3000000000,,0,3,445,8103122238,3,0,0,0,0.02,340000000,3000000000,0.0001
pool1uy2z02pn4lczk7p2plvnkzrmltxmqs2t04d9ghx5t0vw6e4t0qn,,AMSNL,,4185591525198,,100000000000,,1,62,445,4185591525198,62,1,123992495,342657465,0.02,340000000,100000000000,0.0576
pool1uyfg8ysc2fpmx8aclq3u06xx5u9rete5kq68aysfdvxj5a5wcza,,,,1739103467,,100000000000,,0,5,445,1739103467,5,0,0,0,0.02,340000000,100000000000,0.0
pool1uyvyxt9k9g038h567x8halej4x87j7m4r4zyz9lhv4dcv83husk,,BLOOM,,26190618318965,,1000000000000,,26,2380,445,26190618318965,2380,26,11067016992,819458457,0.04,340000000,1000000000000,0.3607
pool1uzkf7xmg6p3p5nn8y0eknfgws8e8j94vklx590qra2kfxpsxwsa,,BNP,,537537563,,2000000,,0,4,445,537537563,4,0,0,0,0.06,345000000,2000000,0.0
pool1uzla0r73fvpnvxr07m98nfzlxcv3q26mkjz00cqjfh7uqsyjkju,,1PCT1,,15753228717860,,50000000000,,17,155,445,15753228717860,155,17,7589769958,416941644,0.01,340000000,50000000000,0.217
pool1uzqdt0t7h0n2ue5d4su7sq44m857lrudn6zmqzeyflau5msh6vd,,,,51019793331,,,,1,1,445,51019793331,1,1,,343312565,0.025,340000000,,0.0007000000000000001
pool1v0s8c20l67rf8xlkt4f2e7tr2jkadwl4v4nmrfhrpxr05s0jxhm,,WVP,,92446114964,,10000000000,,0,4,445,92446114964,4,0,0,0,0.002,340000000,10000000000,0.0013
pool1v2dq9rex477rxqh7f8wwyprtc0qvxr3vvysvep7nj2qu68zdfaf,,,,879871172,,,,0,3,445,879871172,3,0,0,0,0.02,340000000,,0.0
pool1v2u8x73efaa7vlc342jdd4pdvdp9vmmgacc97tty6cljxrtxpse,,STL,,217955135,,50000000000,,0,1,445,217955135,1,0,0,0,0.035,340000000,50000000000,0.0
pool1v3avy78l7gvaemvgfmhsltydscukfew7kx3uz3sqx499wns07qz,,,,3279771541,,,,0,33,445,3279771541,33,0,0,0,0,340000000,,0.0
pool1v3k049f5aypn325f3rvn79765cuvqrvlhmqyzj835frn6ya03qp,,,,614149264975,,10000000000,,0,11,445,614149264975,11,0,0,0,0,340000000,10000000000,0.0085
pool1v3rzrj25ak30dhuyrupkxeddttetxzh4cz9ccpjlfxuh6d85d58,,XRX,,1428838788285,,10000000000,,0,122,445,1428838788285,122,0,0,0,0,340000000,10000000000,0.0197
pool1v46kmtavsty57aql824069j2p6wxpcpk3j25veqauu54kynydty,,JIFF,,1032235168,,1000000000,,0,1,445,1032235168,1,0,0,0,0.02,340000000,1000000000,0.0
pool1v46s6ak79m3mlv65pjh7ypvsp7n6cc62a723dpwmhtn8uy4pld5,,,,22420601,,10000000,,0,1,445,22420601,1,0,0,0,0.01,340000000,10000000,0.0
pool1v4wgyctxyxlcf90qtgflznv5f4fcm6cy0z80mchctekt20d3cww,,CPX,,1073227447202,,305000000000,,0,35,445,1073227447202,35,0,0,0,0.01,340000000,305000000000,0.0148
pool1v4xevkf7fx08pzy7atsk59dds6p0sdyl6xmhwf4mh79x6l5p6kx,,DIVY,,6357159732912,,1000000000,,10,590,445,6357159732912,590,10,3960160384,427704235,0.02,340000000,1000000000,0.0876
pool1v53upfe8vexje6qcpcxu84e0rwv2hsxeantu6pjmpw097r6vzxe,,TRUX,,3163432272,,1000000000000,,0,3,445,3163432272,3,0,0,0,0.05,340000000,1000000000000,0.0
pool1v5g4rmkk0394q6swgfusgzjjzrv9ajy8qntgpuumegka5xhpgam,,COFFR,,72724668586,,250000000000,,0,11,445,72724668586,11,0,0,0,0.015,340000000,250000000000,0.001
pool1v5jj7xumvk4engwvqrxt0kfhpdkucqvydmmlwwq2x76hz99affw,,,,1008640310,,1000000000,,0,1,445,1008640310,1,0,0,0,0.03,340000000,1000000000,0.0
pool1v5u6wzakuc25q3zpx04t8gjz3rgu60wuxkv2mh5nga23xjkc86s,,MOKSH,,66901199858441,,200000000000,,65,1428,445,66901199858441,1428,65,29622417159,340000000,0,340000000,200000000000,0.9214
pool1v62c7d92xv6gyh4x9rhfpkwzlpw2ypxk92xvzavakg3xypatklv,,,,71937319882244,,,,76,4,445,71937319882244,4,76,34498249895,1407101775,0.03,340000000,,0.9906999999999999
pool1v675dnkxjfz9jgct00tskyyuvsjgqj50d27c6wz4a5zr6gj4s67,,,,168850170523,,50000000,,0,8,445,168850170523,8,0,0,0,0,340000000,50000000,0.0023
pool1v6mdg9xm9a80js00zx53c6nagcw5m0m970nm4my4pkrlyxq707e,,,,12819978617,,10000000,,0,39,445,12819978617,39,0,0,0,0,340000000,10000000,0.0002
pool1v6xpvq7argftng40s80804eyf4m7as45292las40jw0nxte295m,,,,163755733,,100000000,,0,3,445,163755733,3,0,0,0,0.03,340000000,100000000,0.0
pool1v6y24cnjfjcr37353v72ewn7qq4k20xyrhdgdd6sgp7fxha6ddu,,BUSHI,,399463545,,200000000,,0,1,445,399463545,1,0,0,0,0.02,340000000,200000000,0.0
pool1v7q3xsa9u4ezatnsunuyw8646fc3fsvjju9a5x3835d6uf09pe8,,MAX,,77512682,,10000000000,,0,2,445,77512682,2,0,0,0,0.005,340000000,10000000000,0.0
pool1v7v9248nczqdplztgn7fwf4x4sd59utl0rx4uj7wewslxruwplu,,,,119116223,,1000000000,,0,2,445,119116223,2,0,0,0,0.01,340000000,1000000000,0.0
pool1v8cx78z8fqu4438vcmg20qlp4qujks8mrrlrcer6aa4f6eg9u2k,,,,9665378771,,5000000000,,0,3,445,9665378771,3,0,0,0,0.03,340000000,5000000000,0.0001
pool1v8f9npqqyywumf58s5g7kmvywx09c5pv02nr65q00ftuur8780p,,BNP,,6288755,,2000000,,0,6,445,6288755,6,0,0,0,0.06,345000000,2000000,0.0
pool1v8pu7txqydjmfhusgrfzvan4pragec3wu066cfmq2xpuvm2m8r5,,,,1010405929,,,,0,1,445,1010405929,1,0,0,0,0.029,340000000,,0.0
pool1v8q93vtkf4vqqqus6ts772w8dr9h5tz99lnylfj40x3p7cutxx4,,,,23391951417,,11500000000,,0,5,445,23391951417,5,0,0,0,0.01,340000000,11500000000,0.0003
pool1v99msed3jqh4fd2qyzdn0t2qfmh3mv2cnfweatl85mdhz6l0ewc,,,,575543240692,,500000000,,0,21,445,575543240692,21,0,0,0,0,340000000,500000000,0.0079
pool1v9z04yz8cs2dvnmvfp2fmuhfvs8w784x6w6r8ah9xanugdzlmg0,,GOOD4,,7382105151,,4039000000,,0,3,445,7382105151,3,0,0,0,0.003,340000000,4039000000,0.0001
pool1va0dv0map5dqhaj8pyc3rg0500drqs0m5smcxme6xghnc7ygmw8,,NEIGH,,4137213823270,,100000000,,6,2,445,4137213823270,2,6,,2835004671,1,340000000,100000000,0.057
pool1vafsg5t78rnx3qr3fv7ys9h50pnvxqhd4l8tj629l5zk7tc39ch,,,,27578168300089,,10000000,,23,838,445,27578168300089,838,23,10241056354,567442699,0.0216,340000000,10000000,0.37979999999999997
pool1vale5v0rm72lmz3ssv39a9ywceucqczux4v6zhegfmh7vlgfchf,,,,40199171895097,,,,6,2,445,40199171895097,2,6,2407672564,427325122,0.035,340000000,,0.5536
pool1van29pcguetr6gwnyfwd2g4f68rt3vkgtvu9wjdj0xwpylngsdk,,,,107224476,,100000000,,0,1,445,107224476,1,0,0,0,0.04,340000000,100000000,0.0
pool1vc3tk2s8xe5kvtldpmlhkgjnnt6nkllevyyszevapg0qwn0ch29,,,,24599120534067,,5000000000,,17,10,445,24599120534067,10,17,,8032675764,0.995,9000000000,5000000000,0.33880000000000005
pool1vc8jhqtwjrjwsfk6a0enx47hd2ufg98c34ta6lvl0zv0uhpech9,,MDS,,1875403071175,,50000000000,,5,145,445,1875403071175,145,5,1922889101,340000000,0,340000000,50000000000,0.0258
pool1vc8jp7uagxgh8trzx7r260ndcydz89ges8sws05cyv7jj8q8gqs,,OCEA3,,52762772193197,,25000000000,,47,712,445,52762772193197,712,47,21538935427,537054991,0.009,340000000,25000000000,0.7267
pool1vcc9lngr8g2j8xh0kgy84nne026adr5zmvwagkda99spy23993l,,HIGER,,1500600798,,1500000000,,0,1,445,1500600798,1,0,0,0,0.01,340000000,1500000000,0.0
pool1vce30junxx06g2ha8ww02cqgy644yj69ehhg2x95qe7323zfznp,,,,4634268697353,,,,1,6,445,4634268697353,6,1,132475827,340000000,0,340000000,,0.0638
pool1vcmqgcykx4k3ngj2upkyhu424dsn85ansepz2xmdxg4mqw7w6ac,,,,208346880579,,100000000,,0,8,445,208346880579,8,0,0,0,0.04,345000000,100000000,0.0029
pool1vcnevxtlwswfh8cdnqc9xrgpxq8wt33l2jtcfle2eqwpwd9997d,,BNP,,60698897,,2000000,,0,5,445,60698897,5,0,0,0,0.06,345000000,2000000,0.0
pool1vcwsfldh4gkzga4mc6p86y0vytkqfm9e2dy44hs00v34yeqnfaf,,,,70043908948853,,,,67,6,445,70043908948853,6,67,29751662134,1905876954,0.05,340000000,,0.9647
pool1vd3rfulk3x3k6mafusvrtnzysx9qkcgcks9an2alcpm55msk63g,,RAID5,,36205621371,,30000000000,,1,2,445,36205621371,2,1,15779278,341325106,0.01,340000000,30000000000,0.0005
pool1vd9a6q0jknarhwfyg7mspplrgsxf8zsna7yjr7crrtqdwftl7yw,,PATH,,502624954,,125000000,,0,1,445,502624954,1,0,0,0,0.01,340000000,125000000,0.0
pool1vdcu0y6ujrwmnv4u50j6upxkjug7cx7zsaynjvgkcm2ycmajelc,,COOL5,,14576095647147,,50000000000,,12,578,445,14576095647147,578,12,5172473590,446669807,0.02,340000000,50000000000,0.2007
pool1vdh6kxcqt9mxavyv80ggnec6jjwms44ms30rhle3lt266aj8jgh,,NEDS4,,27163493382444,,250000000000,,25,554,445,27163493382444,554,25,11077899506,340000000,0,340000000,250000000000,0.3741
pool1vemm9tq77upd9m6wtu7edw8wtju3ymnuq9wz43cfn35qk26ddqq,,,,67961836,,65000000000,,0,3,445,67961836,3,0,0,0,0.001,340000000,65000000000,0.0
pool1venk342j5dqg2a9ue6nnv854rht25734jqaxanngqtrjk6m89um,,BITB,,273886464903,,10000000000,,0,19,445,273886464903,19,0,0,0,0.01,340000000,10000000000,0.0038
pool1vev89m93eu9t930fswf8ee2xjehwrrkyw7msdemjwl4ev3xaqdf,,,,67380146203,,50000000000,,0,7,445,67380146203,7,0,0,0,0,340000000,50000000000,0.0009
pool1vev8z03vh7jwx3mfrgzrt9fltt97nupaxv8ffj4r5r8mgwts5ze,,,,65474725738649,,60000000000,,60,5999,445,65474725738649,5999,60,27695348192,620002715,0.01,340000000,60000000000,0.9017000000000001
pool1vf5vcnueqkddznfzn2tmw2hgxfa5gjugsl3v540emunmyd4gvrh,,,,170680299540,,5500000000,,0,14,445,170680299540,14,0,0,0,0,340000000,5500000000,0.0024
pool1vfayajkdc0gw876lax5va6ygpfpsd8kz73k4y977emm3clnxlm5,,KAYA,,99485985458,,30000000000,,0,37,445,99485985458,37,0,0,0,0,340000000,30000000000,0.0014000000000000002
pool1vfdw3j9246kkem4lychnsqj9edsmfglfvxvmyl4ekqddj92e33f,,BNP,,57462283,,2000000,,0,7,445,57462283,7,0,0,0,0.06,340000000,2000000,0.0
pool1vflcm2fde9qyzcr0lkkv4httte3xep6sycasrtaxw6rt2me3vwp,,OKNW,,1431979342975,,10000000000,,0,22,445,1431979342975,22,0,0,0,0,340000000,10000000000,0.0197
pool1vgfc8fqul93hf6fnl9n23czssgw6xyqx2yjn0lxqmcmvvc839th,,,,1652303744,,,,0,2,445,1652303744,2,0,0,0,0.02,345000000,,0.0
pool1vgryztjlm0grah2g5gngd0vlmy4z3yrsm42h00hn967e5mqk4nq,,,,197430721,,130000000,,0,1,445,197430721,1,0,0,0,0,340000000,130000000,0.0
pool1vh4y864hcq2r66ak37w4dsnkhnsfxaaacs0p5s4vj5676m6txwm,,HOPE,,15058363092515,,50000000000,,21,1563,445,15058363092515,1563,21,8472136571,532312640,0.02,340000000,50000000000,0.20739999999999997
pool1vhusc9c38uqkuspnecq6clcqadx86g8wpxfaadyxfwdrukh0kg0,,MIST,,2953199,,32000000000,,0,1,445,2953199,1,0,0,0,0.02,340000000,32000000000,0.0
pool1vhz87537anw4u0ruqsyuftyh7zxnrxptr4nnv0m6mjgeu8kp83z,,,,68221567180307,,,,67,1,445,68221567180307,1,67,,39894027675,1,340000000,,0.9396
pool1vhzjtcrcyzy5ld05mj8edy5at37x4g7du8uvvss037h26h8s8z5,,DIING,,321197740378,,50000000000,,1,43,445,321197740378,43,1,100803857,346629151,0.05,340000000,50000000000,0.0044
pool1vj08te6uceklte43cy6canq7te45qjmmm0dhewy0kvstyjmgqzt,,,,8012919654,,8000000000,,0,1,445,8012919654,1,0,0,0,0.0075,340000000,8000000000,0.0001
pool1vjjrjt5ez7d7yh385vdxl83mxyg36as785cp5l50d6wsjqdavax,,MOC,,82691346839,,1000000000,,0,19,445,82691346839,19,0,0,0,0,340000000,1000000000,0.0011
pool1vkaycnf2sv8rxzv4nex8s2unnzahtjs8eht9ypua4takugjgaa0,,,,540700677,,100000000,,0,1,445,540700677,1,0,0,0,0.01,340000000,100000000,0.0
pool1vkc0dvuf8rxrch87umfayacgglrh8f88ef0f64xrdue5u2xjwfm,,IFS1,,1530503296736,,0,,0,400,445,1530503296736,400,0,0,0,0.1,345000000,0,0.021099999999999997
pool1vkngxunyagwen690yn36pa2v6jecyxgeavl9nva9dwzhu22fzt7,,LOVE2,,871287494966,,500000000,,1,76,445,871287494966,76,1,124610643,340000000,0,340000000,500000000,0.012
pool1vl0hlf4jecm3rk0vcc9mtpu5us2cv7hzlz396cgs8crc5df43mn,,NUT1,,871433809204,,10000000000,,0,11,445,871433809204,11,0,0,0,0,340000000,10000000000,0.012
pool1vl46tq6mxq3f5c4m2e2x3jlruutweahnv5adkjy2sskyc3lc4ge,,,,1000000,,100000000000,,0,1,445,1000000,1,0,0,0,0.0025,345000000,100000000000,0.0
pool1vn4gsw8fdg85yh8urxs9t5ykyvap4uscewy08g2refxzxwztnga,,,,970921601,,100000000,,0,2,445,970921601,2,0,0,0,0.015,345000000,100000000,0.0
pool1vnsfv2qpt5gxte9prupjey8kw7ap7t6c8lc02ks4s3gtqplhgd3,,1PCT4,,10420935198089,,50000000000,,9,461,445,10420935198089,461,9,3853232384,379133795,0.01,340000000,50000000000,0.1435
pool1vp5fev56urx924nyxj5qjvzcsh76e47c4lc8xruh0rdlv0n2kvt,,,,810885088239,,,,0,24,445,810885088239,24,0,0,0,0.25,340000000,,0.011200000000000002
pool1vpa84enqxhh5hnyypeqfshsgqhnjfzyddgq7z4tfmavh68c9s9p,,CHAOS,,4965464283788,,21000000000,,4,47,445,4965464283788,47,4,1513207409,355503122,0.01,340000000,21000000000,0.0684
pool1vphx7ph5rayjxuuqmwqhlw32pl3m6lstcr5jz0ecajdc528fjdt,,,,4817731001409,,10000000000,,4,8,445,4817731001409,8,4,83136,1889996827,0.99994,500000000,10000000000,0.0664
pool1vqjyjsp6dawkj8tzmfpu39hvgnkph99qzarw4dll6yq76gpaa4d,,,,1476734483954,,,,1,76,445,1476734483954,76,1,128275596,343975163,0.03,340000000,,0.0203
pool1vqm5n5d503uumuc89s5y4wuczrwe3tlgylt2u2uj7y276avr5pl,,BIO,,3219593381155,,1000000000,,2,877,445,3219593381155,877,2,579620244,358152110,0.03,340000000,1000000000,0.0443
pool1vqq5mg8ccqemjr5ukfa48a767dqjsa7nas8xnpf7huvcz7amlv9,,,,32373921003233,,,,29,3,445,32373921003233,3,29,12543912218,1146451022,0.06,345000000,,0.4459
pool1vquhv3kh6xkklckaenl8alyuhfsld57ef5573aqauueyqacx4ak,,KIWI,,34069345720610,,400369000000,,34,6828,445,34069345720610,6828,34,15207104796,654992951,0.02,340000000,400369000000,0.4692
pool1vr8tegnnjtvfe7me66qrchaq6ucmmxve6anuuypwn6s3zs6342s,,WING,,1800569,,12500000000,,0,1,445,1800569,1,0,0,0,0.01,340000000,12500000000,0.0
pool1vresred49vtwxm87v0gg0dxfrdhfv6rz826u36ts9a60unw2nrk,,,,40215426673425,,,,13,2,445,40215426673425,2,13,5599406305,543087765,0.035,340000000,,0.5539000000000001
pool1vrpme37hyyysgl4n8uk87p0njvfejc8kswzn5yxmgf4dyxx8haj,,,,7624514,,100000000,,0,1,445,7624514,1,0,0,0,0.15,345000000,100000000,0.0
pool1vru3p8sswq5xkr38ceavad67t6krh6m6q0q42p59e6htkld4yxs,,PTGR,,53706194,,740000000,,0,1,445,53706194,1,0,0,0,0.02,340000000,740000000,0.0
pool1vs689gkmqtrljtmcwd2690nzqm2yyq23wk2zzx5g0v0gs5ug64a,,VAMP,,14554315767384,,750000000000,,11,31,445,14554315767384,31,11,4591000556,378943554,0.008,340000000,750000000000,0.2004
pool1vsdsgufhfellves050nf8mh5jzrvwwcq7qlxwkneyp8hv3z4w9w,,MACH1,,8249917,,500000000,,0,1,445,8249917,1,0,0,0,0.03,340000000,500000000,0.0
pool1vtdw9ec95lw0nj8uk0sgf6ahy7qk2tfjz2faegea7wyl63ejtqp,,,,10197882691,,,,0,1,445,10197882691,1,0,0,0,0,340000000,,0.0001
pool1vtf34mujsfrr8wesg8nvmnupk7npz7f287whltv2ga4wc2728mf,,,,6767002610380,,10000000000,,11,7,445,6767002610380,7,11,2219511049,2973860390,0.5,750000000,10000000000,0.0932
pool1vtpn0drn5t39frknedmqq2jkhsfstwketsnvdm7cjzz674s30v2,,BLISS,,39440378431922,,2650000000000,,30,1445,445,39440378431922,1445,30,13047692107,340000000,0,340000000,2650000000000,0.5432
pool1vuhc5fl733g3twn856xsfjqusczvk68r6pvs6lqgtadzsf6fue2,,SHARK,,2386319,,1000000000,,0,1,445,2386319,1,0,0,0,0.01,340000000,1000000000,0.0
pool1vurlp3ndgge8avz3h8lu2wzdqcwc8w4l5s43rzlk8p4pz0x5vla,,,,30917265641,,,,0,11,445,30917265641,11,0,0,0,0.01,340000000,,0.0004
pool1vut3caulpx8eukzwy8xd5fyhst0w7x2frdfsacpzr3jzxduazh5,,PNYX,,352503770,,100000000,,0,2,445,352503770,2,0,0,0,0.15,345000000,100000000,0.0
pool1vuwavngz2hums4ll34z9afdjkn826wnzgy2kpmnynhd0wr5qxkh,,ALKUL,,847582870009,,30000000000,,2,33,445,847582870009,33,2,511225187,346054040,0.01,340000000,30000000000,0.011699999999999999
pool1vve4vgd0ncyjvalr6xzeaxqmfzvkqmxfswj7lyae8qsgqhta9wd,,KOI,,5001526855,,1000000000,,0,13,445,5001526855,13,0,0,0,0.01,345000000,1000000000,0.0001
pool1vvesqladm29fuzrv93px5qse0upw82a579lz9063xsfrz7yef7z,,8SQRD,,705150823251,,51000000000,,0,19,445,705150823251,19,0,0,0,0,340000000,51000000000,0.0097
pool1vvzajfqpfltmprgnrdgx3qu2yqj68ujg3g3pllpvst89gfw575w,,,,56612620388,,,,0,2,445,56612620388,2,0,0,0,0.02,340000000,,0.0008
pool1vw0rqsvfx0ngct7gfmlz5j2e4gap6sd9pwrmemhd488eyxvm88r,,,,1000100,,25000000000,,0,1,445,1000100,1,0,0,0,0.0275,340000000,25000000000,0.0
pool1vwfg3d0yhun8anncaxjfg8whjn6sa328shuyc6rmf2cgvyjrs7w,,BNP,,9395957079,,2000000,,0,10,445,9395957079,10,0,0,0,0.06,340000000,2000000,0.0001
pool1vwquf4wt465lhketcy2j7jwpz5l6l0ce6a79ga3y4wg7gc8egp0,,CCP,,1391176161291,,10000000000,,1,69,445,1391176161291,69,1,129667705,340000000,0,340000000,10000000000,0.0192
pool1vx9tzlkgafernd9vpjpxkenutx2gncj4yn88fpq69823qlwcqrt,,,,72393327600334,,200000000000,,59,13195,445,72393327600334,13195,59,26856140873,889683802,0.02,340000000,200000000000,0.997
pool1vxpu476qrulzkk2u97emkfskmc2jx4mzznvupw0zf5206nx35vl,,SNDC,,308097517,,300000000,,0,1,445,308097517,1,0,0,0,0.02,340000000,300000000,0.0
pool1vxvdypctdecvc2j7xu9y8h2fdxvkpjy2pp8luwg2h6dx5jlv0nk,,COOL,,20289044834341,,50000000000,,12,1138,445,20289044834341,1138,12,5159728302,446110179,0.02,340000000,50000000000,0.27940000000000004
pool1vxz0deezj5c2950e7arpzfqxzq8zd9kawsullrzjw5rsq0yhxgr,,,,35663196964163,,50000000000,,33,225,445,35663196964163,225,33,14466195635,1102786832,0.05,340000000,50000000000,0.49119999999999997
pool1vxz2dtul2asqpxtuy60hqg4749dw7uy7tyg907hn65luws3wxfv,,AGROT,,1353855507,,1000000000,,0,5,445,1353855507,5,0,0,0,0.01,340000000,1000000000,0.0
pool1vygvrczrlzapm25qf8w3cxz4gxv2azrp43xj6538tt225jjfcpw,,,,43072540051,,,,0,4,445,43072540051,4,0,0,0,0.025,340000000,,0.0006
pool1vyk3x4j2lfrj4y8t282xmwep936rh8gv2vqrkxghm2h67l2upjq,,OMWCP,,4043819158,,500000000,,0,1,445,4043819158,1,0,0,0,0.05,340000000,500000000,0.0001
pool1vyy2d9r86mf4hmqx88uxcpfww89p2ee45s7pcaf9vxses0fn3ch,,,,871346328319,,,,1,9,445,871346328319,9,1,110473097,341061662,0.008,340000000,,0.012
pool1vz59e00250xfjck8qd04kns89j56430wjzpdf37zfjnnyxttm37,,,,45452693548,,500000000,,0,6,445,45452693548,6,0,0,0,0,340000000,500000000,0.0006
pool1vz9txqmdhxwegpy7uzrsap84z309veehqv3uh4s60qwxk0u7h06,,BOOM,,43212652274,,1000000,,0,8,445,43212652274,8,0,0,0,0.01,340000000,1000000,0.0006
pool1vzpakzvtx46t7kpla6pus7wpnskeprdlrxc3snf897tryuzfh4v,,LHS,,170523975647,,1000000000,,0,39,445,170523975647,39,0,0,0,0,340000000,1000000000,0.0023
pool1vzquqa6clffwsegafvyds0zkaqpjcw0hurq3a0xc8ape6h0xhkh,,,,2010436661,,2000000000,,0,1,445,2010436661,1,0,0,0,0.05,340000000,2000000000,0.0
pool1w0jjajfvur53nxrlc4nnm73087lm39qfumeq8r449jwvz3wdx05,,,,45566979443,,,,1,13,445,45566979443,13,1,85540045,341325202,0.01,340000000,,0.0006
pool1w280s7zjysnn80mgu2qvvjw9c5pk4dwl70xvc7yk4aq4xaxdfqq,,,,618248982,,,,0,2,445,618248982,2,0,0,0,0,340000000,,0.0
pool1w2alpqttaulpukcrz0j902kk8wmq68q9qm50c6npaypk7yypy5a,,KIBA,,509891531352,,2000000000,,1,5,445,509891531352,5,1,127665358,340000000,0,340000000,2000000000,0.006999999999999999
pool1w2duw0lk7lxjpfqjguxvtp0znhaqf8l2yvzcfd72l8fuk0h77gy,,PSP,,10446650915,,14000000000,,0,9,445,10446650915,9,0,0,0,0.01,340000000,14000000000,0.0001
pool1w2hc8xqzxpjw7dxwq65krmq79zswvvdmsgs8p04djwt8vm84qmv,,,,1976755061905,,300000000000,,2,35,445,1976755061905,35,2,472552871,358179974,0.03,340000000,300000000000,0.027200000000000002
pool1w3ewp9s00evj200lnhwsy3dkn2yf3dg7zq7apj26a2dvv5r7hpg,,,,515476511,,500000000,,0,1,445,515476511,1,0,0,0,0.005,340000000,500000000,0.0
pool1w3s6gk83y2g3670emy3yfjw9myz3u4whph7peah653rmsfegyj3,,ISLE,,145825699,,0,,0,1,445,145825699,1,0,0,0,0,340000000,0,0.0
pool1w404pkpkkw067ju4gjnyjdmqfex6wn92vrffhy9txhw5kxzupk5,,,,1230538750,,,,0,1,445,1230538750,1,0,0,0,0.01,345000000,,0.0
pool1w4am4s9w4gkt8r0245km62vtnnv9hhq6j68exzh2pyaxxfaq0gc,,1PCT2,,918869687493,,50000000000,,1,162,445,918869687493,162,1,123661854,341325928,0.01,340000000,50000000000,0.0127
pool1w4k38v33hm00f488leycy7x4r77c6zgax2w30whtrkf4uh9agpy,,ROOT,,211951626389,,27000000000,,0,8,445,211951626389,8,0,0,0,0,340000000,27000000000,0.0029
pool1w4xhfnhuenzgqqzuldnzrcm4kgpsjv8l0re3p574vg5lv4er0k7,,,,1561343625,,,,0,3,445,1561343625,3,0,0,0,0,340000000,,0.0
pool1w50f20mpxwtal3plsqmgrx2xxlg84hn7ep0fhlcajkhu77k8tfp,,,,754221182,,100000000,,0,1,445,754221182,1,0,0,0,0.02,340000000,100000000,0.0
pool1w5ws76te73pjhep4zt8axh2r6wczm0220gp49fmfnjmzvtal7fe,,,,87062567739,,170000000,,0,9,445,87062567739,9,0,0,0,0,340000000,170000000,0.0012
pool1w65amkyxhlstja5mp0vf7q2av5tm0m6zjsm9pll3xw36x6g8qte,,CRBN,,183265277,,30000000000,,0,11,445,183265277,11,0,0,0,0.015,340000000,30000000000,0.0
pool1w6ez83j2lapmlzudtuuwygm9lwt23203keqj53n7yjdtwaamghr,,,,9133477058,,100000000,,0,2,445,9133477058,2,0,0,0,0.15,345000000,100000000,0.0001
pool1w6l6rvhxtym5psec3mvgrjlg28d6hrv8g9jjexadzmxfgndfg2f,,SIPO,,51327910282859,,50000000000,,51,1234,445,51327910282859,1234,51,23142712237,934061538,0.025,340000000,50000000000,0.7069
pool1w6vj437xqhlkasuhc2td09jd6vfem5e03nhhpn7yqxfkzrkamch,,WINE,,379991794163,,1000000,,0,11,445,379991794163,11,0,0,0,0.01,340000000,1000000,0.0052
pool1w728ekz4fs2f33qmqf7047hvwsmarjrv5l575ncnh7hkc0zdhgz,,LAKCV,,1204163384,,180000000,,0,1,445,1204163384,1,0,0,0,0,340000000,180000000,0.0
pool1w7c2j0px43jmudhf48ezp7dy8j7904c9l3wc7809lhh2z026hch,,STAT,,61936089088269,,750000000000,,41,5822,445,61936089088269,5822,41,18500297895,721417515,0.02,340000000,750000000000,0.853
pool1w7dk7rn0cflzzfr4fqvjpapn0rkz5ksmerx5tgwpm2gtj2gly97,,,,70023968382281,,,,76,2,445,70023968382281,2,76,33791542122,2118502217,0.05,340000000,,0.9643999999999999
pool1w7glhdtfl5slt54x7ss2hyd9lp2qyp7qxstgy72quzelqg93s24,,,,11273564695,,10000000000,,0,2,445,11273564695,2,0,0,0,0.039,340000000,10000000000,0.0002
pool1w7pt822hfgw30xnkwpjzz0sr5psejksqdcdw4l0ms33lsgynp2e,,COOL4,,3264056000478,,50000000000,,1,237,445,3264056000478,237,1,127119936,341305055,0.01,340000000,50000000000,0.045
pool1w7y659w3ya4x4rd9ljp6rmcx70yj2t0s0nk97d6zgmymq0a2k7w,,,,2742048,,150000000,,0,1,445,2742048,1,0,0,0,0,340000000,150000000,0.0
pool1w8ham64lthvzzxzn5hknq4yrj8xt2nark409s2xmntlwvt4ag3r,,1PCT7,,42097058572748,,50000000000,,45,501,445,42097058572748,501,45,20688633330,549269144,0.01,340000000,50000000000,0.5798
pool1w92z3lxwrycf3kmf075dja2fwem0luyjc4ysv2afh6sg554qjwn,,STBL1,,3455860,,0,,0,1,445,3455860,1,0,0,0,1,340000000,0,0.0
pool1w9cz3yyz8glemkwpn8hue6s89jrlhkap3nupzac7kdx77gj9am8,,,,3625350,,,,0,1,445,3625350,1,0,0,0,1,340000000,,0.0
pool1w9hdxd0ydy7qrtxe2lceg80mpsyamwnaqyvu2v0yngj4cfkfu2t,,NAPPY,,712306409835,,100000000,,1,4,445,712306409835,4,1,,472500778,1,340000000,100000000,0.0098
pool1w9ksllt0ktnztjdzzlzaqfh7tzspu09xf5l08flz0cadyq0dv3j,,,,96794849,,4000000000,,0,3,445,96794849,3,0,0,0,0.01,340000000,4000000000,0.0
pool1w9yeaaadjz9563tf2h7katrlujvxnywda8el8z66h02ckccx95x,,SUI,,2419521743454,,31000000000,,0,213,445,2419521743454,213,0,0,0,0,340000000,31000000000,0.0333
pool1wamhqzxcn7psr3rrqvg35wwjwmj8qktnvgyncj2vzyaqx9hkmsz,,,,97624556,,77000000,,0,1,445,97624556,1,0,0,0,0.03,340000000,77000000,0.0
pool1waplz6cz4t2uss0qcst8wkqj52rzhy9vfr5jr9se9pjx7ucjcfm,,,,50411118,,100000000,,0,1,445,50411118,1,0,0,0,0.15,345000000,100000000,0.0
pool1wc2kuqz7w36j4xc7x8aqekgjhmy4ggknddqqfuw4mr3pu9f8wxn,,,,49055495,,30000000,,0,1,445,49055495,1,0,0,0,0,340000000,30000000,0.0
pool1wc2vw2x2xu2van4acthhk08xtucm8ddpuphmw0ahnc99qtz4a64,,CRBN,,10121061287,,500000000,,0,4,445,10121061287,4,0,0,0,0.0099,340000000,500000000,0.0001
pool1wccveh5l4gvns7egngqdd4qk27w0kxqc68jjrnnkgjxz6zwt7ws,,YUZUP,,156967267661,,100000000,,0,10,445,156967267661,10,0,0,0,0.005,340000000,100000000,0.0022
pool1wdrg5vtv3nrh0mqmfua5qmj5p3zchzay2cz80jwfxxwrx7gp402,,ACP,,35531270916,,33333333333,,0,3,445,35531270916,3,0,0,0,0.011,340000000,33333333333,0.0005
pool1wdujj7tmux5nuwnpeksgncendr3mj8ecsjcddpzx9gewc3flp4r,,ETO6,,63999999028366,,0,,59,1,445,63999999028366,1,59,,27877534422,1,340000000,0,0.8814
pool1wdzyy2lwc8rd5y9vxwkyxpv62dsa270jepjgy9fa3zpqgeuszun,,,,1552015130494,,,,2,10,445,1552015130494,10,2,572683014,370250078,0.05,340000000,,0.021400000000000002
pool1we0xjccr3vc4ypnmhzsgwp7sxpsytu8dtv0syeqmtrllvcex68q,,JUNO,,17277847369652,,1000000000,,21,183,445,17277847369652,183,21,9326570922,478702225,0.0145,340000000,1000000000,0.23800000000000002
pool1we9umarzn0l6jp8mcm98y28lxuuzcurzpjldnjwtgdhgw068mnr,,,,17753219559681,,70000000000,,12,82,445,17753219559681,82,12,5202791029,446091351,0.0199,340000000,70000000000,0.2445
pool1wehqlvg34f3cpn48fa93qhnfkmxf5v3lxk9ymzukrm3tgxq34z2,,,,6748465198,,,,0,14,445,6748465198,14,0,0,0,0.017,340000000,,0.0001
pool1wewygdzelh9m4m0kj8u70pmr957lxkzl8km4mttsrdd7wht00vu,,,,283664715079,,3000000000,,0,21,445,283664715079,21,0,0,0,0.02,340000000,3000000000,0.0039000000000000003
pool1wf7wk3802jxtkmek6uprm77cgqx53t4qep9kwkl078w3yw0ff69,,DNEWS,,25520365779376,,75000000000,,25,3141,445,25520365779376,3141,25,10853709586,912978581,0.05,340000000,75000000000,0.3515
pool1wfma2hqtzksrf9wq7a5ww8ugguxezaetey80pe9arg2n7kvev82,,,,54569000388972,,,,45,4,445,54569000388972,4,45,19876399378,1386126321,0.05,340000000,,0.7515000000000001
pool1wfvreaqszfzxe5w2swwpqpy7e4jax9nyky0x855xqswkzq4v7zf,,BNP,,3000000,,2000000,,0,1,445,3000000,1,0,0,0,0.06,345000000,2000000,0.0
pool1wg3xyzscx4qp0d4zmvlh7ksw8cupqcnegulmezl0cp77vtwlvgr,,PrepU,,12701101510,,10000000000,,0,6,445,12701101510,6,0,0,0,0.03,340000000,10000000000,0.0002
pool1wggqaqs4pw2l4vml0k0p2kmvpq7pme3fl6smwc8cjjhvvuun9ww,,XST,,21316748825,,4810000000,,0,18,445,21316748825,18,0,0,0,0.01,340000000,4810000000,0.0003
pool1wh23dzv4mjrm2lv5y5k3pk9yx8dpggd63ma6duesvzvvymawpny,,,,36335611,,,,0,4,445,36335611,4,0,0,0,0,340000000,,0.0
pool1whk6lawmfz4zq5fw8zghglp23452gnm9zgs59nqafhpexwcvute,,,,25382460486090,,50000000000,,20,115,445,25382460486090,115,20,8600803446,786100654,0.048935,340000000,50000000000,0.3496
pool1whmm0hkxunyhxsr6dfjpx2tpvd05qhev820lx9vcmvqa5wjc6nh,,1COMM,,1586696535129,,402000000000,,1,237,445,1586696535129,237,1,98684207,340000000,0,340000000,402000000000,0.0219
pool1whzghlghkuqn8qf3ehpm3a4rugv0xxmgzau43zqer2awy2rngef,,,,20369775749,,10000000000,,0,4,445,20369775749,4,0,0,0,0.03,340000000,10000000000,0.0003
pool1wjext9skqge8x7z5asvvmezlal6npjk8v2aduavt6fehyzhnu5a,,STI3,,3217082416369,,60000000000,,2,715,445,3217082416369,715,2,579889405,349025278,0.015,340000000,60000000000,0.0443
pool1wjsshqjpl3n6zlscnfvyy9gxklkav2dvfyprfye6l0kewyvv6yj,,SAFE,,888950713642,,180000000000,,1,40,445,888950713642,40,1,43841444,343721702,0.028,340000000,180000000000,0.012199999999999999
pool1wjt7mjhdaj857hwk3qg2wswn30ghjczm2qetrs7k6sjc20x4hfx,,,,1045574031,,1000000000,,0,3,445,1045574031,3,0,0,0,0.5,340000000,1000000000,0.0
pool1wkk7mlwet6pgqk9gd706trlw25vnu9a7ygvrugap0swjcfty7vd,,,,1322858,,6050000000,,0,1,445,1322858,1,0,0,0,0.05,340000000,6050000000,0.0
pool1wll3vr4v605eap9hpjfpda5cjegqfkjt8hrz3kkxpnffqejhav3,,,,412373404129,,6500000000,,1,168,445,412373404129,168,1,119905471,341325630,0.01,340000000,6500000000,0.005699999999999999
pool1wlmyl6csyc5m9sxezcladq3ttty4hja9mue63dwdh5g7ymucukl,,,,90349927630,,7000000000,,0,63,445,90349927630,63,0,0,0,0.04,345000000,7000000000,0.0012
pool1wlq787qn983e4vyj084mvx6gtz7tl8w4kj0tlx09syst6yc53hh,,,,120883201053,,,,0,47,445,120883201053,47,0,0,0,0,340000000,,0.0017000000000000001
pool1wm5quxelvgk8q50jyfznf9asvelp9zf0tk2wu4jazlw9yj4uctw,,EU01,,6266883358540,,250000000000,,4,342,445,6266883358540,342,4,1433626090,394273290,0.035,340000000,250000000000,0.0863
pool1wm89xjqp96t3mlun3pa5suxa3t4s5lluq239en0nxl7pcm5tprc,,SHOP,,137415523661,,1000000,,0,92,445,137415523661,92,0,0,0,0,2500000000,1000000,0.0019
pool1wmyr8pp6f3rll0hdxed6e8kkxzvj9ur0ecc45sttan3fqcfldcm,,,,10010883882,,10000000000,,0,1,445,10010883882,1,0,0,0,0.05,340000000,10000000000,0.0001
pool1wn5cmtuzkgqfnh6htjplu7uleq5qxk4thc6wtm2fjrgmspqutaj,,,,532866175594,,,,0,115,445,532866175594,115,0,0,0,0,340000000,,0.0073
pool1wn7g7fs8nhqnkkzcafzucl6x6spa6rj980kkkg0rcnyajg62lur,,,,497625262,,100000000,,0,1,445,497625262,1,0,0,0,0.05,345000000,100000000,0.0
pool1wngesrk9ju3x7fzmuqae49lp385k5khgmtz97rza629pwg86nlj,,SKYW,,7510763,,0,,0,1,445,7510763,1,0,0,0,0,340000000,0,0.0
pool1wnrrg33lw9fxcn0h3x3vexh78up660ajgk7pvrlrz5kkcgh9khs,,SIDAN,,69349389358,,5000000000,,0,5,445,69349389358,5,0,0,0,0,340000000,5000000000,0.001
pool1wnshjhwqv9j7fgd4tkynpsqr0xczns4pghljy5j4z4qjj7qy4d4,,GXY,,9779611806,,1000000,,0,15,445,9779611806,15,0,0,0,0,340000000,1000000,0.0001
pool1wntxmftndrsj7y4aqles8knl3nfuyj22l83jun02yyx9s962gm3,,CBROS,,90664708035,,70000000000,,0,11,445,90664708035,11,0,0,0,0.01,340000000,70000000000,0.0012
pool1wp0yez530qyyxu6nzeej9m9f2sma2w4r54hkw7dfewtts7qqvwc,,,,11682509253,,100000000,,0,4,445,11682509253,4,0,0,0,0.01,340000000,100000000,0.0002
pool1wp7vqk4mkx0w0wxzpy8avhft4qwcg60xldwem2uh9n4pw777fhz,,,,50325462648,,1000000000,,0,3,445,50325462648,3,0,0,0,0.03,340000000,1000000000,0.0007000000000000001
pool1wp9p6rlpratng7rhrvyz6mcjqsl04laxxvvuu06umc5vghacqa4,,BNP,,6516398683,,2000000,,0,3,445,6516398683,3,0,0,0,0.06,345000000,2000000,0.0001
pool1wpj6th0242z6l2s7zl357a6rv8s7a4lq9x0p74mev453qczweyf,,ROCK,,6296222247,,500000000,,0,2,445,6296222247,2,0,0,0,0.005,345000000,500000000,0.0001
pool1wpmjtfqcwvtcs9znpuulk99yk2zz6pfh0c4k9f2xlcspgqjndk2,,MS4,,48219976802702,,100000000000,,50,269,445,48219976802702,269,50,22661761913,922354553,0.025,340000000,100000000000,0.6640999999999999
pool1wpp9pslecqwv4wjr4gfhcsv9hmagz882q6fl6umwup8guxy5whm,,,,6638814,,150000000000,,0,1,445,6638814,1,0,0,0,0.031415,340000000,150000000000,0.0
pool1wpzr2xafvtne6cnvlyzjqf8dlj2dg7tgkv3vu4zt687266ep7wg,,,,1584970404,,14500000000,,0,16,445,1584970404,16,0,0,0,0,340000000,14500000000,0.0
pool1wr5ky4r3hz6hxenllvxpuncg7jya8gv89jta03059w9eqqjy6c6,,CREAM,,662169560,,100000000,,0,5,445,662169560,5,0,0,0,0,340000000,100000000,0.0
pool1wrjg8fts9cus0eq8jyf5wqsfe64e8tvrquxgff3tyze4qal4hwq,,TPOOL,,206846112418,,1000000000,,0,14,445,206846112418,14,0,0,0,0.018,340000000,1000000000,0.0028000000000000004
pool1wsr9ehtfvc4cs3rzfv65jjv7w7pe3xngw58mtt0ex4jck5frw79,,S0716,,9823411,,500000000,,0,1,445,9823411,1,0,0,0,0.01,340000000,500000000,0.0
pool1wsug8q6kjtje0hzwp68lchwll0046t6huua3f7p35fttx7fcwm8,,,,66971480004,,,,0,10,445,66971480004,10,0,0,0,0,340000000,,0.0009
pool1wt0pf4u2xktp0f7apveu242w6nkm4ltk3m8g039lvuhwq4zdtf3,,ECO,,63688049704832,,100000000000,,49,3362,445,63688049704832,3362,49,22342980357,680915525,0.015,340000000,100000000000,0.8771
pool1wu4f8u7apml5nke7mjcvj2fvn0apfychx2957lf9gcuzxa07w6g,,H4T1,,31326467070,,10000000000,,0,6,445,31326467070,6,0,0,0,0.03,340000000,10000000000,0.0004
pool1wumx7h5vnkjwhv0rycjwdqd8cykvr380etvszgevquxwz02p5wx,,,,110623414,,,,0,1,445,110623414,1,0,0,0,0.01,340000000,,0.0
pool1wuu2at4ccsqnlaw9q080wz7y0hq7m5utclffjfn3g0vd2j9xs8j,,,,816886634,,5000000000,,0,3,445,816886634,3,0,0,0,0,345000000,5000000000,0.0
pool1wvezktuplgsgwxvccvaw6vyq3l8v3ecupe56apngyjuaw4jxg9u,,,,3641816883,,2500000000,,0,2,445,3641816883,2,0,0,0,0.04,340000000,2500000000,0.0001
pool1wvgf640twac8y7raqfz8hlqz4sajyw2gfpcxkq80wygekcx2402,,VINA,,2043866091,,1000000000,,0,1,445,2043866091,1,0,0,0,0.01,340000000,1000000000,0.0
pool1wvhd4nf6mar2x0zaek2te6lqkrckk9mxtjctezy878a3zprru7s,,AD247,,46359169270,,500000000,,0,19,445,46359169270,19,0,0,0,0,340000000,500000000,0.0006
pool1ww3v7euue6vkzstk2gm5r2s9jsnj9zgtvvscfcmhwfxlzpfgap2,,kowln,,18083506410,,1800000000,,0,4,445,18083506410,4,0,0,0,0.028,380000000,1800000000,0.0002
pool1wwjj0tcr6w9nvk0jpvnrqq9p7ukn7wux0h669wcw25t0zmx3zfh,,,,21927758500,,1000000000,,0,3,445,21927758500,3,0,0,0,0,340000000,1000000000,0.0003
pool1wwzctexlp70mj00vv65mlhwhwresn58s9x7jl4tswvkg77eu7n7,,UKADA,,3653836111090,,1000000000,,5,600,445,3653836111090,600,5,1891359264,360234529,0.01,340000000,1000000000,0.050300000000000004
pool1wx83tmlwtxw5nzn4stz02655pnltllq5apgx2mdc6557zw0r78g,,,,49154655034,,25000000000,,0,8,445,49154655034,8,0,0,0,0.03,340000000,25000000000,0.0007000000000000001
pool1wx9rs2z0nuzds7aj9dvptwcruxputh3dvvfcavnwr6hkjvly20w,,,,103240601,,100000000,,0,2,445,103240601,2,0,0,0,0,340000000,100000000,0.0
pool1wxktpcvaceu8zcsmjk5k0nu2nldm762ra6m9ept87fcvsqucdkx,,IGF,,2851380498,,1800000000,,0,2,445,2851380498,2,0,0,0,0,340000000,1800000000,0.0
pool1wxn9nsl8rvxa6r8e5eaak0ml6etfxnz2n9vqrmsw5nzgyexgkrn,,,,30553960840701,,250000000000,,28,878,445,30553960840701,878,28,12579218080,468995314,0.01,340000000,250000000000,0.4208
pool1wxpzjtfr79pdfs6m6vg6xmcqjh79ff9d6sgzfdpvs2q26swahew,,DMOON,,219501140611,,129990000000,,0,4,445,219501140611,4,0,0,0,0.015,340000000,129990000000,0.003
pool1wxzwqzl8c5pmsq6q37a90fgmpw7z729hufmydg33zcz0ktp5q8n,,,,2697577041011,,2000000,,5,7,445,2697577041011,7,5,1882948136,479552702,0.069,340000000,2000000,0.037200000000000004
pool1wydmv34dnmz4ek9s3p9jwaslwuutfyt8wlxt0mkunjkcufznl97,,JUP,,1000000,,100000000000,,0,1,445,1000000,1,0,0,0,0.01,345000000,100000000000,0.0
pool1wyfau3rlkckr3clr4mkyxn9vdlrkup0fj7uyyflfccmms24gm3a,,TERA,,26022134707183,,300000000,,25,1402,445,26022134707183,1402,25,11309175042,454242011,0.01,340000000,300000000,0.35840000000000005
pool1wyu23ahrnql8hc0y5jx00y2evnmw05d2rxnyqlgqq4lxs93q7ue,,USA,,166681851453,,10000000,,0,7,445,166681851453,7,0,0,0,0,340000000,10000000,0.0023
pool1wz27a9pvd2jat98s375lxaaj7qxy405km4vzp83wn5vtwp59kvh,,BRADA,,11435963679756,,0,,8,2160,445,11435963679756,2160,8,3423416782,340000000,0,340000000,0,0.1575
pool1wz4euuc8r3gfya335gvpxl2nuajkvkjh3d6ylm4w83wcz7lqxc6,,FASO,,769419906800,,3000000000,,0,78,445,769419906800,78,0,0,0,0.01,345000000,3000000000,0.0106
pool1x08dl5dy0wsu6y9xp55drk4xeycgjnvutqdqm8wsqn5pwm6yx4k,,,,9915109203,,,,0,10,445,9915109203,10,0,0,0,0.5,340000000,,0.0001
pool1x0necz9ktlnah9505f3fkdncrlepz0q2gyfp4r7pjxnq53qw5kx,,MEGA,,45171195259,,10000000000,,0,6,445,45171195259,6,0,0,0,0.01,340000000,10000000000,0.0006
pool1x0pr0y3hzlju5gxera9zt8fnxgzmqa4dqhm0wwu8ympxz37dwqw,,,,343734222,,,,0,3,445,343734222,3,0,0,0,0.03,340000000,,0.0
pool1x0qm7xsyh2za3ltprxsgael544je4hg8tc3q3v5gv232z8jt4wp,,PPCX1,,44260218416475,,1000000000,,39,4053,445,44260218416475,4053,39,18070915815,340000000,0,340000000,1000000000,0.6096
pool1x0zhj6mavt2atvf4yenz6ql3m98pda8l6gmrscfhu9lvzy46y5k,,VERT,,4636192805,,2000000000,,0,6,445,4636192805,6,0,0,0,0,340000000,2000000000,0.0001
pool1x2h98z6e5xvrg5zw3v3dlu8hqdtj6lhp6r3w5ge7rvcqcx3pafq,,KTN4,,23378832086587,,50000000000,,27,57,445,23378832086587,57,27,11767101388,961007314,0.05,340000000,50000000000,0.322
pool1x3wuw3ungmrq5padffsqne82fx5uesy6dc2qmj83xyanq4rgnz0,,,,3000000,,500000000000,,0,1,445,3000000,1,0,0,0,0.03,345000000,500000000000,0.0
pool1x4vcdmm394m9d80le2sv6wc66snp9849h2964389u4uz654lzma,,SUN,,1754671713898,,1000000,,0,170,445,1754671713898,170,0,0,0,0.02,340000000,1000000,0.0242
pool1x5dfpgp987e4jhxvgczr3wv50nv2pwd873tlx3uthvcasm422q6,,QXT,,25215026312902,,50000000000,,23,1161,445,25215026312902,1161,23,10288201108,550568053,0.02,340000000,50000000000,0.34729999999999994
pool1x7j89z3n7y7g8syk06nahcrwkdphhw6dymt8r3gf8ulyksrzh5t,,ALLIN,,4070128206952,,2550000000,,4,364,445,4070128206952,364,4,1525484808,363250331,0.015,340000000,2550000000,0.056100000000000004
pool1x7pvy3wt79xu0k4u0ef0c73treazhkdw3786dgh0yfac2r3qhnk,,MARIA,,1027027610,,1000000000,,0,2,445,1027027610,2,0,0,0,0,340000000,1000000000,0.0
pool1x89ssjp53eczthatft9w74749558nsz3pq5jn056634pgt5m58s,,HOPE2,,72407027906,,100000000,,0,30,445,72407027906,30,0,0,0,0,340000000,100000000,0.001
pool1x8dy27v5w7mr4u977l8kqpeu0upd26pts3ujxpx9pgmpka9ztr6,,IAMX2,,236557293374,,20000000000,,0,27,445,236557293374,27,0,0,0,0.99,340000000,20000000000,0.0033
pool1x8z226hvsvw6l80f5qu0j6qlqustjcudna30pvk54tgqwd8lche,,EVT,,1085292956727,,34830000000,,0,7,445,1085292956727,7,0,0,0,0.03,340000000,34830000000,0.0149
pool1x96hyvvamshl5ymcpdshz4ymqjp33vvz9s8dx06xxwpzzkhgra7,,,,106115657,,0,,0,4,445,106115657,4,0,0,0,0.01,340000000,0,0.0
pool1x9ar8wy7ljw83ppe6y9p6h2yskrmf5dfa0td36ypk6vtgqzwqh7,,,,6008222335,,5754000000,,0,4,445,6008222335,4,0,0,0,0.025,340000000,5754000000,0.0001
pool1x9kerklpmyrzx22z944l9n8x9gn8s597vqy4hsllujetue8e5g8,,,,20061667,,1000000000,,0,4,445,20061667,4,0,0,0,0.0125,340000000,1000000000,0.0
pool1x9q4jf3zwftwygeeulku8xtlywmtmzwxjk2g3fz3j5mlwjqnr3p,,,,15684135115627,,,,13,37,445,15684135115627,37,13,5607304125,513896607,0.03,340000000,,0.21600000000000003
pool1x9tc05u8dqefrdyw9pgxn72szr7p2peyd7xgqs3l28s76f59c0y,,STBL5,,7900602,,0,,0,1,445,7900602,1,0,0,0,1,340000000,0,0.0
pool1xa7zku52cj6aagevv5z685jm2ljhpqsekrrcrulpmkqrknnt2kz,,,,2062083345,,100000000,,0,3,445,2062083345,3,0,0,0,0.015,340000000,100000000,0.0
pool1xamkqfkkfm4eldv88jhdcm5uzs8kd3p776e789hqv8yfzjgqh9s,,,,1434673,,0,,0,1,445,1434673,1,0,0,0,0.075,340000000,0,0.0
pool1xaudqyen24fz02vhu9qa2ry44suzfk8z3lh7sc6qx7c3gpweww2,,OCEA7,,1030293289143,,2000000000,,2,155,445,1030293289143,155,2,528024930,340000000,0,340000000,2000000000,0.014199999999999999
pool1xaxps54m30n35fegcweum3c86pr7xp2mmcvfsd007v9ps9xu8js,,,,17205967506,,0,,0,24,445,17205967506,24,0,0,0,0.025,340000000,0,0.0002
pool1xayucs2qde9rldc4tlq680ynycv2zxu9wc3mqjrgkcgqg5fp4g6,,,,1393954816678,,500000000,,1,3,445,1393954816678,3,1,,472501558,1,340000000,500000000,0.0192
pool1xc6la5z92seku86c4rdnuvxjdc3fh8pdtanlgxdy99cxjrkhzkd,,,,28343733104415,,50000000000,,33,6,445,28343733104415,6,33,12183016995,3391147118,0.2,340000000,50000000000,0.39039999999999997
pool1xcesfga2h2fh7s4es4v2nsu4npc3ayg5x93m4mvt7whn2pfswma,,,,7621654,,,,0,1,445,7621654,1,0,0,0,0.06,340000000,,0.0
pool1xcn2yddehm5ncjx0p24vkguth4rta7zv3getcztflxs3kh9rexd,,,,1093766199041,,314000000,,1,242,445,1093766199041,242,1,119095640,341325011,0.01,340000000,314000000,0.0151
pool1xcslzgl6t2pcdr0u8ef2zkjhdyxy8xmgvzp0mcdgrw4k5gtg94s,,,,43100455239,,,,0,6,445,43100455239,6,0,0,0,0,340000000,,0.0006
pool1xcy8wtzrmzdhr2sqjjm8qe0hrxr4dc23zsv9mdfegahv5t0jud9,,,,2450653,,10000000,,0,1,445,2450653,1,0,0,0,1,340000000,10000000,0.0
pool1xdcg6kg0g4y3wqf92f8uh44urz06suglhff036k5yak2g0m8zlc,,00000,,52322495901,,32000000000,,0,31,445,52322495901,31,0,0,0,0.0314,340000000,32000000000,0.0007000000000000001
pool1xdgzul0qespnz56zzrckwf4hcryyql9ypc4tya2dlu9a22h43ag,,BIKES,,387981254131,,5000000000,,0,43,445,387981254131,43,0,0,0,0.01,340000000,5000000000,0.0053
pool1xdw95vvpt0lj2gvej42dax6p9pehwgkw25q4cgvkvvdu2k29y5c,,,,6101251236310,,,,5,5,445,6101251236310,5,5,40414834,2322053812,0.98,340000000,,0.084
pool1xdwe294ntvnken52vsaar7edxpxeths4dvsm84pm4chyq70r0ny,,,,52501165878,,50000000000,,0,9,445,52501165878,9,0,0,0,0.2,340000000,50000000000,0.0007000000000000001
pool1xed948ze4guhrkt9zxjmecjvgkvgf8gd8skkzgtacz6gsyk9m5c,,,,70028926960649,,,,55,3,445,70028926960649,3,55,24365155482,1622376604,0.05,340000000,,0.9645
pool1xfj4dazvq0fszalwm30zr85ka9t65mwpq3vfrprdw35mwan3vq9,,,,1501139082,,,,0,1,445,1501139082,1,0,0,0,0.025,340000000,,0.0
pool1xftlxx9slpz59thcgtwgdj3k9e0ntn3p4qnmzs3r84dkx0hccjc,,SPS5,,30824703942196,,1000000000,,31,345,445,30824703942196,345,31,13590818419,1055378920,0.05,340000000,1000000000,0.42450000000000004
pool1xg45qcpkd2nutsr8kz8r00myly65gnvqdkejfa7r32g65zl68as,,,,1644999738,,,,0,13,445,1644999738,13,0,0,0,0.02,340000000,,0.0
pool1xgqwmz4nydmn6ng6vsen5rtehy7u3uaytsml3q2pudp3w35uaxu,,BNP,,12859401429,,2000000,,0,19,445,12859401429,19,0,0,0,0.06,340000000,2000000,0.0002
pool1xgwvxpas3r8nvg9z0f5cdcyr56whynkl9dpa0ukpq4ztjfspk9r,,,,182557432800,,10000000000,,0,151,445,182557432800,151,0,0,0,0.009,340000000,10000000000,0.0025
pool1xj5f7a79lnc9v0gjn00fkf2lyzexngka59tpcew5rrkyqveagpt,,GREEN,,943741453785,,1000000000,,0,218,445,943741453785,218,0,0,0,0.0185,340000000,1000000000,0.013000000000000001
pool1xjhzgchsl2ccvc5pj3aqytv9hh0jnaz63wtfnw4th07tjypm46x,,SECUR,,59456434420118,,100000000000,,64,2776,445,59456434420118,2776,64,29751006918,340000000,0,340000000,100000000000,0.8188
pool1xjqjwe0t7uw7wfdygvt99e5wjcuz6ex6rcx2p067aqxp6tsgwgm,,NVET,,19323960371092,,100000000,,15,8,445,19323960371092,8,15,4719958750,2364253502,0.3,340000000,100000000,0.2661
pool1xk0nt3wmlyfp0pycsd2hwyz5l6uusttp68etzgnvaf2ysc4f3hx,,PPP,,309006888475,,50000000000,,0,53,445,309006888475,53,0,0,0,0,340000000,50000000000,0.0043
pool1xk3ck79lra9c9x5c684lylvg8vlexmh0eh7w90t6s0zvw6k5vn7,,,,6470103,,0,,0,3,445,6470103,3,0,0,0,0.075,340000000,0,0.0
pool1xkrqy49edygfumvw9jxna55c373cmckzqq92m57ng82ycpykcmz,,,,102616550,,7000000000,,0,1,445,102616550,1,0,0,0,0.05,345000000,7000000000,0.0
pool1xkwnlr34tjrnkz6u4c0p36cju3xuls4dyynsdkf6cv22ksuhz6q,,,,546890394,,,,0,1,445,546890394,1,0,0,0,1,340000000,,0.0
pool1xlfty06hg6q23qvcaxwv3p9ke7ff9n34qpr8tpxt2zflyq20ceh,,SAKE,,25637109541963,,25000000000,,25,334,445,25637109541963,334,25,11337353365,443253082,0.009,340000000,25000000000,0.3531
pool1xlgmew766a2ndakrn4sn63t00sf5z99w4ncd7k75r5thxqyln92,,,,7395261117,,100000000,,0,6,445,7395261117,6,0,0,0,0.015,345000000,100000000,0.0001
pool1xlphlhnjvfeh40vcqf9fdewztsj6kyxq6604kaccpv00umjfu0d,,FISH,,34568456398706,,500000000000,,33,6187,445,34568456398706,6187,33,14259932013,1104110718,0.05,340000000,500000000000,0.47609999999999997
pool1xlst0jw9safmz3c8m56zvl4m65y306dcp48hdks8ursmsz2awm2,,,,58906958381461,,,,51,4,445,58906958381461,4,51,22569653266,1527876488,0.05,340000000,,0.8112999999999999
pool1xm4nalvh3yd7pzczlr84w4jlzymwqrnshlpv80u8s6zex997kc6,,,,11700000,,100000000,,0,1,445,11700000,1,0,0,0,0.04,340000000,100000000,0.0
pool1xmftxwzqqkug8uzl2n2yvxhm6k0tx4rjtel92wjgvrlfk0uqy8c,,,,14366830909,,110800000000,,0,12,445,14366830909,12,0,0,0,0.1,340000000,110800000000,0.0002
pool1xmn8ag7jctcpdqk9jtrzk9s7qgs4f3cehkxhtelgpag6c7fjxdm,,,,10460105660,,100000000000,,0,60,445,10460105660,60,0,0,0,0.01,340000000,100000000000,0.0001
pool1xmsdhync6k6grkkj7tuycskjpseykpr24luhlazl5nsngsy87gm,,EVE3,,45489040777809,,1000000000,,44,26042,445,45489040777809,26042,44,19467078829,1211374505,0.04,400000000,1000000000,0.6265
pool1xn4kqt45xh3udf87kmtkdfz8xh9qn6trlqsf39eusk23ufmxhgr,,,,47848965827432,,5000000,,47,1396,445,47848965827432,1396,47,19209808839,786195010,0.02,340000000,5000000,0.659
pool1xn63858ej0gcs4tkjm2e3a2fgjrecfxtvzq3465ypl8ywkx7gcv,,,,4284716201583,,0,,6,2096,445,4284716201583,2096,6,2137189611,464736695,0.05,340000000,0,0.059000000000000004
pool1xn6rwtc6m7hnf66006uk3r0yp3yt5cq7u95esu3xg4mk52cva8w,,LIVE,,500624074,,500000000,,0,1,445,500624074,1,0,0,0,0.03,340000000,500000000,0.0
pool1xnaxushl47aeha3mr3uwnxcfkvzj0um6c4zxdr064d3y68z646c,,ALPEN,,108384858920,,0,,0,2,445,108384858920,2,0,0,0,0.04,340000000,0,0.0015
pool1xnd57s77mw76wv2xhe0uatrm82qtdugq623rxszygys428a6aqp,,,,148666645805,,50000000000,,0,11,445,148666645805,11,0,0,0,0.0075,340000000,50000000000,0.002
pool1xnfhm27l9sts2mq85qp2dp0yhw5xw0nt7vxxaa4a89zngykvxu4,,,,683021462,,,,0,2,445,683021462,2,0,0,0,0.01,340000000,,0.0
pool1xpfe5q3v3axrjdc8h38taaa93frq3m9pfewxk46x4r6jgy2yj5n,,MAPLE,,1579036646,,100000000,,0,1,445,1579036646,1,0,0,0,0.03,340000000,100000000,0.0
pool1xply0kq63yvhwl6v090yuf4mxwrq37rse75w69ddw4k7sxwnxd8,,,,1100944290,,100000000,,0,4,445,1100944290,4,0,0,0,0.99,345000000,100000000,0.0
pool1xppj5zu9kmuqk05u6dtd3dmtj7fl25cvjyzsc95gmfyjywaslnp,,MS3,,36367476077944,,100000000000,,20,678,445,36367476077944,678,20,8860174123,567847719,0.025,340000000,100000000000,0.5009
pool1xpptvfwpqau6qg7j8e4qatkzeartxm7ezux95evgv4zm6xxd3px,,,,2007228,,25000000000,,0,1,445,2007228,1,0,0,0,0.05,340000000,25000000000,0.0
pool1xqhn3wdee79vupy9nzpt0r5gtnkp3m5gsvh8yeezfs4js9c2050,,KYOKU,,275250566146,,0,,0,44,445,275250566146,44,0,0,0,0.02,340000000,0,0.0038
pool1xrrrr8gldqz8pjxj6j8c638a9py04xuv66kfgn2dlsx9g52te0t,,JP3,,22555805095901,,50000000000,,24,97,445,22555805095901,97,24,10314277122,884694580,0.05,340000000,50000000000,0.3106
pool1xru6f3fflzwkptgm68pncrsncg9ngllv0jk8jnz40m7wusfhazk,,,,63280447264208,,0,,52,2062,445,63280447264208,2062,52,23696881916,583216065,0.01,340000000,0,0.8715
pool1xs34q2z06a46nk7hl48d27dj5gzc6hh9trugw2ehs9ajsevqffx,,SNAKE,,4062496635137,,5000000000,,1,268,445,4062496635137,268,1,131338286,340000000,0,340000000,5000000000,0.0559
pool1xt0gxs63r5vgjsrzhm7jfuhuqzga9pf8kqvp38qmdzn3wjxudvr,,,,2228964,,1,,0,1,445,2228964,1,0,0,0,0.015,345000000,1,0.0
pool1xt0z35f0ms6xt5r8swhtd2xcymqxvk42m8fk5q8fnw8hjhr6yax,,,,97510309,,50000000,,0,2,445,97510309,2,0,0,0,0.01,340000000,50000000,0.0
pool1xt7mjrtnsew3v33lu8sf93upf20sxhmcrfnpm82ra46yxk7uy45,,ETO3,,64999896763262,,0,,62,1,445,64999896763262,1,62,,29295036172,1,340000000,0,0.8952
pool1xtrwqwu6jn896szjwsyxxjczl6hc9sq4lh5ax68f7dt3gc0y9rx,,NERD2,,5253519234790,,2500000000,,6,1266,445,5253519234790,1266,6,2386625760,439502676,0.04,340000000,2500000000,0.0724
pool1xucruwwxsym3u9v0m4ex3az5d4vpz9xu877vsl9udpt0q237e9m,,,,55693396738530,,,,44,3,445,55693396738530,3,44,19427524384,1362501283,0.05,340000000,,0.767
pool1xvaagsvl9prlr20hvg2qv434yss5c88r2ml6n43wcpepxmw85lj,,,,568581385843,,,,0,60,445,568581385843,60,0,0,0,0,340000000,,0.0078000000000000005
pool1xvfzclnwf0jyc9ekqmamshha9dmw8mpzd9ykgxjjpxnuwdv6mzk,,,,316392856373,,,,0,45,445,316392856373,45,0,0,0,0.015,340000000,,0.0044
pool1xvxftqa2vdtq5lhgckdk5l9grpm4mhw5drj0h3gnjlqzkd2kqty,,,,1467383240,,,,0,2,445,1467383240,2,0,0,0,0,340000000,,0.0
pool1xwqye6mlftwjg706acz5fjqz7gmf4qdye99zsjl03a4ru68ghee,,ANET,,2724732279131,,100000000000,,1,27,445,2724732279131,27,1,97382617,342669555,0.02,340000000,100000000000,0.0375
pool1xwy9ulstsdfwuh0q0jc76hjalvmh2mfal004ep6ka38k5z4zmh3,,ZBP,,8490580319,,5000000000,,0,3,445,8490580319,3,0,0,0,0.02,345000000,5000000000,0.0001
pool1xx3wxlhxu2l8qcvdvealhsry8r0ge966lmpp45ztkte77lx3qq0,,,,903951793,,1000000000,,0,4,445,903951793,4,0,0,0,0,340000000,1000000000,0.0
pool1xxhs2zw5xa4g54d5p62j46nlqzwp8jklqvuv2agjlapwjx9qkg9,,SWIM,,23253067252565,,0,,15,3313,445,23253067252565,3313,15,6536030490,441390718,0.015,340000000,0,0.32020000000000004
pool1xxjcu9djguspkrctjgszvzcagy7pzy8vxqfaqtl5xy9824fz2qg,,BAND,,1007620730,,1000000000,,0,1,445,1007620730,1,0,0,0,0.03,340000000,1000000000,0.0
pool1xxvcz8dem4xufzn74v2y7fs709mfw3tpq963thzg5en5jrkv67a,,DUBAI,,1837019255352,,100000000000,,2,123,445,1837019255352,123,2,554649498,358156353,0.03,340000000,100000000000,0.0253
pool1xytvsd9qnvqxpthh9p8k85e823trvn3npxeur8kr9zhkqz5uls9,,ADV,,70165022219019,,250000000000,,67,4662,445,70165022219019,4662,67,31149300409,340000000,0,340000000,250000000000,0.9662999999999999
pool1xyx655q6ch4d99fuewwtkdwjx5tvfr0rzqvmwehm2cpzj7e2wgl,,PARIS,,1609624954106,,1000000000000,,0,66,445,1609624954106,66,0,0,0,0,340000000,1000000000000,0.0222
pool1xzfrmeux886ckdm2ekk3t3xe2ch5666m7zxa6dt0zrfm5mq2ksm,,,,580834733936,,,,1,31,445,580834733936,31,1,130937973,341311775,0.0099,340000000,,0.008
pool1xzpjn9f5nk52lnfzskuxey3r3h5fh8z78389qsd6vwyfcqum796,,SLAV,,101376006,,100000000,,0,1,445,101376006,1,0,0,0,0,340000000,100000000,0.0
pool1xzsckz6hd64pnle2c88e3gccccyfs7w6eauxuffpcc5sx2mtekx,,,,11545073035,,,,0,3,445,11545073035,3,0,0,0,0.03,340000000,,0.0002
pool1xzu4pva0k4y6geukd9uvvl3t3s8q8alzwahf575y5fj6cnkd5y2,,,,2832067527032,,,,3,5,445,2832067527032,5,3,1072153584,340000000,0,340000000,,0.039
pool1y046n8u3uz552nmhz9wx7jv2gn9lytyvwlntetkyavvq52nzqzs,,PRIME,,36313357,,250000000000,,0,1,445,36313357,1,0,0,0,0.005,340000000,250000000000,0.0
pool1y0lq6rjckxxly36gf3wdsxzjzg97mq9c90una3vfq8pu77g7zkf,,MESH,,335838228876,,22629391454,,0,286,445,335838228876,286,0,0,0,0,340000000,22629391454,0.0046
pool1y0mz6yevqk34gk4tml37a62h69tg59sfz6vslzv4sf5fvsjhvpw,,,,134070367111,,50000000000,,0,13,445,134070367111,13,0,0,0,0.02,345000000,50000000000,0.0018
pool1y0s5vwg2rdvfnynyhhgh08hdrd74p6rfhwxzvrxvfnrvjuddyf2,,,,205738019338,,0,,0,4,445,205738019338,4,0,0,0,0,340000000,0,0.0028000000000000004
pool1y2433yepkpw5xwps004zlz23xuja9xp2ckplak5lp72qss37333,,,,127596977,,,,0,4,445,127596977,4,0,0,0,0.01,340000000,,0.0
pool1y24nj4qdkg35nvvnfawukauggsxrxuy74876cplmxsee29w5axc,,ADACT,,15734342696219,,130000000000,,9,106,445,15734342696219,106,9,3727029292,496537877,0.04,340000000,130000000000,0.2167
pool1y44fkeps7ftnnf495a7grfrwtt7hxcntaenyzu4x4vah5cud0mt,,,,27064168510,,340000000,,0,34,445,27064168510,34,0,0,0,0.02,340000000,340000000,0.0004
pool1y49e700dnx8lpvznmysgzw203mjq6l7um85ka4ys6x0zcwgs77w,,NAP2,,7904536263860,,20000000000,,5,41,445,7904536263860,41,5,1933987624,400661627,0.03,340000000,20000000000,0.10890000000000001
pool1y4pfzfnf7386tk55pdkpufuawjhscq2j67t680fdg7fd2rzmpva,,KICKS,,78532233770,,10000000000,,0,127,445,78532233770,127,0,0,0,0.02,340000000,10000000000,0.0011
pool1y53awxsm6cmksp8qht8qfq5f5c69t6mrgrdcresk5y0ecv2yj93,,RAMEN,,12831792453103,,175369000000,,7,1223,445,12831792453103,1223,7,2858411238,399365770,0.02,340000000,175369000000,0.17670000000000002
pool1y7wn47wcnqnp5xvxp67qtmkhjyzfzhc94k0kjc94xrp6y0wyaxe,,BNP,,92696656544,,2000000,,0,40,445,92696656544,40,0,0,0,0.06,345000000,2000000,0.0013
pool1y89sy2e927hvvt66wnukx5xnnrarzxrt55eypttaw3n06u0uam4,,,,16595998794723,,,,10,111,445,16595998794723,111,10,4324149900,383813303,0.01,340000000,,0.2286
pool1y8g5sk4maqzpg6k04t0e8x296xtumuph7k4ya8rsfqh9xhc5a7h,,APULR,,720825229,,100000000,,0,2,445,720825229,2,0,0,0,0.05,345000000,100000000,0.0
pool1y9rdlv5tksudwrx47afjx47grd4tyh24zccffjtp32u0cfpegvk,,SPP,,22368516346032,,100000000,,22,7,445,22368516346032,7,22,9359645331,842964631,0.05,340000000,100000000,0.3081
pool1yaapy9ew5cs3qvv69zxxwq8pn3jk8cylt9k7s4ejvv2tsu4czh2,,MAP,,1630159079748,,100000000,,2,15,445,1630159079748,15,2,595204842,346050015,0.01,340000000,100000000,0.0225
pool1yafxktvszg85t5m20l8q8sufgcae6cxlk8cx96wrt8cdva7aknf,,,,68229011869455,,,,61,1,445,68229011869455,1,61,,36322282816,1,340000000,,0.9397
pool1yam2wu7nw384zjtset09u4ef75uy840mjru39nuhm0xaqj8lw78,,,,42495978328,,10000000000,,0,6,445,42495978328,6,0,0,0,0.039,340000000,10000000000,0.0006
pool1yc6f3cqsc7jfh07hcns64v5cp8720mve870pgxf2wkr3u8l7tse,,HYPER,,40538420801459,,300000000000,,50,3440,445,40538420801459,3440,50,22890097645,340000000,0,340000000,300000000000,0.5583
pool1yd67ecxptd70flavhu9m4x9pj460fpy3pttlcfs5wvjlwzs79vw,,APRIM,,1362040521,,490000000,,0,2,445,1362040521,2,0,0,0,0.02,400000000,490000000,0.0
pool1yd67lvc04eztwrpnefqh3g4dsydmezwgrg6ce4km728v6sg8zwf,,,,17859250889012,,,,22,172,445,17859250889012,172,22,9918990357,440571548,0.01,340000000,,0.24600000000000002
pool1ydcx8pf36rttvgyak63kqpgkqgrwp94k6a723zsxer0sja9t3d8,,,,2491888820,,,,0,1,445,2491888820,1,0,0,0,0.01,340000000,,0.0
pool1ydf0337sh8ct7ke59sf46ke9eygyj80wc9zqhkwjw7v6vmlxp59,,BNP,,23420165,,2000000,,0,2,445,23420165,2,0,0,0,0.06,345000000,2000000,0.0
pool1ydgmfmxpuateqwz028lpgypsdchs5m0tzes732qdragdg4jp0uf,,1FOC,,39983004,,26000000,,0,3,445,39983004,3,0,0,0,0.002,340000000,26000000,0.0
pool1ydmetputlff49n9ry5qjupemx3xwxdapm46je574afxdcy0907y,,MS2,,133357992781,,100000000000,,0,52,445,133357992781,52,0,0,0,0.085,340000000,100000000000,0.0018
pool1ydz2znwyh3409v55r3psgc70w2ykvqjkkagx3f5ep96vgp0vlmr,,,,17853779131,,10000000000,,0,3,445,17853779131,3,0,0,0,0.01,340000000,10000000000,0.0002
pool1ye4zrxf0w7d7drq5wmat36dlzq270dxy9rhgcwufnaja644vwr9,,NUFIH,,30289701433765,,1000000000,,23,8,445,30289701433765,8,23,10211391778,655826749,0.03,340000000,1000000000,0.4172
pool1ye53d6kl460egekdnunjl4tx5zhs5puze8nqkfxyjuae7364w74,,,,135569726399,,0,,0,4,445,135569726399,4,0,0,0,0.06,345000000,0,0.0019
pool1yechqtexl9r7esg5scwynqalmjrpd5l69wkwrrw54y0x26eljpq,,,,409187198373,,100000000,,0,10,445,409187198373,10,0,0,0,0.03,340000000,100000000,0.005600000000000001
pool1yemdr25t4g3ev038yn433dt58d8p52nee7kmcykjlhye6hshu9m,,,,52328996399,,,,0,3,445,52328996399,3,0,0,0,0.015,340000000,,0.0007000000000000001
pool1yenqraf3znn07qmvtd8wg23fymsr0vsme7ry2475r48vk6ss0z2,,STAKE,,15730334277,,5000000000,,0,15,445,15730334277,15,0,0,0,0,340000000,5000000000,0.0002
pool1yet04d4ykpp7me8uc2jx2glxrx88kt9uhmv6jeh7xkmtu5zucna,,AUTO,,1834859362443,,100000000,,0,229,445,1834859362443,229,0,0,0,0,340000000,100000000,0.0253
pool1yfacynd0va3rw27tjldfz05f6hfjhfv36wwdhn3dy2hfqq00w8y,,,,236495203901,,50000000000,,0,21,445,236495203901,21,0,0,0,0.01,340000000,50000000000,0.0033
pool1yff3j4xqhmunrccjsdh0u9qxrws7xdqhagjx5lqktklwj67u5s3,,CDNC,,126280180887,,25000000000,,0,31,445,126280180887,31,0,0,0,0.02,340000000,25000000000,0.0017000000000000001
pool1yfxhjwwlzr5da82h77jy83nkuryh970ey6zypd89fy6qyuxfppe,,,,9825875,,1000000000000,,0,1,445,9825875,1,0,0,0,0.025,340000000,1000000000000,0.0
pool1ygrwdlhn46gehyay2duxp8ynh57drxg0lgf9huymxlpvukdv0k6,,NAKED,,2625614,,0,,0,1,445,2625614,1,0,0,0,0.02,340000000,0,0.0
pool1ygsyw93csvam58nf63gttknj9dvj3zxh54h4eh0kals7kdf0nx6,,ELDEN,,1101448480575,,1000000000,,0,39,445,1101448480575,39,0,0,0,0,340000000,1000000000,0.0152
pool1yjlmvfck6a2mhup4ljel06r635e9lhs0qsrzu6f2luepvsd42lv,,PFL01,,897085757106,,100000000000,,0,7,445,897085757106,7,0,0,0,0,340000000,100000000000,0.0124
pool1yjz9nhtlvnl9rx46t2kfufwxd338m0kw0jxaj86pqfthse837z8,,,,5009060140,,5000000000,,0,1,445,5009060140,1,0,0,0,0.01,340000000,5000000000,0.0001
pool1yl46tklt9df02cf653fv74x2klucj3fc6mhm05n3enpk7lgxfjv,,,,70518093352235,,,,55,1090,445,70518093352235,1090,55,255768050,25731057645,0.99,340000000,,0.9712000000000001
pool1yl76e0fhq0kcfy2jqs2mt6hl9xeyrnesehqp0p4s896lwv7hrta,,1PCT9,,9458488198431,,50000000000,,10,159,445,9458488198431,159,10,4314401377,383841647,0.01,340000000,50000000000,0.1303
pool1yl9plldxt500xfkfu6n3wggvnzcs5rshjyxq4dkea6m0kt7qg9v,,,,2497,,,,0,1,445,2497,1,0,0,0,0.025,340000000,,0.0
pool1ylcl727memzjqypjaxg0jl0l40l3gy3vmtt0llwpjufwwdmptks,,,,199600000,,,,0,1,445,199600000,1,0,0,0,0.03,340000000,,0.0
pool1ylhh4u260wz52zpct0ce8txh8alm0zmjaf4fn69yz09xs68y70v,,,,1434673,,0,,0,1,445,1434673,1,0,0,0,0.075,340000000,0,0.0
pool1ylkps8vax4nzxe507a0mx2svu3p8w2mkvdhyjqu7rl78q9rehh9,,,,464851879,,100000000,,0,3,445,464851879,3,0,0,0,0,340000000,100000000,0.0
pool1ymfwzsxt35g3gdgp67yr688456km59twr78j05e87y94w04tj9m,,,,668597196411,,87000000000,,1,70,445,668597196411,70,1,108682545,342652969,0.02,340000000,87000000000,0.0092
pool1ynxx88cq0y8vg8yrq3jrw6epm7rq9a8859v34sq9lzjy7ztg90u,,EVE,,60957871905111,,1000000000,,46,26527,445,60957871905111,26527,46,20429168700,1251360885,0.04,400000000,1000000000,0.8395
pool1yp85j5tmfwwlj8hmsxcrp2dnxuu0fu858qvl6tpeedpckt9zvkj,,BNP,,2138724602,,2000000,,0,4,445,2138724602,4,0,0,0,0.06,345000000,2000000,0.0
pool1yqd4ln05uj7qd0fs657yufwa29an8lu49farezn0x6a9xph9h49,,,,1000000,,3000000000,,0,1,445,1000000,1,0,0,0,0.05,340000000,3000000000,0.0
pool1yqzyhuvspkzpjsnlm4rervl76y0wgc3mvuyc2x45r3j4scmufmv,,,,4512940248956,,300000000,,1,11,445,4512940248956,11,1,132207,472368664,0.999,340000000,300000000,0.0622
pool1yr0cv3dtmhcfgqa6yetvmf769ngk89e6tepecmjrmjl2jzcw2lm,,EASY1,,9173502954431,,200000000000,,8,855,445,9173502954431,855,8,3350545902,374413710,0.01,340000000,200000000000,0.1263
pool1yrqqa03ea5fdh5hnap99k4actjtj6ypeeauuwrvf8d3zw9ywvye,,,,284305712033,,100000000000,,0,24,445,284305712033,24,0,0,0,0,340000000,100000000000,0.0039000000000000003
pool1yrycp4fjyd0al60xw826jdju35zazqmfny53r07efucuvlvnej7,,,,13118010042,,10000000000,,0,7,445,13118010042,7,0,0,0,0.01,340000000,10000000000,0.0002
pool1ys6fndfj9r6e2waeqmy27raejcqzm4u8ztjrp2naz95kgwyv9qu,,BNP,,156992533011,,2000000,,0,11,445,156992533011,11,0,0,0,0.06,340000000,2000000,0.0022
pool1ysf2cvvju686v9uu5w5yel9ssznsqln633y43hyu93xhyghspxs,,KODL0,,105667598,,100000000,,0,1,445,105667598,1,0,0,0,0,340000000,100000000,0.0
pool1ysnxzyr2ck49pxafgq52tt8wzdhpcsqw3jxdftf7u2whgtmry3k,,MPN,,98264824,,100000000,,0,2,445,98264824,2,0,0,0,0.15,345000000,100000000,0.0
pool1yt868wrp9s2x5pehe96del9m3nwasme62yw02vww3kg6zwzspcz,,XRAY3,,38093668456715,,100000000,,47,3931,445,38093668456715,3931,47,21848209654,340000000,0,340000000,100000000,0.5246
pool1ytfsdx0zjdum8qwrk6urv6u6gxvlnd3r93j8p8ckj57wz3aaudu,,CATS1,,8055214168,,100000000,,0,4,445,8055214168,4,0,0,0,0,342000000,100000000,0.0001
pool1ytszp582dm9u5un6mevt9czgcnuqhflwfr9ly4ukpeqcughryqh,,,,4254585001764,,800000000000,,4,77,445,4254585001764,77,4,1231282712,371102827,0.02,340000000,800000000000,0.058600000000000006
pool1ytyw34lckr8k9dhn59h287wqry5lk6waqtfhxe6v94v4gsaa7vx,,CZBE1,,173334955262,,10000000000,,0,10,445,173334955262,10,0,0,0,0.01,340000000,10000000000,0.0024
pool1yucv57dxpvan72dhpx7nnssavm9jeql9gswy08m4t59r6cshny6,,AMDLO,,20391169894,,1000000000,,0,7,445,20391169894,7,0,0,0,0,340000000,1000000000,0.0003
pool1yuq5ck8d6fssa3ju004wn9nap3ll06hd60a6tau4ptj8sqhtgsn,,,,307233280577,,,,1,32,445,307233280577,32,1,121419020,340000000,0,340000000,,0.0042
pool1yv4s4v3rjgzfwj4zxm8sy24e2vq6zaexp8eudyrk9rx7yhwaxke,,,,12021113428,,10000000000,,0,7,445,12021113428,7,0,0,0,0.025,340000000,10000000000,0.0002
pool1yv8lps0rx4xxppwpm0vea852wwu6lg78xh3qfss7dmftq2gqy3r,,MADA,,544222702,,100000000,,0,2,445,544222702,2,0,0,0,0.0055,340000000,100000000,0.0
pool1yvf4nxph69ztm0tgj73ummxq45kfjhecyad26e3xc2002xgzalg,,CCV4,,32751979391399,,500000000,,35,3274,445,32751979391399,3274,35,15645009374,824651146,0.03,340000000,500000000,0.4511
pool1yvwry5gmqta5tug7gjmfr33c2whdjf88tfykqckaxsdcgcd482q,,ZENA,,25341303603,,1000000000,,0,7,445,25341303603,7,0,0,0,0.025,340000000,1000000000,0.0003
pool1yw05sn4p9972p6lsdw9g4twvwxdf72rqtfuvwn0wp736vh4azfn,,,,104596453,,,,0,2,445,104596453,2,0,0,0,0.025,350000000,,0.0
pool1yw8qh0jnnl6eumgzt77fulfhgmyzda39zcndgvyc27ffu6jeh5w,,,,4613646,,3000000,,0,1,445,4613646,1,0,0,0,0.01,340000000,3000000,0.0
pool1ywpt43nttzjd7883wafg255mh0hmjypwe65ercw6p2sxg5lt7ez,,EVE4,,46015832033053,,1000000000,,38,32141,445,46015832033053,32141,38,16764923613,1098742614,0.04,400000000,1000000000,0.6336999999999999
pool1ywt7jqfsmxg0yplku4mtdwtm476rp72z6fns9mhevf7u72pkupj,,UNIQ,,1259257691440,,1000000000000,,1,17,445,1259257691440,17,1,16712059,343987876,0.03,340000000,1000000000000,0.0173
pool1ywwtv7clgpjs88ysgpcntc6gemlrsy4037eulquswmtlv55cuzx,,,,1449083732990,,,,1,741,445,1449083732990,741,1,131263013,340000000,0,340000000,,0.02
pool1yxkhe2zp9rccyc3a79lxev5u585r3z0qqyl3qpx0t04hxhmlqgp,,BNP,,71872615302,,2000000,,0,21,445,71872615302,21,0,0,0,0.06,340000000,2000000,0.001
pool1yy7vaszhqx7h02rp8ey0p84yy5zv2r2awzddzceeaurrs8klzxt,,,,514499665557,,,,0,22,445,514499665557,22,0,0,0,0,340000000,,0.0070999999999999995
pool1yydna77k2j8yq4fw08d202z664g3fvavfvqjg5g4lxmwzsa9k9u,,,,13127,,100000000000,,0,1,445,13127,1,0,0,0,0.02,340000000,100000000000,0.0
pool1yyv7vx5zhhsd60jp4tl72vpznwvpvjp35m4z7jr42ugkxmndyv5,,,,1785257013945,,5000000000,,4,211,445,1785257013945,211,4,1409893979,371016459,0.02,340000000,5000000000,0.0246
pool1yz3fnqnsqhqpkc2tjqn4dkws8nnr8a5kcs50g780nh0wk8tgnp2,,ADAES,,177558375003,,100000000,,0,89,445,177558375003,89,0,0,0,0.005,340000000,100000000,0.0024
pool1yz7qjjrjkstydzjqsa50s4y296h5djt5zpfz05wkrvrs7w8z80d,,,,2464877329,,100000000,,0,8,445,2464877329,8,0,0,0,0.015,340000000,100000000,0.0
pool1yzd344e32exxzjnjet4l466zcfnte5rnzveywvztxdxug2yu7m4,,FAT,,66704769826,,41000000000,,0,2,445,66704769826,2,0,0,0,0.02,340000000,41000000000,0.0009
pool1yztpevpmfyyz2eu4dklmgfx8g0q0vme7ppdsnawcpnwxs3vfxy7,,,,44454085,,2000000,,0,1,445,44454085,1,0,0,0,0.06,340000000,2000000,0.0
pool1yzu4lp7f8ua7negffj8mmwfylx4ckhsu00a4gtf630rlcwnl7gd,,,,84772685957,,50000000000,,0,10,445,84772685957,10,0,0,0,0.2,340000000,50000000000,0.0012
pool1z033qtxzsn7c9az4fzz8z0ewnynzcuq2dy54v6tfyqz5vfjkmv0,,TILIA,,1313172885,,100000000,,0,2,445,1313172885,2,0,0,0,0.02,340000000,100000000,0.0
pool1z075ym5pdu9cmeqzassp97z36ctkvuvg7pcxjzluyv5zqgau4xg,,,,32442452217,,5000000000,,0,6,445,32442452217,6,0,0,0,0.012,340000000,5000000000,0.0004
pool1z0f60shmc83ppn5h4sdrjuauf0yaq0ma8yr9gkse0qhh56q49af,,WAV10,,60056116823044,,10000000,,50,2,445,60056116823044,2,50,,23625038928,1,340000000,10000000,0.8271
pool1z26udkezqtry8xtca2u9f807ptf0llcv70rnr3j2357gqgrs79f,,TIG,,37884088,,48400000000,,0,3,445,37884088,3,0,0,0,0.01,340000000,48400000000,0.0
pool1z2m3n779dyqjat2m8a5vl94nrl43xm2tlk8dtey6txggx0a6fyp,,,,1155282998591,,,,2,899,445,1155282998591,899,2,592185127,346050007,0.01,340000000,,0.0159
pool1z39sker5renxhep9m7z8aae2yh56940gwykptfcf053473mwy8t,,KYOTO,,492732240987,,50000000000,,0,47,445,492732240987,47,0,0,0,0.01,340000000,50000000000,0.0068000000000000005
pool1z44fjvz77atzgwcwmwtls7skggnczlx8e30pugqn6ugajjrzgc3,,,,27624822,,1000000,,0,1,445,27624822,1,0,0,0,0.05,340000000,1000000,0.0
pool1z46azf72z9yjlq6rpngwn5syg5xup8jcwguu2t259ngl5cnv2ds,,,,32387970336616,,,,26,4,445,32387970336616,4,26,11212468589,1061400916,0.06,345000000,,0.4461
pool1z4d4s883ul7h6vsrmg9s3t64df2vcx02h8tqtm8sq5yqw62pu44,,SEOUL,,1338969238,,580000000,,0,4,445,1338969238,4,0,0,0,0,340000000,580000000,0.0
pool1z59y9zk6kvyzl9fv7evxpnry8sk6ymxuee0lc6kw2rkvzh6f077,,TPM,,2623282,,100000000000,,0,1,445,2623282,1,0,0,0,0.045,340000000,100000000000,0.0
pool1z5h4jhmhqrd2ndrhn3w7kr8nvcqwunds53hrs6vpzr882x4n3la,,SDA,,102228700,,100000000,,0,1,445,102228700,1,0,0,0,0.035,345000000,100000000,0.0
pool1z5rt6kn6yvuczj44qla73mfyln9l55lw0jkz6x4kjw00u32zec3,,,,37846813437383,,,,31,1721,445,37846813437383,1721,31,12875632855,1770638466,0.1,340000000,,0.5212
pool1z5uqdk7dzdxaae5633fqfcu2eqzy3a3rgtuvy087fdld7yws0xt,,OCTAS,,64137594911183,,50000000000,,57,4572,445,64137594911183,4572,57,26099884139,579109604,0.009,340000000,50000000000,0.8833
pool1z724xxqgzf9a30eejsa4edznmv8hgy27ssxqfcpqz42sc6lfqwu,,YYC,,612055666591,,10000000000,,1,18,445,612055666591,18,1,126237014,342650395,0.02,340000000,10000000000,0.0084
pool1z7n2ruhmxmv77f6cqhd3wsy6774h2wuay77agxuf2y9mj8q55vw,,1PCT2,,65335086584503,,50000000000,,56,1000,445,65335086584503,1000,56,25839398498,601246360,0.01,340000000,50000000000,0.8998
pool1z7zyzwm9epnjrkrp0xrczgvmwedj0trd3e78dz8m7gnkck8lwj4,,OPAL,,616292627082,,504000000000,,0,6,445,616292627082,6,0,0,0,0,500000000,504000000000,0.0085
pool1z8rxpwrukslywg9s2wy4kvfhknqg7dnah5pszf7fcm0fu2valeh,,BNP,,512003973,,2000000,,0,5,445,512003973,5,0,0,0,0.06,345000000,2000000,0.0
pool1zc5l0d0j9d0969z7ssphjdq7rfexhnhrfdp2e88sv05ujlaxfk3,,WWW,,239591453489,,1000000,,1,3,445,239591453489,3,1,,472500582,0.999999999999999,340000000,1000000,0.0033
pool1zc7vxe3ymyej76h8wu8gm79chtt7w9c3adkza4uhrjvagr9w4zp,,KRSNA,,13549278313354,,5000000000,,7,854,445,13549278313354,854,7,2880347058,414131495,0.025,340000000,5000000000,0.1866
pool1zcdptx4spapxquc0rpeu33ucc3x08g9wxsmm0qchqg0dgxrh6g7,,,,516425793,,100000000,,0,1,445,516425793,1,0,0,0,0.01,340000000,100000000,0.0
pool1zcdwn5z04gw7m0n7qzwx9gqn8a9l3wfcvejc3wrdxfuhc88usua,,MASAI,,1032212606,,1000000000,,0,3,445,1032212606,3,0,0,0,0.035,340000000,1000000000,0.0
pool1zd5jmdvhgcqja28at800tle5qltucce5979x3jgdv0g9qcmw268,,,,217612196,,100000000,,0,2,445,217612196,2,0,0,0,0.01,340000000,100000000,0.0
pool1zd728035u3406eff69h9a8gj8tg927qe62xwvg4leghwvs5hhmv,,AZSUN,,202625746,,100000000,,0,1,445,202625746,1,0,0,0,0,345000000,100000000,0.0
pool1zdl39pvapcaj5um8nyduaq2vmn64dqwz4qlhnzurnca8zetk74s,,,,10003616902,,,,0,1,445,10003616902,1,0,0,0,0.01,340000000,,0.0001
pool1zdtqtsu3l3ytatzyvrq48d4mpnll9c5evwfq6taxkmn9vvdz839,,RANKT,,21782024868411,,10000000000,,15,93,445,21782024868411,93,15,6644165245,393613487,0.008,340000000,10000000000,0.3
pool1ze57pe06f82s3v8ugjqxrny56sj63vs26sm5q879ahkkq69zn0c,,,,7070749294,,10000000000,,0,10,445,7070749294,10,0,0,0,0,340000000,10000000000,0.0001
pool1zevtw8lsd6xh45v2mfw3ay5rqtgyt5dm77daglqwjnpgjgc0ynp,,,,998257168,,400000000,,0,2,445,998257168,2,0,0,0,0,340000000,400000000,0.0
pool1zeya2r53sxmqh2ux3ssfsrqerergnw2hjxmp63r83ntwverpqwm,,NICE,,6042853512101,,100000000,,6,28,445,6042853512101,28,6,2465011651,364951204,0.01,340000000,100000000,0.0832
pool1zf7aswkv5ll0ej9fcg45jf6cqt2ee7tn3l2wq6zyx05t7a5srus,,,,500000000,,,,0,1,445,500000000,1,0,0,0,0.1,340000000,,0.0
pool1zfhww5y28t303z6uyq3w47pkhfmxww9dsn89vrxteplg2zjkekl,,CARE4,,1287806321834,,150000000000,,1,188,445,1287806321834,188,1,105074639,343985819,0.03,340000000,150000000000,0.0177
pool1zga7fc8swn5l4rha04ddq07m2rc8rh9vxqmc56j4k2l2xy4lw22,,SHUA,,1035015001578,,1000000000,,0,289,445,1035015001578,289,0,0,0,0.019,345000000,1000000000,0.0143
pool1zgxvcqf0dvh0ze56ev2ayjvuex3zdd3hgxzdrcezkx497mv3l7s,,RSTK,,50157916735502,,1000000000,,50,28234,445,50157916735502,28234,50,22147610744,1323135951,0.04,400000000,1000000000,0.6908
pool1zgzyp6nt5084e8renptskpyaksd79uvl4hrfvnszpxyfzdt86k8,,CBOSP,,20091439532,,4000000000,,0,14,445,20091439532,14,0,0,0,0.01,340000000,4000000000,0.0003
pool1zj4h7kc6v53q9r8x3fwzfuayf2frwme8u5k86gu0uzeeuvqxgul,,CHEEK,,7772000533447,,10000000000,,3,1382,445,7772000533447,1382,3,1037509518,372196042,0.03,340000000,10000000000,0.107
pool1zk6uxgptztrxxamzd0ugrtu84xg8mjymd2xcdvxqazpruqt9r3x,,OCEA1,,6606253633808,,5000000000,,5,669,445,6606253633808,669,5,1895566710,358227779,0.009,340000000,5000000000,0.091
pool1zkdaju2rjefa52uh6yh6etsxla0x6aqs6p6wm245y5szk7k3msd,,A3C,,3101043041865,,15000000000,,0,481,445,3101043041865,481,0,0,0,0.025,340000000,15000000000,0.042699999999999995
pool1zkdc6ve9nndk7vxnjlalhqt4hr5h8auz5qzjk7lrjrqtv23yuy5,,,,4824669329684,,,,3,71,445,4824669329684,71,3,1029042594,366952036,0.025,340000000,,0.0664
pool1zkuqlvymj4q6y7r20hd8c5tp0ru6emcca7wf34c5dawjukusvzr,,,,264576527971,,40000000000,,0,14,445,264576527971,14,0,0,0,0,340000000,40000000000,0.0036
pool1zlp7tdvtc2t989hnzxsenh4k74tt4gwpg000smf908jj64w4vg4,,,,103000000,,2000000,,0,2,445,103000000,2,0,0,0,0.069,340000000,2000000,0.0
pool1zlsrcv64qzzahdky99r3e2m0wd68uav3d7f5nxegalhj66r8nnj,,,,104493534,,100000000,,0,1,445,104493534,1,0,0,0,0,340000000,100000000,0.0
pool1zmfpd5r5vfwjmwm4cgy53exe58h7plnecny3t4948yw7zumzp4c,,ALPS,,21178013733142,,75000000000,,13,6252,445,21178013733142,6252,13,5631006873,484908246,0.025,340000000,75000000000,0.2917
pool1zmj5rkpvhdknscjrgul4cxw4xhaqfhfcjqv9kffmhd0zvdx6rvd,,TMHH,,5223772,,2000000,,0,1,445,5223772,1,0,0,0,0.01,340000000,2000000,0.0
pool1zmtm8yef7725p9n7x433m50kvv9xpzjujnny9m5t960g5qm30ua,,1PCT1,,437163083385,,50000000000,,0,62,445,437163083385,62,0,0,0,0.01,340000000,50000000000,0.006
pool1zn4wnk52kmfjy9mw4z85p6wn9kzrn94l9h5gys8r2k2w57mdnhh,,ENVY,,161884384723,,1000000000,,1,37,445,161884384723,37,1,64644478,340000000,0,340000000,1000000000,0.0022
pool1zn9hjcmfddhcp2aj9xxuvz7z40rasyatkgavr8ryyz72qdfwtrj,,,,40114081192816,,250000000000,,49,2963,445,40114081192816,2963,49,22020831528,569006737,0.01,340000000,250000000000,0.5525
pool1znp7z30qfdgwcwel4htqmwapfm2h05ml32ttt8znevtz2vwnqwt,,,,607393771,,500000000,,0,2,445,607393771,2,0,0,0,0.0299,340000000,500000000,0.0
pool1zpdxs9nsrfrl9l2rywdfxsrqveqfzvqjsy2g24pmkpvkslky3v5,,,,12633160219139,,0,,13,4,445,12633160219139,4,13,,6142507583,0.999999,999999000000,0,0.174
pool1zpkqlcpu5gyk0s5e9263y5n7vzmkgrtpca0u4xpxan02w8ld0nr,,,,319508256035,,,,0,262,445,319508256035,262,0,0,0,0,340000000,,0.0044
pool1zpsk3ql6qgzkgqncrlzulf9dype3km52rcdnajn5ttddwhhc3vj,,,,6734321082,,5000000000,,0,1,445,6734321082,1,0,0,0,0.02,340000000,5000000000,0.0001
pool1zqcz8zt9v07ygj06zr28lwm85s20f6w2qdcdltjyd0wuklydqnd,,GCP,,7592536802,,1000000000,,0,5,445,7592536802,5,0,0,0,0,340000000,1000000000,0.0001
pool1zrkwh7cmhvx3zvkyr9f0nhnpxscaflhky6edaqzsux5qkj7r5v6,,,,9788207636513,,,,10,152,445,9788207636513,152,10,43743758,4681348721,0.99,340000000,,0.1348
pool1zsfyca7vnftr3ywzhwq07whjev9nau2j65mq6kehnpvvccstlzz,,GARU,,12851369,,6350000000,,0,3,445,12851369,3,0,0,0,0.05,345000000,6350000000,0.0
pool1zsjkw3y0kyhce6esgat3r3vec9z9rwud79lpv00u84646pu7rvf,,NETSC,,136410403441,,100000000000,,0,7,445,136410403441,7,0,0,0,0,340000000,100000000000,0.0019
pool1zst2k3wnmtq69vqzm086q9m7v7dn3gpsu9fgxy2vasew6l8nlt0,,SBR,,1097230020,,1000000000,,0,1,445,1097230020,1,0,0,0,0,340000000,1000000000,0.0
pool1zsyqzr04g5pr3nv7vfk8ldc3uf0xljc8yftdsqpxxqpychpxj65,,AKANE,,578545943825,,30000000000,,1,8,445,578545943825,8,1,119600129,340662781,0.005,340000000,30000000000,0.008
pool1zt2d9aa8ck62uyy985yny47hr0f6cmf2hnxzke0up0lc7zcp65f,,46S,,127074947248,,25000000000,,0,72,445,127074947248,72,0,0,0,0,340000000,25000000000,0.0018
pool1ztk6dcj2nc3plnujf3ek6jqngtx8hcryufz56lyumemlcy2xxn0,,,,31185164140202,,,,30,1078,445,31185164140202,1078,30,138055199,14036667378,0.99,340000000,,0.42950000000000005
pool1ztpwatlnzskuruwe7hxwvu6xjsv6l24835pyvpx7lslccy3xx9a,,POOL1,,11286634,,10000000,,0,1,445,11286634,1,0,0,0,0,340000000,10000000,0.0
pool1ztz3370gwds2v7hjzgtns33f7kw0qp0zjx34esg3dvlcycnnte5,,,,106623722,,100000000,,0,1,445,106623722,1,0,0,0,0.015,345000000,100000000,0.0
pool1zvm45jj5wz6kgfr2xfg75rx0auzxaedu4ulddhnrzk4uwuyuvpn,,ERA,,137192791988,,40000000000,,0,21,445,137192791988,21,0,0,0,0.01,340000000,40000000000,0.0019
pool1zvsanfncazr5udf0s0s07hzd0e0nkqhza9d8h48ujq65vuamnu3,,,,41759423148,,,,0,3,445,41759423148,3,0,0,0,0,340000000,,0.0006
pool1zwftnuzv7rtssdj3kn5j9m2al5t36hjexps7snzu7fzvzjjn95x,,,,12334674406932,,,,10,129,445,12334674406932,129,10,43733937,4681152902,0.99,340000000,,0.1699
pool1zwgnmfxj9nkqdfxxq6dxfe68hqn7mjl2gk2tk5hvu9uxqrtdw5e,,,,5780289938136,,50000000000,,9,21,445,5780289938136,21,9,3690738986,495752380,0.0398,340000000,50000000000,0.0796
pool1zwqrrwpr5zx7c3f4ukpu4r4fz5c2hkwx9vwqka5068urgqvpjzr,,CAR,,2415605928866,,40000000000,,2,251,445,2415605928866,251,2,577279880,358154640,0.03,340000000,40000000000,0.0333
pool1zwvfvst3jldarh3sgjn07c3vk5yw8jz6p9m9xty5cakgqed6c9t,,,,175229146,,,,0,2,445,175229146,2,0,0,0,1,340000000,,0.0
pool1zx0lmhdymz23e702clzyywdw522nh66eqaseaye8sue3cyfzkar,,KUDOS,,114280001,,100000000,,0,2,445,114280001,2,0,0,0,0.04,345000000,100000000,0.0
pool1zx293a3jpjh9sln53uhlc34ccnppl6sze22rrcmt04enzapl935,,,,300822669,,100000000,,0,1,445,300822669,1,0,0,0,0.005,345000000,100000000,0.0
pool1zx909vz9qe73avvpd0y7qqcwz8fffvnup6yuq2e8hql4svk9xr7,,SDGs,,7316863241210,,2000000000,,9,267,445,7316863241210,267,9,3893483267,340000000,0,340000000,2000000000,0.1008
pool1zxklu387uqpzpteqfk48enkuwyjvq0qawc2wvrdym540zk0yqps,,,,130377442594,,0,,0,3,445,130377442594,3,0,0,0,0.06,345000000,0,0.0018
pool1zxldj0cuqn7t6twn830eg5ye832z3yh7gszdkejc4f2sx02y84p,,,,5703118404,,,,0,1,445,5703118404,1,0,0,0,0.01,340000000,,0.0001
pool1zy0mg8thm4au4cqaz5gz4ah9ms6894e2vqkl9a6l2uq4vas3yam,,,,236894558125,,500000000,,0,6,445,236894558125,6,0,0,0,0,340000000,500000000,0.0033
pool1zy4arks3chpruyt32p0mhwqu3qpdgyx7nejrw06nqu3uzfuv3aw,,SPCP,,62657443033,,6200000000,,0,21,445,62657443033,21,0,0,0,0.03,340000000,6200000000,0.0009
pool1zydxfglzuvv6septzwzfgyslcdjsytealqmflft7kc57j9tqcvz,,,,554406801,,,,0,1,445,554406801,1,0,0,0,0.2,345000000,,0.0
pool1zytydvyy3qztrs8l2xyggvkfcjctp23m2hc3aj7sudnzgny79cg,,,,17172073987765,,20000000000,,21,894,445,17172073987765,894,21,9476353878,435833307,0.01,340000000,20000000000,0.2365
pool1zyzfcyhtmes7j3f3avksy26yhf8ah3ywag2t7m9l9fh5g8yaerl,,AZ5,,1440630378691,,5000000000,,0,15,445,1440630378691,15,0,0,0,0.01,340000000,5000000000,0.019799999999999998
pool1zz7x8ergn02chznayj9fjds2gk5q6prmpdr49faspd65kzqsrjs,,AUTO,,56450792679108,,100000000,,53,2920,445,56450792679108,2920,53,24640649711,340000000,0,340000000,100000000,0.7775
