pool_id,ticker,sigma_ada,unsaturated_k500,apr_base,f_gt_c_base,apr_A,f_gt_c_A,apr_B,f_gt_c_B,apr_C,f_gt_c_C,apr_D,f_gt_c_D
pool100wj94uzf54vup2hdzk0afng4dhjaqggt7j434mtgm8v2gfvfgp,,4419.361614,True,0.0,False,0.0,False,0.0,False,0.0,False,0.0,False
pool102s2nqtea2hf5q0s4amj0evysmfnhrn4apyyhd4azcmsclzm96m,YULI,6712.196804,True,0.0,False,0.0,False,0.0,False,0.0,False,0.0,False
pool1030as3pp5684ghgf4kzcpv4p2jnmkmme7j363t95690zwxp7wa0,888,1268558.68384,True,0.011901896377833636,True,0.007839300156452986,True,0.007839300156452986,True,0.017368730579785854,True,0.013306134358405204,True
pool1030vz0wxheg0dvarr8hmeavelpszmp52qucs68c7wc9uga6n6e4,ROMER,1764031.096207,True,0.007538505482092975,True,0.003516563956705386,True,0.010481237100176044,True,0.01839520185279724,True,0.014373260327409649,True
pool103455uc7a3477q8pdmzvny884qtlv9vhm2csxvqx2cadwuk36sq,EDEN,58465669.811509,True,0.021043619657720943,True,0.017019206440994753,True,0.017229345143580547,True,0.021371188811751745,True,0.01734677559502555,True
pool1043kkcc2uwmdf76wg6jy80tkgwztzprep2rakyypmwc4637c2xe,BNP,24668.670882,True,0.0,False,0.0,False,0.0,False,0.0,False,0.0,False
pool104avq7309gjm0fxms69yqusxy8zf888k4mamngg5vnc6vculpzq,NUFIB,24594658.61133,True,0.020051395636711707,True,0.016108283695893053,True,0.01659772736698571,True,0.020814351947532613,True,0.016871240006713962,True
pool104gtn3hvp9lz5l6wevhjj98e45s7rfaa4zzvk9pex7nn786qncr,PILOT,14870603.710077,True,0.020038339688505397,True,0.01598996352284556,True,0.016824495882254105,True,0.02133922836640695,True,0.017290852200747112,True
pool104hlwrk98e6h07e05ywee3thn379ddmmfveje8d6cuvp54zcah6,ADASC,1182230.365966,True,0.0006940945922958756,True,0.0,False,0.007130893111170914,True,0.017057233754427963,True,0.012996924131557888,True
pool104v7kzpq86r0wnfsz8r7jeld2raap92qq84trjcqk62zyh9akqt,SEAL,1895162.283236,True,0.015137246538289914,True,0.011075179134726616,True,0.011075179134726616,True,0.018796563770035607,True,0.014734496366472305,True
pool104z3yr7faqhck6wcsczhmqrrpdeparcr8juw8unxy8tm6xp447d,,70016947.134638,True,0.020259827872467655,True,0.016397967397646606,True,0.016566348060935588,True,0.020522303612300483,True,0.01666044313747943,True
pool106jtt06k5wjpqc5r5fkz06pgwhwaljzs624mnfua8fkhq0fl9am,,90.188364,True,0.0,False,0.0,False,0.0,False,0.0,False,0.0,False
pool106l8sgu50wpw3nmqkmhlgzl5cctw428ruem2rpwjklg46nprex0,,502.365742,True,0.0,False,0.0,False,0.0,False,0.0,False,0.0,False
pool106p2jjwuwagq2as7cdzx4y6cyc2pdj7a3h3vv5cvkvnskegff3w,VOLT,4183332.400362,True,0.01574763503302939,True,0.011682571166113168,True,0.014649105692254605,True,0.020371938853191038,True,0.016306874986274818,True
pool106sjgd9m4shsvtc9ruk7femgndknefmct6eedskww37pzv8hz9n,,60886841.633738,True,0.020832503641037083,True,0.01688934592654854,True,0.01688934592654854,True,0.020942986461618678,True,0.01699982874713013,True
pool1072lq3k32sfxs96s9qhrx3s9la2t68vrqwfsp7h9qnwk56yr2mv,lSPF0,7440989.98039,True,0.0,True,0.0,True,0.0,True,0.0,True,0.0,True
pool107attaqquuq5ne2ch0hx0qcnlkzzr2683s4gml4ywnqvgj6pak9,CCJ5,228950.904531,True,0.0,False,0.0,False,0.0,False,0.0,False,0.0,False
pool107qfdeg9wlpt9yntg7650kzval6ahl696jr2ca20763ukzr0tzw,SRP,349059.504194,True,0.0,False,0.0,False,0.0,False,0.005939219866680348,True,0.001916980124504503,True
pool107rsdzswa5s3y8wk5z62tgh5lhm790dsyqjp4lq66fht7qnaq9d,WORLD,25216220.127326,True,0.020030897496510127,True,0.01600648843117285,True,0.016952272528851925,True,0.02124895277382409,True,0.017224543708486813,True
pool1085up093vl7qgwnqsuset7kdt3yflscdp6h8eeakuhyzwlhmq68,BPE,421298.335901,True,0.0,False,0.0,False,0.0,False,0.008685078812600744,True,0.0046199625757495305,True
pool108zdflss3ayqlm5c7vr6mtqj2uwl99vk28ur8dv4zswdzt6yauc,AZUR,45107923.532674,True,0.020748694485988678,True,0.016790454201557392,True,0.017060069804483352,True,0.0211689776317262,True,0.01721073734729492,True
pool1095d0cr8yp0selmnrst5hnuf8jcl6vlkxlr2j6kq4x6qs4yxuwt,,59250169.612026,True,0.02062386690145128,True,0.01668070410084452,True,0.01688387145173691,True,0.02094056894843059,True,0.016997406147823833,True
pool109k0t72eh8txza4ptnagnfyqkjnmfe60afmtm4dvj9lz7dy78lh,,386060.336469,True,0.0,False,0.0,False,0.0,False,0.007349084763145218,True,0.0033653730409719885,True
pool10c9l3k0z50ytt4krkfet7w3gwpv9d9nq47kk9ecy2c5f2uyvkgk,BIRTH,273183.412202,True,0.0,False,0.0,False,0.0,False,0.0,True,0.0,False
pool10cpz0zepq23hm6lrk8vgnsdwl772lasq9caaemvw9kh9ktxqygk,ESQ,2211.906006,True,0.0,False,0.0,False,0.0,False,0.0,False,0.0,False
pool10d6mmw3mn9ku3r7uqqye672dz3sv76lh5kvh5rdpr9l5ug5yknr,KILN4,79971298.819684,False,0.019672460752389632,False,0.015928597524208988,False,0.016076019163897278,False,0.019902265073080204,False,0.016158401844899556,False
pool10dzswwk8ycrxfv04nv44fjpqdx4j5euj406df0xsq7xyy0r0ta5,ADAFS,100.79721,True,0.0,False,0.0,False,0.0,False,0.0,False,0.0,False
pool10efuydxjnasr0309lqklmj9xahupdnzqd59r5dqjeh4twz06tr0,F4ADA,11480352.787575,True,0.02062425110430554,True,0.016574514895419903,True,0.016574514895419903,True,0.02122832661734253,True,0.01717859040845689,True
pool10eltx2wej46e62ulmwzm35xfu0azu47yvpjper7gwhncqe74vg6,CHIL,11309160.587532,True,0.01892369058785468,True,0.014978239937704647,True,0.016043757568896908,True,0.020584644542360267,True,0.016639193892210233,True
pool10emzedn7jczjrk7x7687mzwpqs2qfk8dnmyuf3ca7ju8cx79z57,MPL,39.46004,True,0.0,False,0.0,False,0.0,False,0.0,False,0.0,False
pool10ez5uusmzx7ep6pee6hmqr79z5ee0lhgzdelzgptexh9xq3ar4e,SACT,291.472771,True,0.0,False,0.0,False,0.0,False,0.0,False,0.0,False
pool10f5k6djk7m95dls80f5n2temjlkacsqd47758z2xal8g79kg9ct,,3072.467418,True,0.0,False,0.0,False,0.0,False,0.0,False,0.0,False
pool10fsg5ykzcjuzq5fzm9vj6d3yd0jjqgg6qnza6u8wtq0677vam2t,,97.023027,True,0.0,False,0.0,False,0.0,False,0.0,False,0.0,False
pool10fxpa6wkv0wc6wcmahcnz4wvvfx9m7547sevxrge3nfuv7yh8m0,GRANA,4262012.487617,True,0.015859580357872643,True,0.011796026631664396,True,0.014707796607950586,True,0.02039851590914229,True,0.016334962182934044,True
pool10gtnlhevam52ynwuzua7dqgv7vje4q87q25dzzfrjgw3wwjk2xw,STKCH,597.470252,True,0.0,False,0.0,False,0.0,False,0.0,False,0.0,False
pool10hex9l4wjgqarvhr94xgyh9frv5lhtajhrj4dah0kl65jtws30k,CSN1,13562150.580139,True,0.019476996196877743,True,0.015489738218018476,True,0.016387490453407327,True,0.02087643350498389,True,0.01688917552612463,True
pool10jd7mphm0mmrnfvyytzs3tfrmjmtkvalfx8nql7tae06v0rkjk3,DOS,23038.755606,True,0.0,False,0.0,False,0.0,False,0.0,False,0.0,False
pool10jn0wjlh9y3w2ygq84u2llvlnxfz3lc4g0ssqlmpp3w3y2d2lw5,EARN,7104483.057688,True,0.017285566985840016,True,0.013428624073475498,True,0.015088069230043532,True,0.019872349141666655,True,0.016015406229302136,True
pool10jqlkjfn2rtlc6hp95p8k4h04h3dfmdcgnga6umwp2rpukpg20l,CCIO,16350.180704,True,0.0,False,0.0,False,0.0,False,0.0,False,0.0,False
pool10ldeq0mccp8t4gfmvfkwmfcvh2pvz44hj2hmewfpk9udjxug58y,BREAD,215231.051864,True,0.0,False,0.0,False,0.0,False,0.0,False,0.0,False
pool10le7rwlfg3t9646gm09jp05qg5kqvq3gvut4q2yaeu2ujncnh7w,,2854.261122,True,0.0,False,0.0,False,0.0,False,0.0,False,0.0,False
pool10ljdn3zwsh7vjkxf6t250423l5qy487x83st7m8a53jxznrkw5g,,127062.59889,True,0.0,False,0.0,False,0.0,False,0.0,False,0.0,False
pool10mf43thtl3keag50mrlvqa78xkwg7harmu4w5yzr3k7jvw0ap43,JORGE,2927773.115288,True,0.016958907306437895,True,0.012903588545520442,True,0.013402261066412275,True,0.01982627430156593,True,0.01577095554064848,True
pool10n23qyec2zcetv0e3x7fdjydscsrlet5sph2hgtfc7x5ze56jqn,DOTAR,901698.759103,True,0.007918126129678437,True,0.003853270574673235,True,0.003853270574673235,True,0.015609164772006016,True,0.011544309217000814,True
pool10nwac5phcc4vkjvux5mw6gvdzlxurkd944e5yx9yyfa8sqs35t7,,36120.987876,True,0.0,False,0.0,False,0.0,False,0.0,False,0.0,False
pool10p3g22454ly7eaurlur5wc9d9ual2fnfwy7a6e7k09z3yf929k9,OUROS,6076311.463663,True,0.017333932849461144,True,0.013329515876312977,True,0.015341442202523767,True,0.020470170946201488,True,0.016465753973053325,True
pool10p6wd9k0fwk2zqkqnqr8efyr7gms627ujk9dxgk6majskhawr6r,BBHMM,7036434.076718,True,0.018014166841386417,True,0.014016223061332747,True,0.01576226372142382,True,0.020735936105646027,True,0.01673799232559236,True
pool10p7hdyghmkfuuxep4slslvjs2fk0hechqwadc2348e6g2x8hta6,SBPIO,360.524775,True,0.0,False,0.0,False,0.0,False,0.0,False,0.0,False
pool10pd44d65586rldtdzuu88e7mn4sxjctvdksmt05nnqfzqu7g7hd,RDB,3460141.27996,True,0.014362510706083305,True,0.010338097475242737,True,0.01388879064235585,True,0.019897414760700807,True,0.01587300152986024,True
pool10pmpya78vv23pngluf7hwpg9lerepmqdmdu47huf5vsskt56wzq,,247.210196,True,0.0,False,0.0,False,0.0,False,0.0,False,0.0,False
pool10pvwz69qz468m79ysw8qjcav5z830sv4zmeprru2n4anyuxwj9l,,124124.412269,True,0.0,False,0.0,False,0.0,False,0.0,False,0.0,False
pool10pxym4rs92lj853juzku38z58d9n59ra55qd2mnm820ljx4c6h9,JVNP,139.818659,True,0.0,False,0.0,False,0.0,False,0.0,False,0.0,False
pool10q2fhzwe4f5k2llny65z5z2fuhrpk3x56fdc0782djdq58p9uee,KURIS,2278562.468341,True,0.010787795795126929,True,0.00672268474904094,True,0.012169101150797793,True,0.01927779783315967,True,0.01521268678707368,True
pool10q33p4hx4wqum6thmglw7z5l2vaay4w6m5cdq8fnurw7vjdppcf,SPKL,38230.184169,True,0.0,False,0.0,False,0.0,False,0.0,False,0.0,False
pool10qmnswfc22zm0fscg80gkwqz65ujwjkqmctv8g9l9l58wqtelgg,WAAUS,2697137.476281,True,0.016945280113250694,True,0.012914228444043082,True,0.012914228444043082,True,0.019495954693430403,True,0.01546490302422279,True
pool10qrz84cvz95zg8saf43ruhs5ulczuuqm2d3jn6d8xkkkzgzfje7,,112074.806511,True,0.0,False,0.0,False,0.0,False,0.0,False,0.0,False
pool10quq4wlghwrvmhdzc7geq22pyhzegccwj56ax2g8hx0cjfahufs,SPS2,24708911.64549,True,0.019643114891508814,True,0.015781752404496537,True,0.016258887948511967,True,0.020386885004238745,True,0.016525522517226467,True
pool10rdglgh4pzvkf936p2m669qzarr9dusrhmmz9nultm3uvq4eh5k,KILN0,74073232.951482,True,0.020278277054473385,True,0.016416421560903584,True,0.016575581618190702,True,0.02052637949671507,True,0.01666452400314527,True
pool10retvgthe4vymhaq8vr2734zladmeeuwy07rq8r5f690ydmz3vc,MORAL,971.580862,True,0.0,False,0.0,False,0.0,False,0.0,False,0.0,False
pool10s8x49tu6wcne63rqv6gmnhwpcg4kg8r4s3ncv6q7uxx76jvlwg,,5097.623546,True,0.0,False,0.0,False,0.0,False,0.0,False,0.0,False
pool10scv5quxduhrcc26wpurhk743dngspe8dc3zpkkam0svyx6ejx3,CDNTH,8648242.326177,True,0.015048545012650773,True,0.011796456175917569,True,0.012944435109156912,True,0.016838041585053275,True,0.013585952748320074,True
pool10tqeu6d03p6rnalqlvdshmpsljxaq2c0ww6draq6xm8lgyl2a3p,CASP,8631852.650929,True,0.019643688251281006,True,0.015705559208358554,True,0.015705559208358554,True,0.020423005307773624,True,0.016484876264851175,True
pool10u90lv7ayyfdulnt004h2wg42yff22c8vjlnqjxv7pytypuaykv,,6192.921948,True,0.0,False,0.0,False,0.0,False,0.0,False,0.0,False
pool10usr6ag036ujwhmm85km8w0skjn3fp3dwnktt8sje4lfvwhu40u,WALDO,2136.948271,True,0.0,False,0.0,False,0.0,False,0.0,False,0.0,False
pool10v6uh7yan2dg8utwpgurj6th3u3s3q3m2lcg8z9mxtncvx72dhc,,1.0,True,0.0,False,0.0,False,0.0,False,0.0,False,0.0,False
pool10vgnav004xgw03qkqfy6864zq53lzjkcf0syeu4g3uj8xaytlm8,Pier2,1475.994327,True,0.0,False,0.0,False,0.0,False,0.0,False,0.0,False
pool10w8gmhnprfmhdlp6npjt8d3ts64ng4qxsu0mr33dhpxpzwn4rgt,,2.91521,True,0.0,False,0.0,False,0.0,False,0.0,False,0.0,False
pool10wcmpvjmmv7ph7cz2263f52yckvnnwu5kdppwqgu74s2qhe7l7m,4TUN8,1216672.604799,True,0.0012818360030161472,True,0.0,False,0.007364023733447598,True,0.0170227591769738,True,0.01300699619203619,True
pool10wugf8sxugp74y0dafvc83jmcg2z9v7u5yfs79zy67rxc5lqhd6,,4678.355731,True,0.0,False,0.0,False,0.0,False,0.0,False,0.0,False
pool10ww24pk8znf747x6d0wcueajegrjwzpv8x9a4aar4t05s7uzf76,S10E,2452.995576,True,0.0,False,0.0,False,0.0,False,0.0,False,0.0,False
pool10x7rsal3ldumkycuc7f7rslx3vc5axhz5jzwngfcg7hd6t2p7sc,BNP,66639.295215,True,0.0,False,0.0,False,0.0,False,0.0,False,0.0,False
pool10xk8jp4m2cztf69x9gvg3j33x5drkrz2hulsjes29wktcfcxdls,,14276240.864801,True,0.018721510488625723,True,0.014900301275273864,True,0.01574145407689181,True,0.020019289096836278,True,0.016198079883484415,True
pool10xmmn972gyza7nj8q4cyy0vrpn6kqzmdz2ut7ynnc8d0ycxlvw3,MATE,344298.643126,True,0.0,False,0.0,False,0.0,False,0.005697955590392439,True,0.001697509023803473,True
pool10ya6hxrssmyhl560gqyalhqxudkgfjdlc0e4krww6wweyaeajs8,NKR,29702642.180265,True,0.020639873741728102,True,0.016617483285777623,True,0.017031113154980404,True,0.02128464971430891,True,0.017262259258358427,True
pool10zyf32q3w3n9x940j6yqgkwuegzn77p94wcmpku6gvmrqw8a97d,XSP,25947752.278328,True,0.01995890656309909,True,0.016045208941850197,True,0.016505781783451644,True,0.020676858345595465,True,0.01676316072434657,True
pool120s8wucgh9dnshf3xkvffq30lcf4kta9uzf35s44eulezc8puwj,REEF,9.802291,True,0.0,False,0.0,False,0.0,False,0.0,False,0.0,False
pool122gfj3ynz5ch8cfkx0tt5dsfpnf36sujcvrvxzqjm28yym8vv8x,CTUTS,67.456466,True,0.0,False,0.0,False,0.0,False,0.0,False,0.0,False
pool122gklgk6gep3dm5grag0kavzzxcwk4kxxrqegfygghjpgch6pns,,26415.60343,True,0.0,False,0.0,False,0.0,False,0.0,False,0.0,False
pool122pmneflla304ptc7s5ws948u28zaek08k6hk3fmw8rgkzmgect,PBDOT,3262.347727,True,0.0,False,0.0,False,0.0,False,0.0,False,0.0,False
pool1233gq8vt6nzytuw60sr9gy2jmehc88fpglrjrzsd8kys5gqelgg,,4079.358398,True,0.0,False,0.0,False,0.0,False,0.0,False,0.0,False
pool123gn9my6u32zea8l3uk889rjj2qf2tfagcz67q4v4r9ccjjtge7,SNY,3543.776436,True,0.0,False,0.0,False,0.0,False,0.0,False,0.0,False
pool124hy9qgc0nhqsve268kj5r53pvz7ppg295q6r2d0sjxswchljf0,BNP,32121961.703908,True,0.019642782711853404,True,0.015821573498501548,True,0.016195414302830103,True,0.020219565667103173,True,0.016398356453751317,True
pool124lm97s6f4satl7xz0ulzgg6tv30tskry3zcntwrz68n60v5yne,SHARP,11058.880161,True,0.0,False,0.0,False,0.0,False,0.0,False,0.0,False
pool12582dmkl7xanxlmfnwd4fepmx4tt5kkw327mmklcjdxngwaxvh2,FGMTF,1001983.096233,True,0.008365663553330483,True,0.004707058892973788,True,0.004707058892973788,True,0.014594810555375922,True,0.010936205895019228,True
pool12584mjtgz3fhgpx823qht56gycnfnezg6aqqthazv4qdxkd5c46,DOLCA,713579.760243,True,0.004207468691235031,True,0.00022604563452684133,True,0.00022604563452684133,True,0.013731701830478794,True,0.009750278773770604,True
pool1258yqnsegc3k7raqcdkxu4893aqexxljflmg9g96yfha2qytayv,1PCT2,560337.048234,True,0.0,False,0.0,False,0.0,False,0.011794403081683008,True,0.007772303522267139,True
pool125kh7e0y9lwya4sz5etmsk7hvga9jtfpuhw00vz9zvk6sh8xh5r,CHOCO,7757931.71301,True,0.02008180502135105,True,0.016017212466087994,True,0.016017212466087994,True,0.020975728847513385,True,0.01691113629225033,True
pool1263z8symvqmmsg876y2lzluv29am2v9fpzka9sf3nrhz7uwlzap,LION,297273.492819,True,0.0,False,0.0,False,0.0,False,0.003247003459232568,True,0.0,False
pool126f65lklaqw39jgx9wl8klqtx99evewxk0x5yc2jzzp5wfs8fde,XPPX,536845.683641,True,0.0,False,0.0,False,0.0,False,0.011489944588149371,True,0.007429694431032086,True
pool126kcx3ve6xedpdk8gm9gtgs5x2h77tuwe5hjjcrp2nshu2xv8l3,ADAAF,2939.165647,True,0.0,False,0.0,False,0.0,False,0.0,False,0.0,False
pool126mkma8nv5axltmz7mmg8qz9e70nmhnf58hwx5772fhwgkhk6ag,NAP,18131001.028506,True,0.019703969497366084,True,0.015761823061092552,True,0.016425752205494127,True,0.020738917869521475,True,0.016796771433247943,True
pool126ugnr0nxjxz72jrlzrqetqx0exn43t5w67u9vuq23xex4ym7dv,,109.61171,True,0.0,False,0.0,False,0.0,False,0.0,False,0.0,False
pool126ut5j5qz5wg09sjxrjugmjhqyslgam9cyj7a275y99l6n3gql0,BIOME,5516.81282,True,0.0,False,0.0,False,0.0,False,0.0,False,0.0,False
pool127cp6le6v4hs453tkwnjd6ua9fcmmh7y5zc44zx752yzklgcrcq,IPMCo,1442.48367,True,0.0,False,0.0,False,0.0,False,0.0,False,0.0,False
pool127gdv243hfcrapslaqq0nnh64u2gts72gtrt4888g6g2z0zsu64,TTS17,1165746.560976,True,0.00038791814614501277,True,0.0,False,0.006903955313708893,True,0.016816489021761163,True,0.012793442986099588,True
pool127jufnlxk4n6he84qjf8ppzmxs9sjnqlhulnuzsk0uc0whtl9sn,WILDR,31110.339119,True,0.0,False,0.0,False,0.0,False,0.0,False,0.0,False
pool127xwsah7jllutuhen8vl7sve5278h7hhxtnys3cl438dyhuwgjg,ARTZ,2380628.940652,True,0.011077713724513084,True,0.007123903440726951,True,0.012232553424906829,True,0.019041197523381716,True,0.015087387239595585,True
pool127xz8pls3lr6nct6w274ph2g4u83vqajgykf3l9ll772gvmju8z,,2162.16716,True,0.0,False,0.0,False,0.0,False,0.0,False,0.0,False
pool128r8qqgl9zgy3ff4759a2qslyauu5takaec3nxx4a6mvj3ys8da,BTCAO,1491555.53618,True,0.0,False,0.0,False,0.009295331123693438,True,0.01800995576420825,True,0.01394483952735712,True
pool128sj7hpet8874ycvxml85wlv9eyd8pehjhnj3clcvhrr5g5s9qj,BIZ,25021.3693,True,0.0,False,0.0,False,0.0,False,0.0,False,0.0,False
pool12a4mx8ztxg7dwatm6lmfm36q7eyygkt3y3h29tklvcp6vyxp0nt,,14785.014207,True,0.0,False,0.0,False,0.0,False,0.0,False,0.0,False
pool12ahcpgfgzkm29zajw8fgfqjma6ngsks7zdk4tr7q280pwfvtlek,BNP,32128043.520627,True,0.019642922225534407,True,0.01582171301218255,True,0.0161954830487019,True,0.02021959599616426,True,0.016398386782812403,True
pool12ame5t8hdltyl30npznvhn23kxnvthk82j9p7dr4uew3y92uqes,EoK,81651.547632,True,0.0,False,0.0,False,0.0,False,0.0,False,0.0,False
pool12cmz6vtm43tztqck4xnayhpmeml4ljxutvuexhwgsvrpwllnscv,PUWSP,7598.555142,True,0.0,False,0.0,False,0.0,False,0.0,False,0.0,False
pool12d3th585ga2w593eu5zqnkahsnlczjpqxemjc0qhku7awnhvn8a,H3ART,171544.280445,True,0.0,False,0.0,False,0.0,False,0.0,False,0.0,False
pool12dcwy586prq83qggtfvaxwdpys9dw4sl2yahrdjyjxsqzcq84rk,,1863101.150722,True,0.015020517434767327,True,0.010955922741031087,True,0.010955922741031087,True,0.01874280594138572,True,0.014678211247649479,True
pool12e8xz54gjtcz6dzkhua9uq9dp23cqcmf6xc4929t4ep4ketccsm,SOCK,32836.442065,True,0.0,False,0.0,False,0.0,False,0.0,False,0.0,False
pool12eht6dqxpzqj87xuextrpufz2gxmt4reuesuw26r2utzw0kw906,CAN1,6368382.236304,True,0.019391380696606415,True,0.015328349684880277,True,0.015672236078431774,True,0.020824240669737655,True,0.016761209658011512,True
pool12f2r9xf4wvht030xwjhpjvy5yptr275qr2qcydnx57jkxyfzz2w,FREE1,501185.996294,True,0.0,False,0.0,False,0.0,False,0.010766732563114717,True,0.0067079915847575436,True
pool12f68ksfmsthe4r9xx2up9x4zx43tstu3psmjvk57papsv8vu9re,,1093.094791,True,0.0,False,0.0,False,0.0,False,0.0,False,0.0,False
pool12fzerww0hmk0fyvaujz5t2kg6hl4n8daz85rqy5jk8qk58r59y6,ZETE2,102085.687836,True,0.0,False,0.0,False,0.0,False,0.0,False,0.0,False
pool12g6gfm5c4q7rzwwxdmh0xdxk07tyvujp6d9tke2m46k7q7cz7p0,NDE,114243.911768,True,0.0,False,0.0,False,0.0,False,0.0,False,0.0,False
pool12h408zlkavwxw4wkw96mt8unjs8sn27k0yk4yhz4pzvsx0wvmq5,,579.88263,True,0.0,False,0.0,False,0.0,False,0.0,False,0.0,False
pool12hhrd4azpps5jxppcqs2pgtylatg7xkhaqmnetgv2988k3t4drf,YAM,6208.049253,True,0.0,False,0.0,False,0.0,False,0.0,False,0.0,False
pool12hszgt63rau649xhfuy4mjmdukzpy0atyskd7hujl7zdxjv7e8c,,7.304864,True,0.0,False,0.0,False,0.0,False,0.0,False,0.0,False
pool12jqfrwhuv2jn0uymwmud2d63gp5drj08fjfart9dxgpu2tmj8a0,IOGP,2.925923,True,0.0,False,0.0,False,0.0,False,0.0,False,0.0,False
pool12jzydsj2yjjn59zefvgz2q47rvfk950xckm5x4ejcdvucueg5c8,ZILLA,51.006764,True,0.0,False,0.0,False,0.0,False,0.0,False,0.0,False
pool12kdg7dmdfh0t9hmy43pvl38ftu5dvppyn86wgkc4jq8557xkyz7,RENEW,184656.933092,True,0.0,False,0.0,False,0.0,False,0.0,False,0.0,False
pool12ktz62g9d32nq0cdk9jyyqg6kquj7lnmx776at5h598supql0t2,CTEC2,7464030.535472,True,0.007515447926399434,True,0.005483151635461317,True,0.00797711249367783,True,0.010473970120950395,True,0.008441673830012276,True
pool12l453n0jtxqq88cgwgr67z06ldyhqqvwxgkn0sgungjfvhtp2el,EVERS,39421087.918967,True,0.020102384452805558,True,0.016199923151321797,True,0.01660880075594632,True,0.020680146285427168,True,0.016777684983943407,True
pool12lsfsh2s8yt8dvrt9m8kgrgr6ktntngvn2vad60xlqz7kxz9fxr,POP4,4122221.288075,True,0.014880554092683553,True,0.011021155640161191,True,0.013881142811181182,True,0.0193387693886853,True,0.015479370936162942,True
pool12m0v0myprg2nfvlymzaghvjrzhnlzkh2psn3sur2nhkj5wpkdmh,DAPP,363054.558046,True,0.0,False,0.0,False,0.0,False,0.0066003257915347845,True,0.002535261792727443,True
pool12m7z9p7jqymxrvvp6z7vmfdu6j6u6y43p0m6y4xalz43sc8s4t9,,28840311.622564,True,0.019779018282733044,True,0.015917157807911992,True,0.01632594326606828,True,0.020416242673388436,True,0.016554382198567384,True
pool12mca6l778v2e5wq5a4kc08h6grcv9j6f7yykt9wyjttckfxksvg,,1014.271248,True,0.0,False,0.0,False,0.0,False,0.0,False,0.0,False
pool12mmcc4rc2fzfv7gyv8h06nvnsrm3m7erzdv8x6gzvjxlu2lf09n,1PCT3,13287132.57218,True,0.019618660943846778,True,0.015596783218646474,True,0.01652142967139006,True,0.0210600215907706,True,0.0170381438655703,True
pool12mvua605f7w2gs90d580ywzyyf96je0y5q6zwcz2l76tcdqa8y9,,507.423329,True,0.0,False,0.0,False,0.0,False,0.0,False,0.0,False
pool12n6lycv28kjtkzecfz2a3uujyxy6ewuwjcmjq84my67psqmgagv,MANT,1419735.920231,True,0.0042063051696863045,True,0.00014606974255415315,True,0.00888713195219439,True,0.017832078614125495,True,0.013771843186993345,True
pool12ndf7w5f4fdn746s5zlay4aexvcsjncnnmjwfp8falascjqav3y,SAMON,528154.948533,True,0.0,False,0.0,False,0.0,False,0.01095914642850183,True,0.007021887268923353,True
pool12nhydvz643puda5jjc7hxyphk9685n8tlsgeenfvtttckd803e5,,581.187987,True,0.0,False,0.0,False,0.0,False,0.0,False,0.0,False
pool12p0qtp89dfzr6spqq4xl6ha2s9m8lqydnvfafyd0h38fy0hfv3f,PANDA,45059.513161,True,0.0,False,0.0,False,0.0,False,0.0,False,0.0,False
pool12pk63q22re4up2dg86tyjwthuauqu0ryq3jlxs9v29zk68cpugl,0AKN0,189140.724848,True,0.0,False,0.0,False,0.0,False,0.0,False,0.0,False
pool12plmfgtqk4nj0wse5wnr49xth22fjacxm0gxg3wc88ewzztpwf5,AMPLE,3707.804452,True,0.0,False,0.0,False,0.0,False,0.0,False,0.0,False
pool12pvaxxcv3sgad5jqgfnggn337y76kp02uauptkufjjjes7nxwfm,SVRN,812448.451732,True,0.006313156322168714,True,0.0023192345444929497,True,0.0023192345444929497,True,0.014712507672340313,True,0.01071858589466455,True
pool12pwp8hln0cjsxv0h2a0463qsakkhwetfhyqw7vzmpwd2jdj86n6,KAP,823870.099593,True,0.0,False,0.0,False,0.00254743518828197,True,0.014897425094700236,True,0.010880848433151152,True
pool12qj3qpa2ca3jq8nj6p5psjrx7xu7dvjm25xra5s0sxxps4qx7c8,,24.517029,True,0.0,False,0.0,False,0.0,False,0.0,False,0.0,False
pool12ql6www8aa8usn98azlkz76d2htxtm9swalvyac27rlq6mdkxc7,IOGP,1.48148,True,0.0,False,0.0,False,0.0,False,0.0,False,0.0,False
pool12qrgswlflndwp3met59zmuclqp4wryn4e9428gm7n8vwymnhvng,VALOR,15586.226058,True,0.0,False,0.0,False,0.0,False,0.0,False,0.0,False
pool12qtv7kyrx8g0d5890alk6dkc6n6nyfx80synspvqafjrqd3ergz,ASAHI,7432589.983611,True,0.018344612276548898,True,0.014281583151041126,True,0.015951256848549568,True,0.020947338922665,True,0.01688430979715723,True
pool12r08n33avu33ncstukwxyr440mgaazmuclay38v0yt34xytu2dq,FALCO,301142.139289,True,0.0,False,0.0,False,0.0,False,0.0034328134736657636,True,0.0,False
pool12rruj0mjqzaf8ryg7ny0x77y80lpdxd7zh4kgg5zyy0r2rzue0q,INFAR,6058.690105,True,0.0,False,0.0,False,0.0,False,0.0,False,0.0,False
pool12rs385dd534g8gtdtmnvlhq63whdvc6vnuzxa5cpx843zdy73qy,TERA2,8659698.887615,True,0.018626349962310954,True,0.014601900408404622,True,0.0160206448889513,True,0.020837922240810186,True,0.01681347268690386,True
pool12rt30v5khmh2y9nap3ffe6envd89lq9qf8f4usr0enwwzzwktsu,BRAZL,559.966054,True,0.0,False,0.0,False,0.0,False,0.0,False,0.0,False
pool12rv575nj9cfvy0r4th7jtz5x3nt6waht0qe5fdr58ucx77tk7pu,4BIZ,6160.723066,True,0.0,False,0.0,False,0.0,False,0.0,False,0.0,False
pool12t3wyzzmg5ms5tzz7w6evedrf7mh07m875r6dfk8xpmgzjc3d9g,,347.887492,True,0.0,False,0.0,False,0.0,False,0.0,False,0.0,False
pool12t3zmafwjqms7cuun86uwc8se4na07r3e5xswe86u37djr5f0lx,NORTH,56274024.656517,True,0.02124040304909029,True,0.017175811076529574,True,0.01739633911012496,True,0.021584167336753685,True,0.01751957536419297,True
pool12te7g032e9dqjqe5xsr05mrk7xs9ve4w6t275cda7e9quafr3zq,,134.520635,True,0.0,False,0.0,False,0.0,False,0.0,False,0.0,False
pool12tlu3dm864fzxgcjp9jrsykcmcvxskjtqwy07z982avqx3n9dp2,,41.825743,True,0.0,False,0.0,False,0.0,False,0.0,False,0.0,False
pool12tvj2j05hh6gtsvw349vuesyn0zphh75u7vadh5rkjs566s2ty5,,1145.957833,True,0.0,False,0.0,False,0.0,False,0.0,False,0.0,False
pool12u28yewx8ycf6dj77lzpj6vvhjwp6veh6kxpc63h8fqnqqtlwmu,NOOPS,398101.799172,True,0.0,False,0.0,False,0.0,False,0.007932135368953186,True,0.0038696934098961014,True
pool12udshcl3ycj4qpxes28n0ugsye23h89rj8z2a5ast4482m08xe7,QQQ,22941073.963435,True,0.0,False,0.0,False,1.7074552785175186e-06,True,2.1441965296993178e-06,True,1.7376849007708304e-06,True
pool12vs4c3cm0tr49c7alrevfs0xa5g3s4al4fn46h33e69uusat04v,BLOOM,34510916.686131,True,0.020202214477372346,True,0.016349230393586964,True,0.01669444289861404,True,0.020740339852855724,True,0.01688735576907035,True
pool12vx0utf438rpxskmvwm870vpz6qnur39jzl7gs3hhhldqekzjea,FELIZ,2039.980436,True,0.0,False,0.0,False,0.0,False,0.0,False,0.0,False
pool12welhs4qhsdskajhxxgf3c6afew73jys05jr2d4hu6asvv9expc,CYPH,701.766282,True,0.0,False,0.0,False,0.0,False,0.0,False,0.0,False
pool12wpfng6cu7dz38yduaul3ngfm44xhv5xmech68m5fwe4wu77udd,APEX,3090889.533082,True,0.016621966686326553,True,0.012640682094845205,True,0.013335045311980298,True,0.01951514675772277,True,0.015533862166241422,True
pool12x6z2am9fxpw7s8wfjpsdd4jm2v5wdj62fshv00ztpxr6jy3ztp,MIAS,593.799895,True,0.0,False,0.0,False,0.0,False,0.0,False,0.0,False
pool12xxugucen5pql0ay70uakgqjaxpwfj6c9py8euyu4q3p23s0fyg,BNP,59154.059521,True,0.0,False,0.0,False,0.0,False,0.0,False,0.0,False
pool12xyhj4ktuhy0gage20p3e6z6r3s0tun7lmsk89lxv4y5wh93t0g,,568.163192,True,0.0,False,0.0,False,0.0,False,0.0,False,0.0,False
pool12yfqjghmn47qajajqduf2rd83qxtdhva8j0qdctmla4v5w3mhq4,,2816.791026,True,0.0,False,0.0,False,0.0,False,0.0,False,0.0,False
pool12yscr8j3zs34ewxrwlk0p2w5uvgcnrzywpp78ddjsj8kxd530f9,GERO,1019436.482155,True,0.0,False,0.0,False,0.0053941123758420514,True,0.016150857783447003,True,0.012128862524754334,True
pool12z39rkzfylvn9wfe8j6x9ucq6g2l4mw4azj70y0gd8ejczznyj3,BRAVO,52078500.731109,True,0.020911538718914987,True,0.016923378680170527,True,0.01715809837886374,True,0.021277425308054404,True,0.017289265269309944,True
pool12zcqkql458zh0pxvpw9qad8mceccdatk2lm0cpxfql557lhve8y,,923.691183,True,0.0,False,0.0,False,0.0,False,0.0,False,0.0,False
pool12zgtcv0cu5caet8y2tna9l0jhthr46zpwh49dh0g4ew05st2t2w,PAL,218.615274,True,0.0,False,0.0,False,0.0,False,0.0,False,0.0,False
pool130c3kgpkjctag540j7sxqfrlhsmpc6d8u0n7j6crm9ayy75mkpt,TOIRO,17676307.036279,True,0.0,False,0.0,False,1.6913447829204064e-06,True,2.1370891956075222e-06,True,1.7305780910190142e-06,True
pool130hx49xrg3cjtdqnqegmn03z8fgu6juenyctws0feh6ekdy0fam,RAVEN,17826.954257,True,0.0,False,0.0,False,0.0,False,0.0,False,0.0,False
pool130sxcuaxh2yc4chs68c4jsep4v7zfhgdqutm60ngdvt9sa2ga06,,3074.969867,True,0.0,False,0.0,False,0.0,False,0.0,False,0.0,False
pool130u9tm5kzsjkzlt4zq989s33fne5n9qahkdcmamh688wzrk78g6,HAUS,697.439961,True,0.0,False,0.0,False,0.0,False,0.0,False,0.0,False
pool1329xugchyesx3zzm96nylqlpz78cauzhgvlxawtll0pt7gnyul7,,627.115849,True,0.0,False,0.0,False,0.0,False,0.0,False,0.0,False
pool133p3wvahj3gzh6cv9ac0ka9pgmltrzs6lt269aumqlkpzhkd9re,AVI8,489186.7363,True,0.0,False,0.0,False,0.0,False,0.010291920374876936,True,0.0063046218489958734,True
pool134d4ndkh0q43mykqh922k0khrrkm7rlpkj834ju6kwja6dmu2f6,BNP,130330.213471,True,0.0,False,0.0,False,0.0,False,0.0,False,0.0,False
pool135h773klt7djljmyawkh88e8qc457wxqfhc6j9h6y9n4y3sgh7t,KTOP,18545521.310514,True,0.020802171609813885,True,0.016778225369318375,True,0.016778225369318375,True,0.021172376894693506,True,0.017148430654198,True
pool135y07cyqvw5tk55y336jtm28rae5rsgrsr6e4cwrzlvqz305cng,EPIK,5975.964296,True,0.0,False,0.0,False,0.0,False,0.0,False,0.0,False
pool13682rvnneuwl5j7tfh0zfp2t808zujjdrw499qkahuxd6zqxz00,,1.0,True,0.0,False,0.0,False,0.0,False,0.0,False,0.0,False
pool136903m0kag2amlga2ypcz8wnf7d552qgy5t6vz2pqlzuq2kyshy,DEEP,91584.159948,True,0.0,False,0.0,False,0.0,False,0.0,False,0.0,False
pool136ahugdvaenv8ed0d3m9af4dxxtzu7u3vpfq4mxk7qq6xuvd0ca,BLOXB,4781.241977,True,0.0,False,0.0,False,0.0,False,0.0,False,0.0,False
pool136mu955m4fl6stzq9rjrsww92xftwnjr85997zykeqylc9h3k8u,ODA,126.675531,True,0.0,False,0.0,False,0.0,False,0.0,False,0.0,False
pool136q98jnwt093qle4ph86vdpuwplg7gyvt20h2nq4m6ksv8xjcuj,PNR39,42761790.124559,True,0.020889235063699618,True,0.01686479589211335,True,0.017152106127821747,True,0.021337101019362707,True,0.017312661847776436,True
pool136wr0g23dw9daekuyqtgk366vywms6meespgpm3hdguxqczaaug,DAVID,3493138.296973,True,0.013846506563934186,True,0.009984651070228502,True,0.013359696372676524,True,0.019107606594220804,True,0.015245751100515124,True
pool137cuaqqktk0rhh3a9zj4rchr75qm07pgzgekprle5qyq2xk2nzq,PDT1,250714.992444,True,0.0,False,0.0,False,0.0,False,0.0,False,0.0,False
pool137j9xuzycq4jxfpsmjnc75w2wnpz68khlwvsh69kt5negg6ldhg,WHITE,1935369.108658,True,0.01511572675726953,True,0.011091264226305911,True,0.011091264226305911,True,0.0186631896000348,True,0.014638727069071185,True
pool13846y7q7tng3endxhet9qdcz5w0fjs09ytcye4dm5g54wmyqeqr,BSP,20960752.599167,True,0.02060679844757596,True,0.01663722610935173,True,0.01663722610935173,True,0.02093004519016999,True,0.016960472851945758,True
pool138e249zh9l93azsf2pf7wyhxyayzcxdhsrg3vqpfx665c8xa348,LGND,53.69474,True,0.0,False,0.0,False,0.0,False,0.0,False,0.0,False
pool138m7hevnvp664cmtralju857t5k7e4frpnaevtgpuykggr50kne,ITC,32928515.843938,True,0.020092689596157842,True,0.01619027477987816,True,0.016552114379830656,True,0.020656733678436734,True,0.01675431886215705,True
pool138s0uwydwtrhkaqj4uwkh37yqw098v9v6nf5q08k9nugumlf8mw,AURA,10480040.250779,True,0.019312309114337275,True,0.01524719308722298,True,0.016431348844552017,True,0.02115819897135019,True,0.01709308294423589,True
pool1398lzhvtaa0hgz305d2jz4urfkwkkt66yv476wqe6att2f7dphh,,18912005.691681,True,0.00020368226357455693,True,0.00016303110068170367,True,0.00016959306994203385,True,0.00021391121565683633,True,0.00017326005276398307,True
pool139ffqrvyqu9sgsekk3pu9t7jxx872w655vses7d4q4sxxyd257a,ADATH,63872.292381,True,0.0,False,0.0,False,0.0,False,0.0,False,0.0,False
pool139gdv4lxw53enk4rms0ryr4ey07k56jufmfrclqqehjdzglheu6,BLC3,19581426.80388,True,0.02104694027353837,True,0.016981876416478473,True,0.016981876416478473,True,0.021401102412460026,True,0.01733603855540013,True
pool139l6650n4u0gg9fmnd3aczp62q5xwngp299pwwhe2mj7sm5vqs6,,1.231208,True,0.0,False,0.0,False,0.0,False,0.0,False,0.0,False
pool13am73gpq93hrngwpnlz34cwcytuykpytxtkz9srmrq3x6x8qlsu,,465.409359,True,0.0,False,0.0,False,0.0,False,0.0,False,0.0,False
pool13annzt9hjfc822f0ejvxjf7fsmxd6cc28whpk5kagec6ggfmm7u,STSH3,16758143.160966,True,0.018160067371831908,True,0.014501509900071988,True,0.015187594264524765,True,0.01921859753413048,True,0.015560040062370557,True
pool13c9mnvfx4nvwvkszxcprwlv60fh3tteef50hhhv9yxptsua2v70,DARK,70799993.254874,True,0.0,True,0.0,True,0.0,True,0.0,True,0.0,True
pool13crd2ljx87988umk22er6ynwadfwdqupdpcq6prc6v59z62kxse,BLOOM,37232766.498327,True,0.020252857644908105,True,0.016399980188433857,True,0.01671995641154194,True,0.020751644110341305,True,0.01689876665386705,True
pool13daql23lkcwwj0gsz0dnu9tu20pugpswfped3kp05ekxkgmcumt,LAPO,932250.161903,True,0.008370384992265308,True,0.004306295160126551,True,0.004306295160126551,True,0.015809375387121984,True,0.011745285554983229,True
pool13ds97sp5wtfpu7x720pj843ax2chfrcj25d88a39l8czjmg4gkf,,103.0,True,0.0,False,0.0,False,0.0,False,0.0,False,0.0,False
pool13ehs4gzc9t6tjr5rpynqtyp8act4jfqth54huymasuslj05fu8z,,8.317875,True,0.0,False,0.0,False,0.0,False,0.0,False,0.0,False
pool13ew2l5glvzj6l8r0qkjqchxjyg7tzmv604zh4y68kvhf5x5skgu,ADALV,56134.476858,True,0.0,False,0.0,False,0.0,False,0.0,False,0.0,False
pool13fpvzhz7p0f4c960k44erfykflr7qdp86t6jnxlfamhqcmfha42,CET,6152364.6163,True,0.01588175922523337,True,0.01222315465925816,True,0.01403855421643151,True,0.018711646770238885,True,0.015053042204263675,True
pool13ft2syyqvrd0x89hcyskvz3dymqz6xavq646x2gy79lq6lrthrx,VKP,4259.437485,True,0.0,False,0.0,False,0.0,False,0.0,False,0.0,False
pool13gyxktxqh8umjn3dh2uk9nucacnegl0ppcsfg236hkfhcg8asxf,OGER,1355.451757,True,0.0,False,0.0,False,0.0,False,0.0,False,0.0,False
pool13h08lf24fjmxxg0mmuattjv8dvy0r6fc4hrqg4qmj38xsweexrv,qzsbu,31536955.814483,True,0.019158402406911718,True,0.015499797840936535,True,0.015499797840936535,True,0.01935631307516758,True,0.015697708509192398,True
pool13hxlxd6qa68fmfhrvvmasa0mjg30tj9p5v2lmgmgsmrp2rgzkfp,dtDn,56101418.142367,True,0.021267628950118682,True,0.01725741970295643,True,0.01725741970295643,True,0.021390008209455354,True,0.0173797989622931,True
pool13k6tphjfsgqdq7h27p4x86ruchcdg2x073luw8pndh3ajxvwvja,BLC,70916264.203142,True,0.02111740673012591,True,0.01709299351355559,True,0.017266238680063616,True,0.021387465372035463,True,0.01736305215546515,True
pool13l9hxj5dke9yd8xrxtfdkxgppj4wdyy52k99jded9f4kv5ce7al,TOOL,662088.992745,True,0.0,False,0.0,False,0.0,False,0.01341150638780376,True,0.009346494652896909,True
pool13lswc5y4zycu9u63ktssp6rnczt97fy54cqk4s2ehwjawg5tlh6,XMOO,250.0,True,0.0,False,0.0,False,0.0,False,0.0,False,0.0,False
pool13lz5g3f0kef09j5jvlw4t0dq7ejugl5q8sh0r8yyaxhdu04z560,ADACP,5433.939462,True,0.0,False,0.0,False,0.0,False,0.0,False,0.0,False
pool13mas2wthxs28zftxskcsd8t87jk2w9ntc0u5uflt45sh7lcvs8h,EMUR3,35497311.503566,True,0.021011092342253426,True,0.017006978620966912,True,0.017006978620966912,True,0.0212035287468897,True,0.017199415025603185,True
pool13mjxg33urh0xquvw33kjn85yw7j42uwqw0pvh8s6c67rszr7ssz,MIHOP,602945.944189,True,0.0,False,0.0,False,0.0,False,0.012476570828986839,True,0.008453586117353487,True
pool13mxx49xrq4hp6mca8qrzxxmjhfrts0ayh5n6ff9uyuusq9cx4d8,UPBIT,30976030.96362,True,0.0,True,0.0,True,0.0,True,0.0,True,0.0,True
pool13nn6lk6dx5ww95h5qqeeazyp074j7en8e6qszq62rtj9wcx522z,MERIA,926890.011982,True,0.008125925728086637,True,0.004142111815972511,True,0.004142111815972511,True,0.015458295170138605,True,0.01147448125802448,True
pool13p725l7vqedxvkrstaq7myguewcktjglapwls3re7wakxdv90fw,ANCO,104496.694539,True,0.0,False,0.0,False,0.0,False,0.0,False,0.0,False
pool13p8rkc9nv8umw98qdvjqv0tmwgjmzlmyedrd3m50pjpp58ek53a,,116.330953,True,0.0,False,0.0,False,0.0,False,0.0,False,0.0,False
pool13pclvkwxee4znt7qc55k8ny89zvdkvfrt04dtd99zjm5vs2tws5,CCJ2,26155186.999046,True,0.02019621614420691,True,0.016331204528756887,True,0.016331204528756887,True,0.02044863720318235,True,0.01658362558773233,True
pool13pt7us94nw782t5v4d89sz8zqn8hcn8r8r7hhph5mvxvvp3c76v,DIGI6,11158119.741553,True,0.019260268633642462,True,0.015368400901378322,True,0.01587085114656808,True,0.02035937854499506,True,0.01646751081273092,True
pool13q8kl9s0kufpl0vjmnrk2f2nz9nle3k9l3pnzh4negaf7kmd80p,,1034.088522,True,0.0,False,0.0,False,0.0,False,0.0,False,0.0,False
pool13q9w8c2namcec725euu7pfjnzz2fj9h5k2wjtafysnwnqdcrwg7,BLOX,214979.902838,True,0.0,False,0.0,False,0.0,False,0.0,False,0.0,False
pool13qdkwy5y88ncr5qpjrh8hgtf94d0zw4wuhgezjg3hvlyyrh37c7,SECUR,37140751.104413,True,0.021354863588340555,True,0.01729498336730311,True,0.01729498336730311,True,0.021541585714139888,True,0.017481705493102444,True
pool13qe6ycacqjg3gpvjewg8734d6hs6rhduuenjtnnkwh327hmtyz5,TDOT,429401.074107,True,0.0,False,0.0,False,0.0,False,0.008934011781581678,True,0.00487121361909734,True
pool13qppafmw3vq5rl4ewmxv7zy84x3rshx9sdczs0zq40cxu0dqkrg,CIEL,10711.296799,True,0.0,False,0.0,False,0.0,False,0.0,False,0.0,False
pool13r4e7tttcxp4qfs4gqtv0hz5k48qdhhxrskz8pjrj6fqy5qmee0,SOLCY,1764211.943119,True,0.014648222978834976,True,0.010584297312110127,True,0.010584297312110127,True,0.01857915657615516,True,0.014515230909430311,True
pool13rcsycq8h085yfu7m3s48gqf9gsxg26fp89q27e3l788k8xa4ea,,7222.36405,True,0.0,False,0.0,False,0.0,False,0.0,False,0.0,False
pool13rt3ngkek4l876980ect869cu978d36dcyh22ts4nwuf7ncq02u,EVE8,44150871.670926,True,0.020178482354570017,True,0.016275971220224637,True,0.01664104668510191,True,0.0206943498592879,True,0.016791838724942523,True
pool13s5faca3kkg6jhqcll8xd9tarur3zkhalyuu92d5g87zyj4wrrc,TZD,70023902.720119,True,0.020259861323505126,True,0.01639800084868407,True,0.01656636478645432,True,0.020522310991205807,True,0.01666045051638475,True
pool13s6u5zjngelr5uddhqygqqf5tcup0g3ajenma6amy9zuu7e97gm,CTL,275294.947206,True,0.0,False,0.0,False,0.0,False,0.00177951714186447,True,0.0,False
pool13ss25l908k5vqfw0aq2t66xr3hrvlqlsf4tfsmp59kyfxhfmah3,,10573.027034,True,0.0,False,0.0,False,0.0,False,0.0,False,0.0,False
pool13t8yafhx3mfnxs8nnkvgqnm9v5gspk7cdjc5dmpzpt0a6h294yn,UPBIT,31653205.292893,True,0.0,True,0.0,True,0.0,True,0.0,True,0.0,True
pool13u45a953lme8y835e5upndqp50r887dha7gt26v6hcaeup4aavx,QET,14613.990813,True,0.0,False,0.0,False,0.0,False,0.0,False,0.0,False
pool13ucz6778ywff5pmcag4pcknq9gm6j04qtgh65cu9c5mt73t5ulv,GLOBE,2761.946533,True,0.0,False,0.0,False,0.0,False,0.0,False,0.0,False
pool13vc4ekwpky5vtnl8pyj60phkmwtv7gsthn4g525udt7mjycs85v,ANTRX,21198.916526,True,0.0,False,0.0,False,0.0,False,0.0,False,0.0,False
pool13w9mcp8af4ef8vwsw624ams38w7hs0chvtjknz2t3pcxkm8w9m2,,9.630058,True,0.0,False,0.0,False,0.0,False,0.0,False,0.0,False
pool13ws3wf9skw0ngg3aze482tdxqsnfmvf4vgy46cux599mxm8n27g,8BALL,1201228.773601,True,0.011372429261774489,True,0.0073216235426305214,True,0.0073216235426305214,True,0.017145684242347848,True,0.01309487852320388,True
pool13wtywenpwvg5snncx5zvxevvry85cp3c9nq0xlxlck9l7qh2spx,0BoB,334174.798509,True,0.0,False,0.0,False,0.0,False,0.005300548817217903,True,0.0012376636636270706,True
pool13wzpwavanfpkr4r4j30plrlc6dn6p822lkt22zdllmy7q8y7s90,CARBO,39136.235253,True,0.0,False,0.0,False,0.0,False,0.0,False,0.0,False
pool13xh3tgwzhr3hn25v5m2dnvqnfcmnzghcfah5t7kzufkywuy7w7v,,66808.431699,True,0.0,False,0.0,False,0.0,False,0.0,False,0.0,False
pool13xlhhdl2phz8sup0hwcuhp6c4kscrtxs6d05n99hnmuakfkd6ws,,39.624703,True,0.0,False,0.0,False,0.0,False,0.0,False,0.0,False
pool13xzckaj3srgldr67dksx874jxe3c9xnc245xyr44p7cdxh07hft,LGC,2981058.509009,True,0.014934715692782695,True,0.011093428151564954,True,0.012713305784092637,True,0.018752998683740803,True,0.014911711142523066,True
pool13y37atzdckzr0gvj8mtnma49602jjtcw2dhr9zmpy4rase88j6p,BKRY,2848.83841,True,0.0,False,0.0,False,0.0,False,0.0,False,0.0,False
pool13z5t8wlhtf7ccc0hud8pnvpjeekjdsyn7sq69fcxf3k6kpnlm74,BTV2,45738955.779991,True,0.020981112087521882,True,0.016997298226793356,True,0.016997298226793356,True,0.021129700962893037,True,0.017145887102164515,True
pool13z9mfsve9w39sl5akgz58yewad9daycxn8ja426ytdxey47yatu,UPBIT,31655449.726951,True,0.0,True,0.0,True,0.0,True,0.0,True,0.0,True
pool13zagy9a4nnhgme5wcnl0w3xzt523yn76jxh52360rryexc9f9dc,,101.0,True,0.0,False,0.0,False,0.0,False,0.0,False,0.0,False
pool13zdrhek6m4n947grhrm0772zt09lrm2vzkffsla25e7yq6xqjkg,FPOOL,128671.768165,True,0.0,False,0.0,False,0.0,False,0.0,False,0.0,False
pool13zh79cqv3y36cgknzagwegp8y0kuzel2j046jmup97hhjwk5myw,,3567.253335,True,0.0,False,0.0,False,0.0,False,0.0,False,0.0,False
pool13zkcgp7se22046p9gczt98au93dw85q2g7m3zany4kzf66y46x0,TERO,11530.049713,True,0.0,False,0.0,False,0.0,False,0.0,False,0.0,False
pool13zq5jktx7xmngfer82nkrs8aqjklmydntxdqzttas328yuttgx6,VICIS,713401.928742,True,0.004285105120788749,True,0.0002199940741978894,True,0.0002199940741978894,True,0.014006132946195743,True,0.009941021899604885,True
pool140d97glhjr5nws8cdhn70h4nk35vmmmvqe3zwg43t4caxt0m7wn,,30.339049,True,0.0,False,0.0,False,0.0,False,0.0,False,0.0,False
pool140x77a7cz2j689lmxf836qpjtc3y83rka28v6gpswxdw2mag62e,UNDR,6123261.201371,True,0.017119752074987775,True,0.013188421187441115,True,0.015154520722326948,True,0.02018455429113334,True,0.01625322340358668,True
pool140xj040w37pcufxdhpjne03sn2rd0fxys4m2c0sgjw5pqjnlx8f,LAKE,9610.220807,True,0.0,False,0.0,False,0.0,False,0.0,False,0.0,False
pool1429egqgv60r3nxlp6cvs08qcffv7duddjvyjd0pt6wzhj7akda8,NASEC,3532902.770817,True,0.014512780150970088,True,0.010490875459548044,True,0.01396844073575258,True,0.01993369072858305,True,0.015911786037160997,True
pool142cpn2gm89q72srv9pt7jtt7p7yg43a8ltfqhz3jp3t3xuh7x48,QUASR,10332.502152,True,0.0,False,0.0,False,0.0,False,0.0,False,0.0,False
pool142xwjhpcvtp7tahpmn8tlnek7smefp9wn66z67j8vjpmjxqdg56,EDEN,15013421.131919,True,0.019827241443508923,True,0.015802828224213035,True,0.016621156031849084,True,0.021102870084823942,True,0.017078456865528054,True
pool143d6z506u6yfufgzrtx8ywcwx3j4s29lxv5tdugcpcwk2l83gck,,70019865.303432,True,0.020259841907433164,True,0.01639798143261211,True,0.01656635507841834,True,0.02052230670824876,True,0.016660446233427703,True
pool143nv3macakarny2hvg67gg00q5j2kdg6yfvcmefqmea3vnj0nex,AND,263508.639848,True,0.0,False,0.0,False,0.0,False,0.0008674192188281644,True,0.0,False
pool143x8nhnr3j9mpzvhayuaen0y8l350guj6yd8mhmhhuupvuah3hh,XSEC,299078.923622,True,0.0,False,0.0,False,0.0,False,0.0033744640653899393,True,0.0,False
pool1442wwr8zzdpcu8uwnglackzr3u5ggrmfxsjja0s7aef66hk2fuc,PASTA,300962.034494,True,0.0,False,0.0,False,0.0,False,0.003490523727527614,True,0.0,False
pool144cfav5vd6vwaej6cspzea3pjfvdcjg86uzv9phxegz87ynw2zz,,160.730261,True,0.0,False,0.0,False,0.0,False,0.0,False,0.0,False
pool144m894gswuy3se407ma5870nkaw5ylykrak73gf4kpepj50ulfa,CLUB,590315.088763,True,0.0006579490357168095,True,0.0,False,0.0,False,0.01240591233872543,True,0.008340796049440111,True
pool1456lrrp0a3gsgkmyx0rm8wkdmdku75tfdlu9xvpffvxmqmjkwee,ADPL,141781.432515,True,0.0,False,0.0,False,0.0,False,0.0,False,0.0,False
pool1457cnl7qu568h98xrw8krfnjkhf05mfhaq2l50epwy36yuln20q,GMO1,64892438.031818,True,0.02301729074863399,True,0.020721701151127654,True,0.02090529110954713,True,0.023303475095582,True,0.021007885498075664,True
pool145ak0czqxe97ef38zjupk0pz5yk7pahcyrdfee2lrnsnwawj6dc,TIA,1102338.237266,True,0.0,False,0.0,False,0.006072813860903227,True,0.01596257338234973,True,0.012080883594949705,True
pool146s6wt66d069uqfvjh39qn0racde6pytzju7y4mykf88zc0dscz,,49670173.475712,True,0.0,True,0.0,True,0.0,True,0.0,True,0.0,True
pool146u0r8qh0jg6rd3th76q6cepwm03nya4pkvfj08juqrz7wxnfv9,PINAS,15.435806,True,0.0,False,0.0,False,0.0,False,0.0,False,0.0,False
pool147en6w8f9cplnn5x7qt4ese7fpacmmcwuffrtu0yqxpaz4agppr,STI2,15308973.774234,True,0.019761510277935997,True,0.015759277991810896,True,0.016557754113089095,True,0.021006193643457894,True,0.017003961357332793,True
pool147t2chee9vcyjxtafwd8emkjj88f9dra0xa2clgwlr6m7tzdzvz,GIGAX,809.142273,True,0.0,False,0.0,False,0.0,False,0.0,False,0.0,False
pool147tju4482jtl253lgqq88fkefdugcuhaumf8m0rcj8uzxu846qm,,74406557.501501,True,0.020279695086594253,True,0.016417834611773197,True,0.016576281667998884,True,0.02052668608600488,True,0.016664825611183823,True
pool1484zq40k4xg69t55z4fqz78zz6j3t9pvlw4jd635w692xhfzkka,,31812.122034,True,0.0,False,0.0,False,0.0,False,0.0,False,0.0,False
pool1488f5rzus7kpu3zr6zwyw8mdy0rj4m3knssv58enurgsx40msjf,,1087.461798,True,0.0,False,0.0,False,0.0,False,0.0,False,0.0,False
pool149d5lzg7m6susau4f4yfdztgkty34qrcdpvd3ygsetmljgxxf8g,TERA3,20024820.441262,True,0.02044118357711179,True,0.016376083017919735,True,0.016995813918199303,True,0.021407234686371117,True,0.01734213412717906,True
pool14ajz2t680q2c7tekek3eqazhnapfl3l4w3cep9tnh9ym6jhph8m,CST,1681450.529794,True,0.013875035767606883,True,0.009934342046077868,True,0.009934342046077868,True,0.017875718440575047,True,0.013935024719046034,True
pool14atewgzlv6nl2e8k3ndrzwt9y07sepuplj9vuxk3trzzj5lmg64,WAY,1232.792602,True,0.0,False,0.0,False,0.0,False,0.0,False,0.0,False
pool14cautfm2e8jxv79tv59grnryjxs8f2wewz66wup695xgu7wjnvr,,69421.579083,True,0.0,False,0.0,False,0.0,False,0.0,False,0.0,False
pool14cq4fchmmqjygwjw4zexmqqd6a7caxptjnvseyu6wanjuppv4vk,CH1,76723576.889819,True,0.021770452900213375,True,0.01786257547847998,True,0.01786257547847998,True,0.021860842325226226,True,0.01795296490349283,True
pool14dswwngc8j92uek927jced2lfc7c4pa4ss9gry9nu9rhkc7a055,VRIJ,815849.943596,True,0.006476861647387472,True,0.002416352849561518,True,0.002416352849561518,True,0.01497719930682615,True,0.010916690509000196,True
pool14dz6syalxmtlykaudkk50t9xtve0ne2rvtsgqmyvfeg5cxx68n4,,36903.304032,True,0.0,False,0.0,False,0.0,False,0.0,False,0.0,False
pool14e7g4xmj77s7sy5uajwvdmvejmjcvhkf449tasq3tz80gv098t8,,872.085077,True,0.0,False,0.0,False,0.0,False,0.0,False,0.0,False
pool14enw2643rn9nn6yzv60jyz3hj4kxs0jvap87lkgsqykh508jxm6,STSH2,12244223.816442,True,0.01766143427089702,True,0.014002876798098963,True,0.014941890995516747,True,0.019110199032627315,True,0.015451641559829258,True
pool14exgv53wem2jwutrqpsdxtrl4hweefymltq02xt72z60x8ge4qf,ADR,449.960297,True,0.0,False,0.0,False,0.0,False,0.0,False,0.0,False
pool14f0uj8vghxzs09p3rzvhlur0dnfwylxc67whaz087srtjjrcjgd,BOATS,137063.516769,True,0.0,False,0.0,False,0.0,False,0.0,False,0.0,False
pool14f58kf59ec7ymk7mm5w07advfgs6a2guur3g5zyf45uvyvl80t4,EVE5,97493.242218,True,0.0,False,0.0,False,0.0,False,0.0,False,0.0,False
pool14fjmlppz76667ws3jl5luejf2wgztuhpsftulvh3ucc65anqgve,XSP2,37102176.017223,True,0.0202358408098411,True,0.016322143422610146,True,0.016644249328054948,True,0.02073794707421094,True,0.016824249686979986,True
pool14fka0t3prjrldjkavqc6vs0zyngq7jw9edek57js94g9v4r25rg,,4630.384584,True,0.0,False,0.0,False,0.0,False,0.0,False,0.0,False
pool14g73qj0qz05ymqg7dp9kxdu8jr7uuzm6z6n3jwxpvqskghhmhng,TWIN1,8271.238976,True,0.0,False,0.0,False,0.0,False,0.0,False,0.0,False
pool14g7yxpecpp2vt25nc7mjtf8q5g8n362wxksvpxz5fht35khqs0t,EPOOL,1540.253137,True,0.0,False,0.0,False,0.0,False,0.0,False,0.0,False
pool14ga04y2dec7vmahzstd2c5mjsw7vq0v62mwclqynvy2wsc5g40p,WAV6,2.5,True,0.0,False,0.0,False,0.0,False,0.0,False,0.0,False
pool14glhqr7989jz4yu0hnytpw62xlq0666sy075ztufdya2yw4d6fe,CNDL,2266.748728,True,0.0,False,0.0,False,0.0,False,0.0,False,0.0,False
pool14gw9d5yhxf5t6k68tqvpa95hragu78yuyr7lm9gz9d9dx2yz9s4,EUADA,12697.480936,True,0.0,False,0.0,False,0.0,False,0.0,False,0.0,False
pool14gzj8a99u43j2gu3z0wcyedvdca27m2lx7msqxywl3lrcyrvmys,,313.285815,True,0.0,False,0.0,False,0.0,False,0.0,False,0.0,False
pool14h7cjyklnrf2ylu6g2z89n5zckeyprw36lstw7lw5kvqwc4xw2d,HIMAL,37.987754,True,0.0,False,0.0,False,0.0,False,0.0,False,0.0,False
pool14hhs6ruwnuaf4fzsmx89mvmjl2qhyy5jnzyk2le03886kj6z9yp,OKYM,3247339.873911,True,0.014787355364061753,True,0.01076294213223808,True,0.013656110191263823,True,0.019794761620067852,True,0.01577034838824418,True
pool14hk8kx2c8ukxcq7z3tqdedly9599f9sfhy5lfd3mp98txkdeevk,RDC,41277.291511,True,0.0,False,0.0,False,0.0,False,0.0,False,0.0,False
pool14hp04q89xy58gh9jjvfra5x8lfzd7jes3jljwcjrh0rcjqkss7y,CCOOP,201.302353,True,0.0,False,0.0,False,0.0,False,0.0,False,0.0,False
pool14hpc9wgnwy0w3jrlcqwftyufm8xs5qena4sax5hx7e5q703uuml,,18.816176,True,0.0,False,0.0,False,0.0,False,0.0,False,0.0,False
pool14hsxa2zfwzvy9ncdjwnx0xkcltjmdydeayxfju7suuuewv0dnke,KROM,271070.64205,True,0.0,False,0.0,False,0.0,False,0.0014863568550820391,True,0.0,False
pool14kd9lt3gsdhv48j9w4vgcufw0txdvz932xwh9dapkpv2c0j4ytd,FRNTR,26046.378685,True,0.0,False,0.0,False,0.0,False,0.0,False,0.0,False
pool14klr0hf5chszxhqt72nqxl57q4eemz0ys83pcpnc8nmy68fx5vc,BPT,632.644176,True,0.0,False,0.0,False,0.0,False,0.0,False,0.0,False
pool14lr9ef5a22ng5xcu2rhpkkc86u5fp24r5gnj6hvnjxmsv8t8rtj,FRUIT,17662.245764,True,0.0,False,0.0,False,0.0,False,0.0,False,0.0,False
pool14mfq8s3gspe8sdka6cgkm6jzgd644dvw2av5kqa8w4havs9e57u,,25260.930066,True,0.0,False,0.0,False,0.0,False,0.0,False,0.0,False
pool14mhf0xtx45a8979mcnad8upas8apwal4nfqd95arv4wlsuk6m9q,GMO2,60103835.657889,True,0.021907277375141455,True,0.018936213179737153,True,0.019134430146584527,True,0.02221626264699178,True,0.019245198451587474,True
pool14mm59ntjqzphjr6chrww639cdr3yjce4qcwzc5jkk38y22u7uc6,ZZZ2,33328546.501727,True,0.01989309919554672,True,0.016033727216302564,True,0.016387463014513538,True,0.02044451088099324,True,0.01658513890174908,True
pool14mumny7t9l4ydjkqkllylxzzvwf0s5te9vujqet82eszj3d6ccm,,1.0001,True,0.0,False,0.0,False,0.0,False,0.0,False,0.0,False
pool14n6nrj7rdrcxhwlzx5kytt60pqwnzjm97nuczrpa0ucwzyx2ule,MAKE,136365.182763,True,0.0,False,0.0,False,0.0,False,0.0,False,0.0,False
pool14n77mmxh6a2d9k05jamzdwsws2ayvkyje8uc7led958p63at3aj,SECUR,9379905.555624,True,0.020374043643410902,True,0.016319217650212065,True,0.016319217650212065,True,0.021113390106856037,True,0.017058564113657203,True
pool14nxj3szga2tgllwenjgajfl3y4t570yghhyk36d2heuqvy63wl3,,14570508.614492,True,0.018978320364109548,True,0.015116459889288496,True,0.01592559430675653,True,0.020239618132515607,True,0.01637775765769455,True
pool14nzt6708j4jgu5f5ajxgp0pdfp42jqraum585dy2r7vt5zulyd8,BN1AU,16221.979478,True,0.0,False,0.0,False,0.0,False,0.0,False,0.0,False
pool14p4ksk3ddqtax905sys7ujakpxwvfsntjnvlu8p9d3wxycy7pv3,KIRIN,5122.521586,True,0.0,False,0.0,False,0.0,False,0.0,False,0.0,False
pool14p6lu0454w4wq6gsxxftqdz43x3tuv3teunp8kgu08tacgf43gd,,594.564135,True,0.0,False,0.0,False,0.0,False,0.0,False,0.0,False
pool14pm8aq4eu6ms4r5egy6j4g0ny76cpqgy40qgyxa8c4f02kj98wg,,75059.279918,True,0.0,False,0.0,False,0.0,False,0.0,False,0.0,False
pool14prutdqlndelj94pdz6h03yjh8c2qrmvgzrh4f46nryn2024u90,ADAMP,10252.711035,True,0.0,False,0.0,False,0.0,False,0.0,False,0.0,False
pool14pwff25hl70dusazjckjqvzft35ew67t33x49hwjm5j7y675ere,,117.618178,True,0.0,False,0.0,False,0.0,False,0.0,False,0.0,False
pool14pxhk34wlpu2azrnwy9ah8hrzxgffhqthcxcp620209eupfjfcn,1337,4365.205438,True,0.0,False,0.0,False,0.0,False,0.0,False,0.0,False
pool14qpadfdjzw6jkwxy67uhey6tjpyppsmwgz5awfsxwrtpsecslpc,BEADA,1221666.080784,True,0.011298777340769714,True,0.0073192527437319025,True,0.0073192527437319025,True,0.01686191779862584,True,0.012882393201588026,True
pool14rf039l9kskejp4g7synrefujghemdwkenx544gywgp9cttert6,,195.445945,True,0.0,False,0.0,False,0.0,False,0.0,False,0.0,False
pool14rs7ky0p867k0fe9mk3uug9c6w0mwlz3sllh7rpwxcqacr70s8t,KIKO,110503.354467,True,0.0,False,0.0,False,0.0,False,0.0,False,0.0,False
pool14skj6e4rpjanzclx3fc880xnl8xafgg63tmw93t9xspvwx985qu,EVRST,51288965.743725,True,0.020266925632054327,True,0.016364464330866035,True,0.016678730757694344,True,0.020710997756920417,True,0.016808536455732125,True
pool14sy0qjv6fl5jcv0gfn6zl8w9tqnm67drxum6tdmazcjvypy848w,AIRE,5025.750076,True,0.0,False,0.0,False,0.0,False,0.0,False,0.0,False
pool14t5mu3sc07e92k6etpq2xftwjy2z3y8gxq0wny2crdckq2rpt0r,,2602.446738,True,0.0,False,0.0,False,0.0,False,0.0,False,0.0,False
pool14tj8njl3ggzj4dzcsrm5yjekrahytp4zkh3s78gsxz4c55jfuzv,,760.828483,True,0.0,False,0.0,False,0.0,False,0.0,False,0.0,False
pool14ts4y6fpvxnc3e2aqwxqh5xskjyzlpzk6rexgyt3syh2vdgrv7a,,500.0,True,0.0,False,0.0,False,0.0,False,0.0,False,0.0,False
pool14ujg8l2x6fm5jm07jd6jftktt35dzsnefl2jmx9d8vr4cxxkt5d,,65838.642173,True,0.0,False,0.0,False,0.0,False,0.0,False,0.0,False
pool14w9tn4w30dwd2lfv4cwjg2a2e3ukfd0nqrydx37fjzf7z5f5jnk,KOBE,85729.413024,True,0.0,False,0.0,False,0.0,False,0.0,False,0.0,False
pool14wfydr6sewgx0qw39ccv53dysgg9m4u2763ngcyuyuxrxdfhq3e,,2894.300716,True,0.0,False,0.0,False,0.0,False,0.0,False,0.0,False
pool14wk2m2af7y4gk5uzlsmsunn7d9ppldvcxxa5an9r5ywek8330fg,SMAUG,31376254.919132,True,0.020728515940315273,True,0.016834848000043773,True,0.016834848000043773,True,0.02094293424859775,True,0.017049266308326247,True
pool14wn0gvhwme9lxx9l7j85k0dr2twyrgf9j0k3gx0f5d5ckzeln2l,SIRET,896.394957,True,0.0,False,0.0,False,0.0,False,0.0,False,0.0,False
pool14xq8v9s80ut6vmwp93tzhlydhsdqhxk3e9jerl2kl7hm2dq6pru,ARH,70193192.449983,True,0.020260673433185543,True,0.016398812958364487,True,0.01656677084129453,True,0.020522490133047078,True,0.016660629658226022,True
pool14y3wr9lkqyeg8z8pwuprmjwahr0ydu0pjs8usy2g93mugtpx622,GAR,190.785069,True,0.0,False,0.0,False,0.0,False,0.0,False,0.0,False
pool14yezww4csqq4ny9xwl45e3vckvrd7rkw2j4f350wl2mqqw6shcf,MnM,2659.962122,True,0.0,False,0.0,False,0.0,False,0.0,False,0.0,False
pool14z3hap9tf6gt4gk8u84kcwm3s0etcgha26sn8t8wmvcruk0kvgj,JACKS,736295.228921,True,0.004826795671165864,True,0.0007621966704227113,True,0.0007621966704227113,True,0.014245571900590656,True,0.010180972899847502,True
pool14z5zuqy98d956cktyjuztaj7u4a4wje88c8ewznqdh6uxwlpnj4,LINUX,107.145887,True,0.0,False,0.0,False,0.0,False,0.0,False,0.0,False
pool14zdcvdec8qmqzsat5wg3a2h9f0u5yzrgjew534z8u3gs5durnjz,PAUL,33030614.608485,True,0.02030944387345049,True,0.016371358355020942,True,0.016735799045655496,True,0.020877542597086702,True,0.016939457078657155,True
pool14zkvjsd7ny9dgc2d5faqwttzh2me0tzuk9xmf8vydxxcvqaaaya,FORT,621.049241,True,0.0,False,0.0,False,0.0,False,0.0,False,0.0,False
pool1509aw97y38yl6cpamvpzv58hh9c6lxrggxssya9twj9f6xxd394,HKB,2154.234843,True,0.0,False,0.0,False,0.0,False,0.0,False,0.0,False
pool150hft90uw7tzr9uvj7tqkjp4u98a9hl20llj3n9ew76kkfm768r,MONKY,1606607.518224,True,0.013910073198922493,True,0.009858667574335903,True,0.009858667574335903,True,0.01821224804349229,True,0.014160842418905696,True
pool150n38x8gquu4yt5s0s6m3ajjqe89y68x96dh32tq8a4es2l6dvp,ETO1,4007584.229626,True,0.0,True,0.0,True,0.0,True,0.0,True,0.0,True
pool1522rtve5zlgnlh3zm5a4mcy3u7gpndg3kkac3xyzxmp6x6weca3,1112,3499196.497981,True,0.01094067748666621,True,0.007891843415687152,True,0.010551739767712632,True,0.015086986506000048,True,0.01203815243502099,True
pool1533ly347ggl6je42ta7l7dv262hg07n8p4y8v32npgvajl6rxqz,MONTY,49315.192102,True,0.0,False,0.0,False,0.0,False,0.0,False,0.0,False
pool153sc4fct34a680nyfj4084w8dpax6c0zt0js8zqvg3sj7wtk486,SASA2,22253959.434916,True,0.019948360181159808,True,0.01600520144943862,True,0.016546125415585203,True,0.020791565187211838,True,0.016848406455490652,True
pool154hq0j6u6ydz62mtlu7xaj78mhreyp0zsv2kq7f0qmne2fu4t7y,CTEC,13790648.152554,True,0.019684528554237166,True,0.01566161793926654,True,0.016552504274998676,True,0.021073263136407852,True,0.01705035252143722,True
pool154sjkrwdu80wp6mnjvkwk55aj53l4v37z4zwulfak74vcxg60x0,ANZ,237631.650099,True,0.0,False,0.0,False,0.0,False,0.0,False,0.0,False
pool154xmvhp4jnz7phwcla09uvzqnn3ch54lh2yzrt2znxdgc4trp8x,LEAP,3958604.792304,True,0.01854568569564917,True,0.014480574649660842,True,0.014480574649660842,True,0.020297565553290542,True,0.016232454507302218,True
pool155cu3s06js3llfh07vnzepatfuvt3s5s7uwldt9rzz55wz7pugt,SPS,11417148.837871,True,0.01853215895813807,True,0.014670796236427586,True,0.01570340955936982,True,0.020141820902724487,True,0.016280458181014004,True
pool155p7g23vdme50kp5lfqylfx5h7ndldyz2mletvr8fqucqzyrk44,WPBJ1,74951829.703625,True,0.02443318196932415,True,0.022991724547939726,True,0.02315067463691165,True,0.024680957108015687,True,0.023239499686631263,True
pool155x3l57d4xu52t93f9r55cqaysej4pc2dl3jkc9d6w5ckyu6u7n,SPRO,179868.552514,True,0.0,False,0.0,False,0.0,False,0.0,False,0.0,False
pool15676jwlm6gancffzs2jg9vf5xwzmspyktw75dl4kaucyst4qt8q,RAMA,37647.583461,True,0.0,False,0.0,False,0.0,False,0.0,False,0.0,False
pool1568zhphxsnj5mfszwgta5zlvulu67g8f4jn6d3xs2tvas8ffu76,PSPJ,1018557.39768,True,0.0,False,0.0,False,5.432955452134398e-07,True,1.6306201668738528e-06,True,1.2241604641463641e-06,True
pool156wg3relgtlhwu55z3wpqurtaprguefe9tzrakhuqyyc60553au,LAB44,1092804.399619,True,0.0,False,0.0,False,0.006233848365615677,True,0.016526663869113976,True,0.012516445692633825,True
pool1570hpvwg22nm8uat505mj5hm6p6z26528nuwvrr7r5nh6yavdqt,,1.0,True,0.0,False,0.0,False,0.0,False,0.0,False,0.0,False
pool1570nv2jeglcq92gg0qmkyl5dwg92mj4374j4c7eagx47kdm0r4l,,12753.419841,True,0.0,False,0.0,False,0.0,False,0.0,False,0.0,False
pool15730lwmu7vrffkl40wtjrnctsfd840fl5jmuw230r0d65a74k5e,,942.823411,True,0.0,False,0.0,False,0.0,False,0.0,False,0.0,False
pool157dwm0l9jf2h59me75slfww8dylcnumdgjvhpsyhfmlry4cn44a,ASY,223122.65508,True,0.0,False,0.0,False,0.0,False,0.0,False,0.0,False
pool157e2zadjusu6esf9mmx37nf63ep2gazdeln5mh04ylpcvz59g5c,AION,466823.640253,True,0.0,False,0.0,False,0.0,False,0.009812625224285722,True,0.00581441641104848,True
pool157sjc5een0ptynrn6ettx6zr2gl8wm8ymjtwuyravqmmcs45d20,,12.440621,True,0.0,False,0.0,False,0.0,False,0.0,False,0.0,False
pool158ag8p06qm4apd750ekep6een9cdldqsq434ll2mp0ykgunmguy,ALPHA,269049.137378,True,0.0,False,0.0,False,0.0,False,0.0012920258383459153,True,0.0,False
pool158je65d93ghx2sedvazczpxjvnx0k6mwxwup8vv6uxnz2x0xal4,SAMOS,1123.40592,True,0.0,False,0.0,False,0.0,False,0.0,False,0.0,False
pool159lt33zgmwm4ehyhr39lw5gv4flncg0lswxrrny8fnc4uun4h74,MOONX,10.181917,True,0.0,False,0.0,False,0.0,False,0.0,False,0.0,False
pool159s558a4ffhp9nqjp9dx048lphdlxjc8xmy5pcmfe4jhuxe4a2u,FGMT9,35122214.085653,True,0.0191945543186325,True,0.015535949658275811,True,0.015535949658275811,True,0.019372262363597396,True,0.015713657703240708,True
pool15a04yc72q4tfkwaweu86l0764urswee8c3zxperyrdq4kx8nvua,1PCT4,82087.190195,True,0.0,False,0.0,False,0.0,False,0.0,False,0.0,False
pool15amxxauxh409wcuc87e0tusfzuka0wfvxhxmpt6vugqgsw6j4d6,KITTY,1312.851747,True,0.0,False,0.0,False,0.0,False,0.0,False,0.0,False
pool15ccmgcc4k9t8auxw9v4dfjmrl2kqnuevawn8z6n7xv09utw9hh3,4ADA,21440403.791132,True,0.020704185737401005,True,0.016735631388468862,True,0.016735631388468862,True,0.021021171371916482,True,0.01705261702298434,True
pool15cy4p3axu0m6sfrmxsp46z5cevx3ruksfwjl48730cgx24j4ydz,TECH,68111451.9439,True,0.021506890682364554,True,0.017447069296169414,True,0.017447069296169414,True,0.02160870909618595,True,0.01754888770999081,True
pool15d62znf04qymt6ve536tt5y9ky979ly4um5zmgz9m850vu7wuv7,NUFID,41819962.655707,True,0.020454591409270046,True,0.016511479469303175,True,0.01679932525479809,True,0.02090329219254153,True,0.016960180252574657,True
pool15dp6dchtfwml32ls8xuzu4u3xx6kjekc3kvn0enexefxj90hw3c,CRYPO,81754.132596,True,0.0,False,0.0,False,0.0,False,0.0,False,0.0,False
pool15em5uvfe8ujs3ny6ydcnynazvxhnk7dq9hu8zp4qf5jmknx32jn,,485.503154,True,0.0,False,0.0,False,0.0,False,0.0,False,0.0,False
pool15f9qklmaajysmwx9n3rkgc5s2g3rfffz4x8spnedtzdgq43tpe2,WEQNT,2188561.568811,True,0.01569002454595363,True,0.011706210582454015,True,0.011706210582454015,True,0.018795397543841137,True,0.014811583580341523,True
pool15ftrqf7j80w57leflatx66x00qfhu483a290gmp7q85pjxrf480,ISPP,508968.655652,True,0.0,False,0.0,False,0.0,False,0.010923586808768329,True,0.006858479325544561,True
pool15fxktqvd92sq8plh3rjdrksumt9p8rzsayfk4akv2hng5r8ukha,HAWAK,218572.38692,True,0.0,False,0.0,False,0.0,False,0.0,False,0.0,False
pool15hx9hze8ulcsw6e7ceelz2pem2g3u9c29wqe4eszkhspj3wcdlx,NETA2,249274.899084,True,0.0,False,0.0,False,0.0,False,0.0,False,0.0,False
pool15j6hdfel6c6zcr8gu39qgp5xkrs264yn9hm8ynhaydjtxvmznxq,ASKP,3664225.853088,True,0.016502477664440903,True,0.012438404606315661,True,0.01423141635379383,True,0.02018811292314603,True,0.016124039865020787,True
pool15jc92k3rhksa3uf92sluqhhnnetx04l49xttslx67kuxz5e36e4,MAYA,6705.418844,True,0.0,False,0.0,False,0.0,False,0.0,False,0.0,False
pool15jdufl3ahh3gn0p4nf92pxjqhs2qm2kwf626hdaxktn9yh8m3p6,DELTA,350998.060354,True,0.0,False,0.0,False,0.0,False,0.00602146244859362,True,0.001997023240337781,True
pool15jghwj2w3ag0yxh45w0a8d2aexlrhp3ce3gefm4ap07ssehz8qj,AUROR,197.700787,True,0.0,False,0.0,False,0.0,False,0.0,False,0.0,False
pool15jglqzc80vp83806wpa3rae699q32sxwycjmztkpy6h92p43t4h,,779.16351,True,0.0,False,0.0,False,0.0,False,0.0,False,0.0,False
pool15jh849vks9mctm28xe6kgz682vnlu0pzawvftl7ltjtvwpwp59s,GUAVA,5130.872667,True,0.0,False,0.0,False,0.0,False,0.0,False,0.0,False
pool15jkpn2jewgensrnulsm0kqtj58nauvgng0qvy2ux47jdwncsw9s,MERCY,12664.533293,True,0.0,False,0.0,False,0.0,False,0.0,False,0.0,False
pool15jlf23neurgga440wxfux2g4pk0pwjm0t9mvvzvs0npvy59mdpn,,99.578092,True,0.0,False,0.0,False,0.0,False,0.0,False,0.0,False
pool15ju4ktqmtha9vry4mf44hr2psf807n4achj76z8uhawgw9462kx,,699285.636247,True,0.0,False,0.0,False,0.0,False,0.013742009246594132,True,0.009710424697970755,True
pool15jzfzmh3s4vnhm2qm3p5e0632kv8nuw2luxarqrzpa8a6cgnthk,,101.25021,True,0.0,False,0.0,False,0.0,False,0.0,False,0.0,False
pool15k0zeppza4qzgf6z7wmwsgvl5rz9f6489zxhrxqa8dj6jzju6ct,DDOS,5137619.355145,True,0.016682748081850923,True,0.012659317379423985,True,0.015050677881384188,True,0.02041045709961242,True,0.016387026397185478,True
pool15kek228mhvnsncdjn77u8qtrn8hjh5wfzmh6g942xf0353yc77j,TIA,35017402.005504,True,0.019923238274945257,True,0.016061377800124205,True,0.016398053262174386,True,0.02044805590696466,True,0.016586195432143604,True
pool15kh3h3d77hdcv4ld82cm7mxh7uuqm6d568drqaky9ftlczl6hfh,,3743.562473,True,0.0,False,0.0,False,0.0,False,0.0,False,0.0,False
pool15krrlqfd3uc8nea2tw8z3wl2v0fny4enhu3q892988zv7dhv0vk,,25196.726617,True,0.0,False,0.0,False,0.0,False,0.0,False,0.0,False
pool15l4plz3r2lm5x48lz78ph7qh8w89zd7ewrg62gvwv7u7kw6tmns,,25539.160274,True,0.0,False,0.0,False,0.0,False,0.0,False,0.0,False
pool15l7f5vd5sqchjqys6x5ygmdgs88q4y6ndwc7xy9a05y2jfced93,,103.0,True,0.0,False,0.0,False,0.0,False,0.0,False,0.0,False
pool15l8p8v8yzdjvl3vml6qafx0wgy4k6t938jl0qy24wslgw7xlhc2,SAvvY,0.047069,True,0.0,False,0.0,False,0.0,False,0.0,False,0.0,False
pool15lp37f7da0guj662jcxy0eyc49s5gxudcd93j8qz4nfcvuhrsf9,SCV01,51169.29543,True,0.0,False,0.0,False,0.0,False,0.0,False,0.0,False
pool15mfkj8sl7estcmmd5a07afrx5f4hlz3pcr6p6ay5pfmrjfl2hlf,DOXA,1012124.342771,True,0.0,False,0.0,False,0.005330335312988085,True,0.01612677827393967,True,0.01211374097755612,True
pool15mkly3gw008dmxfrh9eycl5aguyfm0rhdlup2hzukjkrsfdxqew,,112.597005,True,0.0,False,0.0,False,0.0,False,0.0,False,0.0,False
pool15mv5w2vvfv2kplkrt40ylylyvdudv5axq5nyw6ln3v0gkd2auew,NLD,429181.152735,True,0.0,False,0.0,False,0.0,False,0.008923770089105547,True,0.004858654324150347,True
pool15nww4436eq733eypdq7vnllsnqyrwftw434xkvpm2mc2kfue2ux,SEED,405629.79969,True,0.0,False,0.0,False,0.0,False,0.0,False,0.0,False
pool15pggy59smh8465ldedcc5ks0nlr6xxlna73wmpkfp5jn7sh23pv,KPOOL,710.795142,True,0.0,False,0.0,False,0.0,False,0.0,False,0.0,False
pool15pmdr6nw3g6mmt7regefp2lrx3njah0gpwsnqm794c4wsr23062,METAX,925841.443536,True,0.0,False,0.0,False,0.004223658920070657,True,0.015774574803781943,True,0.011714142359128701,True
pool15r7xg0vrrv2yu8wj3866eap8ftkuxvdk5rjz2lh4xajjq5v3p5d,NUFI0,7924254.649259,True,0.017992091865565035,True,0.014048979920395933,True,0.015568075473581574,True,0.020360093757295594,True,0.01641698181212649,True
pool15s7w4spg5ee7n7rprhs0dq78plw2mhjkpu5v97uvl27gz2way7z,BALNC,72966563.938869,True,0.021518931108870588,True,0.01745905781947864,True,0.01745905781947864,True,0.02161397464149205,True,0.01755410135210011,True
pool15t0vyldspax6eu8mq7f50s4rjk2qn2g7kudl98tjuqzt2a2zpmx,RXE,10.276968,True,0.0,False,0.0,False,0.0,False,0.0,False,0.0,False
pool15tn0nlazaatulwq667qdfs597pqlrgn62at0fqv3lvz5cg9l30m,,70.47316,True,0.0,False,0.0,False,0.0,False,0.0,False,0.0,False
pool15ttu2vykfdfdxv7vve93l3dvk6tlrcegz7r6749syys4us2k3tu,GENIE,432.075956,True,0.0,False,0.0,False,0.0,False,0.0,False,0.0,False
pool15txd36fltfgc63qq0yxtpqt88eu76s0yhugn9a6q7f4zspq6k5f,ARM1,12742922.932891,True,0.02030285066751385,True,0.016323735570756653,True,0.016323735570756653,True,0.02083624426455556,True,0.016857129167798364,True
pool15uuf0sz5w0kp50wmflxml8ffnz880402nvj54e40e7l8x06y5e6,MEA,42864.87275,True,0.0,False,0.0,False,0.0,False,0.0,False,0.0,False
pool15v22rpfg6qx9l0gx0m955gfv7tes0jpa9sy0gjs3a04lv6x9jdr,LBF1,63038323.964097,True,0.0201947306458742,True,0.016373521432522343,True,0.016373521432522343,True,0.020298142341967397,True,0.016476933128615544,True
pool15wfu7td5r4k27erk5q5wt06x59skxxyqj206tdnfmfmk7pd3rp3,,34697.003525,True,0.0,False,0.0,False,0.0,False,0.0,False,0.0,False
pool15wj590e6gsmpmttrxjd0emck09a0h9tazd2ww77q6duyvg8lyum,HUSKY,2189484.629892,True,0.01003509078023565,True,0.006092434334257172,True,0.01159039482946,True,0.018605440963934176,True,0.014662784517955697,True
pool15wk0wjrau5pv6rp6w34g3mjxqejkfj3yak0xa9m63upcxx63myh,MCA,68739.044088,True,0.0,False,0.0,False,0.0,False,0.0,False,0.0,False
pool15wkxegrfflzcyhurrjxsm9ljqtz09xr5rtnqsarnp7hmsz5um3t,STSH1,18751658.36702,True,0.018303860602239506,True,0.014645303130778957,True,0.015258448900340412,True,0.01924985693242004,True,0.01559129946095949,True
pool15wppycnx4mgq5nmwg4eyzj4pg5wazhyml48wsy0jskunsqq69gh,INDIA,557450.00459,True,0.0,False,0.0,False,0.0,False,0.01162194173144387,True,0.007638135473716473,True
pool15wwz2tj30xjerxstwjezhlp8nqqu8jyvxp0h6dj4kzdq6cgv3gv,VETS,14309.460627,True,0.0,False,0.0,False,0.0,False,0.0,False,0.0,False
pool15xdvllxmlzhz0ct3u35wv3gmzxym06zwg3l6ltuqmcsmv9jq527,,25.825259,True,0.0,False,0.0,False,0.0,False,0.0,False,0.0,False
pool15xfeh7v3kr5j4unyeszxnfvy349d4h8s92h4xdwl2hct6n0wgah,,939.083298,True,0.0,False,0.0,False,0.0,False,0.0,False,0.0,False
pool15xgej4c7ns20y5pt7dc5vq6yj87ss5sl2ffucmh5j766j90ppur,1PCT5,221571.814939,True,0.0,False,0.0,False,0.0,False,0.0,False,0.0,False
pool15yyxtkhz64p7a8cnax9l7u82s9t9hdhyxsa3tdm977qhgpnsuhq,SECUR,66283902.619502,True,0.02085672941833885,True,0.01691865162487343,True,0.01691865162487343,True,0.02095821635157837,True,0.01702013855811295,True
pool15z7890uxn6nwl2yufxgrdsvjrpd0kzngvudfm2z2yafsjgkfndg,ZOHAR,832.494667,True,0.0,False,0.0,False,0.0,False,0.0,False,0.0,False
pool15z87p296y3m7eq8pwuu8qs6h2v4d2ctnx3yd2vqpl6txkkdvl5h,MUEN,9079313.264193,True,0.018568815983515143,True,0.014585515375755835,True,0.015925021971256146,True,0.020656870382383275,True,0.01667356977462397,True
pool15zn2lqq4849ujttuthaycpamnyr8ae9k2pn2fkrlfzzsx4ek0tc,LABO,1698361.672789,True,0.007282283411779402,True,0.0032176884450536695,True,0.010309817402615488,True,0.01845775934490712,True,0.014393164378181385,True
pool15zrj43nldc357nas0g7glm09wqhtyexxs64skq52mtg6sdrsjzd,,60.781695,True,0.0,False,0.0,False,0.0,False,0.0,False,0.0,False
pool15zrkyr0f80hxlt4scv72tej8l8zwrcphmrega9wutqchjekceal,ZETE,39660795.374542,True,0.021055652138827593,True,0.016991060127236786,True,0.017303963584739453,True,0.021543413410817044,True,0.017478821399226237,True
pool15zuu7g6030wsfafu6a80pf6z2w6ceu4aumu2d6neykgtcx650u2,,4.048591,True,0.0,False,0.0,False,0.0,False,0.0,False,0.0,False
pool15zvek3jke3z2uml5xeztl6wt56zuye5ne9caadz8mjn9ykyuu8n,SENTI,25426.738876,True,0.0,False,0.0,False,0.0,False,0.0,False,0.0,False
pool1620fkxluaftsvz5lge29tjur3flwa8wydpzqy0zd4cllxx2w3ma,,18.621214,True,0.0,False,0.0,False,0.0,False,0.0,False,0.0,False
pool162343gl83jtrskacz2cex7szf4yd5t77f5nd0e65fg78ztppuj9,,114463.466015,True,0.0,False,0.0,False,0.0,False,0.0,False,0.0,False
pool162szyrlrwes7qwy0za4ekufgyljfz0lac9t8h8svzale67n8vl4,MAKL,496.719173,True,0.0,False,0.0,False,0.0,False,0.0,False,0.0,False
pool163aacna7n8tgphz40prapjgkrkpvsfttaqt56yeg2psd2umnxqu,,50.425749,True,0.0,False,0.0,False,0.0,False,0.0,False,0.0,False
pool163q9zuwpt9wr8rruuhw2mz6w6em25mhtrv58f8nz9aywj7vzer7,DARTH,9.486132,True,0.0,False,0.0,False,0.0,False,0.0,False,0.0,False
pool1646vlaras0deljthqtfl9dpdw2xsna799l0kayyu9v44cql4ky0,IOGP,2.925923,True,0.0,False,0.0,False,0.0,False,0.0,False,0.0,False
pool164xvrnwxg0xwhkcm0fsnlzmtj3ptp5s7hne32k4dyv60x4utfje,,23705409.510386,True,0.020014610028143136,True,0.0160714573997168,True,0.016579261325007606,True,0.020806186735214095,True,0.01686303410678776,True
pool1659knc82juzdqycvvwz0uzjsj5scxwewguhuzae93ed36xanxmz,CASH,1448262.840343,True,0.013141758183907693,True,0.009095407233808389,True,0.009095407233808389,True,0.01793025361914067,True,0.013883902669041364,True
pool165cyssah9wcnkuqq339c9fam5wga3x7zl6kw4ktltq5x68tlu4w,,1075.435349,True,0.0,False,0.0,False,0.0,False,0.0,False,0.0,False
pool165ljt7xrrpceutz5ppe96suuw0jcnrvhg0f5vu60df0r5mt0x0c,CSWP1,3492506.323562,True,0.0001457405982631482,True,0.00010508995956919324,True,0.00014062318084434637,True,0.0002011306196626516,True,0.00016047998096869665,True
pool165zu45p489lpuypt4fsuc5g8l9g9ha4dddlls84jlsp3k4vsw9p,SWEET,4245248.173597,True,0.015042538494726988,True,0.011180777600572152,True,0.013957882617264439,True,0.019371555138394374,True,0.01550979424423954,True
pool166dkk9kx5y6ug9tnvh0dnvxhwt2yca3g5pd5jaqa8t39cgyqqlr,VIPER,39534342.003194,True,0.02120758876895115,True,0.01719979184114844,True,0.01719979184114844,True,0.02138142712446102,True,0.017373630196658312,True
pool166fpvc9lelw8pdvc4n3xeqns5ktkkmzu4plaen999fwy2xytgce,STBL2,506.849564,True,0.0,False,0.0,False,0.0,False,0.0,False,0.0,False
pool1673d663ml4p0mtreukyfx5jt7ekk9pajsyyv6utzlakzj0y9v0w,MAUI,28188.782749,True,0.0,False,0.0,False,0.0,False,0.0,False,0.0,False
pool1675wjgy0ggtt2l23eeaj5ey5l02qj2ra48stvc7fyussslr0kq7,,35.245376,True,0.0,False,0.0,False,0.0,False,0.0,False,0.0,False
pool167n02n48l5hfgfu6e46xq8n3yefccm9dcnmefkmxuymhc8ncrjm,,2689.502728,True,0.0,False,0.0,False,0.0,False,0.0,False,0.0,False
pool167qekemyleju9g7eugaguqxh5telvmmmrs3a7sp897f6za308hg,HOT,4385051.660072,True,0.016020565523672817,True,0.011955501657333174,True,0.01478557093861417,True,0.020432144109199073,True,0.016367080242859433,True
pool167r4k4twa3lrqzpzdd44hl4ahc9rnt4x7rjtwz60gtf7j7pnk5x,EQX,137.05877,True,0.0,False,0.0,False,0.0,False,0.0,False,0.0,False
pool167zl76srpt5a2gthpsq0ye9z4fpray5vsh7xyzcn63hd5mnw7fa,NUFI4,3241970.233631,True,0.013604119770826291,True,0.009661007816387252,True,0.013374089409526311,True,0.019392158724837176,True,0.015449046770398139,True
pool168235cjpsrvwnvddmhc7dmtcqr7c40j2mlrph3qvuxk3jqls0wy,,6930.190528,True,0.0,False,0.0,False,0.0,False,0.0,False,0.0,False
pool1687dfgyljnhamx05h6r04zdllv68exatshhd0jny4q56skc0926,TRUEC,3360.713955,True,0.0,False,0.0,False,0.0,False,0.0,False,0.0,False
pool168t0xlm0dtdgf7d5w2mrm7ulsw4czpw297yvrpke9pmjcc9hz7k,CCJ4,4467817.486649,True,0.01799643171614313,True,0.014126939129703938,True,0.014126939129703938,True,0.01947413755791685,True,0.015604644971477658,True
pool1692dxqqcsavymwz28w44t2jhyjnakvj4l3gwz2dqrarmc2k6dkh,BLUE,202039.93326,True,0.0,False,0.0,False,0.0,False,0.0,False,0.0,False
pool1693h5jn424n7kazynt4h9r6fe8u8wtsp7us2me60msq5kpv390n,,626.690294,True,0.0,False,0.0,False,0.0,False,0.0,False,0.0,False
pool169mewaur9ma6ffw6x90xhjj0sk9j8yu3ynqz20jh03dj20syqwc,,3572.523687,True,0.0,False,0.0,False,0.0,False,0.0,False,0.0,False
pool16a23pum2srw5xmkknvw8dtc8ynqedx3wecmhacez4chrv9huvyg,BEAR,5.267117,True,0.0,False,0.0,False,0.0,False,0.0,False,0.0,False
pool16agnvfan65ypnswgg6rml52lqtcqe5guxltexkn82sqgj2crqtx,SPIRE,74661028.990201,True,0.021176220174370926,True,0.017177703562675155,True,0.01734225929096029,True,0.021432733515521288,True,0.01743421690382551,True
pool16ajaae2n5lsyr4f9k9uz5y8tpf0996tw640dzu7chwp2wdrnz6a,BLADE,53378862.90655,True,0.01889790106209821,True,0.015239768282245221,True,0.015645940291528312,True,0.019421001377084007,True,0.015762868597231017,True
pool16az8esp0qgrt3vwnpqmn2n2z3h7nexrhm4qn8xrr4sds6tj0dxa,,243.759928,True,0.0,False,0.0,False,0.0,False,0.0,False,0.0,False
pool16c989ahn582z53azjfmregygfuc9k44u3q97wqgyn0zxuzp3dn4,BNP,32109713.363173,True,0.019642501580955617,True,0.015821292367603757,True,0.016195275774561625,True,0.020219504551690613,True,0.016398295338338753,True
pool16cdtqyk0fvxzfkhjg3esjcuty4tnlpds5lj0lkmqmwdjyzaj7p8,ECP,2133966.06588,True,0.015395097552415688,True,0.011455618965105337,True,0.011455618965105337,True,0.018547420406821506,True,0.014607941819511158,True
pool16cerhwlk8nq7rpuerr4g08tpgeq7awnhgxzkyalc8n8xjwzxqm3,PLNGT,4802484.805767,True,0.0,True,0.0,True,0.0,True,0.0,True,0.0,True
pool16cy45uggzv3ah3s5m960v9vuxlx47sfnezpszuhcwl99z7nq8kq,NIXE,156833.204277,True,0.0,False,0.0,False,0.0,False,0.0,False,0.0,False
pool16d004c5q7k7wyf223kgct26zjcpjqql04rvnx8vtc0t5ckmnzaa,ICORG,1298.516313,True,0.0,False,0.0,False,0.0,False,0.0,False,0.0,False
pool16dk66d47thmteth783kt2cw9uh0zc4xsdvlqrwadz7vnyaev8cv,,6.453117,True,0.0,False,0.0,False,0.0,False,0.0,False,0.0,False
pool16e0qmln8gvtnjcpcvgvjdlhcnsz6z95uw90c58t50qfkc6rqek6,HENRY,10000.033939,True,0.0,False,0.0,False,0.0,False,0.0,False,0.0,False
pool16e2x06wk8ufyakgrzq0c9p5tmfhl6w0c80raxr0xtg5g7aakhgh,CDN,2974546.641611,True,0.01321116366780262,True,0.009191721711905175,True,0.01332206541811313,True,0.019649640621597374,True,0.015630198665699927,True
pool16e43yxx4djcvnsunwgrm8tnph0ljrt3p9tnezu3qvtcwzh4zwwa,FBA,70017921.810984,True,0.020259832560314578,True,0.016397972085493526,True,0.016566350404859046,True,0.02052230464638436,True,0.01666044417156331,True
pool16erldmmx5nvrwncujtp6lxs9tmvgxcpthd600pe6axm5z3p6522,XRAY8,150927.223124,True,0.0,False,0.0,False,0.0,False,0.0,False,0.0,False
pool16eua0zalaln7q0s9u7jzlyygqad0pu2l2qdxx8r8ueqrw2jdhqf,ETO9,54629264.107418,True,0.0,True,0.0,True,0.0,True,0.0,True,0.0,True
pool16f95up5u5lyqne5mnxmlhe0rgdgmya27mph288r6gw0ukegjffa,MARAC,63762546.456536,True,0.021494378987266166,True,0.017434504660578092,True,0.017434504660578092,True,0.021603141895672393,True,0.01754326756898432,True
pool16fa03u6u85ek2q8lryqprngpahglssj5qqh66pfaxf34vgu5rhl,AFCH1,340435.414159,True,0.0,False,0.0,False,0.0,False,0.005598274649308508,True,0.0015331584124572656,True
pool16fyda57p3c8gp5r6gmcq5tvqsp6mnzwvkxswgznkuh8wztrp6vv,HRMS,41005233.156591,True,0.0206620372226378,True,0.016683355909915053,True,0.01697994732188329,True,0.021124370894235342,True,0.017145689581512597,True
pool16g4atk6yaj7hxexrlhyf96gtxts3kjs5wszvxmq0paw3xdre68q,,18.114811,True,0.0,False,0.0,False,0.0,False,0.0,False,0.0,False
pool16ga833sw8tzuvv83gq2gp6zyuwhj3lka4nevnauj5grpuq8y2al,UNIF1,233.445021,True,0.0,False,0.0,False,0.0,False,0.0,False,0.0,False
pool16gkhcchdyqr7a9vtupchcdaq4nu77tq9t0ny0k9m877u7zv03v2,0000,2158.538449,True,0.0,False,0.0,False,0.0,False,0.0,False,0.0,False
pool16hs0jxw7h6pwg3ru7rcq3yvg4csj7lhmcpj68kqem2sh5nt8mwk,NUFI7,25305884.814751,True,0.02007890743230428,True,0.016135795491543748,True,0.01661148326488662,True,0.020820420726044633,True,0.016877308785284102,True
pool16j3mvwws7zc9pjluyhddgea0tq647v0dh3y4nkcuckg9znjcun2,ITC3,18925657.135335,True,0.01956446557518074,True,0.01566656152945143,True,0.01629612175633277,True,0.020545838870025188,True,0.016647934824295874,True
pool16j549cl7ftj9ejw9sx5v50zjyuh8l49stmakrfrea4rxy0e7us5,WRHP,138.439464,True,0.0,False,0.0,False,0.0,False,0.0,False,0.0,False
pool16jczz0dlv557vgywgftd4m3vwnwjnl38wpn7wu5gqryz7aedahd,,109.063264,True,0.0,False,0.0,False,0.0,False,0.0,False,0.0,False
pool16jefdagcsgzyek9jytzfezx5ajvfkytjgghaps64hzz6uzkpc0e,NGS,5776426.477938,True,0.017211035439756647,True,0.013187212717120131,True,0.015314115923959816,True,0.020526502203359685,True,0.01650267948072317,True
pool16jhjt6nly4s5thsjc0yek6h9prwtkqhq6dff2mkjypweut69zh3,IRN,98.903851,True,0.0,False,0.0,False,0.0,False,0.0,False,0.0,False
pool16k6ztd3t657dc88qc3gkpmntwyjvkaz04d335fwpl5jcj5hxyjg,,807643.959054,True,0.0,True,0.0,True,0.0,True,0.0,True,0.0,True
pool16kja6em4zlu8cmlr5la32yrsx5jqpejdqktadw9nv3cwx2s6ccf,,10.984954,True,0.0,False,0.0,False,0.0,False,0.0,False,0.0,False
pool16knnvtezwzmgpnu8v03wht6y4u7mwfc7qz6y2yk62w4as4qymat,LAMB,835002.385774,True,0.0,False,0.0,False,0.0026906915215778367,True,0.014749506504136672,True,0.0107884228756414,True
pool16kus5xvdysgmtjp0hhlwt72tsm0yn2zcn0a8wg9emc6c75lxvmc,EDEN,33188349.828851,True,0.02072352280015808,True,0.016699109582755656,True,0.017069296713581903,True,0.02130057920997546,True,0.01727616599257304,True
pool16l00309tdqza9606rltqtrqejx7tcr2swa86jrmz459txfnkgq7,,5038.267335,True,0.0,False,0.0,False,0.0,False,0.0,False,0.0,False
pool16l9ph0cm42qk4h8wqlka3fw7ws7rvnj5n59xzy8ky4l8gnudugk,RKDN,160678.602252,True,0.0,False,0.0,False,0.0,False,0.0,False,0.0,False
pool16lsx9mj2s2wr337hv9402enw0886d09grx5c0d4pk97w63kjn2a,,2273.931246,True,0.0,False,0.0,False,0.0,False,0.0,False,0.0,False
pool16m6c5rcpm63k2606lkqadg3x5pykjwr4pthhj9h4ancquafwhjl,,2849.951108,True,0.0,False,0.0,False,0.0,False,0.0,False,0.0,False
pool16m8xz3av9e3lwnxgu0jfnuwckgayev63zpzcu56hsxx7vy4eqzn,EZP,100.609921,True,0.0,False,0.0,False,0.0,False,0.0,False,0.0,False
pool16nnl8ymck6c20x86lfd5p9q3yp9w749cam26y985459ww6kjtz8,ska1,64401.858412,True,0.0,False,0.0,False,0.0,False,0.0,False,0.0,False
pool16nvyyawrxy0rsx99g332y3yasnnz42arrqhrsxq8pv7nwsya9nu,WILD,3.401976,True,0.0,False,0.0,False,0.0,False,0.0,False,0.0,False
pool16p8y0pzx8yx7vz6eqksw9xjhh3tzeymvxcstrgtk8ncw75356yw,ZPCT,818735.693117,True,0.006523187231210758,True,0.002458123312785697,True,0.002458123312785697,True,0.014993564250683102,True,0.010928500332258041,True
pool16pfjyderm8gvzfpcrlk9xunhjetcp4w20g73gzzrvsgncte60e4,,76827873.817154,True,0.0,True,0.0,True,0.0,True,0.0,True,0.0,True
pool16pv24th2tzy8k70vk4ms35tff0fjxfm2dd2psk7cvs27wnjvlgh,SDG13,43358939.127888,True,0.021109028092260687,True,0.017044436091945975,True,0.017330651581752964,True,0.02155518753225394,True,0.017490595531939223,True
pool16q8rhnyj65mtfz8rvf38ernr0jlcr5gcdpjzv0wgtqvcc5yw7g7,,501.132556,True,0.0,False,0.0,False,0.0,False,0.0,False,0.0,False
pool16qhf24jz4pdru0gqrh9rwnvv9v05a6fq73g4md6mawavz2fg5v7,,2250.458034,True,0.0,False,0.0,False,0.0,False,0.0,False,0.0,False
pool16qr7dz5q4vwf3n87t4lmr0d2zlr5knexpdzkuk4trc8dwed7aw3,YASP,4768582.595765,True,0.01774269903151272,True,0.01396214161393268,True,0.01396214161393268,True,0.019095207847387663,True,0.015314650429807626,True
pool16r36znhvh3h2lk55vu89hsx3ug94sx2etqv9s2006d8awufhaz7,,52.037404,True,0.0,False,0.0,False,0.0,False,0.0,False,0.0,False
pool16r6g7plyuh4cqs9f3qy97l4rh5edwx3w9xvd205mhj2e58cpp28,LQWD,18257811.825353,True,0.0,True,0.0,True,0.0,True,0.0,True,0.0,True
pool16rahfu936wdfq34wf6t8rqxvdjxayra5f7y80xq0udnqglrqel9,4KOMA,8228495.097189,True,0.020172865742878993,True,0.016108011482329244,True,0.016108011482329244,True,0.02101566869993114,True,0.01695081443938139,True
pool16rcqtg9gywenzkp6t5qg8um5tuul6d4dzwauppz7z3ufyaj0ky3,C2VN,11231.986424,True,0.0,False,0.0,False,0.0,False,0.0,False,0.0,False
pool16rru46dcyk2h5qjwq6gnxwumdj8zkjjnhxdtvpclyq8h6q9apua,,709.842356,True,0.0,False,0.0,False,0.0,False,0.0,False,0.0,False
pool16sm29hg3qrk5lyp74qcljt38l86v5zvg95395h9gqrn6qe97d9z,,49203.342074,True,0.0,False,0.0,False,0.0,False,0.0,False,0.0,False
pool16tcjctesjnks0p8sfrlf8f3d3vrp2fdn2msy80sgg3cdjtayu3z,TAPSY,6967818.211174,True,0.017937344693544563,True,0.013912879826701351,True,0.015676114691281717,True,0.02068591668833161,True,0.016661451821488392,True
pool16uf3j299ndwd3xmv6fvh648pc3s4c3y80g2t0y2rwew3xz6c3aa,GLOB,6521.75484,True,0.0,False,0.0,False,0.0,False,0.0,False,0.0,False
pool16uja2pt05ddq9mzcsw9xkv40qdl7sm00nvpj0h4arn0fgl2xrae,,2532.541028,True,0.0,False,0.0,False,0.0,False,0.0,False,0.0,False
pool16utp8esfwwpwf4fzlvtulugtdj9mapt42gdwza962pk8q2f45yt,DRMZ,576896.412917,True,0.0,False,0.0,False,0.0,False,0.012069883725084832,True,0.00804642107169271,True
pool16v0jqnz2zuqsdrf6z94ec5rx9ds0xeghsvmddauzt6j5w2u7lsm,IBEX,12609984.899542,True,0.01923924298936141,True,0.015271689746897877,True,0.01623221111916692,True,0.02073652630495727,True,0.01676897306249374,True
pool16vdezg50c80dhs78jhfl0gpqr68trtmqy40xplw39t9mgk6vrkd,BNP,32241675.842833,True,0.019645519212704958,True,0.0158243099993531,True,0.01619676272353956,True,0.020220160558592642,True,0.016398951345240786,True
pool16vxqq0ttyvfkt84f6ksncskgdk0r9w8ulaum0af8cmmfgsf5hua,,113.068208,True,0.0,False,0.0,False,0.0,False,0.0,False,0.0,False
pool16w2mssm03rrk5jzkcvxyma77zcxx4vsjhwz77hka33gnsk9j47n,,2115.669529,True,0.0,False,0.0,False,0.0,False,0.0,False,0.0,False
pool16wt6mzvytu9key68efv7cx6zfkqn0d9kzlnt746cyuv0zj3nxh8,BANAN,301578.459965,True,0.0,False,0.0,False,0.0,False,0.0035269518442709482,True,0.0,False
pool16x5fslqfvgmsyra4vmpvuzq7p5fzeln240envdwfm2jps0j3rw2,0FEES,463969.741487,True,0.0,False,0.0,False,0.0,False,0.009880323619090208,True,0.0058152335188343535,True
pool16y2dn9e7cw07wtergytxr36qlydfe7aj92xhv59e6pzezgwxtv8,NUKE,9913.172904,True,0.0,False,0.0,False,0.0,False,0.0,False,0.0,False
pool16ypn6g8sm5um7mkxyhdu7j9eq9zl35wywq5n9x8g0aujc060qzp,MOM,15811.882827,True,0.0,False,0.0,False,0.0,False,0.0,False,0.0,False
pool16zjsdvuxa39w9k48c9ds7sne4c9lhclmmcly53cdat4nu7l36f6,BMP,116.948336,True,0.0,False,0.0,False,0.0,False,0.0,False,0.0,False
pool16zx2pradv3pdv6tkp2dnll3d7u8sdwld884f228xl62vy2msdt0,MORNE,10754.655804,True,0.0,False,0.0,False,0.0,False,0.0,False,0.0,False
pool170028ak8q37qf4e5lf7z8eyuscgcrqgzn9lh58a4g9ngzd83a0h,AQUA,1134109.469352,True,0.0,False,0.0,False,0.006473423602478491,True,0.016315965144198794,True,0.012389618362613678,True
pool17037mqf5k46e6jpaue46lfy55v827re9cgm3qp8vsp33q8zufvy,BEAN,3.080875,True,0.0,False,0.0,False,0.0,False,0.0,False,0.0,False
pool170hmssk80z2ameg7jhj5m8psnkjejcc77vfpd0875yggxhhntd0,21ADA,8158285.18211,True,0.018267597706357136,True,0.014285064859058503,True,0.015775794801506357,True,0.020591382616643488,True,0.01660884976934486,True
pool170jjhp3s7gw23clx6yvfdfvv9t6egwazjhk3gy5y0xnq6y8mjjt,CALVA,596.78869,True,0.0,False,0.0,False,0.0,False,0.0,False,0.0,False
pool172gxn08m64vyfvpn926t3q8md5qf0q9k3y6kqz6krj8ry0tntmz,,552.424253,True,0.0,False,0.0,False,0.0,False,0.0,False,0.0,False
pool172vhywk0n2m7r47a8wq78xzc7nnytu3x78wyftmdedvjyzxjc7s,,70.449031,True,0.0,False,0.0,False,0.0,False,0.0,False,0.0,False
pool173f5kzeuz485kshvga3t7un8u699w2rgn77apjx078xd73kzj6y,,347.620334,True,0.0,False,0.0,False,0.0,False,0.0,False,0.0,False
pool173mzegwuu0pjcrt60ekelzj5haqr8r5e4e0n45qh9jdz7xm5kh8,ROCKY,60065721.568395,True,0.020850760825424818,True,0.016870650379825332,True,0.017073145924412277,True,0.021166415644928,True,0.017186305199328514,True
pool173qemdqfjnkrjzykmc0j4nqmxuuhvvv42pawt4xka3k2vwmd4mr,CHLA,28123.657362,True,0.0,False,0.0,False,0.0,False,0.0,False,0.0,False
pool173trwz74lv2ncl0dn5fqvgnhqtmqu3yvnf6dpx7k6psuwhzn2fc,,160.317709,True,0.0,False,0.0,False,0.0,False,0.0,False,0.0,False
pool173ul998qx9wnukxsz4hs47fv3slu7zcympa7gkv4m9qp5fheyex,MUSIC,12672.711973,True,0.0,False,0.0,False,0.0,False,0.0,False,0.0,False
pool1749t2act40esvfj0w0g0ear7l3hrnjfc8l5rl8eznuh8vunjl86,,12386.367655,True,0.0,False,0.0,False,0.0,False,0.0,False,0.0,False
pool174s9fj3073jx2t8zlm5x8rvyqt52uult4jn7slyrtg8gx8ay9jy,,5585.614991,True,0.0,False,0.0,False,0.0,False,0.0,False,0.0,False
pool175gxtzacpcm90adjpvlhjmfpj4ft2a3zuqsgm558hf3q7ra2vf9,CSK,1640336.007702,True,0.012141005326269138,True,0.008279145349570267,True,0.009547483050036061,True,0.01742574574487662,True,0.013563885768177754,True
pool175jklkquzts0u05axap90uqpym5knnjxky396mz95hhauwyzswe,ANADA,710.483479,True,0.0,False,0.0,False,0.0,False,0.0,False,0.0,False
pool175p7tqqgmduq6r5ad7jca2c4jz6tp3rslz7jffx7zru3cakdmt2,GQSRN,464.078945,True,0.0,False,0.0,False,0.0,False,0.0,False,0.0,False
pool1777xvdg0vydjp78cdcfrmpuqj28w3nuasf7h9a2f6cd4z990777,777,166277.662629,True,0.0,False,0.0,False,0.0,False,0.0,False,0.0,False
pool177ukluyy3tq6mphkp7kfpe6ku48rs8x48le7y23quee0xqmal06,BNP,136190.181931,True,0.0,False,0.0,False,0.0,False,0.0,False,0.0,False
pool177xu75tv2wqnz2cg879yekswm3wqqvwfgzhulkglrfksslsyj9r,PUP,13932.545792,True,0.0,False,0.0,False,0.0,False,0.0,False,0.0,False
pool178jmsy6t03udg2urvckseyync6y2jkq26haj7vxtwszc7ycq5ws,ROLL,3102.848977,True,0.0,False,0.0,False,0.0,False,0.0,False,0.0,False
pool1796kveuwxrquwhwnne5g99er50q6alcaf7yjf3kd6xr5vemfaqc,,3779.374885,True,0.0,False,0.0,False,0.0,False,0.0,False,0.0,False
pool179dpweul0jsfv9ls67ner4n286fh6hqtskaw6nux97t52dt5gxa,GET23,1654.49535,True,0.0,False,0.0,False,0.0,False,0.0,False,0.0,False
pool179mnckg6xz4w5x6k9056yl7r2ej8fd8uu68fc2vlsmulg7lzwhy,,57436.266933,True,0.0,False,0.0,False,0.0,False,0.0,False,0.0,False
pool179u2dtcn92xv7n05dldlevt6hcu5v3p7g4aaqva2fm8qjzu7lpc,RISUP,3734.720474,True,0.0,False,0.0,False,0.0,False,0.0,False,0.0,False
pool17agmzy52u2hh2f8zkuvzrvth94wdr3erlpng50thrlmryqvkz57,,8.585987,True,0.0,False,0.0,False,0.0,False,0.0,False,0.0,False
pool17ahr5ygy48vpdfnatqn2z4wfu2te4quapk2yx3k50ce6kd7feg0,ST3AK,52098555.409452,True,0.021241013212011453,True,0.017397604923950667,True,0.017397604923950667,True,0.02137147735725658,True,0.017528069069195792,True
pool17ajuw0arwq8klfe4xy8tcqj4yetp8kerl4amzn5dsnne20wlnsa,,35238.573775,True,0.0,False,0.0,False,0.0,False,0.0,False,0.0,False
pool17am8pt0vu7zp8du7edlnz7x9sq4pln22rsn802gkr062vtp6fdp,HODLR,136361.132606,True,0.0,False,0.0,False,0.0,False,0.0,False,0.0,False
pool17arsgklktp9sayk5kzaakwvl3jwyczp07guux2yd0upgqh04qjl,RMH,70025603.129351,True,0.020259869500159986,True,0.016398009025338934,True,0.016566368874781752,True,0.020522312794879673,True,0.016660452320058618,True
pool17c4u37tjcjaeym0cs5mffvdkyyv74rkhczhnsgplef4sjglkwpj,BNP,32149973.913401,True,0.019643424858900128,True,0.015822215645548268,True,0.016195730723113994,True,0.020219705264287246,True,0.016398496050935386,True
pool17cacd3k230r83pw5xny6d493t9wn5ww730m6wayuqsrhqwzyecv,,1923.412781,True,0.0,False,0.0,False,0.0,False,0.0,False,0.0,False
pool17d6xuyhwkvp5g44q5jwukrfldhvcz3equ2tk34yuyrd0jlh4jjy,,12.611753,True,0.0,False,0.0,False,0.0,False,0.0,False,0.0,False
pool17d6yemu3wsv9t3lf507z6vuu00slpyw3qstavfdtztjjy42qcp7,,99.280884,True,0.0,False,0.0,False,0.0,False,0.0,False,0.0,False
pool17dqwaa26crnkecs7lydfr8826k3evkv5ypdf7wx8fu5mzexxa2x,,156.277982,True,0.0,False,0.0,False,0.0,False,0.0,False,0.0,False
pool17dx6ld5544pngfc4w6ere708zmjga7wmykeelqhqt4tpkjcpup2,,4.0,True,0.0,False,0.0,False,0.0,False,0.0,False,0.0,False
pool17e4rdh59t4fmn4g3p02xvs853katrjzge830tsmd3sfdc645yvt,GAIA,582539.431247,True,0.00036602102711305265,True,0.0,False,0.0,False,0.011913651349064143,True,0.007970488548457383,True
pool17edtg9kt83mpguyh87u6ju2fkgjta4jjmmyzj9n8tsf4uwalg7h,,146.685847,True,0.0,False,0.0,False,0.0,False,0.0,False,0.0,False
pool17etnr2ngwpnqwuvdzszzd36u67kzcsrs8scuxf0a63hezy9zvpv,ARARE,6588.687945,True,0.0,False,0.0,False,0.0,False,0.0,False,0.0,False
pool17f450fgggph94ectjspqersd3u88cggvf3nu45k3xj2fwdqxjpp,,94.912118,True,0.0,False,0.0,False,0.0,False,0.0,False,0.0,False
pool17fge0jukcp0vqwu0chh3jh4g0emt4rat8vxucrx5n8s5qz6fegp,TRADA,73980.188046,True,0.0,False,0.0,False,0.0,False,0.0,False,0.0,False
pool17gfj5t240hqaqr7vtrlrlhmyazw3lcyqvfd06v4kpxv7qxpdzau,EVOC,957023.134097,True,0.008716926509293108,True,0.004654060182293797,True,0.004654060182293797,True,0.01596335530805305,True,0.01190048898105374,True
pool17gvd032slmxg267lp8rwcykkfa52txm8ylefhmdsdkytzugrtaw,STPZ1,1231194.294684,True,0.011253914237444854,True,0.0073113559170020544,True,0.0073113559170020544,True,0.016717674124121836,True,0.012775115803679037,True
pool17h6slydr6rd9vquqa38p5cf9xqnpc24w6a99rhllcjzljgugx6x,NETA1,1405036.919509,True,0.003814893864562238,True,0.0,False,0.008343959911484662,True,0.016894799271191863,True,0.013032982604427357,True
pool17j4er5hpzkzyzpqzc98hxc7srvt5pvuye9q86mcrxluhjjj2aaj,PIXB,14816.950921,True,0.0,False,0.0,False,0.0,False,0.0,False,0.0,False
pool17k2dpgvx8spkdhgf5j7x5u7pqjpvlwa76sugwen8l3xtk7kq3c4,,27219.602099,True,0.0,False,0.0,False,0.0,False,0.0,False,0.0,False
pool17k4f0mdwyulkqhyu2mudavu2qqqd7hfc9xtxmxtk8dudvznma8k,TTPL,218.112148,True,0.0,False,0.0,False,0.0,False,0.0,False,0.0,False
pool17k568pj9x6qwmvutn97p5wgzvgmjf7m46sz3vzudq62swqdfh4a,KDK,1753.913248,True,0.0,False,0.0,False,0.0,False,0.0,False,0.0,False
pool17kew7rtakc7g6qzydntann5umw08xq3ll2j7spk7en4kvff69fa,BLOOM,13637592.089267,True,0.019141896949218865,True,0.01528668040620037,True,0.016160265707917686,True,0.02050366227248409,True,0.016648445729465597,True
pool17lue2fr93qlstfjwgstpkt22y5lg6h44ry3rz7jxe0mqqnq53wf,ORBST,62.60247,True,0.0,False,0.0,False,0.0,False,0.0,False,0.0,False
pool17m2zg7dcg54a8gz2jgkwz2s3fzzth2gyf466k7sy4dl7wchp3lv,YOLO,6.502255,True,0.0,False,0.0,False,0.0,False,0.0,False,0.0,False
pool17m39tt99rq96gv9s4cp7u93auavams3khrdtzfapngxgjs3tj7s,,5.885306,True,0.0,False,0.0,False,0.0,False,0.0,False,0.0,False
pool17mr554wv653z4ttr3rydt5dsxg6r28ysu5mlz9cc5ax32gsleh9,,471199.213797,True,0.0,False,0.0,False,0.0,False,0.009994959138798488,True,0.005959799307095244,True
pool17n47upcpnzsdks0yd409nf79sg6hqy73twg87eddwh24uj745rt,HEPHY,824833.925977,True,0.006637201765615688,True,0.0025733570238089996,True,0.0025733570238089996,True,0.015044954867897004,True,0.010981110126090316,True
pool17p4syst04f92ylfzlcn8qwq8w5muxkwqn0a5fl98ksxhwj6y7g7,,197.226148,True,0.0,False,0.0,False,0.0,False,0.0,False,0.0,False
pool17p8a9e5ljeucdvmsl62a667y7lwwx9xzwzjulwu7df2q7854mh4,AGC,56318.891059,True,0.0,False,0.0,False,0.0,False,0.0,False,0.0,False
pool17pappd4r69ag7ud695he8rhygzh80qvtdtv8k25hjyggzz8gc53,,1053.239172,True,0.0,False,0.0,False,0.0,False,0.0,False,0.0,False
pool17pv7m8h5dxsyt55upay8n8ake2cgcz4mcr737um2tl8d2wthzqr,MEDIA,581997.338188,True,0.0003489666658573922,True,0.0,False,0.0,False,0.011966932172455333,True,0.008003697227712376,True
pool17qvfg2g843gw6lurru282kkex6vp3pyj6zwj99j4u6k7zvmva5a,1PCT4,5218912.081561,True,0.01675970705402607,True,0.01273781422953386,True,0.015091925547754272,True,0.0204293511677226,True,0.01640745834323038,True
pool17qyahrvutlsyq7c6ceynac8ay4qkmxkd2sh43w4va5yr255x437,,103.60797,True,0.0,False,0.0,False,0.0,False,0.0,False,0.0,False
pool17r3u34ywld6sehe9dd5t40ygq7rmc6yfw2k0h0hpllznwlmwsnn,ADAR,406561.561576,True,0.0,False,0.0,False,0.0,False,0.008014852679801123,True,0.004055225771980228,True
pool17rjst78s67lvellg8s586rf076jxa3wnsdz730f4xk2zwuhrtej,NORTH,65360966.448168,True,0.021301721789952245,True,0.017237129830345588,True,0.017426998503873255,True,0.02159769354574537,True,0.017533101586138716,True
pool17rns3wjyql9jg9xkzw9h88f0kstd693pm6urwxmvejqgsyjw7ta,0PCT,2966381.221451,True,0.001008969152691255,True,0.0,False,0.01343195668556733,True,0.019834937843486673,True,0.015769822078541926,True
pool17s3mr9c4ejjfq20dz0ls9ggskc770kt267s9xmw93payzdswwgg,FIKA,71803695.526176,True,0.020050081670191913,True,0.01610946179883849,True,0.016926003058593375,True,0.02096030821941143,True,0.017019688348058004,True
pool17taqml487n9t4r9a6ppvf9qv0qlw2lu4zcrzwfdsfcv6xp7uqym,PSB,17593835.336317,True,0.020339358251023697,True,0.016345514168953693,True,0.016631048329298497,True,0.02101240305755073,True,0.017018558975480727,True
pool17uux76nu89sauwvzuy99lnk50war63uye826sqc20a4ysekegd6,FGMTQ,10524.814153,True,0.0,False,0.0,False,0.0,False,0.0,False,0.0,False
pool17wdqcn6xjym38wlry6t2ull00fg7ghqejd0xuy4p20djyua800c,,98.62403,True,0.0,False,0.0,False,0.0,False,0.0,False,0.0,False
pool17we8ycehylszd2n3haxut8gll239m9m9q5a8ytsc9pg9g3uuga6,HIPOO,524.777277,True,0.0,False,0.0,False,0.0,False,0.0,False,0.0,False
pool17wph2uu643wykezxmm3ef3a8shg3hwyq2z0sgpu6r9sc7um83d9,BLKN,47332.21796,True,0.0,False,0.0,False,0.0,False,0.0,False,0.0,False
pool17wsk3ww9asev7kfk9ktfw2cxcq865jq2l796aue66xldwx6cy82,FUND3,342087.584942,True,0.0,False,0.0,False,0.0,False,0.00567595540466528,True,0.0016108443572766368,True
pool17xextu09ghdfcmsq83whq0a45geg83jxe4qt94sevu087tzdzkl,ONYX,11944728.875218,True,0.019629157027606793,True,0.015779529197904877,True,0.015779529197904877,True,0.020180718311987953,True,0.01633109048228604,True
pool17xtz3a8ppy9prj4e2e5t5ggk6p68ls305x5pyyxdxc2lut0ltm2,ZLNDR,7.505346,True,0.0,False,0.0,False,0.0,False,0.0,False,0.0,False
pool17y0uw9jraxxtqk4mhgkhkye2v6jqzn84u8hl68l9xwq3cvm2vqw,ADNT,380999.94774,True,0.0,False,0.0,False,0.0,False,0.007243570454899201,True,0.0032229405482536453,True
pool17y4pg5j8z8zklmplel2l3l705zx706w3mrac2etns0uccehx3nr,,1452.411459,True,0.0,False,0.0,False,0.0,False,0.0,False,0.0,False
pool17ynruzy9lvq0x55ks22vtf4lrrdrw2ucydh4tfzhg9kkyeaw8nf,ASN,1291058.696501,True,0.002456171439918347,True,0.0,False,0.008003373845156387,True,0.017439998319694155,True,0.01337493442469866,True
pool17ywx7vha7t8snj3xzwm9863lvnpke0ufqjtx94mh49sf28srg9m,LAND,4109.515103,True,0.0,False,0.0,False,0.0,False,0.0,False,0.0,False
pool17z4hzv0544uxx8q7yhedvsrtdavtz46nzwqyp2rgtku4x6d0zcn,ECOST,197.237368,True,0.0,False,0.0,False,0.0,False,0.0,False,0.0,False
pool180fejev4xgwe2y53ky0pxvgxr3wcvkweu6feq5mdljfzcsmtg6u,CHIEN,1015400.334086,True,0.009462830599882975,True,0.005400208615334134,True,0.005400208615334134,True,0.016292649113033707,True,0.012230027128484866,True
pool18243r3ncukrk54jrx3mnr2k6lvu30dy7y6uj252cyldhqze7qe3,,391.08766,True,0.0,False,0.0,False,0.0,False,0.0,False,0.0,False
pool183usq53j55v86q3eguw37xaqy67au9n5terk474sevuu6jy7266,,1002.944665,True,0.0,False,0.0,False,0.0,False,0.0,False,0.0,False
pool1850xvydng5mkjzkwqw6566y7e6hsrgakc3y87jrnqrkrwdjua2p,BITA,14055410.005692,True,0.0,True,0.0,True,0.0,True,0.0,True,0.0,True
pool1853ffwhtuka742fq4av7s3ssdpvzhdkpw53th3es36zkwrllj9g,ATLAS,6261261.916379,True,0.017726857464211064,True,0.01366817517110427,True,0.015650203740702414,True,0.02081649023446699,True,0.0167578079413602,True
pool1856hr68ypjteu686stdagfpv2sxjzguwzjxu946v8wdqzn0f67s,,101.080977,True,0.0,False,0.0,False,0.0,False,0.0,False,0.0,False
pool1859zslu3scj23wxcamw0slkhn80waxwkdl4k8k0asyw7sfa8dv5,UPBIT,31596954.914928,True,0.0,True,0.0,True,0.0,True,0.0,True,0.0,True
pool185ev4czpm5hc9xud25xlcz5lhpnl2jztqas6mgxujqke7j5mdzc,ALDIA,2178908.798827,True,0.010289681178084828,True,0.00622461729963824,True,0.01192012874402767,True,0.019167978429633057,True,0.015102914551186467,True
pool186wnrzw2zq20wt6p9aer6z33vqgv4xaxm6445fa4g4wr559e0j8,INF1,251.000039,True,0.0,False,0.0,False,0.0,False,0.0,False,0.0,False
pool187k9uqvh2dacad2qyfyex7ct8q0jxepk45026s9h7mkxx9pn7at,CHESS,2338.71876,True,0.0,False,0.0,False,0.0,False,0.0,False,0.0,False
pool18872nzahx0h2f7j58pxrn5rjektn8na8p4amv08x2xj8qkht30g,MNKY,591730.511536,True,0.0,False,0.0,False,0.0,False,0.012305421918622139,True,0.008281960167526815,True
pool188837cdkhad7w2dwk2arsldyre3tcva8aardadf4ekc0j56267t,CAOW,847.833359,True,0.0,False,0.0,False,0.0,False,0.0,False,0.0,False
pool188ah5thmetn7vx5g5ugsq3xr0mwy672twqawn36qnzqmjrdftfp,IGUD,217787.93753,True,0.0,False,0.0,False,0.0,False,0.0,False,0.0,False
pool1892ry20mvu6tvrmuua5gdmk7unw30w7tf8scpllpyq8w2sdwvc7,1GURU,59654.313452,True,0.0,False,0.0,False,0.0,False,0.0,False,0.0,False
pool189elcklfyhaczaasjdyrrxmhaeepg6avn9gxjte78ntny5fqdl7,AIOA,68894.440762,True,0.0,False,0.0,False,0.0,False,0.0,False,0.0,False
pool189j5mz6wa0gfrakwvn2tar7qt309qxrmsgde5v6qwm892n6re3v,CCJ,3564347.390129,True,0.017333141925798795,True,0.013468009349079603,True,0.013468009349079603,True,0.019185408070867518,True,0.015320275494148322,True
pool189lfh7azuvxu0hyskwahnp35rtez0mzhsmule3742p3jkza00cq,SEBI,3169774.192544,True,0.01776559869720056,True,0.013700534826276475,True,0.013700534826276475,True,0.019953451704620657,True,0.01588838783369657,True
pool189lsf6c2upyhmrzddyvyfjxxkqnte9pw8aqx7f4cuf85sjxlm02,CRDN2,43365790.905497,True,0.020694327412953645,True,0.016715646782363834,True,0.01699609364488049,True,0.02113149458099432,True,0.017152813950404504,True
pool189vq6ay0gku9tkqc2t3nfjk3n88mm23grmfas852jruw6fjlkaf,WEP,1824801.874979,True,0.007679064811485089,True,0.003819628324984913,True,0.010280329709421882,True,0.0177501581460486,True,0.013890721659548421,True
pool189ysyxejgdu0d5u323cajq40ec6wsacq3yav3ul7fdxs6mhdhr0,,3790.376532,True,0.0,False,0.0,False,0.0,False,0.0,False,0.0,False
pool18a8vhtlcz7t0mahmfdlgtpsspvae62egz936j3dt7f9ykr4j2av,,525.042337,True,0.0,False,0.0,False,0.0,False,0.0,False,0.0,False
pool18aklqwussc7j6y9nap8vxst4ht8s6sv76ge9799rzv3lcrau7yg,,472.976532,True,0.0,False,0.0,False,0.0,False,0.0,False,0.0,False
pool18au4xxwcu552tjyxgyfssc95lwcf08g49z0ln5f7l060qh8r3wv,STBL3,1.430897,True,0.0,False,0.0,False,0.0,False,0.0,False,0.0,False
pool18c2qgn5fv5vfhsvqjvn20j943qjaegs0dylgpsmmwz2lx03n76k,BETTR,121235.465198,True,0.0,False,0.0,False,0.0,False,0.0,False,0.0,False
pool18cr7st8wvagllpgq23y70ncnejux2dmxrsdc45hyalk67e63jg6,XSY,20809.410436,True,0.0,False,0.0,False,0.0,False,0.0,False,0.0,False
pool18cx6qhjeynrsd7pvcrv7e3y65ksyzguaep2427zumc8t2qzxvsk,NINJZ,34305.277598,True,0.0,False,0.0,False,0.0,False,0.0,False,0.0,False
pool18dmncsu0wwzfnje42udk3eeld3z0zwjpjxname3lp8a9kpah28w,BOS,3311.70978,True,0.0,False,0.0,False,0.0,False,0.0,False,0.0,False
pool18dqp26atwr6rd7z6suxjmguqy8zym5a3tgtveuazqsjwyeafrz6,,266.665872,True,0.0,False,0.0,False,0.0,False,0.0,False,0.0,False
pool18e0uhtm4pspfrnktwguypytjfgwz6dw6zzn3gulpdjfx7qd0439,MINES,57117.17667,True,0.0,False,0.0,False,0.0,False,0.0,False,0.0,False
pool18e48wynvkevefs0c5yuh705u6tpy0m4xflg506kp0r6vga9gkmr,,497.62535,True,0.0,False,0.0,False,0.0,False,0.0,False,0.0,False
pool18e545ehldchd8qr8qx7q7m5dljzaky2twxrynx2z29ru2mt6pv4,BD4,26458.304953,True,0.0,False,0.0,False,0.0,False,0.0,False,0.0,False
pool18en4vtxkjt3u5x6ctu9l3nqmr6pm3r7akxgu84450xdvkr4j827,EQITY,5533.647768,True,0.0,False,0.0,False,0.0,False,0.0,False,0.0,False
pool18fldcktken22hfd3tyx8qwes46lv6jhv43jhns8gg24k2rta4al,,7357.461182,True,0.0,False,0.0,False,0.0,False,0.0,False,0.0,False
pool18fw3qgzt4u094hn8kf82n6jye5y96csamj0f20dja8tnq4ad0hy,,10.843473,True,0.0,False,0.0,False,0.0,False,0.0,False,0.0,False
pool18gk8kvd9qf829nldqus92q9y640e6u0jdyfz04mmktwxvglgt06,SBP1,70059328.471079,True,0.0,True,0.0,True,0.0,True,0.0,True,0.0,True
pool18gsrasdghtjsnzlf20pht85l4epwag74w9pfx5qvdvcpxw68sl6,GCD,35009505.975753,True,0.019923086407651468,True,0.016061225932830415,True,0.01639797732852749,True,0.020448022406826326,True,0.016586161932005274,True
pool18gysxqfwz4j8rm3vlh6677vs9n23prvfr7gwe88mhn5uudgx9ng,EUR,4488232.76333,True,0.018551101697219782,True,0.014566381460556195,True,0.014566381460556195,True,0.02006627734843856,True,0.016081557111774978,True
pool18heqrjtge2emf2hes4mdxkr76y99zztkqk4qtjr9dul0vuur0yu,RX78,2071215.345644,True,0.01568980397197469,True,0.011625209561022481,True,0.011625209561022481,True,0.019038079666525275,True,0.01497348525557307,True
pool18hk4akqtnktgsptxll625lksugwpc4r30nzjgz4pxtufqgw5gdd,,9.823059,True,0.0,False,0.0,False,0.0,False,0.0,False,0.0,False
pool18hpttrmc7v6nhjcywhdpymwzxv3y9kujzc5ne53jjdlf6hxa7cv,5FOLD,754163.765269,True,0.0,False,0.0,False,0.0011518534554095941,True,0.014278722768217171,True,0.010255512788009744,True
pool18j287g2sccele52hhxc0csk2ghfghwndqm9yahdqnhjks840wtq,APE,2622795.543385,True,0.0,False,0.0,False,0.0,False,0.0,False,0.0,False
pool18jqumjfevywycjj54m62g74ghds4mmuyqynpwfkaem0xktazlqw,CEX,13577700.487705,True,0.019455652651059162,True,0.015471890069980109,True,0.016367608753052612,True,0.020851920009966298,True,0.016868157428887247,True
pool18jrsaddmrwtrdycydmk3zv0fxawnv0q8xh7f6fyp2r247zz9tc5,SUNNE,1413153.745858,True,0.00399355568231925,True,5.039288171249096e-05,True,0.008568715842170895,True,0.017272117944210293,True,0.013328955143603532,True
pool18kv6jmmtks4jwyt8tpvfc2kakh6wkcggjtehyj78yk9r7t2t2ex,,680.26647,True,0.0,False,0.0,False,0.0,False,0.0,False,0.0,False
pool18l6lvx95vl5p88zfh7xjkx073s9gufpz4sa5q43fu7auqunjhg3,BLNC,597735.713259,True,0.0,False,0.0,False,0.0,False,0.012533687669842891,True,0.00847646759005244,True
pool18lc5x7fma0zsdwl56fa9rw97ayzc4kdue37sncrtdz2e7xfa8y6,BM1,126315.081491,True,0.0,False,0.0,False,0.0,False,0.0,False,0.0,False
pool18lc8uxyrnuurer7hr77xqh83cp667jazlghe2qetvzfqvxjtdqc,,8.602239,True,0.0,False,0.0,False,0.0,False,0.0,False,0.0,False
pool18ljuhhw27t85zddz0pvsmsjsz5k0mlz03pzsxgh8qarcsw5wycc,CAFE3,1005528.534682,True,0.0,False,0.0,False,0.005286030502395534,True,0.016243288477813575,True,0.012182900915121518,True
pool18lwlvq4j8yxgrsuvyqntmyq7wyeql5t9nhmtg0cx0uqa6n5hplm,,57.425793,True,0.0,False,0.0,False,0.0,False,0.0,False,0.0,False
pool18mege8wvzzdvh8cxx6ncnqyvacl4lxukw495c87xmz8qcdl6lj8,1PCT6,706376.215508,True,0.0,False,0.0,False,5.276756312334219e-05,True,0.013794356576500608,True,0.009772304899275686,True
pool18mgmqghey8az6duffc6e9tpzwxsquf00wpkl0jr8gvqxumkg4m0,ARRK,290805.497657,True,0.0,False,0.0,False,0.0,False,0.00285554194482968,True,0.0,False
pool18mgvt3k5sm5vns4tqu74qt036tw0yterxuz2zjczlqr9saeas9f,AMB,7695.88535,True,0.0,False,0.0,False,0.0,False,0.0,False,0.0,False
pool18ml3ex5ra5wkv00vxx0mw876s2xe0058z37mpzv263872nasmv0,,7.475689,True,0.0,False,0.0,False,0.0,False,0.0,False,0.0,False
pool18mnua97ndq302yw2c6aaw6msx5rgf79mfnk4xe5y92tvjl45etl,CAHLI,360996.075932,True,0.0,False,0.0,False,0.0,False,0.006514417229278387,True,0.0024494052301570982,True
pool18n7kk90klq4uf45j6pguqskyrxe9eprgfgrjhr7cpvdxzus3zn8,,2.029803,True,0.0,False,0.0,False,0.0,False,0.0,False,0.0,False
pool18nx24xhkcewezxvrjgdpt9pgt69pefr85m8qa8fdjd4m6p7egw9,,93.505493,True,0.0,False,0.0,False,0.0,False,0.0,False,0.0,False
pool18p7p752cjnf9z8g70ygkre5cstwmgfatzuqm0tm3n2xf739j8k8,SAGAN,1893028.691474,True,0.015128675640026764,True,0.011065864170865886,True,0.011065864170865886,True,0.01879211720920873,True,0.014729305740047854,True
pool18pnja3z8vfkw3sj578xetj3ujhyp2vmljezjg5es290awqmzq7g,BEACN,22835.57218,True,0.0,False,0.0,False,0.0,False,0.0,False,0.0,False
pool18pwq8mctjyctx00rl36e7r7m046mg34365amyaluw0n5cd7rv7w,,17.236444,True,0.0,False,0.0,False,0.0,False,0.0,False,0.0,False
pool18q7axjzcrs7pd2vpmcgh33p0r5cng2q0v6ldw5vtwuhl6ctgmeg,5CH,650845.372815,True,0.0,False,0.0,False,0.0,False,0.013268734422456916,True,0.009203774716869725,True
pool18q92uyx3973u3qt64nxf8p7us58gwkytrn0c3ed2a99s5uc9usc,FREE,101747.25608,True,0.0,False,0.0,False,0.0,False,0.0,False,0.0,False
pool18qahj5ggudguk69g9aaztf5dvapmazql4hdvd7v0947j7gy4wqf,TMS,802437.641118,True,0.0,False,0.0,False,0.0,False,0.0,False,0.0,False
pool18qamc87vnl2sjd888f3gv4ssh4qjww859z9v6mr622fvjhemunh,,197.226148,True,0.0,False,0.0,False,0.0,False,0.0,False,0.0,False
pool18qddv82sx8p22uxzdrf0qx9lkewxadlr9ef45kpcf7dzz3n56qv,ALFA,25178805.881215,True,0.021207750518889745,True,0.017155137449942886,True,0.017155137449942886,True,0.021483180578310234,True,0.017430567509363372,True
pool18qzks8vdf0yu0u5ccf8aaj35q6zfutdcfgrssuvdjmgtyykr922,one,405372.583675,True,0.0,False,0.0,False,0.0,False,0.00809527947147884,True,0.004072375586607159,True
pool18r2y72aue5nmv489xtnfxl36vzusq95qst6urd87yd5hgzms04c,ALPCH,177007.547742,True,0.0,False,0.0,False,0.0,False,0.0,False,0.0,False
pool18rhzlrv83a7ygj7cp5uv8dx07qkn5drhe8nh6f3qvhv66xcyj2m,SIPO2,32495175.930415,True,0.02010508630182168,True,0.01620102676061958,True,0.01656803539062479,True,0.020677187989770987,True,0.01677312844856888,True
pool18rjrygm3knlt67n3r3prlhnzcjxun7wa8d3l8w9nmlpasquv4au,CF1,76313015.863558,True,0.0,True,0.0,True,0.0,True,0.0,True,0.0,True
pool18rpw5dwfywfrzjuy7uzn2cetrw9v85aan8a80p3fdvtqcxykkqu,FLUID,454085.079535,True,0.0,False,0.0,False,0.0,False,0.009347956744478808,True,0.005402995842187913,True
pool18sqt4qwprlt6ytg8pu2qpz262j9vhlzmtwn2fwvhpcnzc0u5ynw,1WJG,654.398198,True,0.0,False,0.0,False,0.0,False,0.0,False,0.0,False
pool18t0u9vf408ftjf9xdpj47gdwkeq3jz3jqyshumm7fvtfkcq7ul7,KAPY,1815569.040922,True,0.008024949013299596,True,0.0039691914094030145,True,0.010804513955825061,True,0.018680010629781023,True,0.01462425302588444,True
pool18te4aqp0umd6xunyps0mlg9tzk4dcjh30wgntqu8kf2n7k3y88f,ADAKA,33100.544267,True,0.0,False,0.0,False,0.0,False,0.0,False,0.0,False
pool18ufrgfgmslekdxnk9v9345qvhrr7vfgzkvneqtwm7unnwaht6ww,OGAM,69651264.686225,True,0.021366190273395848,True,0.017327271976591153,True,0.01750544533863858,True,0.02164393110246978,True,0.017605012805665083,True
pool18v6rlcg506atlkkhy8sdgtnm5efzjjjshk9axyvp8fa35txspr8,,101.227512,True,0.0,False,0.0,False,0.0,False,0.0,False,0.0,False
pool18v9r8afalh50l4lstct2awdc3zspnvurcs7t45nv29uc2mnxc6c,LONDN,6060859.387932,True,0.01758549138184753,True,0.013520375092562214,True,0.0155679395063993,True,0.020777282968122993,True,0.016712166678837674,True
pool18vej0s9gska8c847aj95g9v24duuxg2g63d5cuqngnxew643jw9,ADV2,69695840.683399,True,0.0213454674878243,True,0.01729345500510802,True,0.017471514411211947,True,0.021623030679692193,True,0.01757101819697591,True
pool18vj02k4taarxxsdr36jxftcc5x270vsysp078j0n3v0njh0dt9x,SODM,2471595.506204,True,0.01665969784551961,True,0.012594660161363168,True,0.012594660161363168,True,0.019465577684106596,True,0.015400539999950157,True
pool18vyjg6jlyt2jywae7ndzv0f7xkrsexxgyhunxrlgm3zaku0327k,,141360.254622,True,0.0,False,0.0,False,0.0,False,0.0,False,0.0,False
pool18xjkr4xpscwxsatewj9lqc6z74vw90qycjd0wrypeqej673j5u8,TAM,5442360.419804,True,0.016606658752396038,True,0.012663597639431791,True,0.014875450414965817,True,0.02005454690249319,True,0.016111485789528947,True
pool18xmqj9h97tx245mzkz0fqlvas5zse0fzh9xmn9p6z77aj5jegsx,BNP,32112725.377434,True,0.01964257073430801,True,0.015821361520956156,True,0.016195309850126578,True,0.020219519585028083,True,0.01639831037167623,True
pool18xwr0zysfyyxsva6sta7alezd44nsa5nasewmjxweg9sgqntlxn,HUM,45.953397,True,0.0,False,0.0,False,0.0,False,0.0,False,0.0,False
pool18xykgvvvxej2e5ap04ks72d8fdke4qsqeh30satznyrtj88634d,TQWS,88261.029338,True,0.0,False,0.0,False,0.0,False,0.0,False,0.0,False
pool18y056s0echkc44dwnnd0hwanmrlnecxvkluwn339ukhnwnaz5v6,,100.0,True,0.0,False,0.0,False,0.0,False,0.0,False,0.0,False
pool18yp9wal36lzzw34ujcds8vtfpsndkzq484zcm360evp5khex0l5,AROCK,8710.551502,True,0.0,False,0.0,False,0.0,False,0.0,False,0.0,False
pool18ytpk5m7fun45j9julxq0x06dcwzmfdads3ha5rmp3qqqd5lreq,,1031.989817,True,0.0,False,0.0,False,0.0,False,0.0,False,0.0,False
pool18zn7wa345uytjgds9hypn3jugnzqtfm4cny7anskkcmgwwxtwca,1PCT7,352434.780865,True,0.0,False,0.0,False,0.0,False,0.0060879390883162125,True,0.002065702906724246,True
pool19042p8xye9udlgxgxn6n358hx0u0mjuegcwpxradk3vpkqgf54t,,2920.621038,True,0.0,False,0.0,False,0.0,False,0.0,False,0.0,False
pool19066qvd5dv6vq7fh5a5l7muzk6nc5fw8zq3w4tclyrhvjvlyeuc,ETO2,72220363.472387,True,0.0,True,0.0,True,0.0,True,0.0,True,0.0,True
pool190a9js7lk9lvmrngre7w268z9tz9xs9yz77audvw8ag4jerfdhx,307,2019763.670456,True,0.009118037564523609,True,0.005179715626713393,True,0.011139670336306848,True,0.01840855520006635,True,0.01447023326225613,True
pool190fke89hjqyyvsc0snhnzrgg3wjjchf0y7n79jlal0yuj8060xt,EMMY,6016.53104,True,0.0,False,0.0,False,0.0,False,0.0,False,0.0,False
pool190gglea2zvf8vch44jnmpkzljyzvk3u84gpaj4l4ypwc2lpf27m,,653.014581,True,0.0,False,0.0,False,0.0,False,0.0,False,0.0,False
pool190vx20f4ptv93u8em69pl74y6kux0mgl6kpzwmq6xvx8qvza429,,0.68645,True,0.0,False,0.0,False,0.0,False,0.0,False,0.0,False
pool192ez0m2xn67tz4kx9casumhdkq9fz96rc6ja4ndl49v8ycnuwe3,,2832.231589,True,0.0,False,0.0,False,0.0,False,0.0,False,0.0,False
pool192pfftt48zc4x5aellvpufk6l6zxllpldw0rx82vrhqrqfhhqs2,EMUR5,52687543.26576,True,0.02112344577200048,True,0.017119332050832648,True,0.017119332050832648,True,0.021253096436590097,True,0.017248982715422263,True
pool192ve6p5958dam7hr3e656cuq5cucz5gnpfazlqr9kpc962gj07z,,862.976284,True,0.0,False,0.0,False,0.0,False,0.0,False,0.0,False
pool192xshj2cu50qfy2pm5cck8lnm9lxv2tjquznqjdkkzw6y5hnzl6,STEEL,11625.848783,True,0.0,False,0.0,False,0.0,False,0.0,False,0.0,False
pool1935erruagz8y3lkq5fycd7jk7ye9ldp86638nntmmwp9558jmhf,CASBA,12003.172185,True,0.0,False,0.0,False,0.0,False,0.0,False,0.0,False
pool193cdhdpaedcev7x6qps3eps7s4sh2v8k6v9yr4tc2ulujq4982d,14ALL,887.126951,True,0.0,False,0.0,False,0.0,False,0.0,False,0.0,False
pool193eeqrm9vfx5y7d7u7766zskcr0ss0pnypy8sn30mlar29s49zv,,19335.41357,True,0.0,False,0.0,False,0.0,False,0.0,False,0.0,False
pool193rdch53x9c53rmftlqgzj22vmz6w8z8hhut2ckzd2zej45zpap,ALLEY,1962556.637911,True,0.015204489898955805,True,0.011180541293352208,True,0.011180541293352208,True,0.018702809319335944,True,0.014678860713732344,True
pool193spq4aagtqthqxnwzat2n53ugjkyx8d42wqu6wm8lckj056y0t,,69.054961,True,0.0,False,0.0,False,0.0,False,0.0,False,0.0,False
pool193uec04jldvah7r52q86wl033g4v42x0aste8jfg9999qepaxfp,0AAAA,42118409.551902,True,0.021176265497825746,True,0.017154394458384462,True,0.017154394458384462,True,0.02133927378975898,True,0.0173174027503177,True
pool194lhpd5e6a8n8n0zce5hg9f5279pqecd86yl0ytf8nztk2x9unv,ARTMS,144083.220374,True,0.0,False,0.0,False,0.0,False,0.0,False,0.0,False
pool194rde70lnsrdu692j6hzrth2ka08l2t4g9mj0xl8tyfmuny7faj,COW,9.618398,True,0.0,False,0.0,False,0.0,False,0.0,False,0.0,False
pool194usk2h8vcq6yw89xs5asrvw22g08kcfy72xyfrnnkg6qrhtlfw,AUTO,200831.619675,True,0.0,False,0.0,False,0.0,False,0.0,False,0.0,False
pool194x3sx05hac6fhy37a7umfj55uaac4qf2ysp5fl2gyq2x7n4n98,ECX,421.986517,True,0.0,False,0.0,False,0.0,False,0.0,False,0.0,False
pool195gdnmj6smzuakm4etxsxw3fgh8asqc4awtcskpyfnkpcvh2v8t,SUNNY,30238080.275151,True,0.020442687102806684,True,0.01645892452381282,True,0.016861125982679713,True,0.021069648200452134,True,0.017085885621458272,True
pool196fz9gd7n0jnn2rwpcqqdyf9j5q3na6qwhhy0k6j9ysx5f3u7r4,,22.424605,True,0.0,False,0.0,False,0.0,False,0.0,False,0.0,False
pool196tul7axlt0qzqvs7rx4glfdkpsjlsh68tdkl7y87q3uztcvd5k,ARM,5.879394,True,0.0,False,0.0,False,0.0,False,0.0,False,0.0,False
pool197na7w0h8hjc8wdvwys7nsalhtpctefa3m23udeqxpfk6nzq8l9,,78580631.443634,False,0.02044208929874857,False,0.0165517516246385,False,0.016704940772891076,False,0.02068088414749524,False,0.016790546473385164,False
pool197rexraxmzk5mv36h2yfy8p4lwxzlqyenjk50r0q8dchz4gp26j,AADA,44600.133991,True,0.0,False,0.0,False,0.0,False,0.0,False,0.0,False
pool1980svf2cxnfy66s5jgjv7y22xud75z9kfe6n0c3y54s62w56435,HYPE,1213236.681932,True,0.0012250014682010399,True,0.0,False,0.0073900062298793276,True,0.017169952925813046,True,0.013106120903362878,True
pool199a44nvtjr0c5xlanz4p5c0nywu8l6k5hz3t2he0hq7wvljnsrt,ALoop,918190.240234,True,0.008166943538057822,True,0.004103102835860731,True,0.004103102835860731,True,0.01571984455586065,True,0.011656003853663558,True
pool19ae6xhzsscypyha0sszv90xwjsh20hxecxjpcqynshfawvwxqnn,GENE,4608870.711703,True,0.018711774944705516,True,0.014760813289312018,True,0.014760813289312018,True,0.02018939721401921,True,0.01623843555862571,True
pool19asxjgd6ah9ddzauwede4wpt9vsp6s4ax5nz297wt47evc9sn7z,,30088506.927409,True,0.0205712512414875,True,0.016933391675456967,True,0.017716815893111554,True,0.02158020667331538,True,0.017942347107284845,True
pool19at4pzt6ghethuls7ehr0v5x65cg7mj0zun79eenefa074yfcz8,,100007.457236,True,0.0,False,0.0,False,0.0,False,0.0,False,0.0,False
pool19clgr0yxjs8pqmlsmfzu6hg5muy5ws2rze5hlesg0v7tvyhcgxh,ACUDA,57013.365555,True,0.0,False,0.0,False,0.0,False,0.0,False,0.0,False
pool19d5anp46tkzvf8xmqmxrtedr6lvw55snk65zfep2srsd2qe2wcc,ADAC2,38.907291,True,0.0,False,0.0,False,0.0,False,0.0,False,0.0,False
pool19ddv2pe786q8zqjzvw50u60y2aau7wl76sg3pnkc4j92wcx2kp2,NEXUS,4067.003192,True,0.0,False,0.0,False,0.0,False,0.0,False,0.0,False
pool19dn4vmk5ayatdjshpnyvxy6w4fef0zfl585sfpls6l2wvn0xxjn,MJ23,38760.991338,True,0.0,False,0.0,False,0.0,False,0.0,False,0.0,False
pool19egsg4esywdpq8lk5e0r4c8se3mx6k68de2pt2d0fnrs7jntp6m,UPBIT,29572552.127621,True,0.0,True,0.0,True,0.0,True,0.0,True,0.0,True
pool19ejln2jcpg5dphc8m5nh8sya49sycsqj0v2cjxw6nku966cc8nu,POP,13600011.035604,True,0.01886681352643659,True,0.015007436126962696,True,0.015874310423544945,True,0.020218117576991265,True,0.016358740177517376,True
pool19f6742plmyxw4w4tzhew003q67cf2w7c66v28mtk6f7fxf80ak7,,516.461389,True,0.0,False,0.0,False,0.0,False,0.0,False,0.0,False
pool19f6guwy97mmnxg9dz65rxyj8hq07qxud886hamyu4fgfz7dj9gl,BERRY,32183455.492377,True,0.02059949085476269,True,0.016597673556239256,True,0.016977491379185437,True,0.02119155981406115,True,0.017189742515537718,True
pool19gz6ffzagyh9daymscvyc64maq2xf4s05w5upthferlnwd7vgr8,SAK01,10137.954961,True,0.0,False,0.0,False,0.0,False,0.0,False,0.0,False
pool19gzu2dyp0g9e0nsvtg34fdhrtgr8c5jq37nscalqkh3hsjmas69,,1495.728437,True,0.0,False,0.0,False,0.0,False,0.0,False,0.0,False
pool19hrn8me383w9atvmjwukjxqsdvr8udpmyxau956hdc53x669j8p,WAV11,58971605.546304,True,0.0,True,0.0,True,0.0,True,0.0,True,0.0,True
pool19ht066hngsjfnv3mfsc8u9fgzl4w5qcrmh8l6zppwph6s2t7jn4,4GOOD,3366748.450739,True,0.017693536805461704,True,0.013746508523188084,True,0.013746508523188084,True,0.019712190738014407,True,0.015765162455740788,True
pool19k9grwq9cdswn4k7vxzmwcls24jj3466g4s4xr5vucehcqpslfy,ADV4,41479930.267317,True,0.02110317346264787,True,0.01705112899509949,True,0.017350309825925964,True,0.02156954358128913,True,0.017517499113740755,True
pool19kfm6lz5uw7nylq27swr367mqdycmug7tve94l6h3xsz64seqtc,KILN8,39351082.251739,True,0.01999740145062919,True,0.016135545957053455,True,0.016435143816257925,True,0.02046442164291851,True,0.016602566149342773,True
pool19klg32x4wrwh8yfdra6u52qa37meves4r68pxajxwllvzazd37c,TEACH,3045.807206,True,0.0,False,0.0,False,0.0,False,0.0,False,0.0,False
pool19l206haluae6wyzm7tjpt3gln9paa5m9s4fedec2u09fqz300ht,ETO10,50008175.819413,True,0.0,True,0.0,True,0.0,True,0.0,True,0.0,True
pool19l2vz7pdk09k49lezr9zcmc4j98zc30htuw2rnqk3cceckuce96,,1257.550057,True,0.0,False,0.0,False,0.0,False,0.0,False,0.0,False
pool19lz8nyz0jjpdrdtnjaar4untk4th23gpg5s7aegn7480zff4vgq,MS5,28279057.385084,True,0.020291026796573585,True,0.016332639267653395,True,0.01676050890401483,True,0.020958000053254645,True,0.016999612524334455,True
pool19m3xzv58uymw76tg4th6q5fwkg9zktc8alvyysr37u04yw86axc,ADAIT,14341.115118,True,0.0,False,0.0,False,0.0,False,0.0,False,0.0,False
pool19m547w9wkcqm5hcstz67fly4ucz0zsp3dqv4n956xyusy4dlpue,WRM01,4908136.538828,True,0.01645748236985612,True,0.012433022434353043,True,0.014936192405849742,True,0.020359482619542152,True,0.016335022684039077,True
pool19m98gdj84d4kxem5h6ch8fvj92pvauhg0y4ktmzr3mln6c45yly,HOSKY,2535408.312077,True,0.016336424644046544,True,0.012381923410137191,True,0.012381923410137191,True,0.018998105789389038,True,0.015043604555479689,True
pool19mc6suzenqdvmq3ssf3nfzv4xva3wgl83z6syumccdppyar0vga,BNP,9105.83169,True,0.0,False,0.0,False,0.0,False,0.0,False,0.0,False
pool19n2rjlddd0afs02cgd86mehptwaajv5kndtfcuqzdmgzq06lq0n,NAO,3374.64346,True,0.0,False,0.0,False,0.0,False,0.0,False,0.0,False
pool19n5ml38q5uedy8kgwwwtlsa3p9tmfcef0lfjp42k7j9d5mpgs2m,SLR,211968.917589,True,0.0,False,0.0,False,0.0,False,0.0,False,0.0,False
pool19nfs9chtv37vfawvpyf0x2shfhns9hpwy3qfckvpm4dmq0nrl8m,,2620.34261,True,0.0,False,0.0,False,0.0,False,0.0,False,0.0,False
pool19nhmxfd2tts089nx742g8jtc2ynwstkhp2594y0wwp6d5we25f6,,7497.583789,True,0.0,False,0.0,False,0.0,False,0.0,False,0.0,False
pool19peeq2czwunkwe3s70yuvwpsrqcyndlqnxvt67usz98px57z7fk,PREEB,692332.179684,True,0.003755782444843894,True,0.0,False,0.0,False,0.01377265036389011,True,0.009707586433772317,True
pool19pyfv4xnln8x4l7auw0n0skk3hd97shun707hrw5d4s553ys74x,TITAN,65530744.200463,True,0.02140464373473784,True,0.017372888340776778,True,0.017372888340776778,True,0.02150994278305769,True,0.017478187389096626,True
pool19q034g07ka2ltwc3wwjeu79w29nlafc0w2ppne5ppu5wud60rgq,HEDGE,3690124.654855,True,0.018321730793410852,True,0.01425920238294179,True,0.01425920238294179,True,0.020201071099943804,True,0.01613854268947474,True
pool19qgfp80d2sv3p2azmygfq87g7va4s3ewd6aaulas6eqsyz4r2yl,P2P2,19085462.148894,True,0.017323130838439053,True,0.013867781992546532,True,0.014420480162373732,True,0.01818468975022851,True,0.014729340904335989,True
pool19r33az023gn3n8p2x35hq00j2dxc8vwln0nanpcfuvc8759cvkz,,5564.407628,True,0.0,False,0.0,False,0.0,False,0.0,False,0.0,False
pool19r8kcmqpajlm6h5q0lv8jye0q7evdur39wfsgs4z98fcqpz9lct,BLOOM,16557280.895228,True,0.019451032076699484,True,0.015596466406227468,True,0.016316004842241657,True,0.020572665521074545,True,0.01671809985060253,True
pool19rjjay24ez2ezgqkyqvna6uwc5ur9lt489gwvrv7ve5exlcld3x,MBCG,1478946.61488,True,0.004900386676515689,True,0.0008365087768700828,True,0.009227616255084862,True,0.017980642451379904,True,0.013916764551734295,True
pool19ru9alj7n5anmzs0f9gpzlj8kaq44yhcp45mldjvldxck8f6yg6,XRAY4,2078421.703979,True,0.009641486184701042,True,0.005617026249053975,True,0.011528194313013019,True,0.018855954049107785,True,0.014831494113460719,True
pool19rz6ve8nz6uvq97yspwh3fvt7w03dsjsnmft6du83hvtc324dus,DGK,2218520.820751,True,0.009972234214553465,True,0.006112809839208465,True,0.01142693621103539,True,0.018256019441224847,True,0.014396595065879845,True
pool19sk7acvpdxszed5hmckt0wmqxljalartue7d7d4a7qhwuw0n0ws,ELON,59.603626,True,0.0,False,0.0,False,0.0,False,0.0,False,0.0,False
pool19sydze39a8dccylczqe2m4nnslpreytxlj5fu400nqxkg8wvgx8,BNP,44914.06328,True,0.0,False,0.0,False,0.0,False,0.0,False,0.0,False
pool19t833uyjq92aajf5f7qd9w3jcnyq78p4hsx0fn63aejfjtyn99j,OCT,1084.589756,True,0.0,False,0.0,False,0.0,False,0.0,False,0.0,False
pool19tkfl9x2dkk07z43rvamftvnyu5vtcfatdpsag8phzqvgpdklqq,TIDE,33.692007,True,0.0,False,0.0,False,0.0,False,0.0,False,0.0,False
pool19tz0rwsnzmsw602rauwhzrsgk4qx55qzhkmxfqe04s6vuu37ptw,,76829401.182537,True,0.0,True,0.0,True,0.0,True,0.0,True,0.0,True
pool19u2lzwnmkz3gqqmx9sahhys8nqvwzkl8dqu7m474m0zsj3acjfj,,532.61831,True,0.0,False,0.0,False,0.0,False,0.0,False,0.0,False
pool19ut4284xy9p82dd0cglzxweddfqw73yennkjk6mmp650chnr6lz,ELEMT,190819.952135,True,0.0,False,0.0,False,0.0,False,0.0,False,0.0,False
pool19uynx6nxcdksmaqdcshjg487fap3rs3axyhrdqa7gdqgzgxss4y,JAPAN,3235225.509302,True,0.013312306081851062,True,0.00945289934677662,True,0.013097003897171187,True,0.018992821998642596,True,0.01513341526356815,True
pool19v4jgpxxl72eaq8pefctatvts3gkhtyzd8nwvzskkm3mkdv2tpy,ONLY,5381102.130214,True,0.01898699538317999,True,0.015003232796336228,True,0.015003232796336228,True,0.020249989438215647,True,0.016266226851371884,True
pool19w5khsnmu27au0kprw0kjm8jr7knneysj7lfkqvnu66hyz0jxsx,ATAD2,59980523.776819,True,0.021161593924622562,True,0.01720428060780671,True,0.017409112096869968,True,0.021480890069338815,True,0.017523576752522967,True
pool19x60wat4eu8sh42s05th8l4p6e9rmmnc6g2a64lj4npag7zj5cx,SNODE,2000.0,True,0.0,False,0.0,False,0.0,False,0.0,False,0.0,False
pool19xhza3f7nye6j5p6stsnkpvadejztnqvck0ge3l2uy9gvsvy05f,ARUBA,174.968922,True,0.0,False,0.0,False,0.0,False,0.0,False,0.0,False
pool19xyfanyp28j6j07dxgwdjp0wur6seqmyyu64qgzstzl7s47pvpj,VLHLA,201940.874744,True,0.0,False,0.0,False,0.0,False,0.0,False,0.0,False
pool19yf67fkanhu30qqdcug4gwfy7gpzy8jhq56llg5ua3g3kufg3s5,DSC,35490.0,True,0.0,False,0.0,False,0.0,False,0.0,False,0.0,False
pool19yzqr3meksnvzdxh5xf6aknfhldyqdj7eaquxgcjva4mzt5kg3v,gjp7a,86322745.389197,False,0.01739517157622801,False,0.014109317042561286,False,0.014109317042561286,False,0.01746747581043488,False,0.014181621276768148,False
pool19z9ac79g48kekg2xghx3afj6qp5skr9ar590w0huhc8nxn9s5j9,TOAD,1040.652302,True,0.0,False,0.0,False,0.0,False,0.0,False,0.0,False
pool19zhl50qqzpfvvhdytqg6qx0cthummjyunfyvkfqx9uxrsp7k8ek,BKV,513705.423282,True,0.0,False,0.0,False,0.0,False,0.011024374151849215,True,0.0069602659893869935,True
pool19zz6frugmvm82ecgl5hh5vq3093d4kzr4h2r5vfmt6la7trk929,CVM,35010736.098546,True,0.019923110071567947,True,0.01606124959674689,True,0.01639798916048573,True,0.0204480276268079,True,0.016586167151986846,True
pool1a0kp4vl4fh0p0rs8s08rm7qq3vkj3epwraayk3sdgm8sz0zwt7t,BLC2,51361417.153099,True,0.02098548736604075,True,0.016961074149191745,True,0.017200278997519393,True,0.021358365511963254,True,0.017333952295114252,True
pool1a0wm2emve4y6e3tn8lnhk9vfhk9u7wgjqmrs5zfsn792gjtquu3,,2.015999,True,0.0,False,0.0,False,0.0,False,0.0,False,0.0,False
pool1a23gmvalpdams9d42t7fur8vmknzjv7wd3nsvuvrc7dv66lnau0,AOS,48497236.542378,True,0.02066816923037501,True,0.016722525673649093,True,0.016972019270865234,True,0.021057085720153114,True,0.017111442163427196,True
pool1a26gnntcj3j5v7ng599qncn7uuav2sp560xwlkvp3pqlj822jtl,NASA1,1685.271127,True,0.0,False,0.0,False,0.0,False,0.0,False,0.0,False
pool1a2ffl2d20yransp2p4hqys5vy6hys8kmtchdvlfqale7ywxssjh,ZUND,746608.319851,True,0.005074002900315841,True,0.001018397414807413,True,0.001018397414807413,True,0.014362675174131397,True,0.01030706968862297,True
pool1a2gt2mvuf5zvtqlvw2xgks2efze3p4r985ft62q64lua7gx7lal,SALT,2974683.855982,True,0.013337712638452678,True,0.00927311899638623,True,0.013444990899695843,True,0.01984092472302354,True,0.015776331080957096,True
pool1a2nh3ktswllhwf07fjahpdg5mpqyq7j950pyftq9765r6t4cefl,OCEAN,36682461.1297,True,0.019880065185099362,True,0.01597424410764115,True,0.016605349253998303,True,0.020692852116013884,True,0.016787031038555666,True
pool1a3ekt9me035qgju0en2w39vjns9ggtewnc9fugsmpgczvgtl6u9,SA8,7231744.842891,True,0.01806605874522056,True,0.014041602339505006,True,0.015740486947149506,True,0.020714320045372277,True,0.016689863639656726,True
pool1a3kdettzvvlqvkl9m9hwe63ggeq5fgvz0twqew5c62dzx99vsed,LEAD,7960389.439063,True,0.01837912602174595,True,0.01435595498530587,True,0.01589933425010804,True,0.020784981934525805,True,0.01676181089808572,True
pool1a40qpxlsqwjk4a9yk636dcawly4dcrd6l26tghjxlr37cmlrwv4,RPO,4306.185517,True,0.0,False,0.0,False,0.0,False,0.0,False,0.0,False
pool1a44j6jas4sjhh3qc96r8rmhsdjxjuntuzxr3440jzwjjcysl9ca,MELD,184188.249802,True,0.0,False,0.0,False,0.0,False,0.0,False,0.0,False
pool1a44zldps27avv82mamm2lj33mrrkqdzt39nyrgn5dkk3jtm0wrp,ADD,719786.826334,True,0.0,False,0.0,False,0.0003709484681115299,True,0.013933707599780007,True,0.009909397560001629,True
pool1a4qtpgce7cu6wzc79fx7qrc3938hkl2gf8c2h5jugvm2gnu86l7,,20728203.293906,True,0.019977624280435372,True,0.016303760626050483,True,0.017440958320697277,True,0.02144219706899564,True,0.01776833341461075,True
pool1a58fg4u3mcr2zwyqlc4dqd6mnwqjmcussmpmcml9lrmszwedmfy,,4988.631386,True,0.0,False,0.0,False,0.0,False,0.0,False,0.0,False
pool1a5jd3x2udlvpm9mt4gpau4jlags6qtth6jdsguryh2zy27f5ttj,CRDN,3437185.035659,True,0.014172038234392725,True,0.010189246266903103,True,0.013727548649180365,True,0.019687627242060225,True,0.015704835274570603,True
pool1a600v0jd2z3yajazd80phln3exekumm7g56d9yvlrh6vx8dx2fc,POP3,1430495.846828,True,0.004117341742176501,True,0.0002578864447761172,True,0.008499434315147212,True,0.016964460481284385,True,0.013105005183884003,True
pool1a6wdglfp93m2z4nhptx9xhjazgyqusjpu387gdrp899cj98yuqq,HYVEN,913.900616,True,0.0,False,0.0,False,0.0,False,0.0,False,0.0,False
pool1a6ysvnx24xsjh2f6ehgmx7yu9q45fd7lsk88v2swxkek7pkxtgp,VIVI,9024347.355078,True,0.000757261575492229,True,0.0005946883382511086,True,0.0006496950861596622,True,0.0008430073884085041,True,0.0006804341511673836,True
pool1a8902n5s5z8cgehphzj8ujwv6wf7dycnrdx4ekfz9cwmwj2fenu,,799.909887,True,0.0,False,0.0,False,0.0,False,0.0,False,0.0,False
pool1a8fp4uygrweyx2hgkawfec4dn9vnw73ruqj0p6p2ewsjyfu2lgu,,31642833.426721,True,0.019851428369671582,True,0.01598956789485053,True,0.016362148309537552,True,0.020432215486683704,True,0.01657035501186265,True
pool1a8n7f97dmgtgrnl53exccknjdchqxrr9508hlxlgqp6xvjmzhej,HAPPY,55772438.400716,True,0.021254317974559872,True,0.01723659671921071,True,0.01723659671921071,True,0.021377419101153466,True,0.017359697845804305,True
pool1a9fmzl8m8ql8kk5s8cgxf0ny4c06v2540977gps5mjunwvk5zc0,HPAY,419.610317,True,0.0,False,0.0,False,0.0,False,0.0,False,0.0,False
pool1a9j9dtdppvfq94w84ns59fnrptz3cj2mkwpmku57e2yf5k6a4ae,ayame,3.622402,True,0.0,False,0.0,False,0.0,False,0.0,False,0.0,False
pool1a9xyvnnfjnujzy0n2mpf4rztdwrssraw5p5f06mqlgn4s06z0nw,LAGO,232361.508308,True,0.0,False,0.0,False,0.0,False,0.0,False,0.0,False
pool1aaa4rk9exk0scgjh7a247p4hdgkuq887kau8vnf9c6xqcjwca7e,CYPAY,47.821475,True,0.0,False,0.0,False,0.0,False,0.0,False,0.0,False
pool1aasrxs9vpr97rjlqqwpp5gnju9tp9dgtsmqqvmsy8hryuuepvra,NEP,1299.987829,True,0.0,False,0.0,False,0.0,False,0.0,False,0.0,False
pool1aavk93lvhqfhskga397sadl0w30tul9sp587gh7r8mt625zxze8,,3487.585371,True,0.0,False,0.0,False,0.0,False,0.0,False,0.0,False
pool1aawkmkg7vg0x0vxaqh4gr0lwp4fekwsqrjduylx0et3tuz9hfn4,CHAIN,571584.319303,True,0.0,False,0.0,False,0.0,False,0.011739124084733713,True,0.007796087885084506,True
pool1aczlsvfl50xtyfuff4vk3d0v2h9r78hr269ycxwgx00dcng4u9d,MYTHX,197.61919,True,0.0,False,0.0,False,0.0,False,0.0,False,0.0,False
pool1adryduxm4puhn67tuxys7rhvdleee6gw5pc9ufnwwzp8k2wjc2z,,9308.804645,True,0.0,False,0.0,False,0.0,False,0.0,False,0.0,False
pool1af7dmzgcyp9kc5lyrtrtpsce58l6j5cjvc8wavkwmzlr53ym50v,SHARE,2025036.735687,True,0.014199539955073672,True,0.010227027857427259,True,0.011286860482770668,True,0.018615509227337873,True,0.014642997129691464,True
pool1afv4cmmjdkujtd5r9t63090a3frwwqy8f3e46gz003vyzjcj63r,,527213.835495,True,0.0,False,0.0,False,0.0,False,0.0,False,0.0,False
pool1ag6ae29hrcjhcjaqp56hwhwj9geszjerwqrkjz6xndmcq3u9k80,,1967.312227,True,0.0,False,0.0,False,0.0,False,0.0,False,0.0,False
pool1aga0u8m7rqpdvkqa7qfr8rhyweyqlg3jxt3skfq660vdczwzyca,,44.304481,True,0.0,False,0.0,False,0.0,False,0.0,False,0.0,False
pool1agk62kg0s9606v78exurl53mqsdu44d6qeuzypur5e7ku6gpgzp,,7524.334329,True,0.0,False,0.0,False,0.0,False,0.0,False,0.0,False
pool1agwy5atgc4ptg3whplaxyz28g4dgvsna8auktszctkq8xmtl7dh,8964,3368216.761057,True,0.01800350688120123,True,0.013942971141691218,True,0.013942971141691218,True,0.020062459879767656,True,0.016001924140257643,True
pool1ah5jv4mrq0z7g4wuhjjnc24kfwqekwcap0wqmsr57thfg8mpr4n,HWSP,1544.341958,True,0.0,False,0.0,False,0.0,False,0.0,False,0.0,False
pool1ah6f5h5xss3qcc5wv5smvkwsqrqz2v2v4u0pvmrrttzs6z52kx8,FGMTE,1004589.024912,True,0.008394578872621676,True,0.004735974212264983,True,0.004735974212264983,True,0.014607567313886745,True,0.010948962653530049,True
pool1ah9fqr5pwdtjtw82nkkcskak4vtc2xjz70mkyselzvalgzd3jlt,SYLV1,24613.859387,True,0.0,False,0.0,False,0.0,False,0.0,False,0.0,False
pool1ahazpr2yz5gljk2m4q8g7wnmq7m2sr9unhdfmr5arhqrjnntwdz,ADV3,74282147.110501,True,0.021367459515546743,True,0.017315449935961534,True,0.017482515650709102,True,0.02162788548265325,True,0.017575875903068038,True
pool1aj697twgk5kt7c6kjtkpwejqqhljvf3hzsmsamswzy42v24cw5h,KYLEK,37932.825619,True,0.0,False,0.0,False,0.0,False,0.0,False,0.0,False
pool1ajjz83zx620n7fyr0gvfaz0k0udc6x09rdnkqrgaxu9qwcz97qe,,205.61853,True,0.0,False,0.0,False,0.0,False,0.0,False,0.0,False
pool1ajpxqyq3p3aczgaxuc66lwtgzhrapzu6duk90dz0wz5twh9jzyw,STBL4,6.135954,True,0.0,False,0.0,False,0.0,False,0.0,False,0.0,False
pool1ak3vhtv7alve9wfj5kx5xswrtfvy5a23txuupgy6nqpduq350w5,HEAP,1102.568441,True,0.0,False,0.0,False,0.0,False,0.0,False,0.0,False
pool1aksxtgqz36vtvnf3rrgrzz9qxrvjv4p2ukqcdyv5q66s5eqhql9,,6.444552,True,0.0,False,0.0,False,0.0,False,0.0,False,0.0,False
pool1al5vg7cqtfs5mqgd5uyyx09z9hvsxqnh26lr42t920y5qnvq7aq,ROUTE,1252.315408,True,0.0,False,0.0,False,0.0,False,0.0,False,0.0,False
pool1al783um2muyhrpcj779y46z0qtnd0nteu0y5jt7252nl26dt0h0,GOLGI,108000.371031,True,0.0,False,0.0,False,0.0,False,0.0,False,0.0,False
pool1alseugmsr68dn8mlen92jqgdc6nm4f3dvqyc8m55fgl967ytyua,,76824819.233615,True,0.0,True,0.0,True,0.0,True,0.0,True,0.0,True
pool1alukhlxd53jat03vgt5h4dxxqyaapzefhk9yrl40e4r3x5cr5au,,3.991496,True,0.0,False,0.0,False,0.0,False,0.0,False,0.0,False
pool1am69d5jfzgjepwhseryw59j0lspn0c0307shw3v2cvfq77gvnrh,BIDA,126923.599625,True,0.0,False,0.0,False,0.0,False,0.0,False,0.0,False
pool1anxttanf5g4cjgagns6cf084wq6x9k2pfygjdjyk3swf77wj2ax,FGMTM,2858604.422914,True,0.015605406884082951,True,0.011946802223726256,True,0.011946802223726256,True,0.01778881496600201,True,0.01413021030564532,True
pool1ap0mx7frdu2mhk6f8rp3psy6wkd8t560dgh0cwnlxxfswtqjg9v,,244.646977,True,0.0,False,0.0,False,0.0,False,0.0,False,0.0,False
pool1ap29p59japhsunqkknkrdm4wh4f8krrvhft66zhns43evawjd03,SNOW,6304.620604,True,0.0,False,0.0,False,0.0,False,0.0,False,0.0,False
pool1ap4k28jflxcyekms0rjp39ruuydrvwrek2ca267w8mwyvknpx87,,127355.289384,True,0.0,False,0.0,False,0.0,False,0.0,False,0.0,False
pool1ap5sw2p7erpvegveucua66gy50cadjvq72apar0hvzrdv8s27nl,ELEV8,6737.303755,True,0.0,False,0.0,False,0.0,False,0.0,False,0.0,False
pool1apts5675m9f6tkp4ed2jeu35azt7a0hxd3dypzjvwr2hxu6lg9a,ANON,3943.453987,True,0.0,False,0.0,False,0.0,False,0.0,False,0.0,False
pool1apupv5qtfp2aa2xlrzzjzx0uj686g3n695a329nq8j5jvvzumz0,RIDGE,2751157.784657,True,0.016998921778116637,True,0.012974973930688579,True,0.012974973930688579,True,0.019494471120393264,True,0.015470523272965208,True
pool1aq2kqdp9xf9w47vttvmqnahwd4scz2qyddsr9l4mfru4qddg3kr,NMKR,2648449.481691,True,0.00012337761920277348,True,8.290559840528368e-05,True,0.00012976320352779628,True,0.00019642035659963138,True,0.0001559483358021416,True
pool1aq6sd3kr3cnjk995tfthhyf0suth3rm547kp6pv35z7wgqu6twn,BNP,11670.859974,True,0.0,False,0.0,False,0.0,False,0.0,False,0.0,False
pool1aqg6fvhcaulvss2ruvpx6ur9vj7pejvdcxv6xp0qlwuwx94evf0,SARGA,16066580.321068,True,0.019735135542941006,True,0.015752604633319883,True,0.016509567207617808,True,0.020915106614640713,True,0.01693257570501959,True
pool1aqg8vxzv75zhjzjjd9s20fu6r0xz70yl8lk3teacwy7qyc2p2j7,KILN7,65955029.462936,True,0.020665182233707325,True,0.01672202451921942,True,0.016904538272878866,True,0.02094968896735294,True,0.01700653125286503,True
pool1aqr4843pgkyaq6p2557vgnxsxwnj5s5em2xusf5k4ya4uzk3w5l,,831.024711,True,0.0,False,0.0,False,0.0,False,0.0,False,0.0,False
pool1aqslsnawz622pd8367tgsu2atfm3lgk9xcdw5rh3c6rgzca33yq,,20.0159,True,0.0,False,0.0,False,0.0,False,0.0,False,0.0,False
pool1ar6nsa2uzng70uf8fdrttu5jhgxzgu2f4za8h845zr435nfcruw,1STEP,4066303.931467,True,0.01835133188703276,True,0.014348476012917792,True,0.014348476012917792,True,0.02003122967999867,True,0.0160283738058837,True
pool1arsqn9w87wpqlm0sre66gs79dcs0jmwulytgke3vut7u62lttu7,LATIN,2520227.202168,True,0.01645888486321644,True,0.012469465770907904,True,0.012469465770907904,True,0.019161089646238236,True,0.015171670553929699,True
pool1arx4x8ecnxu46xrpfj88hwm25j9gcy8080szvf62a0avke556v5,SPG01,131012.917179,True,0.0,False,0.0,False,0.0,False,0.0,False,0.0,False
pool1ases3nklh6gyjf74r7dqm89exjfd520z9cefqru959wcccmrdlk,MIN,35113937.580679,True,0.0,True,0.0,True,0.0,True,0.0,True,0.0,True
pool1asfgkqtmjuusclgx72xpzvpw336gkulchtstsx9lsj9uqzjckv0,BASHO,24288366.153241,True,0.020038970165849254,True,0.01609580756868727,True,0.016591423450136495,True,0.020811547863402457,True,0.01686838526624047,True
pool1ast5kjj9zer9sp02f5w44nyqsc54589l2glyp5fhsg3awqs5axk,,67679.828832,True,0.0,False,0.0,False,0.0,False,0.0,False,0.0,False
pool1aum2mx8ds554pfm45el2wn3lr7lsnphlggxzhk3qlpl56qnffm2,AMM,1384.519322,True,0.0,False,0.0,False,0.0,False,0.0,False,0.0,False
pool1auwfzangu7s9uagapchhmac87jy3k87a3dxhp23vadtw5m5dswl,JPN24,3324.707793,True,0.0,False,0.0,False,0.0,False,0.0,False,0.0,False
pool1av640ert5ktadalakrc5lkgrf988tu0t0j58d9hptd06u57qlms,NUV,24695.938217,True,0.0,False,0.0,False,0.0,False,0.0,False,0.0,False
pool1avrc505uzld32hjr78pxra8jtmxvwaxdttxq2zxsjearwsy0quc,WPool,138245.095266,True,0.0,False,0.0,False,0.0,False,0.0,False,0.0,False
pool1ax6nusmcp8h8alsqmueqvxu46h37fmvfyr2y6w9l6486cy2rq06,,321.624382,True,0.0,False,0.0,False,0.0,False,0.0,False,0.0,False
pool1ax7rlt56kgfpn0ystuwk5jawjh5r6qfw6xhwa8ckaqe47va4y39,GYQX,534.521077,True,0.0,False,0.0,False,0.0,False,0.0,False,0.0,False
pool1ax8znp3yeeh0udrr2vvtm4wkxjldwv4mywycn573km7fu20y5xa,,827124.562756,True,0.0,False,0.0,False,0.0,False,0.0,False,0.0,False
pool1axeed9wqmyvm8ttgdkpazx5dr0e6ezhucnzarpua0zpdg8ycqwl,,150990.903879,True,0.0,False,0.0,False,0.0,False,0.0,False,0.0,False
pool1axgtae69sdv7tnqru3enjdln0hff9k7n8awlh9xxzq92cdgmq53,,7.62,True,0.0,False,0.0,False,0.0,False,0.0,False,0.0,False
pool1axngzl8clfn6pnjaf4w5r0q4tgcwktv0zcuxnn32hl995pthddr,NOSP,7073062.306941,True,0.0,False,0.0,False,1.5860973416139294e-06,True,2.0906565009114747e-06,True,1.6841453963185191e-06,True
pool1axzm26vduyuxgw0x9ddh4vkvn7q5hyd558l0t9c08p556lf2zaj,WAV1,28829781.990669,True,0.01977879937589145,True,0.0159169887125006,True,0.01632592347322185,True,0.020416256502898102,True,0.016554445839507253,True
pool1ayfjmnrv5vg6tfducvysn360re6qfwuv2rhc4ph6jk33ztuxlhq,1PCT5,530206.390444,True,0.0,False,0.0,False,0.0,False,0.01124467202618699,True,0.007222559305301404,True
pool1azwa3mcez0mr7520jznl0kamr3wdun5ygzscwtjulhdy5s58vvu,ZMT,93199.989121,True,0.0,False,0.0,False,0.0,False,0.0,False,0.0,False
pool1azwytj96wpa7hqmj5adks6tpw7rhnwdqpf9hkgyy0mwdxxzxz9w,XAT1,741911.895963,True,0.0,False,0.0,False,0.000864252801930147,True,0.013735974983896879,True,0.009837825049829541,True
pool1c0p84nykx0m4yqs9pkvlgagh3nlnrn77d5zed9kv9ktljh2cjcy,GOKEY,101816.753652,True,0.0,False,0.0,False,0.0,False,0.0,False,0.0,False
pool1c0qt93ydpjdndag5v9fsmzjv0hm87ehstqn6ttvrr60rw9d6uaq,PACT,1808.521302,True,0.0,False,0.0,False,0.0,False,0.0,False,0.0,False
pool1c0t0xzlpu7nhprxhnlepnapek47waww3m54ek6gaufnpjrl5j0m,,37852.390594,True,0.0,False,0.0,False,0.0,False,0.0,False,0.0,False
pool1c0xj2fa97zuz4phld87atg6yphz3hju409fm5xgnwuuvqww25qj,SAPIO,1433936.152958,True,0.004329945473124612,True,0.0003067558867156535,True,0.0088747105858534,True,0.017685874857074627,True,0.013662685270665671,True
pool1c2utlagkpht4zj0jetsf245c258geuxnjqp9kf4f2z9rutx9dz4,QCPOL,3365363.898132,True,0.017095380260803053,True,0.013234756249486196,True,0.013234756249486196,True,0.01905304374071883,True,0.015192419729401968,True
pool1c2wf97p3j9gfvfjshj99ufxerpy3aznm8tzr2fd0ua465s26th4,P2P,76744352.487519,True,0.018154340575805283,True,0.014699437420254034,True,0.014836887273671138,True,0.018368600641426064,True,0.014913697485874814,True
pool1c38rf777lz0lweuz856xtetz2p2tfq04xfles089839tclt4dp3,,24314.759422,True,0.0,False,0.0,False,0.0,False,0.0,False,0.0,False
pool1c39qg80pu8596huf5kh6cmfuxp8yzxz4kfqc4csfz7xdcwfwcnc,,314.310501,True,0.0,False,0.0,False,0.0,False,0.0,False,0.0,False
pool1c3ecg6h4m73a2mftmdm9mz3gxklxmnzuwzl9e38lzd4y26qcm8a,COSMC,27602401.293508,True,0.020286254970446702,True,0.016337996255304223,True,0.016776354855751272,True,0.020969578671143574,True,0.01702131995600109,True
pool1c3f370yr063cpzpdapsdyqye8dutrztqjfhrug8dr3uj7d50375,,76825585.553792,True,0.0,True,0.0,True,0.0,True,0.0,True,0.0,True
pool1c3fjkls7d2aujud8y5xy5e0azu0ueatwn34u7jy3ql85ze3xya8,MANDA,2263956.73049,True,0.010289614566308001,True,0.006387604138697317,True,0.011649895524196312,True,0.018492598196644675,True,0.01459058776903399,True
pool1c3kxs76qj58284f923cx7ed8vw25en3nfghyurv0z9m2g3x9c4j,NAHA,8236727.969869,True,0.017827339883284186,True,0.013945203896269805,True,0.015384070160076804,True,0.020070278470983333,True,0.016188142483968947,True
pool1c45udwv2kdjcth5fvnhlklsz2tutw8spl9tcwnfw7m8cxl8eanm,,77424.461885,True,0.0,False,0.0,False,0.0,False,0.0,False,0.0,False
pool1c60f68y8406zjmacluvcu8c0krgngp6h2qkkqhdz4mtl62ns0dq,MYUJK,12017633.205353,True,1.1186100240846348e-06,True,8.747061925601274e-07,True,9.949794589596168e-07,True,1.2735074126294318e-06,True,1.0296035811049245e-06,True
pool1c6ezumxqayxzfwec8q8nz40zpf58n3sr22nstpxf2pg3gggx0ce,,1501.2,True,0.0,False,0.0,False,0.0,False,0.0,False,0.0,False
pool1c7jrfce3zxkk9s9enzpvwj8fuayvx3pdzc2k2es6mrw6gsfcjep,EDEN,27447420.713771,True,0.0205686654015898,True,0.01654425218386023,True,0.016991868013708895,True,0.02126641948929507,True,0.0172420062715655,True
pool1c86ul4pnqvu7jzag8fjdy6dgrn6pt4ad4vmyq038hyg0wl2kaed,BAIDU,7388711.802735,True,0.017955015584608696,True,0.01397120316266969,True,0.015617200506279466,True,0.020520834973176874,True,0.016537022551237866,True
pool1c89d4drtwn0048mekkdkzllz559ahnntxelyw2mppxnmc36hjlx,CLIO1,36712260.296272,True,0.021224037781200255,True,0.017257130759174923,True,0.017257130759174923,True,0.021411069128346633,True,0.017444162106321295,True
pool1c8enfyd0rt39p4wr9h840y3d2xtqylxq5rsu3ku8gld45swgtne,NBLWR,28155.734292,True,0.0,False,0.0,False,0.0,False,0.0,False,0.0,False
pool1c8glhjlfs7lqww0zg7ghajtyf527zrahyksyawnz7l58kx0utf7,,7.110416,True,0.0,False,0.0,False,0.0,False,0.0,False,0.0,False
pool1ca862gvy5r06k5l3hulsphtp20tvuxqef0arzcyejdf365c5nrs,CHILL,7083.426021,True,0.0,False,0.0,False,0.0,False,0.0,False,0.0,False
pool1calq8kjzrvp83l80rtvgmulausl99q4tjfkz2lp227vkymd5wgg,ODIN,946578.341679,True,0.008410856458579665,True,0.00443455451505125,True,0.00443455451505125,True,0.015590716487856288,True,0.011614414544327871,True
pool1cauj94scz5wp58defdxqqgnujaalvxe388peyv2gx79y6suzl55,FGMTA,69797994.297653,True,0.019352539263779812,True,0.015693934603423127,True,0.015693934603423127,True,0.019441961604103566,True,0.015783356943746878,True
pool1caulv7s08g0jnptzdc69qycptacu7fzahny2epzh7sh9vhqz6xz,NUFI1,15305306.201514,True,0.019457272957813306,True,0.015514161015739521,True,0.01630066602527727,True,0.02068329547268098,True,0.016740183530607192,True
pool1cc76kmtcpf6vht32ya5ke9er74dnpy4jh5qpy4klqwp87ygdsu6,BLOCK,7332117.348758,True,0.0178031595847602,True,0.013879816683462649,True,0.01552328601528413,True,0.020365038249070155,True,0.016441695347772605,True
pool1cd6mgg8y98sq4cc7668xwwg0g6ln4z7r0gx0r5pfvjg9w8u0rc8,,35201209.359949,True,0.0,True,0.0,True,0.0,True,0.0,True,0.0,True
pool1cd7u9yenr0vkzh9kj7nhhy28ye289muhcdgnhyvz7r3z7jwcxl9,WAAC,41226.879055,True,0.0,False,0.0,False,0.0,False,0.0,False,0.0,False
pool1cdkv8070twtzhpeznc42wql8fre2edkc48watnuf2pmqcp93qjy,NOMS,112512.025805,True,0.0,False,0.0,False,0.0,False,0.0,False,0.0,False
pool1cduc7ut6grhqyavrmm3gzcdf4qfdsjk7vdwcxy9c0r5fyaxh2sq,POOLS,1790324.478528,True,0.00767028478562848,True,0.003682510819362692,True,0.010483205970450958,True,0.018271368403501364,True,0.014283594437235578,True
pool1cejaj3e490r9ejf854k3pw0kagglczuaqp69g6g5jzyfxjxgn4h,Croco,99.442997,True,0.0,False,0.0,False,0.0,False,0.0,False,0.0,False
pool1cew2q6pge250exctkq26lyl0w95923xxa54thd79nv8xy9j3xe6,ARRA,4711573.530495,True,0.018669816887824982,True,0.014688546592847296,True,0.014688546592847296,True,0.020112286151227517,True,0.01613101585624983,True
pool1cf7mqj0xd8z4jqhr7nf565mxuvepk8euv5t6ehmuwe49kfz9llr,TOKAI,43007158.286808,True,0.02100632833177945,True,0.01696674942794963,True,0.017253863259504214,True,0.021453888128026302,True,0.017414309224196484,True
pool1cg559cdc25fkvs73umj6w5nxlwy3mpmj02xt7p4v69eqs5ncz9k,WOOF,1911718.101593,True,0.015203809264719297,True,0.011147900424809655,True,0.011147900424809655,True,0.018831436159197718,True,0.014775527319288075,True
pool1ch3k0e07dhqwum847sa02cyecrp000a6egdx89fz5rza230jhlp,ZAM,126436.158071,True,0.0,False,0.0,False,0.0,False,0.0,False,0.0,False
pool1chdvqec5lwsxuedrdhcdcxg2295tqrce9lcz3luru5fruzjf3wr,RXD,128.72494,True,0.0,False,0.0,False,0.0,False,0.0,False,0.0,False
pool1chfk2749hyrwqqpj9fapredjsgw3fdauyxw3hn82kavqva6nv3w,KSP,2554060.835543,True,0.011962846277357006,True,0.007897782402445114,True,0.012756711300026207,True,0.019537058970645185,True,0.015471995095733292,True
pool1chtam5czevzk2ttctvltpsc8twlwf6zzyh7kj3jkz72gks975sn,NUFIC,220028.283569,True,0.0,False,0.0,False,0.0,False,0.0,False,0.0,False
pool1chxjq4stjq2q635q8lv3vpszu0jqntxh3ltl97s5de4rz0rkdn3,CRTX,2376.367721,True,0.0,False,0.0,False,0.0,False,0.0,False,0.0,False
pool1chxnn5gurqm83728aafjm7thv8yla9tz85yejtstqsc658mrpm7,XERSA,4306.866433,True,0.0,False,0.0,False,0.0,False,0.0,False,0.0,False
pool1chzrvd7wzmw8ufsehctn8fmf7ca27xf7d6f5tpreat7kxx6hwf9,MOBC,631579.413995,True,0.002031551823159873,True,0.0,False,0.0,False,0.013011960377221616,True,0.008946896439818676,True
pool1cj2uh0ylps28czcjslnz85v2zyf8mld0w5tuqp3amxk4jjwfkgd,CAT,36761.794932,True,0.0,False,0.0,False,0.0,False,0.0,False,0.0,False
pool1cj6js4ae570qqgssp5qr83zla0775u35fyxytk8j240uy2aca2q,,305.490616,True,0.0,False,0.0,False,0.0,False,0.0,False,0.0,False
pool1cj8dxjjlyn9xmjavr98ytmvlpd4vwgqp36kq8rl6jjyt6k2adfh,,354153.397237,True,0.0,False,0.0,False,0.0,False,0.0,True,0.0,True
pool1cjjtz6enkc76yytlf2zd86ngdu60e705vq7wq940ncu6506s6n2,,19639.639941,True,0.0,False,0.0,False,0.0,False,0.0,False,0.0,False
pool1cjz6kg9a8ug9uk0nc59q60a67c2628ms58rd98gq587jwa2x5qt,GENS1,2043579.03645,True,0.0,False,0.0,False,0.0,False,0.0,False,0.0,False
pool1ck8rqpxp7j8kyzutk856fnvgm8xsqmuh922wkeeg32ekjjrvtc0,ISPF,2867847.570208,True,0.013026059960310752,True,0.008960952479478602,True,0.013288239650846613,True,0.019771537021560887,True,0.015706429540728737,True
pool1cl3fhy6me0nf5jnxahk997r0529aumt967kw4yml5vraq94mdk4,RAID,37774.019504,True,0.0,False,0.0,False,0.0,False,0.0,False,0.0,False
pool1cljrz5vyw7jp2mp23nt9ywn2wdg5ulamhalw6d3mng326laxs77,,18.599471,True,0.0,False,0.0,False,0.0,False,0.0,False,0.0,False
pool1clkt34hufs3k4gfnd2rl8gy9zlzzdgr9838y0k2hwfuhy0mh2t9,,103.923029,True,0.0,False,0.0,False,0.0,False,0.0,False,0.0,False
pool1cmaafeyy52ppz62jqmsm20c5p8nua7xx95lkkf96ktmqqj3w5td,EDEN,40558510.741917,True,0.02085806120807541,True,0.016833647990957216,True,0.01713656591805217,True,0.021330256800311663,True,0.01730584358319347,True
pool1cmdq8atcy8x7lfhh09vdumveuh0ywsx0269ur774nvzkyhma37d,MOMO,35747860.623319,True,0.020989666692990787,True,0.016926646508055667,True,0.01727380014980129,True,0.021530817958064837,True,0.01746779777312972,True
pool1cmk4xnegvtm7svgw5u0neg93640ytmssyr0tqngncwnf6c0kn4u,,7.304864,True,0.0,False,0.0,False,0.0,False,0.0,False,0.0,False
pool1cmqpzlsrrjup8zg6qaperz868u64dlt7uvvdszsr658mvzz9qq0,TREK,1467248.960741,True,0.013222698398123093,True,0.00915763450800453,True,0.00915763450800453,True,0.0179492309672773,True,0.013884167077158739,True
pool1cn0dqtplwf67fds40hgkf0u5rm4q4azev5qutmgkw5hdyvue2ue,NEDS2,22203754.969848,True,0.020171924508636044,True,0.01620085371370796,True,0.0167485898969128,True,0.021025748558925937,True,0.017054677763997855,True
pool1cn0ku4zvg266h3rznm7kzsytg3smeu9wma785g25yr89xdgw3kj,ODYC,212183.614349,True,0.0,False,0.0,False,0.0,False,0.0,False,0.0,False
pool1cp4q7w2jvlthul9mlskj6xutx9rdr7n4vruqqe09pfg5ywmzdzq,UPBIT,31687257.992093,True,0.0,True,0.0,True,0.0,True,0.0,True,0.0,True
pool1cpqpw923842ple6gnkjl0k2z238uwm4s8xh53ryzxcavu89rp9p,HUSKY,577228.581586,True,0.0,False,0.0,False,0.0,False,0.011830573397026494,True,0.007887910462748495,True
pool1cpr59c88ps8499gtgegr3muhclr7dln35g9a3rqmv4dkxg9n3h8,LACE,1590909.519412,True,0.013747191923842451,True,0.009726440266618862,True,0.009726440266618862,True,0.01806274219004335,True,0.014041990532819761,True
pool1cpwymxe2fjr20u34f874e2q6za3razk0rttslrxqhc4tu3zxau8,BTV3,45473140.341425,True,0.020979557780297427,True,0.016995743919568897,True,0.016995743919568897,True,0.021129015239117543,True,0.017145201378389013,True
pool1cpzz6aqljgk97ks728xa76wqg96kj79ndc3gasx7kdnr74wrk70,7CS,729.283955,True,0.0,False,0.0,False,0.0,False,0.0,False,0.0,False
pool1cq25dmlt5974x8tqg3e4dlzvrxefcce2atpnwlfp7ad5ugec9fp,BEAST,15427247.646494,True,0.019546777744356994,True,0.015651835338908723,True,0.016432123584475048,True,0.020763109421269205,True,0.01686816701582093,True
pool1crprz3rdcwvfxmc0s4gxquh3qeqmscww2qfvpl93q52yyn7agsc,WOW,1344561.801353,True,0.003192864817954892,True,0.0,False,0.008308375456152,True,0.01743657602611822,True,0.013414611549644514,True
pool1crts5gmqr34gsrn6wvrhfs9yqp0ynu8t2t4r350xp80s6pc56ue,BREAK,12857049.916857,True,0.019752255777548,True,0.015688448217733887,True,0.016653677417297712,True,0.02125687776510337,True,0.01719307020528926,True
pool1cshuf0jy40a83glgwakert9czfnqrpyq6zwqly2705mrwkajuhu,TGN,6108.812087,True,0.0,False,0.0,False,0.0,False,0.0,False,0.0,False
pool1cspe7naf0mtntwyysqxk6czah3jlh6v4cja8pdfju932yxsehnm,CBH,6024121.804691,True,0.01942848421405339,True,0.015406594713288271,True,0.015406594713288271,True,0.02056817730502869,True,0.016546287804263572,True
pool1csrtagrya4hc5pectc20s8s7am3e6vpdjj6antqzvn2lgmm5afs,,1046253.831022,True,0.009740782959408395,True,0.005708239566146079,True,0.005708239566146079,True,0.016316166289933414,True,0.0122836228966711,True
pool1ct4ag0j73mxzy4325zwwxhgswemlgmepdnqxj6f7edz4zmlfeve,WADE,95142.192627,True,0.0,False,0.0,False,0.0,False,0.0,False,0.0,False
pool1ct59zfxfvtv74k3mmukq5faq7kc48wuxrstyxtd02pxluwf6mkh,,207992.548628,True,0.0,False,0.0,False,0.0,False,0.0,False,0.0,False
pool1ctfxzwgqakxujmn95dfvprcm0h3dtzjh408apk0cewl0c4r6gg3,ROAR,4.233056,True,0.0,False,0.0,False,0.0,False,0.0,False,0.0,False
pool1ctzja2cdwyeqnvehmrlclc5wrn9w9acwklk3acn73jrx56d66vs,OCEA2,33652338.598781,True,0.019793965224759857,True,0.015888144119472026,True,0.01657607521026518,True,0.020679937084114672,True,0.016774115978826845,True
pool1cuccvs6vdlrxw67kwvzdx3gcl3ha0402mkhhseqmre7u7vdkwev,ADAGO,7564.819509,True,0.0,False,0.0,False,0.0,False,0.0,False,0.0,False
pool1cunvnkjkzh2lna593sjmkylcr3r5rmxdpr8r9u6pfuer72p24x4,LBF3,62823335.042913,True,0.02019409737418937,True,0.01637288816083752,True,0.01637288816083752,True,0.02029786295740056,True,0.01647665374404871,True
pool1cuufgqx2wymaavuuuuewrcywksqql299ugjxcw5hf8gux3ed3lc,APPY,2.823411,True,0.0,False,0.0,False,0.0,False,0.0,False,0.0,False
pool1cuzhrcpp676p4u9yk2vrtj7utmq2dy4ey56uw6znml2f5hrpgpw,MIAMI,5477.524588,True,0.0,False,0.0,False,0.0,False,0.0,False,0.0,False
pool1cvekct2pwhypvwrfw5e936vkk2kqhwsjxzkpf63xsc87klnsxqv,CHPL,7812.956423,True,0.0,False,0.0,False,0.0,False,0.0,False,0.0,False
pool1cvmk7ftz7v5u2pd944e0xvalgchtxgsnnhryzqmqfavgxwgxmcy,,1392.209223,True,0.0,False,0.0,False,0.0,False,0.0,False,0.0,False
pool1cwc8jnc89xnd0qlyl4tp9gu2uf6jxhc2xay9xqdwt88s66a5yzx,,297.094817,True,0.0,False,0.0,False,0.0,False,0.0,False,0.0,False
pool1cxduaaaqpk8g3xr5yksg8urfemexxyjf42evekrmmg9a2f7gmn7,SPFS,517.703111,True,0.0,False,0.0,False,0.0,False,0.0,False,0.0,False
pool1cy77h3wzf5z9ea0z66wr8luczcp2u4wchhkejkndjvyrvyvqauj,GEEK,466.084377,True,0.0,False,0.0,False,0.0,False,0.0,False,0.0,False
pool1cyha5jsy6g06w699tw4awy2jw7gxj0azm38yzetr7zls7rkl0t0,PLUTS,27418.865569,True,0.0,False,0.0,False,0.0,False,0.0,False,0.0,False
pool1cyq3v3v43hu7spwlfxdm6vq9djpsjjueerhlu5qr2rvd57vqk84,SKY4,69501296.235173,True,0.02089703488760609,True,0.01691322118103419,True,0.01708820784543895,True,0.02116980821741351,True,0.017185994510841608,True
pool1czlxfj2dyc2lt2gcrhhxyqhgzcpza845yjr6k262e2vqsysrylu,VTX,29.445355,True,0.0,False,0.0,False,0.0,False,0.0,False,0.0,False
pool1d0329t36ac7udkqe9k5w4g4jpn8xrqfjh2u5jrrm4h4d50wkz2c,ECWB1,1686.687763,True,0.0,False,0.0,False,0.0,False,0.0,False,0.0,False
pool1d04sakv5um2c8yrp3lm9ncncupgl7f7zw0lz2yuz3jrzsxvf42n,,15473.272131,True,0.0,False,0.0,False,0.0,False,0.0,False,0.0,False
pool1d0ld90s42dnypxxp08923d7pezh4xnzht2gfl5c6xm2pg6lyyyq,,4767.922558,True,0.0,False,0.0,False,0.0,False,0.0,False,0.0,False
pool1d0vm9y545l3y2g9pamx45k4e498nllhd8wy4289vw8mt70am2r8,PLANT,308025.147396,True,0.0,False,0.0,False,0.0,False,0.003720440033466427,True,0.0,False
pool1d0ze7l6t8gjng564zsfyd7uw7snenpsjh9dacawdpr9g27djq8f,DEVIL,48894.033649,True,0.0,False,0.0,False,0.0,False,0.0,False,0.0,False
pool1d25d0c06al8geglarw7yd4nqh65nws82d7v04yrv2eec7rwcjlk,COMET,515.619014,True,0.0,False,0.0,False,0.0,False,0.0,False,0.0,False
pool1d2cl6yayuxp0wv0v7dtvu0s52vglg0x4z2lz27d6x4ewj72nk2a,,13574.730253,True,0.0,False,0.0,False,0.0,False,0.0,False,0.0,False
pool1d3gckjrphwytzw2uavgkxskwe08msumzsfj4lxnpcnpks3zjml3,CRFA,24555407.629511,True,0.020753927644844232,True,0.01676975855907144,True,0.01676975855907144,True,0.0210307299526109,True,0.017046560866838114,True
pool1d42r0zln3kvvc54w4945735gnrm635as8hj8zy38tjprw2l49rd,,211774.63239,True,0.0,False,0.0,False,0.0,False,0.0,False,0.0,False
pool1d4387s7mszjkeg5w0xppzxdtzsj7aahfqdgeef24emyh70mccmw,,46096.646397,True,0.0,False,0.0,False,0.0,False,0.0,False,0.0,False
pool1d4tuk5ln88x5s9xcck4lfz8u4svdvxzsh2ue9rnmqrxm6a486uv,,1.801494,True,0.0,False,0.0,False,0.0,False,0.0,False,0.0,False
pool1d5lk27jlkaj6dx7ndexjzmdqtt5hnnpx5224awz83ye0v28ve42,AHOLY,3734.595071,True,0.0,False,0.0,False,0.0,False,0.0,False,0.0,False
pool1d5zrmzgskqzse485j7p5cly2290xyffr2tyq9d8ngkzyxjjxwtm,ELLY7,2132.836767,True,0.0,False,0.0,False,0.0,False,0.0,False,0.0,False
pool1d63tmq02tgtk7yd6g62p9h44w4xqdgz9y8jkmcrztfmmqga540m,CELL,92158.111697,True,0.0,False,0.0,False,0.0,False,0.0,False,0.0,False
pool1d66wvltjn768rm2ywdzpetzx034z7vanrlz8mrpn9us8zjcyjaf,,11.346026,True,0.0,False,0.0,False,0.0,False,0.0,False,0.0,False
pool1d70vllztcsgx3ku8h5vnukzz2a7lpzjxfjmuqqvxtj9kq27hygs,LIV,430364.362995,True,0.0,False,0.0,False,0.0,False,0.008833364472990499,True,0.00483479065273982,True
pool1d76p7zfn2ydq577z4wsvmnl2lx4cxa3s5vplfuhvr8qfw8hd05j,KYSN2,2308869.697065,True,0.015995895849112388,True,0.012008021912904992,True,0.012008021912904992,True,0.018942461005495254,True,0.014954587069287859,True
pool1d85unpsumsxmq4kfvy0prju3n983vp3ajuavmt2r5tyzw2jtpcw,TRIBE,15138.493118,True,0.0,False,0.0,False,0.0,False,0.0,False,0.0,False
pool1d9g45764jtjzagrmy5ndtrx4pua7l9sr4nh08l3mqs43xe6wnh9,SS63,5396484.854648,True,0.016825852615358395,True,0.012822177178573804,True,0.015087327610613205,True,0.02035682240647864,True,0.01635314696969405,True
pool1da9msyhpfmt58vrdkk7lpzgwldvc0t7q46kvpcyvvpff7347lsp,FGMTD,26269218.470085,True,0.019087383758172417,True,0.01542877909781572,True,0.01542877909781572,True,0.019324981233982654,True,0.015666376573625962,True
pool1dadfsnjauzhgcvz5hkrulwevpe9mk2a9rsxt24pawcy7zndhll3,zzcf1,195.631231,True,0.0,False,0.0,False,0.0,False,0.0,False,0.0,False
pool1dadzh387unlwu37ek693hy9a7w49r22mrmrl9y0fjfhhqe4qtpe,CMINT,1216.344244,True,0.0,False,0.0,False,0.0,False,0.0,False,0.0,False
pool1dcjycc5mvj9svh9ys482078mnqutu48k3zj7uqzswj7m54a7hzr,JUST,514208.725882,True,0.0,False,0.0,False,0.0,False,0.01103518903449632,True,0.006971320291895362,True
pool1dde9jvej6nr4yqfnnlx5ydn036zv7yr098y4p2qs7cvn2l3kuj8,PWP,13547.846476,True,0.0,False,0.0,False,0.0,False,0.0,False,0.0,False
pool1ddg6t2h9kj6lqlec4ncjs945lzj43m3ggrgdhf5sgzhtygpkznz,FAIR,56923198.410051,True,0.021146714774004337,True,0.01710713883584968,True,0.017324061818831952,True,0.02148485942394729,True,0.017445283485792634,True
pool1ddgcpgjcyawxw95se9x8qnc8gxgwjr4fqrk4vk6v9x47s0ggpjp,1PCT8,4560860.486397,True,0.016080387963524102,True,0.012058491551272999,True,0.014752259544537278,True,0.020279496894200773,True,0.01625760048194967,True
pool1ddghnthymd3duklvx5pfunymqg29xe4vlmy89u2efyjdktn33kz,BOOST,224258.62138,True,0.0,False,0.0,False,0.0,False,0.0,False,0.0,False
pool1ddhftaa3pv225npllmevq9remkeaf0fhsayx78zhannjv0tm0ds,LUMP,1629.275239,True,0.0,False,0.0,False,0.0,False,0.0,False,0.0,False
pool1ddskftmsscw92d7vnj89pldwx5feegkgcmamgt5t0e4lkd7mdp8,,2671.108363,True,0.0,False,0.0,False,0.0,False,0.0,False,0.0,False
pool1ddywudgudfaphp8txj9qf7alj3uk6wzyd22u7cd2myhyv3lyxxx,SIAM,1249092.060219,True,0.0018347151108837946,True,0.0,False,0.0077201451758164286,True,0.017321964302595326,True,0.013272177904920562,True
pool1devkrwcez409eqm07mr224qqm4a5t3efx3x7u046kct7yk4fxa9,AMAP,7258.913963,True,0.0,False,0.0,False,0.0,False,0.0,False,0.0,False
pool1df9rj4n0t3zlpak7xnh4ue6t3yh9zlw7a02w4l8askp77up25rt,VEGAS,4889090.043963,True,0.01686529816445109,True,0.012886524379553411,True,0.014788759747765496,True,0.020157628609433546,True,0.016178854824535866,True
pool1dg80xj5qfgu2caursxwk67cm34esh03kzmu63qu89vdv2vk3x4u,,964.601654,True,0.0,False,0.0,False,0.0,False,0.0,False,0.0,False
pool1dghwejqptsjtf9k8paspg9rhl8humxx0nh7sk37j0ada2dr9mqh,YOROI,7163046.766261,True,0.01915023278964222,True,0.015247746318762696,True,0.015247746318762696,True,0.02007966969229631,True,0.016177183221416785,True
pool1dgmuwu0txducah4pes4e2avlcv98wedml33kdz7ujtrrxk8xv9y,XORN,430287.952362,True,0.0,False,0.0,False,0.0,False,0.00884888758616712,True,0.0048420805313466415,True
pool1dhf4dt395f0c0ujnscazvzvw73ynzgwvtf5k4y9c907hwjdyaq4,JSP,7300949.821419,True,0.01828190044129651,True,0.014217307843728759,True,0.015917086681215418,True,0.020931555687966886,True,0.016866963090399135,True
pool1dhfz7yak8wqmpvm5luf8ey44aewa9hcrldz0ea3rhh97jmrru5j,FIDE,3417.929988,True,0.0,False,0.0,False,0.0,False,0.0,False,0.0,False
pool1dhugawja82wkmrq0lhd24uyrhm02v7grdhnren9r2qgujsh5kml,NACHO,577.325281,True,0.0,False,0.0,False,0.0,False,0.0,False,0.0,False
pool1dhzv896pw40c4tw23w4h2ux5yzm47r59h8qaqhu89shwkugqygj,,1001.06373,True,0.0,False,0.0,False,0.0,False,0.0,False,0.0,False
pool1dj4l8qma9zzqqzhsawdkvxrs7qyqyv70kn56ywdqqazscvcqvva,K9K,457360.758619,True,0.0,False,0.0,False,0.0,False,0.009617338918609077,True,0.0055947809354745,True
pool1djg8jsygtculv3q2qdrxtnpxfq003pdxcvlw2pvfupq7jm5xpgp,ADAAP,6090350.456795,True,0.017254035569504195,True,0.013270734683987147,True,0.015267631264286742,True,0.02036684494467709,True,0.016383544059160045,True
pool1dkt4rqtjs6j6d8snna60s2g002ddcj5h62nee59mvsznk20q300,ELIK,403041.774577,True,0.0,False,0.0,False,0.0,False,0.008015539040521494,True,0.00399112569588788,True
pool1dkww2vlysa8lsnuf5rca979zdsyr3zvt59hu7e420yxfunkka2z,TRUE,661667.759299,True,0.0,False,0.0,False,0.0,False,0.013167863204911484,True,0.009177855177297684,True
pool1dl4695wfl79k7gtzt87gsf8gsqeq97yzuvaq0d4zxhz6c0nlf4g,BD2,61871956.57936,True,0.019761656548968835,True,0.016021759210717784,True,0.016021759210717784,True,0.019864775964496234,True,0.016124878626245183,True
pool1dlzpcfmnn727lfsav0x8jmdwjz70sy429xfxjwnzk7r9wm6stws,,7212.598776,True,0.0,False,0.0,False,0.0,False,0.0,False,0.0,False
pool1dmnyhw9uthknzcq4q6pwdc4vtfxz5zzrvd9eg432u60lzl959tw,WRFGS,6093666.767007,True,0.0,True,0.0,True,0.0,True,0.0,True,0.0,True
pool1dmqzwuql5mylffvn7ln3pr9j7kh4gdsssrmma5wgx56f6rtyf42,BNTY1,6628782.308974,True,0.0192843781776372,True,0.015385059832554374,True,0.015385059832554374,True,0.020299187487469728,True,0.016399869142386905,True
pool1dmuaa0wmqrwwx467p48fu83y5w7wdkxf8xlgymmfc73kjy3vxg7,,2.486679,True,0.0,False,0.0,False,0.0,False,0.0,False,0.0,False
pool1dmugaarr3nq0679fa02kqunlfmcyxdxfy3quc9x9s69zquty478,BNP,3147.38296,True,0.0,False,0.0,False,0.0,False,0.0,False,0.0,False
pool1dpu6kslgxlg3ccrwxldl8e6r7ylnq0yalafmucp0yc7k6qegtt0,FARM,8363347.354992,True,0.01931583218008325,True,0.015290952088505429,True,0.01598260338008395,True,0.020828819380411253,True,0.016803939288833437,True
pool1dqhaw0h2f4ehpdhh57quszcj22qhkglhg6yvaf39w3clxdl2kpy,CHEF,1243184.628952,True,0.0016990218741386107,True,0.0,False,0.007557418154480972,True,0.01710425578227073,True,0.013080049178150978,True
pool1dqlgn7smehsnj5ztz8almy2036lfhrdjv79nmg9tmje0zzt620h,POA,1201084.228385,True,0.0010167899583245002,True,0.0,False,0.0072845248744258465,True,0.01712307088585915,True,0.013058474640900533,True
pool1dqzprrl8305mlysnh85znqpe22lg0q2d9zest7jjhugajuf46kv,COIN,159749.97865,True,0.0,False,0.0,False,0.0,False,0.0,False,0.0,False
pool1druxd2syfrvqvepxh60fz0qhralcesruphh5atujuh0jktjy0ma,BSSP,3183912.768092,True,0.01742984041750922,True,0.013446132302448411,True,0.013446132302448411,True,0.019564633043776168,True,0.015580924928715363,True
pool1drv9qkh2tgqqucc0jp8cwswpmmkfzdd898ja7ac0uwm9j5d44tq,NIMUE,5565839.744088,True,0.01947104693738354,True,0.015418492686083779,True,0.015418492686083779,True,0.020717040411659605,True,0.016664486160359843,True
pool1ds25hy480zcnzjwzr4eef28j85lvpm4mq9qm55vr4mqr5h3l68y,UPBIT,29565147.50942,True,0.0,True,0.0,True,0.0,True,0.0,True,0.0,True
pool1dsqxx4ehzudlaygj5p75eptkdz3kzwcck9qrft4aq02a5vf8agf,,115591.781291,True,0.0,False,0.0,False,0.0,False,0.0,False,0.0,False
pool1dsvkdd2t3wnn3mrm27q0572zl2z36lkw3cl2cf4z0c24vad28v2,,450.684401,True,0.0,False,0.0,False,0.0,False,0.0,False,0.0,False
pool1dswpls43u0s6cpt0dh2d6npm0rnxh5qcjm9xax9y6fp3uq880xm,RELAY,2570541.837175,True,0.012025904148333042,True,0.0079613102291367,True,0.01278908615580221,True,0.019551554857546928,True,0.015486960938350584,True
pool1dts0h87pntgmsffp6mjtnahfht2dz5zjjeeujhzmtn6wgctcuzd,DSIO,462650.113913,True,0.0,False,0.0,False,0.0,False,0.009767676673936354,True,0.005745192021613387,True
pool1du3r4a7xq60hg2x0wcz7lw5ya3qs74rk258c8kanp93rsqdqu45,,50609235.856811,True,0.02119857961168019,True,0.01713870314774613,True,0.017383915306947894,True,0.021580822095141765,True,0.017520945631207704,True
pool1dv4yvcrl2kefasd4qxf8pzu695npqqfdzvlyauh2xqfhgf6ng8d,ION,16.614156,True,0.0,False,0.0,False,0.0,False,0.0,False,0.0,False
pool1dv7s5fn4m9dee8ncvx5hktfmsnx6agydhn798rfdqjazuwr84gc,BOBA,760657.628441,True,0.0,False,0.0,False,0.0013244715997653537,True,0.014497545841507082,True,0.010441582558362555,True
pool1dvp46zdtmzwkt6x74g6dzq7cyygp5armhrzh2t5hm8scwtxvsnt,,197.299065,True,0.0,False,0.0,False,0.0,False,0.0,False,0.0,False
pool1dwlkpwakps05gelgwdml2d44al2xfsv8k9jgrkwsevlxxpcelqa,,37124.558691,True,0.0,False,0.0,False,0.0,False,0.0,False,0.0,False
pool1dwthjmzrkm5q42yqa3x50jaye6pg57n7t569c44an6hzsg8qake,ADAO,66020.72568,True,0.0,False,0.0,False,0.0,False,0.0,False,0.0,False
pool1dwvtdk76v5vg99d8h2a28h5f94hy2zwcxnj576g6w90ezapqjyn,RKT0,15212.659929,True,0.0,False,0.0,False,0.0,False,0.0,False,0.0,False
pool1dww6s8stvm7dl2n8740s3v5rnxmsuqcl8jcnu64g7cds5w29pft,1PCT3,1644419.818139,True,0.006525308625190232,True,0.0025033617487002172,True,0.009974629039740304,True,0.018171695872988017,True,0.014149748996497999,True
pool1dx5t3yqhzh3v5ch7add7836tg0ey255tjz87spjvws4j2gjp9yg,,59.4604,True,0.0,False,0.0,False,0.0,False,0.0,False,0.0,False
pool1dxkf7k3qwnpgpxqfye8y9jvk7lver3fk8dq7c4dpzezyyx8cf5c,SPACE,2562309.081521,True,0.016837340921367572,True,0.012772229875307062,True,0.012772229875307062,True,0.019543884035160598,True,0.01547877298910009,True
pool1dxwgzj66pual956mnv9delkelg873yvgr2dd8s279m0hxqvr475,APOP,45032453.524664,True,0.020938883159953636,True,0.01692736530733959,True,0.017200188550098753,True,0.021364166450137036,True,0.01735264859752299,True
pool1dxyj26fptj4muj6r2xp8h6lsp3s9ycgup6ssc0e62arxw6gc2xz,POET,2216.335571,True,0.0,False,0.0,False,0.0,False,0.0,False,0.0,False
pool1dy7tz7eyf2qal2jcns4qwm4xqn34gc4rj9dz34kfs6zuju477k7,CSP,1834579.772364,True,0.008152470903361932,True,0.004087876165872241,True,0.01085236806038863,True,0.01869712003304924,True,0.014632525295559553,True
pool1dye0sw6hv4jee7wemgc6dnxhaquuz7sxkktz2tpm2ekcsqyyj9l,XMEGA,9640.844736,True,0.0,False,0.0,False,0.0,False,0.0,False,0.0,False
pool1dzdglfergm9km74055n6c9xsp8n78ec8ztsklgxg5c5gyrfz9zc,FGMTJ,14855383.596638,True,0.01876070954546042,True,0.015102104885103725,True,0.015102104885103725,True,0.019180860257786193,True,0.015522255597429493,True
pool1dzdxps32uqhva9q9urx4lm7m0nhlczjjccwy9kv4t2d3krsn4m7,ETO5,50000214.398811,True,0.0,True,0.0,True,0.0,True,0.0,True,0.0,True
pool1dzk2hrh2vtfcc6wk5n69ml6a08jc8d8s3lpg7jsaydcdwrerlq2,,1000.819149,True,0.0,False,0.0,False,0.0,False,0.0,False,0.0,False
pool1dzkrcxlqgamf3dwgyh89nrx2xkwm7cfju9mp54eyqwulku73jxs,,3364.19858,True,0.0,False,0.0,False,0.0,False,0.0,False,0.0,False
pool1dzq7728vsl8alh46l7vdz7wa5pxt2kx58glwnteymaz7c6jmv4t,,607.72409,True,0.0,False,0.0,False,0.0,False,0.0,False,0.0,False
pool1e0jyj79d3ady680wajgcd4vgndqjdlf65777pz5939ehseqaem3,FRONT,63907.383326,True,0.0,False,0.0,False,0.0,False,0.0,False,0.0,False
pool1e2a7hrepdkn0anf65djlmz8jpycujcg4nmfzs8w2ftvcvlnrw0g,EMGHW,19634.235991,True,0.0,False,0.0,False,0.0,False,0.0,False,0.0,False
pool1e2tl2w0x4puw0f7c04mznq4qz6kxjkwhvuvusgf2fgu7q4d6ghv,DEV,967363.466767,True,0.008852187359023737,True,0.004787227890676822,True,0.004787227890676822,True,0.016021157697729292,True,0.011956198229382375,True
pool1e3y7u0rtq2zskc7ansvtrd4p3vtv9hglyztzcvsvlk22w9t40v0,CRPL,60509.318359,True,0.0,False,0.0,False,0.0,False,0.0,False,0.0,False
pool1e4tjrl3ve7dcqwa70pexds6f8llk0txx09gm3r4m472ej4p6473,1PCT8,1983708.562024,True,0.009081065417080075,True,0.005059132038575453,True,0.011252531732058934,True,0.01873548258633374,True,0.014713549207829116,True
pool1e556526sqwugxwnmeumt9lhj5jukklg8vv3ynk75xt9vs7adr5y,CHEAP,3349984.476323,True,0.010723615372478339,True,0.0067173560462745145,True,0.013843714442479269,True,0.01990150118577234,True,0.015895241859568515,True
pool1e59h5m5vyggszyafel7zvcnsayt2de7wyxyezlrsmm4a679q3zr,IAGL2,1057178.201185,True,0.0,False,0.0,False,5.876708564011101e-05,True,0.0001650174014279867,True,0.00012436624377850725,True
pool1e5efe78z67djz6juekzw2hqpu3tn9eaqmekdnqn2am6j25kmrt8,,3502.420645,True,0.0,False,0.0,False,0.0,False,0.0,False,0.0,False
pool1e603j2p4q346w8knqt2a8c96n8t9l5u4qdrv4kk50qvpgvh8hax,,3140.661415,True,0.0,False,0.0,False,0.0,False,0.0,False,0.0,False
pool1e6rjpsl42hsc52zc9s2awhv2df50yzw43xtc7d0vranpc9ej8uj,XRAY7,84956.29401,True,0.0,False,0.0,False,0.0,False,0.0,False,0.0,False
pool1e6z3jnnvu9zqxlk60hkfjym2vj3mvgysy6h8l2xxyj5j220vlsd,UAE,1321.051063,True,0.0,False,0.0,False,0.0,False,0.0,False,0.0,False
pool1e7mwu80pmsjqdf8lu7rsfdj5sldashslll0hpj7rhx3w6xpwkq7,NIZI🌈,1223985.174171,True,0.009752379540986155,True,0.005687268494701894,True,0.007476505853302481,True,0.017207535201821934,True,0.013142424155537676,True
pool1e8vr85ank99g6fx2r7tjel2mh2jyfppnqy6nmp8vr0arys65n05,RELY,380643.158127,True,0.0,False,0.0,False,0.0,False,0.00715608580099051,True,0.0031753701253922563,True
pool1e96dkrs5msjuycwz4mf0kq6fytlz0x48mnrur5ggufqkzs2a4kp,BNP,108988.049377,True,0.0,False,0.0,False,0.0,False,0.0,False,0.0,False
pool1e98xlcgj80c3rdmm27v5hnvrdtut52e65uk0ema7ctfag596vr2,COSD,13489396.667928,True,0.019666708980499395,True,0.015657530742300266,True,0.016568312766318476,True,0.021086457429704258,True,0.017077279191505125,True
pool1e9tp0emvvg9sc4ds9h4nhwk8qpn6869qwnas2qywu9ep2reaaxe,LORDB,74650.234176,True,0.0,False,0.0,False,0.0,False,0.0,False,0.0,False
pool1e9wmzv9r2pkvhwddc3ay42axm9aggheae6u4e52tgx6326krg03,MUEN3,6383010.307071,True,1.7792173622256504e-06,True,1.3727057857313152e-06,True,1.5671281570417771e-06,True,2.0822875292684293e-06,True,1.675775952774094e-06,True
pool1ea34czsr90yc63fmv4gj4tetp7ds7c4jhpj6vqg4yw40wvygdl3,SMILE,5549208.245548,True,0.018861749602048797,True,0.014919094562497438,True,0.014919094562497438,True,0.020073985600832386,True,0.016131330561281028,True
pool1ea568m9q882n0tx5d4vxff2dmz2n7rq5h62hx5ystq625m4tcfu,NUFI6,11990436.881354,True,0.01902239950643211,True,0.015079287563439623,True,0.01608322929793301,True,0.020587367504318863,True,0.01664425556132637,True
pool1eaeynp2hs06v4x8q65jfm2xqcd3dc80rv220gmxvwg8m5sd6e7a,HODLR,19972736.502396,True,0.02106094993658601,True,0.016996881604608754,True,0.016996881604608754,True,0.021408173262701988,True,0.017344104930724732,True
pool1eal2z34ugj8a0ckykd6xx45dz6jwdgz4cuvutk320cp4w8t2sm4,,1732.950989,True,0.0,False,0.0,False,0.0,False,0.0,False,0.0,False
pool1ec5lvdyd9dghpezzeqfzn48yvw34ff6u6m9tlh08kjjaxx4nxmk,RAID2,36374.43735,True,0.0,False,0.0,False,0.0,False,0.0,False,0.0,False
pool1ecvcst7k9eul4ggnljh0jw2s5nc2tyfmyzsx3xg3kmmz6ptgfwj,NUFI2,12443589.684611,True,0.019095519727262398,True,0.015152407784424386,True,0.0161197894086262,True,0.020603496964988765,True,0.01666038502215075,True
pool1ed2usjswfh2hfyvatwuwl959y5g4fkf63uxtadcuez0l2rjn747,,1112.619894,True,0.0,False,0.0,False,0.0,False,0.0,False,0.0,False
pool1edqwpnln3zr9gj9sfsmyl72pen6hdwev07xgqj7uz5mkjrgfj6h,TBG,70202603.633665,True,0.020260718465204452,True,0.0163988579903834,True,0.016566793357303985,True,0.02052250006658066,True,0.016660639591759608,True
pool1ee3fptp2m7z8a32yeg9cwq4kvehh5xeyv2547u2rqz85qqxaxnc,TENK,107026.146346,True,0.0,False,0.0,False,0.0,False,0.0,False,0.0,False
pool1eeflu4eaztffgd33enpsfh4nkta6t5qk662nddqqhjyrgdgmkc5,ANA,218.784956,True,0.0,False,0.0,False,0.0,False,0.0,False,0.0,False
pool1efacpnedlfrhe9sa6s4jzq839s5q4qdrl70em0za57xg6t38d3s,ADACH,6888100.512649,True,0.017366053568490292,True,0.013470942642617561,True,0.015200534128415771,True,0.020062181472822797,True,0.016167070546950064,True
pool1efj8td645z33mr8h0ww5y5s0lz6jwj7e54cj4mv44s2269r7d4f,ABBA,32.637619,True,0.0,False,0.0,False,0.0,False,0.0,False,0.0,False
pool1efxh54fk0dj5uu2e4eu08klxl5ys3saphv3kec33kw3xv8738sc,KRONO,2320710.938324,True,0.010711389300772686,True,0.006748156001331235,True,0.011961967769176112,True,0.01883880176241323,True,0.01487556846297178,True
pool1efzvmtxl4n9z8ylegk9jhctclu44z7k0qg82mp2kp2ytqa9xgf0,1PFP,535.455827,True,0.0,False,0.0,False,0.0,False,0.0,False,0.0,False
pool1eg6k5zz4ndk6a3sa3z7ug97y84ghj0zljs26zkhthzzkw3p82ew,POEM,38055.690195,True,0.0,False,0.0,False,0.0,False,0.0,False,0.0,False
pool1eggah53ghqwlsm2u4upwnm3s9et8m5yd4p56shaqtm7vql6zm4h,,69.720767,True,0.0,False,0.0,False,0.0,False,0.0,False,0.0,False
pool1egunxfppwtglyu3t864uq76y0zu05s7pjda3e9g95nwlwc5ye2h,AUSST,1624918.016233,True,0.013949798490816203,True,0.009941816047273542,True,0.009941816047273542,True,0.01817929495238693,True,0.01417131250884427,True
pool1eh6msmm3v7fs90lapzem3lkpl4sn2dgtz4hfvnfmqqtxya3k8yh,ARGT,2742.228618,True,0.0,False,0.0,False,0.0,False,0.0,False,0.0,False
pool1ehfmxk64lnl90rmy66zt7nfjlsvzhqkxlzsml348z4ptss529mw,,31236.944012,True,0.0,False,0.0,False,0.0,False,0.0,False,0.0,False
pool1ek2m5zuydqcgqv3s5mlh55tr8gp76yuxe4hj4s7xtxajyc94rx3,,1.221941,True,0.0,False,0.0,False,0.0,False,0.0,False,0.0,False
pool1ek4yc2mvmettdmkl7wjfpcjkp60xssq2urr9hc8ffx5ss73wdm0,,1822.684341,True,0.0,False,0.0,False,0.0,False,0.0,False,0.0,False
pool1ek9pyk0xwjelrw7uqktvjwqj8wlcqqftjxqeq3t2vffw7qm8efs,UPBIT,35896455.644803,True,0.0,True,0.0,True,0.0,True,0.0,True,0.0,True
pool1ekcsyzwexl7p2kwxxh34hy28l6772vrmff7jwmuxsa6u6fzty9z,ADALO,75752912.102008,True,0.02153357606295452,True,0.017478945985145374,True,0.017478945985145374,True,0.02162512369865018,True,0.017570493620841034,True
pool1ekhy5xsgjaq38em75vevk8df0k0rljju77tljw288ys5kumqce5,,1824900.74067,True,0.0,False,0.0,False,0.0,False,0.0,False,0.0,False
pool1ekyuhd48h9nnymqpx0c00taz6ygnsge4502r7e67clp7zy9cegv,CASIA,12750.391348,True,0.0,False,0.0,False,0.0,False,0.0,False,0.0,False
pool1el6ze57482qzf830l6h2y9uj0l9fr5g7xzur89d4d806y896vgf,,4998.698343,True,0.0,False,0.0,False,0.0,False,0.0,False,0.0,False
pool1el9z347208wda3t5cqz65dmwal7r0e0eeq7xfzl6whdwvy80twn,,1006.277905,True,0.0,False,0.0,False,0.0,False,0.0,False,0.0,False
pool1ell3xjtspzzz4vtsatscan6rheltf7j3hh2s8qsam2h3jvcxzm9,OCEA4,42367396.439097,True,0.02000837260183231,True,0.016102551565846192,True,0.01664897386095415,True,0.020712098284925887,True,0.016806277248939773,True
pool1elvz3kppg3peep0dcclju3gwf9m37vzyxetuf03we37sqlnsjxr,DC5,1036.68243,True,0.0,False,0.0,False,0.0,False,0.0,False,0.0,False
pool1em9u4sf0lzkz4ammtcmakymunpf0l7445ayh3e7fpvryw640fc6,NLAP,28734.625064,True,0.0,False,0.0,False,0.0,False,0.0,False,0.0,False
pool1en2f7un7v3rjyhqkeg87d27nvsk5arnnva5tzx38t0lpv7hercz,BKN,156976.294591,True,0.0,False,0.0,False,0.0,False,0.0,False,0.0,False
pool1enc9l2nealzp9sr7n77032rc593879faj6hqeny6f6h052eaaxh,,4731.38011,True,0.0,False,0.0,False,0.0,False,0.0,False,0.0,False
pool1enul577he3e0s500lv8z98m6k936uecz2rpckxxmmk8c7k0n2rd,PXLZ,5593097.12502,True,0.016959711348197445,True,0.012968364818249868,True,0.015149673443380599,True,0.02035998655796005,True,0.016368640028012475,True
pool1enve22w67h6nm4y80cl0svc4edlm26h7ce226u5xlxq7ucawt07,FGMTR,2.86207,True,0.0,False,0.0,False,0.0,False,0.0,False,0.0,False
pool1epqdygzumryx7w9kk5l76gfjsvzuesmeh3u3tfjmmdsw65ja7k3,DRRS,81750.163681,True,0.0,False,0.0,False,0.0,False,0.0,False,0.0,False
pool1eq96x3rdmq0dxdyx0wwwy064p2jzrlg6dp37r5uwhehnja29fxq,CRTR,202.980481,True,0.0,False,0.0,False,0.0,False,0.0,False,0.0,False
pool1eqa7kxx4xg35cu4rqj4exkvzhenscgh8wxez0gl7hsagygp79kr,PILOT,77012797.542518,True,0.0214464176325804,True,0.017436352294034292,True,0.017597494343096313,True,0.021697609650235906,True,0.017687544311689795,True
pool1eqc4jwuez8yyerwlyjwenh99dlvmn6t6n3qjym70ulf5u8xr6lq,VOLVO,2267.54457,True,0.0,False,0.0,False,0.0,False,0.0,False,0.0,False
pool1eqj3dzpkcklc2r0v8pt8adrhrshq8m4zsev072ga7a52uj5wv5c,OTG,9745706.136905,True,0.01938687695918011,True,0.015525016484362494,True,0.015525016484362494,True,0.020062892622637444,True,0.016201032147819823,True
pool1erd30yrzqx4nvevnqu3cxmgv5nh6reau5ycxdulde7vq68zcrlz,,615.898392,True,0.0,False,0.0,False,0.0,False,0.0,False,0.0,False
pool1es67mveksd22l9alfh5cht6w2krc7lcrq3zvxcpaj5hwxgmhg3m,ANEJO,1338586.616242,True,0.0031093263109025545,True,0.0,False,0.0082643981037614,True,0.017416618620283923,True,0.013393427422218874,True
pool1es7867e973f59y07uwn04sylwd7myrv49q76e3jqp4a5ktvzpeg,A1STK,110.966399,True,0.0,False,0.0,False,0.0,False,0.0,False,0.0,False
pool1esd3cqme3zzvvdnsx3p6ywudn6p86mqyz7fpvqpegxv2qzmtes0,SRN,324501.480321,True,0.0,False,0.0,False,0.0,False,0.00469025963133116,True,0.0007279512804824511,True
pool1et8qw5ejgl5qqq8v4gdfset78gjcphh88cc2xajykggau8vps0j,ALAM0,40326.866357,True,0.0,False,0.0,False,0.0,False,0.0,False,0.0,False
pool1etfar35l4tf6vam3gvqf5dnaq7levz32vgw4p00jzk7q7twg2te,POP2,18070877.362193,True,0.019295759147063378,True,0.015436384013024817,True,0.016088787311641928,True,0.020312740759613583,True,0.016453365625575016,True
pool1etfxpqw7456eh337p7x5jsvxxa67fsduvnmucevrqweckex3nhl,KYBK,93022.641167,True,0.0,False,0.0,False,0.0,False,0.0,False,0.0,False
pool1etgtwnwu4lmtw0dwdtmjvp9fh7wx2fk4e6jt725ysp5f7sjd5vy,,413438.823115,True,0.0,False,0.0,False,0.0,False,0.0,False,0.0,False
pool1eu8knr403p82ythegskwmf8w6v8l2w858d8jz7qvvqzj7ryech4,,6760.705331,True,0.0,False,0.0,False,0.0,False,0.0,False,0.0,False
pool1eucxv3gn8lk93fpud5d5n5e87nr0j2udvnjnm99q8eqrucmj25d,ECHO,596.074742,True,0.0,False,0.0,False,0.0,False,0.0,False,0.0,False
pool1euzg0c7npjm9dld4f7n5kj7as6n5d8ts8q6qt4rer50p5p9nr6g,Saar,7.414749,True,0.0,False,0.0,False,0.0,False,0.0,False,0.0,False
pool1ev8fwfccn8gr0zcz3uyps0t0mcrefc6s95wjc6aed3ngc86y5rk,ZEIT,6467205.687053,True,0.017684776621738348,True,0.013657850133654881,True,0.015559492140282344,True,0.02064910092618704,True,0.01662217443810357,True
pool1evg78egp8gfqae273kvmmdee2dnt6vty60dpwdespg4hujznh3a,SQUID,13166931.954975,True,0.019453280325936954,True,0.015461871282895352,True,0.01638788996679939,True,0.020896780039081488,True,0.016905370996039885,True
pool1evun4ps8xa0dfpj2r0cw9p94t2pctcvusccsm458enajuw2mftw,,16.515204,True,0.0,False,0.0,False,0.0,False,0.0,False,0.0,False
pool1ew5543rzgp7vs5qvmc0c42zucz9v6d3vct2zsa74erjfjen2p2d,UMKR,4.91012,True,0.0,False,0.0,False,0.0,False,0.0,False,0.0,False
pool1ewgnsmk42ljf00wytawfcl3dcash9f852u5fr92e37wqxutyksl,BNP,32134992.797924,True,0.019643081573661795,True,0.015821872360309935,True,0.016195561568069016,True,0.020219630637061517,True,0.01639842142370966,True
pool1ewrm7y47s9hv6hxku9n5gfnsuspymp0qqpwgvgm9rvm37cek2h6,A4G,33421371.005047,True,0.020311875748487238,True,0.01636998393676944,True,0.016730163655255023,True,0.020873332368479467,True,0.01693144055676167,True
pool1eww2f6gu0g65v5l6xvqhuqq32qg3jeyadzz3jxlfn0e3739337k,,103.072351,True,0.0,False,0.0,False,0.0,False,0.0,False,0.0,False
pool1ey0gxeyesszrsshc6zjlzamr7z0f2d29e3ut0ppg4j4gxduyn5r,KYBBN,221668.401503,True,0.0,False,0.0,False,0.0,False,0.0,False,0.0,False
pool1ey97shazvk483tzqsvda6hvh8z0kld4g5ssxanrgetddgcf2mns,INV,3472.842615,True,0.0,False,0.0,False,0.0,False,0.0,False,0.0,False
pool1eyccsl45l8f7sdplfs770460l2uqe9xfne4l64xvwewd22fcl9a,NRDCO,1169.052438,True,0.0,False,0.0,False,0.0,False,0.0,False,0.0,False
pool1ezh8sewqgzy7267yvy0jssz8q7amce37x3dhmfl22j8lwz6wjrd,DAN2,1378273.554412,True,0.00360676814385508,True,0.0,False,0.008451664253354963,True,0.017361729877912235,True,0.013382688271224508,True
pool1f297l6rl99h5v56x48j4pgza70ya3lm37yzu0njpcnsljqdd4dl,,201427.577994,True,0.0,False,0.0,False,0.0,False,0.0,False,0.0,False
pool1f2pqecfn9x8kzgjeecyjk7cnqj0nyu84uaj2ptr0xdjr5w9qepc,,24.92387,True,0.0,False,0.0,False,0.0,False,0.0,False,0.0,False
pool1f2uwt68neknpyk8pw2rh68gmpc6czndekl5ym22n5zf4vy8ecct,,738.215807,True,0.0,False,0.0,False,0.0,False,0.0,False,0.0,False
pool1f2wfjqkf2wx6jq93pdck6hgmy9zgw32lmvrq9zejl7scqxjqfze,LBF2,84297666.364494,False,0.018604746329043256,False,0.015090409617553218,False,0.015090409617553218,False,0.018682078244399172,False,0.015167741532909128,False
pool1f3ptnevzpgwjx32az75u7nth59gkqxe5h5qld86a8vm0j5jrms3,,2085.42539,True,0.0,False,0.0,False,0.0,False,0.0,False,0.0,False
pool1f3qeehc4htjqpwv248kf5lfaumd0e84jtze379ev3ywa2w69aam,AFCH2,111802.962659,True,0.0,False,0.0,False,0.0,False,0.0,False,0.0,False
pool1f4n4mdsv5ydxuc3y4tzgumqvfa8xxlyr8jl70qquama0ug2pmhf,BNP,1351596.477788,True,0.002864274355223321,True,0.0,False,0.00792774351840343,True,0.016572063850444282,True,0.012750854637092288,True
pool1f4pxpxcee0mhwd2knwqkwquaj35enlstssc6crsmt2tvv0pwymt,MARY,147.624426,True,0.0,False,0.0,False,0.0,False,0.0,False,0.0,False
pool1f5ml07llzd2ndk5mrdl0gvtkkaq72v2hxusla795ksnms4tae66,ADABP,9.471895,True,0.0,False,0.0,False,0.0,False,0.0,False,0.0,False
pool1f5s5lqe7e3x7wxscsawaj0ddjz42y4ckcfqcxrd3nxg7wwvsysn,,5922.701064,True,0.0,False,0.0,False,0.0,False,0.0,False,0.0,False
pool1f5zye57nw6nsrczkkzkpd8avayar7j48zjw5pu2e5k38ssm2yhd,TRUCK,101352.865246,True,0.0,False,0.0,False,0.0,False,0.0,False,0.0,False
pool1f6lnuxzw90mmd399nxqjvzyyxgmf4h3cp7j6pp5s7xmps86arct,DYNO,1500651.74487,True,0.013278813722892363,True,0.009255625142366927,True,0.009255625142366927,True,0.01785392585231901,True,0.013830737271793575,True
pool1f6ltd3rd3e69klr32r0xw7h59lc76lhc9l705d380lj76d926du,MTSK,1213.528943,True,0.0,False,0.0,False,0.0,False,0.0,False,0.0,False
pool1f776th42gqa5ammpj738evvnlga5jk4ll0gr4uupkrqnqpjsfyt,DEVFO,12209096.373422,True,0.0,False,0.0,False,0.0,True,0.0,True,0.0,True
pool1f89cpnym44rfv52jj88f3g20axraw4g9g7aglnqsgjl220lpdd8,BNP,32080943.470088,True,0.019641840393666374,True,0.015820631180314515,True,0.016194949972129245,True,0.020219360815323387,True,0.016398151601971524,True
pool1f8erepj5w5nth5xfxgxnwpz59jzywt6zdwfr50jzjwfwksmg9ek,NUFIE,36654309.567607,True,0.020373459804648122,True,0.016430347864509854,True,0.016758759452178612,True,0.02088539551483766,True,0.01694228357469939,True
pool1f9934hk9awd25mmxl0dd2haqvda9nlquwnh5pv64hs42znl07zj,BD5,38696963.009297,True,0.020719141787429167,True,0.01677598915903609,True,0.01677598915903609,True,0.0208929784267123,True,0.016949825798319225,True
pool1fa0ydxjq23eq3nucw6ek46dj8p6vxq4t32ex822jhwhx5fyvzze,ZAZEN,604.286909,True,0.0,False,0.0,False,0.0,False,0.0,False,0.0,False
pool1fagx52jnyh3dz0d722c2fedjvstc3mmwt4a2mlkgvszvqgkvt2g,STCRP,93.64729,True,0.0,False,0.0,False,0.0,False,0.0,False,0.0,False
pool1fc3m8hdjj76n6llxextpc60tt63w5ygwgvf2ekzr3k222kxxdkg,BUNNY,5.0,True,0.0,False,0.0,False,0.0,False,0.0,False,0.0,False
pool1fcgm2ae0j3rmvghwa2064rfxcvugwa2qt89cc4jwtj0ecgh8na8,CSPHD,401114.261152,True,0.0,False,0.0,False,0.0,False,0.007890190758508329,True,0.003900501822258884,True
pool1fcp4d2pxh0e7q5ju63sjqcdpxpr3pvxg6ykl23t6c97d7dnvjvw,KILN1,10812155.411503,True,0.018415810905506213,True,0.014553955411897064,True,0.01564434854363629,True,0.020115541375570305,True,0.016253685881961154,True
pool1fd0q9h8974y6psejmzczlywy8fgxxy07rn2ynrwu734aqwq540p,,3672487.306002,True,0.013340583145128052,True,0.009681978484771266,True,0.01281269046332854,True,0.018170824483473565,True,0.014512219823116776,True
pool1fd6geyevpsg26s7q58fvuv2eh559n5p9vv3ctxjs74v6g7lkew4,ECO,1002.621654,True,0.0,False,0.0,False,0.0,False,0.0,False,0.0,False
pool1fd8qnudvhz2hanlccdsfrwdxmmwwfryalrmy6a6y62cgqfx3ujz,MOST,376851.631886,True,0.0,False,0.0,False,0.0,False,0.006980396977203402,True,0.0030211896457853025,True
pool1fdgzsd07tq6t7zd44na0a72kz6gpedp9avny02z7qsx9ywr3le7,,29321.267634,True,0.0,False,0.0,False,0.0,False,0.0,False,0.0,False
pool1ferfwtmcjm9rxc00ugtdwrm9m042jf4xjvse6a8u5smxqt0pwnx,MOCHI,436588.475579,True,0.0,False,0.0,False,0.0,False,0.008961045307753688,True,0.004979508033646369,True
pool1ff2hr0sukqqd75jr2rh3wrmnesxqgpq42dgd6rm3ungnqp904ue,BD3,56761459.222046,True,0.01954389897910224,True,0.015804001640848376,True,0.016005145165988152,True,0.01985744623887895,True,0.016117548900625087,True
pool1ff9rrcn2qdvv754al6d8qx8f3mecyeez3hp2nunm9uj2k7tj4pf,,8.755036,True,0.0,False,0.0,False,0.0,False,0.0,False,0.0,False
pool1ffhg5vdmjzv9pc2syjwxkrj85qg7xsnxsmmsrnag5r7wsggv4ac,,1004.481523,True,0.0,False,0.0,False,0.0,False,0.0,False,0.0,False
pool1ffrre548h22n68ln29xph3qezrag3z8ad0kg8yzu6epds3qr58k,OCEA6,520641.603052,True,0.0,False,0.0,False,0.0,False,0.010729404339294781,True,0.006822877878450478,True
pool1fftlhn68f3lejs2u39pcd5q33zgwnlumrp20dr6cqqkxwyuft2r,ARKA,16036.474125,True,0.0,False,0.0,False,0.0,False,0.0,False,0.0,False
pool1ffuv59d0rdp0jsgxa9x5r8pvmaexvuufeu43kpxl3u2qut3ljq4,,905.625683,True,0.0,False,0.0,False,0.0,False,0.0,False,0.0,False
pool1fg42yz0qpu5jd0gd3g5xty4mm6jdxkje8szag8h798nyyxw6zd3,CCJ3,17368029.8758,True,0.01996766779250482,True,0.016102646521175632,True,0.016102646521175632,True,0.020347798414527708,True,0.016482777143198523,True
pool1fgj2ua0rz4dkq0hmmkv7syuccda96slh40wex2w7vsnxujuvjtv,CUJO,11417.466066,True,0.0,False,0.0,False,0.0,False,0.0,False,0.0,False
pool1fgp4f4afdrq26axqlnm80fz49hdkyq4am3ca3r33w0w8sw2x8ap,UPBIT,31035189.563513,True,0.0,True,0.0,True,0.0,True,0.0,True,0.0,True
pool1fh4sh2telea0tfdy39h0drx6uq566yt9gf24edpz7335sclx39z,CANUK,3989532.493666,True,0.015152196293392933,True,0.01116965933264448,True,0.014218086690814575,True,0.019904156587011026,True,0.01592161962626257,True
pool1fhrhklkcqy5mlygak5hszc3phplq7qq5a6wn30hjrv4e6ydrl9g,ANIME,6960.622506,True,0.0,False,0.0,False,0.0,False,0.0,False,0.0,False
pool1fjdsl4zajjt5rv8panvnp89g6pnvt2t3e6za8hcf8yw2zncnl07,BYOB,71.276945,True,0.0,False,0.0,False,0.0,False,0.0,False,0.0,False
pool1fjxud865hvsg3us4t5ndv6jhjcssj5rg2eq783664wpn720deqr,,148.796601,True,0.0,False,0.0,False,0.0,False,0.0,False,0.0,False
pool1fk7lk6x7j6jkxuvl0het8nmunra4g7370mw29f286dv9ylegutq,WISH,170854.099375,True,0.0,False,0.0,False,0.0,False,0.0,False,0.0,False
pool1fkg3cr9en57ccsmnde20eevkaeu3elp0h4yyqk3udkkxzhl70ju,ADMON,2337951.72791,True,0.010732636630499458,True,0.0067895246699941824,True,0.011938347828443668,True,0.018758743318670716,True,0.014815631358165441,True
pool1fkjfa9yuu844hyg7yagvjr9u7texse7dcdhe75c6lta0xqpgqgk,,76829401.927715,True,0.0,True,0.0,True,0.0,True,0.0,True,0.0,True
pool1fl0gdfcmzg4jf3hw839epdteuazm23nff44vddap00r0sm5gvvk,OMNI,162193.279442,True,0.0,False,0.0,False,0.0,False,0.0,False,0.0,False
pool1fl20ddkpvnstlx63fal6e3ku46r76nk2s4mqtk5jnyxn2vt7hg6,KOH,70540482.443232,True,0.02026232723792315,True,0.016400466763102098,True,0.016567597743663332,True,0.020522854942915666,True,0.01666099446809461,True
pool1flkcdxj7cq6sfgl4fujx50p20ylqgj02kgwvfj4g5w24s6th8vz,U0001,16657704.234062,True,0.016152498529685727,True,0.012900407595621603,True,0.013496408092478727,True,0.017081558127727717,True,0.013829467193663594,True
pool1fm57fshvdlrgs5pnpk78tnxha0me28equyy96vj0xm85gy5chv0,BANDA,13814063.025497,True,0.0197452786759716,True,0.0157419567646794,True,0.016632231405623248,True,0.02113305973391348,True,0.017129737822621276,True
pool1fmcv9p7vv754rwc0p6ud2mgm76vnn0gq0gngrk7rq400vsvhsvs,JAZZ4,10799076.459225,True,0.018417130867423182,True,0.014557751092993274,True,0.01564946481911741,True,0.020118919911087284,True,0.016259540136657372,True
pool1fmf707pca09wmv6dc7ap4kxf0j648374ruu6ahazhpywcngt780,CHIVO,27.893084,True,0.0,False,0.0,False,0.0,False,0.0,False,0.0,False
pool1fmgus36uc0jf0wlspfvzwfn04mz34kwrensmqgfzkv7t58dejw4,GRAB,4111701.087203,True,0.015503593315145737,True,0.01148903195154475,True,0.01447706530791831,True,0.020161410017728053,True,0.016146848654127063,True
pool1fmrd4ds793ja4c5muy7hwj6q7kssuhtx22em4udmvx6957z9m0u,TLP,4341.618756,True,0.0,False,0.0,False,0.0,False,0.0,False,0.0,False
pool1fn8mfqp4jt6097ygqrze5rjzg3y5s8fktxszqgs9mg22jvr42dx,DARK,131232.80239,True,0.0,False,0.0,False,0.0,False,0.0,False,0.0,False
pool1fnvj5za9k5ev88l8tw0nh3n4tn582gvf3d6vmuv7nh4ustqecn5,,1803.75061,True,0.0,False,0.0,False,0.0,False,0.0,False,0.0,False
pool1fp9z85qx2k6jgnn4f4taxlgn0xw0w9k3t47q32t83ymexz5ymwd,,1602.699093,True,0.0,False,0.0,False,0.0,False,0.0,False,0.0,False
pool1fpkjz7j77m5ukhjx5xvspfttrs0578kyxa9hgn0458hk55wp784,,16047.025942,True,0.0,False,0.0,False,0.0,False,0.0,False,0.0,False
pool1fpsp2ayycsvpj2k43jnctdp306murzt7nzrlg0fuyyr9y8vx3pp,WLP,744.804214,True,0.0,False,0.0,False,0.0,False,0.0,False,0.0,False
pool1fpu5xurq3jx5rn626ejcx0dzzzk5lmtvdl2qkj9l4kw2sjp50dz,MS6,48149282.315984,True,0.020644184845065788,True,0.016685804776638474,True,0.016937101357148113,True,0.02103591186762493,True,0.017077531799197618,True
pool1fpvs8h5q5kwpz4k2yd0vw90dgdxacr3ef508tzzewm0kysdt4eq,SBP2,70000006.554332,True,0.0,True,0.0,True,0.0,True,0.0,True,0.0,True
pool1fqas6yd8n3fdpz8e869qjvyensdmzletqjexcut8mxasu2sk72r,LAG,70048600.5882,True,0.02025998004765635,True,0.0163981195728353,True,0.016566424148529935,True,0.020522337180356814,True,0.016660476705535762,True
pool1fqwnqk3phwa2s5thgym8dw34pv0z67m526uqprnjh93cvzxymef,NUFI9,23602635.32783,True,0.02001025281409187,True,0.016067140873186298,True,0.016577155955519337,True,0.020805276324787497,True,0.01686216438388192,True
pool1fr3ws5vwm7l5y2ywau2jrlaan0xmfqv68h5g3g3sum2ywthurt2,,2972.639531,True,0.0,False,0.0,False,0.0,False,0.0,False,0.0,False
pool1fr8ug253hlv0pt4sxu3w20r03pnpkh2wpedegp55t8nsx28rkma,JOKER,454720.827931,True,0.0,False,0.0,False,0.0,False,0.009544675380245548,True,0.005520718003885115,True
pool1frxut5ury0r2clgpvr0dewlsvc233ft7g6v7vx8msepy5068evn,,28883.053111,True,0.0,False,0.0,False,0.0,False,0.0,False,0.0,False
pool1frz0ds4nhg4t0e30jadc5kwx35kzj2vfp9eak9ehh2727m4dqnv,,1233716.869437,True,0.001235038888142891,True,0.0,False,0.0073675714126997475,True,0.01681174897136457,True,0.012848265701240709,True
pool1fs2m5rmlx66crcwwrrsf2pcxjhvk7kzdurcqusd3v5gm65cufnj,BIRD,23591196.265875,True,0.020638981012115948,True,0.016580394840384715,True,0.017106438533130864,True,0.021458990297867294,True,0.01740040412613606,True
pool1fsck5keruz5n4qyes46s9rvrnxcrn8hukemgxazzlxpp6g66fzh,,104.134531,True,0.0,False,0.0,False,0.0,False,0.0,False,0.0,False
pool1fspfv7z8l8755une5vt8drk7aufenxlucnl0p09sy8vxjw5kz3y,,1525.080999,True,0.0,False,0.0,False,0.0,False,0.0,False,0.0,False
pool1ft4xjlz9uw0r0ewcgtkgeakqrfc5azxmxwsm5pt94dv67mw4rgd,1LOVE,55298409.180879,True,0.021078382300343704,True,0.017090740563162513,True,0.017312915128072932,True,0.021424713239762885,True,0.017437071502581693,True
pool1ft4z335t0eclqwlxdktam5wphf47swfpzgxe4fslnjz5y70hq2p,MDRS,12825.377957,True,0.0,False,0.0,False,0.0,False,0.0,False,0.0,False
pool1ft6jvmft8tg3lwzg6wfsprlex3ncuq5cnckwycavqk5q63jhrhv,FRCA🍁,842985.275547,True,0.006961165228775116,True,0.002897321342463087,True,0.002897321342463087,True,0.015187880690086095,True,0.011124036803774067,True
pool1ftfgs9lp0l4l07glvemrzu86pqvxrvzsn85lc3hathlq5ddsw49,RAID6,36601.017158,True,0.0,False,0.0,False,0.0,False,0.0,False,0.0,False
pool1fts0a4clzu7wyhdqw48cpg2kwvstzeqddtwj34pxfw9jgvznu0q,,4503.424647,True,0.0,False,0.0,False,0.0,False,0.0,False,0.0,False
pool1fttmappcugymuqxvayq2uew72cd8qej2gc5c9ajexsckswj3qza,,1163.423098,True,0.0,False,0.0,False,0.0,False,0.0,False,0.0,False
pool1fu567g42mlv9f7enek7zeh94c0aht98w44du7s29t0elzd9yazz,,650875.719095,True,0.0,False,0.0,False,0.0,False,0.013136270262391064,True,0.009111856966798832,True
pool1fu69ry8k9qxfque9hng3lxcq7g30pykg38mtahah8x4mzpgls3k,BFADA,385102.561839,True,0.0,False,0.0,False,0.0,False,0.007314376290211442,True,0.003330575164799245,True
pool1fu6cvwqamrfxkzc0pjsmd7mqazfqh558sckequqj3ckvgyyg5ta,KOMA,300.093772,True,0.0,False,0.0,False,0.0,False,0.0,False,0.0,False
pool1fu6ppur5uumrpydpeswzrvfg4epr68xw39aar9rcu56tk5ukat3,,8956.278597,True,0.0,False,0.0,False,0.0,False,0.0,False,0.0,False
pool1fuge4duc9hfgm9xvu33llsntmnfcumsyw2d0away49v8gmphfzs,FGMTK,73044778.176785,True,0.019359651981188674,True,0.015701047320831982,True,0.015701047320831982,True,0.0194450995676663,True,0.015786494907309608,True
pool1futpazj04ukh0754m6wexrr9gdezmrl6e0pksyhpc9gjql44l0y,SMBU1,457.999378,True,0.0,False,0.0,False,0.0,False,0.0,False,0.0,False
pool1fuu0vcmzc28lqm09m4j3llg64ghf9j36tcsp9vcy3kpnz9pg9hn,AID,8.2248,True,0.0,False,0.0,False,0.0,False,0.0,False,0.0,False
pool1fuzqy5r9x98826zv6wp40tr27uplemmstkd57cuw8jh5v5m90vn,247,4063902.390787,True,0.018534187497245107,True,0.01448965734556042,True,0.01448965734556042,True,0.020232142894905065,True,0.016187612743220378,True
pool1fv9f8phzn7hp623ypw6ctf73a98hd7nrh8wm7glpcuhf64856g2,GNP1,619055.006271,True,0.0016359496987951771,True,0.0,False,0.0,False,0.01283850832403648,True,0.008774650375356435,True
pool1fvgmxt3688a5zl6amhvaqk9tmvk3lhxkgdsta6yj3czuy5hjwfy,ETO12,50000075.643364,True,0.0,True,0.0,True,0.0,True,0.0,True,0.0,True
pool1fvuy9r4ndp432yuh059q4fekh42t4d42qjhgz5qxlr8jctrp5l2,,1.0,True,0.0,False,0.0,False,0.0,False,0.0,False,0.0,False
pool1fwg2x8pwwxverf0wqtk3pnqtywlah9em3ywyvhskafvm5z3e7kr,,18.269664,True,0.0,False,0.0,False,0.0,False,0.0,False,0.0,False
pool1fwh9zp2hw7ppkna86n7m7ycgz66dnkdhhyqqahhv362agxj2u7g,ISPO2,75165.715939,True,0.0,False,0.0,False,0.0,False,0.0,False,0.0,False
pool1fxlf6mqxeuptm7ztwdpp2zdwm7tsfcy3fweu7euyf6aduuh6u42,SLICE,50333.091393,True,0.0,False,0.0,False,0.0,False,0.0,False,0.0,False
pool1fxmancs3dmc9l0s7u7zrj8334m9nvzam5t5hnuuf4c7cjr6867m,CONGE,4902495.577084,True,0.01645986049535055,True,0.012440487168441346,True,0.014946537364065926,True,0.0203663505061771,True,0.016346977179267898,True
pool1fxra32qureulvqrhrdpnrl5yechhqreg2khrghv3tkl4z66t0rm,,35018155.935408,True,0.01992325277197927,True,0.01606139229715822,True,0.016398060510691394,True,0.02044805910483981,True,0.016586198630018756,True
pool1fy57yj7fq4n640h0r7yzchgytvx747nl85lkct7pc8faywwsyy2,,1068.093207,True,0.0,False,0.0,False,0.0,False,0.0,False,0.0,False
pool1fy5aaf5gz2646dghhm8u899mj6hyznn428sqhdx3tmqmsdy6rcz,,28066.816027,True,0.0,False,0.0,False,0.0,False,0.0,False,0.0,False
pool1fyp482ntshhm9zfz4nv7pmsaeakscf5mnuzcxuvtqf6t56fc7l0,KYSN,3495328.26376,True,0.01778570190316142,True,0.01379782796702965,True,0.01379782796702965,True,0.01973208132352568,True,0.015744207387393908,True
pool1g04psph8yjpqrgvtltqxrgh6vtl3uklvl46ng6ttrdhwjuvelna,,92.633094,True,0.0,False,0.0,False,0.0,False,0.0,False,0.0,False
pool1g0fvxf4ewt0j3hplp09dv4ak2uv5ay3ftw8upk80d8kx2ca5syn,,148.091537,True,0.0,False,0.0,False,0.0,False,0.0,False,0.0,False
pool1g0hsnjnt0du3kp33gjua3npncngr3yg4ak2zfdhd4zvmy6r8hyd,EGGS,733370.078492,True,0.0,False,0.0,False,0.0007006771862219114,True,0.013943660490281966,True,0.009967894651618051,True
pool1g0nq3m3fnvd245k4favcvutn09vce0yshg535f68d2xa54vy0cc,1PCT3,10666285.527986,True,0.019164261444718965,True,0.015142381319651106,True,0.016294225602064553,True,0.02095978341436346,True,0.016937903289295602,True
pool1g0t2a93g5e2j7wj0clmk73fhd8cjcj4xn383yt7xvdyhq37m0kk,,107.845589,True,0.0,False,0.0,False,0.0,False,0.0,False,0.0,False
pool1g2htk67ngtrw5mz6npgu3tugmcuqfgu0lxm8m26d7x79w75xupn,,341.036001,True,0.0,False,0.0,False,0.0,False,0.0,False,0.0,False
pool1g2y0j7rsv7dpu8p6jt2dva3rxfqjl2zu0ag9dd0cfm8guzg0lh0,SOCIO,6284504.944229,True,0.0171992872808425,True,0.01325612448023574,True,0.015171581641432522,True,0.020185146973296302,True,0.016241984172689544,True
pool1g2zsavkscwrzz0tqqwwykkyganyedlzgqc63fneq6nvzc7rwdzp,RBA,136.613397,True,0.0,False,0.0,False,0.0,False,0.0,False,0.0,False
pool1g3ssnndd8e7lcmstkjl9ane9mup0eshv3aklg63u5tznwl4ch87,VRSTK,48460909.024554,True,0.020235030331179432,True,0.016332569029933866,True,0.016665175254712547,True,0.020705017387931915,True,0.01680255608668635,True
pool1g43yqk4yuflm07faedr9qsgwdvjuw4welxae2vcv7ymyj27q8mg,,92.090039,True,0.0,False,0.0,False,0.0,False,0.0,False,0.0,False
pool1g4th3pqfzh4zajzrhlh8y6wpuztrkzxwt5wd7q578894j06gwfc,FEEL,3488028.578752,True,0.014566935836905038,True,0.010503121430604535,True,0.014061005123300723,True,0.02011304865199027,True,0.016049234245689766,True
pool1g50v6e6e0dpmt35lllufjnpqmdklsm3nrshzw4z4advqqjxfcpx,,24575.953354,True,0.0,False,0.0,False,0.0,False,0.0,False,0.0,False
pool1g59d82m8c84f2ds6l50mng863h9cxfm88khxyhna2l9rzgv6030,FGMTB,21.86748,True,0.0,False,0.0,False,0.0,False,0.0,False,0.0,False
pool1g5gcxs48ur9y6kvycy44e9n8wn254fltvjklcf29jxfp23x2wjx,,701.407805,True,0.0,False,0.0,False,0.0,False,0.0,False,0.0,False
pool1g5gmej3cj67td4pmvmacnls8nuq0gjld2pwfeg3jwpxujdx6lmu,SKY,10874643.663351,True,0.01920426452289487,True,0.015179799656051726,True,0.016309574605956993,True,0.0209653842977472,True,0.016940919430904054,True
pool1g5k0fks847av9zdayg05htnj8wx0ah7jmnwwqlt63rjdzyjr93n,ADAMS,12450.996009,True,0.0,False,0.0,False,0.0,False,0.0,False,0.0,False
pool1g637quu9s4v8e30s8y2jg8zfejsne9s8mg985q62y8jfu4khtqg,,220.848661,True,0.0,False,0.0,False,0.0,False,0.0,False,0.0,False
pool1g6czdusgxwskqy8evsnxvqkg2a70rpjtv0maauldl5uusmhm94a,ALRES,146.13907,True,0.0,False,0.0,False,0.0,False,0.0,False,0.0,False
pool1g6g2d09le8hd6nv9jhyavewdnw8tu0ndst4lqysd00ru24cav0a,ONYX,2654710.241678,True,0.016155614882937947,True,0.012293754408116893,True,0.012293754408116893,True,0.018637335824292237,True,0.014775475349471184,True
pool1g6rm3p7695z7xfhp629hcsj09njun2fnsz03pjrshw8rgs7pluc,,28137.191642,True,0.0,False,0.0,False,0.0,False,0.0,False,0.0,False
pool1g6rugsgxrl7ylqnuw2qvma0kuk63wc4yv43a4tmw3qaawgu87c0,,153.60697,True,0.0,False,0.0,False,0.0,False,0.0,False,0.0,False
pool1g7757qwvwzpqn35xfxqmhmw3nz8xe8rcptuqqwkv3cfzk38gedd,eth2s,13839.468452,True,0.0,False,0.0,False,0.0,False,0.0,False,0.0,False
pool1g79uyzvt9mm3z7jdcxnp36n4egm4z6l8c6n9l2mk8ae2yf5zman,ABC,66045.57808,True,0.0,False,0.0,False,0.0,False,0.0,False,0.0,False
pool1g7axcymry0dz86usn9np76gm2tankhh478k2x3uc7v0pugcv2xp,,24925.11543,True,0.0,False,0.0,False,0.0,False,0.0,False,0.0,False
pool1g8w64u3sx9mrvhwrdfvysw4g4wnffkjfp5zds3ur6svwzdhwhx9,KNGHT,326777.05097,True,0.0,False,0.0,False,0.0,False,0.00485443896412057,True,0.0008517072034878934,True
pool1g8y2gz4sk7xhyaj469jlj3njyu5dlvqa7t7v9c2gk0yc69879z8,1PCT0,7797449.13451,True,0.018316681508337238,True,0.0142947969068569,True,0.015870427576331225,True,0.02077281166957663,True,0.01675092706809629,True
pool1ga0h4pv0psju8z3j7l852elq92c7xshuspt27jklnx665r4l2q8,,14.776577,True,0.0,False,0.0,False,0.0,False,0.0,False,0.0,False
pool1ga8rg7snafqj5t24zf4xr8cz7tl576ett05qf93qhcamgmkqmj3,,494.831058,True,0.0,False,0.0,False,0.0,False,0.0,False,0.0,False
pool1gaq7x3ejv47cykw2wrcyt99f3gcy3ayyuxsf6gqvd8j2jf90w4h,,2.646822,True,0.0,False,0.0,False,0.0,False,0.0,False,0.0,False
pool1gas95lqlch5pj5e4lwg78gxlq7km9xfurfd557x4tgwk5kktd04,NEDS3,10789584.719794,True,0.019012792811782028,True,0.015041569001802623,True,0.016168748621393413,True,0.02076986692467355,True,0.01679864311469415,True
pool1gavc60d7mz7vvhsh7grcrc8pmcy0zugrnxh3dklwx0sjsdva6sj,CHILD,107.825567,True,0.0,False,0.0,False,0.0,False,0.0,False,0.0,False
pool1gaztx97t53k47fr7282d70tje8323vvzx8pshgts30t9krw62tm,TW001,114176461.996014,False,0.0130537460575488,False,0.010569489488429526,False,0.010667311752359809,False,0.013206233704263654,False,0.010721977135144379,False
pool1gclysx2h7fndj0jdajlmwvqr8q9tzu3rurjknacu0ff954fsg9a,1PCT0,64761837.247187,True,0.02108854837470038,True,0.017066678412570153,True,0.017256387360343,True,0.02138427114622864,True,0.01736240118409841,True
pool1gcqq0gt4hmgvq942x0s57lf3f4mhtexuuzgjrsmtj0kmsmqz32z,,11.0,True,0.0,False,0.0,False,0.0,False,0.0,False,0.0,False
pool1gd3nuzly536f20e4kpm4ctkgv0ywes37qms6g7cy2f0xxf56nh7,TKS,111.625658,True,0.0,False,0.0,False,0.0,False,0.0,False,0.0,False
pool1gdgjzmp96kk0d0sj482655wqlq8jtc4t9xw8xzfwfx4tjyq73hw,LUNA9,2869997.046427,True,0.012790707190309461,True,0.008818662013134877,True,0.013056227349705804,True,0.019396323744375908,True,0.015424278567201322,True
pool1gduk8s5stt3uej5nl9vs7marx8jjyeadwz3505gzvuqey2lch35,TCATL,2514.018865,True,0.0,False,0.0,False,0.0,False,0.0,False,0.0,False
pool1gdyn4dggh5c9yn5cjve3dlljjkpwzdt2g4au8aszgwd6y97wde8,SYNK,41411.564629,True,0.0,False,0.0,False,0.0,False,0.0,False,0.0,False
pool1ge9c0gw40pzkcuj0xx6kevxz0hvwce7ac207lw2dtd58y957f74,CSPMX,1336.641259,True,0.0,False,0.0,False,0.0,False,0.0,False,0.0,False
pool1gecx8vya3f8lyre2gn9w53547p0rhkmq0x78zrw956lkcvn8uyp,LQWD,18325629.912921,True,0.0,True,0.0,True,0.0,True,0.0,True,0.0,True
pool1gf8a46j6hvhad8e48hez4084x34snpua8k7t3kzy9w42q6w60z8,GRADA,759788.062145,True,0.005349536429250983,True,0.001285931664981668,True,0.001285931664981668,True,0.01447708178765187,True,0.010413477023382555,True
pool1gglca5t7h2tky6jrhp08sxsf3mecvh0xk6sc4v3mcpfzc8jwu2w,,4.664004,True,0.0,False,0.0,False,0.0,False,0.0,False,0.0,False
pool1gha260s6hx855p49fc735w78p0kcp4hyxl8glymp5k5muk9jkgm,NSPYR,762856.451565,True,0.0,False,0.0,False,0.0013051798215361462,True,0.013930510047501532,True,0.0100323787412568,True
pool1ghfmak7eu4t6f7ep8jkspt586l828z54xnxfw732yxlngtny0uh,NOBLE,96440.397709,True,0.0,False,0.0,False,0.0,False,0.0,False,0.0,False
pool1ghsq6nqsdmxxep9jrfml0j6jk935uhq7d9l5a0ltllev7nk2fa0,,1162.10863,True,0.0,False,0.0,False,0.0,False,0.0,False,0.0,False
pool1gjmerqh4wxl553enqeqgc6m3r3gt6yspdg29jy6nuypa6k2tpdt,NPY,2534.400511,True,0.0,False,0.0,False,0.0,False,0.0,False,0.0,False
pool1gk20vlqg7qq868avysckjcjtwyphtjurfwlgra45670ny6r4fww,GCN,35010773.902622,True,0.01992311079877998,True,0.016061250323958925,True,0.016397989524091744,True,0.02044802778722232,True,0.016586167312401263,True
pool1glll6eskvg5f4jcep5trqcgqa8zpekfv8d8a6jrprvcwum6u5jn,MZS,118911.036565,True,0.0,False,0.0,False,0.0,False,0.0,False,0.0,False
pool1gm4mcrf8mytfetsj6ykulrmv4j70y7fhceawgdg2h09t5rtt7cf,ALTZ,1899400.123914,True,0.014874590992869589,True,0.010909872109721924,True,0.010909872109721924,True,0.018452720695206978,True,0.014488001812059309,True
pool1gmwp956mrfn5hcs7rp7nasa7xpwmx84kkkclyx48xwuh5dltmpj,OBLUE,2358.794577,True,0.0,False,0.0,False,0.0,False,0.0,False,0.0,False
pool1gn4vygcs9trs7pzzdcwv6djr69eq5ux8dmwy028zk5vhcpgn8ty,NEZHA,204.237406,True,0.0,False,0.0,False,0.0,False,0.0,False,0.0,False
pool1gnnwyf9vwcgtm3us0w0duuy43r9k7yhnchvyx0xqv9766ysw2a9,A2A,4231164.239484,True,0.01874762132373196,True,0.014682505034446642,True,0.014682505034446642,True,0.02038665011284976,True,0.01632153382356444,True
pool1gntlh2yq89tpsd7kgaeuremj3s60rscqahyl52qzv0x87mt22rq,KOR,2993490.024348,True,0.013390131020539356,True,0.009325537389546707,True,0.013471200110672016,True,0.01985248761523469,True,0.015787893984242043,True
pool1gplusrfxc087ep94rata3m02qpyqa6a6g4wezxf4fwwnczzyg3l,,19915.568179,True,0.0,False,0.0,False,0.0,False,0.0,False,0.0,False
pool1gppqnqfguctp6gu0q8l5wjhye0ny28yzfx93hkr384cfsezru0f,CAPEX,3050046.916677,True,0.01355503014389387,True,0.009497407402074701,True,0.013566197272861538,True,0.019897555530708644,True,0.015839932788889476,True
pool1gprrm7gehg9wlupqsvyf59l52q8wgr3y46p656r66t7zy7j2z66,MILK,17.427226,True,0.0,False,0.0,False,0.0,False,0.0,False,0.0,False
pool1gpz25s2aasmqnh9tg8a2rxmyxuvmj5s779htxk295e9ajnzjflc,MUGGY,503639.347429,True,0.0,False,0.0,False,0.0,False,0.010810568383971316,True,0.006745966093520809,True
pool1gq07hfmull6etsr23l36cvwgfkym6jqn4q2dz5vz4y446yat70t,MKM,1941746.450507,True,0.0,True,0.0,True,0.0,True,0.0,True,0.0,True
pool1gqf605yxhmyfasdjhf8yxcesztgzuek9gfuvy2dnyj5cyp8zga3,OLEUM,264605.204446,True,0.0,False,0.0,False,0.0,False,0.0009894172936001577,True,0.0,False
pool1gqgyta9sku3crjzfl9kj7kxsgfkt98y98yeu09kx22zscrezuj7,FORTE,31092311.983577,True,0.021035397787595618,True,0.01714643111549371,True,0.01714643111549371,True,0.021254205414496876,True,0.017365238742394967,True
pool1gqk5pzqmrc9c6030m5sj2s3560ymm5ymq3hqjmz6vfdmx4mw5gs,HIST,265821.659157,True,0.0,False,0.0,False,0.0,False,0.0010733048259525574,True,0.0,False
pool1gqmjahruyhxvec59g9wh0z67aqxa2k3n4al4lyafv08xk90zl2z,,1100.522781,True,0.0,False,0.0,False,0.0,False,0.0,False,0.0,False
pool1gqp9e65nqy0q08dvqst6mk9fyc96sdels5drncsdz5d82dpw5gg,,107.26174,True,0.0,False,0.0,False,0.0,False,0.0,False,0.0,False
pool1gqvrgg7zycvf65ydkjeph72t0yx0f5ykzd9f477zh4f3smwk997,SAND,2957548.329397,True,0.017317766893603193,True,0.01329832393470044,True,0.01329832393470044,True,0.019639165983436426,True,0.015619723024533674,True
pool1grgycym8cf0xmgjjr7gx7udmkpu93hqaygysy5myx6ghx8dvl5r,THOR,14529789.385548,True,0.0193813256129361,True,0.015443220487931803,True,0.016271704623563754,True,0.02067278617730355,True,0.016734681052299253,True
pool1grhujlggx90ln0jcnrey4adckysxdx6rqfmx9s6fnhtc2g0qym0,,104120.507816,True,0.0,False,0.0,False,0.0,False,0.0,False,0.0,False
pool1grnz2afeg7st9480vlzqc25gavvs4n34ndtktne8pnp8yutsmfv,ADAS,824.076982,True,0.0,False,0.0,False,0.0,False,0.0,False,0.0,False
pool1grz62pdyyakffeymsjxpkz4x9382y3zhfa8zu28tk2fpqxm6p5l,KAWAN,399529.471693,True,0.0,False,0.0,False,0.0,False,0.007903525560886995,True,0.0038784695684613802,True
pool1gseulah8qjuemuuh6wf2a2t2k2na7k8xrewdslcljprmcr2fqeq,,10.277188,True,0.0,False,0.0,False,0.0,False,0.0,False,0.0,False
pool1gsfu7c2ac6rh45dn836myms9flp99y0erppqez80nwehk9c70eu,BZONE,500.647786,True,0.0,False,0.0,False,0.0,False,0.0,False,0.0,False
pool1gslrt6mmljsqkzft6nd0q7w7g2fyhxpxx6sj4ff68x22kwx6unm,GOOF,979698.152766,True,0.009017436682758265,True,0.004954809993638316,True,0.004954809993638316,True,0.016096147590215104,True,0.012033520901095154,True
pool1gsrcrjm6ctkquef6m8jsyvplv0j357hupn92uklqdcm7729ytv6,YUMMI,496011.03248,True,0.0,False,0.0,False,0.0,False,0.010536133766721292,True,0.006511668692238607,True
pool1gtphgrdj8sluxm9e7ca2spcwcq2p0dxj9zf5v0yv3gsagzq704n,ADAFR,63162642.487696,True,0.021410043653560192,True,0.01756100566529565,True,0.01756100566529565,True,0.021518192627874095,True,0.01766915463960955,True
pool1gu33fszp9ek0w9fkdt2xpnp4vznvvv2vhktc0dypa8fr53lc9pc,TESLA,1671207.614983,True,0.01412696985984619,True,0.010111671080591194,True,0.010111671080591194,True,0.018235166793875743,True,0.014219868014620746,True
pool1gvnkmpfu26vncrmhj6hr792kwu32hw553upadcphjwu4qewj7jz,GEN,61654.138895,True,0.0,False,0.0,False,0.0,False,0.0,False,0.0,False
pool1gvydgpt2nt6zchvt6fyc5h3w5g24nrrw54tskm0mkc6hqh4ye5n,AP050,496.831786,True,0.0,False,0.0,False,0.0,False,0.0,False,0.0,False
pool1gw25vftc9nnqqgld043k2fsjsm76rkkcy2xjzqdm268cvlf698l,,1470.941454,True,0.0,False,0.0,False,0.0,False,0.0,False,0.0,False
pool1gwljutrkqx7km7ec2e8u93y0tvd8w07mgz2aaeqj75h9q7tntmq,,220.566414,True,0.0,False,0.0,False,0.0,False,0.0,False,0.0,False
pool1gwnu7f7qgaruxph8gn3u28qphvquvnj63elyd3r0nndacj9g9pa,JAZZ2,18624300.931468,True,0.01933453197558338,True,0.0154751570463198,True,0.01610817409449691,True,0.02032129384480063,True,0.016461918915537055,True
pool1gx6eawfvnhckevmlzhfz9j3uzj92j2wgww0mdd2fu5d4zd4wvaa,BSSP2,962741.783034,True,0.00870327031242876,True,0.004679318959958185,True,0.004679318959958185,True,0.015834621751610593,True,0.011810670399140018,True
pool1gyrvar6gwyad7u2rsryeg49dgqtsp99k4903knwj5eq9qmu5jlj,YOOU,486918.512034,True,0.0,False,0.0,False,0.0,False,0.010443116290438662,True,0.00638217332875268,True
pool1gztqypddgmycs0fjat62k5f2kt4zjck4l4f2ffrsmagj2w8zkq3,SGEN,1938626.932338,True,0.008796854750887652,True,0.004777319542350513,True,0.011114743104904193,True,0.01867577971604486,True,0.014656244507507719,True
pool1h04mh7qugt09hp8mhjpvfl4t0rutmz703dd003e6qeny5jf9c57,P2PFI,1077164.679322,True,0.010017932267587383,True,0.006020476042487449,True,0.006020476042487449,True,0.016359557769362675,True,0.012362101544262741,True
pool1h0524mtazrjnzqh5e4u060jsfk8lpsqqjfpa5gygjwuhqu34wvt,JAZZ,19682050.336738,True,0.019402571539845027,True,0.01554319696992591,True,0.016142194523447763,True,0.020336303020334966,True,0.016476928450415856,True
pool1h08araxldht60j00vp8lzllmwyevjwqd5zwyprc62536gk4s5ge,,18.737033,True,0.0,False,0.0,False,0.0,False,0.0,False,0.0,False
pool1h0jfkyfqt729vxhq8ndxffcqn2afjhzzlwqecrvsufgu5sag0sj,RAID3,101530.8611,True,0.0,False,0.0,False,0.0,False,0.0,False,0.0,False
pool1h0prd5vcdv6uk7hglztdcqfp5czjqxdydxkxkdhg8rrk22mr4ym,SIGN,555025.252348,True,0.0,False,0.0,False,0.0,False,0.011816287917575129,True,0.007751223968721203,True
pool1h26acqctjzuzk04uxc35mt5eavnlr5wyaqavmdqhd3s2zr8v7nm,BABYL,1594.72739,True,0.0,False,0.0,False,0.0,False,0.0,False,0.0,False
pool1h2q3cyle9yrjv4g6qvwqyrm5vk9qj38gtqndvavpqf6lkgpqvj3,REACH,659.281602,True,0.0,False,0.0,False,0.0,False,0.0,False,0.0,False
pool1h2vtxz36m93e2dw9mn4luh64372t794qsjcpgt3fqpnycc8qh3z,FRITZ,445263.263332,True,0.0,False,0.0,False,0.0,False,0.0,False,0.0,False
pool1h3aejp7fln74mwaraqjn65ve3j5zwqr7wk0pasct87wpkv0aspm,BEAST,3706225.006981,True,0.014594736212409015,True,0.010689367467164165,True,0.013937335406867217,True,0.019657745059593182,True,0.015752376314348334,True
pool1h40kkf28nr3amhs6nsmqn75aderg6cutmygr47czu2dw2dxzvgm,,729166.623097,True,0.0,False,0.0,False,0.0005879975649118652,True,0.013890973346999512,True,0.00990863812184517,True
pool1h40xjqda9wmw9cff5jss3ww9npujkhlvg6xjy9l5ujsu5rqlw28,CHG,310477.208274,True,0.0,False,0.0,False,0.0,False,0.004028301803553956,True,0.0,False
pool1h4g295xugk46jdyxv4m55y9rp9kln0k5hy8fyk2kaef5u3gmt8y,,495.282744,True,0.0,False,0.0,False,0.0,False,0.0,False,0.0,False
pool1h4gwh638485yd0xcw0pkrm935nvm4aecqsxjx2yzzz0u6dfj73q,SEBA,1917057.392983,True,0.0065502707372264496,True,0.003501433520262462,True,0.008356530730219879,True,0.01411851050568948,True,0.011069673288725492,True
pool1h4n266z2xz0v754qf8uu09cda7q68gpymt5dlf4zxcvlg3hq3r7,,25.098487,True,0.0,False,0.0,False,0.0,False,0.0,False,0.0,False
pool1h5368szqrqvfy7txc5r2lyay0xx4fvp2w38mswplqknax8l9wl2,OSADA,4845.998156,True,0.0,False,0.0,False,0.0,False,0.0,False,0.0,False
pool1h59405hmvnxz2kyjpll3f65lnqhm7we3u96cws9vzzxzzws9gjc,LBA,6369323.408481,True,0.016894705823721504,True,0.01303289515423778,True,0.0148838766861697,True,0.019780059388203618,True,0.01591824871871989,True
pool1h5a30zxga37fphw3tjkp8anu3xm69a28kytceppz2prysfzfcjv,FGMTP,48398274.503951,True,0.01928178549854149,True,0.015623180838184798,True,0.015623180838184798,True,0.019410746707674894,True,0.0157521420473182,True
pool1h5jtxde8j86qrnqzj32ugn480u7gw5xw8wqy5d227rl3vfg58qz,PEACE,388304.761492,True,0.0,False,0.0,False,0.0,False,0.0074025597009274215,True,0.0034372750922701764,True
pool1h5kewwuh5jh6cuq52nwu5w7g8488qsp8ja7ahs8p2ln8ygde8xf,,8247.425397,True,0.0,False,0.0,False,0.0,False,0.0,False,0.0,False
pool1h5spwddnynn6dt2z3qz9tvkju7sn6s8ptqetyfpltsppwalukyg,CNUS,3056.710208,True,0.0,False,0.0,False,0.0,False,0.0,False,0.0,False
pool1h5uycju7n5puxn2ckfkpza550rf6jk4twr6ef0hsmxft78ajt6q,IOGP,5466.199163,True,0.0,False,0.0,False,0.0,False,0.0,False,0.0,False
pool1h5xdez7j0ncewgxs4m8fykjt9jzuy86t8e0m7m7m2l79w4jzzk2,GOOD,203.250629,True,0.0,False,0.0,False,0.0,False,0.0,False,0.0,False
pool1h6l7mhtqqvkgq5hyvkrjrrwddulx7zc6mxlrsezsspymckuuext,Trump,9216.689878,True,0.0,False,0.0,False,0.0,False,0.0,False,0.0,False
pool1h6q8jj55dn6727yydlypu0rz4sflf2enxhs0thqydmddgu3shl5,HAZEL,4060955.819648,True,0.01809210478424529,True,0.014165289524240347,True,0.014165289524240347,True,0.01974859904292528,True,0.015821783782920335,True
pool1h7eevnu53zdfujqfzldw4jgdjh475u0glvtruwrnmdmycn6jdzs,,805280.503823,True,0.0,False,0.0,False,0.0021826910152534015,True,0.014732937888152633,True,0.010708477952110704,True
pool1h7nugww5y2q74435nadg6gggsj20nj5v3dq0w2gjwp3qvrpvgzh,DOGE,27.597982,True,0.0,False,0.0,False,0.0,False,0.0,False,0.0,False
pool1h8625k6vszveym92qandxwjv3wmnekc548yzcepr5w88ys824pg,,77.848386,True,0.0,False,0.0,False,0.0,False,0.0,False,0.0,False
pool1h8fnr4vlfcv9l4jlv9epalghy3zgjpye4wv85c4rafpvvfztsk7,JANUS,663668.37377,True,0.0,False,0.0,False,0.0,False,0.013444158781172763,True,0.0093872554022929,True
pool1h92eaq3wksa7j3ecd8llyxva9kuyuz5ucm7a8hpwz8vhzj0wtsf,SSX,233851.270924,True,0.0,False,0.0,False,0.0,False,0.0,False,0.0,False
pool1h9jr0f9evk3raxlljq6mt4gj7ej4v82afvnlc2wh28rwy2d8lsy,RUNIR,4794.706524,True,0.0,False,0.0,False,0.0,False,0.0,False,0.0,False
pool1ha4z9zne9z7he43qf0tzv9pdq8cdj63xfrj8s246u89lkcwmq7w,VADA,147332.877264,True,0.0,False,0.0,False,0.0,False,0.0,False,0.0,False
pool1ha70qvqwnmnwpa7e575y9tgyx47aw29rvkz73mnf42z5wet5dr3,IOGP,1.48148,True,0.0,False,0.0,False,0.0,False,0.0,False,0.0,False
pool1haus36sw7cwyg8jdeg882mentse5txac7fmeew8ketuwky6q602,BD1,316604.851258,True,0.0,False,0.0,False,0.0,False,0.004036764606886034,True,0.00029686726257157123,True
pool1hc8y5s28zah72qsnnky93zxqcqcrvav7hz2l3sdj5gk5znztcty,SNIPE,410870.143791,True,0.0,False,0.0,False,0.0,False,0.008271698030589221,True,0.0042472380939284965,True
pool1hcg8sa642l0xeygkzvpgn3sfj5s2yeuzpws7a0gypyy7grrjcje,,110580.78768,True,0.0,False,0.0,False,0.0,False,0.0,False,0.0,False
pool1hd5r62ktu43k53tskpr8xja8pyt5k6vws2fxylqm7hp5ye954ea,,126.003727,True,0.0,False,0.0,False,0.0,False,0.0,False,0.0,False
pool1hdglvd3xn5m0glqx3l8cy73ajdlxzn7ztlvzwuythj95kwnmvwe,,1214.2165,True,0.0,False,0.0,False,0.0,False,0.0,False,0.0,False
pool1hdug72ukeepdxqxz0new8e3nhq5cykkn3prky9wgrz5tgyf4ty2,,1567.639059,True,0.0,False,0.0,False,0.0,False,0.0,False,0.0,False
pool1heks0vmxkfka2amg9c8yn8qdsxvgmzelfx6jhpfkj8ht5mn0r2m,ADA,3969434.030887,True,0.014982456661290822,True,0.011036493979184065,True,0.014072218948092874,True,0.01971461617164867,True,0.015768653489541914,True
pool1helzgcd9sjm9xtyh9mw2wy06gekh6r52s6mx987q0p8lvklwura,,1600260.760124,True,0.00608064109252174,True,0.002078097087135422,True,0.009716758425711772,True,0.017987966120302522,True,0.0139854221149162,True
pool1her5uyhxcxeyxws60jrft4kkczc2uxyz3z2sq24582z9kvwsng0,AIVS,316.914476,True,0.0,False,0.0,False,0.0,False,0.0,False,0.0,False
pool1hezakp5r240dy4fcsm7mfd3qqahcvyrhj8hl770yxmxxzdwvcre,HIT,3888464.44217,True,0.001529767977682755,True,0.00112325897014536,True,0.001442408088892977,True,0.00202726513337757,True,0.0016207561258401748,True
pool1hfn7yuwfyhmmqe4qpaxfewuly7cnemc6kqkv5npytj9vcrskh6j,AMINT,1206832.668876,True,0.0010904520930129504,True,0.0,False,0.007155453460154888,True,0.016719275778708166,True,0.012758239309743739,True
pool1hfzfx33ffjcma9xautgrg4ka0u32s062mmu8gw6fmf2zxftmp66,AFICA,72103.246734,True,0.0,False,0.0,False,0.0,False,0.0,False,0.0,False
pool1hg8vu74hyaj5qm66ys83c0gmr44j66g2k8s9sns4htw27whsqwf,FUJI,2064.890349,True,0.0,False,0.0,False,0.0,False,0.0,False,0.0,False
pool1hg9yyezrm6dslw9q767n5tlu0qk2ccvd4k9946vv7ymgvsvnttf,,97.623898,True,0.0,False,0.0,False,0.0,False,0.0,False,0.0,False
pool1hgksl8y3637f88zhet6g8j8seq2kzp6v2qt4ct2maxaxzt0pmmj,FMSP,1099.622807,True,0.0,False,0.0,False,0.0,False,0.0,False,0.0,False
pool1hhlzudyzp80xch7r0vamq58hpdnspagutvgqwptsmr0tk2425vf,,572.91521,True,0.0,False,0.0,False,0.0,False,0.0,False,0.0,False
pool1hht4pctn70tqdsd0zwuxv8d8cz6l5scjzaquty7vamyzy78eqvc,ACL,16793849.264494,True,0.02006078374946562,True,0.016073888975408027,True,0.01680546038625635,True,0.021201174478140957,True,0.017214279704083357,True
pool1hjjj584gq0ynqf06g036a4a0stpm90asrdfskpasqjxf5948ygv,,3320030.176579,True,0.013979344956261821,True,0.010032061625296589,True,0.01369525847989018,True,0.019689622406069477,True,0.015742339075104247,True
pool1hjlkmtquuanfvvumfwsu395gdrmt36kda0x6wwwpz4kqctg5lyy,STARS,59.742229,True,0.0,False,0.0,False,0.0,False,0.0,False,0.0,False
pool1hjpax8lf2hmct63xxrspe9zzmmywcrzw89yg3nacu0axzy0latu,GG63,5480986.646416,True,0.01680993249541933,True,0.012826580296093279,True,0.015045487362388097,True,0.02026881703993772,True,0.01628546484061167,True
pool1hjszxsd493fmr99g2d8evnqlrlurscu00n8jv9mz8qm42f7jvln,RAINF,16188.245142,True,0.0,False,0.0,False,0.0,False,0.0,False,0.0,False
pool1hjz482dskv7vvc3wpmgwy2avx784c26xq8v5pc8dm0ne6shyfzr,SCENE,1.006318,True,0.0,False,0.0,False,0.0,False,0.0,False,0.0,False
pool1hkklrx9ac7w57d79mnv76rxlgq4acg5ecwhyep7k3zn0u5cz2k9,AZUR3,16984294.133972,True,0.019855048067766733,True,0.015896336207023663,True,0.016612397758011172,True,0.02097126166195314,True,0.017012549801210072,True
pool1hkpgddlnya3pgktj3sxdraa8x8400vhaphcudvym9ye22esak43,ISP,12439004.677756,True,0.017667700135951744,True,0.014011447053097733,True,0.014962166206789168,True,0.019120187731869215,True,0.015463934649015205,True
pool1hkr5zcthjvcn3ffncc4jqk5ctxxfrk37h7uddqnvxd4cu872nrt,PONTA,5834841.959916,True,0.0,False,0.0,False,1.54886390384259e-06,True,2.0742299842469363e-06,True,1.6677188796524073e-06,True
pool1hkumvckq9l79akgge54ugnxa4n86s63j6jvhmvx5g7cgz7nc6cs,PMAN,231369.385939,True,0.0,False,0.0,False,0.0,False,0.0,False,0.0,False
pool1hl9tn0qpujfss69h6jr3wepc0e7tuczchpfu7nu4ma006u5scfw,HISTK,6707.636362,True,0.0,False,0.0,False,0.0,False,0.0,False,0.0,False
pool1hlu9mdmcf0m9mqkq7apxsyalhd2nr07rqyhh8mgra3wzkva2d3p,LBP,262058.400758,True,0.0,False,0.0,False,0.0,False,0.0007883389986655762,True,0.0,False
pool1hmmt5a9vyjtkz0tk6ywyyuhumt57hts5m89m9avgyyupveaejfr,AOTA,11001559.45062,True,0.019424576827986654,True,0.015359460800872369,True,0.016487482701376722,True,0.021182963908184613,True,0.01711784788107033,True
pool1hmtm4mukp5gs7fgrp0k997lveh4psq9qpeqa6ldugq9nsfcdxmp,ADALY,1254089.53379,True,0.0018350725866395795,True,0.0,False,0.0074921561607482565,True,0.016797839992321623,True,0.012856167117502197,True
pool1hn7hlwrschqykupwwrtdfkvt2u4uaxvsgxyh6z63703p2knj288,,1938.863141,True,0.0,False,0.0,False,0.0,False,0.0,False,0.0,False
pool1hnaps49hfe3uljp4cleu4amhes6wvatufyvgt2tjdtj3xjrgknk,UPBIT,35303421.507039,True,0.0,True,0.0,True,0.0,True,0.0,True,0.0,True
pool1hnmcevsa69k88nh4d6ud5qyykwmgzrg6crju79zsv2uu65mkgr8,TSUNA,17166.449673,True,0.0,False,0.0,False,0.0,False,0.0,False,0.0,False
pool1hnnfvsq3xlln6vz7d2xmk6kqekd5z4ctmfpdad8g8kr0yk8kdfd,AZDFM,3096934.571746,True,0.01732004545694166,True,0.01333628286305477,True,0.01333628286305477,True,0.019514570346813115,True,0.015530807752926229,True
pool1hnp560z9e5acwux8tjguxq36j9r255zuf02u7z2d46dvcf5zhns,LCP,71685674.820599,True,0.02153545845661978,True,0.017487814118582905,True,0.017487814118582905,True,0.02163220023965182,True,0.017584555901614948,True
pool1hntu7agmt8u5j9c20ejen7dvq0jfkvkpnul3mrdd8tppqvwfvt2,BLOOM,28547821.271305,True,0.02005751038964338,True,0.016204221636767723,True,0.016621542450387043,True,0.020708039893226438,True,0.01685475114035078,True
pool1hnu6h6xsquej2sgu6hammqg0ag0d9xwpw8tccuha3dfhsfh0llj,AaRK,77.181433,True,0.0,False,0.0,False,0.0,False,0.0,False,0.0,False
pool1hnukelq3ap6pj3wnetj448efj4nalngy756jln9zd2mjsp73etg,UPBIT,31639394.783413,True,0.0,True,0.0,True,0.0,True,0.0,True,0.0,True
pool1hqlvn3qndgkne52uhe5347nlysmmec73ys9vduk96rs4jzjjyxm,ETO7,129.962041,True,0.0,False,0.0,False,0.0,False,0.0,False,0.0,False
pool1hqwxta8p0j8ffkyle5mf6yg80tucqzh8q9mszws60xe5ja06nwa,LUKE,3730230.02801,True,0.01836585015461256,True,0.014308297943964902,True,0.014308297943964902,True,0.020224984832078997,True,0.016167432621431343,True
pool1hr4t5a052rh773vml9pra5planumw2tjn9cg6nsrzq64jdz907s,,88849.236744,True,0.0,False,0.0,False,0.0,False,0.0,False,0.0,False
pool1hsq2jrulgj97tna2femdhsfn2wurkkwt8uk9uvs42h9zs0a783p,JAZZ3,23566023.160212,True,0.019600017656482793,True,0.01574064412935649,True,0.0162409194587937,True,0.020379858611193742,True,0.01652048508406744,True
pool1ht35ft8az9k9u7gnc2yut7usj96he5mqngthunyf2kmnsl2kmed,DRED📡,651275.467617,True,0.002553830855294863,True,0.0,False,0.0,False,0.01288271676376265,True,0.008943865695952668,True
pool1hut596zjmx2eunuwt8vjnh953ezgtvc3cwv3nat8cepsc2jeaxe,,55.456744,True,0.0,False,0.0,False,0.0,False,0.0,False,0.0,False
pool1huxl069mddvz0n95zg95u6gyx7ycvy0f0z0rh8md9w6kyvur9h6,QTMPL,197.61919,True,0.0,False,0.0,False,0.0,False,0.0,False,0.0,False
pool1huyzkfxwnttj7r4530hv7gc5v6mzk75vuzysc75aemu85mae9vd,TOSHZ,338718.714687,True,0.0,False,0.0,False,0.0,False,0.005412235456212813,True,0.0014320496184634325,True
pool1hv3yae6keeeu2y7eusejx4swd2myfkurldt7lasn2qu4xk20j8m,BLESS,113480.764987,True,0.0,False,0.0,False,0.0,False,0.0,False,0.0,False
pool1hvevy8qu5lwg7ul66xmzvwv8zwdgdradsg9ncvrflm7dvy407e0,HAMDA,222025.069892,True,0.0,False,0.0,False,0.0,False,0.0,False,0.0,False
pool1hw3cgyx7tvxh2fpd46k9sqgruu5pfnzt4nxuyv2w7nlmusutda2,THREE,2157261.837113,True,0.01006779394941092,True,0.00613983214277788,True,0.011471779397448333,True,0.018507317824901576,True,0.014579356018268538,True
pool1hwlghkwnjsjk8370qt3dvp23d7urwm36f95fmxcz3np2kghknj9,PEGA,6370898.528433,True,0.017784822361546264,True,0.013719732287485879,True,0.015667652183653555,True,0.020821285729101757,True,0.016756195655041373,True
pool1hwnl625swgnlp5w7e8dqz0chlz3kl05tm2lawwy8xq2l5uz5h0y,,500.0,True,0.0,False,0.0,False,0.0,False,0.0,False,0.0,False
pool1hx7rpmjen9gx9w3awzp34zw5wr54mdyf2ft03llqz2wdszavuk8,PIZZA,658078.261711,True,0.0028076541643626165,True,0.0,False,0.0,False,0.01324053183175334,True,0.009224316826185578,True
pool1hxdcr4u22lytge79hr5hds39e90jsdmhafphdgnn4hlqvl4qlt7,TRADE,98869.532847,True,0.0,False,0.0,False,0.0,False,0.0,False,0.0,False
pool1hy08gpvzkutxkg3ccxwmkzqaun9cd0styl4dtpqp2yxq2rjxehj,,452.300922,True,0.0,False,0.0,False,0.0,False,0.0,False,0.0,False
pool1hyqdlnuff3rnvg9lx70ccca2xqxcezzz4998tp6chhxnx2st257,FCS,35010816.820801,True,0.019923111624366732,True,0.016061251149545677,True,0.016397989936885123,True,0.020448027969337042,True,0.01658616749451599,True
pool1j045vdrzmj3hl36p50c6mhhpwtu2q7cmecnrqjuqq0khja02sr0,,148.583375,True,0.0,False,0.0,False,0.0,False,0.0,False,0.0,False
pool1j099ctc7kcc9fa78dz5qwsy2g0n96lrgletwxvxmyzh4zd7ck0j,PRIDE,25079668.566039,True,0.020280045606454813,True,0.0162963389005603,True,0.016781315046396225,True,0.021036037833787283,True,0.01705233112789277,True
pool1j0ys5378p896epefs0q2ehx3h9rrd4gupd33adkza7g3q02f6np,NOUSE,2318.776412,True,0.0,False,0.0,False,0.0,False,0.0,False,0.0,False
pool1j276s043qh2knv3ukmap6sra6sk7p5khuetzwx9h43wqydzsx8c,UBE,70339688.376803,True,0.020261373042361936,True,0.016399512567540884,True,0.016567120645882727,True,0.02052264445860069,True,0.016660783983779636,True
pool1j3azwphh66wk6efre3ezjjw8mqljqmnxe5qr9tyfmjdq6eqe5fc,VTRA,177.935758,True,0.0,False,0.0,False,0.0,False,0.0,False,0.0,False
pool1j3kzujz0m07detlksr26sx7smft8xn280695zgu60zjhge9566f,TCSP1,1795605.334228,True,0.0,True,0.0,True,0.0,True,0.0,True,0.0,True
pool1j3t6mhgndeuzqkpcj6csyxfhsr2fkgwknk6e4tjeeqhnc52fjc9,7SEAS,29992.172519,True,0.0,False,0.0,False,0.0,False,0.0,False,0.0,False
pool1j3umdcuxcewcxz98wm3sx5xqwgxx0v7z376xyjfq4jgejpvv8fz,MASTR,2097701.729781,True,0.009652469368680987,True,0.005669166877273084,True,0.01146684527327159,True,0.01869002686832572,True,0.014706724376917814,True
pool1j4nkshfytq8tww99ttfwvrmv8n7yq2tvuw0xlphelzzw6vfghwq,TAPC,53991.661543,True,0.0,False,0.0,False,0.0,False,0.0,False,0.0,False
pool1j4vmgapf520ul8tvwz95xsmne4alpymxpmcnf0zu5v4vz2pej34,FGMTL,4.840598,True,0.0,False,0.0,False,0.0,False,0.0,False,0.0,False
pool1j55hm5wkgcegrpn25nnfl0rgjdje26fhw9uxmgxf8dez2uups3y,UNITE,22.931848,True,0.0,False,0.0,False,0.0,False,0.0,False,0.0,False
pool1j5kx7rp08axydqevxhmujs5vthfv5kjzq2h40edpychlxg5twqw,,481.788826,True,0.0,False,0.0,False,0.0,False,0.0,False,0.0,False
pool1j5tw5wwfvk2zllqycg0cunu8emtd5g9tgymp0uayc6nzujunrhq,,165.62832,True,0.0,False,0.0,False,0.0,False,0.0,False,0.0,False
pool1j5ukjmhn96jslmcd6k3ymj3vnjf3wpjn9sarhk7m7vtkv7ll2w3,REDH,12939.9435,True,0.0,False,0.0,False,0.0,False,0.0,False,0.0,False
pool1j6490a90qefvsqxdurf99z9ld50rtthaz9ms6c8xh78s52veuq2,CETH,3718387.677546,True,0.014857690411031767,True,0.010834514725030749,True,0.014138608075541272,True,0.02000818886918052,True,0.015985013183179506,True
pool1j6dh3ynys827j38976q0q3s3c9hpzgx40kjcq4472h6m7d3t0hm,KIND,3012812.183173,True,0.013047073862861986,True,0.009108834926267401,True,0.013104337887664175,True,0.019275357890921666,True,0.01533711895432708,True
pool1j6jnnxsngexalq60tqnvn2muge7vevd5ukc0unacr4432t4lr28,UPBIT,29572781.6636,True,0.0,True,0.0,True,0.0,True,0.0,True,0.0,True
pool1j6xfryctrxm4aplw3vnrtgfsvqdr35exenxqse5kzxmfue7qqmr,,61473087.543909,True,0.020638560301946232,True,0.016695397501339467,True,0.016891218151984383,True,0.020943810139716242,True,0.017000647339109484,True
pool1j6zqawj6f58lp4p00t26eqe58gxx4pa3cudlzpkv23y92nlxjzd,GURU,5567193.664539,True,0.011020132434858585,True,0.006955016145573267,True,0.01538637363525148,True,0.020697180377910716,True,0.0166320640886254,True
pool1j742gcsul7u8c05rsqmkgpkvj5qadj0pew69nctu6crqy9wjjn4,BONE,1534673.764941,True,0.00545766940146142,True,0.0014362952395571755,True,0.00944184031413029,True,0.017936901429472452,True,0.013915527267568208,True
pool1j7cypyjzhcfuy0gsuc2vtd48cpsc0utmqkq09fjlp5dgsjrs7pg,SHINE,4095.098478,True,0.0,False,0.0,False,0.0,False,0.0,False,0.0,False
pool1j8355yxxpfuhqyda4lrj8c9cdghaang3wvwge8jq8nlxurvfqv7,LvLUp,734775.196031,True,0.004792733368664441,True,0.0007286374900828282,True,0.0007286374900828282,True,0.014230994264596225,True,0.010166898386014613,True
pool1j8grqucdwwcr0cwzxrtw30vqcptg0jdlrmauq5w7ytvqx6nf5np,VINCI,3313394.445821,True,0.017775128532119714,True,0.013762703557220986,True,0.013762703557220986,True,0.019847218080244373,True,0.01583479310534565,True
pool1j8r3q09v0tx48f78u4kxldmakryd384uk6cg9rrlzjhtu93027r,LIA,4.581261,True,0.0,False,0.0,False,0.0,False,0.0,False,0.0,False
pool1j9qrcwg28mgsu38p5jkrwpthff5pmm5wdpprghg2xrvfyfcm5ls,OSCAR,336.747257,True,0.0,False,0.0,False,0.0,False,0.0,False,0.0,False
pool1jakl9kqhx87ywc7fcxweaxvna9khxhzyh6v8j70u6zpaxa45ghh,THNDR,63880111.755437,True,0.0,True,0.0,True,0.0,True,0.0,True,0.0,True
pool1jas6p8hw9e2nz049g3xfn2me9yzknka4w84vzrxg0c2ej63stlm,AME,1306.340739,True,0.0,False,0.0,False,0.0,False,0.0,False,0.0,False
pool1jayej3rwf5ynfmmu7583x3w2j73dcedtflgnazdezfn3kl6062x,TAX,1788178.154114,True,7.800634328408661e-07,True,3.735557348680339e-07,True,1.0675581736880906e-06,True,1.8618907639427193e-06,True,1.4553830659698868e-06,True
pool1jc24u7v5xsaw9dw6s0vftjat8ssc8ru4c0uhrj8zpm3usnrp03t,HALO,47483.656226,True,0.0,False,0.0,False,0.0,False,0.0,False,0.0,False
pool1jcetszf3sh39hc8nezj5pzj3ukg4fhfjwdqkmwg8ern8u3c4y7v,,19427628.105105,True,0.019779336728928742,True,0.015958132345798855,True,0.015958132345798855,True,0.02011488463857228,True,0.016293680255442394,True
pool1jcpwtg5ce6xr42v37nk3xahmduwrs87mvd6pkm92v7tj2ux8v5j,,1.957114,True,0.0,False,0.0,False,0.0,False,0.0,False,0.0,False
pool1jdhjfcu34lq88rypdtslzwyf27uh0h3apcr9mjd68zhc69r29fy,NUFI5,18014505.219017,True,0.01969383772386126,True,0.015750725782287242,True,0.016418948409200825,True,0.0207354788775795,True,0.016792366936005474,True
pool1je2n5smmnyn3lh92xrp8nepjyfp596ypga6pmdecwtcrcj9uvec,YOADA,1543306.675854,True,0.01344606760242472,True,0.00944893722716332,True,0.00944893722716332,True,0.017872261765175965,True,0.013875131389914565,True
pool1je5j68dcgm0hynv4fd2t2xsplmad40adneu68vp3h4nlcdaznwc,GALGD,57.602998,True,0.0,False,0.0,False,0.0,False,0.0,False,0.0,False
pool1je8qh9d4nawl9zstsg3vyan3r64lyw9dzruw0ulxvpumxa66l6g,ATHC,653.148109,True,0.0,False,0.0,False,0.0,False,0.0,False,0.0,False
pool1jepxzmqljthtfvcx9dhcp7rysg9n40z6jxr9cw7963h0qv8mz60,JUNC,568.150653,True,0.0,False,0.0,False,0.0,False,0.0,False,0.0,False
pool1jeu6mkn43sc8y0yf5jwtfy6g5yc7lmyt3psm2tlue7pfg8deygg,,635.69045,True,0.0,False,0.0,False,0.0,False,0.0,False,0.0,False
pool1jeu74g86ys4fekhykqcww99kdsq3nlym8a6kfw8s8ff3vskad70,KAIZN,24279349.498271,True,0.02014230241584402,True,0.016179069614491403,True,0.01667742522327168,True,0.020919150864825046,True,0.016955918063472426,True
pool1jezf7dcx26edfpxmpuh05yen64a9cj44xm2ggsapcxrtqewfek2,CURRY,1374650.639729,True,0.0035490860472538574,True,0.0,False,0.008390298744624398,True,0.017236161480259294,True,0.013296986164003707,True
pool1jf32ru0d9mcre5pp7yundjdfcz8qlhmw4f5cftgh8vkqy8scj09,DXB,37952.986516,True,0.0,False,0.0,False,0.0,False,0.0,False,0.0,False
pool1jg3fmnmc9n52sgzslhhvhye5e3xeqmrwkekdhh82sma47r47zg0,NUFI3,11498705.609,True,0.018936534268217127,True,0.014993422325043242,True,0.016040296678499003,True,0.020568426642721696,True,0.016625314699547807,True
pool1jgwu8lq3dqddnnx7prymcgcyrqy0fdlghg33he2hmw9t2gma3zd,KIWI,1902532.454538,True,0.008475275502486534,True,0.004499662710899584,True,0.010892089799852083,True,0.01843994125879484,True,0.01446432846720789,True
pool1jh4caf4afnjdgne8m95addh93e7zf6zlnx0pk5flcvylsps7nsp,,999.825743,True,0.0,False,0.0,False,0.0,False,0.0,False,0.0,False
pool1jh5p5627hzqxdzjutfenz83qs7p2qtha4kvst3hs0829sdc0ksm,PAO,29490.648646,True,0.0,False,0.0,False,0.0,False,0.0,False,0.0,False
pool1jhca0ycgclhc3ae860llt8fwtgvkw4p44m0khs2df5xawk4kx8t,BTPUL,5828.192999,True,0.0,False,0.0,False,0.0,False,0.0,False,0.0,False
pool1jhzf2mm6zdlhl6w89uhgx8nq8p6ykcc86qq58vjy0ejyxrrksfj,LOVE,22276868.484126,True,0.019949467033711213,True,0.016006304741716285,True,0.01654667243336818,True,0.020791804905992105,True,0.01684864261399718,True
pool1jj2hvts3ryffy5txm7w0am3zt7s7sehdf8rrwfesjmr7shv0mgl,FIDA,5769350.669008,True,0.017212962855259778,True,0.013193605437699991,True,0.0153231171808495,True,0.02053249586663989,True,0.016513138449080107,True
pool1jjry6f6q0swaq457ft9eclaxaskvrxnpj0v3w8edsyfryml3vj6,STACK,10648751.060977,True,0.018966928026652254,True,0.014985672933520981,True,0.01612775991915516,True,0.020747240092493766,True,0.016765984999362493,True
pool1jk25l2pejpdzq8vdjlxrr05th49v9tgd78fqrtxvuw3rumpfc6t,GROW,11571129.78762,True,0.018578425129615436,True,0.014712527212422909,True,0.01573247169637701,True,0.02016833858989683,True,0.016302440672704303,True
pool1jk9na2mu29wwap6pprs0c98j3rvh4jva95f5m3hxnwq86tk9c0l,富士山,4071.545199,True,0.0,False,0.0,False,0.0,False,0.0,False,0.0,False
pool1jkxwcqkaaacvd77rf9lrj3qsgvtktqh7cglu3awsy34h5eava4d,JITSU,763994.524742,True,0.005437465057076578,True,0.0013726092400417136,True,0.0013726092400417136,True,0.01451475524098456,True,0.010449899423949695,True
pool1jldj0znj8rltkuj4sumqq5z6p8sdt3yk4qde90q42daru5kgfl6,UPBIT,33115135.136113,True,0.0,True,0.0,True,0.0,True,0.0,True,0.0,True
pool1jldq2rf7y2ukm2t8ds8d9upzgdgv07jhkckl0mvedwhxx5nkugt,DEEZY,668504.0201,True,0.0,False,0.0,False,0.0,False,0.013019315260908796,True,0.009096976528309165,True
pool1jm8s3r3xq4kpawavy096rqle964exle3lxwnpvx62wjnwadwd5l,NARU,164311.112035,True,0.0,False,0.0,False,0.0,False,0.0,False,0.0,False
pool1jmw0strgchxurvgamymrexjn2lypxslexaz0q7la3078vnple57,ADAC0,17087.143254,True,0.0,False,0.0,False,0.0,False,0.0,False,0.0,False
pool1jmx55w5ydjkn4xd58gmr9xgt5t46ngs48aek779t92e7zcqfw97,AAATO,3778938.602191,True,0.014963164768988072,True,0.01093973261346041,True,0.014190883609371464,True,0.020031135439084715,True,0.016007703283557054,True
pool1jp3wtdhgpeu6qf53upw5rupaqwtl7pzvcuuyyn0f8u3xgx5755y,MARTE,0.065868,True,0.0,False,0.0,False,0.0,False,0.0,False,0.0,False
pool1jp67hct7n86tdkr7qxrfh3q0xl973rl6986aawxkrqz6wq4ymc9,69DN,160234.49454,True,0.0,False,0.0,False,0.0,False,0.0,False,0.0,False
pool1jpezycd8q3l6a255dv8wt7vpt4aay8llqakdn7vkum5swes4hu3,BOLT,150955.154215,True,0.0,False,0.0,False,0.0,False,0.0,False,0.0,False
pool1jphnr6n8v7hg4rhsmel2s6yunjalthar07vv7rwvgsky5q8k49h,BCHEF,812.165326,True,0.0,False,0.0,False,0.0,False,0.0,False,0.0,False
pool1jpz5m45ff4r6tnq7n5tw63fkhpmw3cyv8sn569w24x8lj3kl68c,ADP,3825716.383137,True,0.018253243963620488,True,0.01422929664616318,True,0.01422929664616318,True,0.020047849029030566,True,0.016023901711573262,True
pool1jq3s8emkm332n7vd3n57amjzspvt3hygh4wqsyp33psugvw7zc0,OWL,502.300231,True,0.0,False,0.0,False,0.0,False,0.0,False,0.0,False
pool1jq7083uth03spzhg5ag6gfgg24ux6fjuhng8vj2wdz8jkukqvcl,,22653.96907,True,0.0,False,0.0,False,0.0,False,0.0,False,0.0,False
pool1jq7r3evstu2c040vlry8tgvpwf0mfvft86cxecwjpwcuvvqfu2r,CCV3,29819532.779897,True,0.020222872163689256,True,0.016279734793420115,True,0.016683419857463615,True,0.020852145939992357,True,0.01690900856972322,True
pool1jqdvgk0csfnwftkzn6vyz7fq8s3606uu6k7wa9xrn0jpzg4r304,,4780.56692,True,0.0,False,0.0,False,0.0,False,0.0,False,0.0,False
pool1jqfk2y5wked4sjpx9sqxn6dmut8hq2n9qlreymqtpxuc5l38fl0,,1327.56167,True,0.0,False,0.0,False,0.0,False,0.0,False,0.0,False
pool1jql92je87mrx5gpjhmwr6a8a766cktcf5p0p8wd0wxq87nu80yf,DIGI5,2595332.237924,True,0.01623892988466993,True,0.012346374143263658,True,0.012346374143263658,True,0.01880415059233756,True,0.014911594850931284,True
pool1jqnywskl2n92fx65thtew8zlj3vqfrqxz7zyj70tt7d3qmn0m9t,BNP,64425.701712,True,0.0,False,0.0,False,0.0,False,0.0,False,0.0,False
pool1jqw9cv37w0eewvdr36w2kacd2w9wh5uwm2y3vmc0fmdfc0ax26l,LIX,538461.75556,True,0.0,False,0.0,False,0.0,False,0.011288118753533638,True,0.007307809121714278,True
pool1jqxp8hn0ywdrg3clzha9c2u7qh3zsh68u55wh50vdmecupc5rxs,,1729.297269,True,0.0,False,0.0,False,0.0,False,0.0,False,0.0,False
pool1jrsmda62uar63wrndmdg3jupdtmmtsxmnqt66r3mm33wj2fd2yh,,509.766415,True,0.0,False,0.0,False,0.0,False,0.0,False,0.0,False
pool1jrst9acplgqk95469zu68xv5xj802lqxe682jjsd39z26ddj8ur,8888,7.952568,True,0.0,False,0.0,False,0.0,False,0.0,False,0.0,False
pool1js3l2kgut64prz0q0a8px7qtyduclfm3h2kuvrl5gfzmy0waxyt,Gunda,1.293033,True,0.0,False,0.0,False,0.0,False,0.0,False,0.0,False
pool1js570lkcs6t3pwsj3eda0zz43mc5gm922ae5rdxcfn84gu5uyrg,ASSET,1605623.775754,True,0.006109208694839551,True,0.0021323973974837714,True,0.009706899085644701,True,0.01791652014991394,True,0.013939708852558162,True
pool1jsala5rdc0hjewcvu9dujcz8jpfxp7hadqr3r3hzs63skhhtpqs,BNP,45246.469228,True,0.0,False,0.0,False,0.0,False,0.0,False,0.0,False
pool1jslaut45plz6ek7grjyzxz6kzgerr7p5204h9sprh3msw6d8yht,,1034710.513268,True,0.0,False,0.0,False,0.005573227672531445,True,0.01623009054813957,True,0.012208561818616159,True
pool1jst7rrhucnp93hepezv5yqy6fx982xs2v0udwfc5ea6my3kfak7,ESTK,33963504.036896,True,0.019988119404026665,True,0.01608565810233772,True,0.016560238109821337,True,0.02065872158851438,True,0.01675626028682544,True
pool1jsxk3ymqv2gdc6mhqk52544g2aun4zhq5wgx6n32l5s3jlne70n,AKYO,2352849.572721,True,0.016078123752223217,True,0.012094361153089013,True,0.012094361153089013,True,0.01896666370768679,True,0.014982901108552587,True
pool1jt7d6ak3m8gnjyxtuxfswe258xzwda80ndl0a57vv5m2zv8h6at,CARDs,12252834.60776,True,0.01908505391784022,True,0.015137876911079913,True,0.016121331791991173,True,0.020618086526319544,True,0.016670909519559234,True
pool1ju00mkurj9t920staddyd3ln9r98kktx38jrer0zp82eg8x36jf,,114.848902,True,0.0,False,0.0,False,0.0,False,0.0,False,0.0,False
pool1ju8f57hyvaa32tp85r468kuedvmjmcy56f8u9968drea57p50l5,AICHI,71350410.441342,True,0.02123444236056894,True,0.01719486827566678,True,0.01736792894796875,True,0.02150421340856906,True,0.01746463932366691,True
pool1jufp9k6gmyusvch65ra8yk2s7wu6cx5fsgnltl83p93ejg6h3xg,FUND,13726138.481618,True,0.01908874159575874,True,0.015049056494781287,True,0.016777510570322812,True,0.021322436093381636,True,0.017282750992404183,True
pool1jv4yvr5edp7qp690hk3qfudwmw28n2wygjxyhaecqkzeqh0wlem,WEED,1777215.275589,True,0.014080512533457552,True,0.010186152220886178,True,0.010186152220886178,True,0.01781879347851535,True,0.013924433165943977,True
pool1jv9pf6w2fmjqpaekyt74tjkmjxhma8wsqs8ur3dte45tqdxe3t0,ICP1,104290.789486,True,0.0,False,0.0,False,0.0,False,0.0,False,0.0,False
pool1jvknf3dwtnqln5hcjrh5m7s979revuj5dlxr0337nwmm6p7250q,SQQQ,7268524.531946,True,0.0,True,0.0,True,0.0,True,0.0,True,0.0,True
pool1jwgt6tydz6f4kw7la2hxxqwzq0m8spj3reyju08nm07xjnlg3d0,,381.025852,True,0.0,False,0.0,False,0.0,False,0.0,False,0.0,False
pool1jwpt6qmmkvfusvwan4f9pfhn7pljsm33lcqf7ftya3mtc0fs2nz,,144.698748,True,0.0,False,0.0,False,0.0,False,0.0,False,0.0,False
pool1jx4ss2zjage3cw0wht3450328y82yeprmq4fr3e2qtac2rhezkv,ZZZ5,19863880.588346,True,0.01941353785589378,True,0.01555416334389222,True,0.016147677785723732,True,0.020338722132866433,True,0.016479347620864872,True
pool1jxv3my3c70e8pfr0cgm6esatehey2ml3v0qk8x236aw32eu0fcy,COINZ,882588.313149,True,0.0010001500038420103,True,0.0,False,0.0035310269663902136,True,0.015329877478790877,True,0.011310021881362455,True
pool1jyn6ynmz6qcpr48et0rkdk9j4vuyn6d0qdlsahc0jls8jrs708g,,11536.676262,True,0.0,False,0.0,False,0.0,False,0.0,False,0.0,False
pool1jyutduy73e5u9877uns3k9rm0tf4r24j8lrn4xtkjpl3q5sn5mw,KOALA,1501809.247922,True,0.01301477692160624,True,0.009071639543296857,True,0.009071639543296857,True,0.0174940075624535,True,0.013550870184144116,True
pool1jz4vmzq5zkedem6wep8c99fxatxgvymlvdzs9qxxn7xsuv4m8um,,6.001245,True,0.0,False,0.0,False,0.0,False,0.0,False,0.0,False
pool1jz5ljsnj4fzmk84j0wcw9ldy866dn07nzqg2ktyuyjvfvr3jgtq,DIGI4,30973280.350189,True,0.020061356684956125,True,0.01616962236085286,True,0.016554263569833725,True,0.02066094445189689,True,0.016769210127793623,True
pool1jzk8rwf2fs5l02dmm6pm5tnw9stmd8jpmvsy54085vu2u2656re,ETO11,50000242.227199,True,0.0,True,0.0,True,0.0,True,0.0,True,0.0,True
pool1k0d5szkmzsw6035ytsm8dv75d4ewu5gkm7c7dhsjug9uvkaunz3,,96.634341,True,0.0,False,0.0,False,0.0,False,0.0,False,0.0,False
pool1k0h45kcsfynjfyplgn6qpaw40n3cvlcrdryez04x40ayq6w9dgh,,7.054091,True,0.0,False,0.0,False,0.0,False,0.0,False,0.0,False
pool1k0ucs0fau2vhr3p7qh7mnpfgrllwwda7petxjz2gzzaxkyp8f88,POLY,69110361.740577,True,0.021390551970032725,True,0.01741390241177315,True,0.01741390241177315,True,0.021489995596529688,True,0.017513346038270112,True
pool1k0uv5fhsr74we0w7gfkv6m7r9rfpvgz2u7v66ppe0vxsvj0pzvt,,1367.097607,True,0.0,False,0.0,False,0.0,False,0.0,False,0.0,False
pool1k0xa8wlsntmjhtw2shj3tspqd4kjyquw9tuyx5s7zz5jsyw4y2p,WMOPS,6181736.513282,True,0.01968539689383651,True,0.015627970108252322,True,0.015627970108252322,True,0.02080724995002866,True,0.01674982316444447,True
pool1k0xrqp03mn9u3q3sadndd6vu9udl5v38xpzyw0shm8sskuxw2av,JP2,36222079.108682,True,0.019949614709887563,True,0.016090243029124707,True,0.016415721308950287,True,0.02045697791079215,True,0.01659760623002929,True
pool1k2224hj6uhdgkflj6ncqvmfhqvhlhj0t8crhqux5mphwwumupec,UPBIT,35864351.698487,True,0.0,True,0.0,True,0.0,True,0.0,True,0.0,True
pool1k26f25u5uqvhxuj20x3p72kx5gx4lc658f55kr328y5xzh0x4et,BICKS,25378.110549,True,0.0,False,0.0,False,0.0,False,0.0,False,0.0,False
pool1k2cj852umvq5f527x9u7p58mnletdzx29gr4e4npv4nc6m3hch9,,921332.464717,True,0.0,False,0.0,False,0.00416063853739666,True,0.01574722090376009,True,0.011687780221403399,True
pool1k2qhlrrweu8fecd4hx4hn22lv00nrd3rjdxj6durax7m78q7ynu,,14692412.478449,True,0.00019991312886003123,True,0.00015926196596717802,True,0.00016770850258477103,True,0.00021307978888157326,True,0.00017242862598872006,True
pool1k2rhjxppp87k488zfeu9t24hl4jgjrjcqxwfg4q7jcu6wvkfwpn,,1.289969,True,0.0,False,0.0,False,0.0,False,0.0,False,0.0,False
pool1k2yfr7tapqzfgdn7vq2u44225rtqxctelr6dp0xjqggrwnx9hnw,BPP,85424.34872,True,0.0,False,0.0,False,0.0,False,0.0,False,0.0,False
pool1k3mtxd2duy4848gx8knvlsas7w77f3k2cplwk6hjul72646fjte,QUACK,14420.188426,True,0.0,False,0.0,False,0.0,False,0.0,False,0.0,False
pool1k3nkfa5ugavrpd9nwd3s6yyx454qxnquxwmux4rzfunl7q0z38t,KILN9,40549675.566282,True,0.020015112861933533,True,0.01615325736835817,True,0.01644399952191077,True,0.02046832857188317,True,0.016606473078307808,True
pool1k3wpsc8q8za2qeptx5kv73r76hs5gvp59gga6ad6u5hnj3scy3q,CPU,30645.771776,True,0.0,False,0.0,False,0.0,False,0.0,False,0.0,False
pool1k5a5e3ylva34qpmwdywv7fn75wt3gzv423e9uw2vmw5rqjc2q7t,MAXC,70154.585652,True,0.0,False,0.0,False,0.0,False,0.0,False,0.0,False
pool1k633phcvz2hjhj45evwwau4w576jpq83acg5h84w23jauqu56cw,NORTH,76296499.045325,True,0.02135614934026823,True,0.01729155739215983,True,0.0174542122997281,True,0.021609699637359946,True,0.01754510768925155,True
pool1k65vmd0uyy0k5eylunwakd99m9j0n2hfynkxzd9472276m32p50,FM2,244.251759,True,0.0,False,0.0,False,0.0,False,0.0,False,0.0,False
pool1k6altfangsst2mmxg8a9wvg3dppyszu8ckfzd3uv6azgw3z2txy,ELITE,1370499.612187,True,0.0035901928123097935,True,0.0,False,0.008592516277757058,True,0.017705483198368246,True,0.013652714718042165,True
pool1k6knum588fm9fe5tmljeytyx65rv6h5jn8au824t86zt62nyd9e,ZONE,380134.821383,True,0.0,False,0.0,False,0.0,False,0.007205057126696284,True,0.0031805920003038167,True
pool1k6u3rdl30ruf85q3jpzcfyq4ta0umrxdlt30rcpxqqasumcnkgu,,1008.611006,True,0.0,False,0.0,False,0.0,False,0.0,False,0.0,False
pool1k7asvr2vd28jxw25fsh9pxckt5ykadhn8ua4x88vu39dzquvqvh,PRIZE,499.489389,True,0.0,False,0.0,False,0.0,False,0.0,False,0.0,False
pool1k7ku4sqvepztwqfvqj7wjadcsw96mancwyf8spty9tm0jfnwls9,,240.722383,True,0.0,False,0.0,False,0.0,False,0.0,False,0.0,False
pool1k7zrx5rw6cvef9m5qtp9sy4e53u93kwqx73ykz7md9gmwgf56yk,TREFI,10662851.655882,True,0.01915938439170225,True,0.01513491978440821,True,0.01628713500754907,True,0.020955484592480648,True,0.01693101998518661,True
pool1k8dm3fwajc6c8s32accfwqw8dqawl6k243z43cf74uxu7457z6l,,39364368.335038,True,0.0,True,0.0,True,0.0,True,0.0,True,0.0,True
pool1k8l84smxjczp2mpqmn7qsd23j7h4vd7rwagdscsrjecvgplkmw8,,1.0,True,0.0,False,0.0,False,0.0,False,0.0,False,0.0,False
pool1k8mxlherc4vmfk9pmxs0rk27qmu3sqy0gsdck4gwduz57xsepak,LOFI,2239.710944,True,0.0,False,0.0,False,0.0,False,0.0,False,0.0,False
pool1k8s63hvxl5un403f0lwqm87f7svwn2j7vpeflgupvkhqkjpknut,,2141646.986382,True,0.014932861452137385,True,0.011111657068802724,True,0.011111657068802724,True,0.01797673378098124,True,0.014155529397646577,True
pool1k8w7ylxa542hwymnwmuumpnudz7j9ae582wqecxv9n24zu8fptq,DAO,14834.495919,True,0.0,False,0.0,False,0.0,False,0.0,False,0.0,False
pool1k93a7tazk6uhy0pe26pau9hthyn9kmtdcdl9er5kw9w82fl5j2w,LIFE,306.685167,True,0.0,False,0.0,False,0.0,False,0.0,False,0.0,False
pool1k99yncea8tq9pfeks3yymyj6fwjf4apx0s490j09m4y66vtyufr,PUMP,1809472.213659,True,0.00796449352390628,True,0.003899739869145084,True,0.010758093319572093,True,0.018655456255454263,True,0.014590702600693069,True
pool1k9xjmvud972vng83669mkveaedteaprnfflqv047y66ugtqjyyq,,1167.085052,True,0.0,False,0.0,False,0.0,False,0.0,False,0.0,False
pool1ka8q6my2a5fennpr2nmrj5yzma27d2fkev8lmpfq90kxzjszwgm,,366.625702,True,0.0,False,0.0,False,0.0,False,0.0,False,0.0,False
pool1kccqxg032r6dcqqpvmv87azttcug5ug6cur9pa7qkuwc5ze4pxa,HUDO,29017.70999,True,0.0,False,0.0,False,0.0,False,0.0,False,0.0,False
pool1kcrpxr6rqyqu0zlpdflma4565qrxtz4u4whcqhsan6335g5uext,GLOBA,32.479113,True,0.0,False,0.0,False,0.0,False,0.0,False,0.0,False
pool1kcrr7re05pwesye0zh00a4xxnsrw5c29rd82fn4qecdcqu5rue3,4WARD,439538.566146,True,0.0,False,0.0,False,0.0,False,0.009233562795814457,True,0.005174188652886147,True
pool1kcvaxe4q4npwt28qlr3h84htjf4qrqglqk3cr2484ptycr0ldut,RRC,55591953.86676,True,0.02017244508537563,True,0.016310584610554575,True,0.016522656667389574,True,0.020503027997500773,True,0.016641167522679717,True
pool1kcwfpv65agclgu9p6eetn6x4q0zexzgr5v2cl9255qlwjjqr56v,,1.77386,True,0.0,False,0.0,False,0.0,False,0.0,False,0.0,False
pool1kdfznpenxa9wwcz8tweump45k5h78h8hl4slv78fdypsug9ypc6,DOW,357360.789813,True,0.0,False,0.0,False,0.0,False,0.006265372856926129,True,0.0022617354031921194,True
pool1kdhhrsl8av6gzr7vrf5q06pwlrsr8646wkjkg0h550tw6vxf8mv,VIVA,32094.476337,True,0.0,False,0.0,False,0.0,False,0.0,False,0.0,False
pool1kdr3lv2e7h5tx3gp3fwrpxhaj8cxh7v422uwj84enqxf6j5flj7,REYTS,400.299099,True,0.0,False,0.0,False,0.0,False,0.0,False,0.0,False
pool1keasvddt9vndl8jyhg204s6kqusv5zgzg3kk3l3g949ew402ahe,UPSTR,261145.155441,True,0.0,False,0.0,False,0.0,False,0.0007092904509721096,True,0.0,False
pool1kez2gdqpwq2d3xd5k5q4enea59sp8tmgqsyt0rtmgxvuyykz8qg,CSPS1,561.645229,True,0.0,False,0.0,False,0.0,False,0.0,False,0.0,False
pool1kf0c6a38vy9t7muc2jpfefdc0y6ey8386ujtn6rtly25y5yxwqf,FGMTC,1026353.314341,True,0.008630340687112718,True,0.004971736026756022,True,0.004971736026756022,True,0.01471157987910338,True,0.011052975218746684,True
pool1kffetqjt06qvk4995tz3e3q9h3c8cdq9eedrz8qr3ynnc63qckz,LUNA,768545.594961,True,0.0,False,0.0,False,0.0014535745992139974,True,0.014411290011987408,True,0.010386876728606071,True
pool1kftku3r6truhvjm75gsh9pm33zfv7nuwas88m5sxqqknyyj82gf,NORBY,4406.979749,True,0.0,False,0.0,False,0.0,False,0.0,False,0.0,False
pool1kfu02878dsz2l2pml9r42fvh32l4zn3msjvgfx077q3yx2xgul8,WOMEN,10738.508606,True,0.0,False,0.0,False,0.0,False,0.0,False,0.0,False
pool1khwvcz8jz9auk53k698ywgr6ams27hrz20vnwqx2d4xggscp93f,CBUS,1252857.377449,True,0.0015569182999536034,True,0.0,False,0.007597785592033936,True,0.01705297583168195,True,0.013050102130975391,True
pool1khyv2zj3asyhz76a4r2ky42sdxn3gqu3lcyw3sj74trmwhlc5ud,PALMA,764030.001311,True,0.0,False,0.0,False,0.0013790610181208716,True,0.014518594170244961,True,0.010455929711889736,True
pool1kjd9ff9u5ytq4atavv2dfsg3pvxqw8d50642pzmpn386zel0ka8,HASH,433160.211263,True,0.0,False,0.0,False,0.0,False,0.008821277199442154,True,0.004861755040128005,True
pool1kjhpg98jhm08usqg4sh5x9esa595apyw75qczyjp3z24g0cdate,,12059156.057595,True,0.019412442923967824,True,0.015591238540822434,True,0.015591238540822434,True,0.01995301972460507,True,0.01613181534145968,True
pool1kkfkdces5mdcyc9dn2hgg3463jggjvw3h89nejjarkz25uavaqu,1PCT9,16408785.271812,True,0.019970478514594363,True,0.01594860264748495,True,0.016697341801327467,True,0.021137630724995925,True,0.01711575485788652,True
pool1kkmk9dnzrrjtnsejttydecmq63x4dpkln70yfledaednj7mf7rk,LUM,548135.583956,True,0.0,False,0.0,False,0.0,False,0.011414104059729806,True,0.007445839539824747,True
pool1kkqc725ffjcarn2ycawan340fkf476276c5yxy9nw3u5x3xluyg,,201.640658,True,0.0,False,0.0,False,0.0,False,0.0,False,0.0,False
pool1kks6sgxvx7p6fe3hhnne68xzwa9jg8qgy50yt3w3lrelvns7390,lido,630859.941025,True,0.0,False,0.0,False,0.0,False,0.012742032508434241,True,0.008758269849686572,True
pool1kkwd6say8twq3z9e36v57adw02j2x52ascd6eumxy5zd66qm4fa,NDE,11271.452921,True,0.0,False,0.0,False,0.0,False,0.0,False,0.0,False
pool1kl2vuauwfc5k0avf874ym5tcm04ywa22frleszhujeccj4va3lt,,70092705.538052,True,0.020260191854714272,True,0.01639833137989322,True,0.016566530052058895,True,0.020522383902501943,True,0.01666052342768089,True
pool1kl7qlqtzxamrj8qwutn6ww0ksw3m7chwuewztqr6uu6yz0nuqtn,,7065.623281,True,0.0,False,0.0,False,0.0,False,0.0,False,0.0,False
pool1kllc67fn00yqpffw8e9dqnlcaa733h9u5nwx97vhtjlw2t5e56j,KEEN,9.892022,True,0.0,False,0.0,False,0.0,False,0.0,False,0.0,False
pool1klq8yy3rr6k4ez7uwkzz5ku3yuym3eeg6g2ne3p9f4hnzfycfkl,,47.868172,True,0.0,False,0.0,False,0.0,False,0.0,False,0.0,False
pool1km88m74x0l6gax9whuw9v86ftejwztxyg4arfh5cartjv8eqsze,,100.380823,True,0.0,False,0.0,False,0.0,False,0.0,False,0.0,False
pool1kmmahq4upmm5j8fkh3xa9vd7gdffkp8pd4axucfh4w4dw549yqe,,77026458.26547,True,0.0,True,0.0,True,0.0,True,0.0,True,0.0,True
pool1kmsr376syqkluhxvv8k2axugqw7unjmlkwhfxjxtj7cw7qcn0jn,CRDN3,15509410.949401,True,0.019686874783227865,True,0.015708172870118213,True,0.016492329021481893,True,0.020909235842706538,True,0.01693053392959689,True
pool1kn059wyuuff0srprtvufv327th542l4c25e5hhcmwlsjymwr32d,,504.68367,True,0.0,False,0.0,False,0.0,False,0.0,False,0.0,False
pool1knwd92dnngrypyvj3egguuxtl8g8elxarlvaqsyjewvh7sjla2g,,14144.899478,True,0.0,False,0.0,False,0.0,False,0.0,False,0.0,False
pool1kprt6l4quz03dhqx8jw22spdjvp5dkshdnn567vlexqkj35hd8a,BDRK,3231201.559999,True,0.01784202549596325,True,0.013778210342884754,True,0.013778210342884754,True,0.019988285910619075,True,0.01592447075754058,True
pool1kqpy3de52m07versalrkqd57w2qh5cze3wupwrgx39m5gvtkjct,,2249.499805,True,0.0,False,0.0,False,0.0,False,0.0,False,0.0,False
pool1kqxgjf0zl60g88fxl3l8tpwu52pq78es33kqyaahgr2a7xh9g9t,RUGWA,294.768139,True,0.0,False,0.0,False,0.0,False,0.0,False,0.0,False
pool1krznhwu3h5pu2stuslr53z5rme50t6384macsmylcnljwc7yjky,LEAF,54453895.984252,True,0.021250641945742974,True,0.017233956918392145,True,0.017233956918392145,True,0.021376723833473936,True,0.017360038806123107,True
pool1ks49mpnl7mhh4eqa7ff3krhqa8nnx7gx04cawe46qnjeufawr5z,MOGA,8516.465074,True,0.0,False,0.0,False,0.0,False,0.0,False,0.0,False
pool1ksfzungz56vxa9sy6hr54v5hf6qx8rmcu6734gqm3qlxucveed6,EUSKL,291396.849734,True,0.0,False,0.0,False,0.0,False,0.0028922226646085547,True,0.0,False
pool1ksh2u6kktx74ugv8jadrdqttwyjz9074ke82xt6j0qgfvdn43a5,MILKY,841404.600631,True,0.0,False,0.0,False,0.002837828324185947,True,0.015021990187418259,True,0.010997576909885618,True
pool1ksh2zpeeqe0rpcug63up5l66g3kr5vf58jraeun82rur6m4g6xz,TRUST,206813.081641,True,0.0,False,0.0,False,0.0,False,0.0,False,0.0,False
pool1ksrg8a964464las0ymw88slrwxkychjz9lh09lqltu5m7nw3pq0,QUEEN,53894723.113098,True,0.02112831308162293,True,0.017091766789587775,True,0.017266635839016282,True,0.02143097105178765,True,0.0173944247597525,True
pool1kterawv22xya864tqjy9pq2ftmuptlggywtqt3p7adexg7qyl6u,INDIE,207263.261787,True,0.0,False,0.0,False,0.0,False,0.0,False,0.0,False
pool1ktg9hvae8kluwnr29khma3mxd7ffjj9k5l0yjdqlmazjclv4j3d,,2.618354,True,0.0,False,0.0,False,0.0,False,0.0,False,0.0,False
pool1ktqaf79utweyenk6e7289ta5p5993g32emn8355rxmp0kgh2r0m,UPBIT,29565516.907554,True,0.0,True,0.0,True,0.0,True,0.0,True,0.0,True
pool1kv53mzjwqjp4aw48rczj8vm6hejwfnfwa634czyx5tw5qq3tata,GRC1,871324.496134,True,0.007367177368192123,True,0.003344975450820119,True,0.003344975450820119,True,0.015246733182888444,True,0.011224531265516438,True
pool1kvd03hq8kp0hnxq9lq598a5amrvauj9m386rwx7ydawvjdskwnh,CAKE,2434656.159576,True,0.016583433141009518,True,0.012518343063622553,True,0.012518343063622553,True,0.01943188464522839,True,0.015366794567841426,True
pool1kveecu8hx4dk8pe9rmv4q4tjwr9xmq30nacu2pafeljhypcn4wt,,295.168564,True,0.0,False,0.0,False,0.0,False,0.0,False,0.0,False
pool1kx0jm9ycs3t99tnwafw6w72jkdlzhj5ltxe2nrzkd9x2u5x343h,EMUR6,10880200.917663,True,0.020231957345156783,True,0.016227843623047286,True,0.016227843623047286,True,0.020859792718022976,True,0.016855678995913472,True
pool1kxedw6c34730h344lz0s0z6848005qrs096l8l2whcwly3rcl27,,805.254475,True,0.0,False,0.0,False,0.0,False,0.0,False,0.0,False
pool1kxfg47ms0mlszthp5j8uqpmqp6575j0nfusqne5sd7ggy3ntlsz,WAVE,5081.345635,True,0.0,False,0.0,False,0.0,False,0.0,False,0.0,False
pool1kxtzkv3ylyc48hgjqkwe93q2vkx67vgzag9tvqfalhwsjs43w9u,ADAAT,433703.117971,True,0.0,False,0.0,False,0.0,False,0.00901994983532834,True,0.004980444347204525,True
pool1kxzfswkhgcmyahh6lfjpy5uxh75qzsnlyprh3450av9jghsda89,,45.354204,True,0.0,False,0.0,False,0.0,False,0.0,False,0.0,False
pool1kyn4xguhrd600j4y9kvksptzjk8k4hz5rdcrxx3qw3jksuwjnwz,,2342.381143,True,0.0,False,0.0,False,0.0,False,0.0,False,0.0,False
pool1kz0gh586tn9fh77fgc7em9tl6d82e3ly5quwsvvfevvszt64g8d,,2568.212709,True,0.0,False,0.0,False,0.0,False,0.0,False,0.0,False
pool1kzf7zw2y05e7lyd7ht0nluh39fzmurm2wuvshvut6l6twu0el44,キティ,10549.056753,True,0.0,False,0.0,False,0.0,False,0.0,False,0.0,False
pool1l0erdjregched3dj828q93rfa2f4w4p62nr248xshj5huq6zuvp,CF3,76301553.670411,True,0.0,True,0.0,True,0.0,True,0.0,True,0.0,True
pool1l0m820vyqh5pp2yzpw973qzz23neqqd977u0uczh9fs9zqvg0je,WPBJ2,75718148.308149,True,0.024463587081176522,True,0.02303912200239606,True,0.023196463409524973,True,0.024708854568759826,True,0.023284389489979365,True
pool1l0pmgdsymmdntuyan4snj88q8nm9axemwefu5ymkuq2s6gr90cn,SWIM2,1409867.117824,True,0.004014982371714728,True,1.0842826768689484e-05,True,0.008681057094100768,True,0.017530316376673554,True,0.013526176831727514,True
pool1l3rf0h8s6fdw8g4vy8qg7fw3wwj8jdm3hg0wwwycnvj8xcl2ps8,WALL,3893.026529,True,0.0,False,0.0,False,0.0,False,0.0,False,0.0,False
pool1l3u6jww4npkx2e0utcsmkhwjjgnp43w62exrqwzm8wudg0457e5,ACE,9157.678697,True,0.0,False,0.0,False,0.0,False,0.0,False,0.0,False
pool1l3wdq3cec23jadkt2cx384vtgd75ncau33smrptwj87n2wedc0d,PIVT,4959252.635322,True,0.0,True,0.0,True,0.0,True,0.0,True,0.0,True
pool1l40jtd7he9dv272md7jxp9yctj5glc598r6d3f5xv93qkx3e5z5,,2317.175115,True,0.0,False,0.0,False,0.0,False,0.0,False,0.0,False
pool1l4synes9s3swlf5r5rsfpede3582r4km2wd94xctceyaudv9zx3,STAYK,193279.644403,True,0.0,False,0.0,False,0.0,False,0.0,False,0.0,False
pool1l54esv8h5xjry9ms3jq4mnf49vwt3yuxl5fdudp7jpdx2swuaah,,19.453176,True,0.0,False,0.0,False,0.0,False,0.0,False,0.0,False
pool1l54qvzlg2jfalkcram9kxsa8vcmgy0fz845q5gptjq8k20kzg2r,RADAR,1978611.386375,True,0.009053001044277535,True,0.00503347124685195,True,0.011242825991599939,True,0.018732289322855276,True,0.014712759525429695,True
pool1l5jfc3zv4nue29uqh32fvz9khstd24azmxjltus3s90ckzw37p8,PLRS,58.273114,True,0.0,False,0.0,False,0.0,False,0.0,False,0.0,False
pool1l5ktcfhhsx66ms6ugguusytr0nnsy49t2684avev6dak55jc00t,,429.978956,True,0.0,False,0.0,False,0.0,False,0.0,False,0.0,False
pool1l5kwfudnqrhw3k4lwzcppu36nun9puvvr7xnanuz8a2zx4jaek5,ADOPT,2152783.119839,True,0.009725021530173817,True,0.005830652681617962,True,0.011353169042155538,True,0.018333649974541212,True,0.014439281125985358,True
pool1l5tmww2aqkhl3lfcrced6xpsd30pzx65p6v4e48v29g4jtlvf3d,,2.621434,True,0.0,False,0.0,False,0.0,False,0.0,False,0.0,False
pool1l6946mnu54f6v0we4xzra8kwm68ch7fphhxvgytd0m4lzk3pats,SMACH,420.094396,True,0.0,False,0.0,False,0.0,False,0.0,False,0.0,False
pool1l6aeyn35nkqkn9lqqlwqnpraakdzuukjrqprcrj3sctk6hhe32k,OYSTR,24845572.640775,True,0.02079003910998548,True,0.016826554499951324,True,0.016826554499951324,True,0.021063580802836074,True,0.017100096192801922,True
pool1l6hkustv67tynh66w46mys94wsxhwddgp28k3r5twwlsv80uw0k,CASCH,109493.092365,True,0.0,False,0.0,False,0.0,False,0.0,False,0.0,False
pool1l6vtae673eltsx86sk4xxr3fnn9tk8e99jkrdvcmjqlc6cca4nk,MUEN2,19081598.432756,True,2.0379891443058376e-06,True,1.6314775678115569e-06,True,1.696514048081969e-06,True,2.13936954002148e-06,True,1.7328579635271993e-06,True
pool1l7xwy6sswcpxcepf9m43sez4kwgrgxuw5ekhkavj3k2lv6njvec,BNP,32089286.639523,True,0.019642032257747286,True,0.01582082304439543,True,0.016195044513850277,True,0.02021940252490619,True,0.016398193311554333,True
pool1l8myd66tqjk75kh7uk9k8nyl20sd4qs33s4tzzn927ujyl7ahyk,KURD,908969.780217,True,0.007787007718179594,True,0.003843870334348172,True,0.003843870334348172,True,0.015187638791298507,True,0.011244501407467085,True
pool1l8pvaam6f2wj2ank46uywp32wwapqga8e8utve3mgzzuxksc3tq,COR,449364.485073,True,0.0,False,0.0,False,0.0,False,0.009264167176907576,True,0.005303703197999515,True
pool1l92vxagssugcsu4wyhvnjd0t6dlqjjfrxkt8v4qaucgmq8t3j3s,FGMTI,69999065.64124,True,0.0193529989159182,True,0.01569439425556151,True,0.01569439425556151,True,0.019442164391811678,True,0.015783559731454986,True
pool1l93nkg4n5jzdsd7k33g8vsavq4ne6ka82eddt9ysnu35vy6883j,LBF6,10106.658956,True,0.0,False,0.0,False,0.0,False,0.0,False,0.0,False
pool1la0t0gsskwejyfca5lchw5aqd5g8hknxdu6tuyqp0ttjxl6zt35,HUNNY,631891.132175,True,0.0020415773639989327,True,0.0,False,0.0,False,0.01301656917331487,True,0.00895171299757591,True
pool1la6wjq8uaqctd05zw58dczxp6csf2z66wf726kdfyr9l7hnr6jp,,1.763938,True,0.0,False,0.0,False,0.0,False,0.0,False,0.0,False
pool1lakvp73yzpuueyrhzr3sfyy0796gm53g95kapgnmsvv4k6apr5r,TRASI,31119.659249,True,0.0,False,0.0,False,0.0,False,0.0,False,0.0,False
pool1lakxjm7v0q03xddynffn6m2wfm27pms3z9enztwvu7k0297tcr7,ROS,1294199.433437,True,0.012093333160827438,True,0.008029249620691284,True,0.008029249620691284,True,0.017451858146101732,True,0.013387774605965578,True
pool1larpvn53yyufaf8fh89nrrpgruqcq8mgxrtdxp5y87cqse3yfg2,JP5,8684648.187501,True,0.01788553308162818,True,0.014026150499615345,True,0.01538366087257064,True,0.02000165219241143,True,0.016142269610398597,True
pool1lcl9j8zzqtcd4g2gf5zgexcqmnmjtvje707hupngymjhq43yk3s,,183.90648,True,0.0,False,0.0,False,0.0,False,0.0,False,0.0,False
pool1ld9hkah2dkzh73pvh9tf6xr0x28us34msv3zcv2sase5vhvq962,KOPI,15414088.392124,True,0.01990992495159996,True,0.015877381604678383,True,0.016676048362440736,True,0.021154905485758924,True,0.017122362138837346,True
pool1les50pm26wpf8gym7cda470xgfswukzhyykvhyfsfl4dcu2ezj4,SGTRS,8183613.177314,True,0.018088379502686745,True,0.014145267557721065,True,0.01561621929250858,True,0.02038133367750258,True,0.0164382217325369,True
pool1lev7ygxcqd4aw5em7wf7y64au4hv04yl5cew27lkjmgngj46vqk,TLK,70036654.425897,True,0.020259922632184582,True,0.016398062157363526,True,0.016566395440794045,True,0.020522324515179217,True,0.01666046404035816,True
pool1lfnlxfxxwvjadesxzm4c7grgs3elj70vfdnpjwjmg0ufsqnq52t,HISAI,25398188.857881,True,0.02063093168561783,True,0.016580048528401888,True,0.01706695588503266,True,0.02138993432977757,True,0.01733905117256162,True
pool1lfsslc99da8jhj5apzctsnfm76kjc6ndyc6hnynagcj8xexvjsr,BNP,32142260.190186,True,0.01964324814251344,True,0.015822038929161585,True,0.016195643645474177,True,0.02021966684768144,True,0.016398457634329587,True
pool1lfvzgsrghmugvpym868mh29288ez0nncz680mamzjygu2jpuwcd,NORTH,66777951.197536,True,0.02130977957252526,True,0.01724518761462088,True,0.01743102739822385,True,0.021599470999906365,True,0.017534879042001985,True
pool1lfxjjg2fmaea3dnvu6wpxylrtrzq0pkgjutjesuzwem4xymtqaj,FGMTH,561898.684879,True,0.0,False,0.0,False,0.0,False,0.010743183686365442,True,0.007084579026008753,True
pool1lfy5rdaps2m3n5ere4l55rw6q8jn4nwt3jf9yksj8q9h27kng2t,FENIX,12455201.65021,True,0.02028118783606628,True,0.016304013544524664,True,0.016304013544524664,True,0.02082684740793563,True,0.01684967311639401,True
pool1lg4pepngyq03jdkskr3689pv4a4djra9q8nkzu6hwtzezwanhyn,CDTRN,10551.383033,True,0.0,False,0.0,False,0.0,False,0.0,False,0.0,False
pool1lg4y9djpazcpaag230mawgx4w43vmld7xcd7rq35lpjvkn333nj,GRUNT,12421.419815,True,0.0,False,0.0,False,0.0,False,0.0,False,0.0,False
pool1lgves5hhdt5h6jzy7sf57l6gq9x3csf5w05ymv5zq7a9jfwn7kk,AdaPi,1036.427591,True,0.0,False,0.0,False,0.0,False,0.0,False,0.0,False
pool1lgzryt60tckrjspn7z0gxup6ms6srd2xmtl9y7wvt5fsxnd2qxh,,6971.108217,True,0.0,False,0.0,False,0.0,False,0.0,False,0.0,False
pool1lhvpgr8lhsf6h03v9zqxm74pa63rdxx4yuvkqfw4tv9fua8t37a,OSAKA,9114174.027358,True,0.018388749036385696,True,0.014445637092054573,True,0.01576640406050026,True,0.020447591663668677,True,0.01650447971933755,True
pool1lhwzsyhh7dmw9wuz7qxnml2z5ef5303lp7jxgss2qnat22sprgx,UNION,1699.164094,True,0.0,False,0.0,False,0.0,False,0.0,False,0.0,False
pool1lhz4gsk5ezdl5s4mv2kxgrkhzzhad6me2v0xmwuyt845vensdlc,SECUR,44239078.625301,True,0.020766225920154164,True,0.016828144303030267,True,0.016828144303030267,True,0.020918284918872838,True,0.01698020330174894,True
pool1lj9t0saaxejj6drmxefgejwuy47lx4ewwruwvn3uttyuw6f5389,ADBV,501.251536,True,0.0,False,0.0,False,0.0,False,0.0,False,0.0,False
pool1ljqjqskd4f4zekzddw204u5xtzhyz2cllq5v5dmn27zdwf9c70f,WPBJ3,75637906.629269,True,0.022891185669598288,True,0.02048417835625605,True,0.02064168668152467,True,0.023136713353105246,True,0.020729706039763013,True
pool1ljywsch33t7gaf02aeeqkqpuku0ngpwl9fm04t7u5sl5xyunmgp,AUTO,19791787.237272,True,0.021053600839864954,True,0.01698848979398259,True,0.01698848979398259,True,0.021403998705245196,True,0.017338887659362832,True
pool1lk0hu3njxgra3emgfa73268el89qzytecff0fzz982avvjsw3l6,IMPI,47550.955609,True,0.0,False,0.0,False,0.0,False,0.0,False,0.0,False
pool1lkcd3w5g6s6v3hf6kwt55dqpalrmq9h9f3ec033nnzhvgjgl860,FUND2,950974.813854,True,0.0,False,0.0,False,0.004598501483619045,True,0.015943532917656475,True,0.011891018487192083,True
pool1lkpj6fa4l0sy39qfvyl4pcsnnd22y8np8j98vzwula2kuxgers4,JOY,6279235.608842,True,0.01755475309626685,True,0.013532864470734374,True,0.015489456127002185,True,0.02060473420750785,True,0.016582845581975376,True
pool1ll5mu4rgne203spelzdgrse0v7yk9rfzkp243rtt60rgu8mh3q8,WAN,59069.597444,True,0.0,False,0.0,False,0.0,False,0.0,False,0.0,False
pool1llknxwa7zzugc52mnv3lpxgh7az8wnqylrxxfqhzzm9e2eufug3,,229.374109,True,0.0,False,0.0,False,0.0,False,0.0,False,0.0,False
pool1lllmq2jgcqrag5c77lpc5m34fsqn63leadyx9tzx842n66ly3ql,,267892.624193,True,0.0,False,0.0,False,0.0,False,0.0012485960492104277,True,0.0,False
pool1llwfa6erdh7k87j06y2z9999jcc84cnezwhg9e2sulrgwzrsug4,,4.613866,True,0.0,False,0.0,False,0.0,False,0.0,False,0.0,False
pool1llwt52flj60vwd2tv3z4qzynu9p2njvsm95cf603zemlua4f955,,123.042202,True,0.0,False,0.0,False,0.0,False,0.0,False,0.0,False
pool1llxh8l0h8g9ghz3nrzh7ndvev4x43vnk72nsemzm795vxqs6dp8,JP4,9838321.328894,True,0.018203907820229535,True,0.014344526919682469,True,0.015542851268509704,True,0.020071884011048462,True,0.016212503110501396,True
pool1lm89trd8cl36k8njlhgsemavry2jymnhddpvtk7fk7r7g4e3fep,BNP,60964.901339,True,0.0,False,0.0,False,0.0,False,0.0,False,0.0,False
pool1lmzhzkdvkh67a8hjcexlhajkk8f7kz2tf35frjut6creqs2kedg,HRDIB,2302877.639974,True,0.0,True,0.0,True,0.0,True,0.0,True,0.0,True
pool1lnk67xp7jsc2e3yyun3fpaqvkx0f3c8q0ml29ge85udeghn2gvn,WIRA,1007367.632547,True,0.0,False,0.0,False,0.005330980260478633,True,0.01626702465931049,True,0.012215259421270946,True
pool1lnr8t7pxvq3vfg8c5lc7yjcq39haws4ntu28xpxzx4zyya9ntny,KKS,34802274.695681,True,0.02032825179640255,True,0.01638508899579579,True,0.016741150492015685,True,0.02087760381914182,True,0.016934441018535057,True
pool1lp9pugfvyrjt8rqj5v02yvucchzj27tlru9kwl7nj0fh2mjc5d3,,2112.667281,True,0.0,False,0.0,False,0.0,False,0.0,False,0.0,False
pool1lp9wmr8dkcceta5we999nvlfh9um06cd6sggtt5523eawf7mtg4,YYG,10551782.199983,True,0.02029955346337379,True,0.016275140242615928,True,0.016275140242615928,True,0.02095021605950007,True,0.016925802838742208,True
pool1lptznmldt230m0ugku9ygx0jucm74y7sgmac4mu5x2x9jznr84r,HST,16638.426514,True,0.0,False,0.0,False,0.0,False,0.0,False,0.0,False
pool1lpw2wnj2vrc75fv7f4jnfzgkqvlrxlampz5nmduwve47xgnckns,BNP,73462.825617,True,0.0,False,0.0,False,0.0,False,0.0,False,0.0,False
pool1lq60ecvs6ake3ntq45sv38v0xq3traf3tvc60vx7263n5c37df7,,10.277188,True,0.0,False,0.0,False,0.0,False,0.0,False,0.0,False
pool1lq7t0qg273vp8t2wzmeyj7sdq2vhu2v87jjplgurpfxcs9afnr3,,7237074.786452,True,0.0,False,0.0,False,0.0,False,0.0,False,0.0,False
pool1lqeg5d3jpwr3nvra568nk28sr8lttyr6cf4yyssdx6qtxea9nmr,,377689.59473,True,0.0,False,0.0,False,0.0,False,0.0,False,0.0,False
pool1lqpymyzg9glc88r7urptuv0d8t2tu9ty7xtshvxmgpu0j4lp8p3,VINCE,6501245.339774,True,0.01959407005911625,True,0.015582125213711396,True,0.015582125213711396,True,0.020650121575584428,True,0.016638176730179574,True
pool1lqucyxuvjktfmpf7fd28j54cfgamyrxed344vnwlm9wqkwjeqwk,SPS3,11794614.704944,True,0.018597536188301064,True,0.014735725522414702,True,0.015735291874934734,True,0.020155683737817585,True,0.016293873071931222,True
pool1lr02c9krwmtzr29e9h2w5e7crr9elss7qfflkr42j0ke6de4vh7,nmk,32634.679791,True,0.0,False,0.0,False,0.0,False,0.0,False,0.0,False
pool1lr54356svvdz4yeqrq69wn6la2025l9r65pm26xxl466gxqqs83,,525.372401,True,0.0,False,0.0,False,0.0,False,0.0,False,0.0,False
pool1lr5ku0p3jhykdf3a2kcr0tyra30qvzrtl02dr6uyv98rxdsy3k9,STAKE,788736.194132,True,0.0,False,0.0,False,0.00188281875828071,True,0.014739964212633728,True,0.010675365685370738,True
pool1lr9vvcf5r5jgkgv5ly7z2lh068ymzg4xmqk5f8pu2k23vt25x7a,HYGGE,222759.542392,True,0.0,False,0.0,False,0.0,False,0.0,False,0.0,False
pool1lrgpe8s7yskeqwvgu4t6tmkmh8eqwu0xj56yvufpxcn2kjgn7ss,HUB01,9199.194224,True,0.0,False,0.0,False,0.0,False,0.0,False,0.0,False
pool1lrnyqdlrj97d0ju5j6d9xa8prw0xeyumfd53rz5wk3gf7czqzjz,TYGAR,1551155.806234,True,0.005630632975020855,True,0.001611030879787738,True,0.009531511820918036,True,0.017977265030312203,True,0.013957662935079086,True
pool1ls80gx9sen3qc7s6c7u2ajw6hk8faqanljugcg5tfukp6qscetv,LGBTQ,142163.71662,True,0.0,False,0.0,False,0.0,False,0.0,False,0.0,False
pool1lskcfz80qg2kr2p6776kl9emjn8ulkqsqse7um7skz4y2lwa0cu,CERO,17358178.979861,True,0.020251585289627325,True,0.016186993108171052,True,0.016901929854381475,True,0.02136604551166122,True,0.017301453330204948,True
pool1lssudmnyy4vlzrvpmw4539xwklnx0lm2murc9t7n25u9sg2ce3n,PREV,6.0,True,0.0,False,0.0,False,0.0,False,0.0,False,0.0,False
pool1lu0gwsvugl2cgx6gzk9zqdjwutd5szp293wpvwj4fvq4jleg8ww,WBFL,20893353.15236,True,0.020291247907551137,True,0.01626680349291368,True,0.01685137361485317,True,0.02120442253590632,True,0.017179978121268865,True
pool1lu2luhmkyayq9njh848kfknn6evwzmn3gzsxar7z3sttg7grxcm,PPTG1,95774417.551118,False,0.01659937084396553,False,0.013440368184028521,False,0.013564760483189634,False,0.0167932764867755,False,0.013634273826838492,False
pool1lugxr82p89qm35spzwccle405t5dfdznhrasyrtr2cyv2vyfud6,KISSA,264393.801532,True,0.0,False,0.0,False,0.0,False,0.0009485594551087472,True,0.0,False
pool1luhm55xxqp0cv7a43rcfrr8m6m74kfe7wdvqdgfzt483x29lr0t,CF5,35000041.522467,True,0.0,True,0.0,True,0.0,True,0.0,True,0.0,True
pool1lum6jezln4dtxsvjgagnd06uavwps9ntks9rk93h7spzkgyzu9w,LOTTO,6945.505531,True,0.0,False,0.0,False,0.0,False,0.0,False,0.0,False
pool1lunsvxzwgxjqf622gq72n6jhclq5juy0mqh9v4ktufdrzulfncr,DERP,3140.93108,True,0.0,False,0.0,False,0.0,False,0.0,False,0.0,False
pool1luwt2c73ng94v20qv75dcyduml727s39w3yr8xvx6eue6ae58h2,QSTKE,3841.060475,True,0.0,False,0.0,False,0.0,False,0.0,False,0.0,False
pool1luyjjta9jja0nvh4wzqt4jvtesrlt893dj4c7x533dvfq9zshvp,RXR,191624.553797,True,0.0,False,0.0,False,0.0,False,0.0,False,0.0,False
pool1lv7v8r8ge22agkuv2astu503d42v749p6rp3sg8l6twuwqm525c,,5341.73636,True,0.0,False,0.0,False,0.0,False,0.0,False,0.0,False
pool1lvgs6gdcgl3lgcc77wxmuyst8x4h9gxcth07pzry0rfsv5ntl3r,BNP,32187119.774565,True,0.019644274660411208,True,0.01582306544705935,True,0.016196149465887568,True,0.020219890003746174,True,0.016398680790394318,True
pool1lvl6pfge9lgjuanu3556x29zglf6s3fw2lf2m823x9duj9gz6tu,LBF5,569.613562,True,0.0,False,0.0,False,0.0,False,0.0,False,0.0,False
pool1lvsa8e0dw6z8g2fkw7prnfa7627wuy5jjexaadck6w5sxw5xkvm,DIGI2,32958941.749797,True,0.020107710511668122,True,0.01621598071349402,True,0.01657744862986222,True,0.02067117520483032,True,0.016779445406656213,True
pool1lwp52dj9762g7uk2jk3czwywxqaa4753v7x2v56qr5l2znkky4h,PMP,1000.713424,True,0.0,False,0.0,False,0.0,False,0.0,False,0.0,False
pool1lx7hdfz430vmrwhkrdgxu8c0xclffltavmkejpqzzz4ax0lnfvd,,1046970.618957,True,0.0,False,0.0,False,0.005762394408525456,True,0.016451330916891837,True,0.012386267012427846,True
pool1lxhlu48gq0606mj6k20mh56zz804zf7narxvmty4pd3mgee65e5,ORPH,226848.173372,True,0.0,False,0.0,False,0.0,False,0.0,False,0.0,False
pool1lxqewhueg4hzyad766zhdwsjet5348ww8mzejf6fprxaw8wfq5s,YOON,8809220.605439,True,0.018493994436463976,True,0.014515267323658687,True,0.015895843488647792,True,0.020646069046594055,True,0.016667341933788767,True
pool1lyh8e725vttnkr5eylgfap7pmnmkrk0wznpkfl8qxahyqe2agcu,ETO14,19232.364293,True,0.0,False,0.0,False,0.0,False,0.0,False,0.0,False
pool1lyvg6ukqpumsr6wz0jvh7xutcgdtcyyde4wkvptzyl8rql4n3c6,FLAIR,552693.233724,True,0.0,False,0.0,False,0.0,False,0.011777552902273688,True,0.007714293097370765,True
pool1lyxxsvl8tulypzj6rql4yaw9rsh6q6237fmfmj76a4mfsrz40gk,BOX,10589.719757,True,0.0,False,0.0,False,0.0,False,0.0,False,0.0,False
pool1lz95nzjjmr6449lk0avhplw9678m6kxghvxzg2yfcmy3vl0k6jl,,103.230899,True,0.0,False,0.0,False,0.0,False,0.0,False,0.0,False
pool1lzg07gaddygem6f5ch60yv0l0g2529af87hqgw6gkqdmsfs39z9,COSMV,122.084935,True,0.0,False,0.0,False,0.0,False,0.0,False,0.0,False
pool1lzupr43772kfux007sdt02vlx7uzmfcplrwmxntdztxmwv9myrj,CRCI,480521.055956,True,0.0,False,0.0,False,0.0,False,0.010085137778763539,True,0.006103907505881416,True
pool1m06dl8dfcy6d0475fanf0mtnnp2tzhw8rarums042q3jux23q0j,BTCS,36165712.0605,True,0.0,True,0.0,True,0.0,True,0.0,True,0.0,True
pool1m0drnjxsvnlesq0rwmur2rh6lenuql57jfzd6cf6aegj2cv7ugy,EMUR1,60196587.330888,True,0.021152386726211232,True,0.017148273005073964,True,0.017148273005073964,True,0.021265864504651583,True,0.01726175078351432,True
pool1m2tgjxn880a3v6w4v3uf3kz9kduhvtr97slmpwnppd6r63230sm,,1.044631,True,0.0,False,0.0,False,0.0,False,0.0,False,0.0,False
pool1m3gg43uhtetn4hmw79u8836dyq8qe4cex8qnn6mks5egza7n6tp,ULTRA,2146583.31413,True,0.0,True,0.0,True,0.0,True,0.0,True,0.0,True
pool1m3h5p82m6v99nda37rmed8vrkqt43e2a8d89k76gw5ets0gdyag,BANK,3174193.184991,True,0.013238350178775128,True,0.009356663356406933,True,0.013090383804185413,True,0.01905856146501805,True,0.015176874642649857,True
pool1m3tqw6s5dphrlkxyr97faxk4cm3gwejv54mtyfd6w34dsx429eu,ECOP,597.625746,True,0.0,False,0.0,False,0.0,False,0.0,False,0.0,False
pool1m3wam7j8xjahp5mq03rfkcfcy45kevzfyekmdy74x8ghgpm5cdz,,122680.092731,True,0.0,False,0.0,False,0.0,False,0.0,False,0.0,False
pool1m42um4nhc654jyjasdk6mu4q38yf3qcswqcr4q2ysc6sjhyve9n,,76828637.678619,True,0.0,True,0.0,True,0.0,True,0.0,True,0.0,True
pool1m4awll97kncxpantx2cvswt3yfh0sqkhzzg7m2rstyy36udnt29,FGMTN,5.046709,True,0.0,False,0.0,False,0.0,False,0.0,False,0.0,False
pool1m4enp55hp80tf6xl7k6f6593wnyu3pr83xfvef9x3ktdw9m0em5,AZUR2,20897786.681342,True,0.020123465926566525,True,0.01616489570965628,True,0.016746861646310153,True,0.021030648121938736,True,0.017072077905028495,True
pool1m4nc6ea8htk9t58yx43sqluln7cp2a6qmzq257uudrvtkue8vw3,,712.881149,True,0.0,False,0.0,False,0.0,False,0.0,False,0.0,False
pool1m4njkh73pdj90xxkgaz9dnh7gffweeupft8nfurlntg6cgqfmy8,Pier2,14472738.546756,True,0.020614922848612646,True,0.016590462913179466,True,0.016590462913179466,True,0.021089307843395744,True,0.017064847907962567,True
pool1m4r66650ugw2xshz3gtred6wdxcn65v48r0r6p4vy64dy276q8h,,4.105189,True,0.0,False,0.0,False,0.0,False,0.0,False,0.0,False
pool1m5chjwkxs3w5l43uf4y9ys2pprqxv86ffdm0fr4n38np2c7mhg6,,55.651486,True,0.0,False,0.0,False,0.0,False,0.0,False,0.0,False
pool1m62sl6rauje9cknrkhwl39tc4hujudkd7gp478dpz7tagmjr8wm,,16022935.893662,True,0.01943182714483862,True,0.01551035149432335,True,0.016257835668227933,True,0.020597023062984,True,0.016675547412468725,True
pool1m6awcstjzafepr5dwan54gemvh4y8dlvmqjtpwxsa7uqurcuq0l,,76827874.430358,True,0.0,True,0.0,True,0.0,True,0.0,True,0.0,True
pool1m7eljcrzd593cawzwpts00mmnxnj52kr9da8r264r7c4kfd4m0h,,3866.076017,True,0.0,False,0.0,False,0.0,False,0.0,False,0.0,False
pool1m7mmef85qylqdqa3skut8a7akklp5myaanrn0gqzsfg37j3vms8,REM,10.899413,True,0.0,False,0.0,False,0.0,False,0.0,False,0.0,False
pool1m80jrruqnynpuqvmm5cyhxjqy2q8pnnpyu40sd02z0gkzehqxua,,3233.967812,True,0.0,False,0.0,False,0.0,False,0.0,False,0.0,False
pool1m83drqwlugdt9jn7jkz8hx3pne53acfkd539d9cj8yr92dr4k9y,BKIND,1702569.498024,True,0.007456517966362928,True,0.0034323116439038954,True,0.01022392867534974,True,0.018280657610229744,True,0.01425645128777071,True
pool1m90qdgknvwdewy6n7dz9ufkfqtscvdaqnw3q2vaphp20z27w706,KRAY1,1187.238209,True,0.0,False,0.0,False,0.0,False,0.0,False,0.0,False
pool1m93zq87dml37q6x97fqkx22qf2l0pj40pmpz86xer0ecc9vtsud,PAWS,1004.936177,True,0.0,False,0.0,False,0.0,False,0.0,False,0.0,False
pool1m9h0ndgxlgxa63wsszv7a6l4x8lur35wktlnrycme6t852xrq76,VVM1,20825.937233,True,0.0,False,0.0,False,0.0,False,0.0,False,0.0,False
pool1madkc465h6e9887ctj2adnky2t46km277wt3rs97hlzukzl4rx9,DEM,500.954444,True,0.0,False,0.0,False,0.0,False,0.0,False,0.0,False
pool1mc4h5pk0juqfd5lj08d09d9tfeyd86v7se4kq2jyu9j0jy8ey4y,,13052.27821,True,0.0,False,0.0,False,0.0,False,0.0,False,0.0,False
pool1mctfqjen6qflfk65vz2hm8zse0a6e3g289hc0rgvrml777g85yq,VELA,844.013198,True,0.0,False,0.0,False,0.0,False,0.0,False,0.0,False
pool1mcvq2z34f9cfdmkd97famsh20ekqtndw246ny5e8ug3mxfdf4zq,HIVE,1754157.471575,True,0.014460764744786303,True,0.010436815824947192,True,0.010436815824947192,True,0.018374694999768234,True,0.014350746079929125,True
pool1mcwcfl96ew79rmj4zxehr33p55e4e62dt4whyr2vqesswp9mmvz,MYB,4813006.563171,True,0.016523844300974096,True,0.012458780435697678,True,0.015037210329178605,True,0.02054316148787083,True,0.016478097622594418,True
pool1mdyuct0kgd0hcjjnea999me5dxqpepr4y8du4smegfm3vlr37w5,AY1,906903.744737,True,0.0,False,0.0,False,0.003931595666864833,True,0.015643604237149247,True,0.011578493190715211,True
pool1mdzxt5rl2sgnehedgnl0jwk8vumsglequrap26qgg0uwg4cuq52,FGMT4,10101656.564206,True,0.018406897950666135,True,0.014748293290309442,True,0.014748293290309442,True,0.01902476690714165,True,0.01536616224678496,True
pool1me68mzk9kephj0yqya6xu9jefjvtg0dvmly3m9sy67cezrexalx,BNP,1469534.491373,True,0.00426998774736534,True,0.0004487785340133538,True,0.008620413885545896,True,0.01687765371830126,True,0.013056444504949274,True
pool1meljzszklf23y97ka5sjqwasnel50xe5ar68gz70slm0jmt2wxs,MRPHM,63271.225078,True,0.0,False,0.0,False,0.0,False,0.0,False,0.0,False
pool1mfgqn8n658vjdcvg3xgtr3qyet64fht0dzsukqeznxw36z8g2k6,CSN2,3875527.668061,True,0.014988429424491278,True,0.011000657004241313,True,0.014142281072710833,True,0.01988566694298789,True,0.015897894522737918,True
pool1mfm9nf0fc2wknc94dxyedny3vxtmv4t05arq7czyxsmg7qcy76n,BYADA,1914.491173,True,0.0,False,0.0,False,0.0,False,0.0,False,0.0,False
pool1mfyzxyggryp0jhgghvzas7qjdyz2rcfnm5rfq8s9uefvukrlps5,BD6,76156221.778754,True,0.020714086124411345,True,0.01677093349604412,True,0.01692899937324811,True,0.02096048293299403,True,0.017017330304626804,True
pool1mgpcx225587y9uf2zcwrputd3kj70jfpf654ca86dehuw5qk5pf,,209.736273,True,0.0,False,0.0,False,0.0,False,0.0,False,0.0,False
pool1mgpzhdjucv0hyyndzq08la7m5h645wmsat35gxy9fv6au9k7eg4,,1029.618662,True,0.0,False,0.0,False,0.0,False,0.0,False,0.0,False
pool1mh4ng2ldxk4sqfppzu6r4knxrk6e87e9c4wgrred84uy7xauzlh,CCV2,32248857.032261,True,0.020283691802428425,True,0.016340554432191415,True,0.016713829676891022,True,0.020865562036813112,True,0.016922424666576102,True
pool1mh5qagd86gndurjs44k9dwurktdr7rra9prm5wwf09c77cwwaqw,CPATH,10687.792319,True,0.0,False,0.0,False,0.0,False,0.0,False,0.0,False
pool1mhrvkx5vfv7ygd55wsknycz2a8d6gd6y8m8rgdnqwa7jcy34g05,MCRP,15243.976509,True,0.0,False,0.0,False,0.0,False,0.0,False,0.0,False
pool1mhww3q6d7qssj5j2add05r7cyr7znyswe2g6vd23anpx5sh6z8d,GMBL,565993.105629,True,0.0,False,0.0,False,0.0,False,0.01163155204944106,True,0.007695030351738415,True
pool1mk9k389xy5szdzyc0fpty66fu93rhwnar3202vy0d7w9ue2rycu,,2419.912775,True,0.0,False,0.0,False,0.0,False,0.0,False,0.0,False
pool1mkjtce8r8yeku0mmc9vpwl0scuwuwc8lz89ckpj3k0kwgvlunv5,RSNG,14299528.53152,True,0.018948450260740803,True,0.015087087626975141,True,0.015911555368971864,True,0.020233649976206282,True,0.01637228734244062,True
pool1mkw6psku0jvaw60uqleul9jxlmyt2xet3urjrgu6735ryxtga60,CRYL,101365.782198,True,0.0,False,0.0,False,0.0,False,0.0,False,0.0,False
pool1ml8hj9zhv5esld4dwuxrkda0ktclw4g5xfggg86nw3majud2uf6,,548.60634,True,0.0,False,0.0,False,0.0,False,0.0,False,0.0,False
pool1mltwh4elef39dkuuz058lgfuvx79c5wcnz3szau3arhsyq22ace,PARTY,90738.500126,True,0.0,False,0.0,False,0.0,False,0.0,False,0.0,False
pool1mlw3uh4m8qy0jlc8x0amx58gwt5xz277ya60xk6xv5daxjzt2gs,ASTRL,171.162648,True,0.0,False,0.0,False,0.0,False,0.0,False,0.0,False
pool1mmrh2l3t5r7w5l7e82ven0e595vhgvu0hyf4ttrgcyejq8gwqcm,FKAI,76.874263,True,0.0,False,0.0,False,0.0,False,0.0,False,0.0,False
pool1mn0ydnu5tt4w80y3dxdsajddhdz03p6mudk8vlh55r5exqywxhh,,1.86549,True,0.0,False,0.0,False,0.0,False,0.0,False,0.0,False
pool1mn6relcs7dn2fqzfq5yjlwxa49d900p5sdpw62jlx45k2djgwe4,RED,24435324.385274,True,0.021173760252978825,True,0.0171092760543397,True,0.0171092760543397,True,0.02145757068621291,True,0.017393086487573785,True
pool1mnghpud4rypv76fgq5urhzaujlevp94tjxug6556e9qyua43ktl,TRDMK,5612.300437,True,0.0,False,0.0,False,0.0,False,0.0,False,0.0,False
pool1mnhywmx87p5dlsk86szshumnn5pljdnacr0e8zsq2v32ckh5wyf,,43014.883895,True,0.0,False,0.0,False,0.0,False,0.0,False,0.0,False
pool1mqy259k253xryf4hvdq0n72n2uvadcgp34r0fxwpqzm0z5n0qp6,SPS4,17024762.075901,True,0.01921168625102656,True,0.015349875586437637,True,0.016042366908632873,True,0.020291158017977956,True,0.016429347353389034,True
pool1mrxg6svcug7mc459ce5zum4qd6p0hkfc08jzpphxfnxzz8yf7ll,PET♥,1476163.150429,True,0.011790947918272182,True,0.007726352486826305,True,0.009209928336395199,True,0.017972513958142575,True,0.0139079185266967,True
pool1msfz0v3yrzl3k5njsm92uw59cfs5uepajs4a62rxfm5xke9d2zr,,1047.231164,True,0.0,False,0.0,False,0.0,False,0.0,False,0.0,False
pool1mt8sdg37f2h3rypyuc77k7vxrjshtvjw04zdjlae9vdzyt9uu34,ABLE,45373236.443159,True,0.021407530411291748,True,0.01734267628115835,True,0.01734267628115835,True,0.021560373817309034,True,0.017495519687175637,True
pool1mtnhc34ylrthfu7vzja3em2j5csaq3ewd5z294hs8xw2w6nupuf,,1360.197288,True,0.0,False,0.0,False,0.0,False,0.0,False,0.0,False
pool1mtuhuh8hkf8am0qzx45y58kll8q83sjh6pwljrflcmw970d82f3,KILN6,67753433.424012,True,0.020674871291248925,True,0.016731713576761224,True,0.016909382801650035,True,0.020951826259457955,True,0.017008668544970254,True
pool1mtxmk0skqkr5y0wxnxps4n35j6wn9q8dfr82y423vvlp53vccux,KILN3,12510888.130769,True,0.019105853951971653,True,0.015162696237450807,True,0.01612487413195174,True,0.020605719493399573,True,0.016662561778878728,True
pool1mugxe86p0p6fzeesthdzkuk3h9xtndf4my9cznmxtmpvujzlw4f,Kings,12.691233,True,0.0,False,0.0,False,0.0,False,0.0,False,0.0,False
pool1mvk6eup390pja32f2r9fgeus5sr5u8l6x9ver65tf7q76t6309z,GSG,3209.593764,True,0.0,False,0.0,False,0.0,False,0.0,False,0.0,False
pool1mvl09pgsejrudghjhq79qurugrvqy3pceznp7f9vz63n7ku7jqx,AMZ1,14419205.140954,True,0.0199593052196248,True,0.01589418919251054,True,0.016754846897195842,True,0.021300918700457774,True,0.01723580267334351,True
pool1mvtxupzcgdtslv2sw0l3f4zlhd3a69fue6gu0vhqz47w7j5zryx,FGMT5,10440768.729879,True,0.018442809371316704,True,0.014784204710960015,True,0.014784204710960015,True,0.019040610180958078,True,0.015382005520601389,True
pool1mw8jpnmxd22vw4h68uqw70nx24vfju4aav9rznesc4vnjnt68g4,OZGRN,4845.770281,True,0.0,False,0.0,False,0.0,False,0.0,False,0.0,False
pool1mwp8ewtzmun0426v9z0h9um2amswgfzn78rckfl2fc3t5sy0m5g,AACC,9341443.078363,True,0.01883423649064917,True,0.014810289974364411,True,0.016125493620839232,True,0.020884406880742275,True,0.016860460364457517,True
pool1mwv76cr0znehqxe23xk4ylhr0j6gwsjxf2cvwjxm0ewdgcjzw3e,,33387.952777,True,0.0,False,0.0,False,0.0,False,0.0,False,0.0,False
pool1mxqjlrfskhd5kql9kak06fpdh8xjwc76gec76p3taqy2qmfzs5z,IOG1,10209293.320842,True,0.01812625013794313,True,0.01448582535032602,True,0.015616295367916635,True,0.019888453400657917,True,0.016248028613040803,True
pool1mxv85lq4lvuqx8r83lmwlvqhtnu3qjy0lldhsv83rfnj5ed7vyg,,8.247561,True,0.0,False,0.0,False,0.0,False,0.0,False,0.0,False
pool1my7sevxtc4dfvj626q0ujqqukntfa2v0uuydq6wd8x8hvml03rn,POWER,107137.276004,True,0.0,False,0.0,False,0.0,False,0.0,False,0.0,False
pool1myvgx4ef424e6nw2strqq7dxcepav52plyyhxrk0avaw7y098l2,COOL2,40449331.833228,True,0.020950448705564718,True,0.016969202500261706,True,0.016969202500261706,True,0.021118468786292404,True,0.017137222580989396,True
pool1myw0304x7q2zuk24pzmf2rwwcwlh9p29pnj257zzjcd9j29s4xl,,340.417081,True,0.0,False,0.0,False,0.0,False,0.0,False,0.0,False
pool1mzcwrurfd3afzp0xz84423q8xxdxj0ju5h4sse73hx4msvqra9t,,13133482.221696,True,0.0,True,0.0,True,0.0,True,0.0,True,0.0,True
pool1mzf0vc58p7ktgs5gqzqrcwtrs4xnlpd5v9thzl7gahqj7f7aqye,MPN,104.616489,True,0.0,False,0.0,False,0.0,False,0.0,False,0.0,False
pool1mzn7a7h4ghv35d7hm7lepzcc8vkwq38qajnnuqalc60mkl0recn,,314.271584,True,0.0,False,0.0,False,0.0,False,0.0,False,0.0,False
pool1mzry5s8pkfy42ul2xevaq7dk6qae8247hqd8serm3ms06glvny0,SCP,74537.486574,True,0.0,False,0.0,False,0.0,False,0.0,False,0.0,False
pool1n0tqrkw62zmr20h9jz5ev2ph428ym49wt2z0mq4vlylf5u0sv7y,LANKA,59291.546128,True,0.0,False,0.0,False,0.0,False,0.0,False,0.0,False
pool1n0uxgs5qfk5n9xl7qvq9jt8zuu02cntrsjnjayjlqtejyffnemj,EVE7,59122834.798393,True,0.020339264678575414,True,0.01643675354423007,True,0.016709379172804257,True,0.020724496545038947,True,0.0168219854106936,True
pool1n20x3spgcj72k0azl85gxt72qzr2eq7sr53tlmwdg8wrz60ynzn,MAMAK,8859.727556,True,0.0,False,0.0,False,0.0,False,0.0,False,0.0,False
pool1n2j7zmw69gf3weqp3wae234p3lykjks49c84mleqgmnmg4jht3y,YORK,140114.668803,True,0.0,False,0.0,False,0.0,False,0.0,False,0.0,False
pool1n2yp66zk6m33sg8k20hsvmk9tw7xeeswzdcfxhnx9hm9jkxv5k4,ONE1,3398851.830147,True,0.014242444576877348,True,0.010223024406874106,True,0.013837745087260057,True,0.019877156225714274,True,0.01585773605571103,True
pool1n353xqapcq8wtyskm8cj4g04t8rv03lteyl30c42zug7kzv8vqz,NES,700393.222217,True,0.0,False,0.0,False,0.0,False,0.013863582827764032,True,0.009798466538478713,True
pool1n3agd6rep8jw3gff684mja56ns6wqmshayu0av7hxcgx7f4pnwy,,4593.359052,True,0.0,False,0.0,False,0.0,False,0.0,False,0.0,False
pool1n3sjq3qvu5vvcd6aud6ndcwq7r3ghmkafcg60gznlwfrk2ucxku,ANVIL,429627.097792,True,0.0,False,0.0,False,0.0,False,0.00849016806454427,True,0.0046283125698217565,True
pool1n4fq4gw6snzqjep3pylj8dc6aaa4xgn78gl58k360dqdw6a58g8,PEPE,1508453.523145,True,0.00503711902329269,True,0.001124068594576002,True,0.009047462200420037,True,0.0173882914088731,True,0.013475240980156409,True
pool1n500map6vvxwkxnrw5m9vgmjqrmtaxuuxkgqvzz7699c7qc550v,TEXAN,856150.192541,True,0.0,False,0.0,False,0.00312489826389391,True,0.015221665039224508,True,0.011184611454543636,True
pool1n5kljtvdhg29vrhr6uefqk76dpepzfwuvsw8zd0z5yqfuqj7x8a,,237876.182717,True,0.0,False,0.0,False,0.0,False,0.0,False,0.0,False
pool1n5shd9xdt4s2gm27fxcnuejaqhhmpepn6chw2c82kqnuzdtpsem,ZOE,190524.81102,True,0.0,False,0.0,False,0.0,False,0.0,False,0.0,False
pool1n5ytegzw3enscfw4t8wsjytrz228agvm9c3xaarce7pgjzftdtx,_Q_,170595.914687,True,0.0,False,0.0,False,0.0,False,0.0,False,0.0,False
pool1n62v2xsrnpyyaav2mgauwzn40u8hfzavt520vsaehz252v2tf7u,GUILD,2800.352071,True,0.0,False,0.0,False,0.0,False,0.0,False,0.0,False
pool1n6erydn8x79sa3fmrqmj7mcyqa9em5fppr447j6d9k0xwfl7sc5,CF4,76301500.320156,True,0.0,True,0.0,True,0.0,True,0.0,True,0.0,True
pool1n6w5q9hw3gj6574uts75mkyrqcm702n240fxlk5df4sf7a7vlvk,,138.742943,True,0.0,False,0.0,False,0.0,False,0.0,False,0.0,False
pool1n6z7rf722heq35v2dxvstfwezgdt8cv0mftpv4r9jay3wjk2kkt,YKSP,2033341.300741,True,0.009379783840486412,True,0.005355577642022165,True,0.011397799867834776,True,0.01879854201601784,True,0.014774335817553592,True
pool1n75mtv5qwzquyq2cprnu7yqpnyg4ppagpzvcw6gk2un5vadg48a,CDMS,1143026.437558,True,0.0,False,0.0,False,0.006709407667023023,True,0.016733261748646238,True,0.012715961648983408,True
pool1n7s5kpymwd0zsld8q23tpf7z5esjaqwmnnzzssee5630zpx5ww0,RABIT,1629748.867349,True,0.014077400418776382,True,0.010019440584007297,True,0.010019440584007297,True,0.018332657249407403,True,0.014274697414638316,True
pool1n7zh6hu89v9lz6d8ggjr9xll8q8jqr5aa4qxkfnlfh2uj39802c,ARIA,2398.77006,True,0.0,False,0.0,False,0.0,False,0.0,False,0.0,False
pool1n7zhzk2zyvqywfj476s4xk9h0xzncsq37469d8cyg37lsngvvqp,PUB,27.20215,True,0.0,False,0.0,False,0.0,False,0.0,False,0.0,False
pool1n8nq690antqxcekkekzk07yp7y7psmm3v6ad6tmkm4v3ulyhz0w,DUST,17512.997323,True,0.0,False,0.0,False,0.0,False,0.0,False,0.0,False
pool1n8xmcjuadnkn8kk9axtjt3ahx5amj4nc8446grdjzfdrzl77xh6,,148.435878,True,0.0,False,0.0,False,0.0,False,0.0,False,0.0,False
pool1n940lfxkd7z73qzj5y554yrletrmgg5x2eya9tpglh3uwcqfnud,FUNON,1333944.071066,True,0.006904972115236327,True,0.00283990822154652,True,0.00831240152793104,True,0.017576334062686137,True,0.013511270168996331,True
pool1n96ql32ct37n8w0l9ddhnc2t8tv0uyd6kuhzua8uxy63xs35wgl,,80.466289,True,0.0,False,0.0,False,0.0,False,0.0,False,0.0,False
pool1n9vs3ye3939ae8x6jfkf0unksj7q05zgsk2fnm8lhve95w3j0rs,ZOOM,1402.160582,True,0.0,False,0.0,False,0.0,False,0.0,False,0.0,False
pool1nc4tjhmg9m2rmhq5thyvn9nvayy28dt0z7h5erhlfw6pzj9usfn,,76827873.816001,True,0.0,True,0.0,True,0.0,True,0.0,True,0.0,True
pool1ncg357pkgx29g6jrwunk94pwxe409ktxyrw8s0k66vwkc4qdgnu,BIMI1,1751219.397282,True,0.007434609813142625,True,0.0034114243260066975,True,0.010427050134553856,True,0.018370732397054373,True,0.014347546909918445,True
pool1nchr83fc0hrykvhlnh64n3wlt5vkdu727xjep59znrwzs589jdd,CANDY,790629.403302,True,0.0,False,0.0,False,0.0019012899255771805,True,0.0146090201753864,True,0.010585067649155592,True
pool1ncst8jldzmwa4s874u3x4q7seqjyq3njc89a2w2056m2ywktd6w,PROUD,525.997253,True,0.0,False,0.0,False,0.0,False,0.0,False,0.0,False
pool1ndtsklata6rphamr6jw2p3ltnzayq3pezhg0djvn7n5js8rqlzh,,1712.12848,True,0.0,False,0.0,False,0.0,False,0.0,False,0.0,False
pool1ndu9fpv7prmp6r6k23lzx6fcpjlvh6upl3w8ghldys467u6vvrl,STAG,1405.326847,True,0.0,False,0.0,False,0.0,False,0.0,False,0.0,False
pool1nf8990yn76kp9csnfrrl9aar7z8l7pas0jlfu637us5n6sgycem,ZADA,5097.814933,True,0.0,False,0.0,False,0.0,False,0.0,False,0.0,False
pool1nffpy6r7l4ueeedzvvzsta2vty9g6mtet6huuhfzyvndkwd35dl,ALAB,2832084.619837,True,0.012787673228716703,True,0.008763259994549168,True,0.01310137189768401,True,0.019550024136544546,True,0.015525610902377009,True
pool1ng0wg25mkdkcmryzh5dcw70p0462z7svegxr9c7d2k5cqf9tt2k,,466.984959,True,0.0,False,0.0,False,0.0,False,0.0,False,0.0,False
pool1ng3vqzrhn3z45yjdscv3q37n26g2pj3vp99rfkgv6225y8lqg8j,EVE2,47944358.173565,True,0.020228798178253318,True,0.01632633687699656,True,0.01666252658969746,True,0.02070384885924372,True,0.016801387557986963,True
pool1nh9j5qucsddxkzn3m4dm4gxkhwtpya4wm4e0ye2u0puaqgkcm65,FUNGI,332745.125389,True,0.0,False,0.0,False,0.0,False,0.0,False,0.0,False
pool1nhd907krga9dh69kf0jg4tl0764rravepy337gptvsknxyyx94k,TOPO⚡,1681730.44196,True,0.014163497645471238,True,0.010142279077632096,True,0.010142279077632096,True,0.018245989005976265,True,0.014224770438137123,True
pool1nhhsh9yhlrvj9e3nce0zpx0xm2xlt6tx7gqakhr6hjc8wy84sat,,18227195.103741,True,0.00020318918649916108,True,0.00016253802360630788,True,0.00016934653140433597,True,0.00021380244865491077,True,0.00017315128576205754,True
pool1nhls8e9swnyshldgjknku4npreax075nw0ltrkmrarh4w3skxt9,DAN,3770073.659497,True,0.01472773792556167,True,0.010769232871705552,True,0.013978652923624203,True,0.01973065741825839,True,0.01577215236440227,True
pool1nhlv5z2lsptzgcp9ype0mppc7zyndm66ypm4sw5hy27ewdchqx0,PPCX2,27598878.320191,True,0.020054043464755995,True,0.016131256843443856,True,0.016565174840438637,True,0.020730445048306685,True,0.016807658426994544,True
pool1nhstzc6dk7d04k83yfccyrylzewhpd422kall4u6a5ck5c0pw3q,K2P,130.601408,True,0.0,False,0.0,False,0.0,False,0.0,False,0.0,False
pool1njgax5g706nhknujnntnrx0gyu8zqvrhexwmmp7qrfhjvaumfq4,ABE,32.618266,True,0.0,False,0.0,False,0.0,False,0.0,False,0.0,False
pool1njjr0zn7uvydjy8067nprgwlyxqnznp9wgllfnag24nycgkda25,FMD,70023745.003543,True,0.02025986056508286,True,0.016398000090261804,True,0.016566364407243187,True,0.02052231082390678,True,0.016660450349085726,True
pool1njs6ejpvdkt3cee7u8ekqyunmufm82jjrehtg42xd28m7zhzn5v,SSCC,126.660459,True,0.0,False,0.0,False,0.0,False,0.0,False,0.0,False
pool1njs7jzx60aht6ws459434lsx37gfmqahwr0uu4y00dd3wwnggym,WINTR,222157.596303,True,0.0,False,0.0,False,0.0,False,0.0,False,0.0,False
pool1nll5ghr8cdkl6ppnxpuk6c6vrg9d5kq3tp8d6xjdds5pct6pxj9,BNP,1539064.357272,True,0.004997775321054463,True,0.0011765661077024825,True,0.00897903384939272,True,0.017035868408233686,True,0.013214659194881708,True
pool1nlv8mxyx5juqe5aua9tplr5j9ar4wy950zlya3ul94wkgqmf9z0,,245.204781,True,0.0,False,0.0,False,0.0,False,0.0,False,0.0,False
pool1nnfwte5lhr8rxjye4a8m8krt5fsu6fs2g39g6ccq09nqqf8sekw,,25.3,True,0.0,False,0.0,False,0.0,False,0.0,False,0.0,False
pool1npdsmx25352qzj33rk2mtvc6u7c339qs0vv7gy43t7kpcapw95d,,350.501298,True,0.0,False,0.0,False,0.0,False,0.0,False,0.0,False
pool1npx8wwtj8knlavx6h7spcj7sk6n6dd5qa0npk9fcdefd542y9vx,,150.610962,True,0.0,False,0.0,False,0.0,False,0.0,False,0.0,False
pool1nq0jx33p0sfa2fux33yklkzssck4kfgaqlgnlc0a7a9ggqzhgnt,,110.622006,True,0.0,False,0.0,False,0.0,False,0.0,False,0.0,False
pool1nqheyct9a0mxn80cwp9pd5guncfu3rzwqtmru0l94accz7gjcgl,CAG,76359535.826896,True,0.0,True,0.0,True,0.0,True,0.0,True,0.0,True
pool1nqveuw4q2yw9u9x6yzy260skdwc309krsx32hmgvpyp962mu996,,776.657131,True,0.0,False,0.0,False,0.0,False,0.0,False,0.0,False
pool1ns6veetewra0zqlljq36rwt4g3d5s0lnvxmzmx82epph50weacy,,2141.065397,True,0.0,False,0.0,False,0.0,False,0.0,False,0.0,False
pool1nsaul82z7ytu73q96w2wgj8wrardmrzjkuzaankzn0xuqkj70qm,,1030216.727989,True,0.0,False,0.0,False,0.005481793561714166,True,0.016066396774497112,True,0.012085486566466696,True
pool1nss40t2xhh7ntgp8ca73u2xd8kzyn3dgtf9jfh0y57kxul9zt82,,154714.50314,True,0.0,False,0.0,False,0.0,False,0.0,False,0.0,False
pool1nt00f6p0frek3f0jza4u9ka5rey76752j5zkrpldkpqvjspytm3,,1009.939347,True,0.0,False,0.0,False,0.0,False,0.0,False,0.0,False
pool1nt65pu06tlggjeaer8862fdju98ddrrxa9wnw3k4lhfvgrrgt85,FIXA,2271909.714102,True,0.01075796526840839,True,0.006694145832897449,True,0.01215651078647361,True,0.01927282828427711,True,0.015209008848766171,True
pool1ntfxj2jgvhzen8e86ed679ctukar3vj538ywyyq8ryld66jj4sx,XRAY2,8669163.187234,True,0.018629431095534863,True,0.014604971160077673,True,0.016022166768771707,True,0.020838588956146153,True,0.01681412902068896,True
pool1ntwurms3f0j4kqe5wfpg9chlasylp0lmuw72m4fn66vnuyrvs8v,MANGO,1609816.045148,True,0.013985112476302427,True,0.00992840094216302,True,0.00992840094216302,True,0.018293058108290725,True,0.014236346574151315,True
pool1ntyzyya7yde0yrna4q9n4g7m0gttpy35jzld9mckmtz0zfm28nq,MMDIG,7786.285385,True,0.0,False,0.0,False,0.0,False,0.0,False,0.0,False
pool1nudasuv0lljpe0tswcverqvlh0v4226vgnpsuxn0e9nkvnvcvne,STI,35652102.293699,True,0.02067381004530072,True,0.016672250929836704,True,0.01701511570396141,True,0.02120827572261276,True,0.01720671660714875,True
pool1nw42xqnaplxsx3fq4ytl4x4qqvhs7g5uymnm906pfvx5636fglw,VIVID,232607.434063,True,0.0,False,0.0,False,0.0,False,0.0,False,0.0,False
pool1nwcu3al5vfm7t3dtvyuu4hlmlvezd05c5v386q90hlptks4mqw3,AARD,704848.948904,True,0.0,False,0.0,False,3.119637589197774e-05,True,0.013822416166054615,True,0.009796391472944551,True
pool1nwddjgvjrke3e2gu6m0a7y04alhgcx4egec6dd9gahr5sz0p5u9,BZH,194856.771062,True,0.0,False,0.0,False,0.0,False,0.0,False,0.0,False
pool1nwt6mxqus3tpzrshky5h5kykz9rjpxmacrvw0z6yak9uk5p5045,DNEWS,20011189.925747,True,0.019421481721729316,True,0.0155616107927728,True,0.016150756168122584,True,0.020339855395068683,True,0.01647998446611217,True
pool1nwv3c3q62lqcdgp7s0jtl4xldgfnjnt0szkdclk4tzjqzv6kv7n,BNP,1295992.803533,True,0.0021127835729904685,True,0.0,False,0.007557443712665493,True,0.01640869628908931,True,0.012587487075737305,True
pool1nx2g7dzc90uu47e8kp057r59g8z5sz6v0x76wsph8xpcqzqycv7,FLY,1036223.696216,True,0.0,False,0.0,False,0.005562854740289719,True,0.016159931304009872,True,0.01215704432015786,True
pool1ny8kyrxev9tc6uekf0kfvc8rv8kwwasf4j95tw9xmlwfvmxv3lt,JBMS,507.078707,True,0.0,False,0.0,False,0.0,False,0.0,False,0.0,False
pool1nydxffhrmpn0ft6wpg4l6cwp2jr2glxvx5hxr69xknl0s5p603w,,1704.777377,True,0.0,False,0.0,False,0.0,False,0.0,False,0.0,False
pool1nyf8x2xrlmfqwy9shqrlx2csentnzyjmxr0r3w0ljuaqz5ek7qz,1PCT6,3868793.692578,True,0.01511663373924462,True,0.011094732237017626,True,0.014270373270440938,True,0.020066897703110376,True,0.01604499620088338,True
pool1nyh6jcznks8wvlek7r7rlvg9hfchfqqyvup39ugkmr6kghrl0as,HNB1,177271.439486,True,0.0,False,0.0,False,0.0,False,0.0,False,0.0,False
pool1nyj2wwps0nk9kn48rtqck5876la35k3j4talj24gpvnauxqsfh3,,564.425881,True,0.0,False,0.0,False,0.0,False,0.0,False,0.0,False
pool1nyjw0460ww5qjtpukexuywxdz4lzhy6tm7yygn74lnlcc62hnc8,ETO13,5507754.22027,True,0.0,True,0.0,True,0.0,True,0.0,True,0.0,True
pool1nz9h4raywm6mu2v8l7htuaqvmn06l3mepuaxynpzlwljsf8txhy,NORTH,58506019.543964,True,0.021257229270177834,True,0.01719263730117179,True,0.017404752227067142,True,0.021587879007602943,True,0.0175232870385969,True
pool1nzsjg3cuam3uj39qusn44cs2uj7h30lppqsrqsllwxs2c8fx4xs,BPOOL,493431.089097,True,0.0,False,0.0,False,0.0,False,0.010161452067738998,True,0.006258940430025092,True
pool1p00qq8zftf8m2ll0r9d24fx6tq7yzxzy5teltpswl7zew5m7nqp,TALOS,70554.475827,True,0.0,False,0.0,False,0.0,False,0.0,False,0.0,False
pool1p0jc0n0sqhj7fhm8sng8086akyyrsl085cvd6ewskhhly9tn3d0,,100.25752,True,0.0,False,0.0,False,0.0,False,0.0,False,0.0,False
pool1p2ldp00jsl5l9xpg9m77zavhqmw7amtg5nlf0jwudlu2zaq389s,WOLV,377838.330403,True,0.0,False,0.0,False,0.0,False,0.007066721373080167,True,0.0030741544917748313,True
pool1p2vgec7gamn3zq0pgevauvu5m7gzhzwal48sutz4hc5tk54vnxn,GEM,32.036957,True,0.0,False,0.0,False,0.0,False,0.0,False,0.0,False
pool1p39fgnpatsmyln2nyhr64elqfzxxk8q25xtkny97qgnlkllaxry,,120.549939,True,0.0,False,0.0,False,0.0,False,0.0,False,0.0,False
pool1p3chxyfv5cfk95hwq5zqjuljrpyk3uk5ua5alpn8rjgkkvvy8ne,IAMX,1309241.622017,True,0.0,False,0.0,False,0.0,False,0.0,False,0.0,False
pool1p42f6kw9lkgw5tn77kqyrc22zrs4uq298p468gacwzw6gq0ckq2,WISE,930555.862173,True,0.00826147322327967,True,0.004237266268455752,True,0.004237266268455752,True,0.015639482732528888,True,0.011615275777704973,True
pool1p4a0vuantvzu9ysk3w430vgxjjfa95g0uz2sw8e4tltjg4jhkwz,LUCID,57845.04941,True,0.0,False,0.0,False,0.0,False,0.0,False,0.0,False
pool1p5ja48uqc7pjnuqvwu7cgmspvx938qpnf4zqm0x2k0ngkh4lkjx,SIPO3,27571012.24579,True,0.019973990219950645,True,0.01606992998637711,True,0.016502486103420692,True,0.02064826887298917,True,0.016744208639415635,True
pool1p627hhec2ha6wu6ql377c3hv4mjd26w7ll0xyw2ezgnu6nyl0a4,PMW,528904.446568,True,0.0,False,0.0,False,0.0,False,0.011335848051871492,True,0.007274990574254964,True
pool1p693mkpyjphqedgje9sx5k8dzaqsusmw99vh26gd8aszjzkajt4,CCDO,541997.107203,True,0.0,False,0.0,False,0.0,False,0.011589720989287735,True,0.007531248893162773,True
pool1p6t3cglz78w32telly44te3d5l30zc0f0mprhehm6jus59m9aaa,UPBIT,29565396.519146,True,0.0,True,0.0,True,0.0,True,0.0,True,0.0,True
pool1p70svj9zrg7lgzkdn8udlslry0t27qs8r9tz9lr955v2yfna2rl,BTV1,41650641.049738,True,0.02095501246397011,True,0.016971198603241575,True,0.016971198603241575,True,0.021118186423090792,True,0.017134372562362256,True
pool1p7x98437an7p6c7jf9zdkd0ekmw077q4a3c3r3lazxr0ccgf5vp,,2.735858,True,0.0,False,0.0,False,0.0,False,0.0,False,0.0,False
pool1p82vmqednsalje23mpnz9u3qt9ruj79xu83mr6p8t93fw5fcu3y,RCADA,885765.280239,True,0.007594820327408659,True,0.0035712209258401515,True,0.0035712209258401515,True,0.01534591438490828,True,0.011322314983339774,True
pool1p86vmfhr4xnerm4kjltlhxrpzaeqjg30h7p8f6h279ulcty9n7e,,458.257808,True,0.0,False,0.0,False,0.0,False,0.0,False,0.0,False
pool1p8a3jea0k5w749jf0jtr7qeer8xth9r0zr8ktmp75heqx0ewyz7,,51498.021487,True,0.0,False,0.0,False,0.0,False,0.0,False,0.0,False
pool1p8cgpwp63e08jsckma4y83x4ehc3ynt0tuameh99hmreg0hf7mx,OBI,1569.643535,True,0.0,False,0.0,False,0.0,False,0.0,False,0.0,False
pool1p8fhygz7ga9hghhwmkr64p3ftn77lxu9nyddvsqszattcdyajc0,SUNNY,7128520.826673,True,0.017834937534175813,True,0.013851174949672872,True,0.015557251188447937,True,0.02049440931814871,True,0.01651064673364577,True
pool1p8gda4td9882kcllejstrzfh84n8cxts0j67dyuuamzdg85cf3a,ALL1,33882.154271,True,0.0,False,0.0,False,0.0,False,0.0,False,0.0,False
pool1p8yn95k4wgznc38ezckler84ufc6kxemmsvptv74r3g4zkxj24q,BUDDA,890213.087827,True,0.007756648985608219,True,0.003701852263448647,True,0.003701852263448647,True,0.015546918635460543,True,0.011492121913300972,True
pool1p90ymkn27wj473ve0leq0u6s935atjspsq77kxttyzzqsekqjh3,JSY,4907.458502,True,0.0,False,0.0,False,0.0,False,0.0,False,0.0,False
pool1p98qztq2t77u89vvsratsmsx8hu965w4n7xneg5qu7gtgcdude0,,11.63316,True,0.0,False,0.0,False,0.0,False,0.0,False,0.0,False
pool1p9sda64t6l9802tsu2fj6phvt9xfqgcpjucyr3kek8wzurmn8rz,K8S,872869.645828,True,0.0,False,0.0,False,0.0034191203760360715,True,0.015421183653188994,True,0.011364178418948642,True
pool1p9sjhjx0v3k76wvgdqu7jcks2ra48wqlhc6g0mkewd25k3zcymy,WA2,22989231.132045,True,0.019596858475781263,True,0.015733158255074757,True,0.016246560229338614,True,0.020397161553310214,True,0.016533461332603708,True
pool1paxzxl23ygch4ad08m8zu477atpfumdeg6uyrvg579eawvsy77z,VELES,1628.257489,True,0.0,False,0.0,False,0.0,False,0.0,False,0.0,False
pool1pd7x30trlcd86h9x8ya5ch3j4729wudgdh4qrmr6fulh5zm24w9,RXC,10.276968,True,0.0,False,0.0,False,0.0,False,0.0,False,0.0,False
pool1pdqcefsvu9mqxfalj5dywcfyymtpqpjqhlnxl99ds62pxv5ungm,SIMBA,229058.888597,True,0.0,False,0.0,False,0.0,False,0.0,False,0.0,False
pool1peayemzlkmcwn64c455mx8sxdaztq0xuv9hdxlp0kcsxz57up3z,AID1,1622615.296591,True,0.006324510832145737,True,0.0023025628951613567,True,0.009874228234328198,True,0.01812740091967052,True,0.01410545298268614,True
pool1pemnlylem2e94xguhd3fytj90848kpv4agvr6rthx2tp58z79ek,ACL,15251213.95146,True,0.019873167230243415,True,0.015861508694238413,True,0.01666707735513992,True,0.02112890661341341,True,0.017117248077408408,True
pool1peps5qt7kjcnsfh530hya9wa7ww5rplvw3n73efk800mk4unsyg,VSPBM,140.512654,True,0.0,False,0.0,False,0.0,False,0.0,False,0.0,False
pool1pf6yhzdr9vpct5rc3dtwersl4lyuglp80l4jc67kf2qj29xjg2u,TAVN,1477613.609452,True,0.004834515793137152,True,0.0008101025421679374,True,0.00912479314965121,True,0.017795651151861075,True,0.013771237900891862,True
pool1pfdd8d8n7jx0xnk4uev3x36se87c747w6l2d5x7fanh5w9evhw2,BRAVO,10738762.532829,True,0.019409708928844645,True,0.015369806381736444,True,0.01652543301581667,True,0.021211126917263817,True,0.017171224370155617,True
pool1pfl8ssfunf32pe5dyntel7eqc4gutej3f9r70h8ss7v3vesdtks,GOLF,5643.104132,True,0.0,False,0.0,False,0.0,False,0.0,False,0.0,False
pool1pfprlfz0ywcnewjegazz05ghgcfkvu40v6edsz6yn8w362sdjr8,ADI,26921278.34829,True,0.020599248495847187,True,0.01657080624550827,True,0.01702809210841314,True,0.02131207645861066,True,0.017283634208271743,True
pool1pg2fxvdpl9d8kdsfln3lvmwwk0apwvw6ykc5fyuc9jamgk6yvmt,,2313.440393,True,0.0,False,0.0,False,0.0,False,0.0,False,0.0,False
pool1pg2k7lp6w68vlvdycug2ycu3mkrt0z4ftxay4g8zchj87mw6ug8,VJRAS,1005.1753,True,0.0,False,0.0,False,0.0,False,0.0,False,0.0,False
pool1pgdw8zfuwjkqhkl5fycfkdplkwqkmwvx7gsr2rkvvpnf23wwg8r,,3396.396549,True,0.0,False,0.0,False,0.0,False,0.0,False,0.0,False
pool1pgmuramw9waw9ckxsvpxmcn9p6fd4xl5jmavu8jje0x5vuc00l0,ATRMN,4139187.394471,True,0.015213827290072326,True,0.011270715339033921,True,0.014178943175270473,True,0.01974724127008812,True,0.01580412931904972,True
pool1phc0dedrry2jp2s2tqngcw87vzx3mychvm7qqe3470etzsf3ph7,BROCK,1563630.540566,True,0.013745619612560739,True,0.009681538864886421,True,0.009681538864886421,True,0.01818081054806759,True,0.014116729800393274,True
pool1phgu0sftpeantu8smmve8w2pa0n4jhhxekrls8h8mnyuvm8m5t8,0dd1,36695.212127,True,0.0,False,0.0,False,0.0,False,0.0,False,0.0,False
pool1pj5jnehwjtt4esfl0325hr338n98v3kcww3sggce59ugyf2f883,MIMSA,10314720.984708,True,0.0,True,0.0,True,0.0,True,0.0,True,0.0,True
pool1pj5wv8tvu5f5dpmx6w5wthqy4sg3vs4qjvumg439v0plxgnu8a6,,1763.035874,True,0.0,False,0.0,False,0.0,False,0.0,False,0.0,False
pool1pjc7paja05sa5uzukgkc0wn6hfwmx37a50akys5hrhx3j96vf2j,,24258.788842,True,0.0,False,0.0,False,0.0,False,0.0,False,0.0,False
pool1pjmqlsyny06w0x60rfd3seul5xc9pluh3t08y55ylhks28jeh7c,RIZIN,24183051.158724,True,0.0,False,0.0,False,1.710369749887776e-05,True,2.145506068755222e-05,True,1.7390468591345893e-05,True
pool1pk6q8vjxu0404jzq0dpt7fceyz9yu57lmx5csne8tmce5nx523m,,90.420676,True,0.0,False,0.0,False,0.0,False,0.0,False,0.0,False
pool1pkqtms0pzd2x8phsrxn9kk5gmy4gn79edg9hhldykjd0guv0av9,TAMIL,875.945144,True,0.0,False,0.0,False,0.0,False,0.0,False,0.0,False
pool1plgh3y74vhkj7l0wpxtnwtp22czfq004a69y40fptfg4kntvypm,,13608.637799,True,0.0,False,0.0,False,0.0,False,0.0,False,0.0,False
pool1pm635fj8skdkh0lvhtcygateyt4nt4gj5rap28zqpe7rv0wgdhf,,2.050621,True,0.0,False,0.0,False,0.0,False,0.0,False,0.0,False
pool1pmcgmdd2984nzs2azxmau9umr49sqf3sr0kgphhra6yfg67nt00,,397.921363,True,0.0,False,0.0,False,0.0,False,0.0,False,0.0,False
pool1pmm654jfx088td54ekkkd0j28x6r5gnjdhnutzggursrxjnpk2y,EMUR4,33917292.248374,True,0.02099505051788902,True,0.016990936796585563,True,0.016990936796585563,True,0.021196451471419665,True,0.017192337750116204,True
pool1pmrgd8snhv0nnj97xcg70nqqhg0v9g3d0e93jl8vn23wxtsxz53,CALM,3954567.610983,True,0.01826842195994703,True,0.014266833815458343,True,0.014266833815458343,True,0.019995785270420816,True,0.015994197125932128,True
pool1pmsjsvnd506xqzwlcavexcl86ta046eqz74xzvt97688urmd0qj,,1196.873739,True,0.0,False,0.0,False,0.0,False,0.0,False,0.0,False
pool1pmyave37l324x5phh0s7tdy30kx9mdzmqnj829teccun2je37xw,,1828.161971,True,0.0,False,0.0,False,0.0,False,0.0,False,0.0,False
pool1pn36hexudnjg6uwvxc5tld3ay2g6ty99ardzhn7crhkhzshjpte,YKSB,674702.697228,True,4.1086543944072983e-05,True,0.0,False,0.0,False,0.01343031714449591,True,0.009405877953978773,True
pool1pnsk7v8a4eyn9qtqev7k3clazzw2s66cpa850zprqlu5x5eqtuw,LKBH,11172.56393,True,0.0,False,0.0,False,0.0,False,0.0,False,0.0,False
pool1pnuluy36ukdzv369d4zee8rarpw2k8ukwe5kkdmh06t6y78cyrr,,748.849228,True,0.0,False,0.0,False,0.0,False,0.0,False,0.0,False
pool1pnvthl5hwnsuulx6fch0885aae0l9fkht35rla46dw9r54d5whr,PURE,2.062184,True,0.0,False,0.0,False,0.0,False,0.0,False,0.0,False
pool1pnzwgsgzd6t4788sfr7dxjyusepyq9xaxnpyfcngewqf29t9ayd,PHRCK,5494838.994494,True,0.01700084882604634,True,0.012974506870777261,True,0.015211534199934143,True,0.020487979662673246,True,0.016461637707404164,True
pool1pp7tn2w6ken4rpfcjwcdup3g4m5gcdhc9lgvrm3mnxz5stmrhq2,CROW,59590409.570242,True,0.020423723844994253,True,0.016525837951166716,True,0.016725783564662717,True,0.02073540377191449,True,0.01683751787808695,True
pool1ppqdq5yfkkllrcj0u47pakg9e4ha568pz3a9kkrr6w2kyw8gxv7,COOL3,8416415.92164,True,0.019806087492725145,True,0.015824829199855388,True,0.015824829199855388,True,0.020613592737627025,True,0.016632334444757268,True
pool1ppznyu6qrvlw9uuqa3tslryjd40nh56jyvmaqw6kdf4kzq3y8kh,DIGI3,21984727.553871,True,0.01974678303310319,True,0.01585501799442539,True,0.016396921457673096,True,0.02059151490228344,True,0.016699749863605638,True
pool1pqdgdhka8xegl8y3lt780n0v4p9yl5z3vdh6qqs4vdlvgaujaxu,,4766.631131,True,0.0,False,0.0,False,0.0,False,0.0,False,0.0,False
pool1prc9hna2mgamtspchrygc66s9n4tlkvh39e3t9zccef4kzc3ns2,TERM,70505163.17781,True,0.021588382573793193,True,0.017733176884161657,True,0.017733176884161657,True,0.021685858910138488,True,0.01783065322050695,True
pool1prerctlrtn5e63m0zu5ydr2adaxpsypzj6wx3v8y44dsyj2lcwm,CADEN,12198.816319,True,0.0,False,0.0,False,0.0,False,0.0,False,0.0,False
pool1prn0a3058n4e0evm55gvc5rrawht79p3jxpv42nq7s2ncxhszla,ADIZ,1190.761831,True,0.0,False,0.0,False,0.0,False,0.0,False,0.0,False
pool1prnv2zg6hpf34hyqf9eqmkxxpxqr4phq7hs8cmehyhvxz2gsrpm,STAR,5338136.485597,True,0.018969542843583317,True,0.01498624183917488,True,0.01498624183917488,True,0.020242702497394585,True,0.016259401492986155,True
pool1ps39v4j035ejzrga2qt56cfhjuwx38wved8rd0mujtyh6r5mt3c,RAID4,33806.910011,True,0.0,False,0.0,False,0.0,False,0.0,False,0.0,False
pool1ps3quyamsmn5cvp403tgjzgpfwha5u4dr2zc3wtts5kgqc078se,YETI,1175.937269,True,0.0,False,0.0,False,0.0,False,0.0,False,0.0,False
pool1pshqcksxywy68lt04lw6uf35f4yssekh5dx2mxqmyrukke2z5y3,ACL,52117838.108113,True,0.02105434584983651,True,0.017068629510922473,True,0.0173043626197002,True,0.02142181216646062,True,0.017436095827546582,True
pool1psk0c2p7pwactw00nkzjexdw0msn7g8nddc06eyvds6yswr3tjg,ITC2,21074655.737004,True,0.01968564167069564,True,0.01578322676842387,True,0.0163485902623138,True,0.020566943587641707,True,0.016664528685369936,True
pool1psr42v6rvv3raeqsg9ru2zy5dp4cchlde8hw9xthrpstx5wz7wk,PLKOZ,128525.688393,True,0.0,False,0.0,False,0.0,False,0.0,False,0.0,False
pool1ptzl40tt9a6l2kp6fhjmzsg3t2maqdhwv6cnqu8kj6xgz3vw9us,BNP,32183264.604701,True,0.019644186555297673,True,0.015822977341945817,True,0.016196106051773657,True,0.020219870850460623,True,0.016398661637108767,True
pool1ptzt9j6y4jefzkq4vj3z7wa4h492ktlkecggseqvc8f060xuved,,624403.47004,True,0.0,False,0.0,False,0.0,False,0.01291307687772963,True,0.008848476600854254,True
pool1pu49urd00qf9zzeghrks03tvszzvrdzecw649ag5dwd07snx69n,SWING,29836.454638,True,0.0,False,0.0,False,0.0,False,0.0,False,0.0,False
pool1pu5jlj4q9w9jlxeu370a3c9myx47md5j5m2str0naunn2q3lkdy,NUTS,5955996.259072,True,0.01667440816964319,True,0.01282046575099956,True,0.014801983113778908,True,0.019763244058681583,True,0.015909301640037954,True
pool1pujegnn8qf7xux6tkx2mj2qdn9jf0y4z0t6nma97wdgqudlc9ww,,640.942071,True,0.0,False,0.0,False,0.0,False,0.0,False,0.0,False
pool1pup39uk3d9hl8vg3v0evn3hxkxygkas0asekng7x9cpx5f2r6d6,TAMED,443.699303,True,0.0,False,0.0,False,0.0,False,0.0,False,0.0,False
pool1pv4hhvy8dkvllr706q0lpyu9py6lcf6zddl4wlynwx3cglxajmg,DOD,138314.984207,True,0.0,False,0.0,False,0.0,False,0.0,False,0.0,False
pool1pvg7uqf9a0ms24xcdfq8f48p72csfslgz3gzwlmfee5szuda0du,BLOQ,23.433361,True,0.0,False,0.0,False,0.0,False,0.0,False,0.0,False
pool1pvsvhzqlrtmseg2mlk600hzs7zqztuqm4ytxyeupa2dyjzs33nr,,11642.837161,True,0.0,False,0.0,False,0.0,False,0.0,False,0.0,False
pool1pvu2zdexh8wr4ggmuz90jvqrua6an43qj9m9urs785p8kwjzqwl,KTN3,29551900.712151,True,0.019802685647191686,True,0.015943313190437014,True,0.01634225538081709,True,0.020424566120431215,True,0.016565193663676543,True
pool1pvxsyzqze90jyyqqewg5spkh6tst0cwyvtvh6qfsn6xx75p2vk9,,2.639298,True,0.0,False,0.0,False,0.0,False,0.0,False,0.0,False
pool1pwfdasxs7ht7878g99fnw86g7u77hqjvv4qgvr9jx6reznfrllj,Safe,19353.99055,True,0.0,False,0.0,False,0.0,False,0.0,False,0.0,False
pool1pxhywws8s8h05c69ug3k4rl6jtpxms23eyag7eawwdvxql8spwc,,945.85325,True,0.0,False,0.0,False,0.0,False,0.0,False,0.0,False
pool1pxw4z2m0lmw422hr32dwyy3uz9436g8p7qdmg2sl2w0m5pyk3yn,STOIC,261915.752863,True,0.0,False,0.0,False,0.0,False,0.0007713897081335633,True,0.0,False
pool1py2uxkvuj926h42s40wxl26dh0ggaq882v4m0hkd99m86vzmwnz,EARTH,2418721.894271,True,0.010855710103300338,True,0.0069986358499021665,True,0.011872904374913118,True,0.01845383456875858,True,0.014596760315360413,True
pool1py6q7y3f7jz60mt5jhsrdx6lqtuvc02chqgvwzjzayctqhgzzge,WSKS,5334636.977761,True,1.4838551030655322e-06,True,1.077343998470161e-06,True,1.5289211179709553e-06,True,2.0654316963620095e-06,True,1.6589205917666383e-06,True
pool1pzkgztz8y8tgd9tpfu7umep97x7m0c5ck0dpn2vqtf202fyhfv5,,49997.029299,True,0.0,False,0.0,False,0.0,False,0.0,False,0.0,False
pool1pzqdfptvl5f8vh28az37jag2wkfmqz9x8d6eufl8y0z9q34hlr7,VICE,1250701.976493,True,0.0017835006910734206,True,0.0,False,0.007419748802099223,True,0.01663212198459221,True,0.012742839454492753,True
pool1q0a7a94cfk4ph7gugj636tsuhhd98l2sfjv2adhaff2mvs7kmtl,NUFI8,7806919.209518,True,0.01794642884778285,True,0.014003316902517288,True,0.015545243964516843,True,0.020350021032664513,True,0.016406909087398953,True
pool1q0c5nnpfpyl8ks0fdm0h2p833yxj0gll237z362yluvs2nt65pp,CDT,122.180874,True,0.0,False,0.0,False,0.0,False,0.0,False,0.0,False
pool1q0jmr57udknpq8k5qtgt5vgdjq9pzrzevf68966wxn8zgz7qy3w,EPOCH,3167693.971006,True,0.013641657607789643,True,0.00964006135268418,True,0.013498972633851261,True,0.019657019310785385,True,0.015655423055679924,True
pool1q0memmdw4ktr88fkma53tqgkaqeq3wfc476le59rped4cu8tn4h,JOEY,793558.974793,True,0.0,False,0.0,False,0.0019803966374108057,True,0.01478335398819638,True,0.010719507680555388,True
pool1q23kstu6ute8x43z95ahnwh04n9rpn6k0wzakq663ke75220682,,2736.79397,True,0.0,False,0.0,False,0.0,False,0.0,False,0.0,False
pool1q2fh3cl6rx0wv5gry4qx5l4h65qpjf7x99xmq66nqj2fj5g6u9z,ASTCH,1923836.883332,True,0.015230387784081001,True,0.01116553300146243,True,0.01116553300146243,True,0.01883516325131754,True,0.014770308468698968,True
pool1q34qp4ckh590gt99eadtz8w8ag3watavf5adj8qjs7guxmkgk8g,,1047.621962,True,0.0,False,0.0,False,0.0,False,0.0,False,0.0,False
pool1q3xdrewrldt06rpjx6pzguzm847ujxnmajxrsr7dsthscz4htlv,MICRO,15303.952338,True,0.0,False,0.0,False,0.0,False,0.0,False,0.0,False
pool1q42574l9xer3khqpshk8w2vc6md6zlah7493fp6zzv9mqurmufx,,429.14441,True,0.0,False,0.0,False,0.0,False,0.0,False,0.0,False
pool1q4f8t94fzl9eamju0km090z8sxaydk4na5pqjpklzuukjlr63u5,HAVN,1697.600883,True,0.0,False,0.0,False,0.0,False,0.0,False,0.0,False
pool1q5h54ekx7wwqpfz78y8dppyl6uv7rpyvvr8nhf4es434un4mpx3,BHMT,3522.825093,True,0.0,False,0.0,False,0.0,False,0.0,False,0.0,False
pool1q5q3rld4nll02w8sqhf9582jcf22t99yt27z0pqksvpnv4rdra9,,53123918.747451,True,0.020577008379399287,True,0.01663384557879253,True,0.016860442190710912,True,0.02093023250974265,True,0.016987069709135893,True
pool1q5sspejl875flc0z6wh9y9zxkgqnk0y3aaw8jc0pkxs6cpavm4q,ONYX,116198.318083,True,0.0,False,0.0,False,0.0,False,0.0,False,0.0,False
pool1q5za50d3sr707xkmjtyrs0v76ezxyj8g8uhggfk0wfl77aufd9k,,315867.938645,True,0.0,False,0.0,False,0.0,False,0.0,False,0.0,False
pool1q66d2n39uvln4hazyzv8fyq977mpqus78sjd2369qfn7cptdeyh,KTN2,6336314.010172,True,0.01687929666770011,True,0.013019908771345762,True,0.014880533099791876,True,0.01977968165027788,True,0.01592029375392353,True
pool1q6lzp5x6tqg04chsxakupgq6x829nsx2dk5w8h043fnajm8d3uj,ADAIM,186857.90105,True,0.0,False,0.0,False,0.0,False,0.0,False,0.0,False
pool1q6ydlweuzytf4wxdnr9h7qxalu7v3kg4c2t6m7uysn0r67jqx62,,19.73646,True,0.0,False,0.0,False,0.0,False,0.0,False,0.0,False
pool1q7k8mmnvsgthp94hpn8jrnacjewplvywq70eef90fv4nu7gedzp,LOGIC,340344.174498,True,0.0,False,0.0,False,0.0,False,0.005593963200993498,True,0.0015288469117081805,True
pool1q7wrwstqkzhrffdzpw8ftfd4epmxywdjnp8384atjcnezchv242,SPEC,1369403.911896,True,0.012404477143040467,True,0.008408908415445187,True,0.008408908415445187,True,0.017382632193409367,True,0.013387063465814086,True
pool1q80jjs53w0fx836n8g38gtdwr8ck5zre3da90peuxn84sj3cu0r,000,6687478.28096,True,0.017969374030452373,True,0.01390436258096343,True,0.015760069542335203,True,0.0208620937055319,True,0.01679708225604296,True
pool1q86d5lfjtyrq8yzkyc55dy5p4yw0qvgkp5nqgr9ld5fv6ustg8h,,3.070591,True,0.0,False,0.0,False,0.0,False,0.0,False,0.0,False
pool1q8a7ym63gurl72wr32je0tv0lp4p2uh8vzzc6rn6un7ryslvqmu,LSSP,4910349.697464,True,0.01629898881153444,True,0.012318623740735083,True,0.014795392351793698,True,0.020159833999361106,True,0.016179468928561747,True
pool1q8fqknvzyj9p4ezhxqdghlc7rnmwvwuku9eevgvl25cpjy385gg,PORTO,1411419.44955,True,0.01288813709925715,True,0.008823073207725012,True,0.008823073207725012,True,0.017801630392984307,True,0.01373656650145217,True
pool1q8sll5g69z98q6mmu5teg7zn4fnlsqjyq898e6cxmec0cj9lk6r,MATRX,13408.015848,True,0.0,False,0.0,False,0.0,False,0.0,False,0.0,False
pool1q8xqp4w6yzt3z7wd7359ywn6xfke2qj249gyxtru684ruk8kazv,,233.375391,True,0.0,False,0.0,False,0.0,False,0.0,False,0.0,False
pool1q9049mstrv5czwyylpf3xen08pmvsfsgtru4wf3zvc9uxat2sm0,SNEK,9293546.537528,True,0.018253559661285192,True,0.0143535529488354,True,0.015635474758974515,True,0.020251849541796162,True,0.016351842829346375,True
pool1q9kwa675j2z53jecrs6pn3fqsc9ypxrsypu5dgu6hammqkagy22,TIGER,9173185.086734,True,0.018785189446647026,True,0.01476074347432262,True,0.016100071077966804,True,0.02087296482879825,True,0.016848518856473847,True
pool1qa0t2lecmzmvzn6z7lzc439wvlgz0x04lvnqcdyzv4gywz3qehp,,429050.591156,True,0.0,False,0.0,False,0.0,False,0.008837068913188742,True,0.004816591592951308,True
pool1qa2h3hha0m5he0429ym7tqvsn89nsddvn7wgkx3v8g6hsstdzc0,SNSKY,113236.612073,True,0.0,False,0.0,False,0.0,False,0.0,False,0.0,False
pool1qa6lqyu67ghpa0evxfu9nzqkj3h82qpfku82ec79zdwru4pd25m,CNODE,41649494.305388,True,0.020854736976931975,True,0.0168156921477615,True,0.017385326915138034,True,0.021590880368618573,True,0.0175518355394481,True
pool1qadgwr92pgx0yz3u9n63f0s9ugryaud6wxers850z6sfu06y3rg,VITAL,72209.836408,True,0.0,False,0.0,False,0.0,False,0.0,False,0.0,False
pool1qakys0fxx5p2fxcnsc2tyjpqa88q7qgtdh5t3a32hplv6fg25r9,DAPP,34290331.60055,True,0.020432962791346602,True,0.016469525531833118,True,0.01682238738633341,True,0.020983012152773525,True,0.01701957489326004,True
pool1qarmuvc39q7ygl2affsuly2hs39mukcag9tunsnu8xudwv8mf00,,28893.162406,True,0.0,False,0.0,False,0.0,False,0.0,False,0.0,False
pool1qaxrj6n50naglqmzj5puq5sd0awgy9wnqmykpwmcah4vzhndpve,🐈NNSP,933128.25164,True,0.0,False,0.0,False,0.004322608675740842,True,0.015817232219480934,True,0.011754598852666186,True
pool1qc05c76autq4235sq20zu4vjwtl5m0xn4mxq9kg6e66uwz95kd4,EGH,70036808.429206,True,0.02025992337247767,True,0.016398062897656617,True,0.016566395810940594,True,0.020522324678479163,True,0.01666046420365811,True
pool1qcdw8uk5d9ehldhccy926u886qhr07xa354yrkamdde0qku53nx,ARMY,15101.037507,True,0.0,False,0.0,False,0.0,False,0.0,False,0.0,False
pool1qcu4r9rw853pyvfznfeujfzxlku4xtvp8cas6c2y79hvuy22vl4,MPOL,21868.233519,True,0.0,False,0.0,False,0.0,False,0.0,False,0.0,False
pool1qcvvyev6gdhdnggvypta045l0vtruawayq6gap29a99c755k8nm,,76827492.396133,True,0.0,True,0.0,True,0.0,True,0.0,True,0.0,True
pool1qcw5gq4zsxupu33q4g7d4hqw87tmlzclqut3c9wexczpwfmqfal,OvO,173905.925436,True,0.0,False,0.0,False,0.0,False,0.0,False,0.0,False
pool1qd3hwt2hvkt2jn9lktcjqpdk9cz0mk8qdue35x00p7ud5g0268s,,66.488296,True,0.0,False,0.0,False,0.0,False,0.0,False,0.0,False
pool1qd6mlgr6u0yp2ddxn7gd5jr6pcflu5md3sff4xyu2ngeu503jkd,ACGW,16318.140922,True,0.0,False,0.0,False,0.0,False,0.0,False,0.0,False
pool1qd9yemufpf2fctpd2zyx9v2lv3h4fne3v8jplse284gqxk8ketu,,164.620642,True,0.0,False,0.0,False,0.0,False,0.0,False,0.0,False
pool1qdjx5xeeu6288ftmhmdr0c6mazkua7m07cydmr78ymfhz7jj7g4,1PCT,222151.74466,True,0.0,False,0.0,False,0.0,False,0.0,False,0.0,False
pool1qds0ldd626j09nnpn3g3ne2fvn65phr6cz74k6xv8urtgygu9cp,PERDX,7759.002179,True,0.0,False,0.0,False,0.0,False,0.0,False,0.0,False
pool1qel9h28zarup4g5dx95smeggfruq26k47lc8e6wmdzaaywyj63r,RAID1,36731.86099,True,0.0,False,0.0,False,0.0,False,0.0,False,0.0,False
pool1qelp62ghdjald2mfsmfd4k82y0rnd2e8udypc8vu58fwkpaceml,KUMOJ,379.485117,True,0.0,False,0.0,False,0.0,False,0.0,False,0.0,False
pool1qeqylk3pnenvt3j4mah2dafcnd3h8uc3fqhvfzrxlxf3xuvdvvp,LILIE,1533759.51042,True,5.498224356818166e-07,True,1.4331473743538318e-07,True,9.524376746160834e-07,True,1.8111023083458495e-06,True,1.4045946100994158e-06,True
pool1qetkrhjs9fll3nthuxk6zp0ssanf3rszg5wh8x79mg67gsg7vjv,CARAT,10791089.405691,True,0.018803209832215874,True,0.014862579948556776,True,0.015978102167624998,True,0.020542112114881043,True,0.01660148223122194,True
pool1qfdzhvd4kttdew9klp89jtuts46dnecxdj36lwax9j2eyag0v6t,,3.24472,True,0.0,False,0.0,False,0.0,False,0.0,False,0.0,False
pool1qfxukshs4fkcrflzdnxa2fdza5lfvew3y6echg8ckaa4q8m5hyf,NEDS1,51146934.952272,True,0.020791964636891504,True,0.01682097569243158,True,0.017058757291883216,True,0.02116262418897788,True,0.01719163524451795,True
pool1qg0g6hv2e50wevkqj34g0cya4f9audctayzp8wqwhxtdjnhn3tt,,551.719342,True,0.0,False,0.0,False,0.0,False,0.0,False,0.0,False
pool1qgmwcxs8d8qmr0vtvsqd9u8gugrventh5dcqukmu79e2sgfuu8t,CLAY,7847994.286318,True,0.019102236965885384,True,0.015245300696071058,True,0.015245300696071058,True,0.019941718973598588,True,0.016084782703784266,True
pool1qgsylc6kjv29zva4w783fuyf9xxhj78ktgjlxjvppest5ya9pek,TURBO,10809.257028,True,0.0,False,0.0,False,0.0,False,0.0,False,0.0,False
pool1qh4jvncd9chmm5ru3sk3cqxuat83vj8v7rgl4x5lqfepcywvc9g,,19.424099,True,0.0,False,0.0,False,0.0,False,0.0,False,0.0,False
pool1qhnjcmyy9xrf00z4uj66yedje5ue2ukqte2hr6dmty9a2gz7tu5,,197.22628,True,0.0,False,0.0,False,0.0,False,0.0,False,0.0,False
pool1qhs3cf9ymc2nvmrd2j8cs36cj9jdqgnqk6s9ngyvy2lz5s8rak8,PANL,327550.204001,True,0.0,False,0.0,False,0.0,False,0.004773622814269048,True,0.0008752502692308597,True
pool1qkd5y9azf2xx0gmrj68lrkcn59ldjmnpzd3y2rq3tvjp2vqljan,AMOON,8378187.626864,True,0.018543243436003873,True,0.01452644045115221,True,0.015992855450096162,True,0.02082912564024003,True,0.01681232265538837,True
pool1qku2yhky7sv4dfjfv42uyvauhehuqevk25aw952d7ulzqzx3jcu,ASPEN,16052570.333042,True,0.02082360872561951,True,0.016791699961118102,True,0.016791699961118102,True,0.021253466677140002,True,0.017221557912638588,True
pool1qkvt06tjvd5mjf3yms9y6hp22uedn5ys6384pn8k3d4tz3d7j2z,,497.432393,True,0.0,False,0.0,False,0.0,False,0.0,False,0.0,False
pool1qkwseukqpnezhh9gjcuhtse7wp7v8m8asgekl34lh3f5xnnl6z2,,35.245729,True,0.0,False,0.0,False,0.0,False,0.0,False,0.0,False
pool1qle9cf4ycvz2ervhjsedsq8kkxdey4a9jxyuhhmj8wanx2xjqgn,,10.27688,True,0.0,False,0.0,False,0.0,False,0.0,False,0.0,False
pool1qlkr6qu4mm38x77ldp2vnxn0gatgq4ernvvdw4pxze2tuyw5pfh,,13156.203178,True,0.0,False,0.0,False,0.0,False,0.0,False,0.0,False
pool1qlpen2kkw8yc0pjyjjcg4zlswhrahf73f99y3ae85kjy6leqk7l,FOFA,8862.233701,True,0.0,False,0.0,False,0.0,False,0.0,False,0.0,False
pool1qlpjsz5j5vqs59cnu09j90agycj2xvrp45sv0v6euujj60up6dw,ROAM,64422.20212,True,0.0,False,0.0,False,0.0,False,0.0,False,0.0,False
pool1qlps2dwr0qd0a7pjqr47apewf2lq42xv03zgentgwv9mspeh57g,,70016772.650874,True,0.020259827033248974,True,0.01639796655842792,True,0.016566347641326248,True,0.020522303427178715,True,0.016660442952357662,True
pool1qlxxw3zlgx0kgv2cel0n6z3a6yjs0w8grwtp5xwna8fm2g5tsda,,60867.075946,True,0.0,False,0.0,False,0.0,False,0.0,False,0.0,False
pool1qm06f4n2hwgeqzm9lsc3rdyqcsvtt2d7z76carwxjv0e274mu24,ECO,227733.780347,True,0.0,False,0.0,False,0.0,False,0.0,False,0.0,False
pool1qm656ca3pdnu3gfetusmslva555j3m3efaq5u44sgpdsjn7dg4d,,1047.502152,True,0.0,False,0.0,False,0.0,False,0.0,False,0.0,False
pool1qmsck80ldwm23t4t5elxc857r82ph3urkt7tpyq65ntn2dv2ust,CAMP,9189449.703135,True,0.01898137145715034,True,0.014917301840566497,True,0.016267763554913366,True,0.021086502953043984,True,0.017022433336460144,True
pool1qn77pnnf6cf22qjjfd2kadudmdc77rw0uxked3m2arnn2ea2f9v,BRIAN,314669.435307,True,0.0,False,0.0,False,0.0,False,0.004238636265494572,True,0.00021419705297018698,True
pool1qngadlcclnkqgdwd4l3vp5gmgdc7cpkfek76q7rzscqqk5ak9y8,UNIT,1396.757037,True,0.0,False,0.0,False,0.0,False,0.0,False,0.0,False
pool1qnrqc7zpwye2r9wtkayh2dryvfqs7unp99f2039duljrsaffq5c,NUFI,27265033.330967,True,0.020147269204480688,True,0.016204157263864573,True,0.016645664151234772,True,0.02083550052891071,True,0.01689238858829459,True
pool1qp3j2cy4xje783x3a98y08yz6kwr3emu05zm2xyxryajjhmt48p,,1578.596558,True,0.0,False,0.0,False,0.0,False,0.0,False,0.0,False
pool1qp7ge7rwk8ht63v8z6vkyw3g8em5qr5k0z0l6ta8mxjtzx4dzy8,EVE01,183.132845,True,0.0,False,0.0,False,0.0,False,0.0,False,0.0,False
pool1qpn9lpmwp9p88vtp6gt20xdc5e7rf50ew42hp7gdnfltxqvfpka,WSP,69.699931,True,0.0,False,0.0,False,0.0,False,0.0,False,0.0,False
pool1qprj52nh0j32p5vq290rludcfz58kujyszt5ztfvj2ymx43649f,,7.033144,True,0.0,False,0.0,False,0.0,False,0.0,False,0.0,False
pool1qpuzf5kcxrmuf6qg2nnu9cs7hj2d6ke3fwz58l7rlefcy50caaa,ANFRA,287214.268075,True,0.0,False,0.0,False,0.0,False,0.002545126403093621,True,0.0,False
pool1qpzz7fg5qn7ypklmjtajklh3yzjnhvkwx4se82qgymuqqm67w8k,,951.274414,True,0.0,False,0.0,False,0.0,False,0.0,False,0.0,False
pool1qq76dtlr0m9g6xlvngzq550j86cgtslphyjffz3pgpn7wazatdc,ATM,237284.471093,True,0.0,False,0.0,False,0.0,False,0.0,False,0.0,False
pool1qqenhz258k5k9nyjull6gkzg7s4f3ae8v7qxwpegeef9v0nsy3e,CHRTY,1521005.831417,True,0.0119656824856918,True,0.00794421149964277,True,0.009369649821585396,True,0.017905008827119415,True,0.013883537841070385,True
pool1qqlf3epa7m8780p2jx5689u2ql06tw026l5377tptk2zswrc645,CPS,3758266.112826,True,0.014624215712030262,True,0.010681052962284693,True,0.013884045948576538,True,0.019617116543602847,True,0.015673953793857276,True
pool1qqq0c53vaf5ju0n3fvujmyxwca0yhp65930evw9lngmr5705csz,ANP,55905695.936318,True,0.021244704219020073,True,0.01720195466219842,True,0.01742371364028398,True,0.021590387331918152,True,0.017547637775096502,True
pool1qqq6qqa0hpzvumv5p87ynczfmdj557xuwlc3289ke42g72z7f74,AHL,10704541.973046,True,0.018930457198087884,True,0.014926087262514867,True,0.016343868615347607,True,0.020989615829583055,True,0.016985245894010036,True
pool1qqq9tqyj69j9kygpxza3h82ynh8d0xlueucnu2yqum8nse8hj7y,SION,2280854.113792,True,0.015835484605938133,True,0.011873121544584636,True,0.011873121544584636,True,0.018799999065286243,True,0.014837636003932744,True
pool1qqqq02jxq3q9j93devp9pts90ctm8w3r0rgek97ngujpjgpw46j,ZENY,118639.005847,True,0.0,False,0.0,False,0.0,False,0.0,False,0.0,False
pool1qqqq4md2rfdt75qvh3x9cgmkrgkl74ctcj3fnxpu3ylcudl22ex,MASTR,5117255.837921,True,0.016494577752619716,True,0.012511276706661214,True,0.01488790206704988,True,0.020199317284990286,True,0.01621601623903178,True
pool1qqqq58jy30weq2an3px3maljdmawcwh6ml4hr8m9euq9z2n7wyz,COAST,713027.446597,True,0.0,False,0.0,False,0.00020353049323673265,True,0.013512061075569463,True,0.009589249138345838,True
pool1qqqqdktl6pq46td0mwut0qn30g7nlue0sete9wxl0hwsq37wrw8,STR8,54417283.931373,True,0.02107676699193565,True,0.017126234702834708,True,0.017126234702834708,True,0.021201659296530843,True,0.0172511270074299,True
pool1qqqqpanw9zc0rzh0yp247nzf2s35uvnsm7aaesfl2nnejaev0uc,TITAN,55063701.336049,True,0.021261429065992852,True,0.017249924338219154,True,0.017249924338219154,True,0.021386114654382553,True,0.017374609926608855,True
pool1qqqqqdk4zhsjuxxd8jyvwncf5eucfskz0xjjj64fdmlgj735lr9,ATADA,69538883.749141,True,0.02121822518098284,True,0.0172611129040307,True,0.01743778959680479,True,0.021493632966777747,True,0.017536520689825603,True
pool1qqqqrwzy7njvjq9wph7usj5gghm3py9c97688ek8pgc7uem9cfz,FROG2,6408784.32699,True,0.017107319867726387,True,0.013212196644389027,True,0.015071145142597489,True,0.020005092526698402,True,0.016109969303361043,True
pool1qqqqvmpm9v2l0tkwx4dpzth3g85lapxjug2j6sucnphyqlt4fuu,SALUD,59023.768048,True,0.0,False,0.0,False,0.0,False,0.0,False,0.0,False
pool1qqqqx69ztfvd83rtafs3mk4lwanehrglmp2vwkjpaguecs2t4c2,WOLF,1332002.486422,True,0.002971558046982045,True,0.0,False,0.008092728972854688,True,0.01713317538049789,True,0.013169535186756594,True
pool1qqqqzyqf8mlm70883zht60n4q6uqxg4a8x266sewv8ad2grkztl,FROG,4589709.150867,True,0.015629844138488565,True,0.011732263005985677,True,0.01432798304148063,True,0.01967611360558364,True,0.01577853247308075,True
pool1qqqyv9pn9typyqwcxqk5ewpxy5p27g5j2ms58hpp2c2kuzs5z77,ANGEL,25992645.513419,True,0.02067763582674571,True,0.016716983568409147,True,0.016716983568409147,True,0.02093777191010472,True,0.01697711965176816,True
pool1qqvukkkfr3ux4qylfkrky23f6trl2l6xjluv36z90ax7gfa8yxt,STAKE,23070236.932187,True,0.02044409181250074,True,0.016414093231907897,True,0.016947712372282847,True,0.02127590988426169,True,0.017245911303668846,True
pool1qr6jmmu8q2u44gzy2xarmnkq70c0ggz72nnh77qmevl62th69k3,,381.26312,True,0.0,False,0.0,False,0.0,False,0.0,False,0.0,False
pool1qrmc270m32g080pks0uvyf0hhj7m8gyhgckkpy32l7nnzrll85v,,537.982299,True,0.0,False,0.0,False,0.0,False,0.0,False,0.0,False
pool1qrp4nzmalqdgc96avaqjha9zp6mkahtzler6tvuupzlvvw786qn,,96578.165534,True,0.0,False,0.0,False,0.0,False,0.0,False,0.0,False
pool1qsdg8ylzy4kv624drfgkzuqgqj3y29lw44qnvltepht2wegh58c,ADLF1,3168.038168,True,0.0,False,0.0,False,0.0,False,0.0,False,0.0,False
pool1qsql4xy359qgypnnh3hu3hm7ax4rs37gkas9tnhun03ygglxtth,,2.267244,True,0.0,False,0.0,False,0.0,False,0.0,False,0.0,False
pool1qsxhnvr03tg6jj7cl0y74jd63n85fgejm8tlqq7ct7fexfygkye,BRNS,381219.10436,True,0.0,False,0.0,False,0.0,False,0.007212611173257646,True,0.003210716978460987,True
pool1qtscx3ge0rgmpffgqen5uup8r8tnav7a2veduweskqx7gf8gjec,,50181832.588042,True,0.020126717957124923,True,0.016264857482303868,True,0.01649979310326422,True,0.020492941130974877,True,0.016631080656153825,True
pool1qu48wpwwarmkewhlwge9xs87sgt8gdnqq26nnre2v6c8up4fxwr,OBS,3349631.645731,True,0.013993031882834128,True,0.010013967078220625,True,0.013644754366578088,True,0.019652788538214883,True,0.015673723733601378,True
pool1quj6cp7w4tarq7hrcdsjxlgcmnunm2xvnpvmj20l9nplue6rjxx,FGPX,243777.518211,True,0.0,False,0.0,False,0.0,False,0.0,False,0.0,False
pool1qv3velgldz529zq904jy9qfrhdh0akwkkhylu2rymd6sw9m02cc,RVH,41.543327,True,0.0,False,0.0,False,0.0,False,0.0,False,0.0,False
pool1qvhss6kxmtl27nr4ugvypayhvt4a4vzll8p9csdg2v8q7d22llu,ASTRA,6087912.038959,True,0.017255694725665762,True,0.013274430594819255,True,0.01527212700077449,True,0.0203697508878901,True,0.01638848675704359,True
pool1qvkdjemewy8phhrkdhscjcnh3947f5ae42rdfjkv6gkgkjtlfsg,RANMA,18436221.264156,True,0.0,False,0.0,False,1.6942386122173363e-06,True,2.138365885003283e-06,True,1.7318547804148962e-06,True
pool1qvqpd95v4k2ge6unntpettve72ntguk6qp9ktet572e7v4v9de8,,136.644068,True,0.0,False,0.0,False,0.0,False,0.0,False,0.0,False
pool1qvudfuw9ar47up5fugs53s2g84q3c4v86z4es6uwsfzzs89rwha,LGNS1,41840137.95723,True,0.01897866969060804,True,0.015320065502159246,True,0.015587010128666385,True,0.019394789255457408,True,0.01573618506700861,True
pool1qvvn2l690zm3v2p0f3vd66ly6cfs2wjqx34zpqcx5pwsx3eprtp,VIPER,22616561.896847,True,0.021165126601997514,True,0.01712077239078099,True,0.01712077239078099,True,0.02147176029953431,True,0.017427406088317783,True
pool1qw4h9v0yqy53m2yx6ngcj5w8394q7wtmfk06edlpvu0zw4gn9ku,CORN,7727.136525,True,0.0,False,0.0,False,0.0,False,0.0,False,0.0,False
pool1qw5jc5u4k6ck47kdwtwh8msv6t82x5c6qx38hjaycnha6skrek7,,4.593662,True,0.0,False,0.0,False,0.0,False,0.0,False,0.0,False
pool1qwa8x4u4a2pff0xdv0haxpgk3tyrvl5adl2lpf3ztcftqruhea0,ELITE,24281445.731307,True,0.020675124580753358,True,0.016620435812482372,True,0.017131525643678022,True,0.02147182343526422,True,0.01741713466699324,True
pool1qwn9l4vzm4rsrd5kexuafqlsgg4ap877vsunqpm4yq89crm4aqr,,79.065199,True,0.0,False,0.0,False,0.0,False,0.0,False,0.0,False
pool1qxpjz94fpwdwnltngf036yjkh63nrl55xkshug56aukqqwn6gsn,TW002,297944.639549,True,0.0,False,0.0,False,0.0,False,0.0029742584609040823,True,0.0,False
pool1qxpzlkxfem0q230hjp9f622c6yaej8qycwy34nwyt98axedf78f,,103.0,True,0.0,False,0.0,False,0.0,False,0.0,False,0.0,False
pool1qz9qfxcxsc46vpgrrj868scmttjp3y9xaehyn6knknegcsphq6u,KTO,37857.049966,True,0.0,False,0.0,False,0.0,False,0.0,False,0.0,False
pool1qzg0lsft8d6zz5vytz5td3f383ra8f46zsdnsa93dgrg2nf7ckf,,509.235798,True,0.0,False,0.0,False,0.0,False,0.0,False,0.0,False
pool1qzlw72zfwhhc0ptvzdpld06szu39x9mlm6782efy6sluz932fx6,BCSH2,3585084.85862,True,0.014463162720453166,True,0.010479861245342198,True,0.013872193778492173,True,0.01975121049271636,True,0.015767909017605393,True
pool1qzlw756y0z6ehg9jkerrfrydr7qlvzl5pgset33h3h2akst593a,BCSH5,2821999.887363,True,0.012628549714168111,True,0.008645247851480669,True,0.012954886577711985,True,0.019346515963881632,True,0.01536321410119419,True
pool1qzlw76zztkg02rywyypyw6s0gtkg2zpkaxhl6cq7eauqg8h9659,BCSH6,2859824.63611,True,0.011217460848945341,True,0.0072752299731400774,True,0.012999444595707703,True,0.01930602498953003,True,0.015363794113724766,True
pool1qzlw7den2mlj0fmm65g0fnf46vyhzkhmdaf0f8v3s6skuue6rlk,BCSH4,11214663.296107,True,0.01907891893404538,True,0.015095618434049354,True,0.016180073640495167,True,0.020769393226446206,True,0.016786092726450177,True
pool1qzlw7z5mutmd39ldyjnp8n650weqe55z5p8dl3fagac3ge0nx8l,BCSH,20927694.218715,True,0.02008556117611114,True,0.016102260888776226,True,0.016683395144318058,True,0.020991446927396934,True,0.017008146640062023,True
pool1qzlwlpcsgflr9z3f24fg836tyq45p0kf5cnrp20s8v0psp6tdkx,BCSH0,22156604.205706,True,0.020150026102702168,True,0.016166725828985984,True,0.01671562763212728,True,0.021005667148775366,True,0.01702236687505918,True
pool1qzlwlyu92fsx94qu6u5nw3sy334f5yat3dv3jgx0grrsv0kp422,BCSH1,4624554.615093,True,0.01501907686839069,True,0.011078551414456107,True,0.014618405813963677,True,0.02002104504160791,True,0.016080519587673328,True
pool1qzz0flh92qkg0mjufaw9j2zk72lmvf5n2kuaslk4f8j4ze362w4,,287656.480848,True,0.0,False,0.0,False,0.0,False,0.0,False,0.0,False
pool1r0sxz0hygfc0266lhdclve6j3cwcwlth6dya6uey65yxjnwm7qc,BURN,12114731.303373,True,0.020672792747463455,True,0.01661801723111732,True,0.01661801723111732,True,0.021245236314418103,True,0.01719046079807197,True
pool1r2249l40de8nlj77u77yzk8kxl3av4k09ztswcuqfexzcxwx3k8,LUCK2,164.521435,True,0.0,False,0.0,False,0.0,False,0.0,False,0.0,False
pool1r2g9wv7jyt7haygrmrc2tst2m8m9ssrr3c690ffp49uhywhvmdl,CRFN,2786259.637653,True,0.017273213196410953,True,0.013237217428349312,True,0.013237217428349312,True,0.019762213110949313,True,0.01572621734288767,True
pool1r2z2v45320taq385pny6gz80hyq3rsue8r8n0w9zpq0c7yjl9el,,1068.520358,True,0.0,False,0.0,False,0.0,False,0.0,False,0.0,False
pool1r3ax7pd3cgad5kttench60ttr23kvfpx3vzvd6c3azppgw7q93t,PALM1,3012093.514643,True,0.00017561398474041524,True,0.0001349680485386727,True,0.0001349680485386727,True,0.00019863783830368004,True,0.0001579919021019375,True
pool1r48usrtdxqzt6dmd02xgjss8xgqc9pc92cpkm4pykywnv7n33g6,,2.729004,True,0.0,False,0.0,False,0.0,False,0.0,False,0.0,False
pool1r55hyfrd3tw6nzpkvf4rfceh2f04yph92fc462phnd0akp2s5r6,COFFE,28675173.76811,True,0.020294694801759026,True,0.016331211583154863,True,0.01675317066517641,True,0.020952454547263195,True,0.01698897132865904,True
pool1r5r0z899up4kc9slygn7a2uhl9ama33sl6qwafvef28jgaf06hz,,1121.054874,True,0.0,False,0.0,False,0.0,False,0.0,False,0.0,False
pool1r5srulgd6gpav0sympqrkt9f4ykl06lh9sgk0p20r54v7759kws,DOG,1106688.76533,True,0.0,False,0.0,False,0.0064083852995260124,True,0.01673743776765421,True,0.012674826432080634,True
pool1r650ja5y4jy7xd6srjz8ujkumy8xpk8kqgrxu92g3nwyk5jf4zq,XRAY6,145.1592,True,0.0,False,0.0,False,0.0,False,0.0,False,0.0,False
pool1r6dzsz6ju52hgelstefrrel4y8fsyt8ck9qgfvvmamgns4vh7w4,DAI,146568.178741,True,0.0,False,0.0,False,0.0,False,0.0,False,0.0,False
pool1r6lp6uumua0kvs069y0k5kh3t7acvv4pz9pfw3zs6rmmcs52z4z,DREAM,1.688197,True,0.0,False,0.0,False,0.0,False,0.0,False,0.0,False
pool1r76pjed6q8k9y8lngcedqhv52zqzc2gczwzqc93x6kwq73xprtr,TTP,106323.323065,True,0.0,False,0.0,False,0.0,False,0.0,False,0.0,False
pool1r7tn56lj5j7te7zyj3wvqn0wyw8tr3g96chw6lwnqxjmgggrfd8,AKLEI,70538.603305,True,0.0,False,0.0,False,0.0,False,0.0,False,0.0,False
pool1r80l6hsdftyfvqftjak0r6llnszdtnh2x7rvtllawzj7x3afq2k,LBRTA,8685.979612,True,0.0,False,0.0,False,0.0,False,0.0,False,0.0,False
pool1r8938r4ts8f4t8nsp9xl9dktzapt7f67jgpsp4wrju39xrdnaye,VENUS,1829365.541984,True,0.008049718866791535,True,0.004022659296758087,True,0.010748769916867065,True,0.01853453836284377,True,0.014507478792810318,True
pool1r8lmsrdure385hz647kl2qjhyyxkdle4au5krjcsqed4x8227k3,MAYZ,393655.281637,True,0.0,False,0.0,False,0.0,False,0.0,True,0.0,True
pool1r96tdg42e7qpxxef2fhzlusl4wtqjk24kznsj4ttar0f6adw0jq,,1.665757,True,0.0,False,0.0,False,0.0,False,0.0,False,0.0,False
pool1r9dfv5360alp5dh020k050d4n4yh9h4gms9lf0srm43z5zk4d3s,,115.453029,True,0.0,False,0.0,False,0.0,False,0.0,False,0.0,False
pool1r9fpxs4kcn80kylsjxs8tg3p50nk2s66qerfqtw4x70n5740nj9,,77079758.20068,True,0.0,True,0.0,True,0.0,True,0.0,True,0.0,True
pool1r9kse9x8ja0ajkyw8w96zw5c2aqeey6j85nmyqxhwt0rs090fu4,UPBIT,31753189.808382,True,0.0,True,0.0,True,0.0,True,0.0,True,0.0,True
pool1r9mgl8cj0hyht0678cpdljt2pw353672jyy9ak00dzalglx2jq5,REPUT,1348.625059,True,0.0,False,0.0,False,0.0,False,0.0,False,0.0,False
pool1r9qyjstrc050njg8lm7wxy5874mgu322vyljntdsm5qgxvjcewv,SHEIN,32814.049187,True,0.0,False,0.0,False,0.0,False,0.0,False,0.0,False
pool1r9rc8f6xtl8fxmrvz3et9en0p8tp9aq0rzslfczawq6m7udqd33,ETO17,106.43319,True,0.0,False,0.0,False,0.0,False,0.0,False,0.0,False
pool1ra2su7cvnmr83pu9nvvz4a9carsgc9egc3e5fuk7h9pycyp5ela,LBF4,86942067.15871,False,0.018038870596195786,False,0.014631424773026147,False,0.014631424773026147,False,0.01811385040991588,False,0.01470640458674624,False
pool1ralkckmup253k79hap4chku450qyshezh4sasjqh0ltxu2gytlq,OYAJI,553736.903673,True,0.0,False,0.0,False,0.0,False,0.011794477763906984,True,0.007730126834590661,True
pool1raua8hvrv65aq3gjuk0re4juzdpw4gnpkeq7lyl94j8cv2grye4,,1120.93101,True,0.0,False,0.0,False,0.0,False,0.0,False,0.0,False
pool1rcd7qslz3xnpnk9u6tcwegy5r2574uf8suqu24ptg637jha3sr5,NINI,8261490.267555,True,0.0183028014588233,True,0.014318992633822344,True,0.01579109991787526,True,0.02059755693102343,True,0.01661374810602248,True
pool1rcdq9r6f0nwv376afk5dx3ugaumlhm4kx7g8tue74dlwgwsmd4l,GALT1,9267.198215,True,0.0,False,0.0,False,0.0,False,0.0,False,0.0,False
pool1rcg65q6m4y2w49n0nvj570xfa3hsyarm5tjnnumy4xm3sw0d6lu,,203.182474,True,0.0,False,0.0,False,0.0,False,0.0,False,0.0,False
pool1rct5guwnp6nk9f4ldn5tr3s42j0nm5rxeayv56lxua5ck47ex39,FIMI,41429628.383507,True,0.02087154718995866,True,0.016847601104071866,True,0.017144149745210314,True,0.02133381418938036,True,0.017309868103493567,True
pool1rd02pkrtvme3pd6fznltk62e4cr5ddgq5fmd080neu4mkt8r020,,3009.507338,True,0.0,False,0.0,False,0.0,False,0.0,False,0.0,False
pool1rdlpngqqd54x2ek7s9m8hl5yrc7dx5mlm9wtdqatldm5jfrcgqt,,1099.411067,True,0.0,False,0.0,False,0.0,False,0.0,False,0.0,False
pool1re8cmjt895tpx8dx2veg0cew5yqtxnt82sll03e433a4ugnh9w7,RISE,201158.7092,True,0.0,False,0.0,False,0.0,False,0.0,False,0.0,False
pool1reje63x6l2dh4t6d8ya3m04c9lypu4chc0cvn4jnk7lmus54ckn,MILL,1010.076116,True,0.0,False,0.0,False,0.0,False,0.0,False,0.0,False
pool1rek8m67j3lrslpkrv5twxr5adpt2r5k3qq2huh6vgx8jkcw4qc8,UNTH,197.456153,True,0.0,False,0.0,False,0.0,False,0.0,False,0.0,False
pool1repwaml372lx5kf3yw7568yhefa4d60r2d07un5gmykyv57ejxq,IND,1620.880065,True,0.0,False,0.0,False,0.0,False,0.0,False,0.0,False
pool1ret0s9eqs27nvw0k7y6vvv7nzfhpx3a86qyjnl4np79sk29q8f8,edu,7153.748966,True,0.0,False,0.0,False,0.0,False,0.0,False,0.0,False
pool1rf2q4a04tgrwpuj5xg4sf0dj737ytaqs8s6yuyps55r6s87x7v7,CPTN,1000.986218,True,0.0,False,0.0,False,0.0,False,0.0,False,0.0,False
pool1rfwfql54dxqe2f3pht7c8xztq9c5wncdhcp542nk76dcgshtvdk,,376.518669,True,0.0,False,0.0,False,0.0,False,0.0,False,0.0,False
pool1rg4h4fc9j70w3jx86s3vc8vzd7hxwd4sz4j80d93hk7j7mm5dx2,,27.617078,True,0.0,False,0.0,False,0.0,False,0.0,False,0.0,False
pool1rg8yt3kqrzdch8edul6fm7n6achgvfyg8n6zhrpx5a83scz83ys,,174492.468281,True,0.0,False,0.0,False,0.0,False,0.0,False,0.0,False
pool1rglej4fkg4l99e5agyxsd5w977n5u7chq8wrpwsgmr80292fw65,HEAVN,460.377578,True,0.0,False,0.0,False,0.0,False,0.0,False,0.0,False
pool1rhew9hdp6wpudh22k7gyjtv98r872hca064n8ug8lk3j65ae59a,HAX,9.975834,True,0.0,False,0.0,False,0.0,False,0.0,False,0.0,False
pool1rhq7qyw4y2s80gstyevm6rhz2lsdsrcstawunxx5eld8csvuvlu,ART,119374.715152,True,0.0,False,0.0,False,0.0,False,0.0,False,0.0,False
pool1rj6apcqxcvavaxp22f75zs9upphena7ntsnut2efvq98g4404up,APP,1668204.268842,True,0.0,False,0.0,False,0.010075945050927883,True,0.01821548723628643,True,0.014191538163973836,True
pool1rj8zkzk3dm0lmnjtafczqfp8sshmang8gg85eypjeh2e6cve0vl,STKD,7516.719048,True,0.0,False,0.0,False,0.0,False,0.0,False,0.0,False
pool1rjxdqghfjw5rv6lxg8qhedkechvfgnsqhl8rrzwck9g45n43yql,XRAY1,16571734.001958,True,0.019981068607345734,True,0.015956608671917095,True,0.01669798552472854,True,0.021136744289669454,True,0.017112284354240816,True
pool1rk28hp58ptwapha9nc944ast32gln8a7hx6eue0gzuj7sndzrhk,NOCAR,74000.41242,True,0.0,False,0.0,False,0.0,False,0.0,False,0.0,False
pool1rk2mshek3ln2uahk9xg2r2yf6z5u00h37g4jc2mkyt6yk0r2xw3,,9.490391,True,0.0,False,0.0,False,0.0,False,0.0,False,0.0,False
pool1rkknx2m6h3dw6y6t8ux6fx65mxamgk207mdwtcc3yvas2yyrvxp,BTFND,23.613933,True,0.0,False,0.0,False,0.0,False,0.0,False,0.0,False
pool1rkyc3ss904h066sffergss99r9p2kqa4k6ds0g4u5ud4x7yaajd,1PCT5,7446155.678658,True,0.018168010584913567,True,0.014146125198241944,True,0.015796090701275082,True,0.02074001563375934,True,0.016718130247087716,True
pool1rkz43352y9kmsvzqn3wp08t6qfz64j6at4gtmn74ge0tv7hqdhf,BLIZZ,2800.169685,True,0.0,False,0.0,False,0.0,False,0.0,False,0.0,False
pool1rm8rza3ff0cape54ddjclwwm6a4g5wx604t3y9mdlysdz898f42,,501.115212,True,0.0,False,0.0,False,0.0,False,0.0,False,0.0,False
pool1rmpv0h0pecysach8tj06vxx9wku2pdm74mk9cunx759v58q0hu2,SASA,41841973.891547,True,0.02034938217533391,True,0.016426549004092322,True,0.016712760405854597,True,0.02079553524278686,True,0.016872702071545276,True
pool1rp466amdpse0gsmdkteqpqmnm5fl4v0q8juwwq4xagwygwzu8ln,,507.102535,True,0.0,False,0.0,False,0.0,False,0.0,False,0.0,False
pool1rpdfq9gm9ls0q8tnc2ssnpg5av3hm5ehktul7cfznjvjxyku2k6,PADA,17387.273798,True,0.0,False,0.0,False,0.0,False,0.0,False,0.0,False
pool1rpfj2y4vddj8azwu9977a63s2cjl374pep98l6dhuqh5u9jctj0,BNP,49594.901658,True,0.0,False,0.0,False,0.0,False,0.0,False,0.0,False
pool1rpjjz68kmmetyxztmrstrwgz8lxf6v0d7vqgw98r5x8rc50jrdf,DEW,4486165.582742,True,0.015833537102777365,True,0.011854999645784526,True,0.014565956202266903,True,0.020059439970235186,True,0.016080902513242346,True
pool1rq4vahleea4yc38cr58klupl6g0w7ca07lc6kyvtcznp6649j5p,,3.678935,True,0.0,False,0.0,False,0.0,False,0.0,False,0.0,False
pool1rq6c8ntlsh2xl3le0utg4fpxqhag7fdlpzdykcld7dh9gtz8fxt,NOCAP,274.417916,True,0.0,False,0.0,False,0.0,False,0.0,False,0.0,False
pool1rq70y0sj8fnjgnuavsjtvk2qm6hjw2r9zfacd46z6z8c7tlgcmx,,127.046347,True,0.0,False,0.0,False,0.0,False,0.0,False,0.0,False
pool1rqgf6qd0p3wyf9dxf2w7qcddvgg4vu56l35ez2xqemhqun2gn7y,HADA,1381877.482224,True,0.012577088918958363,True,0.008555127048825044,True,0.008555127048825044,True,0.017545438203404616,True,0.013523476333271297,True
pool1rqgmaq82p2l3j2jknc2syky2xtgylevss39c7ffgpp5x56s5pt5,,17303311.756665,True,0.019436364209939994,True,0.015533852572226085,True,0.016222368167826507,True,0.02050963852072889,True,0.016607126883014984,True
pool1rqwhzyfvm8uh6qseqpkkz2uvga0ufr0aaavrw7nynytuxy9uj6c,,598.614966,True,0.0,False,0.0,False,0.0,False,0.0,False,0.0,False
pool1rrzlme4g2r49x7tcesdkuk5wqv5ks2dkq3ptapgnclgvkcxy9sc,DDP,25012.719466,True,0.0,False,0.0,False,0.0,False,0.0,False,0.0,False
pool1rscmngzy9mzyy98kl7h38scshgmk4cw0cs6ed58mq68mw4uustm,,1062.558799,True,0.0,False,0.0,False,0.0,False,0.0,False,0.0,False
pool1rsm2ara9zm9tq0gupcq4c7e3v7c8lwxlgjgh2zalgjf3669rlwq,,100.838685,True,0.0,False,0.0,False,0.0,False,0.0,False,0.0,False
pool1rsrmpq6jnxnwh6z8wlzphnan4huyz6pymcgna2p5m93mz780xkw,,107.431117,True,0.0,False,0.0,False,0.0,False,0.0,False,0.0,False
pool1rte6kvv4z3f4fuq6np3qsmxh3pujem6rncpg58tuxc04gwmc2xn,,611.091876,True,0.0,False,0.0,False,0.0,False,0.0,False,0.0,False
pool1rthy0xp2syng0cydp85wvz973szmq2ns8u5p4hdedkwlyhry27w,MEDA🌌,6559.270234,True,0.0,False,0.0,False,0.0,False,0.0,False,0.0,False
pool1rtnk3j8jv0wl0qz2j8xq4h5yeh0uvw3xj738fgl6wc4scxenkgz,MOKUM,88215.822664,True,0.0,False,0.0,False,0.0,False,0.0,False,0.0,False
pool1rtnv5vj0glxu9w2mkl9ptev72enx75gjzdkc8urfhavr5reah0c,STKGR,1116395.302306,True,0.010569253059113656,True,0.006507116175440903,True,0.006507116175440903,True,0.016781210405830565,True,0.012719073522157813,True
pool1rtr6nja4hh8j8hkrmevehw7009za3fu2vucv27rl6qdr6xttd09,BWITS,2026.297299,True,0.0,False,0.0,False,0.0,False,0.0,False,0.0,False
pool1ru5ltcffgwnz6qdmccq9lcfu4zncygacm5fzvwz6tq9zcfwyl0v,,5021.439761,True,0.0,False,0.0,False,0.0,False,0.0,False,0.0,False
pool1rv3f2ctg35ke7t5azmaha6393skhvnhwedh96e6r703tg00wp77,,5609.097091,True,0.0,False,0.0,False,0.0,False,0.0,False,0.0,False
pool1rven0s3l30qawndj2m8v0fwgc8rsthumda72l4wkgwdhx7qgdjw,NIFTY,103.070019,True,0.0,False,0.0,False,0.0,False,0.0,False,0.0,False
pool1rvjj8cp3urh7de07pm0ceqha2x4lxws69lhd4429dm6djfjsy4l,DINO,26153919.628981,True,0.020525136994543336,True,0.01650119083547465,True,0.016970944515775254,True,0.021257400084423686,True,0.017233453925355,True
pool1rvng7n968748udkc5rxy4h9zp9hms4s3jsfwuues76ft28uc056,DIGI,57918199.914586,True,0.020419301020580417,True,0.016527601645710537,True,0.01673329864626597,True,0.020739946344975644,True,0.016848246970105764,True
pool1rw29y8c5md2rm4ynkrqhpm9saatd0a0xzyyc6xudelgkww5junh,RGDL,10047890.804267,True,0.0,False,0.0,False,1.6380418841935285e-07,True,2.1135729733737335e-07,True,1.7070613444470514e-07,True
pool1rx2745qj65qrgcutmpydv9k3ld930puq52t7skcd3ennqh550zc,KUNI,9197.820559,True,0.0,False,0.0,False,0.0,False,0.0,False,0.0,False
pool1rxgxstg6t7azlsrk4vuuwp0jgl9e776dg86zqzaa0qt6vz43n9r,RKD,5821424.389886,True,1.7417059200366292e-06,True,1.335194312081819e-06,True,1.5483723793184125e-06,True,2.074012907199554e-06,True,1.6675012992447443e-06,True
pool1ryyfhgm4rqa9pnykxuhxcmy6rdn0uyltufm9t86c6uskwv3aame,,17.425265,True,0.0,False,0.0,False,0.0,False,0.0,False,0.0,False
pool1rzhyuwfwdzksm9v2ze8playmvdv3u04x9a0tmhg2krx7kt2635t,,983.781249,True,0.0,False,0.0,False,0.0,False,0.0,False,0.0,False
pool1s04pdfl3sv5gzuc80322rc4ne0xs7gekux7gtckvvwt7qutjy6w,MS9,17861487.175783,True,0.019786213062632608,True,0.015824256399200563,True,0.016501677594923006,True,0.020842193161847003,True,0.01688023649841496,True
pool1s0cfkzheywsftgwp0yz7sq4rt5gyf7t5kfwj5a269kpxvndjn6q,OCEA5,22721348.487772,True,0.01929251639119941,True,0.015386695123831017,True,0.016405582273616996,True,0.020604719538651048,True,0.01669889827128266,True
pool1s0kkragd8r2xyyms680l9eed443v3eufmarykpjfh2r6cpksm2j,SABAI,625979.145195,True,0.0,False,0.0,False,0.0,False,0.012938184831525396,True,0.008875482535559481,True
pool1s2rj8t2a5tfv0rpsfak77g03h96uv3rqxp62t6jm3dh45g2e2pj,CRD,1260473.509818,True,0.0020058655526412656,True,0.0,False,0.007796416988626029,True,0.01735327257811158,True,0.013298317620398405,True
pool1s3z5qsg75dar26ykyzcz2u8wc2swgq7pyp7f9sdh5n06qh3jhq2,1PCT1,5872857.354294,True,0.017283974164256182,True,0.013262084108630634,True,0.01535406408682933,True,0.020545001777330613,True,0.01652311172170507,True
pool1s4a3y5ktdg7s08d6mntkctzc739h5n46t930jggef287cwz8pph,,163.039113,True,0.0,False,0.0,False,0.0,False,0.0,False,0.0,False
pool1s4hxwet8ezjgfjxekeexezzyu2zhg302hpex6f683hvsw8qpd5v,KSTRL,2007.823514,True,0.0,False,0.0,False,0.0,False,0.0,False,0.0,False
pool1s4ve6tap62x9khdvhkk9f8fj74ks5txuygsnu7wkujk3jd2c0jh,,326.466865,True,0.0,False,0.0,False,0.0,False,0.0,False,0.0,False
pool1s54847dyrcpgxjvsjvhjjqjrkz3x6vevy77xaqje5nugxhp6j2g,,79580.484349,True,0.0,False,0.0,False,0.0,False,0.0,False,0.0,False
pool1s6s6eyve0lmc4e0emzf2l68n9ya0rhrpdcq0jmkmmmxv2rkrx42,,6713.133499,True,0.0,False,0.0,False,0.0,False,0.0,False,0.0,False
pool1s6se64qce5rjjjhh6ufcdnc54p8qg78mlhjm38lymx99sqysvzx,PAUL1,57758749.229533,True,0.020621508909297738,True,0.016683429983267797,True,0.016891843429898405,True,0.020946388693751337,True,0.017008309767721393,True
pool1s6x6kltycpxq82hyqhlqllqj3q5l2m8w499gvtu4xrfv29c0q2q,LOOT,2881053.730859,True,0.012806528407295148,True,0.008822820122561132,True,0.013044553604905291,True,0.019387465894478692,True,0.015403757609744675,True
pool1s79cqtwk5s24lcske704ckx7k2pagn8hc95rxvy3xfda6r62pg9,UK007,112367.119728,True,0.0,False,0.0,False,0.0,False,0.0,False,0.0,False
pool1s7ddsvuw09dvk7et6t842vhdfcmq893y88y3ev9attn67mruf5m,ELLIP,10350456.539807,True,0.018704259971647184,True,0.014761148027982592,True,0.01592415952933077,True,0.02051718966492522,True,0.016574077721260634,True
pool1s7eglqwzl84xgvpr4pptylcgqhkjr4xk8d6y3k22plu3sagms25,SANP,68318.927949,True,0.0,False,0.0,False,0.0,False,0.0,False,0.0,False
pool1s7vl4r9vr2etmr2pfhcvxu223e8asaxu96te3urd7gh3c2kl74a,,133.4,True,0.0,False,0.0,False,0.0,False,0.0,False,0.0,False
pool1s8347yjgmfguf0ynj69euw7r75w7usdrfheckpcrjrk2yfvnpwq,,70038652.426558,True,0.020259932236310303,True,0.016398071761489243,True,0.016566400242856907,True,0.020522326633736362,True,0.016660466158915307,True
pool1sa0uepv2uzwd0g8sh5lkjzgwkcxrg3z4m5wyzgfh93pnwupsm8g,,1293.493236,True,0.0,False,0.0,False,0.0,False,0.0,False,0.0,False
pool1samrdfdupytre8zuqf5y3sda0kxhp894yvjpnhwwczukwd4mx6y,,520.082,True,0.0,False,0.0,False,0.0,False,0.0,False,0.0,False
pool1scnq7w9rxgt2c4lax0y0ch0el2t9pjcyffhhzs2dfgt75u2zcq4,ALEX,85278.509498,True,0.0,False,0.0,False,0.0,False,0.0,False,0.0,False
pool1sdare7xfd6tmak8ghek7kwgpgj6xzu0reppmw4t46rmcs0h6vr2,UTA,70058047.341554,True,0.020260025436640922,True,0.01639816496181987,True,0.01656644684302222,True,0.02052234719263282,True,0.01666048671781177,True
pool1sdvrd0sxh2mprqc3m9zmvrfccavzpz9r2uancg866hpec7nnt0s,FIALA,1622595.554789,True,0.014034364664860521,True,0.00997048857312571,True,0.00997048857312571,True,0.01830838105762811,True,0.014244504965893294,True
pool1sf784g6eje8vzq9f5wu583eurhfq2ee9hzyhl46yezkuqqtmw07,NOVA,1364245.272104,True,0.003452619630923097,True,0.0,False,0.008433845063289324,True,0.017490821112437945,True,0.013466407858549365,True
pool1sffl322qgsrsmkcedzzwk05396dkmj56pcepqvj6px3n2re3qu4,MOON1,921454.88865,True,0.008048532140332755,True,0.004064718228218627,True,0.004064718228218627,True,0.015424150940247188,True,0.011440337028133062,True
pool1sfjdu0xmz7vdmp6cufxd55gprp95g4p703zzr3upt70dst0fur2,,1519935.174172,True,0.005297549643317655,True,0.0012731363933266343,True,0.009356310076502212,True,0.017897790972973705,True,0.013873377722982685,True
pool1sfuspqv9gyqn65vwu6e27dp6ju7gmqmgsnasqp6zxp6qqlzlpfe,SOLPI,477635.742544,True,0.0,False,0.0,False,0.0,False,0.010118067250564371,True,0.006095062210502596,True
pool1sfzvwcqx77fkyfsmhpyhtkh2ef5ppezl2qtrl7jpe7q5up96ux9,,12.359567,True,0.0,False,0.0,False,0.0,False,0.0,False,0.0,False
pool1sghd7rmq0ktp6xd8yp84m00530hhqxx94lsnswmajt2xxrzpyjk,TS1TA,65929.347054,True,0.0,False,0.0,False,0.0,False,0.0,False,0.0,False
pool1sghwg652uwe7ksmk5laxxft58j6km6prahvnddk3s6zgxek5qen,FLUX,319131.850462,True,0.0,False,0.0,False,0.0,False,0.0044800234367149494,True,0.0004559137419988741,True
pool1sj3gnahsms73uxxu43rgwczdw596en7dtsfcqf6297vzgcedquv,E7D,114299.315345,True,0.0,False,0.0,False,0.0,False,0.0,False,0.0,False
pool1sjnh0ymk9fhhnusm7uksux5yhpfyhjfmseq5nuupsj6ezskc0pj,UPBIT,35977015.061616,True,0.0,True,0.0,True,0.0,True,0.0,True,0.0,True
pool1sjrfgg0z0su3gun5xdsj5kvl34m5el3zf6mkaffukg9ucc0q4zc,,384.91939,True,0.0,False,0.0,False,0.0,False,0.0,False,0.0,False
pool1sjwdmeme5zs042jzwmdvxshhv27kepxke0mr02f2yzacsyd4wtu,CCV,43969663.333969,True,0.02048269659401908,True,0.01653955922388717,True,0.016813332072875536,True,0.020909460152736238,True,0.01696632278260433,True
pool1sk4s9cmjc9s5uw5zju76tnu3hjc7qj4geaeq7psy9yjay4a9nwd,,103.164846,True,0.0,False,0.0,False,0.0,False,0.0,False,0.0,False
pool1sk64cyef3v2m000eshsdz6ydu3j7rczuyv93dl76euyev7pslxg,SAIGO,2687.08386,True,0.0,False,0.0,False,0.0,False,0.0,False,0.0,False
pool1sk6jvl4u8m4peddwqxzslgt82n57qy0rug2j0jfzkrjvy9f5mw6,,356.83051,True,0.0,False,0.0,False,0.0,False,0.0,False,0.0,False
pool1sks9qwpygf9vmgeuh4n4a3s36k35c3qnz7pd4qqvw5825x62y3y,STEAK,425457.471141,True,0.0,False,0.0,False,0.0,False,0.008774454646359089,True,0.004733661615711689,True
pool1sktjey6tdtgp6svf0d2nth7ruq3zjnhgg2dckpkveyeqk0jttgj,ENOV8,4348.951451,True,0.0,False,0.0,False,0.0,False,0.0,False,0.0,False
pool1sktpderrlmwnw8l769aqqfmmv2sn2uatp4r9z84htt6kg7jauyn,,3653.156184,True,0.0,False,0.0,False,0.0,False,0.0,False,0.0,False
pool1skykl3rncme7qzwy0t55wk258h4e4s9dyacrm3hnsya3u3k5vkw,SAFST,35419.435808,True,0.0,False,0.0,False,0.0,False,0.0,False,0.0,False
pool1slwxj0t3575lx0rfw2x3z7dqf26jpls566pdwydvlk0jgw96lre,MORH,18294810.62308,True,0.00020340590151498813,True,0.00016285873117824392,True,0.0001696420755132457,True,0.0002139799382724909,True,0.00017343276793574668,True
pool1sm2kmdn4f9rat3kl67y9drqcnnqc34zg4f4ufmnrfaj45gcv89d,LTES,1512507.302068,True,0.013444070110661321,True,0.009390402999514984,True,0.009390402999514984,True,0.01801770918700939,True,0.013964042075863055,True
pool1smfwu5w54mnxea6dg7gwmkk6df8jauuf4h2x0cqew3dk2lgln2t,OHANA,486843.783119,True,0.0,False,0.0,False,0.0,False,0.010434796745065759,True,0.006369732782981251,True
pool1smy2r8jdvgna5ykhe8rrch7h4qalyfafyzyh0rmanmq0jxptww7,ZZZ3,23252865.112133,True,0.0195865426228657,True,0.015727169024572288,True,0.016234181813884366,True,0.020376886088558054,True,0.016517512490264643,True
pool1snauzgh8r7tww3emfmdt58dt4hpvyjc23j0nj3h0ql2wwzgdkp9,,218.055983,True,0.0,False,0.0,False,0.0,False,0.0,False,0.0,False
pool1snvcmtdnssf6t8fhs7943uxmmujlt4f89yv58cp7m99cq5tw9hy,INDYS,2870.032726,True,0.0,False,0.0,False,0.0,False,0.0,False,0.0,False
pool1snyaulmp94axe7ltmqzlkztqn9axt5ykprjtxh3qgn35cred9pf,,1001.676644,True,0.0,False,0.0,False,0.0,False,0.0,False,0.0,False
pool1spakm5z76m4jvu3zn43yyw7659gj3zv5vtkgsvswdwm8q56zj5z,CMORE,1019.915823,True,0.0,False,0.0,False,0.0,False,0.0,False,0.0,False
pool1spqkpaezku3knl9ug7txrlyzr8kkvdr0h75yyz262cx6gls6zlm,ADAC1,17.115823,True,0.0,False,0.0,False,0.0,False,0.0,False,0.0,False
pool1spus7k8cy5qcs82xhw60dwwk2d4vrfs0m5vr2zst04gtq700gjn,ZZZ4,10262332.480312,True,0.0183029315424729,True,0.014443551164910166,True,0.015592364071003183,True,0.020093728131382604,True,0.01623434775381987,True
pool1sqpksswmxpgk6yxllyq9ad4qhtnt5qyz2pv5xmz6kkt5ujrgqwf,SJG,119881.317048,True,0.0,False,0.0,False,0.0,False,0.0,False,0.0,False
pool1sr953s548fudyhmfm082xp0mensv2gxzt4qpe466ykw0z3jjzvv,AIR,2698085.785981,True,0.012481547677591166,True,0.008416457600729888,True,0.013016014836634391,True,0.01965144572179525,True,0.015586355644933969,True
pool1sru6yhj5q0zvfyyuappgrvssxzjumjsd3ekyeslhvwmv6hmmxzn,C1ST,126432.886341,True,0.0,False,0.0,False,0.0,False,0.0,False,0.0,False
pool1ssn7vj756vpv84h5vgkkvv5rzk0zp6pp2kdrqwfjsffu60djyy8,,197.62403,True,0.0,False,0.0,False,0.0,False,0.0,False,0.0,False
pool1st58tj7nun3vynlhlmfawrn24ar0pshdle733vtkv43szxt2kq0,CETF,2950.245494,True,0.0,False,0.0,False,0.0,False,0.0,False,0.0,False
pool1st9xr6arqq8f2hjsdz6urxejjwzpjkjceatnjuehhr9xuq6k4eu,,645.07951,True,0.0,False,0.0,False,0.0,False,0.0,False,0.0,False
pool1stjukmjtgs7rdvy8ucsc543f9y2ct56ss08zed392php7k0teaq,,2.443789,True,0.0,False,0.0,False,0.0,False,0.0,False,0.0,False
pool1stvux7an3kp2p55na0p7eec2e7l66gqcpuc7yu9cx5242g4j2eh,CHUB,304543.381396,True,0.0,False,0.0,False,0.0,False,0.003648515879366329,True,0.0,False
pool1supp67ypelmgzuzqqvarc6czgmg3ggwpnrnfr90xpfcqqf8h05t,1PCT,4149704.915406,True,0.015546582741619519,True,0.011524683510127117,True,0.014485351858950656,True,0.02016174222655033,True,0.016139842995057926,True
pool1suuvhhetdpjmenal5j2uyjld26jke57xw2yz7gc4j2s3yhgd7us,,4.427641,True,0.0,False,0.0,False,0.0,False,0.0,False,0.0,False
pool1suvska2n58hqxqzzqwpw3558072vkmng0jezzgtlsj625yk7gt8,ADAJP,564370.363347,True,0.0,False,0.0,False,0.0,False,0.011979552220069568,True,0.007914441173284622,True
pool1suy76cpk5lkpsmaqpecygl5j9na5du0xe2lrxd733dlwcus9j2n,,8.61875,True,0.0,False,0.0,False,0.0,False,0.0,False,0.0,False
pool1svv9st22dywp9exwsltt7cdc4v2dyrf4zls00jesv2lzvpz45jh,SCAR2,200771.679284,True,0.0,False,0.0,False,0.0,False,0.0,False,0.0,False
pool1svzk9ckds6r83nvg2k7w9hszza2haqd9zu7fuyg37e8gg3dylrf,,97.620466,True,0.0,False,0.0,False,0.0,False,0.0,False,0.0,False
pool1swe9nsv8lzugakjkfv04dn38scmq48wzynmn0lxasupuzmqcgjm,ADAGE,15510706.438858,True,0.020714230261609713,True,0.016688947819022356,True,0.016688947819022356,True,0.02115758505187072,True,0.017132302609283365,True
pool1swuyjknhewtqcmh583jjpvlcl0p9h9hrt5l2f3v2hl6gchqrn40,ETO4,60000074.616946,True,0.0,True,0.0,True,0.0,True,0.0,True,0.0,True
pool1sx4e8rvx2xdxgkww2fpjtmvrnaftfrtfge29xcn72hh7kch5snf,UK1,154558.610469,True,0.0,False,0.0,False,0.0,False,0.0,False,0.0,False
pool1sxj5qufj25ssfk83jjxp4tw2py7vfceta63p2u8ymugtga9us8t,,115904.852882,True,0.0,False,0.0,False,0.0,False,0.0,False,0.0,False
pool1sxrkzy0ty37s2qx66cscqwucdqlvemtjl96ep36mqfrnku9lq8t,,1043.463985,True,0.0,False,0.0,False,0.0,False,0.0,False,0.0,False
pool1sy86l3j2aumxgsvp2nmw4ukuq2tc7drnqum9z8796hxnzksde4j,,2443.472823,True,0.0,False,0.0,False,0.0,False,0.0,False,0.0,False
pool1sysgx87cwxnqy0pqn8g97gdhd0dmre9rw3jvpn2k7apuwa7cgkn,EVE6,63451083.227187,True,0.020371607058508726,True,0.016469095924163388,True,0.016723124684275927,True,0.02073056074127645,True,0.01682804960693111,True
pool1syt2h0690xyjhkr5mntv868xgl82m407e83e4sznaucpkr0lg85,,425.911053,True,0.0,False,0.0,False,0.0,False,0.0,False,0.0,False
pool1szah3sjg5vhd09pa0y6fcsyja2rttsztdp0gj8jpngqxz9kj0a8,,2575.210991,True,0.0,False,0.0,False,0.0,False,0.0,False,0.0,False
pool1szgruqm2dlhkh5qh7rft28xz9gkxj6rzfncsuquf3vm37k63kqv,IOGP,16.9664,True,0.0,False,0.0,False,0.0,False,0.0,False,0.0,False
pool1szy2tdjj8a4av365wk3q2fqg9srllmt0383e6v9p664ng076x9e,XRAY5,1152528.928645,True,0.00014392361883236644,True,0.0,False,0.00677941302971752,True,0.01676090348285713,True,0.012736443547009417,True
pool1t0jheek3yftf0a9dgzgr2hc2wttwrcjyd5whdrek4ggcc5famre,POND,106199.996074,True,0.0,False,0.0,False,0.0,False,0.0,False,0.0,False
pool1t2e4v7ajh38qhjswqaavjqfsevyllhda24t2s2u6vhsavyhhqaf,GAJA,105.132223,True,0.0,False,0.0,False,0.0,False,0.0,False,0.0,False
pool1t2mxyjvqsay4yl6vm5gqep5f76nm9wen3452zxa0nu2xugmsm6k,RXO,10.277276,True,0.0,False,0.0,False,0.0,False,0.0,False,0.0,False
pool1t2zc29vmryg0z72jp3vh04awlxlrqf88jc3zfx7wm8dwjuhgch9,,2944.132986,True,0.0,False,0.0,False,0.0,False,0.0,False,0.0,False
pool1t4q9v8vxf8ltx407cqkwq3sksgmq85e459jqsf34x0cxyfaqljw,,596.889206,True,0.0,False,0.0,False,0.0,False,0.0,False,0.0,False
pool1t4zp4wlastva63rqk99k7578e2h3znqdk2arhzuegz6kgj0duc8,ROBOT,87285.82187,True,0.0,False,0.0,False,0.0,False,0.0,False,0.0,False
pool1t50sl2erwfaey5du4e7gnp52fylplh5q4j24zkkxk9t5vsxfcvm,MONEY,501606.528981,True,0.0,False,0.0,False,0.0,False,0.010765690595187869,True,0.006700574358336673,True
pool1t5zgwakxfmqxgu7l65fk45u33frlqrvgsvzn7demdy0ejgrhq9a,IOGP,126.037603,True,0.0,False,0.0,False,0.0,False,0.0,False,0.0,False
pool1t6ek99u2dzj8sr606uqm3uz0tt4ejr4cpvwtqfwen6p2z57rrst,BD0,38361278.418716,True,0.01935093996506241,True,0.015611042626792236,True,0.01590866565893889,True,0.019814881750467472,True,0.016074984412197308,True
pool1t6mnkhwj99hm0ckt8fkf85r84le9p95v2a3l874vfn947g5ajmu,,4.098353,True,0.0,False,0.0,False,0.0,False,0.0,False,0.0,False
pool1t6n7rysk6wzm9wqxda6zxpzmm3j6256fs3mp06dc26n6503hhj4,DAVE,37599288.820473,True,0.021137221274501225,True,0.01711285996503374,True,0.01711285996503374,True,0.021319821802739447,True,0.017295460493271967,True
pool1t6stu46gth7awdlrdmxmjhgrk9rjhez9qfnlhkhfvf0fj4q3h2a,,20736.18856,True,0.0,False,0.0,False,0.0,False,0.0,False,0.0,False
pool1t6tyc9menh5uax38j89jgdyj0maz6e4mgx90n7xkcl7mu8fzqxu,BNP,35953.952048,True,0.0,False,0.0,False,0.0,False,0.0,False,0.0,False
pool1t6xhh2stg5k50sjdzjglp2h0j59vupwv3kur45efvkk7cps5hwq,1FAT,488385.569711,True,0.0,False,0.0,False,0.0,False,0.010470257181012164,True,0.006405167082168764,True
pool1t74ckqauwmn9ef5ye0h7c5wsgfd36zx24ue9wvj4vj95cl54aff,ORACL,16603.514651,True,0.0,False,0.0,False,0.0,False,0.0,False,0.0,False
pool1t847w2hfv33qrra7q33nzq8epvcxv6ydshcq7w7j23c87xv2c2k,CAPO,3050461.508754,True,0.013544146540584848,True,0.009479030303733735,True,0.013547267180149534,True,0.01988580990676242,True,0.015820693669911304,True
pool1t8dkgz58qcqlak6nn5l5j4qqwvewwmjx85fxtsykk6w9j2e0ng2,GYS,316659.950556,True,0.0,False,0.0,False,0.0,False,0.004220669531605729,True,0.00032160845371293536,True
pool1t8gjk7jzvujfv9s8q992e6s7tp8na0q3j62g7s4ppzfmccus4jk,DEAD,2806910.095982,True,0.01247745039193693,True,0.008549561565699798,True,0.012838156350845061,True,0.019162612851133957,True,0.01523472402489683,True
pool1t8tw057cgksma0f6pawcy7npnwfu0psx64jdr6sqhza55mdvkls,S2S,1756.179682,True,0.0,False,0.0,False,0.0,False,0.0,False,0.0,False
pool1t93hrmha847r5gqazttyg29c9fxfv778w3kc5vf4q7vu5g4ec0r,STKPL,140371.401029,True,0.0,False,0.0,False,0.0,False,0.0,False,0.0,False
pool1t9ckjy949dk97prfs6any8xdjyq9du6prnplx06n4fcn5jgukhc,SWADA,126182.986037,True,0.0,False,0.0,False,0.0,False,0.0,False,0.0,False
pool1t9m69j5thv2ke9jt9hhsgxlag44z7erp2s2ukcpruwhwqarc9np,CEMA1,4053113.987367,True,0.01806816108966799,True,0.014129965482713126,True,0.014129965482713126,True,0.01972786027922125,True,0.01578966467226639,True
pool1t9ve93m48au8m4w8x0m2exh55s0tf2jjk5rwj5hsuqegvvgfq4z,,100.0,True,0.0,False,0.0,False,0.0,False,0.0,False,0.0,False
pool1taadtauxnhqql7s58fztlmnsxg0680mdaz25yry42q4m5s47z8n,LOXE,58611.979055,True,0.0,False,0.0,False,0.0,False,0.0,False,0.0,False
pool1tah22gjtc7ntrdezv49hysegcwpzafea35t6f4hn3wr2y4hz3vz,ACL,370207.714497,True,0.0,False,0.0,False,0.0,False,0.006896495749469736,True,0.0028344234823886403,True
pool1tamft50mh0vjm346d9lusczc8fxxyh5z6fk2eel38srwvz38d78,DGITX,8105.935858,True,0.0,False,0.0,False,0.0,False,0.0,False,0.0,False
pool1tay8z4sq4a4gmyhnygyt0t5j84z8epwjra06wq28jnnmschkkuu,HIGH,8243.710687,True,0.0,False,0.0,False,0.0,False,0.0,False,0.0,False
pool1tc6cy0cqknsm49cvsz0mksajfvlmh3vvcp8ngtmspycgx932w6g,TGEM,1980705.02086,True,0.015415258239779761,True,0.011350194358925111,True,0.011350194358925111,True,0.018916536788055924,True,0.014851472907201272,True
pool1tcctsz9jec45ugkcl8lyk8gz0yss675cnp63gazqalcwsx2dr37,,1117.431611,True,0.0,False,0.0,False,0.0,False,0.0,False,0.0,False
pool1tcjzs5lp05ze2af8tk0pk3e3w6ey9ec0jpu9hxvck32mwxj9xwq,EARN,2213.682763,True,0.0,False,0.0,False,0.0,False,0.0,False,0.0,False
pool1tcmk6at0dmkytxgq5j4u7fgsx9kytvfu7gz22lrs8hp9ztu7arw,RATS,3443699.351419,True,0.013080482776915554,True,0.009455974094720244,True,0.012699288583076417,True,0.018136237714647237,True,0.014511729032451924,True
pool1tdh56dcqs0sjeq4ehfdamlnzvxkrr5zgsysnhlkphzdzwmw4nvw,NOVAF,89738.931947,True,0.0,False,0.0,False,0.0,False,0.0,False,0.0,False
pool1tdsrw0n33gmy0mzh7cgtn9p0jy5xwjxaa2s26gn2ewf8kg4nrzx,CAFE,64995248.243313,True,0.021094062193582994,True,0.017074786764566613,True,0.01726381442938923,True,0.02138872296521825,True,0.017369447536201874,True
pool1tdtzmmmak0tkte2j2hr223dfnqpdy85ypd66tddwywpeuknn2pn,CSWP2,23199.172137,True,0.0,False,0.0,False,0.0,False,0.0,False,0.0,False
pool1tdvqgy6mq7lx7d345e276xmgmhh3s4zj8dzu6xzq5m7rx4tzkg2,ONYX,51469398.20274,True,0.020387423236646943,True,0.01653799555959741,True,0.01653799555959741,True,0.020515426481877215,True,0.016665998804827685,True
pool1te6e6yc3p46yvdakrpngk49npvfvkcutk0z5qpj5xwx9gswkkpz,,1078.622707,True,0.0,False,0.0,False,0.0,False,0.0,False,0.0,False
pool1teg62xfrjvgahfukqhgd0q4wrkn7k0ee03tnju3klt63ws48w50,,1.85427,True,0.0,False,0.0,False,0.0,False,0.0,False,0.0,False
pool1tegyxvyvya2lsqd7w2nna3h63ffdq85l0v8tg44yeak77du8zxd,GLAS,897.047887,True,0.0,False,0.0,False,0.0,False,0.0,False,0.0,False
pool1tem8k8927zvn5jg22g3mxuzhnu62jdnqvn523dduupce24vwlrl,,135.106409,True,0.0,False,0.0,False,0.0,False,0.0,False,0.0,False
pool1tf73xqv234ye2crduemjpreuu4efrdfmpna3l9dwqy2uycvee9y,CHF,92073.67008,True,0.0,False,0.0,False,0.0,False,0.0,False,0.0,False
pool1tf9e29shjqn9wcgf59fk4yrjqw2gq97wlkdqe92z2ngevhvkllg,BLABS,1166.785736,True,0.0,False,0.0,False,0.0,False,0.0,False,0.0,False
pool1tfye5tfgd6x2mw5xwe5lr2y6cu9grnpvenj7dc8258xmq8cuc04,,1203.009836,True,0.0,False,0.0,False,0.0,False,0.0,False,0.0,False
pool1tgt94w0gmhmg5yw2v366fsl39yh90ktxr8uk2xsx3alsyh0tywg,,17.988077,True,0.0,False,0.0,False,0.0,False,0.0,False,0.0,False
pool1th6xh9uks6rywerld5aya0gc3yswwrx3yus9zvehyqaky5c6utd,AVOC,196942.29199,True,0.0,False,0.0,False,0.0,False,0.0,False,0.0,False
pool1th8afnzy79jerwjg0cqgm3y4xz5pfphtfkggyqw0htz8ssujvf5,,416.934572,True,0.0,False,0.0,False,0.0,False,0.0,False,0.0,False
pool1tha2grue5rppsx2w93v5tljr5sshn2lz94ud9z3szlltz46s5k2,DPTUS,29.706406,True,0.0,False,0.0,False,0.0,False,0.0,False,0.0,False
pool1thfkd47x8s84f2vfpxr6v0sfvhrtlwxdv0r7mtjaqvglgpuh9p0,RATIO,154.24762,True,0.0,False,0.0,False,0.0,False,0.0,False,0.0,False
pool1tj3u8pz6732uy2ut3s90e0j880jyu9j0ve9vtu9zj5xzglhdlqy,RPSP,5269178.399307,True,0.016970208513989078,True,0.012905092277137976,True,0.015260298166851666,True,0.020641558871483945,True,0.016576442634632843,True
pool1tjd4vxjnr99jvlnrh35gmg7xqmphxjyftpdfn3mlv3zw60yw5y4,ARTSA,197.61919,True,0.0,False,0.0,False,0.0,False,0.0,False,0.0,False
pool1tjr4zpndkvwkw3du3fvt59f5men6jhuevt7rpx6xw0wcct5kl04,SUGAR,552946.104662,True,0.0,False,0.0,False,0.0,False,0.011783604091706878,True,0.0077212949135671135,True
pool1tkexntwvhg0fqs2xnm7xg6ljqzjkpk0pl4nxxe3nf48ux8nucqy,ARTA,63031.264003,True,0.0,False,0.0,False,0.0,False,0.0,False,0.0,False
pool1tkqjk8s3yqqyuspn4c44rjz7vgsu6kfxm4uvt89cejwryetpt6m,GAS1,1691.306956,True,0.0,False,0.0,False,0.0,False,0.0,False,0.0,False
pool1tlgwdlde3v5aq3vlm7pk8l37tydmjjhucsf0g84xwjtwvwfsmhm,FIONE,254.696573,True,0.0,False,0.0,False,0.0,False,0.0,False,0.0,False
pool1tll7ysfwe8cmsh7g336fh2qxf4jsxap5ssmhzrs9jpksg2g86zt,COMP,87.639078,True,0.0,False,0.0,False,0.0,False,0.0,False,0.0,False
pool1tn7rcvc5lln8frln5n9rfd9cg8kcrj4vlm3ycdquyx5s2mlhmtk,,70024297.20705,True,0.02025986322048591,True,0.016398002745664858,True,0.016566365734944712,True,0.02052231140965745,True,0.016660450934836396,True
pool1tngckke7m227384rvehwdm9t47zmhuy6w6t9cgnetc3ujlsnwj6,SERVE,10.0,True,0.0,False,0.0,False,0.0,False,0.0,False,0.0,False
pool1tnl3yxmj8848vq6meduhz9n5520a7dwsh05r5gfyvlatj87k3jl,SPIDR,110798.893239,True,0.0,False,0.0,False,0.0,False,0.0,False,0.0,False
pool1tnymyv08dl3k9wyfz040vq626542ztm60wwyu7szwl5l6x9h3vl,VCC,34529.24159,True,0.0,False,0.0,False,0.0,False,0.0,False,0.0,False
pool1tp7fzx8w3lrwwuwff9x7nlqr4r5n0awpq0krwnahvj387n7y22h,mtma,7145570.179182,True,1.8156059010207152e-05,True,1.4090942773356049e-05,True,1.5878763714114406e-05,True,2.0914411318805757e-05,True,1.6849295081954654e-05,True
pool1tpd9mcw6y5mx05gv9rgfkl6y0vsdswqs8qdexmf8vstkqk0snau,,1531.205348,True,0.0,False,0.0,False,0.0,False,0.0,False,0.0,False
pool1tpr44v3pxth9j0ff246dvsryxpanxwx52f024ws3ecvn72sgv55,,51366354.131178,True,0.02143910626775888,True,0.01737404241235595,True,0.01737404241235595,True,0.021574116823156478,True,0.017509052967753548,True
pool1tpy5yawzpetcverves0h6xdycxgrstehfvrkygydt9jcqxwpw3j,MANA,15841129.141765,True,0.020594070894762163,True,0.016594664189506465,True,0.016594664189506465,True,0.021025332355915735,True,0.017025925650660037,True
pool1tqywsutw3wtgcvzrljdacgwmv5kfzm8f0ladml5frkckccd72gg,FBSD,172769.951176,True,0.0,False,0.0,False,0.0,False,0.0,False,0.0,False
pool1tr33ynaapce33pjc5ctvj7fju596gppsmqwna4smx0f2khnetjf,AARN,5.11069,True,0.0,False,0.0,False,0.0,False,0.0,False,0.0,False
pool1trjvzzska2mnd8xjxvjz0kfart6cfsj232kk6ghrlnc7u2xyqx0,,118707.045047,True,0.0,False,0.0,False,0.0,False,0.0,False,0.0,False
pool1trxkcm5vnaj07htsmlfgjpwxmljy70ucs8z2n2qy8mvgxr73qlv,,6959.450613,True,0.0,False,0.0,False,0.0,False,0.0,False,0.0,False
pool1ttxsd0ls8w35mrluxa49v0vslt7a85pfusxxemxrkpasy27tkcx,KUCKO,3733.838513,True,0.0,False,0.0,False,0.0,False,0.0,False,0.0,False
pool1tuux2sctklrlzsh34w4gquz2wtundky30fvrn0qky5p7qr5n00d,,5.398685,True,0.0,False,0.0,False,0.0,False,0.0,False,0.0,False
pool1tw2vq5vuxe5x8fse40ljx2mp53rdna9w0sktcq8ndr2nwj4ysgl,,7493.027773,True,0.0,False,0.0,False,0.0,False,0.0,False,0.0,False
pool1twd9vvegn3fqq0f4n08p3aml2ud8q87njs49900rycj4sr5hhcy,AOAUS,2514534.628327,True,0.011696774721879872,True,0.007675352280832864,True,0.012561306071882543,True,0.01931311445498672,True,0.015291692013939715,True
pool1twu4rn366744tqq9g66ruy3rete6842z7nnm4vy0q5jaqd48867,HRBR,114381.601955,True,0.0,False,0.0,False,0.0,False,0.0,False,0.0,False
pool1ty7lh3nvtwxlcpqg2x30fkr3j9ys6nprztr9m4zp3aajxyjk2vz,BEAVR,9556680.576304,True,0.018904532172873592,True,0.01488749385393365,True,0.01617307621717211,True,0.020908528209686493,True,0.016891489890746545,True
pool1tyfdyg85t50lj69ehgmg90e4xr6y42he6pt8pvmau8v5x46fy67,AMANT,1816.589374,True,0.0,False,0.0,False,0.0,False,0.0,False,0.0,False
pool1u0mc9ywfxl529atxyajuz3pgqnwgnk6w7lejjmjg22ucvn7z9vh,NERD,8550543.241577,True,0.01802877367438622,True,0.014127517184551859,True,0.015520832166232804,True,0.0202007058517124,True,0.01629944936187804,True
pool1u0u2s080a5plun4acn6s70xa3q98ct7skt88l7w6nnwwyl9ecym,VOLCY,542348.590189,True,0.0,False,0.0,False,0.0,False,0.011591246091108892,True,0.007529635585562641,True
pool1u24fm2el64cd906xn9fjg8m8v6nra5zj5mpl0363un2jsyyuyup,,76.837286,True,0.0,False,0.0,False,0.0,False,0.0,False,0.0,False
pool1u283gl35gdj2l6c5cmg9crugf9aq7w6242pr88v6enr8u9q2vzj,,4557.490354,True,0.0,False,0.0,False,0.0,False,0.0,False,0.0,False
pool1u2d3guvld9rk0586lyhk2n8kvkzmem7czwdltgem0mgczqd3ygu,,56403.104253,True,0.0,False,0.0,False,0.0,False,0.0,False,0.0,False
pool1u2fuz3fn5dfphf0cu0sewm4rnera445avenggle9sl4hy7rjzgv,,64072514.89011,True,0.02022858429022567,True,0.016366723815404615,True,0.016550726269814593,True,0.020515411645629457,True,0.016653551170808405,True
pool1u2j98kgj8uj7zr7g3deuezfv7hzv3ercnetxd5c9ppjh23x20qg,TVRN,46808.931253,True,0.0,False,0.0,False,0.0,False,0.0,False,0.0,False
pool1u2lghnv4ae3zy73ysjlgvxwj7tuqpmyfavk74j48g0gnqnyc692,ADEN,1448865.922468,True,0.004549988961518746,True,0.0004848779153009807,True,0.009050197733756501,True,0.017901811031464116,True,0.01383669998524635,True
pool1u32s3ry3vjhqwhcrqz7p5u35cvzrx4tvdwydgvq6qm8720qrg0s,,650.526789,True,0.0,False,0.0,False,0.0,False,0.0,False,0.0,False
pool1u3despkvw4sqeq2fv9ufrh5dxacf8vm0aax00elkdeelymg7f38,,406.961542,True,0.0,False,0.0,False,0.0,False,0.0,False,0.0,False
pool1u3p6z3r2g5s7mazc0wmx8v0cyjjasusght53zm4kj436vs3u2th,,21250.00151,True,0.0,False,0.0,False,0.0,False,0.0,False,0.0,False
pool1u3v7s93f2d968a8kce6zgfmckfx56ly626jkml6jv7tgweplrn8,,12096.963082,True,0.0,False,0.0,False,0.0,False,0.0,False,0.0,False
pool1u4708qd88n0ux2capce6gz6zcjvtwfsfpdu28h6kkh5yskg9eck,,497.420337,True,0.0,False,0.0,False,0.0,False,0.0,False,0.0,False
pool1u4sxd6x0qsy7evljt24vtnyhpxd098n609sfcmly6c096mr3jgq,SCAR,9069551.331735,True,0.018567416407091447,True,0.014583452760805821,True,0.015924537954010543,True,0.020657931561204695,True,0.016673967914919065,True
pool1u4u6jpf2verwtq2wjcrdr9ktnhgjpa7ag9qnnkfgqtxj2rh9d68,FOX,2752.688285,True,0.0,False,0.0,False,0.0,False,0.0,False,0.0,False
pool1u53apdhreh9fjmxtrctx3kezhjduc4m2f7cfd09yd7p6jkc6k2z,,197902.794041,True,0.0,False,0.0,False,0.0,False,0.0,False,0.0,False
pool1u56s0gg8xn8uqyzefwd38napn8jmrjqaum446alm38sgj3248re,RXG,3361.294749,True,0.0,False,0.0,False,0.0,False,0.0,False,0.0,False
pool1u60gvu8qr69z4vx9wuqelxfhcuvjuxuvxyj9edf8rkmns0405ny,,145471.448917,True,0.0,False,0.0,False,0.0,False,0.0,False,0.0,False
pool1u6etszaexv9v4lrf8r5xtjk2rc8wqq9waq9akrn7l5az6tm6u7m,NNKA,387.057472,True,0.0,False,0.0,False,0.0,False,0.0,False,0.0,False
pool1u6kpt8hgqcm596kukj97ghefmxn8ks2cgwg8qqe0gtgscnufk5p,ATLAS,36726109.104534,True,0.020878081918648896,True,0.016871307593269238,True,0.017206511084740653,True,0.02140060500829552,True,0.017393830682915855,True
pool1u6rml05w6hpl3t3ft8zwng6quksexa97wsxgdpg5kj4f78hhv7h,,2.562761,True,0.0,False,0.0,False,0.0,False,0.0,False,0.0,False
pool1u7mqtde27swkarngjsn5mmw3sy20zavlafgqkmg8qv2n2nwga0l,CFLOW,16253386.51452,True,0.0197788263690527,True,0.01579606607414221,True,0.016545092130288982,True,0.020946425809516785,True,0.01696366551460629,True
pool1u7s8etmnm0y0ktls7kkvx2apnep5ercy7wwyljgw407yjzjastq,,61.914723,True,0.0,False,0.0,False,0.0,False,0.0,False,0.0,False
pool1u7zrgexnxsysctnnwljjjymr70he829fr5n3vefnv80guxr42dv,VILAI,956136.752741,True,0.008249436665853217,True,0.004223876396684878,True,0.004602185251525,True,0.015815613762655643,True,0.011790053493487305,True
pool1u84yq2lvnay4p9kh4vx7nqfe6efzfehe5mvkw3hf4a89uhmpqgt,BLOKY,41809.45945,True,0.0,False,0.0,False,0.0,False,0.0,False,0.0,False
pool1u8f87frd3k6cy9lp4uk5faj53wfzh8smxjdpt8ua45f0x8s5v58,FGMT7,18143370.712173,True,0.01889696144102011,True,0.015238356780663416,True,0.015238356780663416,True,0.019240971388180168,True,0.015582366727823475,True
pool1u8yequt4vq3jhajeegc02r3msnne6krayxuzrypaz8jkq5v5pux,HOSK,377392.97353,True,0.0,False,0.0,False,0.0,False,0.007030532467173671,True,0.0030472188094527526,True
pool1u99x2rr6trfznwakv0959llmxmtgc2nvanc067uugl3ejuvvnc8,WAV7,8894756.909538,True,0.018701310596023913,True,0.01467684572918074,True,0.016058097642521463,True,0.020854438578584454,True,0.016829973711741282,True
pool1u9vgtxyupd36czsdvh3h9zr8eakdqesug8j6k2nw7nszy97z4m0,,177.788132,True,0.0,False,0.0,False,0.0,False,0.0,False,0.0,False
pool1ua0lx5ap5tj9f5l7tyjflp766ca5yu93djh5hqvm4e0kjgw5k7v,1PCT6,2118607.181283,True,0.009869779941067733,True,0.005847850728083537,True,0.011646896491989533,True,0.01890946892598002,True,0.014887539712995824,True
pool1ua5exfeju4jc95yy595cykjh4x46998g8hrrvw2v5h9k7987a44,UPBIT,31824484.089711,True,0.0,True,0.0,True,0.0,True,0.0,True,0.0,True
pool1ucmm6rgdta0sw4qrcj3vml4wsr8pld495pptuypxg2uuvvlqest,READY,20559.133742,True,0.0,False,0.0,False,0.0,False,0.0,False,0.0,False
pool1uda4kkzqn52fuyrwuchjxykdly8vj46yv3rc2h4zp9raunz4sgl,,97.624734,True,0.0,False,0.0,False,0.0,False,0.0,False,0.0,False
pool1udkx9rmgzf08z7zz4p7ykpdqsdv5nf0w8uf38wrsdn5dzk9nq4g,JOY2,6184702.246889,True,0.017667500883228524,True,0.013602389837287876,True,0.0156089536951102,True,0.02079537983806921,True,0.01673026879212856,True
pool1udr30lxsqa799lyl9haxf0wzg8qsz3xaf2gtpqf4n2s064jrvsj,,59713.215367,True,0.0,False,0.0,False,0.0,False,0.0,False,0.0,False
pool1udt98825znk9uslz4v05gh5cd3s5e4g0cd9c4gzhcfpd2j2xm2u,ZORBA,106221.065355,True,0.0,False,0.0,False,0.0,False,0.0,False,0.0,False
pool1udv42vs52wg34268zkfsgtrzuvyskphfavaf3n8tmf4tugm7et0,DANK,536.842986,True,0.0,False,0.0,False,0.0,False,0.0,False,0.0,False
pool1ue4ngerz28nkpstsr5p53qvl5ulq3jtmllj4my0d0n28yyrn4l4,STP,11288544.365133,True,0.019291248825428358,True,0.015269369371032218,True,0.016357720499628352,True,0.02098779617294585,True,0.016965916718549717,True
pool1ufh42ppqnet625mqql2fkc79p3emuqsnmf6s6ugxygqa75xgc8c,NEMO,55.519595,True,0.0,False,0.0,False,0.0,False,0.0,False,0.0,False
pool1ufp38a9zwlvvrzcyxaxdrvav50nd7az5lyuzh4t0h3qp2gqamsx,CAFE2,15066761.382437,True,0.01984121374769018,True,0.015821911852147128,True,0.01663734256669481,True,0.021112326332132152,True,0.0170930244365891,True
pool1ugwj76z4cx6sywscud8ntd2m9tg3gyesmnnl35qr2l5mu06pe3x,JDFR,5897.241761,True,0.0,False,0.0,False,0.0,False,0.0,False,0.0,False
pool1uhdcmcn36vq8kk3207tqjwp90t0nwr49pc498wh5vxmgqyr78d5,,470.150759,True,0.0,False,0.0,False,0.0,False,0.0,False,0.0,False
pool1uhy50u9y76nd6z2xmzt3mta0yc7g3gdssef8lheyyg7zzymgzm8,NUFIA,12741425.607298,True,0.01914074559263864,True,0.01519763364989616,True,0.016142402341486298,True,0.02061347325894091,True,0.016670361316198434,True
pool1uj4u73qgtprqre78q75fq2vkcrpfrcdreqcqkvn6u0m2k6nk2yp,EVE1,51994032.87765,True,0.02027433714908145,True,0.016371875847906465,True,0.016681880652456425,True,0.0207123874163803,True,0.01680992611520532,True
pool1ujcu3myfg9wwvdyh2ks653954lamtufy3lefjs73jrr327q53j4,PUDIM,13878042.745164,True,0.019100511273586418,True,0.015200509034230666,True,0.01605895861669441,True,0.020438682681544605,True,0.016538680442188855,True
pool1ujpy2536jz3x9gje5d5vuadzcpadl7pwrcsgq4laestu7mrs9hp,,444.287597,True,0.0,False,0.0,False,0.0,False,0.0,False,0.0,False
pool1uk2f28awascuhrhuwrp7x6y87x8ch33vwx8jtmrysp7l5ngq78j,POWER,14028501.010174,True,0.019729352182487316,True,0.015710622227018495,True,0.016586668997167854,True,0.021094954500661317,True,0.0170762245451925,True
pool1ukeqarukv9gxwy9pt8jkr4qvad2yf87758g3xzemmvmtk8lrynp,CRDN1,33906911.04602,True,0.02053785177051026,True,0.016559167834359612,True,0.016917849873649284,True,0.0210969737729324,True,0.01711828983678175,True
pool1ulx9ennungrtcucslrpz93cze5fddlg96h0wwj83p6fpsrvgz2v,GENKI,727029.999121,True,0.0,False,0.0,False,0.0005573043264314342,True,0.01388062436313375,True,0.009905336743548914,True
pool1umflj8hjq873fs9r6aq2zvgs88zrs5xjswn2znkdaehlz2eqy59,BANC,334748.405136,True,0.0,False,0.0,False,0.0,False,0.005263979877408328,True,0.0012457154712449282,True
pool1umukx8qjyjuatw0zznvhc7ma06wl6pdc2ly50d7uv3svkkefjml,FGMTO,32120420.391006,True,0.019164835466885532,True,0.015506230806528836,True,0.015506230806528836,True,0.01935915110547374,True,0.01570054644511704,True
pool1up53z2kadt6l5xs359ckx477rpyvyg3favh25qrhqt2ujclpq3h,,52608740.01599,True,0.02099757763597593,True,0.016973631576714065,True,0.01720716501614382,True,0.021361615056263494,True,0.017337668997001624,True
pool1upa4pa4qmcgaps4uactx9eas44rfwk9h0rxgua3l4xnf6wevfkt,FMS,1375662.616151,True,0.012661653729107361,True,0.008597875420761396,True,0.008597875420761396,True,0.01770286072170821,True,0.013639082413362246,True
pool1upx7l0yrsxt4l94t5xfckahj6m7pt5dpmnx6u60sjxmn5p5mezs,TEN,368103.498898,True,0.0,False,0.0,False,0.0,False,0.006807093336169203,True,0.0027419816599979973,True
pool1uq8l234306m76unyz8kuwnkvmtvazaks6vuvyx3a3khngavvcw0,PLTUS,4706382.135097,True,0.013873229233855974,True,0.00990331867492851,True,0.0149707142487281,True,0.020399420503143324,True,0.01642950994421586,True
pool1ur2y44cgsyf9l40y4xdc7w3cwy88vgmj95deatatzqnqqhrfp7f,BNP,4577.375197,True,0.0,False,0.0,False,0.0,False,0.0,False,0.0,False
pool1ura3w5x8uy7mgzu0pd4kskap4hynt9zymt30h5macll4kuxpqnv,,1.0,True,0.0,False,0.0,False,0.0,False,0.0,False,0.0,False
pool1urgvu6zk422j4xwtxa45lzpd6dm25msfthpkezr042secrtuwzc,CCV1,31523312.763338,True,0.02026650910866875,True,0.01632337173842266,True,0.016705238329994848,True,0.02086177173670775,True,0.01691863436646166,True
pool1us8dkk3y8j00qq5kscxxklyzwt74jgav226s2rtgaqxek7h8vc8,SWARM,183558.385369,True,0.0,False,0.0,False,0.0,False,0.0,False,0.0,False
pool1usumnw5klscs76ycpmkgf5re5v8pul462g5mmzc0knxs5u04kag,ADAC,3111.060806,True,0.0,False,0.0,False,0.0,False,0.0,False,0.0,False
pool1ut39vczq4h03vpzfcn7ssxa04qzkyj8nxu4nq4rfv0nsxz39c5y,TOBA,267533.107972,True,0.0,False,0.0,False,0.0,False,0.0012089165291237723,True,0.0,False
pool1uthdnav2zc2hxpg2hyeyy545lnxtl8lqdcdqxjm0j8t5srmyvzj,ADAST,38225422.578837,True,0.0200493202587358,True,0.016236611684822204,True,0.01655410326977381,True,0.02053916441837543,True,0.016726455844461828,True
pool1utqhj9g53a5cwg7tyd8neky7jvjlgzuf470adc0e69cp5uuquzx,ZW3RK,1833722.529276,True,0.008069839102439786,True,0.004049111748527017,True,0.010749089419004121,True,0.018513921941712926,True,0.01449319458780015,True
pool1uu35qfkmjyxwpm3pgptfgr0qga9j2fzkc0tsjplcx840x295xj9,CHEAP,762528.649301,True,0.0,False,0.0,False,0.0013407055747891963,True,0.014500562115942063,True,0.010435445826656746,True
pool1uu5ve3qdv7zxpmger77u0kw7pm8l4apmgr5xy6wspceayl05vsd,COOLP,5.62425,True,0.0,False,0.0,False,0.0,False,0.0,False,0.0,False
pool1uu65k00dp467qsszmqwl6udwnet3zszgx8n3kmn2aq84sae8ha9,NVL,2691289.941819,True,1.7069448515543118e-06,True,1.3004332226258249e-06,True,1.3004332226258249e-06,True,1.9646279756294524e-06,True,1.5581163467009657e-06,True
pool1uup47u5lmet469pmaym077hvewcp30larj9ugap8580uya3rtuw,MPN,847.675252,True,0.0,False,0.0,False,0.0,False,0.0,False,0.0,False
pool1uvv7r2zul9m2hm6jd56dygee9ddr7jnen5ysfy5z3xvez3m823z,F0RE,921.763342,True,0.0,False,0.0,False,0.0,False,0.0,False,0.0,False
pool1uwk437q9npu9yhsj5r3qdnkq6r47wvyfzjp0c52932esg5rgnkx,,123.055182,True,0.0,False,0.0,False,0.0,False,0.0,False,0.0,False
pool1ux4es4p8kfq3u4nax564ukcte2vzepsz68dkgg24k7l7xh5786v,XC0DE,12620.343464,True,0.0,False,0.0,False,0.0,False,0.0,False,0.0,False
pool1uy2z02pn4lczk7p2plvnkzrmltxmqs2t04d9ghx5t0vw6e4t0qn,AMSNL,3396168.69671,True,0.017673962706166536,True,0.01369514262045742,True,0.01369514262045742,True,0.019675129493488923,True,0.015696309407779805,True
pool1uyfg8ysc2fpmx8aclq3u06xx5u9rete5kq68aysfdvxj5a5wcza,,691.302336,True,0.0,False,0.0,False,0.0,False,0.0,False,0.0,False
pool1uyvyxt9k9g038h567x8halej4x87j7m4r4zyz9lhv4dcv83husk,BLOOM,13071411.902165,True,0.01906596352642846,True,0.01521058710840431,True,0.0161220112215123,True,0.020486712879214452,True,0.016631336461190298,True
pool1uzla0r73fvpnvxr07m98nfzlxcv3q26mkjz00cqjfh7uqsyjkju,1PCT1,9856302.468277,True,0.01897494455978956,True,0.014953063434862652,True,0.016199565359853566,True,0.020918021089922457,True,0.016896139964995553,True
pool1v2dq9rex477rxqh7f8wwyprtc0qvxr3vvysvep7nj2qu68zdfaf,,178.25985,True,0.0,False,0.0,False,0.0,False,0.0,False,0.0,False
pool1v2u8x73efaa7vlc342jdd4pdvdp9vmmgacc97tty6cljxrtxpse,STL,258.64386,True,0.0,False,0.0,False,0.0,False,0.0,False,0.0,False
pool1v3avy78l7gvaemvgfmhsltydscukfew7kx3uz3sqx499wns07qz,,2920.736444,True,0.0,False,0.0,False,0.0,False,0.0,False,0.0,False
pool1v3rzrj25ak30dhuyrupkxeddttetxzh4cz9ccpjlfxuh6d85d58,XRX,46097.033216,True,0.0,False,0.0,False,0.0,False,0.0,False,0.0,False
pool1v46kmtavsty57aql824069j2p6wxpcpk3j25veqauu54kynydty,JIFF,1032.235168,True,0.0,False,0.0,False,0.0,False,0.0,False,0.0,False
pool1v46s6ak79m3mlv65pjh7ypvsp7n6cc62a723dpwmhtn8uy4pld5,,22.420601,True,0.0,False,0.0,False,0.0,False,0.0,False,0.0,False
pool1v4xevkf7fx08pzy7atsk59dds6p0sdyl6xmhwf4mh79x6l5p6kx,DIVY,2515579.549609,True,0.011577906599504275,True,0.0075941440017828574,True,0.012428735697318912,True,0.019114181889604592,True,0.015130419291883175,True
pool1v5g4rmkk0394q6swgfusgzjjzrv9ajy8qntgpuumegka5xhpgam,COFFR,428416.780953,True,0.0,False,0.0,False,0.0,False,0.008820712901741141,True,0.004801694170081776,True
pool1v5jj7xumvk4engwvqrxt0kfhpdkucqvydmmlwwq2x76hz99affw,,1008.64031,True,0.0,False,0.0,False,0.0,False,0.0,False,0.0,False
pool1v5u6wzakuc25q3zpx04t8gjz3rgu60wuxkv2mh5nga23xjkc86s,MOKSH,39311590.038023,True,0.021065991117640893,True,0.017011335374372397,True,0.017327018357126255,True,0.0215580851789925,True,0.017503429435724003,True
pool1v62c7d92xv6gyh4x9rhfpkwzlpw2ypxk92xvzavakg3xypatklv,KILN2,76234522.235364,True,0.02071440268545705,True,0.01677124497097018,True,0.016929148498755597,True,0.020960546419946085,True,0.017017388705459213,True
pool1v6mdg9xm9a80js00zx53c6nagcw5m0m970nm4my4pkrlyxq707e,,35047.870439,True,0.0,False,0.0,False,0.0,False,0.0,False,0.0,False
pool1v6p29tne9m7773lw2da65qn3e58r64np0k5fj8sxns82g85j03g,,76830164.711537,True,0.0,True,0.0,True,0.0,True,0.0,True,0.0,True
pool1v6xpvq7argftng40s80804eyf4m7as45292las40jw0nxte295m,,163.755733,True,0.0,False,0.0,False,0.0,False,0.0,False,0.0,False
pool1v7q3xsa9u4ezatnsunuyw8646fc3fsvjju9a5x3835d6uf09pe8,MAX,845.859599,True,0.0,False,0.0,False,0.0,False,0.0,False,0.0,False
pool1v7v9248nczqdplztgn7fwf4x4sd59utl0rx4uj7wewslxruwplu,,119.116223,True,0.0,False,0.0,False,0.0,False,0.0,False,0.0,False
pool1v8cx78z8fqu4438vcmg20qlp4qujks8mrrlrcer6aa4f6eg9u2k,,9665.378771,True,0.0,False,0.0,False,0.0,False,0.0,False,0.0,False
pool1v8gvy6tjp8x8wg5h4jw20p9up04lxgw0l0lgery9mz4h7h9x25n,300,152738.903051,True,0.0,False,0.0,False,0.0,False,0.0,False,0.0,False
pool1v8h0h94vgnl54qx3jn0l0p3dya4tpjwcqqwmy0l74g0jxeavcwq,LNS,722.02578,True,0.0,False,0.0,False,0.0,False,0.0,False,0.0,False
pool1v8pu7txqydjmfhusgrfzvan4pragec3wu066cfmq2xpuvm2m8r5,TITOK,1044.861494,True,0.0,False,0.0,False,0.0,False,0.0,False,0.0,False
pool1v8q93vtkf4vqqqus6ts772w8dr9h5tz99lnylfj40x3p7cutxx4,,43936.647817,True,0.0,False,0.0,False,0.0,False,0.0,False,0.0,False
pool1v96277f457qtwhuq3ma9yjlacq4mjw9h4j3jfy5rjgjru5lyxea,FGMT8,63907371.522222,True,0.019337789617527516,True,0.015679184957170824,True,0.015679184957170824,True,0.019435454407227555,True,0.01577684974687086,True
pool1v9z04yz8cs2dvnmvfp2fmuhfvs8w784x6w6r8ah9xanugdzlmg0,GOOD4,4429.041063,True,0.0,False,0.0,False,0.0,False,0.0,False,0.0,False
pool1va0dv0map5dqhaj8pyc3rg0500drqs0m5smcxme6xghnc7ygmw8,NEIGH,491.315198,True,0.0,False,0.0,False,0.0,False,0.0,False,0.0,False
pool1vafsg5t78rnx3qr3fv7ys9h50pnvxqhd4l8tj629l5zk7tc39ch,SKY2,3040140.25858,True,0.013224567117643924,True,0.00924725785322202,True,0.013241134111309963,True,0.019450315402310417,True,0.01547300613788852,True
pool1van29pcguetr6gwnyfwd2g4f68rt3vkgtvu9wjdj0xwpylngsdk,,107.224476,True,0.0,False,0.0,False,0.0,False,0.0,False,0.0,False
pool1vc8jhqtwjrjwsfk6a0enx47hd2ufg98c34ta6lvl0zv0uhpech9,MDS,1485393.826403,True,0.013329989784223626,True,0.009267408647393364,True,0.009267408647393364,True,0.017998785275850016,True,0.013936204139019755,True
pool1vc8jp7uagxgh8trzx7r260ndcydz89ges8sws05cyv7jj8q8gqs,OCEA3,38081709.748216,True,0.01991519990202964,True,0.016009378835927828,True,0.016617295081103364,True,0.020698122338998128,True,0.016792301272896316,True
pool1vcc9lngr8g2j8xh0kgy84nne026adr5zmvwagkda99spy23993l,HIGER,1500.600798,True,0.0,False,0.0,False,0.0,False,0.0,False,0.0,False
pool1vce30junxx06g2ha8ww02cqgy644yj69ehhg2x95qe7323zfznp,ISPJ,216988.979382,True,0.0,False,0.0,False,0.0,False,0.0,False,0.0,False
pool1vcmqgcykx4k3ngj2upkyhu424dsn85ansepz2xmdxg4mqw7w6ac,,6269.245707,True,0.0,False,0.0,False,0.0,False,0.0,False,0.0,False
pool1vcwsfldh4gkzga4mc6p86y0vytkqfm9e2dy44hs00v34yeqnfaf,FVG,70076988.919915,True,0.020260116408712885,True,0.016398255933891832,True,0.0165664923290582,True,0.020522367260001638,True,0.016660506785180582,True
pool1vd3rfulk3x3k6mafusvrtnzysx9qkcgcks9an2alcpm55msk63g,RAID5,38411.279977,True,0.0,False,0.0,False,0.0,False,0.0,False,0.0,False
pool1vd9a6q0jknarhwfyg7mspplrgsxf8zsna7yjr7crrtqdwftl7yw,PATH,502.624954,True,0.0,False,0.0,False,0.0,False,0.0,False,0.0,False
pool1vdcu0y6ujrwmnv4u50j6upxkjug7cx7zsaynjvgkcm2ycmajelc,COOL5,4134962.480543,True,0.018309859898056245,True,0.014328585800953768,True,0.014328585800953768,True,0.019953478197370908,True,0.015972204100268422,True
pool1vddluuhcfrrflgmnczgzz472rc3g6h06hzz6hcv565nwcrelvma,CTRL,57.470277,True,0.0,False,0.0,False,0.0,False,0.0,False,0.0,False
pool1vdh6kxcqt9mxavyv80ggnec6jjwms44ms30rhle3lt266aj8jgh,NEDS4,26653132.918811,True,0.020354837350927826,True,0.016383790702020444,True,0.016840089780895955,True,0.021066127091527886,True,0.017095080442620505,True
pool1vdly044nj2r3vnghwq4s0z0uragd307wnsnsj4usdh3fu8jx6nt,,84.779426,True,0.0,False,0.0,False,0.0,False,0.0,False,0.0,False
pool1vekz9v9ntugs7g3flpg2q3au8tp7205zsyl9kh03g72s7rz5hvm,BRO,3167.71251,True,0.0,False,0.0,False,0.0,False,0.0,False,0.0,False
pool1vemm9tq77upd9m6wtu7edw8wtju3ymnuq9wz43cfn35qk26ddqq,CNT,1224.572507,True,0.0,False,0.0,False,0.0,False,0.0,False,0.0,False
pool1vev8z03vh7jwx3mfrgzrt9fltt97nupaxv8ffj4r5r8mgwts5ze,ADAOZ,71058913.335587,True,0.02112300224359426,True,0.017101651490838015,True,0.017274548871663103,True,0.021392518748998075,True,0.017371167996241825,True
pool1vevcjr87ce94hny28ra8yj5jjgalcqdhqs5xd44ru6k0qr3dsq9,,76830165.024807,True,0.0,True,0.0,True,0.0,True,0.0,True,0.0,True
pool1vfayajkdc0gw876lax5va6ygpfpsd8kz73k4y977emm3clnxlm5,KAYA,83120.529905,True,0.0,False,0.0,False,0.0,False,0.0,False,0.0,False
pool1vflcm2fde9qyzcr0lkkv4httte3xep6sycasrtaxw6rt2me3vwp,OKNW,1913012.491863,True,0.015194304350138424,True,0.011129709729829875,True,0.011129709729829875,True,0.018819476704996545,True,0.014754882084688,True
pool1vgfc8fqul93hf6fnl9n23czssgw6xyqx2yjn0lxqmcmvvc839th,MSP,1652.303744,True,0.0,False,0.0,False,0.0,False,0.0,False,0.0,False
pool1vgryztjlm0grah2g5gngd0vlmy4z3yrsm42h00hn967e5mqk4nq,,197.430721,True,0.0,False,0.0,False,0.0,False,0.0,False,0.0,False
pool1vh4y864hcq2r66ak37w4dsnkhnsfxaaacs0p5s4vj5676m6txwm,HOPE,9662452.373334,True,0.018924928984227887,True,0.014903047595148492,True,0.01617455709659826,True,0.0209069879129584,True,0.016885106523879007,True
pool1vhusc9c38uqkuspnecq6clcqadx86g8wpxfaadyxfwdrukh0kg0,MIST,2.953199,True,0.0,False,0.0,False,0.0,False,0.0,False,0.0,False
pool1vhzjtcrcyzy5ld05mj8edy5at37x4g7du8uvvss037h26h8s8z5,DIING,595657.40502,True,0.0,False,0.0,False,0.0,False,0.011868293403705942,True,0.008008716095645942,True
pool1vj08te6uceklte43cy6canq7te45qjmmm0dhewy0kvstyjmgqzt,,8012.919654,True,0.0,False,0.0,False,0.0,False,0.0,False,0.0,False
pool1vjjrjt5ez7d7yh385vdxl83mxyg36as785cp5l50d6wsjqdavax,MOC,24274.856251,True,0.0,False,0.0,False,0.0,False,0.0,False,0.0,False
pool1vkaycnf2sv8rxzv4nex8s2unnzahtjs8eht9ypua4takugjgaa0,,540.700677,True,0.0,False,0.0,False,0.0,False,0.0,False,0.0,False
pool1vkc0dvuf8rxrch87umfayacgglrh8f88ef0f64xrdue5u2xjwfm,IFS1,8881324.581526,True,0.016960405095645937,True,0.01330180043528915,True,0.014596370844743151,True,0.01895774229880354,True,0.015299137638446753,True
pool1vkngxunyagwen690yn36pa2v6jecyxgeavl9nva9dwzhu22fzt7,LOVE2,635618.219146,True,0.0,False,0.0,False,0.0,False,0.01306700091201659,True,0.009001910819390458,True
pool1vl0hlf4jecm3rk0vcc9mtpu5us2cv7hzlz396cgs8crc5df43mn,NUT1,79719.500205,True,0.0,False,0.0,False,0.0,False,0.0,False,0.0,False
pool1vl46tq6mxq3f5c4m2e2x3jlruutweahnv5adkjy2sskyc3lc4ge,,1.0,True,0.0,False,0.0,False,0.0,False,0.0,False,0.0,False
pool1vn0mxlvhm4l8pcft3jp5pxh4nhh89qevdg2xu6s6sdqvvs4ft28,FGMTD,1001221.569725,True,0.008357185254417135,True,0.0046985805940604405,True,0.0046985805940604405,True,0.014591070129384738,True,0.010932465469028046,True
pool1vn4gsw8fdg85yh8urxs9t5ykyvap4uscewy08g2refxzxwztnga,,970.921601,True,0.0,False,0.0,False,0.0,False,0.0,False,0.0,False
pool1vnsfv2qpt5gxte9prupjey8kw7ap7t6c8lc02ks4s3gtqplhgd3,1PCT4,9944836.562884,True,0.018997138761014824,True,0.014975257753304471,True,0.016210662671456,True,0.02092291701578044,True,0.016901036008070084,True
pool1vp5fev56urx924nyxj5qjvzcsh76e47c4lc8xruh0rdlv0n2kvt,REIT,21896.393976,True,0.0,False,0.0,False,0.0,False,0.0,False,0.0,False
pool1vpa84enqxhh5hnyypeqfshsgqhnjfzyddgq7z4tfmavh68c9s9p,CHAOS,258667.034754,True,0.0,False,0.0,False,0.0,False,0.0005108721270188866,True,0.0,False
pool1vqjyjsp6dawkj8tzmfpu39hvgnkph99qzarw4dll6yq76gpaa4d,VFS,933410.850717,True,0.008133777663728602,True,0.004190640280263471,True,0.004190640280263471,True,0.0153406255323094,True,0.011397488148844268,True
pool1vqm5n5d503uumuc89s5y4wuczrwe3tlgylt2u2uj7y276avr5pl,BIO,1619575.74467,True,0.006165031906046052,True,0.0022219199358913494,True,0.009654545448847996,True,0.01775118344094906,True,0.013808071470794357,True
pool1vqq5mg8ccqemjr5ukfa48a767dqjsa7nas8xnpf7huvcz7amlv9,BNP,32129450.509663,True,0.019642954493600987,True,0.015821745280249135,True,0.01619549894890862,True,0.020219603010961342,True,0.016398393797609486,True
pool1vquhv3kh6xkklckaenl8alyuhfsld57ef5573aqauueyqacx4ak,KIWI,33194605.707684,True,0.02054694024710734,True,0.01658355756703619,True,0.016949936372890925,True,0.02111806015035149,True,0.01715467747028034,True
pool1vr8tegnnjtvfe7me66qrchaq6ucmmxve6anuuypwn6s3zs6342s,WING,1.800569,True,0.0,False,0.0,False,0.0,False,0.0,False,0.0,False
pool1vrpme37hyyysgl4n8uk87p0njvfejc8kswzn5yxmgf4dyxx8haj,,7.624514,True,0.0,False,0.0,False,0.0,False,0.0,False,0.0,False
pool1vru3p8sswq5xkr38ceavad67t6krh6m6q0q42p59e6htkld4yxs,PTGR,53.706194,True,0.0,False,0.0,False,0.0,False,0.0,False,0.0,False
pool1vs689gkmqtrljtmcwd2690nzqm2yyq23wk2zzx5g0v0gs5ug64a,VAMP,15752963.751546,True,0.02000425314391355,True,0.0160091889199674,True,0.0167906748799533,True,0.021222451846244515,True,0.017227387622298362,True
pool1vsdsgufhfellves050nf8mh5jzrvwwcq7qlxwkneyp8hv3z4w9w,MACH1,8.249917,True,0.0,False,0.0,False,0.0,False,0.0,False,0.0,False
pool1vtpn0drn5t39frknedmqq2jkhsfstwketsnvdm7cjzz674s30v2,BLISS,21931481.73976,True,0.02044069124574664,True,0.016561558714630522,True,0.01711892415601058,True,0.021309525610250846,True,0.017430393079134725,True
pool1vuhc5fl733g3twn856xsfjqusczvk68r6pvs6lqgtadzsf6fue2,SHARK,2.386319,True,0.0,False,0.0,False,0.0,False,0.0,False,0.0,False
pool1vurlp3ndgge8avz3h8lu2wzdqcwc8w4l5s43rzlk8p4pz0x5vla,,2832.349727,True,0.0,False,0.0,False,0.0,False,0.0,False,0.0,False
pool1vut3caulpx8eukzwy8xd5fyhst0w7x2frdfsacpzr3jzxduazh5,PNYX,12395.137882,True,0.0,False,0.0,False,0.0,False,0.0,False,0.0,False
pool1vve4vgd0ncyjvalr6xzeaxqmfzvkqmxfswj7lyae8qsgqhta9wd,KOI,3430.496643,True,0.0,False,0.0,False,0.0,False,0.0,False,0.0,False
pool1vvesqladm29fuzrv93px5qse0upw82a579lz9063xsfrz7yef7z,8SQRD,128670.157061,True,0.0,False,0.0,False,0.0,False,0.0,False,0.0,False
pool1vw0rqsvfx0ngct7gfmlz5j2e4gap6sd9pwrmemhd488eyxvm88r,,1.0001,True,0.0,False,0.0,False,0.0,False,0.0,False,0.0,False
pool1vwquf4wt465lhketcy2j7jwpz5l6l0ce6a79ga3y4wg7gc8egp0,CCP,1189411.361315,True,0.011247719692070907,True,0.007183123404268602,True,0.007183123404268602,True,0.01707833492373705,True,0.013013738635934743,True
pool1vx9tzlkgafernd9vpjpxkenutx2gncj4yn88fpq69823qlwcqrt,CRDNS,67470734.521107,True,0.02090293892432825,True,0.01692939811741221,True,0.01710965108318058,True,0.02118392148861424,True,0.0172103806816982,True
pool1vxpu476qrulzkk2u97emkfskmc2jx4mzznvupw0zf5206nx35vl,SNDC,308.097517,True,0.0,False,0.0,False,0.0,False,0.0,False,0.0,False
pool1vxvdypctdecvc2j7xu9y8h2fdxvkpjy2pp8luwg2h6dx5jlv0nk,COOL,20650675.558052,True,0.020662181460735878,True,0.01668093221054676,True,0.01668093221054676,True,0.020991289338146216,True,0.017010040087957097,True
pool1vxz0deezj5c2950e7arpzfqxzq8zd9kawsullrzjw5rsq0yhxgr,ZZZ,30773436.774971,True,0.0198343575331836,True,0.015974985243700966,True,0.016358091624902718,True,0.02043155277446868,True,0.01657218048498605,True
pool1vy9qerf9fenp893mqrdm58uj45w3etutv4n0vdh8669uvqenkqr,MLMA,55328.113485,True,0.0,False,0.0,False,0.0,False,0.0,False,0.0,False
pool1vygvrczrlzapm25qf8w3cxz4gxv2azrp43xj6538tt225jjfcpw,1BEST,10000.0,True,0.0,False,0.0,False,0.0,False,0.0,False,0.0,False
pool1vyk3x4j2lfrj4y8t282xmwep936rh8gv2vqrkxghm2h67l2upjq,OMWCP,548.340078,True,0.0,False,0.0,False,0.0,False,0.0,False,0.0,False
pool1vz59e00250xfjck8qd04kns89j56430wjzpdf37zfjnnyxttm37,,639.847642,True,0.0,False,0.0,False,0.0,False,0.0,False,0.0,False
pool1vz9txqmdhxwegpy7uzrsap84z309veehqv3uh4s60qwxk0u7h06,BOOM,34805.648941,True,0.0,False,0.0,False,0.0,False,0.0,False,0.0,False
pool1vzquqa6clffwsegafvyds0zkaqpjcw0hurq3a0xc8ape6h0xhkh,,2010.436661,True,0.0,False,0.0,False,0.0,False,0.0,False,0.0,False
pool1w0jjajfvur53nxrlc4nnm73087lm39qfumeq8r449jwvz3wdx05,,49119.835373,True,0.0,False,0.0,False,0.0,False,0.0,False,0.0,False
pool1w0s8vf9qse980vulgszvusw3800d6dlc7wkusr0aqvzlz75qgqg,LIBE,115946.884176,True,0.0,False,0.0,False,0.0,False,0.0,False,0.0,False
pool1w2alpqttaulpukcrz0j902kk8wmq68q9qm50c6npaypk7yypy5a,KIBA,546133.327567,True,0.0,False,0.0,False,0.0,False,0.011655762869001081,True,0.007590751066835022,True
pool1w2duw0lk7lxjpfqjguxvtp0znhaqf8l2yvzcfd72l8fuk0h77gy,PSP,122635.686461,True,0.0,False,0.0,False,0.0,False,0.0,False,0.0,False
pool1w2s88xpylulw3l8naaql9wzxqwra06n8c2lwklmph25zjkvwuvj,FLR2,7101.346291,True,0.0,False,0.0,False,0.0,False,0.0,False,0.0,False
pool1w3ewp9s00evj200lnhwsy3dkn2yf3dg7zq7apj26a2dvv5r7hpg,,557.294109,True,0.0,False,0.0,False,0.0,False,0.0,False,0.0,False
pool1w3s6gk83y2g3670emy3yfjw9myz3u4whph7peah653rmsfegyj3,ISLE,6086.32243,True,0.0,False,0.0,False,0.0,False,0.0,False,0.0,False
pool1w3xys99a8xmwcwse4tqpqmyqqzykryfc4w7cvvjusej0vnxdlrf,THANK,2710863.302281,True,0.0,False,0.0,False,1.3037626463427059e-06,True,1.966096839033959e-06,True,1.5595852101054717e-06,True
pool1w404pkpkkw067ju4gjnyjdmqfex6wn92vrffhy9txhw5kxzupk5,,1353.492768,True,0.0,False,0.0,False,0.0,False,0.0,False,0.0,False
pool1w4am4s9w4gkt8r0245km62vtnnv9hhq6j68exzh2pyaxxfaq0gc,1PCT2,437576.99137,True,0.0,False,0.0,False,0.0,False,0.009080531959298244,True,0.005058367425323907,True
pool1w4cetqsly2cz9fq2te95tnk2r56mh6ew6dmpyfctv2ldv8xuj9g,,75486161.119267,True,0.02288862596026752,True,0.020480414616059643,True,0.02063823957130113,True,0.023134647214026305,True,0.020726435869818434,True
pool1w4g7j8u97pvu2q7gsdaupnng0a2vmyllygfewhc29m2j5cehysn,MIMIC,18722231.944186,True,0.017285128087244913,True,0.013829788155098728,True,0.014409780435526175,True,0.018179973319904397,True,0.014724633387758215,True
pool1w50f20mpxwtal3plsqmgrx2xxlg84hn7ep0fhlcajkhu77k8tfp,,754.221182,True,0.0,False,0.0,False,0.0,False,0.0,False,0.0,False
pool1w65amkyxhlstja5mp0vf7q2av5tm0m6zjsm9pll3xw36x6g8qte,CRBN,183.265277,True,0.0,False,0.0,False,0.0,False,0.0,False,0.0,False
pool1w6ez83j2lapmlzudtuuwygm9lwt23203keqj53n7yjdtwaamghr,,758.507172,True,0.0,False,0.0,False,0.0,False,0.0,False,0.0,False
pool1w6l6rvhxtym5psec3mvgrjlg28d6hrv8g9jjexadzmxfgndfg2f,SIPO,42740342.021206,True,0.02028103698293852,True,0.016376978371003135,True,0.016656012403863305,True,0.020716001798867602,True,0.016811943186932223,True
pool1w6vj437xqhlkasuhc2td09jd6vfem5e03nhhpn7yqxfkzrkamch,WINE,4933.548654,True,0.0,False,0.0,False,0.0,False,0.0,False,0.0,False
pool1w728ekz4fs2f33qmqf7047hvwsmarjrv5l575ncnh7hkc0zdhgz,LAKCV,8978.589044,True,0.0,False,0.0,False,0.0,False,0.0,False,0.0,False
pool1w7c2j0px43jmudhf48ezp7dy8j7904c9l3wc7809lhh2z026hch,STAT,47976352.344567,True,0.020947384816112087,True,0.017022010488259746,True,0.017022010488259746,True,0.021088321437375785,True,0.017162947109523444,True
pool1w7dk7rn0cflzzfr4fqvjpapn0rkz5ksmerx5tgwpm2gtj2gly97,,70020525.09233,True,0.02025984508053311,True,0.016397984605712054,True,0.016566356664968314,True,0.020522307408197275,True,0.016660446933376222,True
pool1w7pt822hfgw30xnkwpjzz0sr5psejksqdcdw4l0ms33lsgynp2e,COOL4,3985988.803186,True,0.01829278900866633,True,0.01429120112155995,True,0.01429120112155995,True,0.02000653566910351,True,0.01600494778199713,True
pool1w7y659w3ya4x4rd9ljp6rmcx70yj2t0s0nk97d6zgmymq0a2k7w,,2.742048,True,0.0,False,0.0,False,0.0,False,0.0,False,0.0,False
pool1w8ham64lthvzzxzn5hknq4yrj8xt2nark409s2xmntlwvt4ag3r,1PCT7,31505238.648924,True,0.020688035449813603,True,0.016666163372412612,True,0.017056127090412238,True,0.021295920069048315,True,0.017274047991647327,True
pool1w92z3lxwrycf3kmf075dja2fwem0luyjc4ysv2afh6sg554qjwn,STBL1,3.45586,True,0.0,False,0.0,False,0.0,False,0.0,False,0.0,False
pool1w9cz3yyz8glemkwpn8hue6s89jrlhkap3nupzac7kdx77gj9am8,CHIPS,3.62535,True,0.0,False,0.0,False,0.0,False,0.0,False,0.0,False
pool1w9hdxd0ydy7qrtxe2lceg80mpsyamwnaqyvu2v0yngj4cfkfu2t,NAPPY,773208.681218,True,0.0,True,0.0,True,0.0,True,0.0,True,0.0,True
pool1w9ksllt0ktnztjdzzlzaqfh7tzspu09xf5l08flz0cadyq0dv3j,,96.794849,True,0.0,False,0.0,False,0.0,False,0.0,False,0.0,False
pool1w9u6rtvuzke9cq5q4x2r7g8xlt6lqmcd2tugzpjpj5w5xv0eyws,FGMTG,1002484.325341,True,0.008371236855489685,True,0.004712632195132991,True,0.004712632195132991,True,0.01459726936515204,True,0.010938664704795348,True
pool1w9yeaaadjz9563tf2h7katrlujvxnywda8el8z66h02ckccx95x,SUI,806018.505695,True,0.0,False,0.0,False,0.002222900440188396,True,0.014890473949446552,True,0.010826921254847242,True
pool1wamhqzxcn7psr3rrqvg35wwjwmj8qktnvgyncj2vzyaqx9hkmsz,,97.624556,True,0.0,False,0.0,False,0.0,False,0.0,False,0.0,False
pool1waplz6cz4t2uss0qcst8wkqj52rzhy9vfr5jr9se9pjx7ucjcfm,,49.782708,True,0.0,False,0.0,False,0.0,False,0.0,False,0.0,False
pool1wc2kuqz7w36j4xc7x8aqekgjhmy4ggknddqqfuw4mr3pu9f8wxn,,49.055495,True,0.0,False,0.0,False,0.0,False,0.0,False,0.0,False
pool1wc2vw2x2xu2van4acthhk08xtucm8ddpuphmw0ahnc99qtz4a64,CRBN,10234.624867,True,0.0,False,0.0,False,0.0,False,0.0,False,0.0,False
pool1wccveh5l4gvns7egngqdd4qk27w0kxqc68jjrnnkgjxz6zwt7ws,YUZUP,134964.115906,True,0.0,False,0.0,False,0.0,False,0.0,False,0.0,False
pool1wdrg5vtv3nrh0mqmfua5qmj5p3zchzay2cz80jwfxxwrx7gp402,ACP,188578.10319,True,0.0,False,0.0,False,0.0,False,0.0,False,0.0,False
pool1wdujj7tmux5nuwnpeksgncendr3mj8ecsjcddpzx9gewc3flp4r,ETO6,50000403.921781,True,0.0,True,0.0,True,0.0,True,0.0,True,0.0,True
pool1wdzyy2lwc8rd5y9vxwkyxpv62dsa270jepjgy9fa3zpqgeuszun,KIBI,230572.257588,True,0.0,False,0.0,False,0.0,False,0.0,False,0.0,False
pool1we0xjccr3vc4ypnmhzsgwp7sxpsytu8dtv0syeqmtrllvcex68q,JUNO,1433286.518714,True,0.013022281716081016,True,0.008957217825115662,True,0.008957217825115662,True,0.017860811842089843,True,0.013795747951124487,True
pool1we9umarzn0l6jp8mcm98y28lxuuzcurzpjldnjwtgdhgw068mnr,,215827.910017,True,0.0,False,0.0,False,0.0,False,0.0,False,0.0,False
pool1wewygdzelh9m4m0kj8u70pmr957lxkzl8km4mttsrdd7wht00vu,,215401.611468,True,0.0,False,0.0,False,0.0,False,0.0,False,0.0,False
pool1wf7wk3802jxtkmek6uprm77cgqx53t4qep9kwkl078w3yw0ff69,DNEWS,17443515.320786,True,0.019250812366404125,True,0.015392675381356644,True,0.016068542589496245,True,0.020304370073209975,True,0.016446233088162492,True
pool1wg3xyzscx4qp0d4zmvlh7ksw8cupqcnegulmezl0cp77vtwlvgr,PrepU,635.138393,True,0.0,False,0.0,False,0.0,False,0.0,False,0.0,False
pool1wggqaqs4pw2l4vml0k0p2kmvpq7pme3fl6smwc8cjjhvvuun9ww,XST,24423.188121,True,0.0,False,0.0,False,0.0,False,0.0,False,0.0,False
pool1wh23dzv4mjrm2lv5y5k3pk9yx8dpggd63ma6duesvzvvymawpny,VENOM,5265.858289,True,0.0,False,0.0,False,0.0,False,0.0,False,0.0,False
pool1whk6lawmfz4zq5fw8zghglp23452gnm9zgs59nqafhpexwcvute,WA1,20252592.99481,True,0.019458110089782373,True,0.01559440913628952,True,0.016177184717323743,True,0.020366554377865134,True,0.016502853424372275,True
pool1whmm0hkxunyhxsr6dfjpx2tpvd05qhev820lx9vcmvqa5wjc6nh,1COMM,64130531.267965,True,0.021146004291901374,True,0.017136318243540973,True,0.01732818496843347,True,0.02144509065717497,True,0.017435404608814566,True
pool1whzghlghkuqn8qf3ehpm3a4rugv0xxmgzau43zqer2awy2rngef,,20369.775749,True,0.0,False,0.0,False,0.0,False,0.0,False,0.0,False
pool1wjsshqjpl3n6zlscnfvyy9gxklkav2dvfyprfye6l0kewyvv6yj,SAFE,389005.455774,True,0.0,False,0.0,False,0.0,False,0.007195623172827195,True,0.0033589010347187375,True
pool1wjt7mjhdaj857hwk3qg2wswn30ghjczm2qetrs7k6sjc20x4hfx,,1045.574031,True,0.0,False,0.0,False,0.0,False,0.0,False,0.0,False
pool1wkaj4sy8set0fzrzgeyl8a8du9fg9fmx06yau2hyfemfy7k5mse,NODRS,1000.0,True,0.0,False,0.0,False,0.0,False,0.0,False,0.0,False
pool1wkk7mlwet6pgqk9gd706trlw25vnu9a7ygvrugap0swjcfty7vd,,1.322858,True,0.0,False,0.0,False,0.0,False,0.0,False,0.0,False
pool1wll3vr4v605eap9hpjfpda5cjegqfkjt8hrz3kkxpnffqejhav3,,198095.658197,True,0.0,False,0.0,False,0.0,False,0.0,False,0.0,False
pool1wlzug8x3xu6dy60pdj6mrkcpvc0fa0cjje6fzxegl4f8ua97dvw,TIPFS,101624.051863,True,0.0,False,0.0,False,0.0,False,0.0,False,0.0,False
pool1wm5pnu72efdcvjm34r7ykkxx2h549swddjrn6r2aqy3tvjc4l57,FGMT6,50743602.65406,True,0.019292451625065644,True,0.015633846964708945,True,0.015633846964708945,True,0.019415452351729666,True,0.015756847691372974,True
pool1wm5quxelvgk8q50jyfznf9asvelp9zf0tk2wu4jazlw9yj4uctw,EU01,690118.019,True,0.003581725048298148,True,0.0,False,0.0,False,0.013279015679395262,True,0.009364286546859474,True
pool1wm89xjqp96t3mlun3pa5suxa3t4s5lluq239en0nxl7pcm5tprc,SHOP,77822.631972,True,0.0,False,0.0,False,0.0,False,0.0,False,0.0,False
pool1wmyr8pp6f3rll0hdxed6e8kkxzvj9ur0ecc45sttan3fqcfldcm,,10010.883882,True,0.0,False,0.0,False,0.0,False,0.0,False,0.0,False
pool1wn5cmtuzkgqfnh6htjplu7uleq5qxk4thc6wtm2fjrgmspqutaj,,23031.430473,True,0.0,False,0.0,False,0.0,False,0.0,False,0.0,False
pool1wn7g7fs8nhqnkkzcafzucl6x6spa6rj980kkkg0rcnyajg62lur,,529.535642,True,0.0,False,0.0,False,0.0,False,0.0,False,0.0,False
pool1wngesrk9ju3x7fzmuqae49lp385k5khgmtz97rza629pwg86nlj,SKYW,10923.301128,True,0.0,False,0.0,False,0.0,False,0.0,False,0.0,False
pool1wnpac2c9am0h3yx2luh9tlsdhcpz2tmfyqjm8g8f67afk7fa6mh,FNX,1381173.754492,True,0.012061524733875388,True,0.008200158841925436,True,0.008200158841925436,True,0.016831561797331737,True,0.012970195905381786,True
pool1wnshjhwqv9j7fgd4tkynpsqr0xczns4pghljy5j4z4qjj7qy4d4,GXY,3041.656534,True,0.0,False,0.0,False,0.0,False,0.0,False,0.0,False
pool1wntxmftndrsj7y4aqles8knl3nfuyj22l83jun02yyx9s962gm3,CBROS,125481.656662,True,0.0,False,0.0,False,0.0,False,0.0,False,0.0,False
pool1wp0yez530qyyxu6nzeej9m9f2sma2w4r54hkw7dfewtts7qqvwc,,296.679888,True,0.0,False,0.0,False,0.0,False,0.0,False,0.0,False
pool1wp7vqk4mkx0w0wxzpy8avhft4qwcg60xldwem2uh9n4pw777fhz,,25294.029322,True,0.0,False,0.0,False,0.0,False,0.0,False,0.0,False
pool1wp9p6rlpratng7rhrvyz6mcjqsl04laxxvvuu06umc5vghacqa4,BNP,24651.025828,True,0.0,False,0.0,False,0.0,False,0.0,False,0.0,False
pool1wpj6th0242z6l2s7zl357a6rv8s7a4lq9x0p74mev453qczweyf,ROCK,6235.559617,True,0.0,False,0.0,False,0.0,False,0.0,False,0.0,False
pool1wpmjtfqcwvtcs9znpuulk99yk2zz6pfh0c4k9f2xlcspgqjndk2,MS4,43868856.106392,True,0.020595143546813334,True,0.016636762442384555,True,0.016912578843219245,True,0.021025092642232117,True,0.01706671153780334,True
pool1wpp9pslecqwv4wjr4gfhcsv9hmagz882q6fl6umwup8guxy5whm,,6.638814,True,0.0,False,0.0,False,0.0,False,0.0,False,0.0,False
pool1wpzr2xafvtne6cnvlyzjqf8dlj2dg7tgkv3vu4zt687266ep7wg,ZOD,1290.897318,True,0.0,False,0.0,False,0.0,False,0.0,False,0.0,False
pool1wr5ky4r3hz6hxenllvxpuncg7jya8gv89jta03059w9eqqjy6c6,CREAM,413.801996,True,0.0,False,0.0,False,0.0,False,0.0,False,0.0,False
pool1wr79nyuty7wjgkey5vlfx9rn0x5ecxgge5mq45fpftqhye2shc0,BTV4,15634105.709602,True,0.020469106104068217,True,0.016485292243339677,True,0.016485292243339677,True,0.020903815970192887,True,0.016920002109464347,True
pool1wrjg8fts9cus0eq8jyf5wqsfe64e8tvrquxgff3tyze4qal4hwq,TPOOL,156347.645108,True,0.0,False,0.0,False,0.0,False,0.0,False,0.0,False
pool1wsar9vtmyghy3htc7gz0gwq70ap0v7wrq9hq83qwx5auvzfm6fg,ARAT,38892.613362,True,0.0,False,0.0,False,0.0,False,0.0,False,0.0,False
pool1wsr9ehtfvc4cs3rzfv65jjv7w7pe3xngw58mtt0ex4jck5frw79,S0716,928.651575,True,0.0,False,0.0,False,0.0,False,0.0,False,0.0,False
pool1wsug8q6kjtje0hzwp68lchwll0046t6huua3f7p35fttx7fcwm8,FSTR,7.597052,True,0.0,False,0.0,False,0.0,False,0.0,False,0.0,False
pool1wt0pf4u2xktp0f7apveu242w6nkm4ltk3m8g039lvuhwq4zdtf3,ECO,40599270.087857,True,0.020550717332840838,True,0.01659233528990463,True,0.016890364046919622,True,0.021015291571717155,True,0.01705690952878094,True
pool1wthsvhhxueqfd9eqjdj8pgyprhr4gptn5g63z9rdrtelcfumnvg,UPBIT,35303817.30244,True,0.0,True,0.0,True,0.0,True,0.0,True,0.0,True
pool1wu4f8u7apml5nke7mjcvj2fvn0apfychx2957lf9gcuzxa07w6g,H4T1,31019.794875,True,0.0,False,0.0,False,0.0,False,0.0,False,0.0,False
pool1wumx7h5vnkjwhv0rycjwdqd8cykvr380etvszgevquxwz02p5wx,SOLAR,738.618195,True,0.0,False,0.0,False,0.0,False,0.0,False,0.0,False
pool1wun8t7nt4daw2zgv0vj7cmwru97vsw0fccucjzuvs7y0qlc8xyv,BCW,5073891.256319,True,0.01594946563953976,True,0.012087605214531214,True,0.01441116703413415,True,0.019571488475979632,True,0.015709628050971085,True
pool1wuu2at4ccsqnlaw9q080wz7y0hq7m5utclffjfn3g0vd2j9xs8j,,816.886634,True,0.0,False,0.0,False,0.0,False,0.0,False,0.0,False
pool1wvaj307ee8jfewv9qjtgk0q3elmpe5lz4n2dec2303062f7dc4c,,67129408.809597,True,0.02024534225053043,True,0.016383481775709374,True,0.016559105249966972,True,0.020519108254520215,True,0.01665724777969916,True
pool1wvezktuplgsgwxvccvaw6vyq3l8v3ecupe56apngyjuaw4jxg9u,,12622.608709,True,0.0,False,0.0,False,0.0,False,0.0,False,0.0,False
pool1wvgf640twac8y7raqfz8hlqz4sajyw2gfpcxkq80wygekcx2402,VINA,3503.566282,True,0.0,False,0.0,False,0.0,False,0.0,False,0.0,False
pool1wvhd4nf6mar2x0zaek2te6lqkrckk9mxtjctezy878a3zprru7s,AD247,43905.870176,True,0.0,False,0.0,False,0.0,False,0.0,False,0.0,False
pool1ww3v7euue6vkzstk2gm5r2s9jsnj9zgtvvscfcmhwfxlzpfgap2,kowln,18083.50641,True,0.0,False,0.0,False,0.0,False,0.0,False,0.0,False
pool1wwjj0tcr6w9nvk0jpvnrqq9p7ukn7wux0h669wcw25t0zmx3zfh,,21927.7585,True,0.0,False,0.0,False,0.0,False,0.0,False,0.0,False
pool1wwzctexlp70mj00vv65mlhwhwresn58s9x7jl4tswvkg77eu7n7,UKADA,3299158.438787,True,0.01402397920100183,True,0.01000455441589952,True,0.013728504092143974,True,0.01982895957867701,True,0.015809534793574696,True
pool1wx9rs2z0nuzds7aj9dvptwcruxputh3dvvfcavnwr6hkjvly20w,IAGON,545.391716,True,0.0,False,0.0,False,0.0,False,0.0,False,0.0,False
pool1wxktpcvaceu8zcsmjk5k0nu2nldm762ra6m9ept87fcvsqucdkx,IGF,1845.225224,True,0.0,False,0.0,False,0.0,False,0.0,False,0.0,False
pool1wxn9nsl8rvxa6r8e5eaak0ml6etfxnz2n9vqrmsw5nzgyexgkrn,,1736060.075872,True,0.007327881951867056,True,0.0033145673335757088,True,0.010391453767836317,True,0.018359499040567415,True,0.01434618442227607,True
pool1wxpzjtfr79pdfs6m6vg6xmcqjh79ff9d6sgzfdpvs2q26swahew,DMOON,242898.865872,True,0.0,False,0.0,False,0.0,False,0.0,False,0.0,False
pool1wxzumlr95mjxhgxnd6cmxcey38pwe5zwu0ly2mlme07qy8n00r9,STRIP,187.71668,True,0.0,False,0.0,False,0.0,False,0.0,False,0.0,False
pool1wydmv34dnmz4ek9s3p9jwaslwuutfyt8wlxt0mkunjkcufznl97,JUP,551.27766,True,0.0,False,0.0,False,0.0,False,0.0,False,0.0,False
pool1wyfau3rlkckr3clr4mkyxn9vdlrkup0fj7uyyflfccmms24gm3a,TERA,14923379.493298,True,0.019817308390181042,True,0.01579285883650115,True,0.01661612410329394,True,0.021100633659005094,True,0.0170761841053252,True
pool1wyu23ahrnql8hc0y5jx00y2evnmw05d2rxnyqlgqq4lxs93q7ue,USA,183800.98931,True,0.0,False,0.0,False,0.0,False,0.0,False,0.0,False
pool1wz27a9pvd2jat98s375lxaaj7qxy405km4vzp83wn5vtwp59kvh,BRADA,5243696.011448,True,0.014719881081945765,True,0.010654764792660448,True,0.01524885261686057,True,0.020636509340385314,True,0.0165713930511,True
pool1x08dl5dy0wsu6y9xp55drk4xeycgjnvutqdqm8wsqn5pwm6yx4k,,1239.63184,True,0.0,False,0.0,False,0.0,False,0.0,False,0.0,False
pool1x0necz9ktlnah9505f3fkdncrlepz0q2gyfp4r7pjxnq53qw5kx,MEGA,79522.327493,True,0.0,False,0.0,False,0.0,False,0.0,False,0.0,False
pool1x0pr0y3hzlju5gxera9zt8fnxgzmqa4dqhm0wwu8ympxz37dwqw,GCHO,371.383728,True,0.0,False,0.0,False,0.0,False,0.0,False,0.0,False
pool1x0qm7xsyh2za3ltprxsgael544je4hg8tc3q3v5gv232z8jt4wp,PPCX1,10884965.948736,True,0.018721477531736325,True,0.014798690907609038,True,0.015898891868861533,True,0.020436496677218155,True,0.016513710053090866,True
pool1x2h98z6e5xvrg5zw3v3dlu8hqdtj6lhp6r3w5ge7rvcqcx3pafq,KTN4,3508958.843709,True,0.013880862946288123,True,0.010021459213992454,True,0.013381287734391513,True,0.01911824269867489,True,0.015258838966379222,True
pool1x3wuw3ungmrq5padffsqne82fx5uesy6dc2qmj83xyanq4rgnz0,,18460.783481,True,0.0,False,0.0,False,0.0,False,0.0,False,0.0,False
pool1x5dfpgp987e4jhxvgczr3wv50nv2pwd873tlx3uthvcasm422q6,QXT,7609693.647676,True,0.018054697545120093,True,0.014073437634130657,True,0.01567163600624439,True,0.020546006772238556,True,0.016564746861249126,True
pool1x7j89z3n7y7g8syk06nahcrwkdphhw6dymt8r3gf8ulyksrzh5t,ALLIN,1212883.828561,True,0.001198950434957062,True,0.0,False,0.0072732776981162634,True,0.01690929676104106,True,0.01290528864520298,True
pool1x89ssjp53eczthatft9w74749558nsz3pq5jn056634pgt5m58s,HOPE2,5684970.881658,True,0.017314731126971065,True,0.01324962008102296,True,0.015432568816968053,True,0.02071756298006195,True,0.016652451934113844,True
pool1x96hyvvamshl5ymcpdshz4ymqjp33vvz9s8dx06xxwpzzkhgra7,,106.115657,True,0.0,False,0.0,False,0.0,False,0.0,False,0.0,False
pool1x9ar8wy7ljw83ppe6y9p6h2yskrmf5dfa0td36ypk6vtgqzwqh7,,6008.222335,True,0.0,False,0.0,False,0.0,False,0.0,False,0.0,False
pool1x9kerklpmyrzx22z944l9n8x9gn8s597vqy4hsllujetue8e5g8,,29.887832,True,0.0,False,0.0,False,0.0,False,0.0,False,0.0,False
pool1x9q4jf3zwftwygeeulku8xtlywmtmzwxjk2g3fz3j5mlwjqnr3p,,746193.525108,True,0.0,False,0.0,False,0.0009580929600065363,True,0.01391504702054953,True,0.009973113559423258,True
pool1x9tc05u8dqefrdyw9pgxn72szr7p2peyd7xgqs3l28s76f59c0y,STBL5,7.900602,True,0.0,False,0.0,False,0.0,False,0.0,False,0.0,False
pool1xa7zku52cj6aagevv5z685jm2ljhpqsekrrcrulpmkqrknnt2kz,,1060.257602,True,0.0,False,0.0,False,0.0,False,0.0,False,0.0,False
pool1xamkqfkkfm4eldv88jhdcm5uzs8kd3p776e789hqv8yfzjgqh9s,,184.798262,True,0.0,False,0.0,False,0.0,False,0.0,False,0.0,False
pool1xaudqyen24fz02vhu9qa2ry44suzfk8z3lh7sc6qx7c3gpweww2,OCEA7,690882.251649,True,0.0,False,0.0,False,0.0,False,0.013219567927983652,True,0.009313041490987712,True
pool1xaxps54m30n35fegcweum3c86pr7xp2mmcvfsd007v9ps9xu8js,DECNT,5172.169595,True,0.0,False,0.0,False,0.0,False,0.0,False,0.0,False
pool1xc6la5z92seku86c4rdnuvxjdc3fh8pdtanlgxdy99cxjrkhzkd,,2139766.562145,True,0.008068258796048633,True,0.0048182154770520826,True,0.009457973932781813,True,0.015300823447627331,True,0.01205078012863078,True
pool1xcesfga2h2fh7s4es4v2nsu4npc3ayg5x93m4mvt7whn2pfswma,,7.621654,True,0.0,False,0.0,False,0.0,False,0.0,False,0.0,False
pool1xcn2yddehm5ncjx0p24vkguth4rta7zv3getcztflxs3kh9rexd,MONAD,391496.094873,True,0.0,False,0.0,False,0.0,False,0.007618874379425002,True,0.003594425539729112,True
pool1xcslzgl6t2pcdr0u8ef2zkjhdyxy8xmgvzp0mcdgrw4k5gtg94s,4FREE,606705.73441,True,0.0012263095281582264,True,0.0,False,0.0,False,0.012656892109916816,True,0.008592035848061955,True
pool1xcy8wtzrmzdhr2sqjjm8qe0hrxr4dc23zsv9mdfegahv5t0jud9,,335.336647,True,0.0,False,0.0,False,0.0,False,0.0,False,0.0,False
pool1xdcg6kg0g4y3wqf92f8uh44urz06suglhff036k5yak2g0m8zlc,00000,51874.793209,True,0.0,False,0.0,False,0.0,False,0.0,False,0.0,False
pool1xdgzul0qespnz56zzrckwf4hcryyql9ypc4tya2dlu9a22h43ag,BIKES,298510.364338,True,0.0,False,0.0,False,0.0,False,0.003278235577894754,True,0.0,False
pool1xdwe294ntvnken52vsaar7edxpxeths4dvsm84pm4chyq70r0ny,,105.303081,True,0.0,False,0.0,False,0.0,False,0.0,False,0.0,False
pool1xed948ze4guhrkt9zxjmecjvgkvgf8gd8skkzgtacz6gsyk9m5c,WGM,70432652.339584,True,0.0202618154937148,True,0.016399955018893752,True,0.01656734187155916,True,0.02052274205816382,True,0.016660881583342772,True
pool1xfj4dazvq0fszalwm30zr85ka9t65mwpq3vfrprdw35mwan3vq9,CNFTA,1505.382425,True,0.0,False,0.0,False,0.0,False,0.0,False,0.0,False
pool1xflehvzad4wr6rrvf6eea65jst5af0r4k0rh4xvmnqgvkzt3xjt,EVE9,14.5784,True,0.0,False,0.0,False,0.0,False,0.0,False,0.0,False
pool1xftlxx9slpz59thcgtwgdj3k9e0ntn3p4qnmzs3r84dkx0hccjc,SPS5,22744528.299043,True,0.019559979997621102,True,0.015698169333767976,True,0.01621651378325458,True,0.02036798752182081,True,0.016506176857967687,True
pool1xj5f7a79lnc9v0gjn00fkf2lyzexngka59tpcew5rrkyqveagpt,GREEN,417764.372838,True,0.0,False,0.0,False,0.0,False,0.008416588448173364,True,0.004426728151907771,True
pool1xjhzgchsl2ccvc5pj3aqytv9hh0jnaz63wtfnw4th07tjypm46x,SECUR,53701446.621524,True,0.02081417504113082,True,0.016876095449796718,True,0.016876095449796718,True,0.02093944075412753,True,0.017001361162793428,True
pool1xjqjwe0t7uw7wfdygvt99e5wjcuz6ex6rcx2p067aqxp6tsgwgm,NVET,19705091.041875,True,0.0142947389419721,True,0.011449161209854366,True,0.011890011748506502,True,0.014981947134576902,True,0.01213636940245917,True
pool1xk3ck79lra9c9x5c684lylvg8vlexmh0eh7w90t6s0zvw6k5vn7,,1749.049326,True,0.0,False,0.0,False,0.0,False,0.0,False,0.0,False
pool1xkrqy49edygfumvw9jxna55c373cmckzqq92m57ng82ycpykcmz,,102.61655,True,0.0,False,0.0,False,0.0,False,0.0,False,0.0,False
pool1xkwnlr34tjrnkz6u4c0p36cju3xuls4dyynsdkf6cv22ksuhz6q,EMUR2,16905917.015122,True,0.020632400644134324,True,0.016628286922447805,True,0.016628286922447805,True,0.0210364588797148,True,0.017032345158028275,True
pool1xlfty06hg6q23qvcaxwv3p9ke7ff9n34qpr8tpxt2zflyq20ceh,SAKE,29895984.870515,True,0.020664832139237765,True,0.016637600287111545,True,0.0170489702437551,True,0.02130608530694683,True,0.017278853454820612,True
pool1xlgmew766a2ndakrn4sn63t00sf5z99w4ncd7k75r5thxqyln92,,7395.261117,True,0.0,False,0.0,False,0.0,False,0.0,False,0.0,False
pool1xlphlhnjvfeh40vcqf9fdewztsj6kyxq6604kaccpv00umjfu0d,FISH,11626430.192207,True,0.018606930877959095,True,0.014769066183450886,True,0.015783091968244425,True,0.020187618130725494,True,0.016349753436217286,True
pool1xlra52x2es7dmsvpmcp2922h89h346awe7yuu664e50yvrzaaqe,CTAX,26521932.779141,True,0.0,False,0.0,False,1.7147602936795372e-06,True,2.1474195680017053e-06,True,1.7409084634141862e-06,True
pool1xlst0jw9safmz3c8m56zvl4m65y306dcp48hdks8ursmsz2awm2,OOH,55.450706,True,0.0,False,0.0,False,0.0,False,0.0,False,0.0,False
pool1xm4nalvh3yd7pzczlr84w4jlzymwqrnshlpv80u8s6zex997kc6,,11.7,True,0.0,False,0.0,False,0.0,False,0.0,False,0.0,False
pool1xmftxwzqqkug8uzl2n2yvxhm6k0tx4rjtel92wjgvrlfk0uqy8c,,3496.676876,True,0.0,False,0.0,False,0.0,False,0.0,False,0.0,False
pool1xmlq3sgssww6kwu8dupgxukzhlk77j40p9c4r3qux3j5z2ysk2c,CF2,76301499.880772,True,0.0,True,0.0,True,0.0,True,0.0,True,0.0,True
pool1xmn8ag7jctcpdqk9jtrzk9s7qgs4f3cehkxhtelgpag6c7fjxdm,,9074.692322,True,0.0,False,0.0,False,0.0,False,0.0,False,0.0,False
pool1xmsdhync6k6grkkj7tuycskjpseykpr24luhlazl5nsngsy87gm,EVE3,34908842.618415,True,0.020010470227472234,True,0.01610800892582343,True,0.016569737209862767,True,0.020662912367962603,True,0.016760451066313794,True
pool1xmtmp6cmmmaatkn3jd9dlht8xjyf7xnqmrurs59kj2ygxuz2jkd,NRVN,52448.809231,True,0.0,False,0.0,False,0.0,False,0.0,False,0.0,False
pool1xn4kqt45xh3udf87kmtkdfz8xh9qn6trlqsf39eusk23ufmxhgr,SKY3,6844185.901621,True,0.017693101243456126,True,0.013709287536884057,True,0.01548624102336366,True,0.020463058148850806,True,0.016479244442278735,True
pool1xn6rwtc6m7hnf66006uk3r0yp3yt5cq7u95esu3xg4mk52cva8w,LIVE,509.631061,True,0.0,False,0.0,False,0.0,False,0.0,False,0.0,False
pool1xnaxushl47aeha3mr3uwnxcfkvzj0um6c4zxdr064d3y68z646c,ALPEN,656989.443409,True,0.0027914278115331783,True,0.0,False,0.0,False,0.013347152975115005,True,0.009282036685829685,True
pool1xpeupsjcwntlt78ak74kk9ymfhn2pac000yu9dp42qlpz58f0un,BAT,10704.426584,True,0.0,False,0.0,False,0.0,False,0.0,False,0.0,False
pool1xpfe5q3v3axrjdc8h38taaa93frq3m9pfewxk46x4r6jgy2yj5n,MAPLE,2509.402123,True,0.0,False,0.0,False,0.0,False,0.0,False,0.0,False
pool1xply0kq63yvhwl6v090yuf4mxwrq37rse75w69ddw4k7sxwnxd8,,188.239958,True,0.0,False,0.0,False,0.0,False,0.0,False,0.0,False
pool1xpptvfwpqau6qg7j8e4qatkzeartxm7ezux95evgv4zm6xxd3px,,2.007228,True,0.0,False,0.0,False,0.0,False,0.0,False,0.0,False
pool1xrrrr8gldqz8pjxj6j8c638a9py04xuv66kfgn2dlsx9g52te0t,JP3,12697100.742161,True,0.01874352296498538,True,0.014884144914364161,True,0.015812663970754152,True,0.020190920317593307,True,0.01633154226697209,True
pool1xru6f3fflzwkptgm68pncrsncg9ngllv0jk8jnz40m7wusfhazk,OASIS,20758159.796429,True,0.0,True,0.0,True,0.0,True,0.0,True,0.0,True
pool1xs34q2z06a46nk7hl48d27dj5gzc6hh9trugw2ehs9ajsevqffx,SNAKE,55361104.473749,True,0.021020383362053873,True,0.016996177778381912,True,0.017218100735244626,True,0.021366322088928105,True,0.017342116505256144,True
pool1xsj9s3mfpztls97x7jjql0msmeh5v3wa5vyqhmmmsx8jzsqxrsv,,74546244.340369,True,0.02070725047979277,True,0.01676409276530575,True,0.01692557239592319,True,0.020958968727519952,True,0.01701581101303293,True
pool1xt0gxs63r5vgjsrzhm7jfuhuqzga9pf8kqvp38qmdzn3wjxudvr,,2.228964,True,0.0,False,0.0,False,0.0,False,0.0,False,0.0,False
pool1xt0z35f0ms6xt5r8swhtd2xcymqxvk42m8fk5q8fnw8hjhr6yax,,97.510309,True,0.0,False,0.0,False,0.0,False,0.0,False,0.0,False
pool1xt7mjrtnsew3v33lu8sf93upf20sxhmcrfnpm82ra46yxk7uy45,ETO3,57000082.283388,True,0.0,True,0.0,True,0.0,True,0.0,True,0.0,True
pool1xtrwqwu6jn896szjwsyxxjczl6hc9sq4lh5ax68f7dt3gc0y9rx,NERD2,2909886.090157,True,0.012625234817473166,True,0.00872284891784562,True,0.012817029800148547,True,0.019007340310474786,True,0.015104954410847242,True
pool1xucruwwxsym3u9v0m4ex3az5d4vpz9xu877vsl9udpt0q237e9m,KLF,70027333.725618,True,0.020259877821565686,True,0.01639801734674463,True,0.0165663730354846,True,0.02052231463048387,True,0.016660454155662818,True
pool1xvaagsvl9prlr20hvg2qv434yss5c88r2ml6n43wcpepxmw85lj,DCONE,10303339.938238,True,0.01927170099401674,True,0.015206589948109982,True,0.01641105375056531,True,0.02114924750960887,True,0.017084136463702115,True
pool1xvfzclnwf0jyc9ekqmamshha9dmw8mpzd9ykgxjjpxnuwdv6mzk,PERK1,73397.057605,True,0.0,False,0.0,False,0.0,False,0.0,False,0.0,False
pool1xwqye6mlftwjg706acz5fjqz7gmf4qdye99zsjl03a4ru68ghee,ANET,2877286.54039,True,0.017028124723468794,True,0.013049277351920713,True,0.013049277351920713,True,0.019390176574960376,True,0.01541132920341229,True
pool1xwy9ulstsdfwuh0q0jc76hjalvmh2mfal004ep6ka38k5z4zmh3,ZBP,8490.580319,True,0.0,False,0.0,False,0.0,False,0.0,False,0.0,False
pool1xx3wxlhxu2l8qcvdvealhsry8r0ge966lmpp45ztkte77lx3qq0,,903.951793,True,0.0,False,0.0,False,0.0,False,0.0,False,0.0,False
pool1xxhs2zw5xa4g54d5p62j46nlqzwp8jklqvuv2agjlapwjx9qkg9,SWIM,13565501.063279,True,0.0109180247610415,True,0.0068529084717561806,True,0.016700683307115573,True,0.0212770228802037,True,0.017211906590918383,True
pool1xxjcu9djguspkrctjgszvzcagy7pzy8vxqfaqtl5xy9824fz2qg,BAND,0.994008,True,0.0,False,0.0,False,0.0,False,0.0,False,0.0,False
pool1xxvcz8dem4xufzn74v2y7fs709mfw3tpq963thzg5en5jrkv67a,DUBAI,351319.630912,True,0.0,False,0.0,False,0.0,False,0.00591945726004318,True,0.001979939421110226,True
pool1xytvsd9qnvqxpthh9p8k85e823trvn3npxeur8kr9zhkqz5uls9,ADV,71255621.310204,True,0.021353264550859924,True,0.01730125309742099,True,0.017475414795428988,True,0.021624751903637097,True,0.017572740450198163,True
pool1xznpgmkfkf4f5wzks85z778v2s94vhmjxc60m8tphvypj6jp2w2,MGATE,44300.614855,True,0.0,False,0.0,False,0.0,False,0.0,False,0.0,False
pool1xzpjn9f5nk52lnfzskuxey3r3h5fh8z78389qsd6vwyfcqum796,SLAV,196.688199,True,0.0,False,0.0,False,0.0,False,0.0,False,0.0,False
pool1xzsckz6hd64pnle2c88e3gccccyfs7w6eauxuffpcc5sx2mtekx,ITRG,41911.162014,True,0.0,False,0.0,False,0.0,False,0.0,False,0.0,False
pool1xzu4pva0k4y6geukd9uvvl3t3s8q8alzwahf575y5fj6cnkd5y2,,4181614.335537,True,0.0,True,0.0,True,0.0,True,0.0,True,0.0,True
pool1y046n8u3uz552nmhz9wx7jv2gn9lytyvwlntetkyavvq52nzqzs,PRIME,38.198719,True,0.0,False,0.0,False,0.0,False,0.0,False,0.0,False
pool1y0lq6rjckxxly36gf3wdsxzjzg97mq9c90una3vfq8pu77g7zkf,MESH,121135.163694,True,0.0,False,0.0,False,0.0,False,0.0,False,0.0,False
pool1y0mz6yevqk34gk4tml37a62h69tg59sfz6vslzv4sf5fvsjhvpw,,16093.637749,True,0.0,False,0.0,False,0.0,False,0.0,False,0.0,False
pool1y0s5vwg2rdvfnynyhhgh08hdrd74p6rfhwxzvrxvfnrvjuddyf2,ILUKA,168.05761,True,0.0,False,0.0,False,0.0,False,0.0,False,0.0,False
pool1y2433yepkpw5xwps004zlz23xuja9xp2ckplak5lp72qss37333,,153.279888,True,0.0,False,0.0,False,0.0,False,0.0,False,0.0,False
pool1y24nj4qdkg35nvvnfawukauggsxrxuy74876cplmxsee29w5axc,ADACT,656138.459943,True,0.002775693088325051,True,0.0,False,0.0,False,0.013345108575114922,True,0.009285469629517734,True
pool1y44fkeps7ftnnf495a7grfrwtt7hxcntaenyzu4x4vah5cud0mt,,6137.984146,True,0.0,False,0.0,False,0.0,False,0.0,False,0.0,False
pool1y49e700dnx8lpvznmysgzw203mjq6l7um85ka4ys6x0zcwgs77w,NAP2,5153101.281289,True,0.016359801760393602,True,0.012417652498195616,True,0.014753663250343862,True,0.020001230285801166,True,0.016059081023603174,True
pool1y4yyg9zq2000akup68w68r0m42td2h2h5cz282ua4u985nzszkv,,100080.187162,True,0.0,False,0.0,False,0.0,False,0.0,False,0.0,False
pool1y53awxsm6cmksp8qht8qfq5f5c69t6mrgrdcresk5y0ecv2yj93,RAMEN,5552180.690101,True,0.01688009400278953,True,0.012905027222888742,True,0.015095481871038671,True,0.020294626248435005,True,0.016319559468534216,True
pool1y6gnk7t3n6rvpr67f68mehxgqs5x24n0esz9l5j7m4aqzn4e0qw,,58982997.094048,True,0.020622026346193555,True,0.016678863545586797,True,0.016882951174108048,True,0.020940162943594333,True,0.016997000142987568,True
pool1y6z9q5hgneup3j5s40jauhd6wq6qux7gkcfwnzfaynnsu0edy2g,Pool,42078223.135275,True,0.02045805155072204,True,0.01651489383622976,True,0.01680097293137835,True,0.020903998375512486,True,0.01696084066102021,True
pool1y89sy2e927hvvt66wnukx5xnnrarzxrt55eypttaw3n06u0uam4,BBO,591948.961445,True,0.0,False,0.0,False,0.0,False,0.012307197708735985,True,0.008282733101433664,True
pool1y8g5sk4maqzpg6k04t0e8x296xtumuph7k4ya8rsfqh9xhc5a7h,APULR,767.476074,True,0.0,False,0.0,False,0.0,False,0.0,False,0.0,False
pool1y9rdlv5tksudwrx47afjx47grd4tyh24zccffjtp32u0cfpegvk,SPP,3325533.032841,True,0.00655979750419881,True,0.004527241981192041,True,0.0069418924810368664,True,0.010017137992612994,True,0.007984582469606224,True
pool1yc6f3cqsc7jfh07hcns64v5cp8720mve870pgxf2wkr3u8l7tse,HYPER,30265603.285085,True,0.020912279319199808,True,0.01693568890450533,True,0.01693568890450533,True,0.02113729284150934,True,0.017160702426814865,True
pool1ycksh8m4ees8jf6f9muvpqxmprj7j2wk72h2qxcn7ykswv408w6,,7050.428078,True,0.0,False,0.0,False,0.0,False,0.0,False,0.0,False
pool1yd67ecxptd70flavhu9m4x9pj460fpy3pttlcfs5wvjlwzs79vw,APRIM,5.154646,True,0.0,False,0.0,False,0.0,False,0.0,False,0.0,False
pool1yd67lvc04eztwrpnefqh3g4dsydmezwgrg6ce4km728v6sg8zwf,FRADA,1508734.474491,True,0.013190057045207608,True,0.009208728869062568,True,0.009208728869062568,True,0.017694693291617276,True,0.013713365115472236,True
pool1ydcx8pf36rttvgyak63kqpgkqgrwp94k6a723zsxer0sja9t3d8,,2491.88882,True,0.0,False,0.0,False,0.0,False,0.0,False,0.0,False
pool1ydgmfmxpuateqwz028lpgypsdchs5m0tzes732qdragdg4jp0uf,1FOC,39.983004,True,0.0,False,0.0,False,0.0,False,0.0,False,0.0,False
pool1ydz2znwyh3409v55r3psgc70w2ykvqjkkagx3f5ep96vgp0vlmr,,17853.779131,True,0.0,False,0.0,False,0.0,False,0.0,False,0.0,False
pool1ye4zrxf0w7d7drq5wmat36dlzq270dxy9rhgcwufnaja644vwr9,NUFIH,18972.783961,True,0.0,False,0.0,False,0.0,False,0.0,False,0.0,False
pool1ye53d6kl460egekdnunjl4tx5zhs5puze8nqkfxyjuae7364w74,,147.661322,True,0.0,False,0.0,False,0.0,False,0.0,False,0.0,False
pool1yechqtexl9r7esg5scwynqalmjrpd5l69wkwrrw54y0x26eljpq,ICRYP,1584.279164,True,0.0,False,0.0,False,0.0,False,0.0,False,0.0,False
pool1yemdr25t4g3ev038yn433dt58d8p52nee7kmcykjlhye6hshu9m,AA2,250887.445558,True,0.0,False,0.0,False,0.0,False,0.0,False,0.0,False
pool1yet04d4ykpp7me8uc2jx2glxrx88kt9uhmv6jeh7xkmtu5zucna,AUTO,274420.394452,True,0.0,False,0.0,False,0.0,False,0.001729487533957254,True,0.0,False
pool1yfacynd0va3rw27tjldfz05f6hfjhfv36wwdhn3dy2hfqq00w8y,PARAD,103161.211498,True,0.0,False,0.0,False,0.0,False,0.0,False,0.0,False
pool1yff3j4xqhmunrccjsdh0u9qxrws7xdqhagjx5lqktklwj67u5s3,CDNC,131290.813771,True,0.0,False,0.0,False,0.0,False,0.0,False,0.0,False
pool1yfxhjwwlzr5da82h77jy83nkuryh970ey6zypd89fy6qyuxfppe,,9.825875,True,0.0,False,0.0,False,0.0,False,0.0,False,0.0,False
pool1ygmlrra5qn95zw6afntvzxpdpzz67vtqjr4dmslerua2c092a6j,SSLDN,28467.273615,True,0.0,False,0.0,False,0.0,False,0.0,False,0.0,False
pool1ygrwdlhn46gehyay2duxp8ynh57drxg0lgf9huymxlpvukdv0k6,NAKED,2.625614,True,0.0,False,0.0,False,0.0,False,0.0,False,0.0,False
pool1ygsyw93csvam58nf63gttknj9dvj3zxh54h4eh0kals7kdf0nx6,ELDEN,1904187.681965,True,0.015163489336343374,True,0.011098425454424962,True,0.011098425454424962,True,0.018805462270882856,True,0.014740398388964442,True
pool1yh7ksvg54nger73ldnf22cgwyh0dnm4aerahdd0kdukjqeacy32,,53314343.797263,True,0.020154325479367043,True,0.01629246500454599,True,0.01651359686438528,True,0.02049903102558711,True,0.01663717055076606,True
pool1yj9xduuwzvdkcwm2mc9x893zq684x7pyah4ja8zmzplgvxz6wgk,SPIR2,19646763.764087,True,0.020438082262570753,True,0.016385949997436998,True,0.017017606190233733,True,0.02142272279840095,True,0.0173705905332672,True
pool1yjz9nhtlvnl9rx46t2kfufwxd338m0kw0jxaj86pqfthse837z8,ADM,951.058658,True,0.0,False,0.0,False,0.0,False,0.0,False,0.0,False
pool1yl76e0fhq0kcfy2jqs2mt6hl9xeyrnesehqp0p4s896lwv7hrta,1PCT9,333920.146695,True,0.0,False,0.0,False,0.0,False,0.005235173422697841,True,0.0012129168244869198,True
pool1ylcl727memzjqypjaxg0jl0l40l3gy3vmtt0llwpjufwwdmptks,,201.0,True,0.0,False,0.0,False,0.0,False,0.0,False,0.0,False
pool1ylhh4u260wz52zpct0ce8txh8alm0zmjaf4fn69yz09xs68y70v,,1.434673,True,0.0,False,0.0,False,0.0,False,0.0,False,0.0,False
pool1ylkps8vax4nzxe507a0mx2svu3p8w2mkvdhyjqu7rl78q9rehh9,,612.166543,True,0.0,False,0.0,False,0.0,False,0.0,False,0.0,False
pool1ymmhkw7r5xj372w7gwel66fwtvqw4uv08j0fs2wycee96qv32j5,NBLRN,122.078687,True,0.0,False,0.0,False,0.0,False,0.0,False,0.0,False
pool1ymqwfp9p8m6g09a6ca0mkm0nmc0ezgnvhtj0vpsvnmyjvy8zh7z,EMGAL,547.629794,True,0.0,False,0.0,False,0.0,False,0.0,False,0.0,False
pool1ynxx88cq0y8vg8yrq3jrw6epm7rq9a8859v34sq9lzjy7ztg90u,EVE,43600199.753374,True,0.020170543105084784,True,0.01626808180372342,True,0.01663776818339999,True,0.020692926032888626,True,0.016790464731527267,True
pool1yqd4ln05uj7qd0fs657yufwa29an8lu49farezn0x6a9xph9h49,,1.0,True,0.0,False,0.0,False,0.0,False,0.0,False,0.0,False
pool1yr0cv3dtmhcfgqa6yetvmf769ngk89e6tepecmjrmjl2jzcw2lm,EASY1,35867866.464997,True,0.021351356743770332,True,0.01729669587806055,True,0.01729669587806055,True,0.021544705294534224,True,0.01749004442882444,True
pool1yraracv4ntq9azvjw2nkw8g4xluujalz8fpt2stz8rw6k0zueuv,,5559870.553335,True,0.0,True,0.0,True,0.0,True,0.0,True,0.0,True
pool1yrprrg6segrjprav2xjnvtgl57w6er3ttjskg70fjtwc524u0k4,SORA,1206.074434,True,0.0,False,0.0,False,0.0,False,0.0,False,0.0,False
pool1yrqqa03ea5fdh5hnap99k4actjtj6ypeeauuwrvf8d3zw9ywvye,,223369.624235,True,0.0,False,0.0,False,0.0,False,0.0,False,0.0,False
pool1yrycp4fjyd0al60xw826jdju35zazqmfny53r07efucuvlvnej7,,11124.857359,True,0.0,False,0.0,False,0.0,False,0.0,False,0.0,False
pool1ysnxzyr2ck49pxafgq52tt8wzdhpcsqw3jxdftf7u2whgtmry3k,MPN,222.264982,True,0.0,False,0.0,False,0.0,False,0.0,False,0.0,False
pool1yt868wrp9s2x5pehe96del9m3nwasme62yw02vww3kg6zwzspcz,XRAY3,9409466.98987,True,0.018852431037903582,True,0.014827971102451107,True,0.016133666739964546,True,0.02088778011990983,True,0.016863320184457353,True
pool1ytfsdx0zjdum8qwrk6urv6u6gxvlnd3r93j8p8ckj57wz3aaudu,CATS1,5805.804939,True,0.0,False,0.0,False,0.0,False,0.0,False,0.0,False
pool1ytszp582dm9u5un6mevt9czgcnuqhflwfr9ly4ukpeqcughryqh,LEGA,4946161.678003,True,0.01638514985841822,True,0.012436219578097636,True,0.014895055498097382,True,0.02021804114547665,True,0.016269110865156065,True
pool1ytyw34lckr8k9dhn59h287wqry5lk6waqtfhxe6v94v4gsaa7vx,CZBE1,559100.637812,True,0.0,False,0.0,False,0.0,False,0.011770042415067577,True,0.007746087169944064,True
pool1yu9y9qvqu2d399qvzcy2ugnrsw4vh8uzsufq8jhyfrsjk563jqc,VHOSS,518.512949,True,0.0,False,0.0,False,0.0,False,0.0,False,0.0,False
pool1yuq5ck8d6fssa3ju004wn9nap3ll06hd60a6tau4ptj8sqhtgsn,MIDFI,296471.711481,True,0.0,False,0.0,False,0.0,False,0.0032151375194045834,True,0.0,False
pool1yv4s4v3rjgzfwj4zxm8sy24e2vq6zaexp8eudyrk9rx7yhwaxke,MERK,12457.455168,True,0.0,False,0.0,False,0.0,False,0.0,False,0.0,False
pool1yv8lps0rx4xxppwpm0vea852wwu6lg78xh3qfss7dmftq2gqy3r,MADA,941.459492,True,0.0,False,0.0,False,0.0,False,0.0,False,0.0,False
pool1yvf4nxph69ztm0tgj73ummxq45kfjhecyad26e3xc2002xgzalg,CCV4,27998203.612105,True,0.020170351409675744,True,0.01622721403937887,True,0.016657159480406934,True,0.020840560479513607,True,0.016897423109216735,True
pool1yvwry5gmqta5tug7gjmfr33c2whdjf88tfykqckaxsdcgcd482q,ZENA,24945.338267,True,0.0,False,0.0,False,0.0,False,0.0,False,0.0,False
pool1yw05sn4p9972p6lsdw9g4twvwxdf72rqtfuvwn0wp736vh4azfn,TLB,104.596453,True,0.0,False,0.0,False,0.0,False,0.0,False,0.0,False
pool1yw8qh0jnnl6eumgzt77fulfhgmyzda39zcndgvyc27ffu6jeh5w,,4.613646,True,0.0,False,0.0,False,0.0,False,0.0,False,0.0,False
pool1ywpt43nttzjd7883wafg255mh0hmjypwe65ercw6p2sxg5lt7ez,EVE4,42626772.839392,True,0.020155861061739194,True,0.01625339976035146,True,0.01663152831492749,True,0.020690173149727056,True,0.016787711848339326,True
pool1ywt7jqfsmxg0yplku4mtdwtm476rp72z6fns9mhevf7u72pkupj,UNIQ,1266169.987413,True,0.002034007702206432,True,0.0,False,0.007609368085262734,True,0.016854016221235824,True,0.012922201327933648,True
pool1ywwtv7clgpjs88ysgpcntc6gemlrsy4037eulquswmtlv55cuzx,NIANO,334983.467732,True,0.0,False,0.0,False,0.0,False,0.005336613691104978,True,0.0012715496801950301,True
pool1yy7vaszhqx7h02rp8ey0p84yy5zv2r2awzddzceeaurrs8klzxt,,560717.293937,True,0.0,False,0.0,False,0.0,False,0.011918345917154271,True,0.007854482460763913,True
pool1yydna77k2j8yq4fw08d202z664g3fvavfvqjg5g4lxmwzsa9k9u,,0.013127,True,0.0,False,0.0,False,0.0,False,0.0,False,0.0,False
pool1yyv7vx5zhhsd60jp4tl72vpznwvpvjp35m4z7jr42ugkxmndyv5,AZTEC,1063108.825415,True,0.0,False,0.0,False,0.005824013925320117,True,0.016200426616661392,True,0.012216868389064188,True
pool1yz3fnqnsqhqpkc2tjqn4dkws8nnr8a5kcs50g780nh0wk8tgnp2,ADAES,121476.442832,True,0.0,False,0.0,False,0.0,False,0.0,False,0.0,False
pool1yzd344e32exxzjnjet4l466zcfnte5rnzveywvztxdxug2yu7m4,FAT,86563.559386,True,0.0,False,0.0,False,0.0,False,0.0,False,0.0,False
pool1yze2j2m286u2evnsphkaz3uyx805wxrg9qqn9ftns43kypl45kq,SILEM,1289.337264,True,0.0,False,0.0,False,0.0,False,0.0,False,0.0,False
pool1yztpevpmfyyz2eu4dklmgfx8g0q0vme7ppdsnawcpnwxs3vfxy7,,44.454085,True,0.0,False,0.0,False,0.0,False,0.0,False,0.0,False
pool1yzu4lp7f8ua7negffj8mmwfylx4ckhsu00a4gtf630rlcwnl7gd,,380.119872,True,0.0,False,0.0,False,0.0,False,0.0,False,0.0,False
pool1z033qtxzsn7c9az4fzz8z0ewnynzcuq2dy54v6tfyqz5vfjkmv0,TILIA,1313.172885,True,0.0,False,0.0,False,0.0,False,0.0,False,0.0,False
pool1z075ym5pdu9cmeqzassp97z36ctkvuvg7pcxjzluyv5zqgau4xg,,1097.287644,True,0.0,False,0.0,False,0.0,False,0.0,False,0.0,False
pool1z26udkezqtry8xtca2u9f807ptf0llcv70rnr3j2357gqgrs79f,TIG,190.425486,True,0.0,False,0.0,False,0.0,False,0.0,False,0.0,False
pool1z2afpmku5v8yapjf29s3w6m0yk6gc49ytpngscum5nmjz2d8aah,FHLN1,162736.774442,True,0.0,False,0.0,False,0.0,False,0.0,False,0.0,False
pool1z39sker5renxhep9m7z8aae2yh56940gwykptfcf053473mwy8t,KYOTO,436132.109315,True,0.0,False,0.0,False,0.0,False,0.009039493049771325,True,0.005017327533257688,True
pool1z44fjvz77atzgwcwmwtls7skggnczlx8e30pugqn6ugajjrzgc3,,27.624822,True,0.0,False,0.0,False,0.0,False,0.0,False,0.0,False
pool1z46azf72z9yjlq6rpngwn5syg5xup8jcwguu2t259ngl5cnv2ds,BNP,32287100.699124,True,0.019646552251699517,True,0.01582534303834766,True,0.016197271757247028,True,0.020220385132287112,True,0.016399175918935256,True
pool1z4d4s883ul7h6vsrmg9s3t64df2vcx02h8tqtm8sq5yqw62pu44,SEOUL,782.05456,True,0.0,False,0.0,False,0.0,False,0.0,False,0.0,False
pool1z4f2vmmwckcm6c4fmhn3vmymhsg8gjukx5905g54hlhqs9kaht9,LIVIN,609949.921582,True,0.0013184630659677152,True,0.0,False,0.0,False,0.012517702148223522,True,0.008515934966069762,True
pool1z59y9zk6kvyzl9fv7evxpnry8sk6ymxuee0lc6kw2rkvzh6f077,TPM,2.623282,True,0.0,False,0.0,False,0.0,False,0.0,False,0.0,False
pool1z5h4jhmhqrd2ndrhn3w7kr8nvcqwunds53hrs6vpzr882x4n3la,SDA,102.2287,True,0.0,False,0.0,False,0.0,False,0.0,False,0.0,False
pool1z5rt6kn6yvuczj44qla73mfyln9l55lw0jkz6x4kjw00u32zec3,,6797263.258812,True,0.0001802915063199385,True,0.00013964034342708528,True,0.00015789769131472467,True,0.00020875148979184694,True,0.0001681003268989937,True
pool1z5uqdk7dzdxaae5633fqfcu2eqzy3a3rgtuvy087fdld7yws0xt,OCTAS,58331740.355344,True,0.021067982873028555,True,0.017042050194870175,True,0.0172528841237926,True,0.021396635762231157,True,0.01737070308407278,True
pool1z724xxqgzf9a30eejsa4edznmv8hgy27ssxqfcpqz42sc6lfqwu,YYC,117044.474006,True,0.0,False,0.0,False,0.0,False,0.0,False,0.0,False
pool1z7n2ruhmxmv77f6cqhd3wsy6774h2wuay77agxuf2y9mj8q55vw,1PCT2,52178134.767941,True,0.020997044102269487,True,0.01697517365686818,True,0.017210634354239612,True,0.021364085777583777,True,0.017342215332182474,True
pool1z9m2kxeat06t30yf6ar7sqpert0cjdgxzcv2dv36dcwcqcqtgk4,,12765515.72399,True,0.00019736319600236022,True,0.00015671203310950698,True,0.0001664335361559355,True,0.00021251730369238115,True,0.00017186614079952797,True
pool1zc5l0d0j9d0969z7ssphjdq7rfexhnhrfdp2e88sv05ujlaxfk3,WWW,483799.239979,True,0.0,False,0.0,False,0.0,False,1.0355659069083467e-17,True,6.2937919895466736e-18,True
pool1zc7vxe3ymyej76h8wu8gm79chtt7w9c3adkza4uhrjvagr9w4zp,KRSNA,6247074.263263,True,0.01726528002644513,True,0.013302047073144056,True,0.01523891375506501,True,0.020284513383557207,True,0.016321280430256133,True
pool1zcdptx4spapxquc0rpeu33ucc3x08g9wxsmm0qchqg0dgxrh6g7,,516.425793,True,0.0,False,0.0,False,0.0,False,0.0,False,0.0,False
pool1zcdwn5z04gw7m0n7qzwx9gqn8a9l3wfcvejc3wrdxfuhc88usua,MASAI,1032.212606,True,0.0,False,0.0,False,0.0,False,0.0,False,0.0,False
pool1zd5jmdvhgcqja28at800tle5qltucce5979x3jgdv0g9qcmw268,,288.527792,True,0.0,False,0.0,False,0.0,False,0.0,False,0.0,False
pool1zd728035u3406eff69h9a8gj8tg927qe62xwvg4leghwvs5hhmv,AZSUN,207.832165,True,0.0,False,0.0,False,0.0,False,0.0,False,0.0,False
pool1zdl39pvapcaj5um8nyduaq2vmn64dqwz4qlhnzurnca8zetk74s,MRBEE,172189.242993,True,0.0,False,0.0,False,0.0,False,0.0,False,0.0,False
pool1zdn25g5v2qlcnerghvj60djfzzex9q6aysr3mdqz37x7qryesjj,FLAT,14048.722416,True,0.0,False,0.0,False,0.0,False,0.0,False,0.0,False
pool1zdtqtsu3l3ytatzyvrq48d4mpnll9c5evwfq6taxkmn9vvdz839,RANKT,16202338.906055,True,0.019988384500702908,True,0.015956309035321494,True,0.016716120323764506,True,0.021172796215040545,True,0.01714072074965913,True
pool1ze57pe06f82s3v8ugjqxrny56sj63vs26sm5q879ahkkq69zn0c,,3520.782752,True,0.0,False,0.0,False,0.0,False,0.0,False,0.0,False
pool1zeamhwsgj7n5wh499krl3dn2dp94tmeeh53q6g2jlm60jag2jwm,SBP3,50000010.043149,True,0.0,True,0.0,True,0.0,True,0.0,True,0.0,True
pool1zevtw8lsd6xh45v2mfw3ay5rqtgyt5dm77daglqwjnpgjgc0ynp,,998.257168,True,0.0,False,0.0,False,0.0,False,0.0,False,0.0,False
pool1zeya2r53sxmqh2ux3ssfsrqerergnw2hjxmp63r83ntwverpqwm,NICE,351556.087553,True,0.0,False,0.0,False,0.0,False,0.0060459410908271,True,0.0020214811539532138,True
pool1zf7aswkv5ll0ej9fcg45jf6cqt2ee7tn3l2wq6zyx05t7a5srus,,15660.7428,True,0.0,False,0.0,False,0.0,False,0.0,False,0.0,False
pool1zfd0gl76h3f0ammgp4gu0qvt99qcqkn5a895wv0q779d6p9dz5u,TDSP,98759.695899,True,0.0,False,0.0,False,0.0,False,0.0,False,0.0,False
pool1zfhww5y28t303z6uyq3w47pkhfmxww9dsn89vrxteplg2zjkekl,CARE4,1005692.529312,True,0.0,False,0.0,False,0.005293187214351397,True,0.016247342009596575,True,0.012188932979455443,True
pool1zga7fc8swn5l4rha04ddq07m2rc8rh9vxqmc56j4k2l2xy4lw22,SHUA,433594.01144,True,0.0,False,0.0,False,0.0,False,0.008881664492979042,True,0.004893836733198504,True
pool1zgjk3dzwcwd02juqntuzknr368hvxjxy8l8uzkxvgu4252d7ekf,,73422640.958503,True,0.020866258950878108,True,0.016923101236390983,True,0.016923101236390983,True,0.020957878510079225,True,0.017014720795592103,True
pool1zgxvcqf0dvh0ze56ev2ayjvuex3zdd3hgxzdrcezkx497mv3l7s,RSTK,58689872.561673,True,0.020335846686614513,True,0.016433385385549983,True,0.01670802220612004,True,0.020723920454811345,True,0.016821459153746807,True
pool1zgzyp6nt5084e8renptskpyaksd79uvl4hrfvnszpxyfzdt86k8,CBOSP,16427.714276,True,0.0,False,0.0,False,0.0,False,0.0,False,0.0,False
pool1zj4h7kc6v53q9r8x3fwzfuayf2frwme8u5k86gu0uzeeuvqxgul,,8717984.789122,True,0.018269435980194544,True,0.014326781273786483,True,0.0157075705606662,True,0.020421842809742338,True,0.01647918810333428,True
pool1zk6uxgptztrxxamzd0ugrtu84xg8mjymd2xcdvxqazpruqt9r3x,OCEA1,3832590.751234,True,0.011683233958097894,True,0.007776858561300644,True,0.013817286956256749,True,0.01946257355766257,True,0.015556198160865323,True
pool1zkdaju2rjefa52uh6yh6etsxla0x6aqs6p6wm245y5szk7k3msd,A3C,1610031.280067,True,0.006109367150738565,True,0.002146638623190607,True,0.009661865283567342,True,0.017824279297796414,True,0.013861550770248457,True
pool1zkdc6ve9nndk7vxnjlalhqt4hr5h8auz5qzjk7lrjrqtv23yuy5,CLOVR,60117960.162503,True,0.021267836258608206,True,0.017248612052550134,True,0.017248612052550134,True,0.021382039235246827,True,0.017362815029188756,True
pool1zlsrcv64qzzahdky99r3e2m0wd68uav3d7f5nxegalhj66r8nnj,,104.493534,True,0.0,False,0.0,False,0.0,False,0.0,False,0.0,False
pool1zm5nqvrdwmslk682d9qemd9fn8htg2rxlprxjuh0ae5l6sqzz3h,ADVAN,291128.64466,True,0.0,False,0.0,False,0.0,False,0.0028785503126691966,True,0.0,False
pool1zm5qw9r7fz25t2epjgvzynsj3gp5puxcwy7363zy3265ujndfaw,,76830929.517792,True,0.0,True,0.0,True,0.0,True,0.0,True,0.0,True
pool1zmfpd5r5vfwjmwm4cgy53exe58h7plnecny3t4948yw7zumzp4c,ALPS,13040316.714253,True,0.019288965354765614,True,0.015329292882483074,True,0.01625716528505862,True,0.020735354688192202,True,0.016775682215909662,True
pool1zmhvvzlqp0xrhhqjhxyvfuct83wk4w85jckfkypz4fskcjzze2x,ASC,6517880.875501,True,0.0,True,0.0,True,0.0,True,0.0,True,0.0,True
pool1zmj5rkpvhdknscjrgul4cxw4xhaqfhfcjqv9kffmhd0zvdx6rvd,TMHH,5.223772,True,0.0,False,0.0,False,0.0,False,0.0,False,0.0,False
pool1zmtm8yef7725p9n7x433m50kvv9xpzjujnny9m5t960g5qm30ua,1PCT1,200499.131785,True,0.0,False,0.0,False,0.0,False,0.0,False,0.0,False
pool1zn4wnk52kmfjy9mw4z85p6wn9kzrn94l9h5gys8r2k2w57mdnhh,ENVY,613262.889814,True,0.0014446841373908018,True,0.0,False,0.0,False,0.012753048160694667,True,0.00868798422081212,True
pool1zn9hjcmfddhcp2aj9xxuvz7z40rasyatkgavr8ryyz72qdfwtrj,PLUSH,28347488.724606,True,0.020617654856288185,True,0.01660609459885896,True,0.017039498069598705,True,0.021293254384206026,True,0.017281694126776798,True
pool1znp7z30qfdgwcwel4htqmwapfm2h05ml32ttt8znevtz2vwnqwt,,607.393771,True,0.0,False,0.0,False,0.0,False,0.0,False,0.0,False
pool1zpkqlcpu5gyk0s5e9263y5n7vzmkgrtpca0u4xpxan02w8ld0nr,,37046.977847,True,0.0,False,0.0,False,0.0,False,0.0,False,0.0,False
pool1zpsk3ql6qgzkgqncrlzulf9dype3km52rcdnajn5ttddwhhc3vj,,6734.321082,True,0.0,False,0.0,False,0.0,False,0.0,False,0.0,False
pool1zqcz8zt9v07ygj06zr28lwm85s20f6w2qdcdltjyd0wuklydqnd,GCP,2771.955524,True,0.0,False,0.0,False,0.0,False,0.0,False,0.0,False
pool1zsasyr8lvmw6w2ds8h05ppxknphk45c9q76vz7wwvf9dvl0d3x9,ERBIL,1414.368751,True,0.0,False,0.0,False,0.0,False,0.0,False,0.0,False
pool1zsfyca7vnftr3ywzhwq07whjev9nau2j65mq6kehnpvvccstlzz,GARU,12.851369,True,0.0,False,0.0,False,0.0,False,0.0,False,0.0,False
pool1zsjkw3y0kyhce6esgat3r3vec9z9rwud79lpv00u84646pu7rvf,NETSC,7875.024694,True,0.0,False,0.0,False,0.0,False,0.0,False,0.0,False
pool1zst2k3wnmtq69vqzm086q9m7v7dn3gpsu9fgxy2vasew6l8nlt0,SBR,1097.23002,True,0.0,False,0.0,False,0.0,False,0.0,False,0.0,False
pool1zsyqzr04g5pr3nv7vfk8ldc3uf0xljc8yftdsqpxxqpychpxj65,AKANE,621623.48487,True,0.0017105675410367044,True,0.0,False,0.0,False,0.0128110570945211,True,0.0087677566181677,True
pool1zt2d9aa8ck62uyy985yny47hr0f6cmf2hnxzke0up0lc7zcp65f,46S,93123.724136,True,0.0,False,0.0,False,0.0,False,0.0,False,0.0,False
pool1ztk6dcj2nc3plnujf3ek6jqngtx8hcryufz56lyumemlcy2xxn0,IAGL1,5298419.483545,True,0.00016996205237850757,True,0.00012931089472906782,True,0.00015273297378215345,True,0.00020647294031419987,True,0.00016582178266476015,True
pool1ztpwatlnzskuruwe7hxwvu6xjsv6l24835pyvpx7lslccy3xx9a,POOL1,12904.708556,True,0.0,False,0.0,False,0.0,False,0.0,False,0.0,False
pool1ztz3370gwds2v7hjzgtns33f7kw0qp0zjx34esg3dvlcycnnte5,,106.623722,True,0.0,False,0.0,False,0.0,False,0.0,False,0.0,False
pool1zvm45jj5wz6kgfr2xfg75rx0auzxaedu4ulddhnrzk4uwuyuvpn,ERA,224825.355971,True,0.0,False,0.0,False,0.0,False,0.0,False,0.0,False
pool1zwqrrwpr5zx7c3f4ukpu4r4fz5c2hkwx9vwqka5068urgqvpjzr,CAR,1586426.072323,True,0.013445440013585393,True,0.009504261414256589,True,0.009504261414256589,True,0.017685757364238705,True,0.0137445787649099,True
pool1zwvfvst3jldarh3sgjn07c3vk5yw8jz6p9m9xty5cakgqed6c9t,TEST,211.872711,True,0.0,False,0.0,False,0.0,False,0.0,False,0.0,False
pool1zx0lmhdymz23e702clzyywdw522nh66eqaseaye8sue3cyfzkar,KUDOS,413.096001,True,0.0,False,0.0,False,0.0,False,0.0,False,0.0,False
pool1zx293a3jpjh9sln53uhlc34ccnppl6sze22rrcmt04enzapl935,,300.822669,True,0.0,False,0.0,False,0.0,False,0.0,False,0.0,False
pool1zxklu387uqpzpteqfk48enkuwyjvq0qawc2wvrdym540zk0yqps,,130379.542594,True,0.0,False,0.0,False,0.0,False,0.0,False,0.0,False
pool1zy0mg8thm4au4cqaz5gz4ah9ms6894e2vqkl9a6l2uq4vas3yam,,25843.549105,True,0.0,False,0.0,False,0.0,False,0.0,False,0.0,False
pool1zydxfglzuvv6septzwzfgyslcdjsytealqmflft7kc57j9tqcvz,,631.051742,True,0.0,False,0.0,False,0.0,False,0.0,False,0.0,False
pool1zyjvzvvkppsepsv4d75t2lmxt5p3cpn73pw7jk9gstxh78aa9ah,MYR,14679.7755,True,0.0,False,0.0,False,0.0,False,0.0,False,0.0,False
pool1zytydvyy3qztrs8l2xyggvkfcjctp23m2hc3aj7sudnzgny79cg,PSYA,6662623.867291,True,0.01777746408533662,True,0.013754034307978327,True,0.015598037548250602,True,0.020651939724584577,True,0.016628509947226287,True
pool1zz7x8ergn02chznayj9fjds2gk5q6prmpdr49faspd65kzqsrjs,AUTO,63925403.28782,True,0.021486496073243384,True,0.01742138502737931,True,0.01742138502737931,True,0.021594981896457914,True,0.01752987085059384,True
